gesture_id,label,f0,f1,f2,f3,f4,f5,f6,f7,f8,f9,f10,f11,f12,f13,f14,f15,f16,f17,f18,f19,f20,f21,f22,f23,f24,f25,f26,f27,f28,f29,f30,f31,f32,f33,f34,f35,f36,f37,f38,f39,f40,f41,f42,f43,f44,f45,f46,f47,f48,f49,f50,f51,f52,f53,f54,f55,f56,f57,f58,f59,f60,f61,f62
0,0,0.0,0.0,0.0,0.11915741647173783,0.12185416159704733,-0.3420433772377842,0.22342376992367657,0.10910326130987939,-0.58010532924341,0.29595401361270157,0.05610405899530231,-0.7564487767746485,0.3145666207404077,0.019426549830724435,-0.9118557187303197,0.07272204227473725,-0.4853589041093759,-0.5542669649087956,0.4969536376352822,-0.4559030799948971,-0.7555617795784735,0.7303504453571784,-0.3334661520368884,-0.8401431641285775,0.9073855080008877,-0.20741302666762615,-0.8878839089123278,0.11941469533894165,-0.6666006269016693,-0.45952094758260026,0.6131972630237814,-0.6092420381973798,-0.6725928062385313,0.8340246257659266,-0.4159299743246521,-0.7260401086883903,0.966419076604712,-0.23629777151118594,-0.7429030729214654,0.2031532248726821,-0.7543099165400384,-0.3800584677494725,0.6591569278623339,-0.7064641711929635,-0.550416007657493,0.872182201044368,-0.5239805830993592,-0.5824448240518504,0.9999972672218251,-0.36038713998079064,-0.5851555773965834,0.30965331922072686,-0.7722020369634969,-0.32476635610035204,0.6419027108030332,-0.7146916586141452,-0.4542354102089926,0.8231048929527095,-0.5676208492233247,-0.5001875822790162,0.9447214849215094,-0.45278038726734765,-0.5166358380626447
0,0,0.0,0.0,0.0,0.15677578097389538,-0.02637255660408749,-0.19439665853632204,0.31219046356265284,-0.11708898173307947,-0.3701164539205184,0.520750222303344,-0.15664382041081854,-0.5197656417661083,0.7131611370852347,-0.1799187898541764,-0.6563790050573121,0.06110505295227366,-0.4876975448111034,-0.38773403935263673,0.4401641511223076,-0.3880146672533685,-0.6155869510745916,0.6784859483527146,-0.24349878357322885,-0.7452901552666858,0.870346744034665,-0.12467956248555392,-0.8206874214719958,0.054911239048990444,-0.6058268638312491,-0.3802600719456905,0.5476601440869712,-0.5116650096191386,-0.6281969647398742,0.8068997311923215,-0.3145155032516581,-0.7040405756461325,0.9852741913382732,-0.1608626047139533,-0.7318399558384884,0.0978235047590847,-0.6506050706089997,-0.38670203462689884,0.5829697978463465,-0.6052058116773482,-0.6035042695048003,0.8401250542537163,-0.41969453401023665,-0.6419382936577464,0.9999971469963014,-0.27381493739127705,-0.6360228553237373,0.16874916144585464,-0.645322800653272,-0.4051998531319895,0.5537129846567612,-0.5968471473252897,-0.5612663035662788,0.7750667961341137,-0.4701532731647538,-0.6013579122406056,0.9315106350730529,-0.372136355202796,-0.6086937972026827
0,0,0.0,0.0,0.0,0.1189595441880904,0.06208955243221498,-0.1872716578031422,0.2915431121737593,0.03737536939744789,-0.33243306434436004,0.49707912330217213,0.030938309422738012,-0.4415868376763725,0.6759290012229744,0.06023198313415565,-0.5341747960625086,0.19426561258262307,-0.34778212392440067,-0.388581642782611,0.6019645936116462,-0.1948910863283824,-0.5480660247959903,0.7659787046482535,-0.02031596961919726,-0.6113978266962825,0.8854222023809588,0.11936047453899791,-0.6451376089480572,0.24031332198752192,-0.4878075156110044,-0.35684248058352114,0.7232898508535271,-0.3048587034760498,-0.5303256407103603,0.8839701924248231,-0.08707348618538595,-0.5604243482222733,0.9773488870021064,0.09257996964357607,-0.5625512576024367,0.31335521648603576,-0.5463181113763474,-0.3300673512905695,0.769005616805887,-0.3598020457090657,-0.47309010798650664,0.9134117698653185,-0.1513664010106748,-0.48176435185316585,0.999997494787673,0.010365206818712926,-0.46877656030984355,0.39932214983514613,-0.5394586559714217,-0.31554475058084025,0.7435303380547044,-0.3706120276363343,-0.4154380780629253,0.8686855627343606,-0.2013989250689508,-0.4307525348809833,0.9529072171481238,-0.07434021448680175,-0.4270925708713303
0,0,0.0,0.0,0.0,0.3512020277097718,-0.16739145122162416,-0.004805456502852289,0.5489683141321359,-0.3742552935455965,-0.05821336497412043,0.6974026962555654,-0.5689281503876974,-0.13659068166403074,0.6858023077264307,-0.7915356137424775,-0.2103005406686869,0.10392728725442472,-0.844238718099119,0.027181153245050636,0.30852612567328525,-0.9673089540497813,-0.06575649100575566,0.48427956411094425,-0.9108679694185625,-0.13459377333301953,0.5957491355009928,-0.8077890925183778,-0.1752851608519076,0.0034376960410283986,-0.8510425352186386,-0.038077569001796874,0.269989591697764,-0.9999981475841007,-0.15966520192374808,0.4674762030254781,-0.9093788347949765,-0.23653210196303182,0.5720104282962039,-0.7501936062257167,-0.2704112948070089,-0.05241716334741548,-0.8010201657778196,-0.11291807019691832,0.22025992603740974,-0.9598585607935584,-0.21379672778014197,0.43667020665434425,-0.8638558060670505,-0.24776478895882348,0.5515119994185728,-0.7139992545568707,-0.2481901534681558,-0.07085176006192143,-0.7002572481937933,-0.19091513972275936,0.18165708930060254,-0.8248108221069801,-0.25708286640910516,0.3870824763805563,-0.797166269472566,-0.2759872963042305,0.5205481130413792,-0.7155785134583912,-0.275761474951158
0,0,0.0,0.0,0.0,0.227199346149796,-0.24660569056202106,0.15553709409894823,0.27288139171167813,-0.48346277585019526,0.18667298901373233,0.36383685451582026,-0.6311734884640099,0.16184522165186824,0.428318341800193,-0.750093639213581,0.14266442683839525,-0.15395927899220485,-0.6252577260390231,0.125589816332389,0.023321282236991,-0.9386433516257956,0.030439630620558527,0.24642149621120663,-0.9514614011065723,-0.028643022816173685,0.4002671732990767,-0.8666237259223422,-0.04745741975041854,-0.18541300341363912,-0.6053638513411107,-0.012567653679711254,0.03017505862520003,-0.9999987091610653,-0.1362249975886683,0.30853907905346495,-0.9682348011450996,-0.18580043777639071,0.4621561674127345,-0.8466315026743344,-0.18546969196788465,-0.146033189877471,-0.5748374077534338,-0.1494775272277779,0.04615588052825244,-0.9642758921125264,-0.2393171485025659,0.30732073421422257,-0.9329747397034835,-0.2295827001880131,0.43558478585782273,-0.8260697503397284,-0.19424629503520424,-0.042974757916891836,-0.5261949419591849,-0.2779144822777555,0.131598631077308,-0.813803341396442,-0.32618153859572574,0.3202204939709245,-0.8265782467743702,-0.30314889675434054,0.43410407563166425,-0.7721177131152624,-0.2684463232899231
0,0,0.0,0.0,0.0,0.2279989815740238,-0.25940282228868555,0.1293106342309466,0.28251950811682924,-0.48071990306914375,0.14541674651426048,0.36928047924236257,-0.6246955079120221,0.10661647069761733,0.4133189521136752,-0.7406372787458111,0.07168098540432447,-0.17802944315488117,-0.6282482737432272,0.1388326725166865,0.002874085140763436,-0.9420525967314839,0.04022537719975606,0.24229515226648993,-0.9521452297397284,-0.044022325320984886,0.4169149328833879,-0.8777583953224343,-0.08653048953838152,-0.22496036070878947,-0.603516959564543,0.007928459765201975,-0.002719779415237193,-0.9999986948220382,-0.10511055008358602,0.288357764624804,-0.9799088050694742,-0.17593159778698794,0.4586455491106564,-0.8766797333424574,-0.19923069266475488,-0.19513633523038895,-0.5714718573951231,-0.12480420241504986,0.012534082547252037,-0.9657964631793365,-0.2111421455804217,0.2916041361530168,-0.941981647993556,-0.21783032829349128,0.4380179815048155,-0.8371820380445301,-0.19878934406009555,-0.08132611887252017,-0.5228493336659158,-0.2520128195389899,0.09824109150014633,-0.8137394703488646,-0.3018179778229992,0.2934134067648463,-0.8282593590600765,-0.28525154476017717,0.4149421378777816,-0.7707785703321659,-0.25983618205890546
0,0,0.0,0.0,0.0,0.2232342208782258,-0.24458036562763494,0.16170328133159836,0.2718427996899855,-0.46883073329232083,0.1873660709458744,0.3695539256409817,-0.6072068996218917,0.15402474157872914,0.43455759650711856,-0.7297858579496983,0.12445145344613907,-0.1588730580691481,-0.6334796120691106,0.13014123713303463,0.04697933700769278,-0.9471273820321159,0.03634692739228619,0.2738211564227491,-0.9428086708818257,-0.029077639994047052,0.42369456168566116,-0.844879896199579,-0.05290620113426735,-0.18627568911242356,-0.6126708179401964,-0.013540103682068112,0.05010751852284408,-0.9999986979711976,-0.12683723876987282,0.32988590193217865,-0.9589333802727418,-0.18121120985345254,0.47921815383334737,-0.8313142958566806,-0.18941063784952428,-0.14331844943764208,-0.579671327848849,-0.15478552437881835,0.07281527746009009,-0.9607480445161527,-0.2300723993338591,0.33841552815941023,-0.9224274911259511,-0.22127700805753964,0.46207508585748996,-0.8096613513758342,-0.19283566600294721,-0.03539541109527978,-0.5270620712263121,-0.28755645980904837,0.15489515790237945,-0.81604273922555,-0.3220279405931429,0.34812516827812423,-0.8231727820576834,-0.29208709617697526,0.45785575042492704,-0.7615676365666768,-0.2563311037240302
0,0,0.0,0.0,0.0,0.2478012904185543,-0.199169546338272,0.18631298732754886,0.34498975427134443,-0.4125141399181796,0.22409007815118495,0.4641683366232664,-0.5396432606162438,0.20192721559543755,0.5550073294629116,-0.6538616151713968,0.18338727451026135,-0.0480292761542144,-0.6392599406748931,0.12565128756412583,0.18004979357044149,-0.9416336538641055,0.04104618410829904,0.405959821970641,-0.9250212965611229,-0.0009956534647535221,0.5427331332041476,-0.810215957152823,-0.005301636451320574,-0.07485066217186116,-0.6321281629038782,-0.025867489856079066,0.20680136856815806,-0.999998684745019,-0.14110423373320216,0.4743998647907323,-0.924137585475033,-0.17229869610444587,0.5960395893770037,-0.766261669000822,-0.15536803426056317,-0.032006294761209496,-0.5931812965228156,-0.17175412311180688,0.22478254711032203,-0.9521088346424001,-0.24400096359252688,0.4769416757948832,-0.8826598638338232,-0.21114907746273573,0.5826633119074834,-0.7541235277954986,-0.16018148644580565,0.06980043656388522,-0.5214144313026488,-0.30663634357803005,0.2839597925583177,-0.7911519434475083,-0.3349893386876207,0.4716160474771771,-0.7801264080227623,-0.29368191124971615,0.5738952673111087,-0.7069493484407098,-0.24506292600547386
0,0,0.0,0.0,0.0,0.22668597508339197,-0.2558611363012253,0.13602442718171429,0.2702982949220173,-0.49491656210645596,0.15629293253195603,0.3603645419934861,-0.6470787131789936,0.12363597394129289,0.391145581694543,-0.7803783601236666,0.09756944935573111,-0.16811089670485754,-0.6267549056272353,0.12597827310620738,0.004738584972366609,-0.9421209379034516,0.027827874694238024,0.23026406162858898,-0.9639305085312279,-0.04352014852603615,0.391254178652023,-0.8836111502297912,-0.0707817025257408,-0.20396208122046514,-0.6097035851423386,-0.003397079067288643,-0.0030147154660662184,-0.9999986920641689,-0.12078585081563395,0.2776889688366036,-0.9882580005751483,-0.1801159528543077,0.4409455113789597,-0.873783983127408,-0.1898761921117544,-0.17461026479398167,-0.5866968168643247,-0.13384101960163228,0.008619425490552548,-0.973985920243993,-0.21317854213010232,0.27270395530530356,-0.9548503450516539,-0.20944354350581854,0.4096720043552889,-0.8496803894767987,-0.18194760074805685,-0.07839203516284378,-0.5451058582690735,-0.2586363865734828,0.09410203120271396,-0.8334226921269675,-0.29594382666445795,0.28457345463567113,-0.8478874092721451,-0.270383431725127,0.4025584748655708,-0.7914123333292733,-0.23575817276990155
0,0,0.0,0.0,0.0,0.2359977427344218,-0.12684224671677205,0.07426485852586179,0.3478394878081173,-0.3192985812135232,0.04305385245888593,0.4833548491963024,-0.45582224910799557,-0.03539762627069905,0.5040692742324894,-0.6031408443065779,-0.1082574347356827,-0.08985119354906027,-0.6355793451738638,0.03816908361055481,0.10752171664720622,-0.9511737074393268,-0.0970921565594235,0.3515380034216169,-0.8745284021282894,-0.19126888817137877,0.4652767851802684,-0.7167585216743888,-0.22659043542007845,-0.15807263066999333,-0.6249503956664773,-0.07558877741635327,0.08236058459123205,-0.999998555681874,-0.1887384585199333,0.36889301374746464,-0.8978220149459112,-0.2373039664551003,0.48010089237029197,-0.7322743895415754,-0.24585132797995543,-0.15688065526883613,-0.5856622115138761,-0.19561872459170385,0.07577953912473176,-0.9589627299267799,-0.2973373521284987,0.34331297714851555,-0.8427242411962502,-0.2760710380049963,0.4355272451431966,-0.6777703759637119,-0.2330826595215532,-0.07892128015300935,-0.5045765481781285,-0.31332390651206743,0.1278494340781644,-0.80255311628761,-0.38222642938962736,0.3268769569575337,-0.7393779895859339,-0.3457168667909371,0.40974868945750265,-0.607421702661745,-0.29834249489825615
0,0,0.0,0.0,0.0,0.27336397819913505,-0.12426796871850573,0.11239634393206566,0.40823134186318616,-0.3048176069959229,0.0828991778057251,0.5552288240987434,-0.42887078517177324,-0.004911770674815918,0.5920837712114105,-0.5854911929002787,-0.0920334308873978,-0.03973897846758578,-0.6551403909837804,0.07024309748574248,0.15124127776673646,-0.984085775650152,-0.056865776247777514,0.41952121292659056,-0.9060132554357153,-0.14717238884265713,0.5485962340015116,-0.7347554792222222,-0.18561065461943416,-0.11056747847844865,-0.6340544979846061,-0.07298855955776137,0.14539105449157758,-0.999998474349141,-0.18197278757400817,0.45850187711170215,-0.8900037782290967,-0.23375966721285527,0.5772813200078061,-0.7087611858311587,-0.252625406230801,-0.11262199275881059,-0.578204501036188,-0.2209158384067888,0.1360656257218712,-0.9677881112807505,-0.33053167292719793,0.43536915391381475,-0.8372729955487822,-0.30794245073515975,0.5364629326742929,-0.6566495173388349,-0.2704905550546427,-0.0365305333696851,-0.4926309303604233,-0.36227656933961894,0.21027521259406887,-0.780686258854827,-0.4410972644861884,0.4297398593530426,-0.6963329339852681,-0.40379200290814043,0.51653742693996,-0.542968303478902,-0.36136373226730256
0,0,0.0,0.0,0.0,0.2306327026961382,-0.11933434146228139,0.07073763057286725,0.3430895195330998,-0.31223591808590373,0.035306776551756854,0.4796920651704444,-0.4477720673332866,-0.04763362904734534,0.5156256693497601,-0.597483406545006,-0.12593582024240127,-0.08162627403077183,-0.6320206478118227,0.02710506234109932,0.1141354508320456,-0.955572747403602,-0.11450487158414062,0.36046644125511296,-0.8704395653235841,-0.21093548358507125,0.473358654332521,-0.7049919530000839,-0.24769709463002845,-0.15782552593359508,-0.6233573059646881,-0.09045691733971675,0.08879413587925677,-0.9999985290501869,-0.21919041130875452,0.38472834001493844,-0.8844365768727681,-0.27351746819292583,0.49779169555335157,-0.7108673473337599,-0.28285845352423494,-0.16699006443971323,-0.584408981743538,-0.21457318147356136,0.068294565647429,-0.9695670629329726,-0.3279888388531291,0.3449673521303373,-0.8481871219169305,-0.30971175337745843,0.44520580717262076,-0.679105910531811,-0.26664597125418094,-0.09619758163794703,-0.5008893127247354,-0.3363456235204972,0.11565679508581647,-0.808269304587082,-0.41799142725577154,0.32271988430496545,-0.7460713164923355,-0.3872276054602502,0.41298271533561937,-0.6157194160765267,-0.34208406881519277
0,0,0.0,0.0,0.0,0.22459805193665083,-0.14238044063547137,0.07581024036837947,0.33270274182355963,-0.3500072265477642,0.05167980537189911,0.45939615996799055,-0.4877200712499304,-0.018483640077320073,0.46678071112596253,-0.6219711662505636,-0.08233457925404525,-0.07312786855413247,-0.6508743487174975,0.05354517041133496,0.1005598446054592,-0.9680510560439158,-0.06691347003195834,0.3389172464410755,-0.8958944150142246,-0.15809305638973023,0.44930177329924287,-0.7466111301908457,-0.19744643021028543,-0.14005792560523922,-0.6356832122877449,-0.057839394677908745,0.09583299817180703,-0.999998650294036,-0.15898616818323205,0.36681542296695824,-0.8929377929235075,-0.2102758127346609,0.4587773482250596,-0.7360817169360476,-0.22700864879241572,-0.14442938970992653,-0.5910362507405041,-0.1749114295751074,0.08198740721870454,-0.9557862024720992,-0.2651098379043489,0.3359537560387941,-0.8394820055890283,-0.24937693951673978,0.4167898612745182,-0.6824796436157321,-0.21765714594285163,-0.07391686961611837,-0.5105510227040511,-0.29005604831060433,0.13001172773446545,-0.7867808576465273,-0.35035332760919335,0.32082705905341075,-0.7290394751860542,-0.3171226663886444,0.39364910170520934,-0.6097706716743716,-0.27855205885237394
0,0,0.0,0.0,0.0,0.23360795860040964,-0.1412015922889166,0.05629863479786898,0.3551157250790416,-0.36872757422486374,0.01275323357849292,0.4892438128305316,-0.5404654049728758,-0.06733243790489164,0.5297682138466938,-0.7074082444614114,-0.14377916988510883,-0.1395924881698055,-0.6813867817835986,-0.001105068593023872,0.0021321994908776736,-0.9557060303289073,-0.12429073943862434,0.27670315292998043,-0.9591032085786496,-0.20139444365753753,0.47544364736493816,-0.8707379228185582,-0.23729141670956425,-0.23021002321281434,-0.6558780876137208,-0.11296281524458712,-0.05059731336438361,-0.9999983340766817,-0.26267226629114476,0.28639183643593713,-0.9990321889399377,-0.3285041117534322,0.5022041262356843,-0.8872392086050477,-0.34527943179433185,-0.26440509931639894,-0.6005654189974836,-0.2276008217408311,-0.0925760148389538,-0.9714055816016222,-0.36870093273325083,0.24647632319875604,-0.9774865528863126,-0.37326220422596657,0.45867083456742064,-0.8824922273327105,-0.34279922195717494,-0.22410148466301633,-0.5016739311450337,-0.33808786340021757,-0.01783156458215323,-0.7901915624303376,-0.45461887588626404,0.2445566187905626,-0.8210071226967185,-0.4559214508837648,0.42473417830153964,-0.769613722322218,-0.4284122743852433
0,0,0.0,0.0,0.0,0.2096840566676771,-0.1715937751314804,0.04924245531073454,0.31206013795626575,-0.4072535278513078,0.023315137383334225,0.41699766709915603,-0.5805691559328201,-0.03951958608995817,0.43817788631159654,-0.7694239053686418,-0.09720585745387111,-0.10022292450179224,-0.6348200345958112,0.03220580092230485,0.0024825843604070396,-0.929631643483483,-0.07860979319253465,0.232507221668761,-0.9511804163440245,-0.14649929654245974,0.40273481558762453,-0.8770797578374928,-0.17189625638173162,-0.19157209024317087,-0.6227858409679442,-0.0661130188854324,-0.07456477846492514,-0.990110860461911,-0.21236878529433958,0.2248592967957277,-0.9999985347620469,-0.2769803882183526,0.42360752830836756,-0.8861132741241597,-0.284011793579453,-0.23641799508305308,-0.5849693982856861,-0.1704175331205877,-0.12303683199417978,-0.9568610551178374,-0.2939343582071757,0.1719000589333501,-0.9607144494452096,-0.30279307351595774,0.35651862479070345,-0.8708133196336711,-0.2725991412253117,-0.22806593187167526,-0.5145037311360315,-0.2729681097146043,-0.06992912465270938,-0.8099673612081371,-0.3610189604766955,0.1539908843502871,-0.8360952166426106,-0.3559094925224514,0.31313365962509443,-0.7799629458408036,-0.324632584550558
0,0,0.0,0.0,0.0,0.2540430701049672,-0.2560240042365108,0.13651430154073524,0.3337418102410282,-0.4801538871366334,0.16050931939673083,0.45042728535890314,-0.6311293158630961,0.1303261770034749,0.4664535788690759,-0.7424331206996208,0.10574425374414047,-0.15024062138986324,-0.7024768692217755,0.1927188643400064,0.08852852795749738,-0.9525897717392522,0.1197012112090444,0.3017907709258638,-0.939298688661486,0.046129041266308804,0.44557613964198134,-0.8593749717331559,0.006366881627410557,-0.18898974054232998,-0.6941699729245675,0.06620446942077027,0.12019350731177882,-0.9999987351983785,-0.025177555177593052,0.3595898098583978,-0.9455108525636235,-0.08969701718689935,0.48815629109440106,-0.8197585507438258,-0.11261727471219703,-0.16568424065107967,-0.6653882849825752,-0.06456736675216689,0.1271048953902742,-0.9524479479676324,-0.12480627871415395,0.3690111300248251,-0.9025414914490485,-0.12917104899422457,0.49455809363973297,-0.7914394061909485,-0.11650242620951957,-0.07128181497789408,-0.6050990279375397,-0.19113053774063252,0.17509647655731825,-0.8166580852025832,-0.21546372754801327,0.3622402275800379,-0.8069736795839246,-0.19609832762002005,0.4785111438034878,-0.7499532672928427,-0.1743859657241209
0,0,0.0,0.0,0.0,0.24944010246404325,-0.27538174571421975,0.14299239676211728,0.32464505768990565,-0.49723745899385347,0.1670682399699955,0.4323161336914574,-0.656861917272616,0.13258594034538887,0.4510908108715456,-0.768360970378892,0.10219433679716965,-0.16195223622107183,-0.7105755073138664,0.21913411194990776,0.05970997533001995,-0.9568126626962713,0.149167956202639,0.2723604121173683,-0.9443492784190123,0.07330658673786555,0.41334750616985527,-0.8728606891289094,0.02960649385175263,-0.2056870662376696,-0.7019761574089473,0.08527624440124872,0.08583196099489626,-0.9999987455872117,-0.0022927277666976082,0.3254259433363091,-0.9492723384803275,-0.06859010282649122,0.45600850626940537,-0.8333576252761513,-0.09538012461008165,-0.18928149546992598,-0.6714434463888614,-0.054364566795647745,0.09376807400529012,-0.9523253366761116,-0.11973695842212398,0.33701040134059945,-0.9075217049461927,-0.12481433199966584,0.46583739217703235,-0.802585467082319,-0.1120510873351126,-0.10216035163926761,-0.6120856696261896,-0.18962301806170317,0.14969915796659347,-0.8195837490469654,-0.22112490133093615,0.3426555974412077,-0.8120536681605464,-0.2025855964234329,0.4627252892222018,-0.7550878957639927,-0.18053623147061826
0,0,0.0,0.0,0.0,0.2733960816993243,-0.26012117140887536,0.15649036233837446,0.35245670043207405,-0.48146277025009976,0.18456360499325372,0.47667891530071144,-0.6292886887022102,0.15218451439633138,0.501300617374631,-0.7576802962746852,0.12189783254927787,-0.1321355345743605,-0.7097626067367331,0.2229749795043963,0.1138403572346008,-0.9470306211660886,0.16854034222790576,0.3313259853345477,-0.9267478514145673,0.10170098328539934,0.47468963015549104,-0.8541240894024336,0.06154797148503518,-0.16506502030833883,-0.701020608415272,0.0836274969703135,0.1443529239010211,-0.9999987236245003,0.010301292177876661,0.38359455142649523,-0.9410743676114373,-0.053886969196987114,0.5105707865741972,-0.8218791717064688,-0.08264871216676324,-0.13610741000887436,-0.6689945478418985,-0.0584141515485091,0.15359292820996154,-0.9717519092219224,-0.10106694552313583,0.3939241054986021,-0.9111424465603454,-0.1015023964505473,0.511372115181915,-0.7985259356164695,-0.09296746317589694,-0.038130323698547686,-0.6047894720605916,-0.19528585924325506,0.215582044718383,-0.8211929489739506,-0.20266490281873506,0.4015277120397928,-0.8029333951147343,-0.1736031038239065,0.5066418951578511,-0.7391533666068841,-0.15050961673218882
0,0,0.0,0.0,0.0,0.26189608155243793,-0.2907807616608601,0.1973293675130002,0.3261167285882184,-0.5084006240037791,0.24238217037761706,0.42782409321144604,-0.6647105431539492,0.21472593647408625,0.43506569867364386,-0.7924009417104374,0.18556941496479026,-0.13857314938090326,-0.6971849552229484,0.30473526736060985,0.07090661654436907,-0.9430098384897203,0.26214921268782276,0.2721339190001792,-0.9430791073759732,0.19370683862798338,0.39583805277564316,-0.8804848314251426,0.15154695836496454,-0.18151659215787072,-0.6903690230290587,0.14364121982306108,0.10348363268711064,-0.9999987544061449,0.080413983647418,0.32468049428536294,-0.9543542519635916,0.007329765933159477,0.4331287683698343,-0.8399258939581755,-0.028463163122367952,-0.16175331768901263,-0.6679253841808345,-0.02064359307039735,0.1110394724055419,-0.9812748473253884,-0.05453723543410126,0.3409509612641727,-0.9291820092302745,-0.0586112881344061,0.44867128097596387,-0.8190914388989015,-0.05360055564331873,-0.07859056286861979,-0.6137646879352795,-0.1776234293079577,0.17375250032160489,-0.8324782079911366,-0.17733159793106706,0.35818035314635177,-0.8284751271300091,-0.14947280079331277,0.45980404570654926,-0.7765945688452048,-0.1291257336451097
0,0,0.0,0.0,0.0,0.2831407904970074,-0.27377758378301253,0.14403538248639616,0.3712061280773124,-0.4885560693486948,0.1750706448809293,0.48005368484303385,-0.635673646907594,0.14862583657420472,0.4944113995502794,-0.7636921683734168,0.12495222246911039,-0.089856846690103,-0.7105381622071619,0.2238808509138854,0.14065122858899193,-0.9414809779716736,0.16170513888338028,0.3477209628333155,-0.9309908500412817,0.09305376878422894,0.48431840408964055,-0.8607554280926512,0.055337713690156706,-0.12977619451014472,-0.7092548072536736,0.09731436304097535,0.15753462627703554,-0.9999987530478218,0.016426220972938936,0.38609674688002976,-0.9489980659128094,-0.05180192075354494,0.5128202259210933,-0.8340421795674021,-0.07950583576255174,-0.10439108123371478,-0.6827452068764849,-0.034378894957841646,0.17340966833561397,-0.9650779453057142,-0.088509713123329,0.40863844147020256,-0.9120810046317543,-0.10592851405610663,0.5349903741272684,-0.8064154873415467,-0.1027425911441929,-0.01569803911529166,-0.6226451079871502,-0.16120062819150777,0.23017235313136186,-0.823791654088583,-0.1781232690263309,0.4131836600273129,-0.8145837476685196,-0.16531025153557258,0.5269340831196578,-0.7615654388038418,-0.15002144114408394
0,0,0.0,0.0,0.0,0.26392422376570207,-0.18742145056338175,0.21359653625622033,0.3657765709603,-0.3957018599160438,0.27289926205977527,0.4946231037557895,-0.5124025423407709,0.26327245618965217,0.5488231690739289,-0.611814792285609,0.2589217956465371,-0.0545611320135873,-0.674396765878223,0.23592700012217335,0.18143894138461952,-0.9417143276593498,0.18911725366083995,0.3806572018880147,-0.9150786800525539,0.1649709831136214,0.4810392386679961,-0.7880850282841402,0.16914662566550523,-0.09977586525267262,-0.6668877971682035,0.07541283345061284,0.20713070641185724,-0.9999986637931091,0.006149470887488622,0.4453267279576079,-0.9024008466681718,-0.00034882068408184874,0.5331622645352506,-0.7387184063570548,0.027744876612425442,-0.07647207038747639,-0.6275095455825459,-0.0848536698211832,0.23390730423024886,-0.9567444506323619,-0.13953627905485033,0.4667087894392235,-0.8584140269125029,-0.08765907481669032,0.5391174955970632,-0.7123801698691463,-0.024991043245083167,0.01804947203174787,-0.5513759627776555,-0.23363983908716654,0.28670961494265074,-0.7976259578634577,-0.2534840519259225,0.4599242239780066,-0.7553420293137105,-0.200640505461548,0.5234131850036768,-0.6604282594304062,-0.14631578711336274
0,0,0.0,0.0,0.0,0.2533417343057645,-0.20938198852553597,0.2474454584885035,0.34869494321241645,-0.4150102885324835,0.3174571668865531,0.4756138576245825,-0.5313201462163997,0.31001547687053177,0.5149647779879578,-0.6269110184660248,0.3064128023857782,-0.06168754105991954,-0.6856340875380312,0.2762552259359069,0.16893857904950121,-0.9442213524512049,0.2423090173389638,0.3613042844635177,-0.9204917896627604,0.22524388704060505,0.46055165644199314,-0.8019057930799973,0.23295170866454099,-0.09944478306159317,-0.6759931462731479,0.09624744071318371,0.19013067437861622,-0.9999986950321582,0.041242017858489355,0.42170149752586444,-0.9156505414749295,0.04586180083496998,0.5073199599011871,-0.7605448848712258,0.08222893979302308,-0.07219548100012653,-0.63656704946697,-0.0818813709640355,0.22726029225512168,-0.9453739088250691,-0.12313080763675766,0.4506817245432649,-0.8511761925682418,-0.05260287372882856,0.5157096975872558,-0.7129822118142737,0.023758171691336025,0.025151673184587844,-0.5618130803829227,-0.24743985885846273,0.2864665051186117,-0.7972011400609371,-0.25147832725414526,0.45111823793903183,-0.7531894358080834,-0.18012746311721983,0.5073822633990505,-0.6564910624918816,-0.11114760292730819
0,0,0.0,0.0,0.0,0.25703839079114127,-0.09011065714821498,-0.009311441716279954,0.41090480859096346,-0.2524884923795743,-0.09580684432430008,0.5794905670933956,-0.397480683584457,-0.20641136098363774,0.6113950862775577,-0.568660964612666,-0.3020873777366049,-0.1488991307838182,-0.6012389401706169,-0.09941708373911025,0.12042990856419931,-0.9282020561352158,-0.25436951154112114,0.3955236340531155,-0.8335583765014097,-0.33243243118817206,0.5216620221617818,-0.6453030521669562,-0.35327729136352953,-0.21942520610189536,-0.5989329355418256,-0.1741023077226758,0.11104261662747232,-0.9999984400492821,-0.32414379457557707,0.4296618191861286,-0.8806790766661522,-0.3630319020086167,0.560720632235362,-0.6987268641935027,-0.35945085841064617,-0.21592333523653306,-0.5577348020816562,-0.2564769799663873,0.12029020565081844,-0.9688600786063901,-0.3972363123662923,0.42502861041822937,-0.84979703868846,-0.37329660262562225,0.5434766901988969,-0.6708567838361786,-0.32471041657500666,-0.13492502725308686,-0.4612861887010617,-0.3391152978745856,0.17241961555896015,-0.7367704779754397,-0.45163039715613856,0.4205732729803119,-0.6767753291424132,-0.4381221249705241,0.5414356794490643,-0.5643676918523012,-0.4032536260051317
0,0,0.0,0.0,0.0,0.25304757653309123,-0.14263679557499903,0.11139429518626827,0.3510003179408729,-0.3553876171556359,0.09787511901910217,0.48373352910497247,-0.48306003116272656,0.03350273694181975,0.4908207377454129,-0.6025199383630443,-0.022296167970624507,-0.14964051379817517,-0.6461636427545817,0.059507455826411405,0.1144873603148701,-0.9506840049256502,-0.0538986671355515,0.360072085652187,-0.8953899139185553,-0.11210537087712472,0.4692790094072605,-0.7290916896659073,-0.1192060764917993,-0.2039206057545049,-0.6298510646182146,-0.06618804810989772,0.11613225446784428,-0.9999985611332671,-0.17039358176333844,0.39655606866800214,-0.9063497786084801,-0.17643290419212862,0.4987681506849399,-0.7412274098934819,-0.14711757263903907,-0.17652918801157208,-0.5845551333251913,-0.19614390037226367,0.1525053886245797,-0.9434885310407373,-0.2772633312954251,0.4203812406216262,-0.8440721022754384,-0.21435463121546366,0.5004741510755112,-0.6916713232414679,-0.14298068035371356,-0.06954524485792674,-0.49819456680136154,-0.32232909576016583,0.22273030637086746,-0.7694725568183945,-0.3646479311574571,0.4151141831117455,-0.7192871402414855,-0.30448090715259035,0.4781673297610725,-0.608472500654839,-0.24186395183578127
0,0,0.0,0.0,0.0,0.2384527394707634,-0.13642259752202962,0.04178850575210145,0.35259322136688903,-0.32128528608042356,-0.01176522639182393,0.4972118739547504,-0.45890477099897947,-0.10138784348765313,0.5202633977730151,-0.6013746994124153,-0.18054211596780928,-0.1927502553454512,-0.6296888755786758,-0.018674637560126293,0.06643798959681944,-0.9666629293901844,-0.16326654579336256,0.31995635772556164,-0.894042781217838,-0.2519848385115104,0.4389501831238883,-0.7249817567692846,-0.28155671160280993,-0.25908250795658905,-0.6167113881296816,-0.1125101418782472,0.0775721145797696,-0.9999984795609617,-0.23437042060664706,0.37351514293400123,-0.9028617487937042,-0.2674504189604121,0.49508408420817357,-0.7360325291980623,-0.2619764965478179,-0.23984768830479314,-0.5685132211415513,-0.2134416115221474,0.11295859297496279,-0.9606428540363344,-0.3279206013040817,0.39898636036075025,-0.85550290736194,-0.29504283314834406,0.5085742838890029,-0.6978940118241334,-0.24198210154098415,-0.13964446034307937,-0.47612850354256275,-0.31220086240106026,0.17674964620212663,-0.7415167375741233,-0.39480401390036557,0.39618141890471287,-0.6815443596121542,-0.36013691857124536,0.4959775583387371,-0.5703326585471968,-0.31121939117334924
0,0,0.0,0.0,0.0,0.07258471714782587,-0.17789950894485354,-0.014172302410961008,0.2794336927472248,-0.3492911774103558,-0.055055249739261805,0.5024250409292815,-0.39523188198291975,-0.10126866142941957,0.685089786519544,-0.3895544883118032,-0.14039890296289115,0.3009000168506888,-0.5688120556791151,-0.07758486250900667,0.6589901470047675,-0.5127770597178521,-0.1593257433099991,0.8404558112844924,-0.3925182287626505,-0.21097897753377015,0.9613464593107305,-0.2811124183135233,-0.23898546252565037,0.29640572025876644,-0.541598051279921,-0.1094019149309878,0.6693764365719156,-0.4869387843821886,-0.18147595788404117,0.8601516691324064,-0.3732597229473835,-0.2097129530892119,0.9919635652206611,-0.25150516387811656,-0.2267823231031915,0.3083899636984155,-0.4593204375877366,-0.1453429283684272,0.6620526670724305,-0.4392730146368628,-0.2093468701981511,0.8625066596644219,-0.33997674053802485,-0.22860256044239247,0.9999980317731975,-0.22517980941945256,-0.23659785829592134,0.34042805311034047,-0.3343661873499021,-0.1822287565225849,0.620734514217779,-0.3304483202677465,-0.22006925389205062,0.7966795476090119,-0.2858526081083501,-0.2291136599057053,0.9339793435725857,-0.22714830417047152,-0.23338752074941319
0,0,0.0,0.0,0.0,0.20601452496308015,-0.1674162574591252,-0.0020276293455204963,0.40104280308161644,-0.3444253737816375,-0.056758606949780833,0.5973196231178117,-0.4075156777372632,-0.12157076848523536,0.7725999315856742,-0.40076083607800755,-0.17940996654339456,0.2804045351045351,-0.6831655239961449,-0.10362240993702435,0.6391848079223068,-0.596899818731197,-0.21475235931229547,0.8238817926008374,-0.47786730175417474,-0.28836784796002174,0.9568162142315388,-0.3648475473459338,-0.33264258596791474,0.24579317886062255,-0.6371223401517094,-0.16305293668827495,0.6297043371443174,-0.556381421970011,-0.26331879273255193,0.8388556982980093,-0.4339088109849184,-0.30111106197994714,0.9999979095796181,-0.3113574847304799,-0.32368524310183516,0.2293356133775591,-0.5225859072850377,-0.2248933437146798,0.591324553573561,-0.4848275289015319,-0.31258159307163047,0.8037584691727124,-0.3840722644859336,-0.3241051409375231,0.967525976418103,-0.28169400771626646,-0.3265173730143535,0.2303131529828676,-0.3621190524556212,-0.287418561124518,0.491477583000012,-0.36760803296898015,-0.3401559849042232,0.6598771739069856,-0.3417631965836231,-0.33795261150604916,0.7971897469176287,-0.30187078401427564,-0.33261121822900247
0,0,0.0,0.0,0.0,0.22905381596529445,-0.17034967501771722,0.03483180968479849,0.39842470671261837,-0.37564487951215314,0.007324913911098109,0.5536438453825234,-0.4926667399827107,-0.03953759069152273,0.7012725801300178,-0.5423450303666829,-0.08385747758880056,0.252355631837003,-0.713316733742566,-0.029943043817999834,0.589329265896792,-0.6462849179925578,-0.1339968638869643,0.7982518046327379,-0.5401187698523344,-0.21499508147468177,0.9455101053575112,-0.4328816434242342,-0.26581062384856574,0.2150513980639151,-0.6952940467891304,-0.10151914532284184,0.6092697009178237,-0.6252675242110958,-0.19088439188695944,0.8348036239034733,-0.5070313613554752,-0.23351524308315122,0.9999980131548551,-0.39474784113159334,-0.26000728578656673,0.19361714758169266,-0.6073109185187465,-0.17525322781318797,0.5743230167954141,-0.5737425852884249,-0.26156505085526044,0.801455916819037,-0.46183290381173775,-0.2811065113805928,0.965389669826216,-0.3558565320530395,-0.2869176062931315,0.18877669520711052,-0.46411856936657453,-0.24698391861227859,0.4711803528065935,-0.44470779104842656,-0.30806443881718765,0.6360643496111875,-0.38403101195347983,-0.31058668831348585,0.7584940967977174,-0.3182817559126541,-0.30512003309247027
0,0,0.0,0.0,0.0,0.15928772029829855,-0.10777842904312097,-0.025059124877112905,0.41596174216353415,-0.24700460051590495,-0.05516517370836133,0.7057977572265145,-0.30899108940690684,-0.08956785469879731,0.9123188075589408,-0.36628118918133196,-0.11570127115979557,0.26498868441255835,-0.5640181902034515,-0.020634600434215784,0.619148786676998,-0.5659276010431288,-0.0930474463590639,0.80696688925142,-0.46013867006125214,-0.14770190959172266,0.9371005795542271,-0.3674900619650433,-0.18312962371909952,0.25553713152429686,-0.5875565390432034,-0.044662303435263735,0.6266143085482772,-0.5900157690709731,-0.135152965398742,0.8288868938721556,-0.4903111105387902,-0.1966248158451586,0.9660883114959402,-0.3710781976257544,-0.23309208792369507,0.27619537217526374,-0.5575465543539413,-0.07780093160636416,0.6256398139602158,-0.6064178601823872,-0.16818243045435116,0.8500418073747139,-0.5216404931803579,-0.21876225367032434,0.9999979855463043,-0.41021539396301177,-0.24096316392052877,0.3356939341180245,-0.4973139395940153,-0.11079526094501527,0.6118267494080764,-0.5382614733546152,-0.17546603005939862,0.7927084821133861,-0.5077370453358128,-0.21084193363789075,0.9410608746500905,-0.4495015981592864,-0.2302035747791233
0,0,0.0,0.0,0.0,0.3164202638541206,-0.05449176402282172,0.02476237188807176,0.56430860986552,-0.2115507843669648,-0.03428974086938105,0.7998658172192882,-0.367287206132292,-0.11890633316100248,0.9140722923219927,-0.5860109361515389,-0.19767512887497843,0.01826679011929292,-0.5438638939147366,-0.10021163058651165,0.29443251622805183,-0.8347351422165225,-0.202036952430613,0.582665505306318,-0.8018421623997446,-0.22943399065631595,0.7459415000944692,-0.6743011535777113,-0.22679618517954184,-0.06318602005456164,-0.5839150360220811,-0.18569012579937277,0.2713123923685666,-0.9705340929818062,-0.32432928236400543,0.6256561066543899,-0.9066761032708162,-0.3665995973457258,0.8194932035481032,-0.7233494788990353,-0.36912213651209513,-0.06781370992920477,-0.5727397513327094,-0.2702785601780239,0.22970287901853306,-0.9999980354562161,-0.39147027615020025,0.5806364669553908,-0.9421065519855968,-0.40341962351378735,0.7644095195769933,-0.783473967201279,-0.3854350345963489,-0.003452397981276569,-0.517914205348939,-0.3501771852888436,0.28343070916546326,-0.8407081619182429,-0.4384466181866636,0.551878173855535,-0.8395672376816167,-0.44578598643568246,0.7123720863387649,-0.752881512659287,-0.4345742263627515
0,0,0.0,0.0,0.0,0.31088226118980444,-0.00434871709622351,0.1187232061885419,0.5789182747131036,0.16979045756175923,0.11231034833719362,0.732177954575884,0.37323453654958083,0.0643513911856482,0.8158655157565802,0.5607510937568552,0.02648574630161121,0.772593106633111,0.1891532756727222,0.054034272903051704,0.999996474456206,0.5748775160070088,-0.005457646664251089,0.9259576457498484,0.7790622291442729,-0.0242527116404192,0.8261139843246934,0.8424862123100237,-0.01758777918220733,0.737082803967894,0.2527282435558442,-0.05028010760039352,0.9397704883973617,0.6984620269999253,-0.07887744508873697,0.8266950180665601,0.8593439659592176,-0.05861007144197886,0.7319167520655259,0.8769324772349363,-0.04031881338315689,0.657996021356611,0.3360138617746035,-0.15144855288103615,0.8432543746403649,0.7872581671251595,-0.14573004611162735,0.7226382841312123,0.918224118166422,-0.07720854912176167,0.6276442055974848,0.9179032362409861,-0.03413846424769242,0.5411588566268387,0.4373833934558629,-0.24981412435643638,0.6656683985534612,0.8058532431833523,-0.21867117547098075,0.6000884965180249,0.933205332461233,-0.15314013070316976,0.5484895481584899,0.9430797539911826,-0.10750496704356424
0,0,0.0,0.0,0.0,0.2681313946441962,0.06873189466601136,0.11141725127801519,0.5212391148715898,0.2409324036842144,0.1330518326315536,0.6792276049185432,0.4107570022996105,0.11381260456216429,0.7857908859653506,0.5650050407726578,0.0986962916038049,0.7021548833298922,0.20207449620034035,0.18891079435351263,0.8746139196381603,0.4372402430990634,0.18915049695858746,0.9555269491659569,0.6160326161820642,0.18172100107995975,0.9999967461603997,0.7346305074337596,0.17945388111359,0.7021023245184836,0.23877870456617262,0.0997275946374873,0.8620153204163863,0.5467352779195153,0.12027981115082609,0.9010523593843461,0.7463817655225297,0.12918469929149645,0.8968230235895612,0.8907826391566463,0.13538524506554175,0.6432494499857715,0.29990208096294435,0.0051192609378556434,0.8060783932251053,0.6255713616488824,0.035326098748299326,0.8264661695088388,0.8196207237247911,0.06654666910358786,0.8082600687584448,0.9531419233973337,0.08226094763519362,0.5373729244784391,0.3813918513225721,-0.08845305370812967,0.6555365752181648,0.6456206087617168,-0.04174473741971532,0.6755269603411006,0.8160069660385332,0.003868675097347092,0.6712070527200139,0.9387803736379069,0.03208648319140878
0,0,0.0,0.0,0.0,0.3063527056064387,-0.010136391763264906,0.1388370609577557,0.5662324244997169,0.1120494969996358,0.1392008210873445,0.714962662735847,0.2750441906781733,0.09450271270203069,0.7874855397558822,0.44397239435296376,0.05576231176832441,0.7565831741197648,0.11560604184249858,0.047837589628819635,0.9999971616976352,0.4534415559555574,-0.006819903516898921,0.902794381652955,0.604140664528881,-0.01892947960546523,0.7808575622622775,0.6151147735710769,-0.005245105221598349,0.7025319482972567,0.19492717200439302,-0.06656395078408363,0.884934809238721,0.5890837463886733,-0.08788744417886617,0.7424825233434501,0.6707524473732235,-0.06317689915045575,0.635067264627604,0.6039652290124977,-0.04320035602420271,0.6013393213688876,0.2852713030737049,-0.173265693841852,0.7638492835013136,0.6847258777943596,-0.1564803996279596,0.6287497251017559,0.7300135328339036,-0.07699171649412871,0.5332923338926855,0.6458239402103672,-0.030702280458804472,0.47351450032709413,0.3786093841838228,-0.27480388390585536,0.6001586420353874,0.7183290537499586,-0.23756473497340896,0.5047873614124686,0.7500328907061014,-0.1575105334646982,0.4266723715727105,0.6657984664414448,-0.103174658441578
0,0,0.0,0.0,0.0,0.30469956924908737,-0.015151088035032385,0.10919051992350266,0.5691319939053613,0.12077298824861608,0.09110570977000253,0.7097741630220334,0.2953591863903564,0.03350299073652789,0.7720034280536165,0.47788411933727665,-0.015510884207548573,0.755197722176902,0.10870083567609672,-0.007785209949300413,0.9999970855768056,0.4596302102803369,-0.09121415479244466,0.871516574737947,0.5929110237048255,-0.12135014165448692,0.743531320116058,0.5851135611263908,-0.11750238432043161,0.6999317491331227,0.1768055140357951,-0.118226529338834,0.9001276532028909,0.5890131609814043,-0.17003680479187147,0.7388547881563806,0.665782304297263,-0.1564047189065236,0.6279293817631624,0.5845800011578105,-0.14019972399150474,0.5929485891755094,0.2618898720011787,-0.22306356092779137,0.7682850978802613,0.6852673619419679,-0.23861375494615866,0.6133814258169825,0.7325321937281132,-0.16269207127761198,0.5163257991963034,0.6466755070567852,-0.11317259468365316,0.4572318829756938,0.35401178432993785,-0.32342614324662006,0.5874338912225389,0.7184182601102738,-0.31016181897643824,0.47586730955859624,0.7491595830468764,-0.23105486567778383,0.39458883319882065,0.6605015979697776,-0.17466789990333734
0,0,0.0,0.0,0.0,0.1276583225760581,-0.18027213497688352,0.0022477235466644456,0.4313634578066053,-0.28444585064700734,0.007594175681832422,0.6920324267387647,-0.15785835191013725,0.0017816268986761946,0.861033413192278,-0.030623652990192814,0.008807934411430747,0.5245637805055369,-0.539344518253528,0.09149519415787158,0.767370818147661,-0.3291849689236802,0.07848301784605881,0.8023130133435309,-0.15953115980046786,0.05601686651365952,0.8060624087098655,-0.03806366747612922,0.03165431304604889,0.5555465166751256,-0.41327098094106174,0.05847881875044611,0.8265116288030219,-0.2682867295918968,0.008640667649084383,0.8784321271808926,-0.11573883992273112,-0.03448855464182568,0.8762860382105608,0.0003582327192341926,-0.056590449162178535,0.5727900689320118,-0.24630176743780813,0.0136591858156497,0.8625385386873881,-0.1752565461730975,-0.04688684046023172,0.9610230538578511,-0.055686572212932474,-0.08685946617090447,0.9999984146273518,0.02538434591608577,-0.10651061799188016,0.5935721024351241,-0.01509609310073828,-0.030911681615868165,0.808458721958892,0.014408590555555382,-0.07796725552297883,0.9104882385701546,0.02746532743625865,-0.10664553404698082,0.9942465635624439,0.03747221968143473,-0.1263142207028188
0,0,0.0,0.0,0.0,0.18049824957246347,-0.13869420702411384,0.01248454234315494,0.4682964248250316,-0.18592781966104033,0.0054168842154088594,0.7054913715654323,-0.05333697564577683,-0.012899958255066209,0.8667846567599649,0.06188229004384967,-0.02078922459757908,0.5041262068854829,-0.46119080142263574,0.05019563701141417,0.7959553165339855,-0.24619848240657138,0.01782326285748309,0.8883115627914021,-0.06136898603543883,-0.010499995243947274,0.9384104548354187,0.07554336071938428,-0.031155583721152725,0.49067820296260994,-0.40304221439838817,0.01272456494571173,0.8006374747055722,-0.22293655772675544,-0.054297138585947334,0.8946486579739047,-0.04162767257356821,-0.10532266810718155,0.9225319970120927,0.09948263527678357,-0.1301095380376338,0.4819956200711694,-0.29672057722347994,-0.03152362860674615,0.7985230389278065,-0.16486862846685899,-0.10208742130412098,0.938318074141342,-0.013583468888590591,-0.15566944500710458,0.9999983189903917,0.0994610430429728,-0.17961543269520142,0.49345092633265747,-0.14461784349283396,-0.07269532492840602,0.7333552725833915,-0.05816101132583704,-0.12193291979902804,0.8563519506760762,0.022267604817729846,-0.15718244188705907,0.9426248981697496,0.09520076004753558,-0.1777675432747214
0,0,0.0,0.0,0.0,0.2174563132392242,-0.08329780562229536,0.03215900925058351,0.5013115003517506,-0.12958534242498002,0.008736844397167777,0.7311214891582022,-0.005510438436730042,-0.03477486339385522,0.8913414304840157,0.1220067159177543,-0.07105564741821423,0.596449403587532,-0.46618342039551885,0.02705481645273217,0.8689446323944684,-0.21629282051283819,-0.03655474421628407,0.9395406562346745,-0.01133011913956255,-0.0847548046289297,0.9703442741878312,0.1411821360693192,-0.1169901678460678,0.5736587493729722,-0.4543425924527945,-0.03662969425437832,0.8929699603529743,-0.21005056609601055,-0.11587419868655414,0.9638380840008711,0.0054771562900071385,-0.1543402745102339,0.9837037696155041,0.1767534997900931,-0.1713240679084143,0.5383519213356338,-0.37923923738484694,-0.10579629423425377,0.8786565506071587,-0.1891048017872955,-0.18398083010959154,0.9717973163740691,0.024308017540153878,-0.2055829647797553,0.999998249586945,0.19501564322899675,-0.20725318862327236,0.5017390559544793,-0.24287604837939658,-0.17252475525958627,0.7553465099970454,-0.08720105023710385,-0.23163560845459166,0.8584670161416545,0.06080340424666886,-0.24686289482637147,0.9276206397359543,0.19400105941768994,-0.24992015735120296
0,0,0.0,0.0,0.0,0.11076905813799262,-0.1447621173408226,0.0189081143460013,0.37942442225229134,-0.24246668662155133,0.0028038785021548464,0.6384661750432609,-0.19011848223975308,-0.02781031113950352,0.8198783619276101,-0.09665698488579678,-0.053338229046273215,0.5223944493282308,-0.4938875447102781,-0.006764595918775473,0.8340493396922615,-0.24033197392714328,-0.08234156117809475,0.9412893374448247,-0.025614413342220723,-0.13519122861431104,0.9955590410273896,0.14397875314026173,-0.16521255234218016,0.5481375860324004,-0.4850362916021555,-0.05263869339855803,0.8896361130719467,-0.22539882990798696,-0.12616758108460946,0.9744115532130467,-0.0011718378148276602,-0.15211921453375088,0.9999981596764825,0.1861080392604482,-0.1596336533154385,0.5591584338367204,-0.40982041213538567,-0.10268621449213584,0.8921584766919001,-0.16347466592334436,-0.179669414437534,0.9747845054334355,0.049764824681670934,-0.1913882724875648,0.9974534189233059,0.2211045593197832,-0.18302980992358836,0.569599011862847,-0.2713348612800483,-0.15098190222226657,0.8380805144273469,-0.07358703806717896,-0.2031079669377957,0.9066113624584335,0.08626993647247884,-0.20174097364676236,0.9355003511415831,0.21363268096795174,-0.18846813887079228
0,0,0.0,0.0,0.0,0.3219548277395864,-0.1568390294202196,3.309393351578437e-05,0.5212571607015838,-0.3579088056391554,-0.07037186258923749,0.7350767713618463,-0.4598014867984842,-0.16290117793283118,0.9595730558918472,-0.5000049628580763,-0.25213837166657044,0.21029297006181813,-0.740906530498496,-0.07674011436159314,0.5521082912678361,-0.7692464276463267,-0.26336860414666907,0.7964097529149105,-0.6535368304622728,-0.3997975326579079,0.9857859964593892,-0.5279718783540174,-0.4840351591491192,0.13989044355675906,-0.771641479552106,-0.161349227932522,0.55837848536251,-0.7911862832999116,-0.3562185567581482,0.8147316272776484,-0.6528515261738919,-0.4503118044479135,0.999997694274928,-0.5090268189324881,-0.49790094081227554,0.10364772118513783,-0.7378040563540877,-0.2575042637021756,0.5048615321838168,-0.7921123081924472,-0.4285898299306351,0.7573444536908341,-0.6663946692167714,-0.4659417997177972,0.9277068531358864,-0.5285546927851718,-0.46618556959276275,0.09634025964505025,-0.6494566484324584,-0.3552616869881989,0.41546996804158987,-0.7206067702453928,-0.4761612719347988,0.6199705260920703,-0.6468355811383786,-0.4977666354646729,0.7728113172670834,-0.5535451076739226,-0.4974487210667792
0,0,0.0,0.0,0.0,0.17464398176090992,-0.241726208226638,0.1897959646286572,0.18334433695599933,-0.504269344264389,0.21704293279746326,0.2575314765414157,-0.6864422003689031,0.187228185423467,0.29357196287228593,-0.848064245802539,0.15732214712899248,-0.25420064736374115,-0.5988371866221989,0.08352025752029603,-0.09305217238617883,-0.9019288879795916,0.03452060333951664,0.11647598225124095,-0.9813729633574179,0.047532799771817034,0.248311685751088,-0.9279018138924245,0.08403283531255222,-0.2825983319499333,-0.5832448731476578,-0.06081551591651849,-0.09212994115394448,-0.9666109025040832,-0.12496034383345657,0.1535885017390976,-0.9999987180519007,-0.08190761068447575,0.28128224505784954,-0.9099424695456722,-0.01653198263660119,-0.22593870525106194,-0.5570967389647629,-0.19603556906619954,-0.05218295224520468,-0.9538412339934729,-0.23806075881625918,0.1905337596032448,-0.9763279126643896,-0.14523281175432673,0.2912314462912701,-0.8871737231342696,-0.05443871904451342,-0.10459272775673255,-0.527156793705683,-0.3189746390265517,0.059733794481370055,-0.8548010152479322,-0.3461560282604338,0.2220306744719707,-0.9162897578072129,-0.28137829103192114,0.2982844005694224,-0.8880259245455219,-0.20942456022439826
0,0,0.0,0.0,0.0,0.3333652566244424,-0.16387753558823834,0.10183600923455607,0.5260006815536071,-0.37429066516911214,0.09314387265468481,0.7216684715648368,-0.5229918970453658,0.03906504438583877,0.8253459684102098,-0.6624310692147616,-0.0012993203027844053,0.05696127963949334,-0.7545097539767058,0.12192042876469648,0.54162507305744,-0.7332621636201735,0.00932296564497889,0.8143704486354763,-0.6423580417471257,-0.08377081179756647,0.9974815404187725,-0.5466438383715831,-0.14181487782240795,-0.04016167102095209,-0.7719554105843509,-0.005877439088129351,0.5728941086206697,-0.770375455248973,-0.14858292917877033,0.8402360341072533,-0.6311680212399395,-0.22145054320236063,0.9996304730981699,-0.48318797376503925,-0.24626552735426768,-0.050309737366823606,-0.7285642676220936,-0.14044835654696358,0.5717628099691502,-0.7277333012850685,-0.27034903015943645,0.8487344842910958,-0.5827190158601369,-0.28610136547636744,0.9999980911151727,-0.4426225031952344,-0.2684996475680193,0.01275421753388114,-0.6313255758821693,-0.2693298601231309,0.5300985244816093,-0.6241144714282493,-0.34149261694606114,0.7861629623144357,-0.555848226650905,-0.33856654933610547,0.9618345395017093,-0.49806563761626005,-0.3219219922349491
0,0,0.0,0.0,0.0,0.082413682717025,0.024241408641149702,-0.27938351065017886,0.2278030930789369,-0.013355844301148273,-0.4803593456090455,0.4410699064240109,-0.03657615066564405,-0.6287316323305538,0.6467552115530002,-0.03370497507877003,-0.7593893543709812,0.006339172862549581,-0.2363119665896688,-0.5084460404142787,0.44508955717397214,-0.20306850568965862,-0.7066789104901042,0.6923235085188384,-0.11928930381966348,-0.7959430318169644,0.8742160315824965,-0.05707148057950278,-0.8493421616003444,0.053359752365596994,-0.3354778451750044,-0.44372656834386115,0.5426707903937997,-0.2893795670996741,-0.6520107830465302,0.8072854608276792,-0.18381575754621718,-0.7002476269969709,0.9900166883917522,-0.1081354161365836,-0.7207050087109637,0.14328510875427788,-0.38611149989315013,-0.38930988468693156,0.6088243594355167,-0.3494851294669042,-0.5813347742483157,0.8442088621637853,-0.2403438272961454,-0.6066692881791118,0.9999983463242962,-0.15994518167116054,-0.6018283299606223,0.2516381602812618,-0.3986078051464895,-0.35270031989205486,0.6106256668447402,-0.36608947520586677,-0.4982306807106119,0.7952578528052171,-0.27487352271726284,-0.5290170695943636,0.9247392792165515,-0.20853196223607984,-0.532957226258112
0,0,0.0,0.0,0.0,0.07883344604791459,0.03919998677842048,-0.23787326026751054,0.20570722223229163,0.007330186019661108,-0.4150898576899857,0.3509212139573018,-0.021598609211734718,-0.5490809228175024,0.4796575427833728,-0.03976510235441869,-0.6630213468349294,0.21318637811282862,-0.4032105317727706,-0.40211030920639573,0.6268481508821413,-0.2948646484011933,-0.5577222355713223,0.8028505100727161,-0.16018371996236702,-0.6276641156640678,0.9151025584848343,-0.048445817106028695,-0.6671382494194206,0.2587431700193477,-0.4881543057722227,-0.3478241814933012,0.7470537451251138,-0.3644745161471748,-0.5088442593741463,0.8972007154273077,-0.2101484840832067,-0.55119554721429,0.9671089522757861,-0.07429615445623142,-0.5645141296827115,0.32294741201849975,-0.505760659104014,-0.3034501314781412,0.7834784673437983,-0.396776577027845,-0.4386583899873926,0.9310526892518214,-0.24857778293946603,-0.4602999372736422,0.9999983049850569,-0.12028419617702572,-0.45788545357059524,0.3993733454860533,-0.47131651871655766,-0.27535524416920704,0.7515418347349411,-0.3691953553785638,-0.3770267953516478,0.8795527626786187,-0.24860533908022825,-0.40154729001874145,0.9477025590872564,-0.15471803142659848,-0.40209290665737174
0,0,0.0,0.0,0.0,0.11135997123865299,0.036199778962037236,-0.2763046170923186,0.2708157226716154,0.014697837623642702,-0.4719279629765602,0.47149975907243724,-0.010154420865009416,-0.6138956727613437,0.649831078464757,-0.03114141003127473,-0.7373717315677946,0.07496913798268512,-0.23085584222473682,-0.5105868633877726,0.4882294486038017,-0.17048482364538436,-0.7191434706099253,0.708347357696539,-0.07867199404880906,-0.8167068682771436,0.8785058152514342,-0.0014568561950210489,-0.8746685573136759,0.12056268854484499,-0.3221780596436514,-0.44649980457862576,0.607538529682536,-0.24373381316356663,-0.6703837168717306,0.8367507991181385,-0.12138697369888442,-0.7267849092347871,0.9855441178336701,-0.021733855542718106,-0.7497901629223037,0.20492730876983428,-0.36240379832328407,-0.39311508532523,0.6667083719786414,-0.2937425800717274,-0.5851368451604938,0.871678300176541,-0.1752733509908844,-0.6119075155424872,0.9999983600106641,-0.08167710360683537,-0.6100884675221468,0.30736256649453814,-0.3660186540680414,-0.3573330207461752,0.6599342289398117,-0.29737985744793544,-0.5036943439099815,0.8324770284428041,-0.2021302988331902,-0.5440186766736335,0.9550457137606844,-0.13003708026720825,-0.5564012334178217
0,0,0.0,0.0,0.0,0.3658975614656863,-0.24935568443754427,0.34538580773737193,0.4475784889288349,-0.478598707128736,0.42684601773312664,0.6014512325165275,-0.6268469247764392,0.39754464309301984,0.7324474553586519,-0.751304397479684,0.3722158735754551,-0.22139790659973912,-0.6283798460555018,0.3125555439273031,0.06432257537033893,-0.9382822095294399,0.19093020611176892,0.4238749252576246,-0.9565552304263025,0.11003301123219753,0.6670978420620003,-0.8712251577619555,0.08570870143093355,-0.2658766323713503,-0.609924788340418,0.04417472613519824,0.074306319618006,-0.9999987027414169,-0.12652360207819277,0.51906620512061,-0.9644790029702709,-0.19529682977449395,0.7662734027657189,-0.8400570020267623,-0.1915650460049728,-0.2027202370126543,-0.5788580992356637,-0.21709305662749712,0.09866952270569461,-0.9642250754302739,-0.3301045560249144,0.5191357181712973,-0.9364630205174437,-0.2940031580554135,0.7308062823877514,-0.8294519703905824,-0.23143271364010895,-0.031318876885418304,-0.5295307028639932,-0.4583243549393061,0.239478297477108,-0.8127315300532464,-0.5072983481984441,0.5476777458544794,-0.8255510240219052,-0.452789059322446,0.7385083129393852,-0.7703957045135454,-0.3899948045342665
0,0,0.0,0.0,0.0,0.37168211508204346,-0.2493798659866231,0.17784674569134407,0.4762708883577602,-0.47736199845566557,0.1854982335247919,0.6344559445596036,-0.6302597495880287,0.11251676339492014,0.7466870282900754,-0.7565043970630256,0.046333563723649704,-0.28236917669657613,-0.6345527668832126,0.17172848670673546,0.008177298799029172,-0.9541269585290286,0.010919116018111956,0.39455222105670423,-0.9778975434220074,-0.12337358869531263,0.6808279671768085,-0.9154301205589116,-0.19141663112183666,-0.3582104276078051,-0.6054016942398671,-0.020545399638772954,0.004224568530433716,-0.9999986868156533,-0.19320230637263208,0.47405822039809836,-0.9905952393465228,-0.297380934963053,0.7466445266557021,-0.8925039914814836,-0.3313173159317672,-0.3015150280393549,-0.5693216028435036,-0.2146957859753822,0.026679520419062214,-0.9584850980337862,-0.34985249001601965,0.48459807781945,-0.9507719515217427,-0.3551249625630069,0.7323726656857042,-0.8552197849510704,-0.3225011228591259,-0.11655043951546518,-0.524556462920341,-0.4008330047669742,0.1556903746350974,-0.8168188538478925,-0.4847577260532822,0.4782063172954149,-0.833078879439079,-0.45306712205222227,0.685955636733758,-0.7754933524093014,-0.40555929608991675
0,0,0.0,0.0,0.0,0.35900392428475686,-0.22775340294465268,0.24735001665242834,0.45888327072824486,-0.46298449080388426,0.29483622913064456,0.6319591753251675,-0.6076362154185975,0.25141678017790137,0.7528344157732277,-0.7248048731318101,0.21533305356975208,-0.2174305688406277,-0.6322792788532501,0.2191289739653988,0.11351677796783083,-0.9405965491161874,0.07797532641629659,0.4789033773982934,-0.9444936225433681,-0.018069041617901124,0.7223199641067117,-0.8524306089351356,-0.050446452672953085,-0.266547638931345,-0.6181510245580127,-0.0004761133875057593,0.10883385374371826,-0.9999986718323153,-0.17497081693611893,0.5679465445348748,-0.966626285834821,-0.2534045925936841,0.8142524940646012,-0.8380636524850691,-0.2585981110382124,-0.20653897405958785,-0.5811128653641219,-0.2184794452197352,0.1334364242997721,-0.9680723328410876,-0.34496099002089414,0.5616134266560369,-0.9307524453349515,-0.32905330526875626,0.7658244362297679,-0.8156732082826926,-0.2773660654877384,-0.03467769749070315,-0.5223355323276058,-0.4234876855538363,0.26639160478917834,-0.8096276571321248,-0.49567029886055847,0.5815809677906218,-0.812562975214482,-0.4558270479485236,0.7647327513893428,-0.7488100846679482,-0.3983975775728544
0,0,0.0,0.0,0.0,0.36238169201663734,-0.20291338372464882,0.3942482989657095,0.5220291870773599,-0.41275340350547635,0.4900512125012072,0.7071690983784086,-0.5321044249091794,0.47499164802539284,0.859201515580721,-0.6590710838800748,0.4600881623414433,-0.036096338996228425,-0.6447506948096877,0.28193449608188853,0.31213883348532395,-0.9310968882617787,0.1858417333555559,0.6600361017791608,-0.914803405796181,0.14644273274135813,0.8733423980487842,-0.8063845563596012,0.1522699708167,-0.07523765368497427,-0.6304966312300033,-0.004655158197004222,0.32171772956483785,-0.9999986585206946,-0.1611677568511527,0.734360070856226,-0.9263821813340585,-0.18694240624495448,0.9300190690534595,-0.7758216583020044,-0.14848034813753044,-0.023853468988149783,-0.5902471331314983,-0.27491249521612726,0.33671360717706594,-0.9556969288071218,-0.38073439585082314,0.7293136565165943,-0.8911459548194332,-0.3071306920181831,0.9021465311955933,-0.7674057571137165,-0.21185296522687894,0.12486603193171761,-0.5211073067337099,-0.518110039004585,0.4449346595279003,-0.7940952305225915,-0.5549748181797152,0.7367124469098435,-0.7873538980525533,-0.47702005821105625,0.8994023589943644,-0.7200551937149483,-0.39203395666472934
0,0,0.0,0.0,0.0,0.3537009918916932,-0.25379726768205674,0.255667132056,0.4186794250022858,-0.4905387925879587,0.2991276202856865,0.5607914461045315,-0.6412229930547619,0.24928083250452474,0.6317784807631904,-0.7682153492644798,0.2087373056998434,-0.28049702648430686,-0.6289586001572197,0.22533771331344668,-0.0029586965535603003,-0.9392196276824453,0.07505752853111751,0.36449391217671445,-0.9610475712782285,-0.02696855708094793,0.6304138107996495,-0.8851619520106458,-0.0635418579312935,-0.34649198984607876,-0.6095328520008275,-0.005874105914513469,-0.017214905826418717,-0.9999986819778511,-0.196220571396481,0.4453316155780132,-0.9845208609421086,-0.27615762090352985,0.7146065078952076,-0.8738848649542641,-0.2784625980434631,-0.30694975260563157,-0.5821865031269107,-0.23627841914514364,-0.00656783263064469,-0.972900210307461,-0.371311259001657,0.42998510798675044,-0.9503192275121198,-0.3457084761383801,0.6556928469057016,-0.8453474642515957,-0.2839705155292916,-0.1545208470046795,-0.5341596419115994,-0.4544635042523508,0.1256746652708846,-0.8272559636050354,-0.5202185839152181,0.44254170570436013,-0.8412663186005982,-0.4670887243413354,0.6365679844761164,-0.7824125205154856,-0.3999868864501
0,0,0.0,0.0,0.0,0.4190683458325774,-0.1411493218944745,0.2497607040529048,0.6208772962284976,-0.3070293254046635,0.2165017563204863,0.8442974207345335,-0.42031269001116184,0.08265608391281916,0.9449867367551263,-0.5661956987715482,-0.05429806753197433,-0.03033550188855138,-0.6604519727213619,0.09932045236192563,0.2676147351082414,-0.9818709524707827,-0.09335018073910246,0.6712221392026259,-0.886164793284272,-0.21423954133600065,0.8664429553547839,-0.7032854344851871,-0.26361584432527047,-0.1291188118631735,-0.6294374686061909,-0.16669663452847178,0.2675447725388546,-0.9999984484109207,-0.35669167910039434,0.7414195201739036,-0.8802951510452236,-0.4254763988061294,0.9192441180155121,-0.6940383989180218,-0.4446247332545735,-0.12818053658529702,-0.5671527478783546,-0.429392268089639,0.24278204593927685,-0.9687695596544281,-0.6034331070646171,0.6929903476059587,-0.8362450434366293,-0.5426619453725825,0.8414216030773607,-0.6514957465387791,-0.4669982820385028,-0.01556974671226245,-0.47801488556464306,-0.6750371842178612,0.3610544399815177,-0.7790482153126446,-0.7880632641342947,0.6840921075846522,-0.6963377305523625,-0.7127234724697359,0.8056299918367575,-0.5400192011234367,-0.636324115494583
0,0,0.0,0.0,0.0,0.41588448279251233,-0.1471801124398879,0.18650639572599534,0.6130627284054864,-0.32915927253751104,0.15962903183291413,0.8256355753335479,-0.46106776940730704,0.04851615764980881,0.8801238329556417,-0.616092229739008,-0.06178158498598601,-0.041231284197894374,-0.6590937397339419,0.13160939517480164,0.2415176521685881,-0.9747819477505911,-0.028837224028449217,0.6326276134755362,-0.8941642303272826,-0.14819656618314206,0.8271552074155474,-0.7289637039591873,-0.2028108334357774,-0.13621960729447566,-0.6377559937665911,-0.0831485438476302,0.25271777864434464,-0.9999985505034009,-0.21862718038781295,0.6775943466868667,-0.8855100858862297,-0.28610341521559984,0.8327082708323666,-0.7095618711176186,-0.3139443726367128,-0.1301559176048361,-0.5819126466345695,-0.3014929191236239,0.2376057810327207,-0.9646235606450501,-0.4442826953375249,0.6522310314871159,-0.8393319193275925,-0.40894012585206446,0.7896545340142155,-0.6658225762478064,-0.3582715540550476,-0.011317453234944378,-0.5020221520859105,-0.507090137278896,0.3548685202437332,-0.7875425227537391,-0.6040052802454386,0.6587729918742328,-0.7040775362994253,-0.543231142143616,0.7771897322063589,-0.5544467374179002,-0.4821877918314624
0,0,0.0,0.0,0.0,0.3440872428622152,-0.12318951094881053,0.17347115636097327,0.5176729722116636,-0.31025425428154696,0.14152507987627533,0.7172704218830057,-0.4350786806700542,0.02351986899956552,0.7663330935896242,-0.5822054615029394,-0.09321893277553835,-0.12880816811976759,-0.6451186440943344,0.10764358635841544,0.14457593031059826,-0.9651096947536223,-0.09336139587836709,0.5299845769708821,-0.8949857079433627,-0.23920738177679607,0.7296517545739375,-0.7360080025225507,-0.30097556769360084,-0.24050675605666294,-0.6258490099860486,-0.10776620602132278,0.10819062371928423,-0.9999985078564138,-0.28934876860046727,0.564632066060009,-0.9021156557771266,-0.37872839279292403,0.7564897153111599,-0.7296890421190534,-0.40710579328783497,-0.2504409407359938,-0.5777654198307915,-0.329358215571128,0.0871414598639472,-0.9667878010438781,-0.501651176615193,0.5149982300964215,-0.849226574879045,-0.48216479892325215,0.6736024152605837,-0.6778909498770251,-0.42858764386228665,-0.1430016710563972,-0.4967204847106283,-0.5408674905972854,0.19550040005104735,-0.7914503352875064,-0.6594256082858341,0.5112994479228268,-0.721386037454506,-0.611375414608075,0.6433951012516371,-0.5791240027655984,-0.5491629799426623
0,0,0.0,0.0,0.0,0.33498731607984933,-0.09016964719264253,0.0750574768428631,0.5329946104023389,-0.26276560346759503,0.0016452801512289125,0.7502146763844489,-0.40043025832208257,-0.12888496522577433,0.7849909019944333,-0.5511127292820964,-0.24558100920801096,-0.08834342047595972,-0.6153044700938743,-0.06558995242609408,0.16046697542140861,-0.963529815631449,-0.29049849916324383,0.532972375267748,-0.8470508492773025,-0.4087643769052826,0.6856256963412286,-0.651873284652827,-0.4405730197338859,-0.17904789867306914,-0.6038054372094366,-0.2279881003610223,0.1392680551155472,-0.9999984057963426,-0.44837503389383354,0.5834462258111835,-0.8674902354397055,-0.5199763957531941,0.7344815132444293,-0.6775505653624858,-0.5234754837710477,-0.20385546729671308,-0.5570131168138317,-0.397215172435101,0.10346540248055595,-0.9355850025477396,-0.5982273931624513,0.5348857371058834,-0.8118004404177772,-0.55984517984908,0.6918087741524858,-0.6277550527124743,-0.48311999728467075,-0.12474908235930257,-0.46110747005031877,-0.5630554011611364,0.16634655314769328,-0.7527778932886854,-0.7120572190206784,0.4984644916239383,-0.6769563693993192,-0.6709753848043298,0.6448862736953868,-0.5272983300035157,-0.6035374093642136
0,0,0.0,0.0,0.0,0.4163804583881004,-0.1576643163755704,0.18708088628497346,0.6236110587825524,-0.34986564311378965,0.17328190086395476,0.8304230353435441,-0.49286464832620586,0.07944526229061726,0.8550253261647843,-0.6384827102275463,-0.0133115689178549,-0.023159415592814394,-0.6700986453467568,0.14963807739346463,0.2514237499910198,-0.9710627507958874,0.010780590811187894,0.6226721058651508,-0.9004846852028315,-0.09026255142610683,0.8139548207360645,-0.7375756425154308,-0.13411277017089912,-0.11699008473761288,-0.655430362548712,-0.055181172081062047,0.26294921498717055,-0.9999985956123821,-0.17901224808315155,0.6700375384884432,-0.8945957419299312,-0.23873453380775952,0.8245019481890102,-0.7180688684513032,-0.2598909837762905,-0.11409636109137171,-0.6016967163548831,-0.2635611412092268,0.241440814627161,-0.9676530090289971,-0.40250177209535914,0.6359654424971279,-0.8531701261317858,-0.37566230059564193,0.7705120298763773,-0.6855275411147552,-0.32951793786130085,-0.008969231180054394,-0.5201694527373821,-0.4580767437170283,0.3666819156895812,-0.7873264190216044,-0.559466624213302,0.6488810048118872,-0.7042120512484525,-0.5160741000226795,0.7574719937283136,-0.5582416204155081,-0.46560715950787357
0,0,0.0,0.0,0.0,0.3160055267030106,-0.18090339585644008,0.16851778846662874,0.45605626002195815,-0.42312099425759664,0.17142554884761116,0.6230147923451657,-0.5890665511837421,0.09327364428450619,0.6169466499045747,-0.7243049475998556,0.016735839051051787,-0.24250585719804496,-0.6345083851553854,0.20509832140856907,-0.07512182135461272,-0.9364965501463975,0.034201242397824884,0.3182763475415654,-0.958873641357571,-0.11352054636925372,0.6182753616018448,-0.8905516759135363,-0.18906373023950773,-0.35431243017645375,-0.612764888044513,-0.0029673023579729046,-0.13960893096787483,-0.9881912806399721,-0.2071188162087918,0.36025487374885234,-0.9999986310437763,-0.3448892227377763,0.6651428842943524,-0.9011867548375594,-0.39233921954296885,-0.3963508071593454,-0.5733108243062749,-0.21776005564209658,-0.1527775295335331,-0.9279641631950348,-0.4045717470824,0.3395721265805316,-0.9255183798130711,-0.43191424957273256,0.6126317639267228,-0.8288710454607803,-0.3979016698474857,-0.32252530383068023,-0.5056402001250417,-0.42397482183925633,-0.04318202861326123,-0.7968420885271424,-0.5677063982569329,0.32953735052784333,-0.8248280990499314,-0.5615883597709673,0.566188949191983,-0.7689756571613388,-0.5177348356459962
0,0,0.0,0.0,0.0,0.36883946503634185,-0.1760690967862355,0.11812839200281457,0.5446984715502026,-0.41578649420275027,0.08156994748765775,0.7044599251793638,-0.5877705119382041,-0.028030532777422658,0.674764350537268,-0.7667979418335146,-0.1355208375100051,-0.09533779316722868,-0.652356158293363,0.08137499759447282,0.041964734477653275,-0.9398676486816975,-0.10281254293052715,0.4066864905214433,-0.9673071882877188,-0.21866330847741255,0.681253182999879,-0.8912487337141805,-0.26498605832194877,-0.23207556850422073,-0.6350350041444239,-0.10999160426706894,-0.06854787820112561,-0.9955955589747294,-0.3501484175143505,0.4037360886003284,-0.9999985536602876,-0.4592433950017054,0.7091791544326853,-0.8745999417141209,-0.4768664084402303,-0.30778302490624726,-0.591548774706925,-0.310104366755768,-0.14816351367900024,-0.9515412797517376,-0.5209801069164984,0.3219040740261791,-0.9476119364732355,-0.5446227627038057,0.607001659944181,-0.8449399712092801,-0.5017483123462856,-0.30271365956706187,-0.5155192000025888,-0.503732962820425,-0.050829819819928033,-0.8041828463070996,-0.6416719682990959,0.31061152791675983,-0.830821422137727,-0.6321249732093919,0.5592384942949771,-0.7672909039590818,-0.586091151369724
0,0,0.0,0.0,0.0,0.4065316525169692,-0.2560640828693245,0.19084178466543147,0.5352170129903873,-0.48780036353133893,0.22227410803161315,0.7014271289445433,-0.644501172058182,0.1702662487553965,0.7266557748625254,-0.7758429523967297,0.12230633666624373,-0.13361808661666322,-0.7104531431183438,0.3105660367582075,0.1870110910654574,-0.9423046829247742,0.20813822740217244,0.4970884738417566,-0.9335694702925954,0.099089237697778,0.7029195817311908,-0.8623566678370204,0.03717281095916438,-0.20205572889031628,-0.7130432495031246,0.12599544726794856,0.21781672731270213,-0.9999987234015105,-0.0007185243524814472,0.5588860936837784,-0.944338809937737,-0.10140115254818649,0.7429068767007774,-0.8236568549854758,-0.14147049285361488,-0.18291601489171416,-0.687244147862623,-0.06909832683712641,0.22283988784653208,-0.975465608115197,-0.15672285965306068,0.5792489356684601,-0.9178865985092781,-0.17204460260363455,0.7704497603598169,-0.8037310428050211,-0.16032648179214706,-0.06993549753546391,-0.621637212346514,-0.2599473628904762,0.30156247318942186,-0.8174679962983755,-0.3016147134990341,0.5848921633868721,-0.8012280798664475,-0.2853453687957063,0.761209625550673,-0.7414112661293513,-0.2627019974713378
0,0,0.0,0.0,0.0,0.39980148821163386,-0.2666732201866527,0.21322535885088795,0.5235252718873848,-0.4896232042220818,0.2517108192695136,0.6873054257971057,-0.6451949157966261,0.20180234973645447,0.7137369909200092,-0.7556977017217033,0.1550169725636951,-0.1744242223619289,-0.7097524346396644,0.33191532810343954,0.13593521561463212,-0.949505682491675,0.22112407583924007,0.4488978484790144,-0.9416938505557645,0.10041837905934074,0.6595359655133053,-0.8693426865639577,0.030486188137162692,-0.24865089166614218,-0.7033083192648396,0.1312041151460084,0.17298236477442813,-0.99999872732573,-0.018380448971332005,0.5301055131830709,-0.943502857464507,-0.13279190187667905,0.7214814141646824,-0.8161445325625177,-0.1777877579840624,-0.2380972451128847,-0.6713681868205981,-0.0783832550459589,0.17112139561670817,-0.9597782777566679,-0.19004682830594766,0.5368411102246047,-0.9050097639052925,-0.21156352324856637,0.7283173704111755,-0.7909730330129919,-0.19728448687282008,-0.12737536434750252,-0.6031710348302081,-0.2805660900981061,0.2452613600295621,-0.8134701645650569,-0.33373708718694184,0.5332503291770216,-0.8008717466215652,-0.3135734209361267,0.7095233456003772,-0.7412374422615671,-0.28519370765603286
0,0,0.0,0.0,0.0,0.43770230972854013,-0.24773677727864887,0.2386563251333035,0.5711597682385402,-0.4727912442420767,0.2962571941452116,0.7391399840727729,-0.6208643610492177,0.2654107443488515,0.7656773289314746,-0.750029492766911,0.23825603570165232,-0.08955310463390959,-0.7078738912730355,0.36627889007441233,0.24062477521933492,-0.9296743638231357,0.30166558953169925,0.5483516407701404,-0.9229827054346686,0.22011117217132456,0.7579104489686049,-0.8592560901061765,0.1736226241088676,-0.15475221999203234,-0.7116640099223113,0.16680128542766012,0.27009056923544983,-0.9999987291622183,0.058286026534123986,0.609916905261653,-0.9500268979912673,-0.028901615254146133,0.7953550275147281,-0.8314923499322798,-0.057236129564055736,-0.13638942994171963,-0.6869216993727313,-0.03774590401014087,0.26742871458171646,-0.9730796720282875,-0.10199993257360873,0.6225534620117288,-0.9231432908439033,-0.10407754417949924,0.8123193610436776,-0.8168282130210303,-0.0833802153369999,-0.02043555379479237,-0.6162098459860357,-0.23383321548378186,0.3547225264285802,-0.8225652593246485,-0.2445678009193175,0.6392672217040046,-0.8136654379374532,-0.20860975468917434,0.8132619670967511,-0.7597288136107664,-0.17386287845948273
0,0,0.0,0.0,0.0,0.4074663740725706,-0.27507930284682314,0.22509970309967742,0.5076112459175373,-0.5002195955376105,0.2785454043754868,0.6546880218603505,-0.6525520672532991,0.24656421153469307,0.6894079651403154,-0.7744094694310428,0.22033593868431803,-0.2127786086669492,-0.6923281007502837,0.34093146972213456,0.10011532321632416,-0.9295976676003224,0.2542006662104221,0.41985212347437534,-0.9297448014934596,0.15180131206019923,0.6394750474850307,-0.8687504917871252,0.09486725428406387,-0.2769000466962682,-0.6887685191083652,0.1481201374306356,0.14622268349377832,-0.9999987223099864,0.027909819032101532,0.5067426076229593,-0.956424281141643,-0.07362474747440867,0.6995229633559522,-0.839661904068531,-0.11265009920307473,-0.24725824087041576,-0.6643555258958241,-0.05016609690685419,0.15511126130823294,-0.9769126567219547,-0.12913080875029462,0.5249105210187875,-0.9281804376912438,-0.14467555786963765,0.7086387914484202,-0.8169901094925044,-0.1313626155293181,-0.12348653687856895,-0.6085463151099124,-0.2397401503656965,0.2504106911496467,-0.8283384583289276,-0.26554402342156785,0.5481606462286057,-0.8279403134048479,-0.23971932162875395,0.7238877115781711,-0.7774406408671986,-0.21051566180222472
0,0,0.0,0.0,0.0,0.4252093853163448,-0.2564384336266227,0.19951272548955787,0.5568542942640534,-0.49171012765547545,0.24452549597408757,0.7168585837660444,-0.649022655004423,0.2090927422920762,0.7448170269758483,-0.7822827932558757,0.17840168409870824,-0.10279376127747455,-0.7068846222774526,0.32420925040428833,0.221062649543969,-0.9333660024798517,0.24137332148622892,0.5302757605754154,-0.927726760021348,0.14737327687967236,0.7387315444688152,-0.8605700352754359,0.09489593703263831,-0.1676059074904525,-0.7146936268087678,0.14734822296987934,0.23469829603965003,-0.9999987452690858,0.03793691781020896,0.5747239393330651,-0.9598843693910913,-0.0554461251882076,0.7656757156648502,-0.8509737708254472,-0.09411681625674963,-0.14586898577846813,-0.6933154621274611,-0.038116457314551565,0.24748106257330318,-0.9801419512145374,-0.11185942491524754,0.6033568936247289,-0.9314699450230549,-0.13543365827464843,0.7992906586157987,-0.8260790094504794,-0.13199282161268971,-0.025475002446994608,-0.6313509732166712,-0.21722832613506857,0.34809532066826315,-0.8287644894291268,-0.24148540941496185,0.6281504671192493,-0.8191626345918039,-0.22491133193646212,0.8043223063679271,-0.7660248998583531,-0.2053487530494529
0,0,0.0,0.0,0.0,0.40017591444327794,-0.17501042373238765,0.30905259690953035,0.5556397800625942,-0.38440101749580075,0.38800652169163746,0.7466827223721608,-0.5042982849725554,0.3637163040547828,0.8285583380820545,-0.60413765565466,0.3484363224099907,-0.07395302603572856,-0.6639820733931471,0.3309899239996144,0.2762770182430406,-0.9360767654914969,0.24672891313889012,0.5841357110577111,-0.9090134321511102,0.20787220501137843,0.7341866242099546,-0.7805981268818524,0.21732055878745268,-0.15194161439397716,-0.6589316428631203,0.09018360022214106,0.2885302275124936,-0.99999864932071,-0.02239721045524507,0.6630640548170564,-0.9142645660320265,-0.02343153865597191,0.8012848217198729,-0.7518749454319726,0.030592723426994827,-0.12749493187045827,-0.6210404925530553,-0.15206958096980033,0.3263320555731355,-0.9572934363258696,-0.2433286519444422,0.6904893264204843,-0.8668338679143107,-0.15324800872213296,0.8063952297855645,-0.7232809370773607,-0.04390480001179146,0.011362925271934957,-0.545955340214926,-0.3783963313666064,0.4180931767620037,-0.793994451626348,-0.4178428320126167,0.6932763899200618,-0.7536358899044339,-0.33226607905825967,0.8015764172019917,-0.6553265501824802,-0.23898678152954464
0,0,0.0,0.0,0.0,0.4025009766202892,-0.18872732784156768,0.2654422638014459,0.5540182461703402,-0.4005645804126644,0.3282548607734398,0.7462761935767843,-0.522675834636402,0.2960259587708035,0.7828140226584622,-0.6257783209280647,0.274078568070684,-0.1023663701297654,-0.681180464193074,0.3018993097205299,0.2672170511385879,-0.9486614817407218,0.20388157964893372,0.5762445325272454,-0.9182006629380854,0.14423359963700366,0.7237375535257009,-0.7879741332237679,0.13948451545522428,-0.1691273302281571,-0.6713199616103427,0.08270458358572744,0.2924336717158045,-0.999998679993603,-0.02929369116773088,0.6613253515032469,-0.9150460283142807,-0.04732722664524508,0.7900628313617468,-0.756302865177678,-0.009439458079085321,-0.1359347934754269,-0.6288803392967103,-0.140603199471528,0.33707625303703054,-0.9472699539010085,-0.2264097293761637,0.6929212258648415,-0.854189988918711,-0.1480958230498874,0.7958538059090036,-0.7133625328112115,-0.05052625561966439,0.010012863521969648,-0.5448376832916617,-0.352161320350302,0.42595268080762955,-0.7909331337265211,-0.38207245172614324,0.6890648772586809,-0.7486854673134861,-0.2938788747645552,0.7749597828023559,-0.6509501734317329,-0.20184218685651584
0,0,0.0,0.0,0.0,0.3302707464409141,-0.06838228557781746,0.026443661676694305,0.5664099936701914,-0.25091499360471287,-0.062313270792822624,0.8033787029318881,-0.3996129213362756,-0.18385678698983415,0.8543438583564469,-0.573614019886856,-0.29030626451608516,-0.030814417377683326,-0.6047020570584388,-0.2134459972765278,0.31133066960518024,-0.8999315476912133,-0.416286788607034,0.637207959071432,-0.7862564679452797,-0.46530746746378965,0.7671128875441033,-0.6031260144457073,-0.44748471770395576,-0.15804419898099234,-0.6241073245444502,-0.33176505151126445,0.25384396492115446,-0.9999984480803299,-0.5637272493074034,0.6523215213655021,-0.8439272971052206,-0.5800430089143251,0.7900572670364011,-0.6340125830875021,-0.5318243653594645,-0.20271781042584447,-0.593787837088085,-0.4502250319650701,0.17448423451526504,-0.996660735227616,-0.665280477299918,0.5807712402834688,-0.8625392475670837,-0.6140215829789671,0.7298771926637438,-0.6670361241696844,-0.517665697295423,-0.17065901499629055,-0.5057605660743271,-0.5624778761680174,0.18138684420102313,-0.7975636116747737,-0.7303474122918151,0.5151001772070695,-0.7417740342249177,-0.7113859213308994,0.6796171770934433,-0.618939814008141,-0.6530068535124083
0,0,0.0,0.0,0.0,0.3945473824702259,-0.17359212612072406,0.227650096698259,0.5458623010329718,-0.4009360473876222,0.26373838512836956,0.7365234277318633,-0.5308631651562274,0.2116066798011914,0.7762770667763124,-0.6351457212341892,0.16906493752550453,-0.10783582449432019,-0.6732373745699013,0.23263151187823164,0.25046723434340995,-0.948094676905937,0.11260221149920052,0.5775914005502901,-0.9233949520539634,0.04685373607388223,0.7310491400988793,-0.7880757395853105,0.04002921234924892,-0.19826605556950994,-0.657264347655792,0.01983042510386744,0.26054505944982004,-0.9999986331620968,-0.11850072020166384,0.6499234626911548,-0.9177237007837693,-0.14097462661971702,0.7815354592069359,-0.7567446815717405,-0.10335387941854973,-0.18515319200229424,-0.6111989920028635,-0.19897723536059284,0.2777434342096283,-0.9521505534268848,-0.3088384827326047,0.6575718557468522,-0.8669026830096382,-0.23456792608420646,0.7699660019269343,-0.7276834968338554,-0.13829789272494208,-0.05466238408080905,-0.5282720968483513,-0.40802631938429856,0.37028393905053175,-0.7870444530120729,-0.4665653258656805,0.6523896376612124,-0.7517461780828262,-0.39084631608416287,0.7454105704297836,-0.6563431269008144,-0.3058683961397546
0,0,0.0,0.0,0.0,0.35075889819390815,-0.160091664523433,0.15239708945519378,0.5107361381777162,-0.3572555124371179,0.11954617466322676,0.7132835415804254,-0.4859933092101383,0.011551939069752945,0.7119137995586696,-0.5938539649608521,-0.08772634136038251,-0.2977060089191488,-0.6539039986450219,0.10686107417041386,0.08017119638724239,-0.9638123657456803,-0.0816437661823443,0.46937012321011895,-0.8957972989672693,-0.21870939440319603,0.667203711981601,-0.7289566377783198,-0.2730822241171219,-0.4062387875342673,-0.6417760120031452,-0.07820704895477447,0.10067273025653943,-0.999998519872616,-0.24519624920853508,0.5446826436754139,-0.8993570534527995,-0.31050641515047606,0.7240643270408502,-0.7290405593999991,-0.31774273066776865,-0.3792111731178016,-0.5975296217123285,-0.2700559067779622,0.13993243382587447,-0.9768746283124825,-0.4169134734246049,0.570138442509591,-0.8699064310373632,-0.37843581791348535,0.728658247339502,-0.71315513377979,-0.3141440700743167,-0.2335280460067198,-0.5072111653997784,-0.453367790767622,0.23936435919609522,-0.7763121421935221,-0.5466171297657164,0.5531301213301324,-0.7146170682795011,-0.48717133175763866,0.6870392985591794,-0.6003021009584767,-0.41770641695748784
0,0,0.0,0.0,0.0,0.13992890450037113,-0.10665263822308298,0.060801914552749886,0.3522154688724816,-0.21366785320929502,0.05352345736255142,0.5702273293586982,-0.2567454296093423,0.01801129685878188,0.7481719653063681,-0.27849388525908675,-0.013257277218172905,0.3002722072652619,-0.41259203686729534,0.06042332431755745,0.6384116985292376,-0.38867611983787437,0.00018489018397888844,0.8305572844974498,-0.30712691793742086,-0.0492610455359718,0.9602187546904448,-0.22622231481452146,-0.07921659404153587,0.29248540901179054,-0.4143549759348046,-0.011191519223508747,0.6403323102523316,-0.3874640301404017,-0.06502483908025815,0.8328038133375559,-0.3016336588926233,-0.09968938344469634,0.9686841583668813,-0.20754525014100184,-0.12217901111738481,0.3001147154960889,-0.3728386804008887,-0.08723866019661461,0.6412380286145072,-0.36758496521148765,-0.1426247328788743,0.8546704883066311,-0.28653464803467,-0.16556597362625847,0.9999986512131548,-0.19481820280046555,-0.17672342937496743,0.3348749738954612,-0.2962299386216472,-0.15973916003817432,0.6091348710129573,-0.2944930070004511,-0.19112556528236785,0.7828655771122517,-0.25402598329493314,-0.19602023099366914,0.9173985997528231,-0.20386863332951619,-0.19839615391365473
0,0,0.0,0.0,0.0,0.2148058162227285,-0.11811221870180931,-0.018034439447741767,0.409786795083833,-0.23453037103436114,-0.07449053245091543,0.6199263534905646,-0.26876839534404623,-0.14091018404457917,0.8077102875757968,-0.25415020845619113,-0.1984648773164023,0.2823148575699432,-0.47716826582365285,-0.0692815796799239,0.6304519046897854,-0.42028774247079936,-0.18350707506405042,0.8216476522849653,-0.34098227124781744,-0.2702260812694825,0.9598098454316419,-0.26568654240379097,-0.3231721059848678,0.2530231437835734,-0.44566792754360407,-0.11894441184955397,0.6198495395187134,-0.39381547278963014,-0.22445363275182922,0.8331412292841451,-0.3147113411721482,-0.276699801550199,0.9999985759949198,-0.23419563611558972,-0.3073042491400424,0.24165972614995568,-0.37068033518914595,-0.1758987042005126,0.5829967421440184,-0.34247201669581656,-0.2678914033504494,0.7939678011863746,-0.27937434658176,-0.2901581186824303,0.9549982352103464,-0.21229429641380376,-0.2965650405146973,0.24108183893741547,-0.26652107740349695,-0.2362355592160605,0.49957413751679397,-0.2643900413871865,-0.2897012453045496,0.6685808325250138,-0.24560032534458048,-0.29234394300684013,0.8052241460846439,-0.2150366825248669,-0.2884366581591231
0,0,0.0,0.0,0.0,0.2293768985964842,-0.12796697623222764,0.018462879199974375,0.3967111459019797,-0.27748995921650577,-0.015298733924262746,0.5658529348866016,-0.35336375862255887,-0.06805816826437723,0.7279890846883067,-0.3824530897123774,-0.11419705277814293,0.23126926821570215,-0.5173174079862749,-0.014138020782965737,0.5637150889926228,-0.4760978364096701,-0.12661807584086412,0.7781140921601937,-0.4055470728823962,-0.21874405946268366,0.9372562660539414,-0.33018236507394105,-0.2769490005365723,0.20400644423340844,-0.5007875496524371,-0.07991224277718044,0.5778293343466241,-0.4569607791480077,-0.1799390369012503,0.8132663277611659,-0.38163144041735003,-0.23311756098332145,0.9999986135638833,-0.30310357598943977,-0.2658558983436262,0.19745151287831383,-0.4362164431485919,-0.15282330861633897,0.5589533202990452,-0.4194605904560932,-0.246813286023057,0.7964194079571417,-0.3495403034660197,-0.271488382663872,0.9745439510459577,-0.27429449112644594,-0.27856496659746455,0.20858483913345138,-0.33381947146778507,-0.22682432361681432,0.48342777822034816,-0.3332149536024612,-0.2893198519839714,0.6577113882088069,-0.3020379379042318,-0.2955483631117287,0.7936399603808725,-0.26038702678861037,-0.29281692823218936
0,0,0.0,0.0,0.0,0.22926732622539198,-0.008992972621243257,-0.07479990332223063,0.513071151477944,-0.07424852609788883,-0.07848279918125559,0.8112833093548121,-0.15079624400981143,-0.06957853475692427,0.9999986594367343,-0.24955030587938642,-0.048036316204120924,0.2550668240897805,-0.3671132621752978,0.053827995979509095,0.6132048323108757,-0.4077801599551656,0.048070897423563304,0.7928482248679708,-0.3411984231795757,0.02934582707453185,0.911353386765131,-0.28277070910597957,0.015553823650842957,0.23691851433127747,-0.4163434698826344,0.08920229095882017,0.6127161406868812,-0.43195926873912716,0.05532754055456669,0.801137364891118,-0.35970608029027124,-0.0012406110709495116,0.9225197027197357,-0.27634001155122295,-0.034408401470573606,0.25623357933725727,-0.4316905922208666,0.10905300105765481,0.604433952294095,-0.47264642213159835,0.06774233336528795,0.8346553298586784,-0.41895156977684517,0.012196524529149275,0.9889046564186427,-0.3502699212575686,-0.01827742288129718,0.3127210094781273,-0.43367473335030954,0.1250275080359621,0.5814024018703203,-0.4688578235367834,0.09759357799877962,0.7640014358877748,-0.4456278020686089,0.06596058356029753,0.9193977814572946,-0.40843910659515525,0.047061537674711384
0,0,0.0,0.0,0.0,0.355790763393023,-0.12838402426236206,0.04809013692506668,0.5398275357712484,-0.32642921496458477,-0.022871430297957428,0.7448791586551581,-0.4926295291156748,-0.14118790932828662,0.8212099100353444,-0.679570640861421,-0.2464402066109848,-0.24594901806052924,-0.5917727651158885,-0.023445304025646787,0.06029546497614531,-0.8884454392989359,-0.1697867229692857,0.4335060018736662,-0.8728389088534738,-0.2442378633961956,0.6677147509884466,-0.7667383980908082,-0.26458925009041084,-0.37134635561315577,-0.5938087165021853,-0.15480526741465486,-0.007821061331955665,-0.9999983958674631,-0.31629353278497135,0.44209804467900127,-0.9777999666535759,-0.36314199947386716,0.7125668742869962,-0.8488362840316476,-0.3574024255766608,-0.38302669864107236,-0.5708085898977211,-0.2940683078176379,-0.03167564021357681,-0.9904025162522656,-0.4289794047259036,0.41648484209304987,-0.970434337516458,-0.4115972074251681,0.6626766712717842,-0.8557853240598781,-0.3671407816311241,-0.2852546594300612,-0.5096753094369243,-0.433187174637292,0.05098832693432429,-0.8294236092318046,-0.5372587735760068,0.39491858709093375,-0.8528739092748548,-0.5205406615761154,0.6120216538700699,-0.799064092287412,-0.483207747000672
0,0,0.0,0.0,0.0,0.32184454292305,0.010477114485383727,0.11429296373719652,0.5932384186162556,0.15086574579451742,0.11019323664458332,0.764766230193398,0.302172153312934,0.06748722891197353,0.8742377940789016,0.4405079408637676,0.03431524450703318,0.7735407936044141,0.15930525554375322,0.05282564075581203,0.999997250877782,0.438444528106233,-0.005910643094152145,0.9569011323711004,0.5985141107341649,-0.02496025288818092,0.8798296959064676,0.6636402840174186,-0.019852145208352327,0.7386106607853827,0.20117844252272635,-0.04970426690424161,0.9471571705186648,0.5234466876127641,-0.07781991457146144,0.8694089903821148,0.6607568316216007,-0.059271029038406205,0.7850025045882562,0.7033686605587058,-0.044311153409662046,0.6550151203746519,0.2573580808492793,-0.15010667188698373,0.8453554228683743,0.5897062017209127,-0.14692092767875695,0.7484678502110133,0.7035101540600861,-0.08448255741014217,0.6537304544211819,0.731603701048674,-0.0470803592250914,0.530199335926031,0.3318468717451455,-0.24833197056083245,0.661133997419866,0.6009235148387342,-0.22282092576311446,0.6046358963024241,0.706085630734023,-0.1634639103527287,0.5525610442599783,0.7337363448477061,-0.12304427824813342
0,0,0.0,0.0,0.0,0.3104817757990675,0.037982107186194575,0.13012487259284788,0.6010346161238599,0.18335274921870848,0.12933151177264504,0.7857364134047579,0.3300672509716778,0.08371541321815076,0.9071936715395204,0.46970081482180487,0.04597707393142682,0.7872049913551421,0.16764878735379649,0.1090699085396253,0.999997342109009,0.4349418956280096,0.07389083267952339,0.9932002183807206,0.6063380519119976,0.06813103569921886,0.956530920075901,0.6936331293637102,0.07900036409676471,0.7654131639586914,0.19544934816892537,0.0004893783258224716,0.9782533583523659,0.5074360599161779,-0.007912609066173424,0.9325178487266632,0.6648773591902382,0.021252929951044653,0.8703759312131787,0.7388884599422053,0.045948439037734046,0.6841399690054716,0.24059639686726,-0.10834913605420748,0.892296239377457,0.5630563506868883,-0.08580235542836803,0.8301061613788682,0.7079325160281793,-0.020093637386555688,0.7537771788586085,0.7740747638356391,0.017430505815834264,0.5560262664541726,0.3045957011158893,-0.2144514077141692,0.6931201568282902,0.5594519978025122,-0.17236340134169217,0.6614321418561492,0.6965452544860363,-0.11229041430600313,0.6229100906786497,0.766679911455053,-0.07406984142835053
0,0,0.0,0.0,0.0,0.30890879681005523,-0.01043121980862997,0.13564830926394753,0.5694528475510057,0.08114025623613512,0.12764533300461592,0.7145145035691423,0.2048536146983883,0.07439102252623422,0.7844697414670198,0.33347992008215194,0.02799760471464933,0.7606865321932194,0.08041434422724496,0.027121553099586,0.9999978563198997,0.3369959855009663,-0.0413346126132878,0.8837945646898634,0.44752128763026583,-0.06262563179861279,0.7573066731024977,0.4558528089496387,-0.05593396886623176,0.7101544955639746,0.1356247679592419,-0.09376317222760723,0.9050594901734387,0.4281362905756104,-0.13200944757503663,0.7506294964669717,0.4919642880819686,-0.11127970850620053,0.6386201075639413,0.43797163964215735,-0.09337197832587464,0.6102972410379767,0.20052740272866204,-0.20707410778666566,0.7771639202402965,0.50055863906071,-0.20914512117211712,0.6229772068796913,0.5393142586747953,-0.12659562935322272,0.5240009491944058,0.4774476450703017,-0.07583558128637803,0.4782784270076929,0.2698646012184864,-0.31480737185000024,0.605952821374298,0.531802275243215,-0.2916138363136746,0.4898336045696698,0.5566449806451064,-0.20701456543310917,0.40311284985374984,0.4903910155511938,-0.14770753833512204
0,0,0.0,0.0,0.0,0.2968829168634413,-0.015187179262402742,0.12115463745367704,0.5575820889793353,0.07964113045366082,0.09882699427215239,0.7023241661788625,0.20606568694047672,0.035003791363581685,0.7625694084854686,0.3410507772857378,-0.021343424921560383,0.7502241280877981,0.05913863769739852,-0.020394656235276323,0.9999979107334865,0.3217391025433225,-0.10590913268117774,0.8734012226702378,0.4236576205450739,-0.13318749668309365,0.7486948998305389,0.4210053185876443,-0.1276148575345033,0.6927338627140378,0.10480412689240375,-0.13840978627563622,0.8697840000978755,0.4267013202559698,-0.18806207191600705,0.7031257657140398,0.4759092828978145,-0.16245195055399952,0.6089885663009668,0.41116315322132885,-0.14217468584796406,0.5813481391409715,0.16569941573833344,-0.24867738621557006,0.7490159381405727,0.4964257852777691,-0.2630482869704156,0.581773035461311,0.5179651769822454,-0.17024656271893712,0.487758996206742,0.44260224314675045,-0.11294682822739222,0.44144953130934655,0.23092996706960234,-0.3539925997465181,0.5652323397552478,0.5119833167256025,-0.339786218672566,0.44304999071995693,0.5227455719110352,-0.2509388352382325,0.3600212398600024,0.4497955311303167,-0.18969395958243387
0,0,0.0,0.0,0.0,0.16496048713228242,-0.08207447371633642,0.029290190712203214,0.4683256387937635,-0.13704508701362692,0.04411680287985571,0.7289639144000195,-0.024718464835934036,0.04195402064657349,0.9092025644208098,0.07181869418804333,0.05007017700544238,0.5239062395024062,-0.48477231992244835,0.13542597732104977,0.7767199450503044,-0.25880137405705683,0.13202693748623606,0.8312993634607365,-0.06867083835221226,0.11085093300188502,0.855015205310195,0.06560711871105046,0.08595265826475783,0.5284825377528706,-0.4631626442588959,0.08982268910770125,0.8152548984841363,-0.2653033682767794,0.03564532477192408,0.8604489051700345,-0.06507584090190312,-0.017827736594810024,0.8465777664639552,0.08971468369973119,-0.04266578005744644,0.5210155465218571,-0.3837945754825588,0.034752143069203795,0.8366757239276335,-0.2524748076450551,-0.03423677824185782,0.9510592647640445,-0.05684831033585698,-0.08844177377798193,0.9999983886174527,0.09122457302427259,-0.11232932766001144,0.5209304498683446,-0.23790207776544803,-0.016820017173597518,0.7389275223481939,-0.13587961823027728,-0.07693252942769362,0.844221760921447,-0.024362374719796683,-0.1189636611025992,0.9296751288483598,0.07894789204388347,-0.14454104027058645
0,0,0.0,0.0,0.0,0.20327625376017827,-0.08073492114110759,0.0063084320067832485,0.48803260972679324,-0.10440255170714581,-0.019694664436684304,0.7274686130269588,0.017544771866554048,-0.05629952580787694,0.9041389341792521,0.11017216950062891,-0.08390667300630635,0.5254233384273548,-0.4087236580979916,0.009101116244094253,0.8185623445557664,-0.19104236657599277,-0.04337495492459809,0.9240383841583647,-0.012471446714576874,-0.0771699351543238,0.9744016904108891,0.11892515682084584,-0.0973966571259312,0.5045493530739549,-0.38332342767002686,-0.03369366314190068,0.8383239468148004,-0.18491742595465238,-0.10778317544421746,0.9378986931898106,0.003340088466894653,-0.14556203561177009,0.9792921983306938,0.15358273850859025,-0.1614780465306253,0.48770998531867743,-0.30111242393287474,-0.08266946032676264,0.8259272533414602,-0.1373307421419421,-0.15924332385678125,0.9474425168970031,0.032186413924032,-0.19029048564790324,0.9999983562892858,0.15949059591332493,-0.19852409469799445,0.4868345004383486,-0.17180771098536174,-0.12946756725004122,0.7459347210410746,-0.05422064208129199,-0.18883402210370354,0.876277235294105,0.04797130050574419,-0.21392448705266429,0.975893130242273,0.13610223679439695,-0.2241876025145742
0,0,0.0,0.0,0.0,0.22310384310950407,-0.06766299899871167,0.037232187693313094,0.5043221409824438,-0.0962420539916398,0.01866584352953075,0.7328954806789875,0.019960414598691963,-0.02012777372541776,0.8940710016150004,0.1377288598610647,-0.051100088397853995,0.5834087551796623,-0.4447001417041012,0.040061210516518564,0.861997246240936,-0.19104283283215842,-0.017784916278195704,0.9314273940129211,0.010973219925751367,-0.06313308495716712,0.9614005724382628,0.1556200977291597,-0.09411469988856233,0.5616113507333388,-0.44560745897252857,-0.02204636848730978,0.8739764037601281,-0.19050920899433826,-0.10175174942149694,0.9386130589863589,0.02077825923249273,-0.14644870083120384,0.9508570883946179,0.18266514157488184,-0.16778908049881738,0.5306520718409008,-0.38129818057038145,-0.08864790135627168,0.8632828564809234,-0.1689532162086456,-0.16508235343104724,0.9641725281915584,0.039265484546747546,-0.19352608170649668,0.9999982755867693,0.2003823163680313,-0.20061316489856043,0.5039415353925275,-0.25504449444928773,-0.15165986509997284,0.7579676555007698,-0.08183528959239467,-0.2076544967908101,0.8645261201092324,0.0656587297566462,-0.22514674375305674,0.9389445342840852,0.1938059492441813,-0.23073703610557006
0,0,0.0,0.0,0.0,0.08998463514348311,-0.036206457633047535,-0.12081054540214695,0.3741717357130179,-0.08940528938954395,-0.1847733424292216,0.6798954552420261,-0.050742383533608056,-0.22137831810998596,0.8992578121219751,0.006164634852142774,-0.24226878647119343,0.5097782451578042,-0.4122909713698773,-0.170208838199226,0.8545154886330869,-0.21382657156052817,-0.25760831529498535,0.9551719261447101,-0.023266472943573716,-0.30466375336156165,0.9941189735880476,0.11473743378798153,-0.32729008688000727,0.5431105538059683,-0.47215845464050676,-0.1323321963154325,0.9003785170567465,-0.24282689545271402,-0.2199737999292029,0.9838096601143417,-0.030386934838705113,-0.24524408986119192,0.9999983050294092,0.137822813826518,-0.2507774505057335,0.5646102469875945,-0.4538462617863504,-0.10277696916008153,0.9015506453045802,-0.23110101619491927,-0.19380113945820174,0.9813394215530781,-0.027972968940262015,-0.21707659127593734,0.9880854732356193,0.1316031691630543,-0.2161326350370446,0.5890854203584291,-0.371725428187671,-0.07889141484013494,0.8601814486850825,-0.19192352360994178,-0.1506542015257404,0.9201822511885208,-0.036220803626082564,-0.16820533692368558,0.9367072187149517,0.08674739109544542,-0.1648270576201768
0,0,0.0,0.0,0.0,0.11915741647173783,0.12185416159704733,-0.3420433772377842,0.22342376992367657,0.10910326130987939,-0.58010532924341,0.29595401361270157,0.05610405899530231,-0.7564487767746485,0.3145666207404077,0.019426549830724435,-0.9118557187303197,0.07272204227473725,-0.4853589041093759,-0.5542669649087956,0.4969536376352822,-0.4559030799948971,-0.7555617795784735,0.7303504453571784,-0.3334661520368884,-0.8401431641285775,0.9073855080008877,-0.20741302666762615,-0.8878839089123278,0.11941469533894165,-0.6666006269016693,-0.45952094758260026,0.6131972630237814,-0.6092420381973798,-0.6725928062385313,0.8340246257659266,-0.4159299743246521,-0.7260401086883903,0.966419076604712,-0.23629777151118594,-0.7429030729214654,0.2031532248726821,-0.7543099165400384,-0.3800584677494725,0.6591569278623339,-0.7064641711929635,-0.550416007657493,0.872182201044368,-0.5239805830993592,-0.5824448240518504,0.9999972672218251,-0.36038713998079064,-0.5851555773965834,0.30965331922072686,-0.7722020369634969,-0.32476635610035204,0.6419027108030332,-0.7146916586141452,-0.4542354102089926,0.8231048929527095,-0.5676208492233247,-0.5001875822790162,0.9447214849215094,-0.45278038726734765,-0.5166358380626447
0,0,0.0,0.0,0.0,0.15677578097389538,-0.02637255660408749,-0.19439665853632204,0.31219046356265284,-0.11708898173307947,-0.3701164539205184,0.520750222303344,-0.15664382041081854,-0.5197656417661083,0.7131611370852347,-0.1799187898541764,-0.6563790050573121,0.06110505295227366,-0.4876975448111034,-0.38773403935263673,0.4401641511223076,-0.3880146672533685,-0.6155869510745916,0.6784859483527146,-0.24349878357322885,-0.7452901552666858,0.870346744034665,-0.12467956248555392,-0.8206874214719958,0.054911239048990444,-0.6058268638312491,-0.3802600719456905,0.5476601440869712,-0.5116650096191386,-0.6281969647398742,0.8068997311923215,-0.3145155032516581,-0.7040405756461325,0.9852741913382732,-0.1608626047139533,-0.7318399558384884,0.0978235047590847,-0.6506050706089997,-0.38670203462689884,0.5829697978463465,-0.6052058116773482,-0.6035042695048003,0.8401250542537163,-0.41969453401023665,-0.6419382936577464,0.9999971469963014,-0.27381493739127705,-0.6360228553237373,0.16874916144585464,-0.645322800653272,-0.4051998531319895,0.5537129846567612,-0.5968471473252897,-0.5612663035662788,0.7750667961341137,-0.4701532731647538,-0.6013579122406056,0.9315106350730529,-0.372136355202796,-0.6086937972026827
0,0,0.0,0.0,0.0,0.1189595441880904,0.06208955243221498,-0.1872716578031422,0.2915431121737593,0.03737536939744789,-0.33243306434436004,0.49707912330217213,0.030938309422738012,-0.4415868376763725,0.6759290012229744,0.06023198313415565,-0.5341747960625086,0.19426561258262307,-0.34778212392440067,-0.388581642782611,0.6019645936116462,-0.1948910863283824,-0.5480660247959903,0.7659787046482535,-0.02031596961919726,-0.6113978266962825,0.8854222023809588,0.11936047453899791,-0.6451376089480572,0.24031332198752192,-0.4878075156110044,-0.35684248058352114,0.7232898508535271,-0.3048587034760498,-0.5303256407103603,0.8839701924248231,-0.08707348618538595,-0.5604243482222733,0.9773488870021064,0.09257996964357607,-0.5625512576024367,0.31335521648603576,-0.5463181113763474,-0.3300673512905695,0.769005616805887,-0.3598020457090657,-0.47309010798650664,0.9134117698653185,-0.1513664010106748,-0.48176435185316585,0.999997494787673,0.010365206818712926,-0.46877656030984355,0.39932214983514613,-0.5394586559714217,-0.31554475058084025,0.7435303380547044,-0.3706120276363343,-0.4154380780629253,0.8686855627343606,-0.2013989250689508,-0.4307525348809833,0.9529072171481238,-0.07434021448680175,-0.4270925708713303
0,0,0.0,0.0,0.0,0.3512020277097718,-0.16739145122162416,-0.004805456502852289,0.5489683141321359,-0.3742552935455965,-0.05821336497412043,0.6974026962555654,-0.5689281503876974,-0.13659068166403074,0.6858023077264307,-0.7915356137424775,-0.2103005406686869,0.10392728725442472,-0.844238718099119,0.027181153245050636,0.30852612567328525,-0.9673089540497813,-0.06575649100575566,0.48427956411094425,-0.9108679694185625,-0.13459377333301953,0.5957491355009928,-0.8077890925183778,-0.1752851608519076,0.0034376960410283986,-0.8510425352186386,-0.038077569001796874,0.269989591697764,-0.9999981475841007,-0.15966520192374808,0.4674762030254781,-0.9093788347949765,-0.23653210196303182,0.5720104282962039,-0.7501936062257167,-0.2704112948070089,-0.05241716334741548,-0.8010201657778196,-0.11291807019691832,0.22025992603740974,-0.9598585607935584,-0.21379672778014197,0.43667020665434425,-0.8638558060670505,-0.24776478895882348,0.5515119994185728,-0.7139992545568707,-0.2481901534681558,-0.07085176006192143,-0.7002572481937933,-0.19091513972275936,0.18165708930060254,-0.8248108221069801,-0.25708286640910516,0.3870824763805563,-0.797166269472566,-0.2759872963042305,0.5205481130413792,-0.7155785134583912,-0.275761474951158
0,0,0.0,0.0,0.0,0.227199346149796,-0.24660569056202106,0.15553709409894823,0.27288139171167813,-0.48346277585019526,0.18667298901373233,0.36383685451582026,-0.6311734884640099,0.16184522165186824,0.428318341800193,-0.750093639213581,0.14266442683839525,-0.15395927899220485,-0.6252577260390231,0.125589816332389,0.023321282236991,-0.9386433516257956,0.030439630620558527,0.24642149621120663,-0.9514614011065723,-0.028643022816173685,0.4002671732990767,-0.8666237259223422,-0.04745741975041854,-0.18541300341363912,-0.6053638513411107,-0.012567653679711254,0.03017505862520003,-0.9999987091610653,-0.1362249975886683,0.30853907905346495,-0.9682348011450996,-0.18580043777639071,0.4621561674127345,-0.8466315026743344,-0.18546969196788465,-0.146033189877471,-0.5748374077534338,-0.1494775272277779,0.04615588052825244,-0.9642758921125264,-0.2393171485025659,0.30732073421422257,-0.9329747397034835,-0.2295827001880131,0.43558478585782273,-0.8260697503397284,-0.19424629503520424,-0.042974757916891836,-0.5261949419591849,-0.2779144822777555,0.131598631077308,-0.813803341396442,-0.32618153859572574,0.3202204939709245,-0.8265782467743702,-0.30314889675434054,0.43410407563166425,-0.7721177131152624,-0.2684463232899231
0,0,0.0,0.0,0.0,0.2279989815740238,-0.25940282228868555,0.1293106342309466,0.28251950811682924,-0.48071990306914375,0.14541674651426048,0.36928047924236257,-0.6246955079120221,0.10661647069761733,0.4133189521136752,-0.7406372787458111,0.07168098540432447,-0.17802944315488117,-0.6282482737432272,0.1388326725166865,0.002874085140763436,-0.9420525967314839,0.04022537719975606,0.24229515226648993,-0.9521452297397284,-0.044022325320984886,0.4169149328833879,-0.8777583953224343,-0.08653048953838152,-0.22496036070878947,-0.603516959564543,0.007928459765201975,-0.002719779415237193,-0.9999986948220382,-0.10511055008358602,0.288357764624804,-0.9799088050694742,-0.17593159778698794,0.4586455491106564,-0.8766797333424574,-0.19923069266475488,-0.19513633523038895,-0.5714718573951231,-0.12480420241504986,0.012534082547252037,-0.9657964631793365,-0.2111421455804217,0.2916041361530168,-0.941981647993556,-0.21783032829349128,0.4380179815048155,-0.8371820380445301,-0.19878934406009555,-0.08132611887252017,-0.5228493336659158,-0.2520128195389899,0.09824109150014633,-0.8137394703488646,-0.3018179778229992,0.2934134067648463,-0.8282593590600765,-0.28525154476017717,0.4149421378777816,-0.7707785703321659,-0.25983618205890546
0,0,0.0,0.0,0.0,0.2232342208782258,-0.24458036562763494,0.16170328133159836,0.2718427996899855,-0.46883073329232083,0.1873660709458744,0.3695539256409817,-0.6072068996218917,0.15402474157872914,0.43455759650711856,-0.7297858579496983,0.12445145344613907,-0.1588730580691481,-0.6334796120691106,0.13014123713303463,0.04697933700769278,-0.9471273820321159,0.03634692739228619,0.2738211564227491,-0.9428086708818257,-0.029077639994047052,0.42369456168566116,-0.844879896199579,-0.05290620113426735,-0.18627568911242356,-0.6126708179401964,-0.013540103682068112,0.05010751852284408,-0.9999986979711976,-0.12683723876987282,0.32988590193217865,-0.9589333802727418,-0.18121120985345254,0.47921815383334737,-0.8313142958566806,-0.18941063784952428,-0.14331844943764208,-0.579671327848849,-0.15478552437881835,0.07281527746009009,-0.9607480445161527,-0.2300723993338591,0.33841552815941023,-0.9224274911259511,-0.22127700805753964,0.46207508585748996,-0.8096613513758342,-0.19283566600294721,-0.03539541109527978,-0.5270620712263121,-0.28755645980904837,0.15489515790237945,-0.81604273922555,-0.3220279405931429,0.34812516827812423,-0.8231727820576834,-0.29208709617697526,0.45785575042492704,-0.7615676365666768,-0.2563311037240302
0,0,0.0,0.0,0.0,0.2478012904185543,-0.199169546338272,0.18631298732754886,0.34498975427134443,-0.4125141399181796,0.22409007815118495,0.4641683366232664,-0.5396432606162438,0.20192721559543755,0.5550073294629116,-0.6538616151713968,0.18338727451026135,-0.0480292761542144,-0.6392599406748931,0.12565128756412583,0.18004979357044149,-0.9416336538641055,0.04104618410829904,0.405959821970641,-0.9250212965611229,-0.0009956534647535221,0.5427331332041476,-0.810215957152823,-0.005301636451320574,-0.07485066217186116,-0.6321281629038782,-0.025867489856079066,0.20680136856815806,-0.999998684745019,-0.14110423373320216,0.4743998647907323,-0.924137585475033,-0.17229869610444587,0.5960395893770037,-0.766261669000822,-0.15536803426056317,-0.032006294761209496,-0.5931812965228156,-0.17175412311180688,0.22478254711032203,-0.9521088346424001,-0.24400096359252688,0.4769416757948832,-0.8826598638338232,-0.21114907746273573,0.5826633119074834,-0.7541235277954986,-0.16018148644580565,0.06980043656388522,-0.5214144313026488,-0.30663634357803005,0.2839597925583177,-0.7911519434475083,-0.3349893386876207,0.4716160474771771,-0.7801264080227623,-0.29368191124971615,0.5738952673111087,-0.7069493484407098,-0.24506292600547386
0,0,0.0,0.0,0.0,0.22668597508339197,-0.2558611363012253,0.13602442718171429,0.2702982949220173,-0.49491656210645596,0.15629293253195603,0.3603645419934861,-0.6470787131789936,0.12363597394129289,0.391145581694543,-0.7803783601236666,0.09756944935573111,-0.16811089670485754,-0.6267549056272353,0.12597827310620738,0.004738584972366609,-0.9421209379034516,0.027827874694238024,0.23026406162858898,-0.9639305085312279,-0.04352014852603615,0.391254178652023,-0.8836111502297912,-0.0707817025257408,-0.20396208122046514,-0.6097035851423386,-0.003397079067288643,-0.0030147154660662184,-0.9999986920641689,-0.12078585081563395,0.2776889688366036,-0.9882580005751483,-0.1801159528543077,0.4409455113789597,-0.873783983127408,-0.1898761921117544,-0.17461026479398167,-0.5866968168643247,-0.13384101960163228,0.008619425490552548,-0.973985920243993,-0.21317854213010232,0.27270395530530356,-0.9548503450516539,-0.20944354350581854,0.4096720043552889,-0.8496803894767987,-0.18194760074805685,-0.07839203516284378,-0.5451058582690735,-0.2586363865734828,0.09410203120271396,-0.8334226921269675,-0.29594382666445795,0.28457345463567113,-0.8478874092721451,-0.270383431725127,0.4025584748655708,-0.7914123333292733,-0.23575817276990155
0,0,0.0,0.0,0.0,0.2359977427344218,-0.12684224671677205,0.07426485852586179,0.3478394878081173,-0.3192985812135232,0.04305385245888593,0.4833548491963024,-0.45582224910799557,-0.03539762627069905,0.5040692742324894,-0.6031408443065779,-0.1082574347356827,-0.08985119354906027,-0.6355793451738638,0.03816908361055481,0.10752171664720622,-0.9511737074393268,-0.0970921565594235,0.3515380034216169,-0.8745284021282894,-0.19126888817137877,0.4652767851802684,-0.7167585216743888,-0.22659043542007845,-0.15807263066999333,-0.6249503956664773,-0.07558877741635327,0.08236058459123205,-0.999998555681874,-0.1887384585199333,0.36889301374746464,-0.8978220149459112,-0.2373039664551003,0.48010089237029197,-0.7322743895415754,-0.24585132797995543,-0.15688065526883613,-0.5856622115138761,-0.19561872459170385,0.07577953912473176,-0.9589627299267799,-0.2973373521284987,0.34331297714851555,-0.8427242411962502,-0.2760710380049963,0.4355272451431966,-0.6777703759637119,-0.2330826595215532,-0.07892128015300935,-0.5045765481781285,-0.31332390651206743,0.1278494340781644,-0.80255311628761,-0.38222642938962736,0.3268769569575337,-0.7393779895859339,-0.3457168667909371,0.40974868945750265,-0.607421702661745,-0.29834249489825615
0,0,0.0,0.0,0.0,0.27336397819913505,-0.12426796871850573,0.11239634393206566,0.40823134186318616,-0.3048176069959229,0.0828991778057251,0.5552288240987434,-0.42887078517177324,-0.004911770674815918,0.5920837712114105,-0.5854911929002787,-0.0920334308873978,-0.03973897846758578,-0.6551403909837804,0.07024309748574248,0.15124127776673646,-0.984085775650152,-0.056865776247777514,0.41952121292659056,-0.9060132554357153,-0.14717238884265713,0.5485962340015116,-0.7347554792222222,-0.18561065461943416,-0.11056747847844865,-0.6340544979846061,-0.07298855955776137,0.14539105449157758,-0.999998474349141,-0.18197278757400817,0.45850187711170215,-0.8900037782290967,-0.23375966721285527,0.5772813200078061,-0.7087611858311587,-0.252625406230801,-0.11262199275881059,-0.578204501036188,-0.2209158384067888,0.1360656257218712,-0.9677881112807505,-0.33053167292719793,0.43536915391381475,-0.8372729955487822,-0.30794245073515975,0.5364629326742929,-0.6566495173388349,-0.2704905550546427,-0.0365305333696851,-0.4926309303604233,-0.36227656933961894,0.21027521259406887,-0.780686258854827,-0.4410972644861884,0.4297398593530426,-0.6963329339852681,-0.40379200290814043,0.51653742693996,-0.542968303478902,-0.36136373226730256
0,0,0.0,0.0,0.0,0.2306327026961382,-0.11933434146228139,0.07073763057286725,0.3430895195330998,-0.31223591808590373,0.035306776551756854,0.4796920651704444,-0.4477720673332866,-0.04763362904734534,0.5156256693497601,-0.597483406545006,-0.12593582024240127,-0.08162627403077183,-0.6320206478118227,0.02710506234109932,0.1141354508320456,-0.955572747403602,-0.11450487158414062,0.36046644125511296,-0.8704395653235841,-0.21093548358507125,0.473358654332521,-0.7049919530000839,-0.24769709463002845,-0.15782552593359508,-0.6233573059646881,-0.09045691733971675,0.08879413587925677,-0.9999985290501869,-0.21919041130875452,0.38472834001493844,-0.8844365768727681,-0.27351746819292583,0.49779169555335157,-0.7108673473337599,-0.28285845352423494,-0.16699006443971323,-0.584408981743538,-0.21457318147356136,0.068294565647429,-0.9695670629329726,-0.3279888388531291,0.3449673521303373,-0.8481871219169305,-0.30971175337745843,0.44520580717262076,-0.679105910531811,-0.26664597125418094,-0.09619758163794703,-0.5008893127247354,-0.3363456235204972,0.11565679508581647,-0.808269304587082,-0.41799142725577154,0.32271988430496545,-0.7460713164923355,-0.3872276054602502,0.41298271533561937,-0.6157194160765267,-0.34208406881519277
0,0,0.0,0.0,0.0,0.22459805193665083,-0.14238044063547137,0.07581024036837947,0.33270274182355963,-0.3500072265477642,0.05167980537189911,0.45939615996799055,-0.4877200712499304,-0.018483640077320073,0.46678071112596253,-0.6219711662505636,-0.08233457925404525,-0.07312786855413247,-0.6508743487174975,0.05354517041133496,0.1005598446054592,-0.9680510560439158,-0.06691347003195834,0.3389172464410755,-0.8958944150142246,-0.15809305638973023,0.44930177329924287,-0.7466111301908457,-0.19744643021028543,-0.14005792560523922,-0.6356832122877449,-0.057839394677908745,0.09583299817180703,-0.999998650294036,-0.15898616818323205,0.36681542296695824,-0.8929377929235075,-0.2102758127346609,0.4587773482250596,-0.7360817169360476,-0.22700864879241572,-0.14442938970992653,-0.5910362507405041,-0.1749114295751074,0.08198740721870454,-0.9557862024720992,-0.2651098379043489,0.3359537560387941,-0.8394820055890283,-0.24937693951673978,0.4167898612745182,-0.6824796436157321,-0.21765714594285163,-0.07391686961611837,-0.5105510227040511,-0.29005604831060433,0.13001172773446545,-0.7867808576465273,-0.35035332760919335,0.32082705905341075,-0.7290394751860542,-0.3171226663886444,0.39364910170520934,-0.6097706716743716,-0.27855205885237394
0,0,0.0,0.0,0.0,0.23360795860040964,-0.1412015922889166,0.05629863479786898,0.3551157250790416,-0.36872757422486374,0.01275323357849292,0.4892438128305316,-0.5404654049728758,-0.06733243790489164,0.5297682138466938,-0.7074082444614114,-0.14377916988510883,-0.1395924881698055,-0.6813867817835986,-0.001105068593023872,0.0021321994908776736,-0.9557060303289073,-0.12429073943862434,0.27670315292998043,-0.9591032085786496,-0.20139444365753753,0.47544364736493816,-0.8707379228185582,-0.23729141670956425,-0.23021002321281434,-0.6558780876137208,-0.11296281524458712,-0.05059731336438361,-0.9999983340766817,-0.26267226629114476,0.28639183643593713,-0.9990321889399377,-0.3285041117534322,0.5022041262356843,-0.8872392086050477,-0.34527943179433185,-0.26440509931639894,-0.6005654189974836,-0.2276008217408311,-0.0925760148389538,-0.9714055816016222,-0.36870093273325083,0.24647632319875604,-0.9774865528863126,-0.37326220422596657,0.45867083456742064,-0.8824922273327105,-0.34279922195717494,-0.22410148466301633,-0.5016739311450337,-0.33808786340021757,-0.01783156458215323,-0.7901915624303376,-0.45461887588626404,0.2445566187905626,-0.8210071226967185,-0.4559214508837648,0.42473417830153964,-0.769613722322218,-0.4284122743852433
0,0,0.0,0.0,0.0,0.2096840566676771,-0.1715937751314804,0.04924245531073454,0.31206013795626575,-0.4072535278513078,0.023315137383334225,0.41699766709915603,-0.5805691559328201,-0.03951958608995817,0.43817788631159654,-0.7694239053686418,-0.09720585745387111,-0.10022292450179224,-0.6348200345958112,0.03220580092230485,0.0024825843604070396,-0.929631643483483,-0.07860979319253465,0.232507221668761,-0.9511804163440245,-0.14649929654245974,0.40273481558762453,-0.8770797578374928,-0.17189625638173162,-0.19157209024317087,-0.6227858409679442,-0.0661130188854324,-0.07456477846492514,-0.990110860461911,-0.21236878529433958,0.2248592967957277,-0.9999985347620469,-0.2769803882183526,0.42360752830836756,-0.8861132741241597,-0.284011793579453,-0.23641799508305308,-0.5849693982856861,-0.1704175331205877,-0.12303683199417978,-0.9568610551178374,-0.2939343582071757,0.1719000589333501,-0.9607144494452096,-0.30279307351595774,0.35651862479070345,-0.8708133196336711,-0.2725991412253117,-0.22806593187167526,-0.5145037311360315,-0.2729681097146043,-0.06992912465270938,-0.8099673612081371,-0.3610189604766955,0.1539908843502871,-0.8360952166426106,-0.3559094925224514,0.31313365962509443,-0.7799629458408036,-0.324632584550558
0,0,0.0,0.0,0.0,0.2540430701049672,-0.2560240042365108,0.13651430154073524,0.3337418102410282,-0.4801538871366334,0.16050931939673083,0.45042728535890314,-0.6311293158630961,0.1303261770034749,0.4664535788690759,-0.7424331206996208,0.10574425374414047,-0.15024062138986324,-0.7024768692217755,0.1927188643400064,0.08852852795749738,-0.9525897717392522,0.1197012112090444,0.3017907709258638,-0.939298688661486,0.046129041266308804,0.44557613964198134,-0.8593749717331559,0.006366881627410557,-0.18898974054232998,-0.6941699729245675,0.06620446942077027,0.12019350731177882,-0.9999987351983785,-0.025177555177593052,0.3595898098583978,-0.9455108525636235,-0.08969701718689935,0.48815629109440106,-0.8197585507438258,-0.11261727471219703,-0.16568424065107967,-0.6653882849825752,-0.06456736675216689,0.1271048953902742,-0.9524479479676324,-0.12480627871415395,0.3690111300248251,-0.9025414914490485,-0.12917104899422457,0.49455809363973297,-0.7914394061909485,-0.11650242620951957,-0.07128181497789408,-0.6050990279375397,-0.19113053774063252,0.17509647655731825,-0.8166580852025832,-0.21546372754801327,0.3622402275800379,-0.8069736795839246,-0.19609832762002005,0.4785111438034878,-0.7499532672928427,-0.1743859657241209
0,0,0.0,0.0,0.0,0.24944010246404325,-0.27538174571421975,0.14299239676211728,0.32464505768990565,-0.49723745899385347,0.1670682399699955,0.4323161336914574,-0.656861917272616,0.13258594034538887,0.4510908108715456,-0.768360970378892,0.10219433679716965,-0.16195223622107183,-0.7105755073138664,0.21913411194990776,0.05970997533001995,-0.9568126626962713,0.149167956202639,0.2723604121173683,-0.9443492784190123,0.07330658673786555,0.41334750616985527,-0.8728606891289094,0.02960649385175263,-0.2056870662376696,-0.7019761574089473,0.08527624440124872,0.08583196099489626,-0.9999987455872117,-0.0022927277666976082,0.3254259433363091,-0.9492723384803275,-0.06859010282649122,0.45600850626940537,-0.8333576252761513,-0.09538012461008165,-0.18928149546992598,-0.6714434463888614,-0.054364566795647745,0.09376807400529012,-0.9523253366761116,-0.11973695842212398,0.33701040134059945,-0.9075217049461927,-0.12481433199966584,0.46583739217703235,-0.802585467082319,-0.1120510873351126,-0.10216035163926761,-0.6120856696261896,-0.18962301806170317,0.14969915796659347,-0.8195837490469654,-0.22112490133093615,0.3426555974412077,-0.8120536681605464,-0.2025855964234329,0.4627252892222018,-0.7550878957639927,-0.18053623147061826
0,0,0.0,0.0,0.0,0.2733960816993243,-0.26012117140887536,0.15649036233837446,0.35245670043207405,-0.48146277025009976,0.18456360499325372,0.47667891530071144,-0.6292886887022102,0.15218451439633138,0.501300617374631,-0.7576802962746852,0.12189783254927787,-0.1321355345743605,-0.7097626067367331,0.2229749795043963,0.1138403572346008,-0.9470306211660886,0.16854034222790576,0.3313259853345477,-0.9267478514145673,0.10170098328539934,0.47468963015549104,-0.8541240894024336,0.06154797148503518,-0.16506502030833883,-0.701020608415272,0.0836274969703135,0.1443529239010211,-0.9999987236245003,0.010301292177876661,0.38359455142649523,-0.9410743676114373,-0.053886969196987114,0.5105707865741972,-0.8218791717064688,-0.08264871216676324,-0.13610741000887436,-0.6689945478418985,-0.0584141515485091,0.15359292820996154,-0.9717519092219224,-0.10106694552313583,0.3939241054986021,-0.9111424465603454,-0.1015023964505473,0.511372115181915,-0.7985259356164695,-0.09296746317589694,-0.038130323698547686,-0.6047894720605916,-0.19528585924325506,0.215582044718383,-0.8211929489739506,-0.20266490281873506,0.4015277120397928,-0.8029333951147343,-0.1736031038239065,0.5066418951578511,-0.7391533666068841,-0.15050961673218882
0,0,0.0,0.0,0.0,0.26189608155243793,-0.2907807616608601,0.1973293675130002,0.3261167285882184,-0.5084006240037791,0.24238217037761706,0.42782409321144604,-0.6647105431539492,0.21472593647408625,0.43506569867364386,-0.7924009417104374,0.18556941496479026,-0.13857314938090326,-0.6971849552229484,0.30473526736060985,0.07090661654436907,-0.9430098384897203,0.26214921268782276,0.2721339190001792,-0.9430791073759732,0.19370683862798338,0.39583805277564316,-0.8804848314251426,0.15154695836496454,-0.18151659215787072,-0.6903690230290587,0.14364121982306108,0.10348363268711064,-0.9999987544061449,0.080413983647418,0.32468049428536294,-0.9543542519635916,0.007329765933159477,0.4331287683698343,-0.8399258939581755,-0.028463163122367952,-0.16175331768901263,-0.6679253841808345,-0.02064359307039735,0.1110394724055419,-0.9812748473253884,-0.05453723543410126,0.3409509612641727,-0.9291820092302745,-0.0586112881344061,0.44867128097596387,-0.8190914388989015,-0.05360055564331873,-0.07859056286861979,-0.6137646879352795,-0.1776234293079577,0.17375250032160489,-0.8324782079911366,-0.17733159793106706,0.35818035314635177,-0.8284751271300091,-0.14947280079331277,0.45980404570654926,-0.7765945688452048,-0.1291257336451097
0,0,0.0,0.0,0.0,0.2831407904970074,-0.27377758378301253,0.14403538248639616,0.3712061280773124,-0.4885560693486948,0.1750706448809293,0.48005368484303385,-0.635673646907594,0.14862583657420472,0.4944113995502794,-0.7636921683734168,0.12495222246911039,-0.089856846690103,-0.7105381622071619,0.2238808509138854,0.14065122858899193,-0.9414809779716736,0.16170513888338028,0.3477209628333155,-0.9309908500412817,0.09305376878422894,0.48431840408964055,-0.8607554280926512,0.055337713690156706,-0.12977619451014472,-0.7092548072536736,0.09731436304097535,0.15753462627703554,-0.9999987530478218,0.016426220972938936,0.38609674688002976,-0.9489980659128094,-0.05180192075354494,0.5128202259210933,-0.8340421795674021,-0.07950583576255174,-0.10439108123371478,-0.6827452068764849,-0.034378894957841646,0.17340966833561397,-0.9650779453057142,-0.088509713123329,0.40863844147020256,-0.9120810046317543,-0.10592851405610663,0.5349903741272684,-0.8064154873415467,-0.1027425911441929,-0.01569803911529166,-0.6226451079871502,-0.16120062819150777,0.23017235313136186,-0.823791654088583,-0.1781232690263309,0.4131836600273129,-0.8145837476685196,-0.16531025153557258,0.5269340831196578,-0.7615654388038418,-0.15002144114408394
0,0,0.0,0.0,0.0,0.26392422376570207,-0.18742145056338175,0.21359653625622033,0.3657765709603,-0.3957018599160438,0.27289926205977527,0.4946231037557895,-0.5124025423407709,0.26327245618965217,0.5488231690739289,-0.611814792285609,0.2589217956465371,-0.0545611320135873,-0.674396765878223,0.23592700012217335,0.18143894138461952,-0.9417143276593498,0.18911725366083995,0.3806572018880147,-0.9150786800525539,0.1649709831136214,0.4810392386679961,-0.7880850282841402,0.16914662566550523,-0.09977586525267262,-0.6668877971682035,0.07541283345061284,0.20713070641185724,-0.9999986637931091,0.006149470887488622,0.4453267279576079,-0.9024008466681718,-0.00034882068408184874,0.5331622645352506,-0.7387184063570548,0.027744876612425442,-0.07647207038747639,-0.6275095455825459,-0.0848536698211832,0.23390730423024886,-0.9567444506323619,-0.13953627905485033,0.4667087894392235,-0.8584140269125029,-0.08765907481669032,0.5391174955970632,-0.7123801698691463,-0.024991043245083167,0.01804947203174787,-0.5513759627776555,-0.23363983908716654,0.28670961494265074,-0.7976259578634577,-0.2534840519259225,0.4599242239780066,-0.7553420293137105,-0.200640505461548,0.5234131850036768,-0.6604282594304062,-0.14631578711336274
0,0,0.0,0.0,0.0,0.2533417343057645,-0.20938198852553597,0.2474454584885035,0.34869494321241645,-0.4150102885324835,0.3174571668865531,0.4756138576245825,-0.5313201462163997,0.31001547687053177,0.5149647779879578,-0.6269110184660248,0.3064128023857782,-0.06168754105991954,-0.6856340875380312,0.2762552259359069,0.16893857904950121,-0.9442213524512049,0.2423090173389638,0.3613042844635177,-0.9204917896627604,0.22524388704060505,0.46055165644199314,-0.8019057930799973,0.23295170866454099,-0.09944478306159317,-0.6759931462731479,0.09624744071318371,0.19013067437861622,-0.9999986950321582,0.041242017858489355,0.42170149752586444,-0.9156505414749295,0.04586180083496998,0.5073199599011871,-0.7605448848712258,0.08222893979302308,-0.07219548100012653,-0.63656704946697,-0.0818813709640355,0.22726029225512168,-0.9453739088250691,-0.12313080763675766,0.4506817245432649,-0.8511761925682418,-0.05260287372882856,0.5157096975872558,-0.7129822118142737,0.023758171691336025,0.025151673184587844,-0.5618130803829227,-0.24743985885846273,0.2864665051186117,-0.7972011400609371,-0.25147832725414526,0.45111823793903183,-0.7531894358080834,-0.18012746311721983,0.5073822633990505,-0.6564910624918816,-0.11114760292730819
0,0,0.0,0.0,0.0,0.25703839079114127,-0.09011065714821498,-0.009311441716279954,0.41090480859096346,-0.2524884923795743,-0.09580684432430008,0.5794905670933956,-0.397480683584457,-0.20641136098363774,0.6113950862775577,-0.568660964612666,-0.3020873777366049,-0.1488991307838182,-0.6012389401706169,-0.09941708373911025,0.12042990856419931,-0.9282020561352158,-0.25436951154112114,0.3955236340531155,-0.8335583765014097,-0.33243243118817206,0.5216620221617818,-0.6453030521669562,-0.35327729136352953,-0.21942520610189536,-0.5989329355418256,-0.1741023077226758,0.11104261662747232,-0.9999984400492821,-0.32414379457557707,0.4296618191861286,-0.8806790766661522,-0.3630319020086167,0.560720632235362,-0.6987268641935027,-0.35945085841064617,-0.21592333523653306,-0.5577348020816562,-0.2564769799663873,0.12029020565081844,-0.9688600786063901,-0.3972363123662923,0.42502861041822937,-0.84979703868846,-0.37329660262562225,0.5434766901988969,-0.6708567838361786,-0.32471041657500666,-0.13492502725308686,-0.4612861887010617,-0.3391152978745856,0.17241961555896015,-0.7367704779754397,-0.45163039715613856,0.4205732729803119,-0.6767753291424132,-0.4381221249705241,0.5414356794490643,-0.5643676918523012,-0.4032536260051317
0,0,0.0,0.0,0.0,0.25304757653309123,-0.14263679557499903,0.11139429518626827,0.3510003179408729,-0.3553876171556359,0.09787511901910217,0.48373352910497247,-0.48306003116272656,0.03350273694181975,0.4908207377454129,-0.6025199383630443,-0.022296167970624507,-0.14964051379817517,-0.6461636427545817,0.059507455826411405,0.1144873603148701,-0.9506840049256502,-0.0538986671355515,0.360072085652187,-0.8953899139185553,-0.11210537087712472,0.4692790094072605,-0.7290916896659073,-0.1192060764917993,-0.2039206057545049,-0.6298510646182146,-0.06618804810989772,0.11613225446784428,-0.9999985611332671,-0.17039358176333844,0.39655606866800214,-0.9063497786084801,-0.17643290419212862,0.4987681506849399,-0.7412274098934819,-0.14711757263903907,-0.17652918801157208,-0.5845551333251913,-0.19614390037226367,0.1525053886245797,-0.9434885310407373,-0.2772633312954251,0.4203812406216262,-0.8440721022754384,-0.21435463121546366,0.5004741510755112,-0.6916713232414679,-0.14298068035371356,-0.06954524485792674,-0.49819456680136154,-0.32232909576016583,0.22273030637086746,-0.7694725568183945,-0.3646479311574571,0.4151141831117455,-0.7192871402414855,-0.30448090715259035,0.4781673297610725,-0.608472500654839,-0.24186395183578127
0,0,0.0,0.0,0.0,0.2384527394707634,-0.13642259752202962,0.04178850575210145,0.35259322136688903,-0.32128528608042356,-0.01176522639182393,0.4972118739547504,-0.45890477099897947,-0.10138784348765313,0.5202633977730151,-0.6013746994124153,-0.18054211596780928,-0.1927502553454512,-0.6296888755786758,-0.018674637560126293,0.06643798959681944,-0.9666629293901844,-0.16326654579336256,0.31995635772556164,-0.894042781217838,-0.2519848385115104,0.4389501831238883,-0.7249817567692846,-0.28155671160280993,-0.25908250795658905,-0.6167113881296816,-0.1125101418782472,0.0775721145797696,-0.9999984795609617,-0.23437042060664706,0.37351514293400123,-0.9028617487937042,-0.2674504189604121,0.49508408420817357,-0.7360325291980623,-0.2619764965478179,-0.23984768830479314,-0.5685132211415513,-0.2134416115221474,0.11295859297496279,-0.9606428540363344,-0.3279206013040817,0.39898636036075025,-0.85550290736194,-0.29504283314834406,0.5085742838890029,-0.6978940118241334,-0.24198210154098415,-0.13964446034307937,-0.47612850354256275,-0.31220086240106026,0.17674964620212663,-0.7415167375741233,-0.39480401390036557,0.39618141890471287,-0.6815443596121542,-0.36013691857124536,0.4959775583387371,-0.5703326585471968,-0.31121939117334924
0,0,0.0,0.0,0.0,0.07258471714782587,-0.17789950894485354,-0.014172302410961008,0.2794336927472248,-0.3492911774103558,-0.055055249739261805,0.5024250409292815,-0.39523188198291975,-0.10126866142941957,0.685089786519544,-0.3895544883118032,-0.14039890296289115,0.3009000168506888,-0.5688120556791151,-0.07758486250900667,0.6589901470047675,-0.5127770597178521,-0.1593257433099991,0.8404558112844924,-0.3925182287626505,-0.21097897753377015,0.9613464593107305,-0.2811124183135233,-0.23898546252565037,0.29640572025876644,-0.541598051279921,-0.1094019149309878,0.6693764365719156,-0.4869387843821886,-0.18147595788404117,0.8601516691324064,-0.3732597229473835,-0.2097129530892119,0.9919635652206611,-0.25150516387811656,-0.2267823231031915,0.3083899636984155,-0.4593204375877366,-0.1453429283684272,0.6620526670724305,-0.4392730146368628,-0.2093468701981511,0.8625066596644219,-0.33997674053802485,-0.22860256044239247,0.9999980317731975,-0.22517980941945256,-0.23659785829592134,0.34042805311034047,-0.3343661873499021,-0.1822287565225849,0.620734514217779,-0.3304483202677465,-0.22006925389205062,0.7966795476090119,-0.2858526081083501,-0.2291136599057053,0.9339793435725857,-0.22714830417047152,-0.23338752074941319
0,0,0.0,0.0,0.0,0.20601452496308015,-0.1674162574591252,-0.0020276293455204963,0.40104280308161644,-0.3444253737816375,-0.056758606949780833,0.5973196231178117,-0.4075156777372632,-0.12157076848523536,0.7725999315856742,-0.40076083607800755,-0.17940996654339456,0.2804045351045351,-0.6831655239961449,-0.10362240993702435,0.6391848079223068,-0.596899818731197,-0.21475235931229547,0.8238817926008374,-0.47786730175417474,-0.28836784796002174,0.9568162142315388,-0.3648475473459338,-0.33264258596791474,0.24579317886062255,-0.6371223401517094,-0.16305293668827495,0.6297043371443174,-0.556381421970011,-0.26331879273255193,0.8388556982980093,-0.4339088109849184,-0.30111106197994714,0.9999979095796181,-0.3113574847304799,-0.32368524310183516,0.2293356133775591,-0.5225859072850377,-0.2248933437146798,0.591324553573561,-0.4848275289015319,-0.31258159307163047,0.8037584691727124,-0.3840722644859336,-0.3241051409375231,0.967525976418103,-0.28169400771626646,-0.3265173730143535,0.2303131529828676,-0.3621190524556212,-0.287418561124518,0.491477583000012,-0.36760803296898015,-0.3401559849042232,0.6598771739069856,-0.3417631965836231,-0.33795261150604916,0.7971897469176287,-0.30187078401427564,-0.33261121822900247
0,0,0.0,0.0,0.0,0.22905381596529445,-0.17034967501771722,0.03483180968479849,0.39842470671261837,-0.37564487951215314,0.007324913911098109,0.5536438453825234,-0.4926667399827107,-0.03953759069152273,0.7012725801300178,-0.5423450303666829,-0.08385747758880056,0.252355631837003,-0.713316733742566,-0.029943043817999834,0.589329265896792,-0.6462849179925578,-0.1339968638869643,0.7982518046327379,-0.5401187698523344,-0.21499508147468177,0.9455101053575112,-0.4328816434242342,-0.26581062384856574,0.2150513980639151,-0.6952940467891304,-0.10151914532284184,0.6092697009178237,-0.6252675242110958,-0.19088439188695944,0.8348036239034733,-0.5070313613554752,-0.23351524308315122,0.9999980131548551,-0.39474784113159334,-0.26000728578656673,0.19361714758169266,-0.6073109185187465,-0.17525322781318797,0.5743230167954141,-0.5737425852884249,-0.26156505085526044,0.801455916819037,-0.46183290381173775,-0.2811065113805928,0.965389669826216,-0.3558565320530395,-0.2869176062931315,0.18877669520711052,-0.46411856936657453,-0.24698391861227859,0.4711803528065935,-0.44470779104842656,-0.30806443881718765,0.6360643496111875,-0.38403101195347983,-0.31058668831348585,0.7584940967977174,-0.3182817559126541,-0.30512003309247027
0,0,0.0,0.0,0.0,0.15928772029829855,-0.10777842904312097,-0.025059124877112905,0.41596174216353415,-0.24700460051590495,-0.05516517370836133,0.7057977572265145,-0.30899108940690684,-0.08956785469879731,0.9123188075589408,-0.36628118918133196,-0.11570127115979557,0.26498868441255835,-0.5640181902034515,-0.020634600434215784,0.619148786676998,-0.5659276010431288,-0.0930474463590639,0.80696688925142,-0.46013867006125214,-0.14770190959172266,0.9371005795542271,-0.3674900619650433,-0.18312962371909952,0.25553713152429686,-0.5875565390432034,-0.044662303435263735,0.6266143085482772,-0.5900157690709731,-0.135152965398742,0.8288868938721556,-0.4903111105387902,-0.1966248158451586,0.9660883114959402,-0.3710781976257544,-0.23309208792369507,0.27619537217526374,-0.5575465543539413,-0.07780093160636416,0.6256398139602158,-0.6064178601823872,-0.16818243045435116,0.8500418073747139,-0.5216404931803579,-0.21876225367032434,0.9999979855463043,-0.41021539396301177,-0.24096316392052877,0.3356939341180245,-0.4973139395940153,-0.11079526094501527,0.6118267494080764,-0.5382614733546152,-0.17546603005939862,0.7927084821133861,-0.5077370453358128,-0.21084193363789075,0.9410608746500905,-0.4495015981592864,-0.2302035747791233
0,0,0.0,0.0,0.0,0.3164202638541206,-0.05449176402282172,0.02476237188807176,0.56430860986552,-0.2115507843669648,-0.03428974086938105,0.7998658172192882,-0.367287206132292,-0.11890633316100248,0.9140722923219927,-0.5860109361515389,-0.19767512887497843,0.01826679011929292,-0.5438638939147366,-0.10021163058651165,0.29443251622805183,-0.8347351422165225,-0.202036952430613,0.582665505306318,-0.8018421623997446,-0.22943399065631595,0.7459415000944692,-0.6743011535777113,-0.22679618517954184,-0.06318602005456164,-0.5839150360220811,-0.18569012579937277,0.2713123923685666,-0.9705340929818062,-0.32432928236400543,0.6256561066543899,-0.9066761032708162,-0.3665995973457258,0.8194932035481032,-0.7233494788990353,-0.36912213651209513,-0.06781370992920477,-0.5727397513327094,-0.2702785601780239,0.22970287901853306,-0.9999980354562161,-0.39147027615020025,0.5806364669553908,-0.9421065519855968,-0.40341962351378735,0.7644095195769933,-0.783473967201279,-0.3854350345963489,-0.003452397981276569,-0.517914205348939,-0.3501771852888436,0.28343070916546326,-0.8407081619182429,-0.4384466181866636,0.551878173855535,-0.8395672376816167,-0.44578598643568246,0.7123720863387649,-0.752881512659287,-0.4345742263627515
0,0,0.0,0.0,0.0,0.31088226118980444,-0.00434871709622351,0.1187232061885419,0.5789182747131036,0.16979045756175923,0.11231034833719362,0.732177954575884,0.37323453654958083,0.0643513911856482,0.8158655157565802,0.5607510937568552,0.02648574630161121,0.772593106633111,0.1891532756727222,0.054034272903051704,0.999996474456206,0.5748775160070088,-0.005457646664251089,0.9259576457498484,0.7790622291442729,-0.0242527116404192,0.8261139843246934,0.8424862123100237,-0.01758777918220733,0.737082803967894,0.2527282435558442,-0.05028010760039352,0.9397704883973617,0.6984620269999253,-0.07887744508873697,0.8266950180665601,0.8593439659592176,-0.05861007144197886,0.7319167520655259,0.8769324772349363,-0.04031881338315689,0.657996021356611,0.3360138617746035,-0.15144855288103615,0.8432543746403649,0.7872581671251595,-0.14573004611162735,0.7226382841312123,0.918224118166422,-0.07720854912176167,0.6276442055974848,0.9179032362409861,-0.03413846424769242,0.5411588566268387,0.4373833934558629,-0.24981412435643638,0.6656683985534612,0.8058532431833523,-0.21867117547098075,0.6000884965180249,0.933205332461233,-0.15314013070316976,0.5484895481584899,0.9430797539911826,-0.10750496704356424
0,0,0.0,0.0,0.0,0.2681313946441962,0.06873189466601136,0.11141725127801519,0.5212391148715898,0.2409324036842144,0.1330518326315536,0.6792276049185432,0.4107570022996105,0.11381260456216429,0.7857908859653506,0.5650050407726578,0.0986962916038049,0.7021548833298922,0.20207449620034035,0.18891079435351263,0.8746139196381603,0.4372402430990634,0.18915049695858746,0.9555269491659569,0.6160326161820642,0.18172100107995975,0.9999967461603997,0.7346305074337596,0.17945388111359,0.7021023245184836,0.23877870456617262,0.0997275946374873,0.8620153204163863,0.5467352779195153,0.12027981115082609,0.9010523593843461,0.7463817655225297,0.12918469929149645,0.8968230235895612,0.8907826391566463,0.13538524506554175,0.6432494499857715,0.29990208096294435,0.0051192609378556434,0.8060783932251053,0.6255713616488824,0.035326098748299326,0.8264661695088388,0.8196207237247911,0.06654666910358786,0.8082600687584448,0.9531419233973337,0.08226094763519362,0.5373729244784391,0.3813918513225721,-0.08845305370812967,0.6555365752181648,0.6456206087617168,-0.04174473741971532,0.6755269603411006,0.8160069660385332,0.003868675097347092,0.6712070527200139,0.9387803736379069,0.03208648319140878
0,0,0.0,0.0,0.0,0.3063527056064387,-0.010136391763264906,0.1388370609577557,0.5662324244997169,0.1120494969996358,0.1392008210873445,0.714962662735847,0.2750441906781733,0.09450271270203069,0.7874855397558822,0.44397239435296376,0.05576231176832441,0.7565831741197648,0.11560604184249858,0.047837589628819635,0.9999971616976352,0.4534415559555574,-0.006819903516898921,0.902794381652955,0.604140664528881,-0.01892947960546523,0.7808575622622775,0.6151147735710769,-0.005245105221598349,0.7025319482972567,0.19492717200439302,-0.06656395078408363,0.884934809238721,0.5890837463886733,-0.08788744417886617,0.7424825233434501,0.6707524473732235,-0.06317689915045575,0.635067264627604,0.6039652290124977,-0.04320035602420271,0.6013393213688876,0.2852713030737049,-0.173265693841852,0.7638492835013136,0.6847258777943596,-0.1564803996279596,0.6287497251017559,0.7300135328339036,-0.07699171649412871,0.5332923338926855,0.6458239402103672,-0.030702280458804472,0.47351450032709413,0.3786093841838228,-0.27480388390585536,0.6001586420353874,0.7183290537499586,-0.23756473497340896,0.5047873614124686,0.7500328907061014,-0.1575105334646982,0.4266723715727105,0.6657984664414448,-0.103174658441578
0,0,0.0,0.0,0.0,0.30469956924908737,-0.015151088035032385,0.10919051992350266,0.5691319939053613,0.12077298824861608,0.09110570977000253,0.7097741630220334,0.2953591863903564,0.03350299073652789,0.7720034280536165,0.47788411933727665,-0.015510884207548573,0.755197722176902,0.10870083567609672,-0.007785209949300413,0.9999970855768056,0.4596302102803369,-0.09121415479244466,0.871516574737947,0.5929110237048255,-0.12135014165448692,0.743531320116058,0.5851135611263908,-0.11750238432043161,0.6999317491331227,0.1768055140357951,-0.118226529338834,0.9001276532028909,0.5890131609814043,-0.17003680479187147,0.7388547881563806,0.665782304297263,-0.1564047189065236,0.6279293817631624,0.5845800011578105,-0.14019972399150474,0.5929485891755094,0.2618898720011787,-0.22306356092779137,0.7682850978802613,0.6852673619419679,-0.23861375494615866,0.6133814258169825,0.7325321937281132,-0.16269207127761198,0.5163257991963034,0.6466755070567852,-0.11317259468365316,0.4572318829756938,0.35401178432993785,-0.32342614324662006,0.5874338912225389,0.7184182601102738,-0.31016181897643824,0.47586730955859624,0.7491595830468764,-0.23105486567778383,0.39458883319882065,0.6605015979697776,-0.17466789990333734
0,0,0.0,0.0,0.0,0.1276583225760581,-0.18027213497688352,0.0022477235466644456,0.4313634578066053,-0.28444585064700734,0.007594175681832422,0.6920324267387647,-0.15785835191013725,0.0017816268986761946,0.861033413192278,-0.030623652990192814,0.008807934411430747,0.5245637805055369,-0.539344518253528,0.09149519415787158,0.767370818147661,-0.3291849689236802,0.07848301784605881,0.8023130133435309,-0.15953115980046786,0.05601686651365952,0.8060624087098655,-0.03806366747612922,0.03165431304604889,0.5555465166751256,-0.41327098094106174,0.05847881875044611,0.8265116288030219,-0.2682867295918968,0.008640667649084383,0.8784321271808926,-0.11573883992273112,-0.03448855464182568,0.8762860382105608,0.0003582327192341926,-0.056590449162178535,0.5727900689320118,-0.24630176743780813,0.0136591858156497,0.8625385386873881,-0.1752565461730975,-0.04688684046023172,0.9610230538578511,-0.055686572212932474,-0.08685946617090447,0.9999984146273518,0.02538434591608577,-0.10651061799188016,0.5935721024351241,-0.01509609310073828,-0.030911681615868165,0.808458721958892,0.014408590555555382,-0.07796725552297883,0.9104882385701546,0.02746532743625865,-0.10664553404698082,0.9942465635624439,0.03747221968143473,-0.1263142207028188
0,0,0.0,0.0,0.0,0.18049824957246347,-0.13869420702411384,0.01248454234315494,0.4682964248250316,-0.18592781966104033,0.0054168842154088594,0.7054913715654323,-0.05333697564577683,-0.012899958255066209,0.8667846567599649,0.06188229004384967,-0.02078922459757908,0.5041262068854829,-0.46119080142263574,0.05019563701141417,0.7959553165339855,-0.24619848240657138,0.01782326285748309,0.8883115627914021,-0.06136898603543883,-0.010499995243947274,0.9384104548354187,0.07554336071938428,-0.031155583721152725,0.49067820296260994,-0.40304221439838817,0.01272456494571173,0.8006374747055722,-0.22293655772675544,-0.054297138585947334,0.8946486579739047,-0.04162767257356821,-0.10532266810718155,0.9225319970120927,0.09948263527678357,-0.1301095380376338,0.4819956200711694,-0.29672057722347994,-0.03152362860674615,0.7985230389278065,-0.16486862846685899,-0.10208742130412098,0.938318074141342,-0.013583468888590591,-0.15566944500710458,0.9999983189903917,0.0994610430429728,-0.17961543269520142,0.49345092633265747,-0.14461784349283396,-0.07269532492840602,0.7333552725833915,-0.05816101132583704,-0.12193291979902804,0.8563519506760762,0.022267604817729846,-0.15718244188705907,0.9426248981697496,0.09520076004753558,-0.1777675432747214
0,0,0.0,0.0,0.0,0.2174563132392242,-0.08329780562229536,0.03215900925058351,0.5013115003517506,-0.12958534242498002,0.008736844397167777,0.7311214891582022,-0.005510438436730042,-0.03477486339385522,0.8913414304840157,0.1220067159177543,-0.07105564741821423,0.596449403587532,-0.46618342039551885,0.02705481645273217,0.8689446323944684,-0.21629282051283819,-0.03655474421628407,0.9395406562346745,-0.01133011913956255,-0.0847548046289297,0.9703442741878312,0.1411821360693192,-0.1169901678460678,0.5736587493729722,-0.4543425924527945,-0.03662969425437832,0.8929699603529743,-0.21005056609601055,-0.11587419868655414,0.9638380840008711,0.0054771562900071385,-0.1543402745102339,0.9837037696155041,0.1767534997900931,-0.1713240679084143,0.5383519213356338,-0.37923923738484694,-0.10579629423425377,0.8786565506071587,-0.1891048017872955,-0.18398083010959154,0.9717973163740691,0.024308017540153878,-0.2055829647797553,0.999998249586945,0.19501564322899675,-0.20725318862327236,0.5017390559544793,-0.24287604837939658,-0.17252475525958627,0.7553465099970454,-0.08720105023710385,-0.23163560845459166,0.8584670161416545,0.06080340424666886,-0.24686289482637147,0.9276206397359543,0.19400105941768994,-0.24992015735120296
0,0,0.0,0.0,0.0,0.11076905813799262,-0.1447621173408226,0.0189081143460013,0.37942442225229134,-0.24246668662155133,0.0028038785021548464,0.6384661750432609,-0.19011848223975308,-0.02781031113950352,0.8198783619276101,-0.09665698488579678,-0.053338229046273215,0.5223944493282308,-0.4938875447102781,-0.006764595918775473,0.8340493396922615,-0.24033197392714328,-0.08234156117809475,0.9412893374448247,-0.025614413342220723,-0.13519122861431104,0.9955590410273896,0.14397875314026173,-0.16521255234218016,0.5481375860324004,-0.4850362916021555,-0.05263869339855803,0.8896361130719467,-0.22539882990798696,-0.12616758108460946,0.9744115532130467,-0.0011718378148276602,-0.15211921453375088,0.9999981596764825,0.1861080392604482,-0.1596336533154385,0.5591584338367204,-0.40982041213538567,-0.10268621449213584,0.8921584766919001,-0.16347466592334436,-0.179669414437534,0.9747845054334355,0.049764824681670934,-0.1913882724875648,0.9974534189233059,0.2211045593197832,-0.18302980992358836,0.569599011862847,-0.2713348612800483,-0.15098190222226657,0.8380805144273469,-0.07358703806717896,-0.2031079669377957,0.9066113624584335,0.08626993647247884,-0.20174097364676236,0.9355003511415831,0.21363268096795174,-0.18846813887079228
0,0,0.0,0.0,0.0,0.3219548277395864,-0.1568390294202196,3.309393351578437e-05,0.5212571607015838,-0.3579088056391554,-0.07037186258923749,0.7350767713618463,-0.4598014867984842,-0.16290117793283118,0.9595730558918472,-0.5000049628580763,-0.25213837166657044,0.21029297006181813,-0.740906530498496,-0.07674011436159314,0.5521082912678361,-0.7692464276463267,-0.26336860414666907,0.7964097529149105,-0.6535368304622728,-0.3997975326579079,0.9857859964593892,-0.5279718783540174,-0.4840351591491192,0.13989044355675906,-0.771641479552106,-0.161349227932522,0.55837848536251,-0.7911862832999116,-0.3562185567581482,0.8147316272776484,-0.6528515261738919,-0.4503118044479135,0.999997694274928,-0.5090268189324881,-0.49790094081227554,0.10364772118513783,-0.7378040563540877,-0.2575042637021756,0.5048615321838168,-0.7921123081924472,-0.4285898299306351,0.7573444536908341,-0.6663946692167714,-0.4659417997177972,0.9277068531358864,-0.5285546927851718,-0.46618556959276275,0.09634025964505025,-0.6494566484324584,-0.3552616869881989,0.41546996804158987,-0.7206067702453928,-0.4761612719347988,0.6199705260920703,-0.6468355811383786,-0.4977666354646729,0.7728113172670834,-0.5535451076739226,-0.4974487210667792
0,0,0.0,0.0,0.0,0.17464398176090992,-0.241726208226638,0.1897959646286572,0.18334433695599933,-0.504269344264389,0.21704293279746326,0.2575314765414157,-0.6864422003689031,0.187228185423467,0.29357196287228593,-0.848064245802539,0.15732214712899248,-0.25420064736374115,-0.5988371866221989,0.08352025752029603,-0.09305217238617883,-0.9019288879795916,0.03452060333951664,0.11647598225124095,-0.9813729633574179,0.047532799771817034,0.248311685751088,-0.9279018138924245,0.08403283531255222,-0.2825983319499333,-0.5832448731476578,-0.06081551591651849,-0.09212994115394448,-0.9666109025040832,-0.12496034383345657,0.1535885017390976,-0.9999987180519007,-0.08190761068447575,0.28128224505784954,-0.9099424695456722,-0.01653198263660119,-0.22593870525106194,-0.5570967389647629,-0.19603556906619954,-0.05218295224520468,-0.9538412339934729,-0.23806075881625918,0.1905337596032448,-0.9763279126643896,-0.14523281175432673,0.2912314462912701,-0.8871737231342696,-0.05443871904451342,-0.10459272775673255,-0.527156793705683,-0.3189746390265517,0.059733794481370055,-0.8548010152479322,-0.3461560282604338,0.2220306744719707,-0.9162897578072129,-0.28137829103192114,0.2982844005694224,-0.8880259245455219,-0.20942456022439826
0,0,0.0,0.0,0.0,0.3333652566244424,-0.16387753558823834,0.10183600923455607,0.5260006815536071,-0.37429066516911214,0.09314387265468481,0.7216684715648368,-0.5229918970453658,0.03906504438583877,0.8253459684102098,-0.6624310692147616,-0.0012993203027844053,0.05696127963949334,-0.7545097539767058,0.12192042876469648,0.54162507305744,-0.7332621636201735,0.00932296564497889,0.8143704486354763,-0.6423580417471257,-0.08377081179756647,0.9974815404187725,-0.5466438383715831,-0.14181487782240795,-0.04016167102095209,-0.7719554105843509,-0.005877439088129351,0.5728941086206697,-0.770375455248973,-0.14858292917877033,0.8402360341072533,-0.6311680212399395,-0.22145054320236063,0.9996304730981699,-0.48318797376503925,-0.24626552735426768,-0.050309737366823606,-0.7285642676220936,-0.14044835654696358,0.5717628099691502,-0.7277333012850685,-0.27034903015943645,0.8487344842910958,-0.5827190158601369,-0.28610136547636744,0.9999980911151727,-0.4426225031952344,-0.2684996475680193,0.01275421753388114,-0.6313255758821693,-0.2693298601231309,0.5300985244816093,-0.6241144714282493,-0.34149261694606114,0.7861629623144357,-0.555848226650905,-0.33856654933610547,0.9618345395017093,-0.49806563761626005,-0.3219219922349491
0,0,0.0,0.0,0.0,0.082413682717025,0.024241408641149702,-0.27938351065017886,0.2278030930789369,-0.013355844301148273,-0.4803593456090455,0.4410699064240109,-0.03657615066564405,-0.6287316323305538,0.6467552115530002,-0.03370497507877003,-0.7593893543709812,0.006339172862549581,-0.2363119665896688,-0.5084460404142787,0.44508955717397214,-0.20306850568965862,-0.7066789104901042,0.6923235085188384,-0.11928930381966348,-0.7959430318169644,0.8742160315824965,-0.05707148057950278,-0.8493421616003444,0.053359752365596994,-0.3354778451750044,-0.44372656834386115,0.5426707903937997,-0.2893795670996741,-0.6520107830465302,0.8072854608276792,-0.18381575754621718,-0.7002476269969709,0.9900166883917522,-0.1081354161365836,-0.7207050087109637,0.14328510875427788,-0.38611149989315013,-0.38930988468693156,0.6088243594355167,-0.3494851294669042,-0.5813347742483157,0.8442088621637853,-0.2403438272961454,-0.6066692881791118,0.9999983463242962,-0.15994518167116054,-0.6018283299606223,0.2516381602812618,-0.3986078051464895,-0.35270031989205486,0.6106256668447402,-0.36608947520586677,-0.4982306807106119,0.7952578528052171,-0.27487352271726284,-0.5290170695943636,0.9247392792165515,-0.20853196223607984,-0.532957226258112
0,0,0.0,0.0,0.0,0.07883344604791459,0.03919998677842048,-0.23787326026751054,0.20570722223229163,0.007330186019661108,-0.4150898576899857,0.3509212139573018,-0.021598609211734718,-0.5490809228175024,0.4796575427833728,-0.03976510235441869,-0.6630213468349294,0.21318637811282862,-0.4032105317727706,-0.40211030920639573,0.6268481508821413,-0.2948646484011933,-0.5577222355713223,0.8028505100727161,-0.16018371996236702,-0.6276641156640678,0.9151025584848343,-0.048445817106028695,-0.6671382494194206,0.2587431700193477,-0.4881543057722227,-0.3478241814933012,0.7470537451251138,-0.3644745161471748,-0.5088442593741463,0.8972007154273077,-0.2101484840832067,-0.55119554721429,0.9671089522757861,-0.07429615445623142,-0.5645141296827115,0.32294741201849975,-0.505760659104014,-0.3034501314781412,0.7834784673437983,-0.396776577027845,-0.4386583899873926,0.9310526892518214,-0.24857778293946603,-0.4602999372736422,0.9999983049850569,-0.12028419617702572,-0.45788545357059524,0.3993733454860533,-0.47131651871655766,-0.27535524416920704,0.7515418347349411,-0.3691953553785638,-0.3770267953516478,0.8795527626786187,-0.24860533908022825,-0.40154729001874145,0.9477025590872564,-0.15471803142659848,-0.40209290665737174
0,0,0.0,0.0,0.0,0.11135997123865299,0.036199778962037236,-0.2763046170923186,0.2708157226716154,0.014697837623642702,-0.4719279629765602,0.47149975907243724,-0.010154420865009416,-0.6138956727613437,0.649831078464757,-0.03114141003127473,-0.7373717315677946,0.07496913798268512,-0.23085584222473682,-0.5105868633877726,0.4882294486038017,-0.17048482364538436,-0.7191434706099253,0.708347357696539,-0.07867199404880906,-0.8167068682771436,0.8785058152514342,-0.0014568561950210489,-0.8746685573136759,0.12056268854484499,-0.3221780596436514,-0.44649980457862576,0.607538529682536,-0.24373381316356663,-0.6703837168717306,0.8367507991181385,-0.12138697369888442,-0.7267849092347871,0.9855441178336701,-0.021733855542718106,-0.7497901629223037,0.20492730876983428,-0.36240379832328407,-0.39311508532523,0.6667083719786414,-0.2937425800717274,-0.5851368451604938,0.871678300176541,-0.1752733509908844,-0.6119075155424872,0.9999983600106641,-0.08167710360683537,-0.6100884675221468,0.30736256649453814,-0.3660186540680414,-0.3573330207461752,0.6599342289398117,-0.29737985744793544,-0.5036943439099815,0.8324770284428041,-0.2021302988331902,-0.5440186766736335,0.9550457137606844,-0.13003708026720825,-0.5564012334178217
0,0,0.0,0.0,0.0,0.3658975614656863,-0.24935568443754427,0.34538580773737193,0.4475784889288349,-0.478598707128736,0.42684601773312664,0.6014512325165275,-0.6268469247764392,0.39754464309301984,0.7324474553586519,-0.751304397479684,0.3722158735754551,-0.22139790659973912,-0.6283798460555018,0.3125555439273031,0.06432257537033893,-0.9382822095294399,0.19093020611176892,0.4238749252576246,-0.9565552304263025,0.11003301123219753,0.6670978420620003,-0.8712251577619555,0.08570870143093355,-0.2658766323713503,-0.609924788340418,0.04417472613519824,0.074306319618006,-0.9999987027414169,-0.12652360207819277,0.51906620512061,-0.9644790029702709,-0.19529682977449395,0.7662734027657189,-0.8400570020267623,-0.1915650460049728,-0.2027202370126543,-0.5788580992356637,-0.21709305662749712,0.09866952270569461,-0.9642250754302739,-0.3301045560249144,0.5191357181712973,-0.9364630205174437,-0.2940031580554135,0.7308062823877514,-0.8294519703905824,-0.23143271364010895,-0.031318876885418304,-0.5295307028639932,-0.4583243549393061,0.239478297477108,-0.8127315300532464,-0.5072983481984441,0.5476777458544794,-0.8255510240219052,-0.452789059322446,0.7385083129393852,-0.7703957045135454,-0.3899948045342665
0,0,0.0,0.0,0.0,0.37168211508204346,-0.2493798659866231,0.17784674569134407,0.4762708883577602,-0.47736199845566557,0.1854982335247919,0.6344559445596036,-0.6302597495880287,0.11251676339492014,0.7466870282900754,-0.7565043970630256,0.046333563723649704,-0.28236917669657613,-0.6345527668832126,0.17172848670673546,0.008177298799029172,-0.9541269585290286,0.010919116018111956,0.39455222105670423,-0.9778975434220074,-0.12337358869531263,0.6808279671768085,-0.9154301205589116,-0.19141663112183666,-0.3582104276078051,-0.6054016942398671,-0.020545399638772954,0.004224568530433716,-0.9999986868156533,-0.19320230637263208,0.47405822039809836,-0.9905952393465228,-0.297380934963053,0.7466445266557021,-0.8925039914814836,-0.3313173159317672,-0.3015150280393549,-0.5693216028435036,-0.2146957859753822,0.026679520419062214,-0.9584850980337862,-0.34985249001601965,0.48459807781945,-0.9507719515217427,-0.3551249625630069,0.7323726656857042,-0.8552197849510704,-0.3225011228591259,-0.11655043951546518,-0.524556462920341,-0.4008330047669742,0.1556903746350974,-0.8168188538478925,-0.4847577260532822,0.4782063172954149,-0.833078879439079,-0.45306712205222227,0.685955636733758,-0.7754933524093014,-0.40555929608991675
0,0,0.0,0.0,0.0,0.35900392428475686,-0.22775340294465268,0.24735001665242834,0.45888327072824486,-0.46298449080388426,0.29483622913064456,0.6319591753251675,-0.6076362154185975,0.25141678017790137,0.7528344157732277,-0.7248048731318101,0.21533305356975208,-0.2174305688406277,-0.6322792788532501,0.2191289739653988,0.11351677796783083,-0.9405965491161874,0.07797532641629659,0.4789033773982934,-0.9444936225433681,-0.018069041617901124,0.7223199641067117,-0.8524306089351356,-0.050446452672953085,-0.266547638931345,-0.6181510245580127,-0.0004761133875057593,0.10883385374371826,-0.9999986718323153,-0.17497081693611893,0.5679465445348748,-0.966626285834821,-0.2534045925936841,0.8142524940646012,-0.8380636524850691,-0.2585981110382124,-0.20653897405958785,-0.5811128653641219,-0.2184794452197352,0.1334364242997721,-0.9680723328410876,-0.34496099002089414,0.5616134266560369,-0.9307524453349515,-0.32905330526875626,0.7658244362297679,-0.8156732082826926,-0.2773660654877384,-0.03467769749070315,-0.5223355323276058,-0.4234876855538363,0.26639160478917834,-0.8096276571321248,-0.49567029886055847,0.5815809677906218,-0.812562975214482,-0.4558270479485236,0.7647327513893428,-0.7488100846679482,-0.3983975775728544
0,0,0.0,0.0,0.0,0.36238169201663734,-0.20291338372464882,0.3942482989657095,0.5220291870773599,-0.41275340350547635,0.4900512125012072,0.7071690983784086,-0.5321044249091794,0.47499164802539284,0.859201515580721,-0.6590710838800748,0.4600881623414433,-0.036096338996228425,-0.6447506948096877,0.28193449608188853,0.31213883348532395,-0.9310968882617787,0.1858417333555559,0.6600361017791608,-0.914803405796181,0.14644273274135813,0.8733423980487842,-0.8063845563596012,0.1522699708167,-0.07523765368497427,-0.6304966312300033,-0.004655158197004222,0.32171772956483785,-0.9999986585206946,-0.1611677568511527,0.734360070856226,-0.9263821813340585,-0.18694240624495448,0.9300190690534595,-0.7758216583020044,-0.14848034813753044,-0.023853468988149783,-0.5902471331314983,-0.27491249521612726,0.33671360717706594,-0.9556969288071218,-0.38073439585082314,0.7293136565165943,-0.8911459548194332,-0.3071306920181831,0.9021465311955933,-0.7674057571137165,-0.21185296522687894,0.12486603193171761,-0.5211073067337099,-0.518110039004585,0.4449346595279003,-0.7940952305225915,-0.5549748181797152,0.7367124469098435,-0.7873538980525533,-0.47702005821105625,0.8994023589943644,-0.7200551937149483,-0.39203395666472934
0,0,0.0,0.0,0.0,0.3537009918916932,-0.25379726768205674,0.255667132056,0.4186794250022858,-0.4905387925879587,0.2991276202856865,0.5607914461045315,-0.6412229930547619,0.24928083250452474,0.6317784807631904,-0.7682153492644798,0.2087373056998434,-0.28049702648430686,-0.6289586001572197,0.22533771331344668,-0.0029586965535603003,-0.9392196276824453,0.07505752853111751,0.36449391217671445,-0.9610475712782285,-0.02696855708094793,0.6304138107996495,-0.8851619520106458,-0.0635418579312935,-0.34649198984607876,-0.6095328520008275,-0.005874105914513469,-0.017214905826418717,-0.9999986819778511,-0.196220571396481,0.4453316155780132,-0.9845208609421086,-0.27615762090352985,0.7146065078952076,-0.8738848649542641,-0.2784625980434631,-0.30694975260563157,-0.5821865031269107,-0.23627841914514364,-0.00656783263064469,-0.972900210307461,-0.371311259001657,0.42998510798675044,-0.9503192275121198,-0.3457084761383801,0.6556928469057016,-0.8453474642515957,-0.2839705155292916,-0.1545208470046795,-0.5341596419115994,-0.4544635042523508,0.1256746652708846,-0.8272559636050354,-0.5202185839152181,0.44254170570436013,-0.8412663186005982,-0.4670887243413354,0.6365679844761164,-0.7824125205154856,-0.3999868864501
0,0,0.0,0.0,0.0,0.4190683458325774,-0.1411493218944745,0.2497607040529048,0.6208772962284976,-0.3070293254046635,0.2165017563204863,0.8442974207345335,-0.42031269001116184,0.08265608391281916,0.9449867367551263,-0.5661956987715482,-0.05429806753197433,-0.03033550188855138,-0.6604519727213619,0.09932045236192563,0.2676147351082414,-0.9818709524707827,-0.09335018073910246,0.6712221392026259,-0.886164793284272,-0.21423954133600065,0.8664429553547839,-0.7032854344851871,-0.26361584432527047,-0.1291188118631735,-0.6294374686061909,-0.16669663452847178,0.2675447725388546,-0.9999984484109207,-0.35669167910039434,0.7414195201739036,-0.8802951510452236,-0.4254763988061294,0.9192441180155121,-0.6940383989180218,-0.4446247332545735,-0.12818053658529702,-0.5671527478783546,-0.429392268089639,0.24278204593927685,-0.9687695596544281,-0.6034331070646171,0.6929903476059587,-0.8362450434366293,-0.5426619453725825,0.8414216030773607,-0.6514957465387791,-0.4669982820385028,-0.01556974671226245,-0.47801488556464306,-0.6750371842178612,0.3610544399815177,-0.7790482153126446,-0.7880632641342947,0.6840921075846522,-0.6963377305523625,-0.7127234724697359,0.8056299918367575,-0.5400192011234367,-0.636324115494583
0,0,0.0,0.0,0.0,0.41588448279251233,-0.1471801124398879,0.18650639572599534,0.6130627284054864,-0.32915927253751104,0.15962903183291413,0.8256355753335479,-0.46106776940730704,0.04851615764980881,0.8801238329556417,-0.616092229739008,-0.06178158498598601,-0.041231284197894374,-0.6590937397339419,0.13160939517480164,0.2415176521685881,-0.9747819477505911,-0.028837224028449217,0.6326276134755362,-0.8941642303272826,-0.14819656618314206,0.8271552074155474,-0.7289637039591873,-0.2028108334357774,-0.13621960729447566,-0.6377559937665911,-0.0831485438476302,0.25271777864434464,-0.9999985505034009,-0.21862718038781295,0.6775943466868667,-0.8855100858862297,-0.28610341521559984,0.8327082708323666,-0.7095618711176186,-0.3139443726367128,-0.1301559176048361,-0.5819126466345695,-0.3014929191236239,0.2376057810327207,-0.9646235606450501,-0.4442826953375249,0.6522310314871159,-0.8393319193275925,-0.40894012585206446,0.7896545340142155,-0.6658225762478064,-0.3582715540550476,-0.011317453234944378,-0.5020221520859105,-0.507090137278896,0.3548685202437332,-0.7875425227537391,-0.6040052802454386,0.6587729918742328,-0.7040775362994253,-0.543231142143616,0.7771897322063589,-0.5544467374179002,-0.4821877918314624
0,0,0.0,0.0,0.0,0.3440872428622152,-0.12318951094881053,0.17347115636097327,0.5176729722116636,-0.31025425428154696,0.14152507987627533,0.7172704218830057,-0.4350786806700542,0.02351986899956552,0.7663330935896242,-0.5822054615029394,-0.09321893277553835,-0.12880816811976759,-0.6451186440943344,0.10764358635841544,0.14457593031059826,-0.9651096947536223,-0.09336139587836709,0.5299845769708821,-0.8949857079433627,-0.23920738177679607,0.7296517545739375,-0.7360080025225507,-0.30097556769360084,-0.24050675605666294,-0.6258490099860486,-0.10776620602132278,0.10819062371928423,-0.9999985078564138,-0.28934876860046727,0.564632066060009,-0.9021156557771266,-0.37872839279292403,0.7564897153111599,-0.7296890421190534,-0.40710579328783497,-0.2504409407359938,-0.5777654198307915,-0.329358215571128,0.0871414598639472,-0.9667878010438781,-0.501651176615193,0.5149982300964215,-0.849226574879045,-0.48216479892325215,0.6736024152605837,-0.6778909498770251,-0.42858764386228665,-0.1430016710563972,-0.4967204847106283,-0.5408674905972854,0.19550040005104735,-0.7914503352875064,-0.6594256082858341,0.5112994479228268,-0.721386037454506,-0.611375414608075,0.6433951012516371,-0.5791240027655984,-0.5491629799426623
0,0,0.0,0.0,0.0,0.33498731607984933,-0.09016964719264253,0.0750574768428631,0.5329946104023389,-0.26276560346759503,0.0016452801512289125,0.7502146763844489,-0.40043025832208257,-0.12888496522577433,0.7849909019944333,-0.5511127292820964,-0.24558100920801096,-0.08834342047595972,-0.6153044700938743,-0.06558995242609408,0.16046697542140861,-0.963529815631449,-0.29049849916324383,0.532972375267748,-0.8470508492773025,-0.4087643769052826,0.6856256963412286,-0.651873284652827,-0.4405730197338859,-0.17904789867306914,-0.6038054372094366,-0.2279881003610223,0.1392680551155472,-0.9999984057963426,-0.44837503389383354,0.5834462258111835,-0.8674902354397055,-0.5199763957531941,0.7344815132444293,-0.6775505653624858,-0.5234754837710477,-0.20385546729671308,-0.5570131168138317,-0.397215172435101,0.10346540248055595,-0.9355850025477396,-0.5982273931624513,0.5348857371058834,-0.8118004404177772,-0.55984517984908,0.6918087741524858,-0.6277550527124743,-0.48311999728467075,-0.12474908235930257,-0.46110747005031877,-0.5630554011611364,0.16634655314769328,-0.7527778932886854,-0.7120572190206784,0.4984644916239383,-0.6769563693993192,-0.6709753848043298,0.6448862736953868,-0.5272983300035157,-0.6035374093642136
0,0,0.0,0.0,0.0,0.4163804583881004,-0.1576643163755704,0.18708088628497346,0.6236110587825524,-0.34986564311378965,0.17328190086395476,0.8304230353435441,-0.49286464832620586,0.07944526229061726,0.8550253261647843,-0.6384827102275463,-0.0133115689178549,-0.023159415592814394,-0.6700986453467568,0.14963807739346463,0.2514237499910198,-0.9710627507958874,0.010780590811187894,0.6226721058651508,-0.9004846852028315,-0.09026255142610683,0.8139548207360645,-0.7375756425154308,-0.13411277017089912,-0.11699008473761288,-0.655430362548712,-0.055181172081062047,0.26294921498717055,-0.9999985956123821,-0.17901224808315155,0.6700375384884432,-0.8945957419299312,-0.23873453380775952,0.8245019481890102,-0.7180688684513032,-0.2598909837762905,-0.11409636109137171,-0.6016967163548831,-0.2635611412092268,0.241440814627161,-0.9676530090289971,-0.40250177209535914,0.6359654424971279,-0.8531701261317858,-0.37566230059564193,0.7705120298763773,-0.6855275411147552,-0.32951793786130085,-0.008969231180054394,-0.5201694527373821,-0.4580767437170283,0.3666819156895812,-0.7873264190216044,-0.559466624213302,0.6488810048118872,-0.7042120512484525,-0.5160741000226795,0.7574719937283136,-0.5582416204155081,-0.46560715950787357
0,0,0.0,0.0,0.0,0.3160055267030106,-0.18090339585644008,0.16851778846662874,0.45605626002195815,-0.42312099425759664,0.17142554884761116,0.6230147923451657,-0.5890665511837421,0.09327364428450619,0.6169466499045747,-0.7243049475998556,0.016735839051051787,-0.24250585719804496,-0.6345083851553854,0.20509832140856907,-0.07512182135461272,-0.9364965501463975,0.034201242397824884,0.3182763475415654,-0.958873641357571,-0.11352054636925372,0.6182753616018448,-0.8905516759135363,-0.18906373023950773,-0.35431243017645375,-0.612764888044513,-0.0029673023579729046,-0.13960893096787483,-0.9881912806399721,-0.2071188162087918,0.36025487374885234,-0.9999986310437763,-0.3448892227377763,0.6651428842943524,-0.9011867548375594,-0.39233921954296885,-0.3963508071593454,-0.5733108243062749,-0.21776005564209658,-0.1527775295335331,-0.9279641631950348,-0.4045717470824,0.3395721265805316,-0.9255183798130711,-0.43191424957273256,0.6126317639267228,-0.8288710454607803,-0.3979016698474857,-0.32252530383068023,-0.5056402001250417,-0.42397482183925633,-0.04318202861326123,-0.7968420885271424,-0.5677063982569329,0.32953735052784333,-0.8248280990499314,-0.5615883597709673,0.566188949191983,-0.7689756571613388,-0.5177348356459962
0,0,0.0,0.0,0.0,0.36883946503634185,-0.1760690967862355,0.11812839200281457,0.5446984715502026,-0.41578649420275027,0.08156994748765775,0.7044599251793638,-0.5877705119382041,-0.028030532777422658,0.674764350537268,-0.7667979418335146,-0.1355208375100051,-0.09533779316722868,-0.652356158293363,0.08137499759447282,0.041964734477653275,-0.9398676486816975,-0.10281254293052715,0.4066864905214433,-0.9673071882877188,-0.21866330847741255,0.681253182999879,-0.8912487337141805,-0.26498605832194877,-0.23207556850422073,-0.6350350041444239,-0.10999160426706894,-0.06854787820112561,-0.9955955589747294,-0.3501484175143505,0.4037360886003284,-0.9999985536602876,-0.4592433950017054,0.7091791544326853,-0.8745999417141209,-0.4768664084402303,-0.30778302490624726,-0.591548774706925,-0.310104366755768,-0.14816351367900024,-0.9515412797517376,-0.5209801069164984,0.3219040740261791,-0.9476119364732355,-0.5446227627038057,0.607001659944181,-0.8449399712092801,-0.5017483123462856,-0.30271365956706187,-0.5155192000025888,-0.503732962820425,-0.050829819819928033,-0.8041828463070996,-0.6416719682990959,0.31061152791675983,-0.830821422137727,-0.6321249732093919,0.5592384942949771,-0.7672909039590818,-0.586091151369724
0,0,0.0,0.0,0.0,0.4065316525169692,-0.2560640828693245,0.19084178466543147,0.5352170129903873,-0.48780036353133893,0.22227410803161315,0.7014271289445433,-0.644501172058182,0.1702662487553965,0.7266557748625254,-0.7758429523967297,0.12230633666624373,-0.13361808661666322,-0.7104531431183438,0.3105660367582075,0.1870110910654574,-0.9423046829247742,0.20813822740217244,0.4970884738417566,-0.9335694702925954,0.099089237697778,0.7029195817311908,-0.8623566678370204,0.03717281095916438,-0.20205572889031628,-0.7130432495031246,0.12599544726794856,0.21781672731270213,-0.9999987234015105,-0.0007185243524814472,0.5588860936837784,-0.944338809937737,-0.10140115254818649,0.7429068767007774,-0.8236568549854758,-0.14147049285361488,-0.18291601489171416,-0.687244147862623,-0.06909832683712641,0.22283988784653208,-0.975465608115197,-0.15672285965306068,0.5792489356684601,-0.9178865985092781,-0.17204460260363455,0.7704497603598169,-0.8037310428050211,-0.16032648179214706,-0.06993549753546391,-0.621637212346514,-0.2599473628904762,0.30156247318942186,-0.8174679962983755,-0.3016147134990341,0.5848921633868721,-0.8012280798664475,-0.2853453687957063,0.761209625550673,-0.7414112661293513,-0.2627019974713378
0,0,0.0,0.0,0.0,0.39980148821163386,-0.2666732201866527,0.21322535885088795,0.5235252718873848,-0.4896232042220818,0.2517108192695136,0.6873054257971057,-0.6451949157966261,0.20180234973645447,0.7137369909200092,-0.7556977017217033,0.1550169725636951,-0.1744242223619289,-0.7097524346396644,0.33191532810343954,0.13593521561463212,-0.949505682491675,0.22112407583924007,0.4488978484790144,-0.9416938505557645,0.10041837905934074,0.6595359655133053,-0.8693426865639577,0.030486188137162692,-0.24865089166614218,-0.7033083192648396,0.1312041151460084,0.17298236477442813,-0.99999872732573,-0.018380448971332005,0.5301055131830709,-0.943502857464507,-0.13279190187667905,0.7214814141646824,-0.8161445325625177,-0.1777877579840624,-0.2380972451128847,-0.6713681868205981,-0.0783832550459589,0.17112139561670817,-0.9597782777566679,-0.19004682830594766,0.5368411102246047,-0.9050097639052925,-0.21156352324856637,0.7283173704111755,-0.7909730330129919,-0.19728448687282008,-0.12737536434750252,-0.6031710348302081,-0.2805660900981061,0.2452613600295621,-0.8134701645650569,-0.33373708718694184,0.5332503291770216,-0.8008717466215652,-0.3135734209361267,0.7095233456003772,-0.7412374422615671,-0.28519370765603286
0,0,0.0,0.0,0.0,0.43770230972854013,-0.24773677727864887,0.2386563251333035,0.5711597682385402,-0.4727912442420767,0.2962571941452116,0.7391399840727729,-0.6208643610492177,0.2654107443488515,0.7656773289314746,-0.750029492766911,0.23825603570165232,-0.08955310463390959,-0.7078738912730355,0.36627889007441233,0.24062477521933492,-0.9296743638231357,0.30166558953169925,0.5483516407701404,-0.9229827054346686,0.22011117217132456,0.7579104489686049,-0.8592560901061765,0.1736226241088676,-0.15475221999203234,-0.7116640099223113,0.16680128542766012,0.27009056923544983,-0.9999987291622183,0.058286026534123986,0.609916905261653,-0.9500268979912673,-0.028901615254146133,0.7953550275147281,-0.8314923499322798,-0.057236129564055736,-0.13638942994171963,-0.6869216993727313,-0.03774590401014087,0.26742871458171646,-0.9730796720282875,-0.10199993257360873,0.6225534620117288,-0.9231432908439033,-0.10407754417949924,0.8123193610436776,-0.8168282130210303,-0.0833802153369999,-0.02043555379479237,-0.6162098459860357,-0.23383321548378186,0.3547225264285802,-0.8225652593246485,-0.2445678009193175,0.6392672217040046,-0.8136654379374532,-0.20860975468917434,0.8132619670967511,-0.7597288136107664,-0.17386287845948273
0,0,0.0,0.0,0.0,0.4074663740725706,-0.27507930284682314,0.22509970309967742,0.5076112459175373,-0.5002195955376105,0.2785454043754868,0.6546880218603505,-0.6525520672532991,0.24656421153469307,0.6894079651403154,-0.7744094694310428,0.22033593868431803,-0.2127786086669492,-0.6923281007502837,0.34093146972213456,0.10011532321632416,-0.9295976676003224,0.2542006662104221,0.41985212347437534,-0.9297448014934596,0.15180131206019923,0.6394750474850307,-0.8687504917871252,0.09486725428406387,-0.2769000466962682,-0.6887685191083652,0.1481201374306356,0.14622268349377832,-0.9999987223099864,0.027909819032101532,0.5067426076229593,-0.956424281141643,-0.07362474747440867,0.6995229633559522,-0.839661904068531,-0.11265009920307473,-0.24725824087041576,-0.6643555258958241,-0.05016609690685419,0.15511126130823294,-0.9769126567219547,-0.12913080875029462,0.5249105210187875,-0.9281804376912438,-0.14467555786963765,0.7086387914484202,-0.8169901094925044,-0.1313626155293181,-0.12348653687856895,-0.6085463151099124,-0.2397401503656965,0.2504106911496467,-0.8283384583289276,-0.26554402342156785,0.5481606462286057,-0.8279403134048479,-0.23971932162875395,0.7238877115781711,-0.7774406408671986,-0.21051566180222472
0,0,0.0,0.0,0.0,0.4252093853163448,-0.2564384336266227,0.19951272548955787,0.5568542942640534,-0.49171012765547545,0.24452549597408757,0.7168585837660444,-0.649022655004423,0.2090927422920762,0.7448170269758483,-0.7822827932558757,0.17840168409870824,-0.10279376127747455,-0.7068846222774526,0.32420925040428833,0.221062649543969,-0.9333660024798517,0.24137332148622892,0.5302757605754154,-0.927726760021348,0.14737327687967236,0.7387315444688152,-0.8605700352754359,0.09489593703263831,-0.1676059074904525,-0.7146936268087678,0.14734822296987934,0.23469829603965003,-0.9999987452690858,0.03793691781020896,0.5747239393330651,-0.9598843693910913,-0.0554461251882076,0.7656757156648502,-0.8509737708254472,-0.09411681625674963,-0.14586898577846813,-0.6933154621274611,-0.038116457314551565,0.24748106257330318,-0.9801419512145374,-0.11185942491524754,0.6033568936247289,-0.9314699450230549,-0.13543365827464843,0.7992906586157987,-0.8260790094504794,-0.13199282161268971,-0.025475002446994608,-0.6313509732166712,-0.21722832613506857,0.34809532066826315,-0.8287644894291268,-0.24148540941496185,0.6281504671192493,-0.8191626345918039,-0.22491133193646212,0.8043223063679271,-0.7660248998583531,-0.2053487530494529
0,0,0.0,0.0,0.0,0.40017591444327794,-0.17501042373238765,0.30905259690953035,0.5556397800625942,-0.38440101749580075,0.38800652169163746,0.7466827223721608,-0.5042982849725554,0.3637163040547828,0.8285583380820545,-0.60413765565466,0.3484363224099907,-0.07395302603572856,-0.6639820733931471,0.3309899239996144,0.2762770182430406,-0.9360767654914969,0.24672891313889012,0.5841357110577111,-0.9090134321511102,0.20787220501137843,0.7341866242099546,-0.7805981268818524,0.21732055878745268,-0.15194161439397716,-0.6589316428631203,0.09018360022214106,0.2885302275124936,-0.99999864932071,-0.02239721045524507,0.6630640548170564,-0.9142645660320265,-0.02343153865597191,0.8012848217198729,-0.7518749454319726,0.030592723426994827,-0.12749493187045827,-0.6210404925530553,-0.15206958096980033,0.3263320555731355,-0.9572934363258696,-0.2433286519444422,0.6904893264204843,-0.8668338679143107,-0.15324800872213296,0.8063952297855645,-0.7232809370773607,-0.04390480001179146,0.011362925271934957,-0.545955340214926,-0.3783963313666064,0.4180931767620037,-0.793994451626348,-0.4178428320126167,0.6932763899200618,-0.7536358899044339,-0.33226607905825967,0.8015764172019917,-0.6553265501824802,-0.23898678152954464
0,0,0.0,0.0,0.0,0.4025009766202892,-0.18872732784156768,0.2654422638014459,0.5540182461703402,-0.4005645804126644,0.3282548607734398,0.7462761935767843,-0.522675834636402,0.2960259587708035,0.7828140226584622,-0.6257783209280647,0.274078568070684,-0.1023663701297654,-0.681180464193074,0.3018993097205299,0.2672170511385879,-0.9486614817407218,0.20388157964893372,0.5762445325272454,-0.9182006629380854,0.14423359963700366,0.7237375535257009,-0.7879741332237679,0.13948451545522428,-0.1691273302281571,-0.6713199616103427,0.08270458358572744,0.2924336717158045,-0.999998679993603,-0.02929369116773088,0.6613253515032469,-0.9150460283142807,-0.04732722664524508,0.7900628313617468,-0.756302865177678,-0.009439458079085321,-0.1359347934754269,-0.6288803392967103,-0.140603199471528,0.33707625303703054,-0.9472699539010085,-0.2264097293761637,0.6929212258648415,-0.854189988918711,-0.1480958230498874,0.7958538059090036,-0.7133625328112115,-0.05052625561966439,0.010012863521969648,-0.5448376832916617,-0.352161320350302,0.42595268080762955,-0.7909331337265211,-0.38207245172614324,0.6890648772586809,-0.7486854673134861,-0.2938788747645552,0.7749597828023559,-0.6509501734317329,-0.20184218685651584
0,0,0.0,0.0,0.0,0.3302707464409141,-0.06838228557781746,0.026443661676694305,0.5664099936701914,-0.25091499360471287,-0.062313270792822624,0.8033787029318881,-0.3996129213362756,-0.18385678698983415,0.8543438583564469,-0.573614019886856,-0.29030626451608516,-0.030814417377683326,-0.6047020570584388,-0.2134459972765278,0.31133066960518024,-0.8999315476912133,-0.416286788607034,0.637207959071432,-0.7862564679452797,-0.46530746746378965,0.7671128875441033,-0.6031260144457073,-0.44748471770395576,-0.15804419898099234,-0.6241073245444502,-0.33176505151126445,0.25384396492115446,-0.9999984480803299,-0.5637272493074034,0.6523215213655021,-0.8439272971052206,-0.5800430089143251,0.7900572670364011,-0.6340125830875021,-0.5318243653594645,-0.20271781042584447,-0.593787837088085,-0.4502250319650701,0.17448423451526504,-0.996660735227616,-0.665280477299918,0.5807712402834688,-0.8625392475670837,-0.6140215829789671,0.7298771926637438,-0.6670361241696844,-0.517665697295423,-0.17065901499629055,-0.5057605660743271,-0.5624778761680174,0.18138684420102313,-0.7975636116747737,-0.7303474122918151,0.5151001772070695,-0.7417740342249177,-0.7113859213308994,0.6796171770934433,-0.618939814008141,-0.6530068535124083
0,0,0.0,0.0,0.0,0.3945473824702259,-0.17359212612072406,0.227650096698259,0.5458623010329718,-0.4009360473876222,0.26373838512836956,0.7365234277318633,-0.5308631651562274,0.2116066798011914,0.7762770667763124,-0.6351457212341892,0.16906493752550453,-0.10783582449432019,-0.6732373745699013,0.23263151187823164,0.25046723434340995,-0.948094676905937,0.11260221149920052,0.5775914005502901,-0.9233949520539634,0.04685373607388223,0.7310491400988793,-0.7880757395853105,0.04002921234924892,-0.19826605556950994,-0.657264347655792,0.01983042510386744,0.26054505944982004,-0.9999986331620968,-0.11850072020166384,0.6499234626911548,-0.9177237007837693,-0.14097462661971702,0.7815354592069359,-0.7567446815717405,-0.10335387941854973,-0.18515319200229424,-0.6111989920028635,-0.19897723536059284,0.2777434342096283,-0.9521505534268848,-0.3088384827326047,0.6575718557468522,-0.8669026830096382,-0.23456792608420646,0.7699660019269343,-0.7276834968338554,-0.13829789272494208,-0.05466238408080905,-0.5282720968483513,-0.40802631938429856,0.37028393905053175,-0.7870444530120729,-0.4665653258656805,0.6523896376612124,-0.7517461780828262,-0.39084631608416287,0.7454105704297836,-0.6563431269008144,-0.3058683961397546
0,0,0.0,0.0,0.0,0.35075889819390815,-0.160091664523433,0.15239708945519378,0.5107361381777162,-0.3572555124371179,0.11954617466322676,0.7132835415804254,-0.4859933092101383,0.011551939069752945,0.7119137995586696,-0.5938539649608521,-0.08772634136038251,-0.2977060089191488,-0.6539039986450219,0.10686107417041386,0.08017119638724239,-0.9638123657456803,-0.0816437661823443,0.46937012321011895,-0.8957972989672693,-0.21870939440319603,0.667203711981601,-0.7289566377783198,-0.2730822241171219,-0.4062387875342673,-0.6417760120031452,-0.07820704895477447,0.10067273025653943,-0.999998519872616,-0.24519624920853508,0.5446826436754139,-0.8993570534527995,-0.31050641515047606,0.7240643270408502,-0.7290405593999991,-0.31774273066776865,-0.3792111731178016,-0.5975296217123285,-0.2700559067779622,0.13993243382587447,-0.9768746283124825,-0.4169134734246049,0.570138442509591,-0.8699064310373632,-0.37843581791348535,0.728658247339502,-0.71315513377979,-0.3141440700743167,-0.2335280460067198,-0.5072111653997784,-0.453367790767622,0.23936435919609522,-0.7763121421935221,-0.5466171297657164,0.5531301213301324,-0.7146170682795011,-0.48717133175763866,0.6870392985591794,-0.6003021009584767,-0.41770641695748784
0,0,0.0,0.0,0.0,0.13992890450037113,-0.10665263822308298,0.060801914552749886,0.3522154688724816,-0.21366785320929502,0.05352345736255142,0.5702273293586982,-0.2567454296093423,0.01801129685878188,0.7481719653063681,-0.27849388525908675,-0.013257277218172905,0.3002722072652619,-0.41259203686729534,0.06042332431755745,0.6384116985292376,-0.38867611983787437,0.00018489018397888844,0.8305572844974498,-0.30712691793742086,-0.0492610455359718,0.9602187546904448,-0.22622231481452146,-0.07921659404153587,0.29248540901179054,-0.4143549759348046,-0.011191519223508747,0.6403323102523316,-0.3874640301404017,-0.06502483908025815,0.8328038133375559,-0.3016336588926233,-0.09968938344469634,0.9686841583668813,-0.20754525014100184,-0.12217901111738481,0.3001147154960889,-0.3728386804008887,-0.08723866019661461,0.6412380286145072,-0.36758496521148765,-0.1426247328788743,0.8546704883066311,-0.28653464803467,-0.16556597362625847,0.9999986512131548,-0.19481820280046555,-0.17672342937496743,0.3348749738954612,-0.2962299386216472,-0.15973916003817432,0.6091348710129573,-0.2944930070004511,-0.19112556528236785,0.7828655771122517,-0.25402598329493314,-0.19602023099366914,0.9173985997528231,-0.20386863332951619,-0.19839615391365473
0,0,0.0,0.0,0.0,0.2148058162227285,-0.11811221870180931,-0.018034439447741767,0.409786795083833,-0.23453037103436114,-0.07449053245091543,0.6199263534905646,-0.26876839534404623,-0.14091018404457917,0.8077102875757968,-0.25415020845619113,-0.1984648773164023,0.2823148575699432,-0.47716826582365285,-0.0692815796799239,0.6304519046897854,-0.42028774247079936,-0.18350707506405042,0.8216476522849653,-0.34098227124781744,-0.2702260812694825,0.9598098454316419,-0.26568654240379097,-0.3231721059848678,0.2530231437835734,-0.44566792754360407,-0.11894441184955397,0.6198495395187134,-0.39381547278963014,-0.22445363275182922,0.8331412292841451,-0.3147113411721482,-0.276699801550199,0.9999985759949198,-0.23419563611558972,-0.3073042491400424,0.24165972614995568,-0.37068033518914595,-0.1758987042005126,0.5829967421440184,-0.34247201669581656,-0.2678914033504494,0.7939678011863746,-0.27937434658176,-0.2901581186824303,0.9549982352103464,-0.21229429641380376,-0.2965650405146973,0.24108183893741547,-0.26652107740349695,-0.2362355592160605,0.49957413751679397,-0.2643900413871865,-0.2897012453045496,0.6685808325250138,-0.24560032534458048,-0.29234394300684013,0.8052241460846439,-0.2150366825248669,-0.2884366581591231
0,0,0.0,0.0,0.0,0.2293768985964842,-0.12796697623222764,0.018462879199974375,0.3967111459019797,-0.27748995921650577,-0.015298733924262746,0.5658529348866016,-0.35336375862255887,-0.06805816826437723,0.7279890846883067,-0.3824530897123774,-0.11419705277814293,0.23126926821570215,-0.5173174079862749,-0.014138020782965737,0.5637150889926228,-0.4760978364096701,-0.12661807584086412,0.7781140921601937,-0.4055470728823962,-0.21874405946268366,0.9372562660539414,-0.33018236507394105,-0.2769490005365723,0.20400644423340844,-0.5007875496524371,-0.07991224277718044,0.5778293343466241,-0.4569607791480077,-0.1799390369012503,0.8132663277611659,-0.38163144041735003,-0.23311756098332145,0.9999986135638833,-0.30310357598943977,-0.2658558983436262,0.19745151287831383,-0.4362164431485919,-0.15282330861633897,0.5589533202990452,-0.4194605904560932,-0.246813286023057,0.7964194079571417,-0.3495403034660197,-0.271488382663872,0.9745439510459577,-0.27429449112644594,-0.27856496659746455,0.20858483913345138,-0.33381947146778507,-0.22682432361681432,0.48342777822034816,-0.3332149536024612,-0.2893198519839714,0.6577113882088069,-0.3020379379042318,-0.2955483631117287,0.7936399603808725,-0.26038702678861037,-0.29281692823218936
0,0,0.0,0.0,0.0,0.22926732622539198,-0.008992972621243257,-0.07479990332223063,0.513071151477944,-0.07424852609788883,-0.07848279918125559,0.8112833093548121,-0.15079624400981143,-0.06957853475692427,0.9999986594367343,-0.24955030587938642,-0.048036316204120924,0.2550668240897805,-0.3671132621752978,0.053827995979509095,0.6132048323108757,-0.4077801599551656,0.048070897423563304,0.7928482248679708,-0.3411984231795757,0.02934582707453185,0.911353386765131,-0.28277070910597957,0.015553823650842957,0.23691851433127747,-0.4163434698826344,0.08920229095882017,0.6127161406868812,-0.43195926873912716,0.05532754055456669,0.801137364891118,-0.35970608029027124,-0.0012406110709495116,0.9225197027197357,-0.27634001155122295,-0.034408401470573606,0.25623357933725727,-0.4316905922208666,0.10905300105765481,0.604433952294095,-0.47264642213159835,0.06774233336528795,0.8346553298586784,-0.41895156977684517,0.012196524529149275,0.9889046564186427,-0.3502699212575686,-0.01827742288129718,0.3127210094781273,-0.43367473335030954,0.1250275080359621,0.5814024018703203,-0.4688578235367834,0.09759357799877962,0.7640014358877748,-0.4456278020686089,0.06596058356029753,0.9193977814572946,-0.40843910659515525,0.047061537674711384
0,0,0.0,0.0,0.0,0.355790763393023,-0.12838402426236206,0.04809013692506668,0.5398275357712484,-0.32642921496458477,-0.022871430297957428,0.7448791586551581,-0.4926295291156748,-0.14118790932828662,0.8212099100353444,-0.679570640861421,-0.2464402066109848,-0.24594901806052924,-0.5917727651158885,-0.023445304025646787,0.06029546497614531,-0.8884454392989359,-0.1697867229692857,0.4335060018736662,-0.8728389088534738,-0.2442378633961956,0.6677147509884466,-0.7667383980908082,-0.26458925009041084,-0.37134635561315577,-0.5938087165021853,-0.15480526741465486,-0.007821061331955665,-0.9999983958674631,-0.31629353278497135,0.44209804467900127,-0.9777999666535759,-0.36314199947386716,0.7125668742869962,-0.8488362840316476,-0.3574024255766608,-0.38302669864107236,-0.5708085898977211,-0.2940683078176379,-0.03167564021357681,-0.9904025162522656,-0.4289794047259036,0.41648484209304987,-0.970434337516458,-0.4115972074251681,0.6626766712717842,-0.8557853240598781,-0.3671407816311241,-0.2852546594300612,-0.5096753094369243,-0.433187174637292,0.05098832693432429,-0.8294236092318046,-0.5372587735760068,0.39491858709093375,-0.8528739092748548,-0.5205406615761154,0.6120216538700699,-0.799064092287412,-0.483207747000672
0,0,0.0,0.0,0.0,0.32184454292305,0.010477114485383727,0.11429296373719652,0.5932384186162556,0.15086574579451742,0.11019323664458332,0.764766230193398,0.302172153312934,0.06748722891197353,0.8742377940789016,0.4405079408637676,0.03431524450703318,0.7735407936044141,0.15930525554375322,0.05282564075581203,0.999997250877782,0.438444528106233,-0.005910643094152145,0.9569011323711004,0.5985141107341649,-0.02496025288818092,0.8798296959064676,0.6636402840174186,-0.019852145208352327,0.7386106607853827,0.20117844252272635,-0.04970426690424161,0.9471571705186648,0.5234466876127641,-0.07781991457146144,0.8694089903821148,0.6607568316216007,-0.059271029038406205,0.7850025045882562,0.7033686605587058,-0.044311153409662046,0.6550151203746519,0.2573580808492793,-0.15010667188698373,0.8453554228683743,0.5897062017209127,-0.14692092767875695,0.7484678502110133,0.7035101540600861,-0.08448255741014217,0.6537304544211819,0.731603701048674,-0.0470803592250914,0.530199335926031,0.3318468717451455,-0.24833197056083245,0.661133997419866,0.6009235148387342,-0.22282092576311446,0.6046358963024241,0.706085630734023,-0.1634639103527287,0.5525610442599783,0.7337363448477061,-0.12304427824813342
0,0,0.0,0.0,0.0,0.3104817757990675,0.037982107186194575,0.13012487259284788,0.6010346161238599,0.18335274921870848,0.12933151177264504,0.7857364134047579,0.3300672509716778,0.08371541321815076,0.9071936715395204,0.46970081482180487,0.04597707393142682,0.7872049913551421,0.16764878735379649,0.1090699085396253,0.999997342109009,0.4349418956280096,0.07389083267952339,0.9932002183807206,0.6063380519119976,0.06813103569921886,0.956530920075901,0.6936331293637102,0.07900036409676471,0.7654131639586914,0.19544934816892537,0.0004893783258224716,0.9782533583523659,0.5074360599161779,-0.007912609066173424,0.9325178487266632,0.6648773591902382,0.021252929951044653,0.8703759312131787,0.7388884599422053,0.045948439037734046,0.6841399690054716,0.24059639686726,-0.10834913605420748,0.892296239377457,0.5630563506868883,-0.08580235542836803,0.8301061613788682,0.7079325160281793,-0.020093637386555688,0.7537771788586085,0.7740747638356391,0.017430505815834264,0.5560262664541726,0.3045957011158893,-0.2144514077141692,0.6931201568282902,0.5594519978025122,-0.17236340134169217,0.6614321418561492,0.6965452544860363,-0.11229041430600313,0.6229100906786497,0.766679911455053,-0.07406984142835053
0,0,0.0,0.0,0.0,0.30890879681005523,-0.01043121980862997,0.13564830926394753,0.5694528475510057,0.08114025623613512,0.12764533300461592,0.7145145035691423,0.2048536146983883,0.07439102252623422,0.7844697414670198,0.33347992008215194,0.02799760471464933,0.7606865321932194,0.08041434422724496,0.027121553099586,0.9999978563198997,0.3369959855009663,-0.0413346126132878,0.8837945646898634,0.44752128763026583,-0.06262563179861279,0.7573066731024977,0.4558528089496387,-0.05593396886623176,0.7101544955639746,0.1356247679592419,-0.09376317222760723,0.9050594901734387,0.4281362905756104,-0.13200944757503663,0.7506294964669717,0.4919642880819686,-0.11127970850620053,0.6386201075639413,0.43797163964215735,-0.09337197832587464,0.6102972410379767,0.20052740272866204,-0.20707410778666566,0.7771639202402965,0.50055863906071,-0.20914512117211712,0.6229772068796913,0.5393142586747953,-0.12659562935322272,0.5240009491944058,0.4774476450703017,-0.07583558128637803,0.4782784270076929,0.2698646012184864,-0.31480737185000024,0.605952821374298,0.531802275243215,-0.2916138363136746,0.4898336045696698,0.5566449806451064,-0.20701456543310917,0.40311284985374984,0.4903910155511938,-0.14770753833512204
0,0,0.0,0.0,0.0,0.2968829168634413,-0.015187179262402742,0.12115463745367704,0.5575820889793353,0.07964113045366082,0.09882699427215239,0.7023241661788625,0.20606568694047672,0.035003791363581685,0.7625694084854686,0.3410507772857378,-0.021343424921560383,0.7502241280877981,0.05913863769739852,-0.020394656235276323,0.9999979107334865,0.3217391025433225,-0.10590913268117774,0.8734012226702378,0.4236576205450739,-0.13318749668309365,0.7486948998305389,0.4210053185876443,-0.1276148575345033,0.6927338627140378,0.10480412689240375,-0.13840978627563622,0.8697840000978755,0.4267013202559698,-0.18806207191600705,0.7031257657140398,0.4759092828978145,-0.16245195055399952,0.6089885663009668,0.41116315322132885,-0.14217468584796406,0.5813481391409715,0.16569941573833344,-0.24867738621557006,0.7490159381405727,0.4964257852777691,-0.2630482869704156,0.581773035461311,0.5179651769822454,-0.17024656271893712,0.487758996206742,0.44260224314675045,-0.11294682822739222,0.44144953130934655,0.23092996706960234,-0.3539925997465181,0.5652323397552478,0.5119833167256025,-0.339786218672566,0.44304999071995693,0.5227455719110352,-0.2509388352382325,0.3600212398600024,0.4497955311303167,-0.18969395958243387
0,0,0.0,0.0,0.0,0.16496048713228242,-0.08207447371633642,0.029290190712203214,0.4683256387937635,-0.13704508701362692,0.04411680287985571,0.7289639144000195,-0.024718464835934036,0.04195402064657349,0.9092025644208098,0.07181869418804333,0.05007017700544238,0.5239062395024062,-0.48477231992244835,0.13542597732104977,0.7767199450503044,-0.25880137405705683,0.13202693748623606,0.8312993634607365,-0.06867083835221226,0.11085093300188502,0.855015205310195,0.06560711871105046,0.08595265826475783,0.5284825377528706,-0.4631626442588959,0.08982268910770125,0.8152548984841363,-0.2653033682767794,0.03564532477192408,0.8604489051700345,-0.06507584090190312,-0.017827736594810024,0.8465777664639552,0.08971468369973119,-0.04266578005744644,0.5210155465218571,-0.3837945754825588,0.034752143069203795,0.8366757239276335,-0.2524748076450551,-0.03423677824185782,0.9510592647640445,-0.05684831033585698,-0.08844177377798193,0.9999983886174527,0.09122457302427259,-0.11232932766001144,0.5209304498683446,-0.23790207776544803,-0.016820017173597518,0.7389275223481939,-0.13587961823027728,-0.07693252942769362,0.844221760921447,-0.024362374719796683,-0.1189636611025992,0.9296751288483598,0.07894789204388347,-0.14454104027058645
0,0,0.0,0.0,0.0,0.20327625376017827,-0.08073492114110759,0.0063084320067832485,0.48803260972679324,-0.10440255170714581,-0.019694664436684304,0.7274686130269588,0.017544771866554048,-0.05629952580787694,0.9041389341792521,0.11017216950062891,-0.08390667300630635,0.5254233384273548,-0.4087236580979916,0.009101116244094253,0.8185623445557664,-0.19104236657599277,-0.04337495492459809,0.9240383841583647,-0.012471446714576874,-0.0771699351543238,0.9744016904108891,0.11892515682084584,-0.0973966571259312,0.5045493530739549,-0.38332342767002686,-0.03369366314190068,0.8383239468148004,-0.18491742595465238,-0.10778317544421746,0.9378986931898106,0.003340088466894653,-0.14556203561177009,0.9792921983306938,0.15358273850859025,-0.1614780465306253,0.48770998531867743,-0.30111242393287474,-0.08266946032676264,0.8259272533414602,-0.1373307421419421,-0.15924332385678125,0.9474425168970031,0.032186413924032,-0.19029048564790324,0.9999983562892858,0.15949059591332493,-0.19852409469799445,0.4868345004383486,-0.17180771098536174,-0.12946756725004122,0.7459347210410746,-0.05422064208129199,-0.18883402210370354,0.876277235294105,0.04797130050574419,-0.21392448705266429,0.975893130242273,0.13610223679439695,-0.2241876025145742
0,0,0.0,0.0,0.0,0.22310384310950407,-0.06766299899871167,0.037232187693313094,0.5043221409824438,-0.0962420539916398,0.01866584352953075,0.7328954806789875,0.019960414598691963,-0.02012777372541776,0.8940710016150004,0.1377288598610647,-0.051100088397853995,0.5834087551796623,-0.4447001417041012,0.040061210516518564,0.861997246240936,-0.19104283283215842,-0.017784916278195704,0.9314273940129211,0.010973219925751367,-0.06313308495716712,0.9614005724382628,0.1556200977291597,-0.09411469988856233,0.5616113507333388,-0.44560745897252857,-0.02204636848730978,0.8739764037601281,-0.19050920899433826,-0.10175174942149694,0.9386130589863589,0.02077825923249273,-0.14644870083120384,0.9508570883946179,0.18266514157488184,-0.16778908049881738,0.5306520718409008,-0.38129818057038145,-0.08864790135627168,0.8632828564809234,-0.1689532162086456,-0.16508235343104724,0.9641725281915584,0.039265484546747546,-0.19352608170649668,0.9999982755867693,0.2003823163680313,-0.20061316489856043,0.5039415353925275,-0.25504449444928773,-0.15165986509997284,0.7579676555007698,-0.08183528959239467,-0.2076544967908101,0.8645261201092324,0.0656587297566462,-0.22514674375305674,0.9389445342840852,0.1938059492441813,-0.23073703610557006
0,0,0.0,0.0,0.0,0.08998463514348311,-0.036206457633047535,-0.12081054540214695,0.3741717357130179,-0.08940528938954395,-0.1847733424292216,0.6798954552420261,-0.050742383533608056,-0.22137831810998596,0.8992578121219751,0.006164634852142774,-0.24226878647119343,0.5097782451578042,-0.4122909713698773,-0.170208838199226,0.8545154886330869,-0.21382657156052817,-0.25760831529498535,0.9551719261447101,-0.023266472943573716,-0.30466375336156165,0.9941189735880476,0.11473743378798153,-0.32729008688000727,0.5431105538059683,-0.47215845464050676,-0.1323321963154325,0.9003785170567465,-0.24282689545271402,-0.2199737999292029,0.9838096601143417,-0.030386934838705113,-0.24524408986119192,0.9999983050294092,0.137822813826518,-0.2507774505057335,0.5646102469875945,-0.4538462617863504,-0.10277696916008153,0.9015506453045802,-0.23110101619491927,-0.19380113945820174,0.9813394215530781,-0.027972968940262015,-0.21707659127593734,0.9880854732356193,0.1316031691630543,-0.2161326350370446,0.5890854203584291,-0.371725428187671,-0.07889141484013494,0.8601814486850825,-0.19192352360994178,-0.1506542015257404,0.9201822511885208,-0.036220803626082564,-0.16820533692368558,0.9367072187149517,0.08674739109544542,-0.1648270576201768
