gesture_id,label,f0,f1,f2,f3,f4,f5,f6,f7,f8,f9,f10,f11,f12,f13,f14,f15,f16,f17,f18,f19,f20,f21,f22,f23,f24,f25,f26,f27,f28,f29,f30,f31,f32,f33,f34,f35,f36,f37,f38,f39,f40,f41,f42,f43,f44,f45,f46,f47,f48,f49,f50,f51,f52,f53,f54,f55,f56,f57,f58,f59,f60,f61,f62
15,f,0.0,0.0,0.0,-0.24520651119391687,-0.05730616356750549,-0.0862867039794393,-0.404579549207654,-0.19491924754362888,-0.1484238375958983,-0.4696419121324614,-0.33761961472051466,-0.2168184580998161,-0.4755311017771131,-0.46878725850703173,-0.27551871060019434,-0.32406889695712754,-0.4475676313369264,-0.038277993131266494,-0.3810802236844193,-0.6363342850714819,-0.17374436115819303,-0.4010547561223393,-0.6568839152194588,-0.2813887628043737,-0.3944247007973418,-0.6371344913310606,-0.3400823804391494,-0.18523856395039462,-0.4902405988179872,-0.06016917755361463,-0.25440666464588574,-0.7224006005664014,-0.1549675567322425,-0.29981191124999057,-0.8706011054561689,-0.23528187916279825,-0.3349370970894899,-0.9999986085678332,-0.287717595231015,-0.03925497499799236,-0.4863129242529121,-0.1045182468565895,-0.0853084479714672,-0.7076836393017245,-0.18629780678662794,-0.111314840398449,-0.844975512846864,-0.23908280706090942,-0.13488399788215066,-0.9632468854258665,-0.26817032740394475,0.11795389425991996,-0.4459912702055783,-0.15948824314450133,0.08738806365876939,-0.6244488356385172,-0.21216787345943217,0.053990638290086546,-0.7397473322805629,-0.22994226372958854,0.022464410892965504,-0.8421770094715244,-0.2369634651158119
15,f,0.0,0.0,0.0,0.20784790079284388,-0.15533226396780234,-0.08679385509756538,0.33614660343763364,-0.3733487220470719,-0.11002021610562954,0.37248646366806093,-0.5694174390288643,-0.12407634036421414,0.39087950278848405,-0.7280597138159973,-0.13221323229352813,0.049161433979134625,-0.5196931873581963,-0.06434421800692543,0.11391798187810256,-0.6885911889048958,-0.13824150821480255,0.2161188169549774,-0.7265708255802275,-0.1968012221799234,0.31703995184577416,-0.737125619310345,-0.23879217284475057,-0.0814309095883479,-0.5407141104775838,-0.073610167164916,-0.09438641414064311,-0.7781989781337092,-0.14025529355270494,0.014369789546582733,-0.9007626675367584,-0.20565938777767007,0.12312057433837217,-0.9836957323117722,-0.255642064703116,-0.18752125029393854,-0.49834208533411417,-0.09860475229343924,-0.3132047286006541,-0.7388686350562362,-0.1820433392836696,-0.3011978110374258,-0.8865738036972897,-0.2638617115743748,-0.2624663960495238,-0.9999984325175997,-0.320775926554152,-0.26499248890059224,-0.39990252426549877,-0.12904127484263242,-0.41206103075709904,-0.49931496392341335,-0.20877948032633925,-0.4721477053698921,-0.5946435184361387,-0.26727040701964877,-0.5031040798427081,-0.6894513918408103,-0.3105805550782392
15,f,0.0,0.0,0.0,0.17093115170539278,-0.16813313050166112,-0.024376109538239134,0.2656156194519916,-0.3412090933588637,-0.03383701676032634,0.29641324972044863,-0.5071280077200176,-0.04770355433789724,0.31060990377315617,-0.6746921082379259,-0.054999346512907187,-0.09605256433603175,-0.4554750875836468,0.04636186125685304,0.02015184454578847,-0.628036347287769,-0.014368518456199308,0.15866192571216653,-0.6800513705256518,-0.07061419035717928,0.26897539675419774,-0.6715191788638069,-0.10159541045927585,-0.1833275191517132,-0.5130729693119259,0.024257859335877895,-0.132514808534628,-0.7234012263864452,-0.028640798895250362,0.02987217990606592,-0.830082679815801,-0.0776975055239417,0.17187236215255358,-0.8631872682620639,-0.10405879505538508,-0.25918414101245657,-0.5313209501557493,-0.012989404487795014,-0.3063987788148319,-0.7918378033365452,-0.07483251343114353,-0.1830844501519956,-0.9286764820513116,-0.12474687080274036,-0.05451686092543735,-0.9999974575928235,-0.1527024955924233,-0.31066824639465945,-0.5074907169786361,-0.051798789634417225,-0.4891843935133094,-0.637280773549784,-0.11182640476818848,-0.5273741854655094,-0.7471769054239709,-0.14859661466171994,-0.5276834013594769,-0.8350246029356826,-0.16956593783529927
15,f,0.0,0.0,0.0,-0.21896818217235584,-0.12993875155515702,-0.11035676424499034,-0.36145736828381014,-0.3078824323765095,-0.18816329837734827,-0.3920243980795253,-0.4607413677466916,-0.2852450611140239,-0.3059108757568182,-0.570865935363898,-0.369380022602733,-0.07626539745708394,-0.5025506603804806,-0.003956570661440355,-0.16135582557036224,-0.6647267572707722,-0.17204624206692867,-0.24591884233284658,-0.6566096112251744,-0.3079311724680269,-0.28791056381903657,-0.6116032838833492,-0.38334407123735953,0.12186957739330143,-0.5188775437947064,-0.032956125329462696,0.12358451237200861,-0.7487241687617128,-0.13012499175687675,0.12380457640441708,-0.886157748905568,-0.20305541538513883,0.11862999856873498,-0.9999986608408394,-0.2581079212307496,0.3105842631465472,-0.4899236783424714,-0.09986412195546936,0.3390327076872079,-0.709105698578963,-0.19827125764322454,0.34841516205407486,-0.8353392008107973,-0.24348417937456057,0.3500674382495247,-0.9442992729006888,-0.267029494305224,0.4822371617690692,-0.4172912930127255,-0.18460461872377895,0.5259688418372164,-0.5934948955219618,-0.24656968543940397,0.5229535575106795,-0.7055368618168975,-0.2603003600389365,0.5068167257689835,-0.809264207123842,-0.26738241890416997
15,f,0.0,0.0,0.0,-0.22605124672736945,-0.0925744517000896,-0.09775931720483087,-0.4099131940686117,-0.22347082321175415,-0.1861345033874869,-0.47195387856771065,-0.3193113920189512,-0.2870640333948491,-0.38346016324150123,-0.36900247274299414,-0.3740328878933084,-0.22005850352069217,-0.49690555471291764,-0.06429165526183074,-0.2724884517720588,-0.6486496854199494,-0.2221627182306614,-0.32064188762411927,-0.5778780413266236,-0.3482631414405257,-0.33546755891365443,-0.48150553473326896,-0.4166117859109652,-0.031901768457149385,-0.5241068319591564,-0.09791259550766443,-0.03600099720061526,-0.7466934941762592,-0.18814177196924134,-0.04380373534214042,-0.8838938971159602,-0.27558296325986487,-0.040011844572070625,-0.9999985434249817,-0.3482723876253186,0.15894035385360075,-0.4859903250416648,-0.15886899120252884,0.2557967875270994,-0.7014413201111941,-0.25870880624087195,0.283711844193755,-0.8326364779605543,-0.34231502301303646,0.30566376280879776,-0.9481047870729636,-0.4012620773311988,0.3380637834211223,-0.39258076487657606,-0.22978741305327638,0.5419818342203273,-0.5189796705589081,-0.2937322038892462,0.6557718088602208,-0.6009171897272141,-0.33100980402638946,0.7431828957886197,-0.6869671774810602,-0.3627577081549086
15,f,0.0,0.0,0.0,-0.27016700036344526,-0.035915464703337015,-0.14689934142216726,-0.5309806872064976,-0.13078690606700774,-0.26943547337220464,-0.6376327263767867,-0.2209146973119802,-0.40574447503914374,-0.5464331281185784,-0.31038114052855736,-0.5228552831872023,-0.42333944448442645,-0.4415597734568635,-0.09620858906438365,-0.5715246775192627,-0.5806787020586364,-0.3090164504170291,-0.6136534835342189,-0.4829278471212974,-0.4789670017625821,-0.5887509464634437,-0.3720541423304626,-0.5694382586338933,-0.24937867937123023,-0.5080617606069373,-0.11821995078253034,-0.39472365417396926,-0.7193558213854735,-0.2463388517673753,-0.5048992838330747,-0.845733870680704,-0.36041499085948986,-0.5881331332777254,-0.9543046950335605,-0.44729098085259716,-0.03755521929563938,-0.5113224509452057,-0.17691872931603306,-0.1000662234576788,-0.7326359430262097,-0.30530399936319325,-0.15364044367975843,-0.8772576063641138,-0.400935999631798,-0.20344491076174967,-0.9999985450329499,-0.4608972235608367,0.19774548872842454,-0.4661924291921593,-0.25145161577879027,0.3072745565955419,-0.6397808499885558,-0.3246432908682001,0.35085666319531955,-0.7549060530411333,-0.3648112728261114,0.3603617416055225,-0.8658411142088485,-0.3958587269239
15,f,0.0,0.0,0.0,0.20220339301746568,-0.17710477169557345,-0.07652929523358014,0.31335975709021174,-0.35987984117439004,-0.1037266981937134,0.36623410135878154,-0.5409516663314553,-0.130447986556832,0.3583219019777356,-0.706744903485562,-0.15234744729410032,0.0473905735566819,-0.5252350169082814,0.0048355554860210655,0.10536517242542233,-0.6965026358277313,-0.0698066418477987,0.21317218630078083,-0.7271688577413751,-0.1411893773193705,0.3218724019574273,-0.7272821063204121,-0.18799043680621694,-0.06873808718761096,-0.5335335043757389,-0.004848302480315146,-0.07019391041327415,-0.7656177115737476,-0.0649405520453804,0.03916585638350449,-0.8775893491714604,-0.13480684969948895,0.15751987629597375,-0.9475133497262084,-0.18654509790419535,-0.1705653257179046,-0.4962758396042762,-0.0341896395984398,-0.2775752180316161,-0.7423139885755908,-0.10042204608826913,-0.24652355750767685,-0.8938621371949667,-0.17036679174395403,-0.1827018356957677,-0.9999984998058647,-0.22004235545668865,-0.24844668201565168,-0.41354536067179515,-0.07173798727265883,-0.40073467962275167,-0.5309755082442636,-0.1266824601265323,-0.44741696893580735,-0.641934615021032,-0.1689994928714268,-0.45760773151544976,-0.7403131146483718,-0.2026346002783678
15,f,0.0,0.0,0.0,0.23551611382849374,-0.1604771694153573,-0.0888649914205684,0.3821975261096023,-0.3381919106791135,-0.12461289896232153,0.4361708027604307,-0.5416822430058605,-0.1445389594627652,0.45320344608501384,-0.7246174153530796,-0.16071918044160255,0.05296456715970734,-0.48739023902706197,-0.08218883269198776,0.17836774043477732,-0.6606828248255695,-0.15405048631870136,0.31233360984213004,-0.7257680333131262,-0.2092916286730143,0.42671131764560893,-0.7537015916822152,-0.24055762342357515,-0.07300131756128918,-0.5244979758904263,-0.0725946932152782,-0.016487548995748204,-0.7723836375945015,-0.1248780705781772,0.12439550008495429,-0.8775145610645149,-0.1718940027955954,0.25362301268278886,-0.9314309059288597,-0.20770331926801947,-0.1843788044165396,-0.5303702403062792,-0.07417422644613364,-0.24162653316914773,-0.7848202859601818,-0.1272989183033769,-0.15797307757345905,-0.9175339151401469,-0.1738483693385409,-0.0553952111678486,-0.999997826719274,-0.20875510001967706,-0.2799064560072334,-0.5049181046945956,-0.08192342628918556,-0.4115692111989206,-0.6680799414020403,-0.12131164876423056,-0.4185785568929372,-0.7641977664153036,-0.14476652468666745,-0.3865343810483448,-0.8450548285167613,-0.16366344113554002
15,f,0.0,0.0,0.0,0.16501192303331313,-0.1520889639571044,-0.03239235562449541,0.2356041686466429,-0.3745014689625238,-0.026064278807571117,0.23782745365428162,-0.5541825900948382,-0.030272913451336522,0.14570436907965398,-0.6449028106486192,-0.03166597314502568,0.0986218652662172,-0.5303098177993364,0.07867228236770815,0.09415437935300379,-0.7074226778679896,0.03222807538173525,0.09522803940373092,-0.7177026032486652,-0.023344209288033612,0.08662383853651977,-0.6897400575420903,-0.055199270878831926,0.0019774380444399844,-0.5409924593777306,0.06395960457941041,-0.021151627600021965,-0.7537476446483637,0.0494186440989434,-0.043959085764982836,-0.8911185272596621,0.007849335400803247,-0.07210731967945515,-0.9999988569689332,-0.02437939294345342,-0.08258795592436328,-0.5091711008268677,0.03102395497250592,-0.1081798515182976,-0.7110353712292361,0.007955959853834928,-0.12690789202621244,-0.8399077906723352,-0.024788902975690967,-0.14910589362769977,-0.942372356047134,-0.04772019373141435,-0.16919125327773094,-0.44280931699346376,-0.009694877313130864,-0.18376673861578446,-0.5878830410918654,-0.02960614042935985,-0.19713628958440493,-0.6906878474904177,-0.04074822065588087,-0.2092674422573171,-0.7870669936777055,-0.049075302907930364
15,f,0.0,0.0,0.0,0.1906183640191522,-0.21320648310794782,-0.0671382017827458,0.28898643567602916,-0.4391985838631114,-0.07544144616564466,0.28270094449720895,-0.6372008359038654,-0.07625447648521776,0.25404174500526727,-0.7899921249503047,-0.07290527165413539,-0.012145528514810572,-0.5432934064366155,-0.022157257957613585,0.048393821734077844,-0.722063498346185,-0.08148602457369976,0.14572471400524176,-0.7987144900130696,-0.13178965509909432,0.2490841787142523,-0.840658177040759,-0.16429353353789417,-0.1646696460187868,-0.5636946852894691,-0.029453585557735938,-0.19696267784009452,-0.7988640162712884,-0.07129376699958558,-0.10791530079275892,-0.9226196708513913,-0.11631456671955895,0.00402650714261637,-0.9999974888545228,-0.15029498889403203,-0.29391421645614774,-0.5326902135852843,-0.05219795696704139,-0.41688961039151107,-0.7542114941872985,-0.11033889536968952,-0.3740022165989872,-0.8965646829377772,-0.16813285221536045,-0.28799984675605983,-0.9980292503204111,-0.20938086421059854,-0.39163149715132756,-0.4508369354750446,-0.07983624029899032,-0.5513225848293344,-0.5585554124143923,-0.13515335043155186,-0.5662339000933908,-0.6495532913976425,-0.1722633467132296,-0.5352023744641079,-0.7332070213198084,-0.2001429029736602
15,f,0.0,0.0,0.0,-0.25253094336258536,-0.10854489478226928,-0.07593659291029992,-0.40871853798400176,-0.24857189305034655,-0.13939041838865263,-0.4667284995158553,-0.3737520531953618,-0.22421311726536838,-0.4126245011033178,-0.4826502234736501,-0.29579204946716353,-0.2786216010124382,-0.4918195680643535,0.023632906287539536,-0.37976500665711527,-0.6473641245881993,-0.14111090880112553,-0.41471327642696454,-0.6162152041544373,-0.2864380181672964,-0.40606026370663,-0.5424301176098805,-0.36555810795668725,-0.0893140691322861,-0.5332844605326483,-0.010074200065991041,-0.1627467989208067,-0.7539515839191545,-0.09718271465790917,-0.19525821074915417,-0.8879463751310549,-0.1785286917270849,-0.22180108819665872,-0.9999986596609443,-0.24152455528289304,0.1134357072179975,-0.5216621600781346,-0.07613769710350524,0.10649051229015488,-0.7319900633140201,-0.1581094159914438,0.1061281292847405,-0.8612839815953448,-0.2008386744296326,0.11016459342683965,-0.9708717660938133,-0.2278799483452319,0.3238027168209795,-0.45972598320212543,-0.15643646038677986,0.4289875797598365,-0.6110050297116226,-0.1983930285404686,0.4876978608299314,-0.7124782230649308,-0.20266211365170694,0.5282402584649987,-0.809635815102216,-0.2059977189951401
15,f,0.0,0.0,0.0,0.22275307356210253,-0.08621339798479223,-0.16675947462497512,0.34035024476952064,-0.27061257867043315,-0.35908767413034676,0.3795285642453038,-0.44918149224740145,-0.5249704722350934,0.37419442618044185,-0.584798201902477,-0.7091627775497709,0.20632146269398657,-0.24019667898599945,-0.5828458773897399,0.18657112179945773,-0.44192919830603655,-0.7636130473714046,0.14238917859154432,-0.5726169395650642,-0.8683420413387224,0.10827312018082948,-0.6861325948552754,-0.9377794413878011,0.03879753435639839,-0.25141564548274353,-0.5845687423439818,-0.04969964472844876,-0.4463054025757288,-0.8098510872061108,-0.1049088032035043,-0.5862894493916133,-0.9177383451326303,-0.14157887500838773,-0.6816190934157769,-0.9999988002790239,-0.10400671789251102,-0.23514643142328917,-0.5648929137676499,-0.18798993072973263,-0.4221432459580892,-0.7620255488455187,-0.2426558000133279,-0.5306259588497012,-0.8434689428136793,-0.26175372906997746,-0.6184115166921901,-0.8950423363652718,-0.20265984728777084,-0.2038677048373537,-0.5474584614884068,-0.27982386009452975,-0.3344729247766123,-0.702550274117915,-0.3220273832645578,-0.4236464354406409,-0.759512367057579,-0.3365165073384487,-0.4990624836543027,-0.8037297787010257
15,f,0.0,0.0,0.0,0.25138262274725814,-0.10730961974014283,0.011314060599389835,0.39588519695447216,-0.2751946490235103,0.041521299854483606,0.4581573183564671,-0.43971960967600293,0.0510432929180651,0.5019820025110537,-0.607701343818845,0.06171069768713938,0.14242354418778805,-0.41492201111570565,0.2095357227082705,0.2515450835922614,-0.5728805002290971,0.2167953494563387,0.37902876415187386,-0.6264166589202336,0.1899519929904287,0.4857429707031793,-0.6503677684403247,0.16996462108886382,0.05469263430791672,-0.4775558941541737,0.16921581183914808,0.1642143725227385,-0.6674460706502462,0.16626550463986087,0.3028406018907057,-0.7013657046036289,0.11260073802750122,0.4275400039286875,-0.6872916834334821,0.07817652541544834,-0.04697171998691913,-0.5416347494172241,0.10915048827767179,0.04676729562181349,-0.7806715717938054,0.09916785845947193,0.2088039004307675,-0.8671563331466628,0.055966367841867586,0.36548112275736594,-0.89830222613067,0.026092666488922018,-0.16614660282305208,-0.585578997452122,0.04481214060453716,-0.13878476974569454,-0.814150827333064,0.05364504672182096,-0.04880191442199126,-0.9298705339062562,0.04874178675233274,0.05688332504346281,-0.9999986079465331,0.037792118710993104
15,f,0.0,0.0,0.0,0.22774877492546394,-0.15637449581834073,-0.02797621842963115,0.3405623875791033,-0.3213232351657768,-0.03490860495519179,0.39332566033266325,-0.48709364535030997,-0.04757671399646951,0.43348728202882836,-0.6482535830081672,-0.059928590133118596,0.07036120055911096,-0.46604552194885496,0.004221307327434873,0.16424151463026812,-0.5975039517520976,-0.08036581144779077,0.2931749691292425,-0.6317817477373919,-0.15416208458791034,0.41025260261680185,-0.6383612165667871,-0.1987994026265368,-0.03292436787714469,-0.5236528294684021,-0.027195361441920512,0.01164224636976279,-0.7441099606478826,-0.08858522841844435,0.14927821371614264,-0.8286201076164983,-0.1395773805294426,0.2830206468518768,-0.8695283065585557,-0.17419437414167585,-0.13836498539432868,-0.537744397151294,-0.07295818048205867,-0.18333571026057233,-0.7933236913505075,-0.14030411027765943,-0.09798742292345508,-0.9187405739946854,-0.19594947319366138,0.0192412694797452,-0.9999979106776122,-0.234712212120334,-0.24107682883111384,-0.5013670939452328,-0.12134173316524961,-0.38103011217275023,-0.6253958036853304,-0.17699554878026155,-0.38810136307788,-0.7113405433525897,-0.20914309338172318,-0.35784026475547287,-0.7778854514920082,-0.23298205515630788
15,f,0.0,0.0,0.0,0.2488591664569047,-0.05242796328895827,-0.09237977093001304,0.4312501464299821,-0.2318062563270059,-0.11393076584206435,0.47784324369205605,-0.4557291751951361,-0.11666913684645755,0.4447696481868389,-0.6309670977748427,-0.12498412564489318,0.1417300511309073,-0.3263534552705689,-0.10201230454613941,0.20553829746029378,-0.4799435414512768,-0.14730315651153034,0.277655758459267,-0.5583515509471808,-0.18356441682090863,0.3411792672596067,-0.6163376317725614,-0.21365757601320343,-0.03942836358154085,-0.4035687422751959,-0.09583371141444018,0.03801491829346679,-0.6051023805095181,-0.130066985006147,0.14558384043591274,-0.7228961453811775,-0.17340990067654471,0.26313516871359593,-0.7999704975512835,-0.21598151564101187,-0.20767178045671283,-0.4460681742275783,-0.09969162966967571,-0.21097145823936458,-0.6960602478099458,-0.1648171007430917,-0.14529869321257952,-0.8732504660879118,-0.2446897673128695,-0.04589231518518971,-0.9999965632352317,-0.3090938627700365,-0.3451746059405627,-0.43360957582534976,-0.10468611029158553,-0.4791204656299027,-0.5889244749517945,-0.1746538093477286,-0.5537042862329935,-0.6892577863021604,-0.22331811607468904,-0.5742590582758816,-0.7760358500691812,-0.2650332395275477
15,f,0.0,0.0,0.0,-0.2623120470630432,-0.056427276927772885,-0.1174947439761556,-0.48461211061500586,-0.16686256762957646,-0.22215490866125454,-0.6216060499355633,-0.2618309323081997,-0.33569695438441616,-0.6281901664611864,-0.3515792817874718,-0.4382298024466157,-0.30919273073087666,-0.47087760364038994,-0.11537123835560022,-0.41173313602152045,-0.6219381361454859,-0.28517550034127126,-0.49033932380337386,-0.5480527978281989,-0.4166102992340613,-0.511111856036057,-0.45469131583764016,-0.487959647606264,-0.13523401196045592,-0.5094347558997047,-0.14307090971299188,-0.21350863174233728,-0.7356383222718641,-0.26475196091814446,-0.29821043680317616,-0.8800134282060212,-0.3688980181482204,-0.36273154857892453,-0.9999985509799546,-0.4452232184647804,0.0490733595207352,-0.48685652109462896,-0.1955507223431036,0.06644634811004803,-0.7255477381164249,-0.3149317634593646,0.04293118971453301,-0.8756074344705242,-0.41109581123035893,0.018164899761947222,-0.9965794449109542,-0.47354144897033557,0.2332206473113954,-0.4163251239450715,-0.25731312185547445,0.37435884115830287,-0.5808375230809677,-0.33601016911530923,0.4401772051767133,-0.6957887112119291,-0.3834602359662153,0.4790911449869227,-0.8028883708309196,-0.4183456979898409
15,f,0.0,0.0,0.0,-0.2448674291204702,-0.12967743360386902,-0.10597659052417935,-0.3894850652072782,-0.2937836035931594,-0.17380273821115433,-0.4015282362981797,-0.4326513835655184,-0.2553277619515884,-0.27492702055148693,-0.5270754926741987,-0.31924034115890304,-0.1983070689751181,-0.5138138850841754,0.0033659769241082445,-0.24876442009902078,-0.6795515722230163,-0.14711430846933582,-0.30583184822532583,-0.6258281584071645,-0.2776904373157504,-0.32540175543693295,-0.5395438973166983,-0.3492527958518889,-0.007912128607952108,-0.5363898065005723,-0.012829182521501774,-0.031354799655325456,-0.7520850812838342,-0.09030173729959338,-0.03726346941029914,-0.8859932190261973,-0.17119582292098168,-0.03779902298707588,-0.9999986803116637,-0.23867004776114764,0.180365099903332,-0.5076505943513026,-0.06407056046427437,0.23289426503306893,-0.7104612767892339,-0.14574543557224287,0.26027911697305,-0.8367502927641374,-0.20705830667106545,0.28570235694304386,-0.9446513006634929,-0.24841986021098073,0.36745331058887515,-0.4340997419424282,-0.1304627887188115,0.5033743463307561,-0.5827963085573329,-0.17517660598995766,0.5757401925511687,-0.680710345450054,-0.19430314862265574,0.6301283189322774,-0.7752323070445257,-0.21147924894210482
15,f,0.0,0.0,0.0,0.18237179557544536,-0.17663813753388294,-0.10647974820831682,0.28471061987380436,-0.36602332679742106,-0.10987611420592924,0.3115851285521776,-0.560979239648112,-0.09602242590591732,0.28197613377763026,-0.7330451154506542,-0.07433847795060203,-0.026332395517630176,-0.48943184186758865,0.0748668104100846,0.019386735924011675,-0.6878747684070994,0.08181938164599639,0.12280870472158488,-0.7633429305062744,0.05113751217116404,0.21577846733458655,-0.7993506936653292,0.027027127011624637,-0.13597183731729598,-0.5027883802450371,0.11670853306315584,-0.13357752422442634,-0.7372032796567709,0.1323402864190441,-0.03532558406470727,-0.8926961491128991,0.06803858112156,0.06157876615153263,-0.9750645643208875,0.017209497863269283,-0.22165492591605204,-0.4818090216329399,0.13863825000323488,-0.30948471050986603,-0.7168160384348778,0.14334889483353466,-0.2619687323756813,-0.8825729972027254,0.059687630640295364,-0.19979514427826459,-0.9999979833371189,-0.005335890987098285,-0.29968941084934353,-0.4235680377979294,0.15118741840897132,-0.4133790750328762,-0.5421517457374833,0.14545161174817423,-0.45999419572067746,-0.6565536095834112,0.10034564815511236,-0.482095524231306,-0.7507070059644478,0.06306450505537524
15,f,0.0,0.0,0.0,-0.2557543975901346,-0.08143480560176915,-0.08617666286455429,-0.45442140482414506,-0.2186914936521768,-0.1590397738988809,-0.5761751965180376,-0.34425837360448086,-0.23887344164483312,-0.5302305695168009,-0.4375589713492122,-0.30738911663960217,-0.279590538434443,-0.4571694952982225,-0.05257393106803373,-0.3986353681822423,-0.6120891857514714,-0.20556402759503511,-0.48433322124802736,-0.5835553953357969,-0.3274603535362376,-0.5181941513337764,-0.5168229926274907,-0.390846078530407,-0.1057936537731415,-0.4986718080693362,-0.07427265248843684,-0.16130258346276258,-0.7240513368774184,-0.18626928633715298,-0.1889615852643715,-0.8714979312748202,-0.2680124413417061,-0.20255627726484254,-0.9999987339098056,-0.31959525528441357,0.07299383503162778,-0.47784105512661185,-0.11958710549070499,0.1471960888069609,-0.6865038730972493,-0.2242883866028947,0.20863044354729077,-0.8067393118826705,-0.27772120263123573,0.2590824732171969,-0.913003413569898,-0.2998635159099941,0.23702952919449505,-0.40924025577395234,-0.17231615513553822,0.34862250624349167,-0.5680687239233833,-0.22890440206597362,0.41528491529759276,-0.6696900767221926,-0.23275435490668078,0.4727697413193463,-0.7655650448418313,-0.22806583658292523
15,f,0.0,0.0,0.0,0.21705432450266962,-0.13286283046452863,-0.05845213047409322,0.3343187438704197,-0.29065423738582236,-0.08142641591201374,0.37263430401418446,-0.4691329814690632,-0.10347390385367759,0.4098008137404491,-0.6365757031538468,-0.1213197516985244,0.04370599751098102,-0.42496246164846313,-0.01012136237742506,0.13837774091089583,-0.5729693690881245,-0.09016016622459766,0.26954534548962145,-0.6226993911343368,-0.15448699159433474,0.3869089889489367,-0.6335207233108658,-0.19055973843402993,-0.07963604512003335,-0.4919381328353542,-0.023375682752641323,-0.03516298041309844,-0.710855123878343,-0.09038071650029667,0.11494417029802546,-0.8219918649723518,-0.1370900792389197,0.26183539732717137,-0.8812956829605186,-0.1642271484643627,-0.2050821700498625,-0.5178239559969064,-0.05389220576688501,-0.252521769315779,-0.7789485426443238,-0.1299271463320058,-0.1477916265981405,-0.9167170594454014,-0.1790568681613076,-0.012447898534686516,-0.9999975227618801,-0.20682739535672975,-0.3162957655183648,-0.48458550952645724,-0.08879087006962598,-0.46209405099131234,-0.6286963948232044,-0.15066913426313527,-0.45558187936275596,-0.7309980574307652,-0.18175731013693822,-0.40261267798810507,-0.8098129936621172,-0.20104377145256916
15,f,0.0,0.0,0.0,-0.26793432436199144,-0.07932622639227353,-0.11007104547309594,-0.4790363150974215,-0.2069974671253699,-0.19714847065321886,-0.5350668658945631,-0.3163963176895541,-0.2958291428417483,-0.44966739530316613,-0.3993868640158045,-0.37839010640064596,-0.2923321054762993,-0.4758470200954062,-0.048821270511164576,-0.38161201765948904,-0.6401580546664736,-0.20081700489566995,-0.43332605235968374,-0.5816454890218593,-0.3260320913105674,-0.4348822389747673,-0.49266492044665894,-0.3967397163228136,-0.11631184893776815,-0.5192469052762589,-0.07863874278200342,-0.1843136750656815,-0.747468310978327,-0.17555967512770432,-0.24239574271433498,-0.8847687783185946,-0.2706679759307861,-0.2855365543459524,-0.9981575147885848,-0.3460185343872577,0.07050223068509193,-0.505949272132954,-0.13875431004922206,0.08957823414063992,-0.7337292396645372,-0.24245024345036134,0.07879318022343922,-0.8777237316128174,-0.33360139373366443,0.06848489655787117,-0.9999985716290188,-0.3974647050867025,0.2589498443826085,-0.44530588401372145,-0.21076460335212338,0.39623047467490635,-0.5993361769150071,-0.2784714917399977,0.4683986768392747,-0.701911466096561,-0.32369125579698216,0.5168318085391047,-0.8014497713439872,-0.3613354385369306
15,f,0.0,0.0,0.0,-0.22084932555851994,-0.0411120330484101,-0.10582487796685187,-0.3868733420913195,-0.16982406193007787,-0.1750891573241581,-0.45990956483659856,-0.30383734510737437,-0.24117340146217012,-0.43248364907110354,-0.4240334779794436,-0.30099661225840063,-0.3026447537475956,-0.43214756571235197,-0.0789516240822543,-0.3425471938302848,-0.6066564366129333,-0.19764439817547977,-0.33263560856695695,-0.6566846821938205,-0.29458632675400387,-0.2994616801767878,-0.6707992180089196,-0.3521417207555672,-0.17314632929405005,-0.47688526252496494,-0.09092495022306449,-0.21181035046236313,-0.713742203360732,-0.18191409554431484,-0.24201906715089952,-0.8722940469883274,-0.2637413331896692,-0.2641233925063035,-0.9999985277955342,-0.31726370494865774,-0.040781302453335784,-0.47252899039393037,-0.12178471324701275,-0.0579506868241054,-0.6975475923556782,-0.20445230188336033,-0.07117758524613627,-0.8417322672726534,-0.26814975089144477,-0.07923327520482819,-0.9578483218444114,-0.3046543048544427,0.09544109261862664,-0.42935035181498293,-0.16284019127591493,0.0850056604542786,-0.6105890067863355,-0.22614161255332946,0.06500751598053388,-0.7308067700886742,-0.256364127964624,0.04329170474285119,-0.8350557037128699,-0.2711929725424065
15,f,0.0,0.0,0.0,-0.2816197016825583,-0.060535035621442586,-0.10879463977751866,-0.5190999394766004,-0.1753574478187023,-0.20612285453767626,-0.6074741481752257,-0.28647511359402567,-0.3199081594545093,-0.49276292452747195,-0.3728920246758111,-0.41332547771053413,-0.4247704671210613,-0.45119225406660696,-0.03846440757285207,-0.5436321804640858,-0.600051096757303,-0.2357431255862533,-0.5576609361900905,-0.5234624621915923,-0.3924812512876465,-0.5213221032193389,-0.4214299888937443,-0.4731016452998781,-0.2518650606318819,-0.5082735211261914,-0.0692888752364323,-0.36336570460978446,-0.7329826536631955,-0.19105027406142663,-0.4367459437136215,-0.8623555588128294,-0.29259966649296315,-0.5001544903813391,-0.9714717070626324,-0.3650423652309792,-0.043963903020875314,-0.5123326862011118,-0.13452100375099696,-0.12074223398887494,-0.740982624467528,-0.25131098552431247,-0.1700448770563568,-0.8809508340366483,-0.324834310856424,-0.2189084943203225,-0.9999986171724894,-0.3677980526808726,0.18730943387263446,-0.472003387678059,-0.2135100313698523,0.273675077884151,-0.6466887176117012,-0.27057009512746466,0.3154177650261271,-0.7543872736725107,-0.29285598123857176,0.3270900076130296,-0.8535354797300804,-0.3094975030320805
15,f,0.0,0.0,0.0,0.16390767844533505,-0.0947095411956808,-0.066148755189095,0.3107659708161188,-0.2846514523205573,-0.08412743786596487,0.32166455271873384,-0.4648935780100468,-0.10267916139168577,0.1976218955974377,-0.542177380813461,-0.11451746064734344,0.18385324643356293,-0.5047835421751762,0.008919958016388688,0.19837835002911264,-0.6756142484565434,-0.06000314465235897,0.1892041387137767,-0.6400413041785091,-0.12184131491765068,0.16262511420843132,-0.5649142703418147,-0.15150269704619446,0.07671500558558095,-0.5345866548836478,0.0066712688211939195,0.07381386858400993,-0.7523623995624995,-0.01633361709628716,0.06474050000339139,-0.8847018491582489,-0.054190525229221014,0.05236567019178088,-0.999998876586758,-0.08213591940650981,-0.011468785294040058,-0.5125962761308565,-0.013582083781993132,-0.02547296853452071,-0.7174739270203758,-0.040707475780872436,-0.025386790181545087,-0.8440162920631429,-0.0667832115065706,-0.0275813584336221,-0.9491568289618826,-0.08379952320643437,-0.10401248435530239,-0.4523391932229086,-0.043951288079646114,-0.10668545295146203,-0.6048347016014304,-0.05897141081491104,-0.10896807445463691,-0.7020420758204599,-0.05847228196547253,-0.10905515677635004,-0.792649741688572,-0.05759516026246183
15,f,0.0,0.0,0.0,0.21807191504966278,-0.19066161809079535,-0.06128493889245766,0.33094925801592295,-0.37978537998283807,-0.10836078462149637,0.4459402869907103,-0.531152703660265,-0.16333511428325684,0.5172932025512965,-0.6992943781037253,-0.2137458955758987,0.08436074716060465,-0.5987594179009689,-0.05037539741368377,0.2087903869305492,-0.7588685080021873,-0.19099027541360394,0.3344556877510823,-0.6937539062168429,-0.29717656314176755,0.437150062241388,-0.5826819115063012,-0.35428081471364836,-0.015315875919612951,-0.6233018010023647,-0.08749188253862765,0.04154584777058896,-0.8633748983618003,-0.21261532819067447,0.20133882998662747,-0.9056616387541562,-0.2953167189576623,0.35327809840764346,-0.8691572418691816,-0.34354729560857267,-0.12774591126558862,-0.600058342529309,-0.14425652551247292,-0.17358848473473393,-0.863883999534793,-0.25780800621327093,-0.07688556481420314,-0.9690572825055166,-0.3276555373782907,0.05378905634457188,-0.9999982383623088,-0.3684299632570193,-0.23404321213496015,-0.522675489243353,-0.20793757725101317,-0.382769740824088,-0.6733904368069707,-0.2958150049464087,-0.3754838767028914,-0.7785178077455419,-0.34410333258115866,-0.30982358062115767,-0.8456165233320354,-0.3757419465731798
15,f,0.0,0.0,0.0,-0.20167339516413157,-0.13957478868080067,-0.06950689940076614,-0.30916684041124537,-0.30389378254734417,-0.12391740693123261,-0.3320390769467728,-0.4434115669757182,-0.19562726557186047,-0.27311942405854456,-0.5587693369841994,-0.2587907945703117,-0.10611983195523436,-0.5027840047232285,0.01918725106517473,-0.16203615040987634,-0.6620555311476313,-0.1107007386294738,-0.20818417739493564,-0.6672231763860134,-0.22852252361838787,-0.22341549977456576,-0.6366266168750206,-0.29568907959126817,0.06885081365045846,-0.526030799503236,-0.012225697201558961,0.07701837964785872,-0.7466157872603025,-0.08451237430482789,0.07800900333036093,-0.8844960361112114,-0.15868177518963222,0.07677662568266118,-0.9999986199528775,-0.2169831314127863,0.24012342148364843,-0.49695863076564945,-0.07122764843690531,0.31079824782593163,-0.7076377107265681,-0.14693300751646865,0.3456170703629841,-0.8403317242077118,-0.20461030906925293,0.37180546553408694,-0.9508769533901136,-0.2432077608886423,0.39815113650697875,-0.4226378354701796,-0.14125193328445884,0.5463510880917445,-0.56028134804622,-0.18791984645479876,0.6338999957244983,-0.6524480114116241,-0.21069413520738675,0.6973068210109941,-0.7388456881427371,-0.22878866684887328
15,f,0.0,0.0,0.0,0.28029294568244084,-0.04538044386212983,-0.12331477761054516,0.4637134620982028,-0.223650078280858,-0.16004638902862164,0.4750078713126542,-0.46454508964816127,-0.1717414980439141,0.4363677895385778,-0.6479417405912463,-0.1928842891633593,0.1757277140115022,-0.2891496107438406,-0.18099778598907873,0.23968024890536702,-0.3940374719167755,-0.2478938694678004,0.2914901105227485,-0.46723723379833637,-0.3020416066523639,0.3464967571565338,-0.5426712396406216,-0.3478207821565404,-0.039504784294466626,-0.362880948796892,-0.17382419377746913,0.025796100292210106,-0.6142736983094139,-0.22089377588441592,0.11652569552947442,-0.7820867897556767,-0.2794402118125484,0.22242996836861245,-0.920590109949069,-0.3409056624215723,-0.2168638667577449,-0.39111211951699903,-0.17452353382405766,-0.22060034814796078,-0.6570089367518617,-0.2563102611203986,-0.15321375988693,-0.8464784097360522,-0.3525368619786539,-0.0510637932723723,-0.9999966772100413,-0.434553084017437,-0.34797067290475736,-0.3567699023887606,-0.17886638141995143,-0.5175412930193535,-0.5000588935284309,-0.2685538427647562,-0.5946854926920486,-0.6023987936558275,-0.33153707801991167,-0.613972458608655,-0.6965897736729498,-0.38889605814208567
15,f,0.0,0.0,0.0,-0.2287320508776294,-0.12218211611284142,-0.07527826043833613,-0.3703003014165484,-0.272617668549759,-0.13128822211752295,-0.4047088103186506,-0.40532399342136755,-0.20388671653369736,-0.3596364687843205,-0.520618209276054,-0.2656700828845457,-0.2010801594240098,-0.4972450463591763,0.011983722819178406,-0.27720256551797146,-0.6522424886594496,-0.12642555981893902,-0.31098106715185614,-0.6199114976072503,-0.2515046242366663,-0.306552792433545,-0.5584618924012573,-0.32378027797657066,-0.026919103304598607,-0.5295174523093176,-0.021650117195669588,-0.07019681159788345,-0.7475091778607366,-0.09964791858432324,-0.10060892313658924,-0.8835728797348996,-0.18689604865917755,-0.12390879537923236,-0.9999986735561246,-0.2588422699105527,0.15272132016377157,-0.510978153278845,-0.083553015734337,0.19401393433766068,-0.725133661516489,-0.16657360017453407,0.2074480279564071,-0.8616703926289963,-0.23719392829798996,0.2228975755854943,-0.975980876861069,-0.2872200118037391,0.3339547682223801,-0.44493432176315123,-0.15665309073160952,0.4664076986917,-0.5934083010899339,-0.20623312498022542,0.5373363101609044,-0.6937456455145539,-0.23441052321806097,0.5890989754755989,-0.7917539751801663,-0.25969373044579375
15,f,0.0,0.0,0.0,-0.25429392566714654,-0.11017971244818407,-0.08804037318335217,-0.4733614057339358,-0.2468018783645199,-0.20588864673733379,-0.6595300487317818,-0.306372960902331,-0.3404718085719674,-0.7397300917794152,-0.32562542780589815,-0.47700949628656575,-0.2320799931818691,-0.521023814249378,-0.1310666728006451,-0.3768694203652617,-0.6701555292169823,-0.33464024842930645,-0.5247813651406945,-0.5822024056930996,-0.5041987737570448,-0.6261857426491653,-0.47426716449842915,-0.5972890941257654,-0.05854878102438784,-0.5259465573801979,-0.1890601819690847,-0.09554773973755792,-0.7667915815607164,-0.32443217165711835,-0.20906823453849518,-0.898424263979112,-0.4380947102848701,-0.3213361653257011,-0.9999984212653434,-0.5167892016881721,0.11628877325018645,-0.4583584440950446,-0.2691791932244918,0.16718845420814943,-0.7027680202342552,-0.3906072335177207,0.1319087951039408,-0.8458747997269005,-0.4811271205156137,0.08649608038748301,-0.9649224414344968,-0.5409806439584819,0.25918204002799766,-0.33680957950659884,-0.35700631695764606,0.4415745003506853,-0.4666412600618882,-0.43594918509554687,0.5207052860256172,-0.5639157333019607,-0.46679250354710994,0.5618722124241756,-0.6633274038885786,-0.48975547138279696
15,f,0.0,0.0,0.0,0.16750000924574254,-0.20849747836402147,-0.050845332636757584,0.24835410207728487,-0.3911112190412986,-0.07818757200863645,0.2676938448729513,-0.5674665562072011,-0.11458840701753327,0.26444707181573945,-0.7483030938409889,-0.14712089681260276,-0.0670489893654211,-0.538333290256987,0.05500066611796474,-0.04234904029847135,-0.7088070696226235,-0.011555974866245718,0.0709054230625384,-0.7547710830421923,-0.07771498881800849,0.18112925454691678,-0.7576343123868753,-0.11966912611608138,-0.18393832983756414,-0.5514801844487954,0.02702867210191987,-0.22570402646624907,-0.7716743684418209,-0.02781716434626352,-0.11342433607787916,-0.8895319263958521,-0.0914147353344858,0.015749234005997356,-0.9528706980100519,-0.1348724255027774,-0.29240481476493285,-0.5233162760658177,-0.02204992682289669,-0.43664589532018905,-0.7493486946158805,-0.0828389658423953,-0.4005576812144571,-0.9004081506026613,-0.14554115417622943,-0.3168007410723848,-0.9999984060451547,-0.18938295809972402,-0.3706968032943636,-0.4429525149410778,-0.0781297304910531,-0.5392605596734553,-0.5445921688039234,-0.12627969724113366,-0.572533380515569,-0.6443202795664263,-0.1606462399605408,-0.557473233095396,-0.7300253405470932,-0.18807524457776698
15,f,0.0,0.0,0.0,0.18198013990844022,-0.15145347466292067,-0.09657586653822993,0.2869580778453548,-0.31006532599061626,-0.14087727049161328,0.35338090473280886,-0.4867414511660125,-0.18032930800908853,0.3767405280708818,-0.6531910637245396,-0.21580710090328292,0.029653543577685133,-0.49542461513499586,-0.03585195681742154,0.11504557136002581,-0.6559876230938112,-0.11753457145563334,0.2326777176575361,-0.695985398579433,-0.18563518133821696,0.3379545079979555,-0.7080711473270358,-0.22790656141272694,-0.08009214873329902,-0.5252236954020978,-0.036700812113200365,-0.03874062601756697,-0.7452069310143484,-0.10361533613364496,0.07921331588279465,-0.852616848081992,-0.16343208479939106,0.1957931275390343,-0.9237469203478144,-0.20290276982062702,-0.1786782885758786,-0.5066624501934454,-0.05745974872298913,-0.25146356989498414,-0.7486111405259688,-0.13119174472972134,-0.2073120906409785,-0.8937929981022901,-0.1959587471347251,-0.13397440010155592,-0.999998347969909,-0.23875404205911907,-0.2600610661239183,-0.4341843911145161,-0.0869766793341792,-0.39275862302407477,-0.5543769196841625,-0.14875721323755234,-0.42270397849559405,-0.6576098943780756,-0.19106470669558304,-0.41315222241744554,-0.7508788739206036,-0.22220781041195636
15,f,0.0,0.0,0.0,-0.19263860191601545,-0.11223729130419072,-0.1263799666077904,-0.3051334555681719,-0.28202577304674464,-0.20324972841179914,-0.257881427064634,-0.39917115979223144,-0.2809949273102275,-0.10777072536657908,-0.46831157299431553,-0.35122525323914544,-0.04311045593610353,-0.5388066042114767,-0.061823457235427676,-0.06150054919016663,-0.735808230668428,-0.14402175877441403,-0.07290018207550135,-0.8316519950630628,-0.21945658092879652,-0.050685554512851734,-0.9079185220244517,-0.2820882969702569,0.13526942109288673,-0.5354864489510571,-0.07567233249601965,0.1236035627016987,-0.7610515898581343,-0.16179694483009763,0.10905524677240223,-0.8892160136390673,-0.23518760533383817,0.10531238771678479,-0.9812470722676159,-0.2920520114357233,0.29000616580332056,-0.4889374690299354,-0.11322208751945242,0.3764060052057444,-0.7201419925234545,-0.21807384930038232,0.4237970607334591,-0.8748424602602339,-0.3010500128706097,0.47038644095819127,-0.9999986024647007,-0.3551150527804717,0.4354716655821298,-0.4040719248691611,-0.16195112196812836,0.6037338488441613,-0.5667897703827289,-0.2524805804460936,0.7131038014867492,-0.6753561318316477,-0.3067839196725607,0.8200830557507423,-0.7769708921729397,-0.34582866814744256
15,f,0.0,0.0,0.0,0.19745460803740283,-0.1752893316310963,-0.07199712728799695,0.2935357026790604,-0.3669652191401614,-0.09883606714359928,0.3124915385348383,-0.5622577601530374,-0.12483271105589656,0.3057452890990729,-0.7373696952887757,-0.14869626468404543,0.012676993254099609,-0.5079546198790704,-0.02642551262927827,0.059068390197509583,-0.665091906408919,-0.11142009729209737,0.16517362849439415,-0.6980873846178023,-0.18006496952321716,0.26857656643472266,-0.6939136542924454,-0.22128366065485722,-0.12391247773293086,-0.5343032360374452,-0.03905391720733931,-0.13036720523475423,-0.7526892808885165,-0.10613251699232988,-0.02461470847793953,-0.8598353064751175,-0.1560106174885804,0.08510183875396704,-0.9304257771984263,-0.18889920432168494,-0.24952722761790996,-0.5090638068521766,-0.07051228865987343,-0.368157327907811,-0.7392849943947749,-0.1460941210067386,-0.3443524565652538,-0.8887868895903348,-0.199316484199773,-0.279953587805614,-0.9999981885457575,-0.23381107346479574,-0.3495738303443291,-0.4299793047280332,-0.10890375013951599,-0.5050292512575054,-0.5488333370516364,-0.17108073589262754,-0.5238577892021287,-0.6480947740359716,-0.20523490581784382,-0.49581926358112643,-0.7344462701467702,-0.22973654157529416
15,f,0.0,0.0,0.0,-0.2532792382645458,-0.11286912500961098,-0.0941131764306758,-0.46558339211336525,-0.25787969999630433,-0.21661407376770592,-0.6645526276203851,-0.31615187332632905,-0.35830552540064187,-0.7849225247129209,-0.3198823958252504,-0.4997277234504713,-0.21692457237918736,-0.5201125000032866,-0.1328982295106942,-0.33793462575234823,-0.6764620337026415,-0.33409587705401855,-0.502770788060322,-0.5760840461291419,-0.4936553545652061,-0.6169938046690466,-0.4638565694972483,-0.5786084620509538,-0.04576196502795244,-0.5152024281248786,-0.19316532499609756,-0.06856587140150523,-0.7649768235757114,-0.3338983607014271,-0.17480383716478973,-0.8981650936479108,-0.4480921648467667,-0.27606426028427433,-0.9999984354227993,-0.5242338794661524,0.12633166428083517,-0.4456365252753024,-0.27665755285841137,0.18167727567647626,-0.6952324752395046,-0.40039700152362045,0.15084663299496764,-0.8420976336558419,-0.49528192690793504,0.1130274738135299,-0.9658090122445023,-0.5560656726685512,0.2757051311653746,-0.32786660736607603,-0.36881180067973907,0.458749727314795,-0.4596621446867283,-0.44168071689727945,0.5448958596818941,-0.5528037877588766,-0.47187530656516674,0.5892321259381668,-0.6473889881397782,-0.49593392670923014
15,f,0.0,0.0,0.0,0.21220018808892482,-0.18920378540426996,-0.052967285005371276,0.32529052057908725,-0.36881090760192525,-0.04649527449052472,0.32095599290730614,-0.5716640194311353,-0.04053328965093605,0.2611432606392847,-0.7222390384966983,-0.030442667042910466,0.022673176635972132,-0.49516703758184577,0.0900371004651111,0.04207485725319587,-0.677095369926599,0.05477143206589058,0.12230140512444976,-0.7433771329995305,0.0014443862753315056,0.20715787461470628,-0.7823155314669935,-0.03512303031917651,-0.13335258555013674,-0.5092159994821654,0.08402386058797905,-0.1339272024782215,-0.7469809391556329,0.0671841386008198,-0.052137579306964395,-0.880040160182613,0.009596330575937104,0.046945152878105474,-0.9731619262667617,-0.036269759608345366,-0.2624403847475474,-0.4768593131748339,0.05735249707926432,-0.35033164854181037,-0.72871554273626,0.023035765628952726,-0.32871254832252117,-0.8847338314877172,-0.04599176793741175,-0.262666456145759,-0.9999978382167688,-0.09807350184287648,-0.37036654168035726,-0.39451288690895037,0.024816267141716596,-0.5104713432251559,-0.5145524183803897,-0.0059286573179004294,-0.5509389610451271,-0.6151501317364332,-0.04292399146571595,-0.5397691398443455,-0.7078782539781557,-0.07491867522883934
15,f,0.0,0.0,0.0,-0.2036307319788844,-0.05808382933600135,-0.05560597080236471,-0.35265701400700683,-0.1900799564122348,-0.09451039822688598,-0.42000195097385307,-0.32354916084267354,-0.13906130033839528,-0.43287296217427274,-0.4536031788250703,-0.1777459236836873,-0.29230853988796,-0.4584936245762366,-0.0015908323549301163,-0.3315144744689831,-0.6443883847669091,-0.08042129222293706,-0.37707468069196104,-0.7015931068834393,-0.15201918583502558,-0.4094067124959658,-0.7329662594154939,-0.19516756391062592,-0.2108067255837403,-0.4975101878105783,-0.022210438003179116,-0.2672121561722571,-0.7306924940859669,-0.07990840331003343,-0.32258288476388786,-0.8774743361780339,-0.13580612711432924,-0.3657980413861546,-0.9999985357188673,-0.1739068609288929,-0.1137885488486657,-0.5009023328780355,-0.059766434632929986,-0.16490270966959317,-0.7292937775509216,-0.11352354108560941,-0.2042475252993115,-0.8655700156266946,-0.155031191761812,-0.23669908426509986,-0.975491583684147,-0.17961083542476927,0.005508810074815077,-0.4701696696316687,-0.10528760033487448,-0.03156599317751701,-0.6520389959006291,-0.14408572866293368,-0.0731847923316542,-0.7640354664631296,-0.16104475208006278,-0.1130855685459375,-0.8630986530030617,-0.1700434912631407
15,f,0.0,0.0,0.0,0.1978000357980679,-0.16727362668047718,-0.0684909068161867,0.3111850906379901,-0.3338149166944445,-0.09405926070639506,0.35816247482731994,-0.5163812235259883,-0.11193869367308898,0.3690654484806353,-0.6902309027699569,-0.12587148262707543,-0.0019685142496875534,-0.45163065629454363,-0.03569571208572216,0.10490459144895892,-0.6212951608944478,-0.09814388433993496,0.22942087605307698,-0.7007673486315751,-0.14462228779028594,0.33561796024117885,-0.7417659204593471,-0.16982722919529725,-0.11540808695336335,-0.49847965391022075,-0.03763672027585382,-0.07352644555226392,-0.7382512556297113,-0.08091993882026746,0.04388951635022227,-0.8559014646171168,-0.11538872338156296,0.16185053707076366,-0.9289921866275347,-0.13949419374224573,-0.2214455715930701,-0.5094636255325415,-0.05422780925292668,-0.2891088305827261,-0.7655490689280218,-0.10777969958557423,-0.2241925530093667,-0.9068709942669793,-0.15424993284507973,-0.12843563973007854,-0.99999798976269,-0.18663087793126876,-0.3115498810472161,-0.47644479148556523,-0.07586629011337759,-0.45793987087434446,-0.6118066562117065,-0.12688266918022387,-0.48077434860396623,-0.711957170121871,-0.159539618440383,-0.462998170074832,-0.7963443529604763,-0.18219977380290914
15,f,0.0,0.0,0.0,0.23697262858214557,-0.07442313545519263,-0.1058822023857356,0.42613880239968016,-0.25452789126759334,-0.1503644853999207,0.49992710808991964,-0.45624393923921425,-0.16926451618930138,0.5292484743350307,-0.6061831827938755,-0.1893763282354375,0.14972437809575406,-0.29398855430756304,-0.19309102572632297,0.2040780142404554,-0.511430844942529,-0.2614983029038715,0.28008089914920453,-0.6469274893760565,-0.29552207074707104,0.3552913566940087,-0.7384246599186485,-0.3171436012010145,-0.03505325751098021,-0.3657780341119972,-0.17416112630748548,0.02821884895751592,-0.6236802897456108,-0.2408550428980364,0.14687274942779838,-0.8027207068436932,-0.28202885842958253,0.2711408978858292,-0.9181502936196716,-0.3123812681216193,-0.19820450710394294,-0.4119596798278469,-0.15863908074445401,-0.20676538625594068,-0.6823856173385313,-0.2349062607111604,-0.1053542168945137,-0.873923524036669,-0.2980698523540126,0.015434576120985366,-0.9999962759873813,-0.3419674427267267,-0.32709603639211693,-0.42750701592106877,-0.14488438959370856,-0.4403905086544294,-0.5992704193778139,-0.2212104328185595,-0.47132292190444613,-0.722394320479784,-0.2705211816369984,-0.45980675481867694,-0.8123294990447623,-0.30423682952653514
15,f,0.0,0.0,0.0,0.2072317700898063,-0.16867891591147255,-0.0895770347671154,0.3336024233948362,-0.34162493649878845,-0.12532301779312283,0.4014934815198852,-0.5205000031058988,-0.15273898885945608,0.40655582048581074,-0.6851267368499172,-0.17571538151264207,0.08434802964522042,-0.5197059873403022,-0.05055011678905817,0.16213955719679027,-0.687768581970631,-0.1301472717809136,0.26958702945918833,-0.70613258632868,-0.19984217682986632,0.3766345735818314,-0.693680526629543,-0.24556789640108007,-0.027635294969200034,-0.5303480759795437,-0.04813288459774944,-0.004193573025856835,-0.7583272002848462,-0.11795902263288516,0.10532152519798926,-0.8642781143886339,-0.19061292531346477,0.21721350249408367,-0.9290333207593171,-0.2455489462444264,-0.12829777078787527,-0.49736929903295557,-0.060974861627721866,-0.20663267622380227,-0.7476503626887253,-0.1356098540222369,-0.17516709659776428,-0.8975255969933155,-0.20922998359268155,-0.11868357057927313,-0.9999985901070003,-0.26146048099404107,-0.20974911562257162,-0.42652432746465024,-0.0804778239737149,-0.3447978902228331,-0.5551603858605489,-0.14245137529575644,-0.3829372024016429,-0.6652628128864012,-0.18918233554941374,-0.38840648652763643,-0.7621214754422336,-0.22531585137989274
15,f,0.0,0.0,0.0,0.16508251781118763,-0.16044763721472505,-0.08810327585929044,0.23966820570404823,-0.35878512775633337,-0.12078532925711505,0.23759646158835718,-0.5251583591038524,-0.14453247033902505,0.23292566897610797,-0.6695558904059368,-0.16165002467432374,-0.024358495751277746,-0.5326610706752762,-0.08923649791955757,0.0013316443120882403,-0.7090801865631092,-0.1738044993931098,0.10000559561383214,-0.7343016859732595,-0.22907964395870103,0.19715205943665137,-0.7111453505268394,-0.25912955292616413,-0.16795090642614555,-0.5499752349324067,-0.09359938263713617,-0.1973329578515766,-0.7684665041222746,-0.16679008528478487,-0.08133257421277502,-0.8970083228145631,-0.2212364652873001,0.047820417915882346,-0.9692704363692288,-0.25469695623849975,-0.2885539390696012,-0.5083710531155916,-0.11239218510948162,-0.4033055436998222,-0.7333055178831781,-0.1957558584526892,-0.3589862685031383,-0.8907975515874634,-0.2644351629106417,-0.27673498239582167,-0.999998128870665,-0.3055303867024807,-0.37313666223906594,-0.4083164967100504,-0.13628496084702638,-0.5126376124942426,-0.5396485228897614,-0.2134468479375809,-0.5347997873545693,-0.6471961994587834,-0.25925783800740193,-0.5110213487278453,-0.7376430648334072,-0.2867615069859931
15,f,0.0,0.0,0.0,-0.30256655356549056,-0.11914918299322398,-0.09475987849311458,-0.4602899864455244,-0.280153046922724,-0.16028081918188397,-0.5074458747599074,-0.4289236752329679,-0.24639401123757657,-0.45573954344574535,-0.5547736391799808,-0.31659739184801855,-0.23609312316534256,-0.49129206200399683,0.03643060169438283,-0.2697833040542087,-0.6783619153303189,-0.14490237403717238,-0.35883572575264683,-0.6759808306242028,-0.3011308524985983,-0.39602422453732816,-0.6289000611006355,-0.3847375468900072,-0.05589138357850173,-0.5181116649798235,0.0008595713781974962,-0.06496493265264756,-0.7454411859013982,-0.10888317373428684,-0.10729435202601188,-0.8857794122951924,-0.2108324445420407,-0.13441150395900142,-0.9999987080633734,-0.28245744153069774,0.12485628595963466,-0.5022051936448257,-0.07264467161039194,0.13669802600481837,-0.709141406711597,-0.1591572907987977,0.12969299662200504,-0.8332098886841056,-0.21490774482625707,0.12724098992066452,-0.9402751495746208,-0.24781710997019774,0.298739615024051,-0.4504186611818839,-0.16401383998344785,0.32139199249112377,-0.6234789562778332,-0.2050792153268359,0.3107107241810447,-0.7325605656851265,-0.2116320303589922,0.30331920457669914,-0.8287719891110589,-0.2147096483737981
15,f,0.0,0.0,0.0,0.2253600244456256,-0.14401540754324998,-0.050542941038518065,0.3364377686001757,-0.30372930458416897,-0.06431976903074793,0.3855792411270934,-0.48123898613520316,-0.08124954389402705,0.41438154062082405,-0.6532367850298777,-0.09610545544189264,0.04074803739595372,-0.45559096681920874,0.032898316801325295,0.1342397610422914,-0.6137380164676249,-0.0375794373129863,0.2694708409970841,-0.660023984516885,-0.10624598952922044,0.3890705927355189,-0.6689794353700526,-0.14969519845844925,-0.07364188494872986,-0.5180479683813894,0.012746290971367548,-0.028275359440704976,-0.7333086151498741,-0.0444434690470585,0.12295390572938764,-0.8289790553620283,-0.09900604796724538,0.2692001258323477,-0.8689503679395326,-0.1362959909517584,-0.192687901122931,-0.5358976889205027,-0.02703394815612702,-0.24428950058444596,-0.7888361020099407,-0.0961257317662268,-0.14937192223548093,-0.9237532834761403,-0.15367032117131801,-0.02191033300796587,-0.9999980705833503,-0.19255435988068081,-0.30318522920423346,-0.4986506633172726,-0.07227396046926797,-0.46362237504337994,-0.6288832879109334,-0.1366845689900969,-0.4606542259166742,-0.7282839392885043,-0.17594414736405053,-0.40069006941329116,-0.8015895578219031,-0.20395523176288452
15,f,0.0,0.0,0.0,0.18371797267556297,-0.1997102211812403,-0.07114119304782436,0.26497622641020213,-0.42458359913379246,-0.0848337262801628,0.2870344298434568,-0.6120532876844758,-0.09490744711047475,0.2634833966115804,-0.7584920513833667,-0.10028339233140855,0.0005841822140132603,-0.5298464233871936,-0.009200970488749998,0.06344607420374683,-0.6848491682512713,-0.053604938749047544,0.15133886251302056,-0.741439636087001,-0.08791823047733215,0.22867725826814947,-0.7764452917239597,-0.1125289628480263,-0.12339360224960273,-0.5385137556157866,-0.01501638159092258,-0.1309085977551895,-0.7622473384182263,-0.052142325638338594,-0.07546974390775689,-0.8913917407484171,-0.09055915624676984,-0.01920123312804359,-0.9999985734733734,-0.12139239000873028,-0.22518695978870396,-0.4903421693239331,-0.03849012206561505,-0.34792903795492464,-0.7140765173748883,-0.10107127944888186,-0.37045323522034573,-0.8594140672029927,-0.16714571659226934,-0.3687238160889983,-0.9832910726884908,-0.21422766339713403,-0.29984515764571495,-0.3951283334939593,-0.06765374299340897,-0.45130888320819024,-0.4936745290125294,-0.1325027356094257,-0.5167278956264566,-0.5911890419907123,-0.18685589312541492,-0.5532182609250108,-0.6938970415611272,-0.22910556126584108
15,f,0.0,0.0,0.0,0.21002783702178257,-0.16059278847947756,-0.12295392859529351,0.3248471840904333,-0.3275371924016621,-0.17577381269599962,0.37177510912915457,-0.5057153701282808,-0.21950835388941478,0.35188433768991817,-0.6699858286869549,-0.259969126660029,0.07519191536973628,-0.5206853390127286,-0.07886071807507221,0.12046018871463901,-0.6876487391165627,-0.17987623134417394,0.21804832289352044,-0.7262089392572179,-0.26172436453258885,0.3149014724559338,-0.7346015268047958,-0.31355502712982425,-0.06058459662957263,-0.5364726558600611,-0.07113550526583044,-0.055626686337591255,-0.7681763466849079,-0.15476952978536765,0.03048626422839368,-0.88102663243927,-0.224312106442569,0.12323689038427807,-0.9553925631017688,-0.27600791011787357,-0.1816165331644465,-0.5006402235975901,-0.08499538478513574,-0.26448500108767353,-0.7447445566202526,-0.17812982809285918,-0.24708594203406495,-0.8919310925358441,-0.24942242798452047,-0.1977308823154703,-0.9999984377301827,-0.2983949800307096,-0.28889029890259676,-0.4230744839106978,-0.10975356111781451,-0.4253630582067748,-0.5450714078496587,-0.1886195964225052,-0.46724172366822964,-0.654714900689315,-0.24160063379216798,-0.46932650804499326,-0.7540126912166513,-0.28213476069069593
15,f,0.0,0.0,0.0,0.16586165262937952,-0.1714121744031403,-0.07953287104130102,0.27039491086288575,-0.3369215097340206,-0.11364767850748934,0.28521530106047843,-0.5152701463447472,-0.1460397531335977,0.2518775749269775,-0.6715373161544992,-0.17274488741572364,-0.0700680637248982,-0.5107887710456647,-0.022117408097809838,-0.052944356109690165,-0.6863920367434806,-0.10236398965616758,0.0516745292776274,-0.734140971923157,-0.1698173102701382,0.15505553232834432,-0.74426273774257,-0.21046681329546196,-0.19256155119544419,-0.5249241440127668,-0.03218986954358628,-0.20439612519063127,-0.7573716452621257,-0.0954503425783797,-0.11483555684470108,-0.8978960109990946,-0.15118921242958044,-0.015994250993495416,-0.9999977761838159,-0.18811017316428252,-0.29517999539805495,-0.4898445813030511,-0.061983094605070004,-0.42516850982256643,-0.7186661834927988,-0.136554864123739,-0.4190189956214474,-0.8762739617137703,-0.2025531278812595,-0.3699179202002395,-0.9972062779496571,-0.2451257292983351,-0.37257130157020113,-0.39342164607303387,-0.09922492106228016,-0.5381046946850083,-0.49723158019144964,-0.1644776917550586,-0.5895467316595628,-0.6010401888121284,-0.20806514394575995,-0.5964443567834545,-0.7020826162054253,-0.23871838921864447
15,f,0.0,0.0,0.0,0.17289185769096796,-0.14517193408632426,-0.05088748648792711,0.27248713660336654,-0.30551406950734317,-0.07273876926871964,0.3116875323611773,-0.46761232730114105,-0.08753395048348743,0.34768946387415256,-0.6185516069011041,-0.0964009362340223,-0.0165154884265753,-0.41907819729797063,-0.02868128164016275,0.08191108917454015,-0.5597134944026071,-0.09579391325222471,0.2096533027691767,-0.614833270523568,-0.15365414829108626,0.3174974891170383,-0.6419939309350383,-0.18978877188633309,-0.1091755442814763,-0.473993978649488,-0.03762040086603898,-0.05485467278622149,-0.6736459211198583,-0.10153062023427445,0.09829627257217578,-0.7838977549851973,-0.15783608786964523,0.22872411774602772,-0.843531926367389,-0.19207075742762614,-0.18788757010759968,-0.49544952543183046,-0.05800209894356302,-0.2627736455753901,-0.7414976967753885,-0.12706052069735954,-0.1924420304208321,-0.8970728398876975,-0.1954545506209492,-0.10556444744499853,-0.9999974871774525,-0.23876255030826649,-0.240236641940796,-0.46623828323735644,-0.07960649020238934,-0.38772156517874723,-0.587329847975628,-0.13218398899795536,-0.44602527728269625,-0.6819112290158603,-0.16865734014149114,-0.47615404661198,-0.7592656861266857,-0.19458611253583485
15,f,0.0,0.0,0.0,0.20353866465840606,-0.2006667991252421,-0.02929948242898844,0.3284556520774191,-0.3714854291909818,-0.036281141113251404,0.34797778835181165,-0.5577766934997834,-0.05104381904554055,0.3079614192201657,-0.7072902760524814,-0.06576436358081583,0.039913225162824965,-0.5304988538583101,0.04212731080079007,0.0777496494224148,-0.7077236303259969,-0.019555525302735802,0.1757255319216936,-0.7464090599373245,-0.0795300420199636,0.27972956020229267,-0.7513127203631542,-0.11566153636946687,-0.06732841001660837,-0.5542237536293885,0.014619386761100058,-0.0786637327174135,-0.7839337043314512,-0.023548320487992953,0.0196435652336572,-0.8954057798340147,-0.07526171748225786,0.1272903376218077,-0.9616233143459743,-0.11450417958797417,-0.16579744701951282,-0.5358738930264189,-0.028678060275780178,-0.26373360122137307,-0.7733601800450064,-0.07371439172275697,-0.21950353915557141,-0.9096548365404202,-0.1349586529802117,-0.1465752261451933,-0.999998605585299,-0.181330199102943,-0.25342157307667124,-0.47174689393892555,-0.07644349927087166,-0.4110924638774679,-0.5948645136278901,-0.11406532942812646,-0.4473071341550917,-0.6725932184248875,-0.14648570835069769,-0.4521058221130561,-0.7340856828438167,-0.1730947744666931
15,f,0.0,0.0,0.0,-0.2434042485616748,-0.10049727014512987,-0.09922910375871914,-0.393028602147087,-0.23472088075044742,-0.18623219671200883,-0.4185607049755206,-0.3520368030806765,-0.297653456288721,-0.31731250065865096,-0.45530419436771263,-0.39079577708526425,-0.3507149391897668,-0.48696065411798667,0.0005545505610789867,-0.43954169964837625,-0.6427987795922073,-0.21379951300680702,-0.4328969930840194,-0.5889916182728051,-0.3932515818856593,-0.3830108296169557,-0.5022757709009001,-0.4872934702926777,-0.15000823174020875,-0.525474635631541,-0.04048851426051718,-0.22835203451426606,-0.7465861037570833,-0.15330728525289425,-0.2446306354539576,-0.8842732182629858,-0.2546709049693937,-0.26153555792710176,-0.9999987286998182,-0.3336110411640412,0.06835296839711003,-0.5147921992177149,-0.12145071215440695,0.037859585195981676,-0.7250560026790297,-0.2240637260677194,0.027166994879127014,-0.8531091849218996,-0.2912433692934105,0.0050295161165546595,-0.9653696759502324,-0.33610336970518084,0.3041118205183437,-0.4616600072358275,-0.21935699419314947,0.39167294242967926,-0.621645471669449,-0.2716885054559967,0.43083101480698616,-0.7209102928906372,-0.2874743200533707,0.4472094119428615,-0.8124598906442139,-0.30194859515750405
15,f,0.0,0.0,0.0,-0.238263824265361,-0.03926868090999818,-0.0523886580518016,-0.4074280901291471,-0.17494933858365655,-0.08139456599862113,-0.49190190842574305,-0.3390179032560224,-0.12185558764898276,-0.5134533559555424,-0.49462305358507735,-0.1539101575209285,-0.37487710768826044,-0.42534922680623855,0.03812817461901699,-0.46812359255518127,-0.5957758207327151,-0.05661166176405151,-0.5088344472014343,-0.5871340214362994,-0.14162911705808556,-0.521848758268966,-0.5541520600634264,-0.19066699680776014,-0.2919713728051171,-0.4947856361986639,0.01347632716470415,-0.40738535298963774,-0.7267599080144931,-0.04876249144009474,-0.49909863467711263,-0.8661654471245588,-0.11482849309402406,-0.5803810664870024,-0.988007416220357,-0.16212449689373795,-0.1894657129262895,-0.5214687496281708,-0.03270095980228434,-0.2907147548314962,-0.7454633268941208,-0.09171232070122293,-0.3587447781389285,-0.8802498687215656,-0.1372235398874734,-0.4190161625927112,-0.9999985147380202,-0.16555339431397317,-0.05919658191313399,-0.5130880651799847,-0.08779765073266774,-0.1368452502583202,-0.6941760593632639,-0.12454648925516348,-0.20031612155772172,-0.8034553013348493,-0.13850142683627212,-0.2581336062999046,-0.8990536346703468,-0.1473530165756754
15,f,0.0,0.0,0.0,-0.20538582126837315,-0.1436011727655707,-0.08532949094505156,-0.32730785025588094,-0.3081498851767927,-0.15840175307624907,-0.3685903004452173,-0.44983968028256455,-0.24940971707965454,-0.2903045732975898,-0.5450515989025212,-0.33512291908106906,-0.07901407115210018,-0.49805461578007154,-0.0036552548188821745,-0.13911731849007158,-0.6507411759316402,-0.15628218875249583,-0.21008492254514013,-0.670897407897083,-0.29297586725087343,-0.24959068156506958,-0.6516793857623491,-0.3737118751344668,0.09170826305187356,-0.517266903231925,-0.03817549387467663,0.10426533318496331,-0.7358741144385783,-0.12624626672379421,0.09971105229025375,-0.8799339047199891,-0.20851785378458965,0.0942123555381564,-0.999998682027214,-0.2736194467933352,0.25283996859661784,-0.4865913774884614,-0.10272675126522843,0.32131805254450396,-0.6968120470475397,-0.18446337293450593,0.346934488185175,-0.828262683706138,-0.23727410685963127,0.36445630110407823,-0.9420295615724338,-0.27380710054307195,0.39598817997192914,-0.4127843591132005,-0.18133887417358324,0.4955579862372633,-0.5692346387736176,-0.23377924970911831,0.5412414127508807,-0.6766125300099443,-0.2518739024576731,0.5708484806606785,-0.7799531652197527,-0.26692318328546116
15,f,0.0,0.0,0.0,-0.19066613050651615,-0.09992569377986273,-0.10625604593949692,-0.3485698786609726,-0.2360975860383208,-0.20533774475946065,-0.4404100386723997,-0.3408072968710184,-0.30996621043683764,-0.37195416356178407,-0.410459355242737,-0.4033728804638525,-0.1162277082206829,-0.5067268093924748,-0.08909235552455988,-0.2024496812149032,-0.6161020008947243,-0.26152798805524674,-0.32079708249893124,-0.509124824292676,-0.4021634115812675,-0.39106513229062323,-0.39406529610697827,-0.4774109043489721,0.050406443449116656,-0.528772826481483,-0.11221635759852154,0.06857202485530904,-0.7442507699838646,-0.21348379970479733,0.06529843181120654,-0.8768985517009328,-0.29123173394550644,0.07330926379178798,-0.9999986652949623,-0.3503711664351049,0.19224270418149006,-0.4776036133391331,-0.1612507424111373,0.3280257334590841,-0.66675402945471,-0.25687631011220463,0.4080185399571624,-0.7773089364117942,-0.3099331554923718,0.48238325488788714,-0.8844193670017614,-0.3433019827100465,0.29737811178395107,-0.37837919353151184,-0.22038371108788898,0.44942377596563704,-0.5152478251488911,-0.2723371736707784,0.5449298924052953,-0.5967468392608603,-0.27646617776270016,0.6362040212978911,-0.6799139944150239,-0.28021876917173355
15,f,0.0,0.0,0.0,0.18696417957441405,-0.21264744312753076,-0.03598561052315304,0.27767196896170543,-0.3997898207782942,-0.046704568193229226,0.28600676595797003,-0.5800335441601762,-0.06724439568468622,0.28160417466362647,-0.7591212254370977,-0.088325843210715,-0.039022894457789274,-0.501271188770827,0.0765537602696737,-0.010114771239863892,-0.6689391920364618,0.015723989682550742,0.10075816089339686,-0.7365980396207655,-0.05304231356069546,0.20398462790279034,-0.7678891918591692,-0.09845056941684144,-0.1546715350372136,-0.52001490326864,0.04419009926049112,-0.16627141764474426,-0.7423042955551686,-0.011115909421700581,-0.05292014679601413,-0.8475326961279254,-0.08028962354090206,0.06585732713897967,-0.8920197742271252,-0.12664533898154162,-0.26800560714399047,-0.5090623621985179,-0.007586489447942202,-0.3475704271683103,-0.7540278180076302,-0.06868894071412775,-0.28166394029191416,-0.904527726522648,-0.1305767325206482,-0.18064144428955184,-0.9999983969610629,-0.17367095139304733,-0.36662424453839776,-0.45041412662067665,-0.06456637838078202,-0.5423350006070736,-0.5580332956477906,-0.11749130857690192,-0.5535053446343208,-0.6554636910703582,-0.15249578863872928,-0.5118160241080896,-0.7330886363251963,-0.17935429955865428
15,f,0.0,0.0,0.0,-0.2887587827115955,-0.10665489583783107,-0.10264760698592326,-0.47975224102399144,-0.2500646817311172,-0.1844214693389959,-0.5399104056609437,-0.3737680490912616,-0.2843380740186294,-0.47904219647564705,-0.46628318582855516,-0.3699081524960288,-0.32712102498902895,-0.49961186349974185,-0.006714088435379502,-0.4316050326042599,-0.6461591280711257,-0.17230879302307237,-0.48947125128871694,-0.5894994528141676,-0.3231824886936135,-0.5103807199998518,-0.5017048189893211,-0.4097642579728079,-0.11374012073414289,-0.538042348901448,-0.040785568316244775,-0.16016095693087917,-0.7620642733590556,-0.13558348122608108,-0.19713978923143402,-0.8930023891702483,-0.23777241351946787,-0.23662860447446718,-0.9999986045952024,-0.3209047860501148,0.10434344590892876,-0.5220569896453802,-0.10806095851015966,0.12917404560394816,-0.7407030942177862,-0.20696376188308846,0.13096633211821232,-0.8747023570467461,-0.28253077484875133,0.1301756101408069,-0.9849734315038717,-0.33453889728469705,0.3304550821244317,-0.4550935591082186,-0.18937001074745127,0.45960242932144313,-0.6126762067997394,-0.23969659099572538,0.5232066845958037,-0.7148062632837483,-0.25747157524262443,0.5590622292487463,-0.8111836863852763,-0.27582527449097366
15,f,0.0,0.0,0.0,0.1587153594977147,-0.07506469604891466,-0.06687797608292774,0.2916819140206172,-0.27782792829499037,-0.08367096285053374,0.34158098335255854,-0.45806465193569823,-0.10534482087302115,0.2497736360414356,-0.5394766070098637,-0.12015471562765087,0.1976812126152409,-0.48941418316224666,0.016372001580864937,0.21365211596985648,-0.6682899817428796,-0.0669943529909628,0.21603282015835934,-0.6290288643494409,-0.138032748343772,0.20446457809668697,-0.5453555237604503,-0.1710062330878392,0.09287742486386905,-0.5216679323929375,0.013083873934900563,0.09132367819025443,-0.7438475100594258,-0.024750658106920988,0.08461543073568986,-0.8826765338140848,-0.06873919494785909,0.07408071252259003,-0.9999988940137231,-0.09876230299877231,-0.0017260665702958549,-0.5101288278195334,-0.011453473631229484,-0.008790852724631084,-0.7196330707139956,-0.05095080780155412,-0.012150958866077033,-0.8557148973705881,-0.08030690139393827,-0.018487373735626086,-0.9675417427014676,-0.09674515819443053,-0.09832995864133617,-0.4667904726870791,-0.04689963394132601,-0.10090430846736817,-0.6319451511701498,-0.06906852025537699,-0.10558054572482063,-0.7387697094314172,-0.07588285667846789,-0.10289472193349103,-0.8375948735294747,-0.07959073390443637
15,f,0.0,0.0,0.0,-0.21135504909685957,-0.09637160919844066,-0.08707872852020251,-0.3434081816501522,-0.2356327788145911,-0.16700947438899366,-0.33618775824723174,-0.34369136434983305,-0.2621291729729212,-0.21525535275331678,-0.42046360317949316,-0.3399132983710692,-0.1816766815752775,-0.5029208624393783,-0.009521245324318877,-0.20505276315107826,-0.6263667659904932,-0.16075376301721328,-0.21135938431588147,-0.5565405931313673,-0.28480486507915187,-0.18510522050460101,-0.4695411468485942,-0.35225295741454327,-0.011173639955832496,-0.5300916928299154,-0.045746716496464175,-0.042998095722508185,-0.7445888080348385,-0.12704021620808625,-0.06572625559109767,-0.8778766264484946,-0.1934579876173186,-0.0737036779084055,-0.9999987011981082,-0.2460675542162348,0.16184580276926472,-0.49840325456005197,-0.11375256669255661,0.2485203785765838,-0.7067843821151976,-0.2007749470581018,0.30180130416054846,-0.82716261501325,-0.25242286918040907,0.3466229787987707,-0.9328980263478159,-0.2861404415500564,0.32451266505542803,-0.4229236851451733,-0.1939822007531548,0.4787101350799227,-0.5686224227649761,-0.24663897091990328,0.5708185208580725,-0.6583862291985293,-0.2625168460632238,0.6604997258863332,-0.7459897030959168,-0.27579157701314133
15,f,0.0,0.0,0.0,0.25551751935386946,-0.07541280649657749,-0.09235283667140211,0.43151479842018525,-0.2233528941792228,-0.11560260658333082,0.5519001617578566,-0.399446069489812,-0.13143307257417172,0.6409801595508665,-0.5537132596037824,-0.14046745957724682,0.2394195412732068,-0.4717695528559889,-0.010182253638537631,0.3627385976532442,-0.6078349037744748,-0.08276694560930027,0.46947419206557994,-0.6019358938901045,-0.1495899283787356,0.570003615798911,-0.569986193427814,-0.1937659607664412,0.11313882821316032,-0.5598993725950536,-0.010964297576032444,0.21794639569292207,-0.7787788167837836,-0.06957541066494967,0.3602211382329685,-0.8238346789118873,-0.12946189233167466,0.49429404336776533,-0.8082101793869195,-0.17193033104296512,-0.021321907686644447,-0.5902075636057517,-0.03295116633694944,-0.002629606783807608,-0.8653968432123647,-0.10717088355356989,0.09839657413550745,-0.9684610023305885,-0.17669331814808562,0.2253791598597471,-0.9999975437068646,-0.2236069870008862,-0.1549389030433234,-0.5589582717428563,-0.06285894477578126,-0.24436559138051556,-0.7327667739360624,-0.12925158857383737,-0.22514798402813238,-0.8299884360711214,-0.17710722756730904,-0.1551132731607731,-0.8861684089414158,-0.21265918626200273
15,f,0.0,0.0,0.0,-0.2651672244839148,-0.04090831286991755,-0.04403116097662151,-0.4651249364668612,-0.15637283415862852,-0.07716687397196303,-0.5697302076701282,-0.28476885674425484,-0.12765841462839023,-0.6022452061342232,-0.4097945487393002,-0.17059541078717444,-0.481756346360661,-0.4107348642444233,0.037878508169643756,-0.6271365173268123,-0.5427941756484559,-0.07555554363277181,-0.6655238337523322,-0.521092805493276,-0.17453544549711078,-0.6647431944650602,-0.4793199512183322,-0.22796635701219573,-0.3711566621350288,-0.49658560868353063,0.001373278477962526,-0.533336615317744,-0.7010682667546118,-0.06591052543245772,-0.6396881430457912,-0.8264547815550202,-0.13489512523126437,-0.7299787952807678,-0.9324525220198703,-0.18580777149068062,-0.22062420195445104,-0.5385496024704833,-0.05846584573262666,-0.343130164776669,-0.7508158425260197,-0.13186035941268082,-0.4303407790086904,-0.8872983687004099,-0.1891467698841627,-0.504757937146914,-0.9999985337042162,-0.2244715716136126,-0.03807722818198642,-0.5456623608040815,-0.12573848727471157,-0.05477908089548403,-0.7372417908439696,-0.17126895470200565,-0.07241067395134608,-0.8651397320034693,-0.19234261028922658,-0.09854574664160286,-0.9768905358050821,-0.20701285187954008
15,f,0.0,0.0,0.0,-0.290780266835066,-0.1075084417306908,-0.09604569895691045,-0.5040925427741707,-0.2585123563109436,-0.16637178208142547,-0.6316174042409339,-0.4088202909093461,-0.25022156793445444,-0.611378832072954,-0.5376644618654614,-0.31476843108397295,-0.2657892744864448,-0.49318749459692707,0.02363415664807793,-0.2826211367986415,-0.6924564145737551,-0.13770904054042837,-0.35337499054108523,-0.6822323537871037,-0.26847127073742083,-0.4034189882957425,-0.6287991439566919,-0.3322490023929862,-0.09765749990540241,-0.5140113944858263,0.004914984179432808,-0.1292037618981168,-0.7406550517385909,-0.08902985999267599,-0.17052642671485155,-0.8799542618860109,-0.17374403232499105,-0.21067134447845842,-0.9999987067663654,-0.23160942212842453,0.06776273543302733,-0.49582742398206503,-0.0493922333197829,0.042683560439679455,-0.7087883568314284,-0.12489408462115363,0.01314746191652905,-0.8392744285078232,-0.17315325100082485,-0.02330696591562926,-0.9556971412531418,-0.1991586135533623,0.2336112424271399,-0.4413799595718342,-0.11907162123383926,0.2248642794810254,-0.621954582821638,-0.16136604877470645,0.18754467507158407,-0.7377823710459773,-0.17244592058677521,0.15309208577399808,-0.848045556890233,-0.17416764047542393
15,f,0.0,0.0,0.0,-0.2536328228340671,-0.10328170720103003,-0.093578451001662,-0.41886242755753406,-0.24300742381613064,-0.1647956706792323,-0.4869211121961914,-0.37940209745627274,-0.2570573347931318,-0.43841726924572794,-0.4976356361097789,-0.33431376517332956,-0.29796398186789613,-0.4963823172646858,0.033198236666307855,-0.41332683508036605,-0.6545734367393471,-0.1381255199389501,-0.44853815192727725,-0.6498165568921158,-0.28815792728628203,-0.43041964189073534,-0.6076781609159626,-0.370871925495417,-0.10016411189283002,-0.5347257202882476,0.0019897682160866345,-0.17357840354230208,-0.7610451935908297,-0.08252858861350698,-0.19477438653818663,-0.8897866704622973,-0.15797279259986502,-0.20270763245814144,-0.9999986455909191,-0.21703303139384666,0.11165864010150861,-0.5220017286752955,-0.06696294879765681,0.09171759053216011,-0.7333813991571515,-0.14572600062351207,0.09371563506781577,-0.8624514029877242,-0.18614229412374442,0.10077030649558712,-0.9732305402127197,-0.213864798775142,0.3383545934320515,-0.4612768765958963,-0.1536575209595497,0.4239331416727395,-0.6139871782688417,-0.19259878330916932,0.4715445650951462,-0.7121435177728223,-0.19579044754106487,0.5039341183187427,-0.8037994312938616,-0.19990361394925837
15,f,0.0,0.0,0.0,0.23424922463698872,-0.18317233788293405,-0.04385074725703242,0.3888174009501313,-0.3695487247912941,-0.04826898635196411,0.45360401388001315,-0.5669442513320705,-0.05315526377505233,0.4087077570249911,-0.7266834291191118,-0.05851073055496465,0.10832121324078924,-0.5540252300027299,0.028405782484726423,0.13909395429880433,-0.7474813764831691,-0.014998896761531743,0.23494457038773622,-0.7840594706160765,-0.0664684242812029,0.33643767417991227,-0.7772252845656688,-0.10156559559774227,-0.003995998227228772,-0.5698005860036123,0.01247049701302023,-0.03974993509489657,-0.8285896173977884,-0.004948810173462831,0.06882471184531208,-0.9426736475009078,-0.06691035188697243,0.1832565392593369,-0.9968179115881484,-0.12345469739940627,-0.10479371479014678,-0.5437215117201638,-0.016548436700169488,-0.203186922096871,-0.7909195392570634,-0.052650128104028665,-0.13972372252438292,-0.9256889855251361,-0.13832131108242365,-0.05951552381004223,-0.9999986082121385,-0.20811511647844122,-0.19040092235084258,-0.4763811083746429,-0.049351228094617845,-0.324886780042331,-0.5911600694434044,-0.09019599366011803,-0.35302990796743394,-0.6434149873753987,-0.13686540499272698,-0.35576794592690625,-0.6778891048002537,-0.17683984252593904
15,f,0.0,0.0,0.0,-0.23119708740391046,-0.07096891305861423,-0.07602382700384976,-0.40522169201839753,-0.20169003506994418,-0.12639216160460742,-0.46751219405354555,-0.32482071590861633,-0.1852604648323077,-0.43923395096500795,-0.4235244867108754,-0.23773806681556867,-0.2868679724903861,-0.4831485921860416,-0.009128787635961061,-0.347883973110095,-0.6605027707565526,-0.09599014231894899,-0.4138079330446211,-0.7112346837431361,-0.17858128266110143,-0.45931179342403416,-0.7443154426772361,-0.23684049478993022,-0.18111499564059683,-0.5191644424500125,-0.03273310099295343,-0.24762890144800817,-0.7438188246122364,-0.1028005499214023,-0.30449989861612314,-0.8801851418651846,-0.17336572820631616,-0.3499791761945668,-0.9999986125114827,-0.22754507406980334,-0.06544483308030857,-0.5159994016564061,-0.07670381332940254,-0.1259634299777958,-0.7397468045815188,-0.14784698205855526,-0.16882326435286116,-0.8738005191266199,-0.20418597557389997,-0.20528652572951298,-0.9900211379467981,-0.24197497148693464,0.07195073648370622,-0.4763092393175184,-0.13131736402792624,0.020810777946296884,-0.6602206784635112,-0.19230890589780608,-0.02805296621775333,-0.7789059039887835,-0.22558088966467807,-0.07407540171399922,-0.8875383145568292,-0.24811688816950292
15,f,0.0,0.0,0.0,0.18796798755557612,-0.19023539478475873,-0.05477471761336949,0.30332072891918893,-0.37879455012489954,-0.06761212514385775,0.32555624244711906,-0.5609851229759137,-0.07884240415669228,0.320602598732231,-0.7134989807999261,-0.08601776976096241,0.030402145952651713,-0.534396613930294,0.0034813726942488623,0.091853668190744,-0.6778792256973748,-0.05178177376474739,0.1848184919876528,-0.7187828503473155,-0.1033174089420088,0.27818021197834225,-0.7404132573218354,-0.13651217698376025,-0.08961588084535806,-0.5652630951201113,-0.009175622343603449,-0.0951402454008059,-0.7924123469546832,-0.04917954142179918,-0.015084310164508006,-0.8991022715945065,-0.09073790706926742,0.07455473363496094,-0.9796025307104913,-0.12091532240270662,-0.19605864856554236,-0.5440727330282246,-0.03755668044350082,-0.30961318625713924,-0.7657295974829353,-0.08813876226610945,-0.3088813240245403,-0.8994151252114246,-0.1352324622032387,-0.276283053296618,-0.9999982804872375,-0.166610988166233,-0.27907572663119146,-0.4726146608778057,-0.07183602050193691,-0.4258904728344504,-0.6022961491417429,-0.11282284217842414,-0.48019909347585943,-0.6890940413885214,-0.13679722993119794,-0.5061219750636331,-0.7654604050096068,-0.15364458937276598
15,f,0.0,0.0,0.0,0.22582246458005525,-0.13051215403101363,-0.0657326530890591,0.35854947018761124,-0.2911014133338785,-0.09481470222734578,0.40040670974306064,-0.4724603093527148,-0.119818478242173,0.4177595745423361,-0.6410892994225116,-0.14468377357535092,0.08643453731086587,-0.4278516066722094,-0.05436381665929189,0.16427580582104903,-0.578904540147722,-0.13488675714349466,0.2787213680425117,-0.6382397046495717,-0.19391551379326527,0.38033581512428055,-0.6632062004303846,-0.22864042557601577,-0.043742024669865105,-0.4786523953509375,-0.06959483374912794,0.0069442654289729,-0.7172232311366548,-0.1276861638766157,0.12142955592983541,-0.8285705471181591,-0.16951456895463096,0.23799638444995838,-0.903809193662728,-0.1978459380899661,-0.16369317101928696,-0.48513307092804014,-0.09921010651597505,-0.21000459418167666,-0.751254069594485,-0.17066112849699408,-0.14886207274374863,-0.8976971937206899,-0.22361299716997085,-0.05793411315561972,-0.9999976530636452,-0.25950129006409095,-0.27056308193476514,-0.4360187756874978,-0.1329904225006707,-0.40829780918301234,-0.5721272314140439,-0.19774668733562029,-0.43910184404606567,-0.6722243100216919,-0.23431210958338486,-0.43230327228961024,-0.762129965856813,-0.2604382794354121
15,f,0.0,0.0,0.0,-0.23612557068250595,-0.10515480458266166,-0.10569275815905674,-0.38713686723373897,-0.2551126334691236,-0.1887450363583486,-0.41548553682213935,-0.38793963486901484,-0.28652792941100635,-0.3301726474821976,-0.49835473077407455,-0.3681515363288337,-0.157823030518472,-0.4814412973771508,-0.03174276498166618,-0.14594619535858327,-0.6773332139856602,-0.20954561938031435,-0.2360284480423105,-0.6828853850220464,-0.3473789051003575,-0.29805694224331386,-0.637281994575087,-0.4167540361110545,0.006747720423275509,-0.49713918207578717,-0.05903339029122064,0.019733808728744726,-0.7302044644271405,-0.17414195648386926,0.0010150044221804756,-0.8784222351157918,-0.27017160281643604,-0.010884507122285671,-0.9999986790048536,-0.3343082134086783,0.17180306097919643,-0.4710650404716966,-0.1189590435098973,0.20666256938322902,-0.6903357584174373,-0.215575529873033,0.2140840461357729,-0.830111221360327,-0.28436501175703865,0.21288400871443608,-0.9489042571486759,-0.3245495927175356,0.33714122644276395,-0.40567839417962215,-0.19324515700399997,0.37648247029870197,-0.5811571947401437,-0.2541839052617807,0.3723741865553065,-0.7020822437347288,-0.2791917056286057,0.3595375419231984,-0.8114051331513643,-0.2919926821974721
15,f,0.0,0.0,0.0,0.21660011152652583,-0.16751493949641344,-0.03390420420809913,0.3401523503528574,-0.33875538383319814,-0.03999098440611734,0.3927297710327235,-0.5087895907779177,-0.04954592413154427,0.438032437428399,-0.6653125977363534,-0.05433999826968591,0.06120566440745806,-0.518885157887648,0.029697886046679663,0.1560947745222348,-0.6734092252345862,-0.024048857724241812,0.2753725126249591,-0.704297899655615,-0.07277591318462809,0.3856968789413917,-0.6995810280635534,-0.10309638888138083,-0.031073256404164716,-0.5535294022737609,0.002439906585963416,-0.001504709197069526,-0.7982790765339366,-0.037796782147988116,0.12393738536819454,-0.8988580394422225,-0.0877732901245188,0.2519009268238908,-0.9523001677563773,-0.12411199488049528,-0.12308092049579286,-0.5428664537305521,-0.04029704583891001,-0.17776189400920617,-0.789028574137795,-0.09231068605457941,-0.11134244520494974,-0.9188951597514429,-0.1556015387015162,-0.028241211069206334,-0.9999981248732662,-0.19933358174659235,-0.201991813903873,-0.4896941012334089,-0.08617072257891187,-0.3254504484850477,-0.6320891819670231,-0.13068115477638095,-0.3587487476505034,-0.7228122605163116,-0.1662749234195209,-0.36828414225071027,-0.7939677488267125,-0.19264872979784947
15,f,0.0,0.0,0.0,-0.28189494080362515,-0.018784204374212198,-0.12853398807441357,-0.5465506172643748,-0.09408520965106244,-0.24730300664286878,-0.7054394041124704,-0.1478024912397838,-0.36993003073980896,-0.7206736134407472,-0.20506592113758831,-0.48024788158309306,-0.4399982239864823,-0.4338082813224089,-0.17015639359394738,-0.5996422836737302,-0.5653867752139569,-0.33974369103384777,-0.6746638800879208,-0.4335954888908855,-0.45793146766392134,-0.6921597444067081,-0.30767586169915606,-0.5177278606396424,-0.2461575787968928,-0.4900969028461144,-0.19484867664634709,-0.3828244004294724,-0.7069088123343191,-0.3188240951493356,-0.5328333799277322,-0.8173830217167171,-0.41599633375222794,-0.6608629649108089,-0.9141102154936628,-0.48620778938339926,-0.03742096558766234,-0.47376257203380917,-0.24156080152053858,-0.07164452350369778,-0.7224841140820752,-0.366564769574239,-0.15095446216082598,-0.8734839451098945,-0.47083889900956455,-0.21652974002615705,-0.9999984814697631,-0.5381405018627499,0.1783316430828759,-0.4047001593282819,-0.2949136387343008,0.29797629209823245,-0.5994882331767276,-0.37829093591613416,0.33572364199388005,-0.7292250452305802,-0.42737380471239456,0.3467330933766013,-0.8492104246195946,-0.4630316524056036
15,f,0.0,0.0,0.0,0.1608029435662688,-0.201118261086822,-0.04546827801526204,0.22991021554563673,-0.3785728012177432,-0.06990983363556741,0.2579886439237774,-0.5405165726050137,-0.09937877035878473,0.23767831176135,-0.6992314043692658,-0.12813756681516902,-0.0775432104030566,-0.5077785642456087,0.013923258932092997,-0.024143226585241255,-0.6731086308174151,-0.06125450650856586,0.09071093033095286,-0.7290641984794305,-0.13126626665716798,0.19599449095078084,-0.7510868882150787,-0.17568023490308946,-0.18671830183402804,-0.5266713835994162,-0.012980297513015809,-0.18858040098998316,-0.7365663305397202,-0.07968849612369394,-0.0700495674915251,-0.8491616299917615,-0.14346791926845923,0.04710016026927598,-0.9140574527755994,-0.18463125461560523,-0.2919356120867433,-0.4972616028967013,-0.05658973567538688,-0.41486343081544613,-0.7179515526869922,-0.12763619287607647,-0.38457266025732756,-0.8782858864901101,-0.1961036827847946,-0.3193502240387939,-0.9999985317084291,-0.24236308913827082,-0.3727529208835319,-0.41779100565754945,-0.1039935635165749,-0.5351023773127458,-0.5154132845571213,-0.16185400426707694,-0.5606610600571655,-0.614078591032981,-0.20010310017461475,-0.5425806609912148,-0.7046891393677934,-0.22890546915613283
15,f,0.0,0.0,0.0,0.22231023501765237,-0.15178536720604555,-0.08904764966751974,0.36653964696178937,-0.3137354534219013,-0.11716986942991688,0.38295868361414953,-0.5210330015523673,-0.14817849348202985,0.30485741315347603,-0.6641379686295454,-0.1747491870304301,0.15200716754779817,-0.5253961511184404,0.05764449535919291,0.18323807622188595,-0.6940918841666917,-0.011990803493206163,0.24069200560154302,-0.7269607899788899,-0.08280144371869108,0.29839539310452984,-0.7105555822173183,-0.12164940767605083,-0.00484710693475894,-0.5529916219736318,0.06371613174015865,0.022326179184529754,-0.7682902326990917,0.03307533869512432,0.08690968199493385,-0.8784268550917865,-0.005853772466962339,0.16959073670772995,-0.9519716943688287,-0.03173139375629921,-0.1420117313800922,-0.5341080294617487,0.041409549089341184,-0.1879040623535543,-0.766043602939544,0.0015683436319839329,-0.15563797780012714,-0.9066530202229804,-0.036983554014101715,-0.08375906248734054,-0.9999981944724684,-0.06246871662922846,-0.28152565299207266,-0.4693832244442989,0.005859078171086062,-0.3782895227565803,-0.6029149938985874,-0.027136085632610475,-0.38993070454595147,-0.7049654818039276,-0.04877568662133384,-0.34967722486157826,-0.7846915124099724,-0.06428159946256916
15,f,0.0,0.0,0.0,0.18989013315765788,-0.06481034573332109,-0.10966180319192001,0.36387342633586756,-0.1941031340614866,-0.16521270023940324,0.46870421811417157,-0.35009906560771065,-0.20799487218643853,0.5418539696572271,-0.5206591767460745,-0.24664324688628197,0.11542707938268738,-0.488617390256064,-0.10115412261335578,0.2539253391046927,-0.6373027186898288,-0.1825885172378861,0.39338692650115353,-0.6389493099088718,-0.23775229321294716,0.5079248128319975,-0.6040779463842899,-0.26951401557308974,0.014158023240905947,-0.5448038306450109,-0.09329348310707707,0.11434600227203179,-0.7355618246696579,-0.16637460468165677,0.285101693639851,-0.8058021618922523,-0.22038884518550908,0.43637983297728067,-0.8224619646341284,-0.25299384887786447,-0.09468343049973846,-0.5468196165088572,-0.10039465195047421,-0.09486570451487879,-0.787617741562554,-0.1785568399053181,0.019830905943865575,-0.9180845392918291,-0.2402271170694419,0.15077672738848044,-0.9999982282441928,-0.28029627336325647,-0.1977711082027781,-0.4930231200577091,-0.11408409975841168,-0.2898624142305426,-0.6481501346881888,-0.18595563628944245,-0.2526813136711162,-0.7454872044998893,-0.22754597801262488,-0.176604775805577,-0.8143153933270858,-0.2539790631627706
15,f,0.0,0.0,0.0,0.21623260327304375,-0.050863013470744484,0.014620667648455451,0.3519099564080722,-0.15532404398057265,0.0151994488910803,0.4658307588019805,-0.2696361576810961,-0.007133344425145198,0.4783190177343612,-0.4469575192109178,-0.03063997263104677,0.23587139034600768,-0.4372154484307163,0.11138601126518369,0.32867197025539907,-0.6119140250500601,0.07178039793547213,0.39558441415317747,-0.5937049260474161,0.01908227270612025,0.43708384316086574,-0.5327179255402805,-0.016338564501513646,0.151882174713546,-0.5022686416748269,0.059018410294337444,0.22276529500230585,-0.7605162832705825,0.033841837506624735,0.30511052593807336,-0.8257585705454811,-0.018226000306458313,0.37562843228251136,-0.8329778465947342,-0.05971997449940298,0.06914294817104175,-0.5346794778541382,-0.007588301256583586,0.1016413223598741,-0.8105687126684966,-0.03173545135549798,0.17939789136555448,-0.9384794907850351,-0.06800844550108327,0.25669678720050243,-0.9999974980509474,-0.09992877709584853,-0.012019550305592794,-0.515608345693,-0.07810706217313063,-0.017652255855196954,-0.7217796701630489,-0.09348835818326634,0.018817092980185916,-0.8445755143978825,-0.10623681713819791,0.07121254356479374,-0.9287175114455984,-0.1225409112187819
15,f,0.0,0.0,0.0,-0.25085338543713126,-0.08325067318704363,-0.06266770629246877,-0.4158990611007857,-0.22699026864148905,-0.11473294585420453,-0.4371440738711928,-0.34015684065187063,-0.19035203664343406,-0.35014079844909557,-0.41332310335312805,-0.25475098033487575,-0.2755641783763037,-0.4573603601592277,0.014954244988215985,-0.36843480032542597,-0.5912469436210602,-0.13352006526869364,-0.4358777771864067,-0.5083165902642752,-0.2701508160075037,-0.45710878180097153,-0.4038560262048058,-0.34647443582889614,-0.10355226711399011,-0.5041758606040166,-0.027860666990907182,-0.17526696004319176,-0.7234976587039738,-0.1032128618079922,-0.23286813143623336,-0.8729421060776745,-0.1944475747748452,-0.2818718276336273,-0.9999986375776444,-0.2708375810739247,0.08820371347274976,-0.4941707890646527,-0.09824380350060563,0.08389163767436313,-0.7168824390683753,-0.1783693383259513,0.07466550080652698,-0.8645202403719329,-0.25584889492610335,0.05882613386725558,-0.9876668722579138,-0.3108697437113335,0.2867446763025555,-0.44222334997287993,-0.17858729711018614,0.40727905104573975,-0.6011967540007104,-0.21630573873763864,0.4696266322749772,-0.711043149456385,-0.23353690731737237,0.5077328765008327,-0.8163366506432378,-0.2534760351364827
15,f,0.0,0.0,0.0,-0.2616649900738603,-0.09542636928841643,-0.1273703397639826,-0.4470984537926541,-0.27778164825327123,-0.20264285049936623,-0.47552159845255954,-0.44629777702367734,-0.28358189744321727,-0.3563371362883765,-0.5586475576679891,-0.3547502352265797,-0.1773167482786889,-0.46496908020872474,-0.04826075381528279,-0.2866078943497384,-0.5896212963951925,-0.19354325412893253,-0.3621240338006273,-0.5926815601501778,-0.31734697486125485,-0.408514983364787,-0.5730152672517249,-0.38746794694041214,-0.0027775346781265613,-0.5170082266789827,-0.054857046420325684,-0.07491316608560256,-0.7362664090764597,-0.13646770151353937,-0.12638452070940462,-0.8858835014760976,-0.2199719281043037,-0.2016000541164196,-0.999998522533315,-0.2861875534495609,0.18107280472523662,-0.5141310917560572,-0.09206338494886789,0.15430041743823808,-0.7368273759724542,-0.1971031923215745,0.11980861489186923,-0.8752716722111556,-0.2740538482955878,0.05701193747230149,-0.9854103010017661,-0.3155203539261343,0.37066895984226644,-0.4657477410084709,-0.14274541203583155,0.5229369510650168,-0.6282846847913666,-0.21906608105031258,0.5918632265738781,-0.7425884707687668,-0.2601558934473243,0.6043122884711097,-0.8586481623881189,-0.28552088788529056
15,f,0.0,0.0,0.0,-0.21636354025576562,-0.02900461812011165,-0.07358569226187114,-0.3935973367126344,-0.15043377291215304,-0.1277255044441082,-0.48067010243536956,-0.28579678317783275,-0.18619037447345996,-0.4929313809123234,-0.42233802069151594,-0.23383624627514035,-0.370747443199083,-0.42046798473729285,-0.048624417464879985,-0.4552099125832753,-0.6176161772754807,-0.17173845126866313,-0.4898355520796336,-0.5948769964947158,-0.25991288756247494,-0.49015061765279283,-0.5287735205924192,-0.3012675401996643,-0.2725089644861427,-0.4771270572661026,-0.066422034935995,-0.38830164609558526,-0.7214951055799272,-0.15535451199689057,-0.4764462485171324,-0.8659752002554426,-0.22190669538910457,-0.5518063505266301,-0.9822025638690368,-0.2611813187821066,-0.15912218315303428,-0.48983444992281683,-0.10322344544589988,-0.24551653893869446,-0.7253880963439654,-0.17786443335431643,-0.31003169881349163,-0.8734361535771731,-0.22804088962358843,-0.3640468916372252,-0.9999985497158447,-0.25330586805361344,-0.026953569116928974,-0.4675270552831948,-0.14781693716547942,-0.08655453590969175,-0.6639651995003921,-0.19573801320211398,-0.1393518670618554,-0.7949866627885421,-0.2154756319743965,-0.1867303037535937,-0.9120332530807371,-0.2231348870794666
15,f,0.0,0.0,0.0,-0.2393332834631811,-0.07379312676779114,-0.12568365989168725,-0.43534493061850865,-0.21465348611753787,-0.22824778128830178,-0.5186289923028037,-0.34773146122471094,-0.33664728478455946,-0.40922393910238003,-0.45670773967513206,-0.42878610949801044,-0.3058625087883173,-0.47770480664199416,-0.06157620039371678,-0.389788105559541,-0.6278458715194354,-0.2545846867830576,-0.42481369567845795,-0.5631543555697432,-0.4079937279383687,-0.4130595708864371,-0.4784469770468987,-0.48768761963215257,-0.12317425460495983,-0.5163819522866985,-0.08189141788579032,-0.19448552561470206,-0.7343716297599198,-0.20442778317432295,-0.251248023026167,-0.8703557760856052,-0.3040981470503311,-0.29308748790831146,-0.9999986519916432,-0.3724171946055912,0.06363936466115404,-0.4929446495974853,-0.13509080234732562,0.11840064541407631,-0.7066832984052642,-0.257655510237388,0.15696434030510245,-0.8343956635049101,-0.3284048906783201,0.19002872684998925,-0.9558763120819626,-0.36773401659265725,0.2376405210846459,-0.42651328759953044,-0.19955775691232483,0.3561080156680283,-0.586884525112467,-0.2784755313574159,0.44063605843859976,-0.6865674834683896,-0.2999779643851471,0.5230662264368362,-0.7862818577199835,-0.3101579599698833
15,f,0.0,0.0,0.0,-0.19257178488568055,-0.1495718419632731,-0.0775777678331843,-0.29741156091461846,-0.3224242819467924,-0.13638253931191263,-0.30830105105228367,-0.4706904139447118,-0.21075667326575737,-0.22743117965500725,-0.5800060475946278,-0.2748682239490264,-0.07294479813182517,-0.5234025461861231,0.009899120921413557,-0.09896514632984188,-0.6850020843394026,-0.11870862784964573,-0.15413748736239932,-0.6859204760245023,-0.23095239440474952,-0.1896339966383567,-0.6550091003561093,-0.2938626982318635,0.10211635807443332,-0.5333296186455369,-0.019182416393368675,0.13610489818531593,-0.7503203259532486,-0.09547753934678788,0.13679361304951151,-0.8855366565133417,-0.17086939961902634,0.1296253450283453,-0.9999986762838768,-0.22790657284000104,0.2666967242228219,-0.49375088199919953,-0.07632952145409816,0.3539674463968381,-0.7005332002192138,-0.1567471253825229,0.38511686224684166,-0.8334999050987735,-0.21935341907547445,0.40244140615054996,-0.9458397220901014,-0.25788361909817487,0.41850410828279766,-0.4136217597716447,-0.14439353427367602,0.5739473450603653,-0.5571546241079813,-0.19393479890034554,0.6559308452754545,-0.6567439059554334,-0.21970414765263854,0.7139070818844068,-0.7532713298884809,-0.23812415373451243
15,f,0.0,0.0,0.0,-0.2455374723999492,-0.051474415756641335,-0.12338966987285238,-0.42913134815970094,-0.18795658082074518,-0.20186596265756301,-0.4725224549805012,-0.32769418553542,-0.27348525913046096,-0.4199167618348973,-0.44840361269582607,-0.3383560621145758,-0.29458889160205426,-0.4530939246640329,-0.11118172942324844,-0.28645597183055105,-0.6441989978709293,-0.21638333344319885,-0.2892412778212866,-0.7544446311829647,-0.29918411048306137,-0.2864717570964435,-0.848099323642541,-0.3565649509610537,-0.16058977391881848,-0.4811809238823143,-0.12077697868784867,-0.18261777839210275,-0.7127850176947061,-0.22107462677052864,-0.2064900698571236,-0.8658704010402967,-0.2987347524046585,-0.23046429739104288,-0.999998598768172,-0.3481695280641529,-0.023096307838527577,-0.47021367192389085,-0.1480592112253606,-0.042113293722798546,-0.6953460572801332,-0.2406373109671019,-0.05702748855378754,-0.8347255285548766,-0.302135704645183,-0.07574012783005706,-0.9560183006339397,-0.33712723345279605,0.1278228192030745,-0.42486652845122613,-0.1872384290903811,0.11467127063678549,-0.6080315711542316,-0.26645060549742294,0.09094751935901232,-0.727569714881429,-0.3065942070605611,0.06289643370863449,-0.8351724019155,-0.3277311583301913
15,f,0.0,0.0,0.0,0.24003211526747925,-0.12173766120089974,-0.11208529958951068,0.41578031230342155,-0.28255388128850645,-0.14829230066427979,0.4481768440514697,-0.4933788153158476,-0.16765861587160028,0.4088664294459747,-0.6573610180834459,-0.1834411752470169,0.11515574470106625,-0.49150209884080653,-0.08828994293935254,0.17996000392530154,-0.6224880823990446,-0.15944301807079223,0.26387094486491014,-0.6752266663528866,-0.2169369550060033,0.3497184864068156,-0.7080333392811939,-0.25625928134550674,-0.033646808178839846,-0.5380075913360798,-0.07735781073375392,-0.013513764595457091,-0.7830208943452692,-0.13681060954465465,0.07139047175928494,-0.9034482648052361,-0.1884000691696129,0.16723514761499625,-0.9999978158936133,-0.22940012744391736,-0.1589667118356014,-0.5263711290386477,-0.08073093065717997,-0.22312409230258926,-0.7438775043816637,-0.15372974687338045,-0.1947996812079321,-0.870093489383932,-0.2085124787656695,-0.13541884098690224,-0.9762349805554987,-0.24636142775463218,-0.2627715503982258,-0.4628207913659937,-0.09263989014291667,-0.379387361249807,-0.5959412535122433,-0.15240559165515905,-0.41436847891192463,-0.6735985340973996,-0.18399464778403388,-0.41999049190671406,-0.7458463903395245,-0.20791389785888267
15,f,0.0,0.0,0.0,-0.2085566197093951,-0.10957387029191608,-0.09347441524063717,-0.3598011448871538,-0.2519578093929508,-0.17739118359247197,-0.429400970231684,-0.36995360754538964,-0.275859310836064,-0.3938625598569901,-0.4632313944230503,-0.3669609117750959,-0.11089665437741382,-0.47267326991510844,-0.07563552035968872,-0.1752074229085853,-0.6443026395489331,-0.2378285853955608,-0.26513745411374445,-0.6068256599631539,-0.37329311723551506,-0.3160217256429471,-0.5290401982958297,-0.4480058510857269,0.04449228981437274,-0.5109551086317295,-0.1024125555028245,0.02930439128577616,-0.737772273136691,-0.19425147166721973,0.010175092822763765,-0.8827712806554475,-0.28300000440866374,-0.013727987878580815,-0.9999986318156454,-0.35613924864797225,0.1958205669884205,-0.4874389833562773,-0.15364911345361343,0.24915631734960417,-0.7141253006576889,-0.2424056890778559,0.26312055599084255,-0.8595337306665808,-0.31792583050086093,0.25656824669596956,-0.9804118370535274,-0.37068159624898955,0.335471189965191,-0.41707743890625765,-0.21620401567407546,0.5056233603188018,-0.555917820442785,-0.26832996967211625,0.5894925441625212,-0.658059740828366,-0.30090321686758026,0.6311576536386777,-0.7590636697512252,-0.32925112692017733
15,f,0.0,0.0,0.0,-0.23228198325012026,-0.03551258752946462,-0.2040321092034722,-0.3917820489055688,-0.1657035441003826,-0.3013687682812188,-0.31899687153202955,-0.30047949890855247,-0.3767485706196341,-0.15293411570181578,-0.4037446820344451,-0.44207632802609836,-0.449330304291495,-0.43142235130262524,-0.1513938062914703,-0.47425429523810864,-0.6363134065646973,-0.25061627725907953,-0.4350905963635119,-0.7490129860339634,-0.33743861898341176,-0.3750511543616493,-0.8305043967080122,-0.4069411990374424,-0.2188714915098915,-0.4610316383167657,-0.13900510615092979,-0.2894299616431658,-0.6992131057557311,-0.23392684551221785,-0.3184857223042552,-0.8631673412063251,-0.3423676431513807,-0.3189706342874868,-0.9999986660972153,-0.423560148004646,0.02730199963040856,-0.43797569942819725,-0.1501654560211089,0.037205923390895415,-0.6613072839899566,-0.2905780455318863,0.06707368701718307,-0.8127737836402112,-0.4281810435628405,0.11172486583450178,-0.9397993359172451,-0.522935023572658,0.27919695923067117,-0.3734860629712716,-0.1717887618508398,0.3645013173446002,-0.4898627127564069,-0.3114069790296837,0.41220333115463287,-0.507460589218862,-0.37940067900209945,0.46010808730885977,-0.5069571521508471,-0.42152628451177054
15,f,0.0,0.0,0.0,0.1776909730002214,-0.1693169203207109,-0.07485773807553547,0.29633695221610695,-0.3303305423586449,-0.09974225240734723,0.3032536442069648,-0.5153746510490672,-0.1277941783752436,0.2881259944172027,-0.684384719144961,-0.15229762893873627,-0.022563607099020836,-0.49095643929668176,0.0353657017431892,0.029924462813441542,-0.6372543460410908,-0.04123868621967929,0.1315451653153052,-0.6986807049663375,-0.11728511739567364,0.23267673307873296,-0.7375051564782299,-0.16428565543202076,-0.14117345959962502,-0.5130558705705213,0.024499912872619496,-0.1101975744584516,-0.7137733523161901,-0.03528683798396124,-0.011007255503710452,-0.8392558252130766,-0.09196165785181663,0.10091705602248333,-0.9399004318371207,-0.12910097048472438,-0.25719118280294667,-0.5017407135183134,-0.010125683985709856,-0.31833662278861974,-0.7318322128553776,-0.08728874780324238,-0.275991165667242,-0.883168672106163,-0.13726023972340892,-0.18638267094811856,-0.9999974850385659,-0.16509166718400586,-0.36913010990897416,-0.4427131834780865,-0.05352115574836436,-0.5119883336291265,-0.5649528714441688,-0.12061141724868159,-0.5264541599833403,-0.6708086443200105,-0.15021561148453558,-0.48568561149848605,-0.7641701201336728,-0.16678514443866485
15,f,0.0,0.0,0.0,0.24390334845046654,-0.11807755133113586,-0.11574225657251407,0.4065972946426265,-0.2819466977973921,-0.16676678599448194,0.4562935623093013,-0.49424456653516285,-0.2034938831860719,0.3995580120908758,-0.6686576544179678,-0.23700821396956862,0.19765648852669856,-0.5059286193076713,-0.09634412097238533,0.23645658887476856,-0.6963145169063955,-0.18744898802206034,0.2935448105688138,-0.7359157028251918,-0.2572722034351508,0.3507602435152779,-0.7363689068361076,-0.29961099332894164,0.03256446541503665,-0.5446030679107953,-0.08232169813790244,0.06632418191453336,-0.786576414470362,-0.15413749067923616,0.15174425434922306,-0.8922699726572089,-0.21035135779968422,0.2432300867958089,-0.9417701879558827,-0.25415112771195,-0.11390520048122568,-0.5354057611969528,-0.08524361640233069,-0.14478795987370002,-0.7954337485551484,-0.1611414476018946,-0.09123837202868017,-0.9250432449835055,-0.21644997886189873,-0.005488073886638965,-0.9999981311290197,-0.25731631521795095,-0.24446577368116915,-0.4863796361699902,-0.09787444337670148,-0.34826959868793006,-0.6411955075768501,-0.1643860307472664,-0.3539625250204518,-0.7525286346619731,-0.20829495225844974,-0.31117181213974066,-0.8429962201222542,-0.2423053595841885
15,f,0.0,0.0,0.0,-0.2126601265238676,-0.07981664959449028,-0.12631108652860845,-0.38382123569386933,-0.19920599643691198,-0.23010409660075629,-0.4487633822994822,-0.3021283835942859,-0.3336015531572231,-0.3592183851586558,-0.3916175697748155,-0.42595736587067073,-0.21895140900451054,-0.48189195843124516,-0.11269970745725329,-0.2843345904975264,-0.6293225840733165,-0.29315121653039994,-0.3447436602481688,-0.5713020790846876,-0.43353554805867506,-0.36576775323659083,-0.4834982876793284,-0.5071081459995552,-0.03436126864205448,-0.5119888206529191,-0.126133108904501,-0.03892068730802705,-0.7376082361200761,-0.242968262337649,-0.03201612576940985,-0.8728721926996826,-0.3354975821852091,-0.015687290192280563,-0.9999986546658964,-0.40097831257650235,0.1364808119280322,-0.476478856599583,-0.1664789202630096,0.24809142599092318,-0.677559732436926,-0.27873542991850236,0.32965882371208083,-0.791602613809764,-0.3518376441049268,0.398747580329057,-0.9039074969735887,-0.39512790460693975,0.2865076495759225,-0.3923266736855982,-0.21638578661624625,0.4228833348244301,-0.5415664645298776,-0.28716581179121137,0.5079575212175712,-0.6285416716640485,-0.30833131660216706,0.5854722894524631,-0.7164045617443197,-0.31939451637634947
15,f,0.0,0.0,0.0,0.23084572401744122,-0.13052582516994404,-0.09669183002298677,0.39752437373398314,-0.27204048176350176,-0.12567967062590465,0.43470685750185045,-0.46905959082687493,-0.15468872943772993,0.3438164912210537,-0.6110214998190499,-0.18013129084580862,0.21470600732226913,-0.5107776706454635,0.030760821100308172,0.2896954815069933,-0.6603548841407112,-0.04542272429660929,0.3307855334119049,-0.6898974663359975,-0.12215571320658133,0.3563326194195678,-0.6878900347642951,-0.1671093174399434,0.06641581607030403,-0.5544183609834291,0.035610039496629844,0.11584536198791678,-0.758114512860568,-0.006226584846605682,0.17039513746098492,-0.8608855744136972,-0.060599533686118354,0.23462207326157175,-0.9388102039570203,-0.10116615995189339,-0.07350463971929075,-0.5453070368212097,0.014545120497322818,-0.08686121094542516,-0.7608052769148629,-0.03809886593910125,-0.05988262727568366,-0.8989252531081026,-0.08708859036225355,-0.005414255156861922,-0.9999982624406395,-0.12083551081111474,-0.2198618637910334,-0.4948457085668542,-0.019265223171619855,-0.28433197398827487,-0.6372468953287952,-0.05907507204712444,-0.28981069935890064,-0.742749785096472,-0.08283200922762565,-0.2572992249823109,-0.8279500465587843,-0.1015629106830622
15,f,0.0,0.0,0.0,0.1980246742180097,-0.20582102741271704,-0.05988319044736258,0.284656952912808,-0.4091470396265643,-0.06409193231796939,0.3146274087575802,-0.5874838747741553,-0.06852880233432095,0.3138459248818041,-0.7300453407668295,-0.06753434936752672,0.01592705396465246,-0.5198611846599437,0.03884247531817,0.08886429880577405,-0.6673324429904346,-0.010610120963905328,0.18570819899653002,-0.7170854429279384,-0.06055481024609911,0.27594185830409257,-0.7483071570660984,-0.09452522491281824,-0.0942761036687508,-0.537705021839047,0.028384734066411867,-0.09372716281805993,-0.7676252848754369,-0.012858192454303762,-0.02004317267134582,-0.8985140554729906,-0.06719956644388368,0.05411813793200449,-0.9999985017570809,-0.10768670022612317,-0.19212429681653778,-0.5029025112537456,-0.001419049618150682,-0.3031708247759415,-0.7267320938216679,-0.06318514065954663,-0.3022269001311062,-0.870681718437014,-0.13110498396729556,-0.27673620170199326,-0.9847722917482153,-0.17649942078749606,-0.2746610856213842,-0.4206789053939737,-0.03708989957444569,-0.41889277135221864,-0.534346989822042,-0.09172703420080508,-0.46542495215983104,-0.6350452192117965,-0.1356334334276659,-0.4802337188619527,-0.7348201974245756,-0.16929654793417134
15,f,0.0,0.0,0.0,0.16366507219399193,-0.17957563348588215,-0.020676394465997124,0.25887194681407555,-0.34069619435512605,-0.036671138758911835,0.28956522298520454,-0.5081688784494457,-0.05825656348581143,0.2998258524416168,-0.6783373776897723,-0.07365063471653653,-0.0937612751126866,-0.4558003503263582,0.041405923280297435,0.012258171439268429,-0.6265203399390923,-0.026682239719417262,0.1526019598210418,-0.6872153253134644,-0.08803501384149404,0.2643832337137385,-0.6916258919835702,-0.12292832736171401,-0.1760038686774571,-0.5123396044506932,0.012645135701369731,-0.12802066480409596,-0.7241553093481445,-0.054141578023297145,0.04669455947536769,-0.8182408176993159,-0.11018958921625316,0.1944471112642459,-0.8403742007435326,-0.1386048970679757,-0.25231690466935325,-0.5335620751965038,-0.030376317240919302,-0.3089101851083509,-0.7951044440351898,-0.10084020171672219,-0.1764101586198019,-0.928905510080396,-0.15299350994963493,-0.041328849758310464,-0.9999974716564832,-0.18120999606561572,-0.3077872364787581,-0.5123490986147762,-0.07475788689330762,-0.4911426021767878,-0.6419512198932661,-0.13672282032072797,-0.5310881672983093,-0.7510035997666826,-0.1738601379186051,-0.5340740819024075,-0.8421659604874155,-0.19533880039363902
15,f,0.0,0.0,0.0,-0.27080013594136954,-0.09747724240516288,-0.0793384019375184,-0.47052435645849255,-0.2624389547072439,-0.1361541847582785,-0.5638529754151296,-0.41541044903202423,-0.21068386108696233,-0.540352862370907,-0.5469589226996411,-0.2764395113852381,-0.3369989778934368,-0.477917657967143,0.011352314078073755,-0.46733157016573806,-0.6226212173440469,-0.1495791411094724,-0.5728370251156085,-0.5829851480729893,-0.29272633424919725,-0.6304068641010722,-0.5116059940532813,-0.3702471779106705,-0.17832737572327428,-0.529561381852885,-0.015372285860142283,-0.2626222693794037,-0.7496150071659334,-0.09968081626295466,-0.33969927326267435,-0.8882231237138933,-0.1867214262651997,-0.4034390057554078,-0.9999985969389367,-0.25536304912288765,0.006706289632832429,-0.5331168669290142,-0.07322493706849663,-0.041001437425718816,-0.7541792247126793,-0.15521293119252666,-0.09606458207572684,-0.8882346854170986,-0.2184298677187122,-0.14353605733279473,-0.9996745765478403,-0.26140308776829796,0.19864452887710504,-0.4936520279459343,-0.14351805932793882,0.2741699229200849,-0.6645946323140985,-0.18598383977807303,0.3087867076788138,-0.7743352248677636,-0.2038256385478131,0.3204069511535437,-0.8738402185757821,-0.2200519140474275
15,f,0.0,0.0,0.0,-0.278775823992857,-0.05305672629341618,-0.08460320011013531,-0.49549122753543573,-0.15812402323079433,-0.15527716692378873,-0.6052434425424534,-0.26322005841955093,-0.23781956820449235,-0.589417037610514,-0.3647164818494203,-0.3063319968118861,-0.3855116471454109,-0.44854462833183084,-0.03560458563401135,-0.5145354836289657,-0.6075566635302186,-0.18806919855698437,-0.5842324904632865,-0.5334291762750567,-0.30845185934744207,-0.5944874230953816,-0.4369300432124185,-0.37009105616682797,-0.2380690488570235,-0.5068158895130433,-0.06608051724809895,-0.357019045341807,-0.7289537429446953,-0.15977589027924388,-0.4671082059338269,-0.8485105746796001,-0.241952461949828,-0.5581234975385051,-0.9503307824083331,-0.30185201579428644,-0.0657356263051827,-0.5132602549612777,-0.12402382916647989,-0.11889447751509151,-0.7401390035782976,-0.21545512778468068,-0.1849812102827672,-0.880502954055781,-0.28841198944220814,-0.2453359113896365,-0.9999986024699975,-0.3365495600924307,0.11377515370360115,-0.4747866502057466,-0.19154646449931487,0.1803276960414455,-0.6518337707282451,-0.24749065618756888,0.20787293514091354,-0.766700144991433,-0.2785504584816999,0.21519552489141686,-0.8725844829103919,-0.3016782326727263
15,f,0.0,0.0,0.0,-0.2440595816650293,-0.12723194865554024,-0.09353399985695163,-0.391368701788643,-0.28430883899301074,-0.15701980417535175,-0.4261689524509557,-0.4259580139446881,-0.2365603858085418,-0.36086523199346643,-0.5465021485294288,-0.3017157826888248,-0.20653288335332715,-0.510386349477952,0.014353640832057021,-0.2710282839629651,-0.6822088572097295,-0.1365472122878683,-0.3125250782806105,-0.6665769489057172,-0.2688562178680829,-0.31304163160540205,-0.6172891591118448,-0.3425569455280918,-0.02099258744617617,-0.5380510774226974,-0.010153358307425569,-0.05027867699825819,-0.7565654742676599,-0.09295413720432899,-0.0627438888328962,-0.8868189305298142,-0.17279997653667573,-0.07071661838713397,-0.9999986685624972,-0.23577490176023091,0.1690234061311133,-0.5156368771352778,-0.06792670106693578,0.19266859687751342,-0.7240548745886355,-0.14783722364467936,0.20756833111876236,-0.8521480761182424,-0.19765137762596077,0.22288375230351382,-0.9646179798885812,-0.23037769724278126,0.36021868721898853,-0.4477411049502818,-0.14113545215860906,0.4806305289181205,-0.5964998916254345,-0.18207664810064142,0.5514354748287593,-0.690768373564322,-0.19306663950901576,0.6027980487866124,-0.780398668520963,-0.20285026185478638
15,f,0.0,0.0,0.0,-0.2203142317090704,-0.04851064617992039,-0.09820845565650804,-0.41227333085358214,-0.1542190155025157,-0.19236659085339855,-0.5201248899803805,-0.23527976431401645,-0.2948757825213326,-0.5101988497906056,-0.31727050585090644,-0.38946438431644514,-0.2779142997310192,-0.4624894995611503,-0.11536091800009093,-0.3788568693981625,-0.6001536978579035,-0.2772300123107866,-0.46925456476487865,-0.511032833471551,-0.39961865809977926,-0.5069368643587303,-0.4123227643476283,-0.46288053576637317,-0.13649954160459546,-0.4920115215863422,-0.14666606242129443,-0.20832332723321087,-0.7248235855259355,-0.26152092314815034,-0.29689301039371674,-0.8719225702924978,-0.3546731849830138,-0.3652727953043392,-0.9999985016144404,-0.41859093838926753,0.018841082813871583,-0.46216878469733846,-0.19806122219463262,0.04435412438604577,-0.7054550781427961,-0.30835589891493953,0.00703536415536483,-0.8527811801186799,-0.38786214965847116,-0.03225823513647115,-0.9782295448433579,-0.43469473636299166,0.17472717257088802,-0.38852520345050234,-0.25646939611089653,0.28243172622126356,-0.5647322103115409,-0.326030449511134,0.3277765746352305,-0.679897113268896,-0.3559318412279875,0.35108256922480413,-0.7869432681512346,-0.37381977750737955
15,f,0.0,0.0,0.0,-0.3331146893730295,-0.09288769592448606,-0.07448647568813245,-0.5663449823917802,-0.24281922605177558,-0.14163280090591412,-0.663027168052783,-0.3896531518871357,-0.23157822394321004,-0.5380490863782195,-0.44156805793624454,-0.29932368803719744,-0.3682139130796471,-0.49969033340224556,0.05418852827511643,-0.4502893891170051,-0.6922489914426465,-0.13054132723984885,-0.49002053470242635,-0.618403688355069,-0.2787460868517594,-0.4767622445810709,-0.5233103891145195,-0.3494643324196311,-0.22089882103535338,-0.5335976792853013,0.01899710952690105,-0.3025220225244236,-0.7610566888105817,-0.08105649644393949,-0.35847614539265155,-0.8853266536979476,-0.16098800599890423,-0.4060500987940997,-0.9999987004782004,-0.2111983718452491,-0.056620451315161587,-0.5289463542939191,-0.0552043469385488,-0.15041703395819683,-0.7472669238111519,-0.13489530243562245,-0.2107049446520755,-0.8686200315650794,-0.1777816807191944,-0.2663467974669686,-0.9783783272245445,-0.19646707177616488,0.12245083594340077,-0.48462925787686145,-0.14560409714881642,0.049608065734482024,-0.6694262448694032,-0.17374316101789253,-0.020438564909675626,-0.7760073873482436,-0.1749328506660838,-0.07989566608053074,-0.874776046636105,-0.17191227789295419
15,f,0.0,0.0,0.0,-0.2828558332833128,-0.1322168121667,-0.0836762687978726,-0.4603820885137384,-0.3236447614909467,-0.1219629437389135,-0.5201695481906138,-0.5105785080630876,-0.18107343312407606,-0.47667428892497365,-0.6564602451341162,-0.22961495249576797,-0.3672769470379032,-0.5099123587235048,0.09576870321173048,-0.4547260195626659,-0.666325932751888,-0.02137567031440555,-0.46707522002855745,-0.6812515333574627,-0.1411701337699375,-0.4403550399525887,-0.6835634213339643,-0.2254534666960277,-0.17703888511097673,-0.5418844268057837,0.057452521551359464,-0.2665044505112996,-0.762214473517797,-0.028940718181397915,-0.32545346028850336,-0.8902680510440084,-0.12852197096544182,-0.37829102683160365,-0.9999986663327735,-0.20602654873621204,0.02158617983464675,-0.5340312574255077,-0.015992442877408176,-0.0612758026464466,-0.7561025135807452,-0.11850881433888791,-0.12336497522637889,-0.8759557768381414,-0.18476376532766997,-0.18749432952473477,-0.9828264413077136,-0.2248562375804806,0.2349348145330347,-0.48478588927219285,-0.10306602389178672,0.1509623181767659,-0.6670875528977761,-0.18435024398345648,0.07546939415971252,-0.7801725242345566,-0.21175843390836174,0.0019027387341588613,-0.8836916149027583,-0.22872348092431807
15,f,0.0,0.0,0.0,-0.240785760497098,-0.12475378971415658,-0.07962975640417669,-0.3539941542264482,-0.2950972280661429,-0.1318924705404027,-0.3850811259624311,-0.44510540177541374,-0.2073605719368209,-0.3597042674317049,-0.5734117765063577,-0.26707343977332937,-0.0991198170070495,-0.4888303082325848,0.04004089090897126,-0.1235937627174728,-0.6732315923796904,-0.1441192621383752,-0.2587712508587699,-0.6705420935004763,-0.29415496641639377,-0.3217801322865303,-0.6102540033455033,-0.3708826053696805,0.06185008965713871,-0.5072983602425174,-0.002459773172389853,0.09291587539460197,-0.7413349203984824,-0.11545017055676897,0.07435334730646505,-0.888387909331909,-0.20692566006968305,0.09041465491212627,-0.9999987440209422,-0.2672169880141826,0.22461837317446726,-0.48230756600283686,-0.08332399003385818,0.26723973615397606,-0.6956877776021257,-0.18080014225204544,0.2773275653855035,-0.8280983219332243,-0.24750654188787974,0.3045684923372181,-0.9372780071454865,-0.28463004467380276,0.38463427357669294,-0.4199130785321468,-0.17964048956628956,0.4344802866379652,-0.5932671745394934,-0.23685241765351825,0.4342108576320561,-0.7090663987874608,-0.2589156512638343,0.44015042343612126,-0.8121418962495632,-0.27157984389661527
15,f,0.0,0.0,0.0,-0.26538634838787095,-0.09759249232585014,-0.09783796212478683,-0.4482169972319185,-0.241433060555738,-0.17123087276540513,-0.48292834846618055,-0.3653107908731421,-0.25928247462954407,-0.383476472529432,-0.4533432959562458,-0.3307133433308495,-0.3055949674988481,-0.47730103760309767,-0.014677376243383604,-0.3865206969069162,-0.6468367553914061,-0.17803432685123602,-0.4151997342585159,-0.5937856875898573,-0.3130485057448352,-0.398375323106533,-0.5091988384486182,-0.38511421111206307,-0.11718263838402637,-0.5135757618379315,-0.046147083035820435,-0.17581996632242813,-0.7444936179450802,-0.14134841257590425,-0.19713844459425528,-0.8821468711366641,-0.23462521096054587,-0.20884441422334896,-0.9999985901394044,-0.3084327990626212,0.08242414394113606,-0.4987858196358435,-0.11030718324277103,0.10519523808524256,-0.7226904301770534,-0.21469541951293394,0.11641540577301686,-0.8660207845189078,-0.3011248244085156,0.1226120065948384,-0.9889178772728755,-0.35965822300062317,0.290020145495355,-0.44080925292639767,-0.1857741324560344,0.4262124214077817,-0.5916624784825445,-0.2503942781097508,0.5042902304229568,-0.6911144804706529,-0.28642339126968563,0.5541380810649809,-0.7859133385226367,-0.31603829694337293
15,f,0.0,0.0,0.0,0.230106277522022,-0.1322546796079701,-0.0648893762452509,0.36665781723133756,-0.305702866485716,-0.07759671588774283,0.4294582337706023,-0.4798224079264399,-0.0870986618021709,0.4962567545936691,-0.6279713222102656,-0.0943163904135364,0.09475787426003385,-0.46980779707249326,-0.005117827768853939,0.2292662382918048,-0.6075167877984257,-0.07101195067553767,0.3652052548190004,-0.6582731711599838,-0.12825657630345735,0.48794799346876283,-0.6713825035453524,-0.16282306042227,-0.0328774139152493,-0.5313819958262178,-0.01367948336402618,0.036145115325344764,-0.7510042696406769,-0.06146884774144404,0.17094967540218817,-0.845637495997167,-0.10826808317873567,0.302699429043767,-0.8855776258616259,-0.14176849798884622,-0.1656379089020794,-0.5445912027239281,-0.03961909090526581,-0.18949943539381206,-0.7982830936354947,-0.09834966987582715,-0.10738809533359123,-0.9300369255586375,-0.1517406556671515,0.0008525343907534271,-0.9999985442082828,-0.1888833555411065,-0.2912926924393825,-0.5074310725348848,-0.07105773914793673,-0.40132060736612346,-0.6648515694804922,-0.1214668557496787,-0.3891418607388857,-0.770545182210253,-0.15493992654962274,-0.3358431460679448,-0.845108968060874,-0.18032032006858661
15,f,0.0,0.0,0.0,-0.2747968368565903,-0.11443670035213963,-0.1062623933429551,-0.4286344358067488,-0.2769812031479598,-0.19357301175621536,-0.48134866998729536,-0.4229506366963048,-0.2980136946018164,-0.45644746021605,-0.5599027830477317,-0.3862286208514408,-0.21243371486958826,-0.4936873177628237,-0.04112168801743445,-0.2550191353324896,-0.6892190461979597,-0.24785947626871507,-0.38011765337288067,-0.6715919560683414,-0.4037717482016166,-0.43741786422702994,-0.609404885070493,-0.4827020161309563,-0.0493248382828213,-0.5133758416791006,-0.08333371767259967,-0.03898985693149448,-0.7621138172888103,-0.24199871660602765,-0.09377740985640598,-0.8989821221358734,-0.35486975569297363,-0.12415111712608488,-0.9999986435612068,-0.4195041173526749,0.11907595721028985,-0.4901584555246668,-0.1599592790606648,0.14786221412564676,-0.7244061209136843,-0.28442227526397584,0.12437171649412418,-0.8713124852945464,-0.36210454178409635,0.11303864124562121,-0.9925797619007143,-0.40118394014865055,0.29103884431310423,-0.42944847455958135,-0.2517616029864012,0.34064851733061585,-0.6148635976349882,-0.31692347081314387,0.3447995207221766,-0.7385729904996537,-0.3451793109595721,0.34564812287242047,-0.8475335551010007,-0.36113595815605504
15,f,0.0,0.0,0.0,0.24552257385376505,-0.0641655219371297,-0.09138869123331907,0.4512783913868638,-0.21067201156475684,-0.11528902648454385,0.5746641521802934,-0.38279177079217613,-0.1305118975665728,0.63225149679876,-0.5356490800456865,-0.13758815249148276,0.297239864126689,-0.48761350823509336,-0.02725339802825775,0.40283412567149,-0.6376525083166134,-0.10512091135713984,0.4800806022727197,-0.6107629385942075,-0.16864573251409867,0.5380348162426803,-0.5372470963688413,-0.20491400605592924,0.17014532192468418,-0.5779811721156953,-0.025337566204952346,0.26131561200780534,-0.7995562224192527,-0.07861178768486189,0.38479602075227126,-0.8371551933292565,-0.12881842827827214,0.49272840507527266,-0.8101125081141954,-0.16304469760278034,0.03291027929276328,-0.6042686998253931,-0.0443520243463354,0.04799910195790018,-0.8682992897558921,-0.11017900495453357,0.1362761170607179,-0.9692620247303324,-0.17402203281231984,0.24100479849061315,-0.999997571973825,-0.21685945666066384,-0.1063702589659888,-0.5656423500095683,-0.07159203299180866,-0.17445831617053267,-0.732526659272629,-0.12889898395984034,-0.1652988837223832,-0.8396542465685461,-0.17313049325365704,-0.11570437043080628,-0.9118393733355346,-0.20585771776497216
15,f,0.0,0.0,0.0,-0.19216098905500215,-0.15425401870693836,-0.08158733666629166,-0.29652228891343796,-0.3272913828152748,-0.15138612035931406,-0.30821093404206645,-0.4595381211728376,-0.2379084467390142,-0.20508306203785248,-0.5485013441210488,-0.31487709358300553,-0.014869489400521869,-0.5198355283481958,-0.015139070789933307,-0.041484565180211985,-0.6729776109682051,-0.1752411913122599,-0.11914704458192513,-0.635510097118301,-0.3169679104698479,-0.17985890027378695,-0.5599210572623308,-0.3952428716786994,0.1714244561632427,-0.5292059549516589,-0.04734159895569219,0.21468458804102875,-0.7475644078670397,-0.13401764961237503,0.22996237014718515,-0.8862452937921617,-0.22300101787914245,0.23490693973046675,-0.9999985655921027,-0.29524589210609675,0.34223367322906184,-0.4820656530380306,-0.10813846041084103,0.4623035337084357,-0.6830044009055927,-0.19227922539901898,0.5186416857777575,-0.8151442675466769,-0.25623070480683735,0.5635233608353288,-0.9275329585219336,-0.3001071231248684,0.4861848309806054,-0.392053933053792,-0.18082172241879022,0.6751544595868126,-0.524199057783327,-0.22466199672230824,0.7838653100598643,-0.61204983166037,-0.24091624432758554,0.8702155195401758,-0.7004721127284536,-0.25648161822278565
15,f,0.0,0.0,0.0,0.1919011965051933,-0.2015919305229038,-0.06951346146809409,0.27857464267525006,-0.4142699720493594,-0.0885596193357116,0.29195208795518407,-0.6125298367926811,-0.10787985994369556,0.27538796716880637,-0.7784115135969171,-0.12361627780681253,0.00203505311695174,-0.5466618824561787,-0.017312024352566718,0.03434845202895387,-0.7272144235168492,-0.10092857361086757,0.13443846331938653,-0.7549644057660683,-0.1666041053070073,0.237418927702418,-0.7521833547469362,-0.20580123566989322,-0.13251471179571306,-0.5592104696994531,-0.028775839789984884,-0.15440149244736123,-0.787756637685684,-0.09497082598159881,-0.06537264171106467,-0.890740079694366,-0.14319080379496557,0.036383607822652174,-0.9490390893117718,-0.1752819588890241,-0.25040825488032986,-0.5205442037855036,-0.05939211400987622,-0.3667463479312079,-0.7548169106196252,-0.13273496116562006,-0.35124816578931234,-0.8977898137752615,-0.17969772639024434,-0.2896833425630465,-0.9999982773700447,-0.2098131370230867,-0.3445085154830483,-0.4325881196973358,-0.09801300321913989,-0.49386863101235845,-0.547787476290416,-0.15806752209367297,-0.5275956320327174,-0.6474054312385084,-0.19088864468285405,-0.5138877216439586,-0.7347730235537292,-0.2142969407035007
15,f,0.0,0.0,0.0,-0.25557219084372695,-0.09024708834678025,-0.10069049779460044,-0.4488472466591477,-0.21737436858821604,-0.1825640117517076,-0.5278036539345141,-0.33503017522702566,-0.2854006377269633,-0.5078829956960572,-0.4345707543493735,-0.37720139272068465,-0.38674011924845303,-0.48367490236766364,-0.0003826451288181329,-0.520646594158646,-0.6225525132902593,-0.16173501397455242,-0.5527003855165942,-0.6021120416721043,-0.30459172564322895,-0.5376451884755481,-0.5493328867211457,-0.3870243724524548,-0.1923870927223035,-0.5358745579752194,-0.040158719977884956,-0.2990797544721118,-0.7544192731486108,-0.13342360023011912,-0.3560941043633201,-0.891483489911759,-0.2276866202211971,-0.4040040553012653,-0.9999986639568975,-0.3048259303387007,0.022760459851129615,-0.5359608020028277,-0.11429557278417873,-0.025667114521214254,-0.7472556833540317,-0.2104436280088843,-0.05451761316398011,-0.878963473092242,-0.2885470914073299,-0.08025162055979357,-0.987964476547751,-0.3445517769725564,0.2601567417850084,-0.4899986680485245,-0.2030958439060339,0.33653263697114855,-0.6571294003534027,-0.2601698797609471,0.3740858189648969,-0.76365574571202,-0.28760726642780465,0.3880263736657464,-0.8627726699619062,-0.3137010221105252
15,f,0.0,0.0,0.0,-0.27741549006633676,-0.10194488875950296,-0.07150514605619471,-0.4467484128395346,-0.243834093829543,-0.13128529415389034,-0.5423583065663702,-0.38174497786915007,-0.21471239004987772,-0.5260874054694303,-0.5022070073964292,-0.28368016435087073,-0.27872938626410576,-0.49005324700527125,0.04359592288541223,-0.3237574793176705,-0.6676738079649459,-0.12461527534545692,-0.4294886660916361,-0.6529341810984367,-0.27162458272706713,-0.4933855713093845,-0.5994725338470586,-0.3498509465912347,-0.1315406758370115,-0.52149254709667,0.003981067158864355,-0.15879693519437488,-0.7455484620741331,-0.09494944551382098,-0.22557894211471874,-0.8833695103359929,-0.1888678220719087,-0.29305723385046284,-0.9999987128998737,-0.2541039785041174,0.024473153100126533,-0.513545801547614,-0.06893657450240274,0.0018401374594744127,-0.733945722582778,-0.14416274656079028,-0.031468145738224484,-0.8693492985043466,-0.19809898525545505,-0.07094226266207272,-0.9853653392803158,-0.23104332231341632,0.18583792624058654,-0.4682828389521423,-0.156855205160205,0.18534148959002958,-0.6487962116875666,-0.19450179500542186,0.15440407306654053,-0.7663426828053624,-0.2044491702829934,0.1201014589419573,-0.8696152768488808,-0.20939932493730098
15,f,0.0,0.0,0.0,-0.10696205755321368,-0.11538076112829512,-0.16547318812854103,-0.13880265722884078,-0.26340470755176276,-0.24877121266630975,-0.09176144531669007,-0.37794507575406405,-0.3179038437992809,-0.02383785947324867,-0.47641422614939744,-0.3816815534591474,0.09458495804360309,-0.5380280174018216,-0.1408473305969068,0.13989886161141857,-0.7617994625566347,-0.229149469624895,0.18407730095922467,-0.8941884069778316,-0.303308252218145,0.23709351982120777,-0.9999986074613684,-0.3575425220617537,0.25824394797022654,-0.5081324397144688,-0.12146781784738313,0.40604777369841166,-0.7120734338760238,-0.1992933592793998,0.498177746875982,-0.8351307382487562,-0.2620047036931719,0.5650721107656137,-0.9340666906012045,-0.3081469856807059,0.37009381378279066,-0.4450746666612036,-0.12246034264342442,0.5380366910868356,-0.6200868047560527,-0.20568171504616545,0.6426726240226689,-0.7335003409224733,-0.27332724495853733,0.7223610468158599,-0.8286978935330194,-0.31563401513272077,0.4497002308267587,-0.35501342961079074,-0.1383771356564357,0.6160223325588647,-0.49025128530066414,-0.21146239410088843,0.7228618794988669,-0.5852428690177925,-0.2521867355210895,0.8221876081654355,-0.6714401661484694,-0.2784478939344946
15,f,0.0,0.0,0.0,-0.2982989133959863,-0.11508834187708292,-0.07673681961781713,-0.4930165793040685,-0.27535473477960737,-0.13262937911041225,-0.6139630653979087,-0.4405196642724836,-0.20925804208753285,-0.6032022023827962,-0.5850609132597288,-0.27615160175104203,-0.3875649647528345,-0.48894269048784894,0.06133365441327654,-0.4736857865806426,-0.6589404122612618,-0.08954830808897084,-0.5264605256899006,-0.6657753529793189,-0.23026581657620637,-0.5356283020323159,-0.6417654641194854,-0.31209613212425313,-0.2405344237398199,-0.537037664307419,0.029731758928710526,-0.31407871876987153,-0.7607309637483027,-0.05591258132737766,-0.3784948429673012,-0.8906932865677906,-0.14206646873721357,-0.43356423414184536,-0.9999985966838594,-0.20670804531259243,-0.07718039031246371,-0.542633542260276,-0.03716033173423739,-0.14095805863607744,-0.7684175693041947,-0.11160387205980385,-0.18588910845683168,-0.8943730441017593,-0.15751024415353676,-0.2287856395501182,-0.999862423991265,-0.1861094789660224,0.0962285912410924,-0.5111323987803945,-0.1196990584265988,0.04323742286765265,-0.6930686933427084,-0.16578481587712227,-0.010640206314211182,-0.8089749914611178,-0.17880420713589049,-0.06844275406320952,-0.9106254389800412,-0.18709141958316663
15,f,0.0,0.0,0.0,-0.034729981087462974,-0.0290509840626939,-0.29382159697092564,0.008243663683588132,-0.09808898418727127,-0.4549550506053078,0.17009199814914844,-0.15470176217500636,-0.5733192318088511,0.3439912447980329,-0.22776788000725656,-0.6745074407964453,0.04473557980912343,-0.4814372336439411,-0.3516045594011606,0.14932283919899553,-0.6049406860372458,-0.5224556122230746,0.18916704803846945,-0.5714279452167857,-0.6453607550252055,0.23300091502049966,-0.5400215363928256,-0.7220127552556488,0.23320493953518776,-0.504396600231313,-0.2842254634254189,0.4189150490662619,-0.7484278079680903,-0.4373443461733316,0.5567856334986313,-0.8843456005282625,-0.5570803512447534,0.6749420634854405,-0.999998332701728,-0.6430866220579065,0.37842378537285026,-0.47091312644425576,-0.2369002977431276,0.5667532198594207,-0.684012558129674,-0.39467716053387786,0.7323661693533088,-0.8190582527216799,-0.5152590027463806,0.8688146442848567,-0.9353683254467307,-0.588900225238397,0.49241356371459,-0.396462265510367,-0.20521693284543557,0.6954472725520028,-0.5359756298940523,-0.3144925448998216,0.8316032759069666,-0.6269255945735832,-0.36657494512278027,0.9587424491271619,-0.7034602285342522,-0.40043183445486463
15,f,0.0,0.0,0.0,0.19673442848133704,-0.12789282255991433,-0.07662607753923997,0.3356583432745146,-0.26436655043900265,-0.10184781766664942,0.38068835055083505,-0.4437837926806051,-0.1262075379138888,0.3772782876992904,-0.6058593914118843,-0.14785527954366093,0.08350302030782594,-0.46271602197697553,0.01945377721335848,0.16139208995147541,-0.5950797055336425,-0.037370989330801074,0.251827883273396,-0.6444558417267136,-0.09321805175615976,0.3312843762291823,-0.6757669027320791,-0.1270125867402171,-0.04357249781553498,-0.502123374678116,0.01596282441204388,0.02928628673322105,-0.7060311925562506,-0.021734323296388542,0.11262716972367406,-0.8177868202491835,-0.059463767864672286,0.1997395077051933,-0.9134029512143738,-0.08618453636718454,-0.17115773423122274,-0.5056267348236414,-0.008853791031268213,-0.1999355974687952,-0.7399678134924557,-0.0693911718127614,-0.1706800981232563,-0.8885864464806734,-0.11367787138352455,-0.11131769868309863,-0.9999975863240504,-0.14179454310070536,-0.2990255240553581,-0.4632744390110333,-0.041248132100727204,-0.4072236259417266,-0.6061654669599862,-0.09585980563712068,-0.4238127048494076,-0.7101218868616475,-0.12096652465961472,-0.39588264570347553,-0.8037293565800222,-0.1378274479282172
15,f,0.0,0.0,0.0,0.23101658385616466,-0.13031809406405512,-0.055530354656013456,0.357738284368776,-0.29738742549350977,-0.06507702110268686,0.4325270711487661,-0.47497989115384415,-0.07986485811185359,0.4807038005071599,-0.6480660681976586,-0.0910414510456335,0.08817267379327158,-0.46102773223944404,0.06414856636096089,0.19487403463262853,-0.6162782874300272,0.0016548686461023614,0.31609391140513016,-0.6400689082711559,-0.0679497622710153,0.42948860098518565,-0.6364177979744295,-0.11261432234578773,-0.03128070361812457,-0.5213182519488402,0.04996298532227897,0.03989262227103806,-0.737582459769163,0.0020234449890073423,0.17375479692976636,-0.8142944403275013,-0.056755497417454046,0.3147093292221926,-0.841989750782288,-0.09814154969318375,-0.160351557381854,-0.5395837037817676,0.013760570560693939,-0.18298884864333947,-0.7957017473195105,-0.041350637944601906,-0.10661384664064728,-0.9257116675478858,-0.09786688629904906,0.00666916862904358,-0.999998632919353,-0.13697860324109806,-0.2820083532730533,-0.5077330985753976,-0.029522870416285395,-0.3603928002452801,-0.6518156930812007,-0.0665025695457746,-0.368329702490269,-0.7611278534398851,-0.09269195742548826,-0.33720789336700835,-0.8426271214175833,-0.11505149907284265
15,f,0.0,0.0,0.0,-0.24816678889156926,-0.1030264565650536,-0.06392579308182766,-0.39078049719483504,-0.26023184827284507,-0.12354138061283766,-0.45274741957478126,-0.39064626087547216,-0.20670524006884558,-0.4313818114681853,-0.4993266078529124,-0.27612199308415875,-0.15707596117898837,-0.48327567465385685,0.015412134000746019,-0.19714851630965427,-0.647450195759928,-0.15829611467222807,-0.3168511882980285,-0.6182081005611553,-0.3016714898704101,-0.39433999964507543,-0.550380394412523,-0.3732586885925327,-0.02708910102802116,-0.5015602415601743,-0.03317146475669229,-0.034843366277234285,-0.7333851432886321,-0.1505606653148674,-0.09575562126451671,-0.8832464724804091,-0.24707500076399883,-0.1525695958073685,-0.9999986334273513,-0.30461019007063606,0.11302111620994318,-0.47696290221032583,-0.11134926305275958,0.12513113824187938,-0.7074734609477408,-0.20863248426440648,0.10521683815727813,-0.8516917738464483,-0.2706679298868673,0.08421822139588193,-0.9668198219464393,-0.29964043245335165,0.2519008067023891,-0.41448176024049027,-0.2010058982813349,0.2736707121215806,-0.5983618146310856,-0.25063959409406944,0.2540749789332343,-0.7222839300038494,-0.25956337698491583,0.2329626522799506,-0.8309705082182017,-0.25949532210334564
15,f,0.0,0.0,0.0,0.13637058655823237,-0.2202172445210992,-0.05447389085480017,0.18800821966193568,-0.41103414468982125,-0.07259744722440009,0.21054670807742992,-0.5836685431378823,-0.09272447226273321,0.19258881258338598,-0.7333024327337485,-0.1095530598635825,-0.09875252126426175,-0.5076730518083289,0.018438179180239638,-0.03690993648622423,-0.660646941172133,-0.03866515219076154,0.05868541685355622,-0.7253879471623046,-0.08989113002619271,0.149233788549434,-0.7493368405385951,-0.11917740062516292,-0.21606262307626173,-0.5114367328836504,0.009006373661427649,-0.2279181506066588,-0.7362463180461345,-0.028923654959554904,-0.17581599484431942,-0.8843353188548068,-0.06568439116155732,-0.11808345803223448,-0.9999985769383765,-0.08960810327896294,-0.3133837461617939,-0.46609057634716,-0.018886802766900267,-0.4436000754591237,-0.6836653048622066,-0.07463136666177207,-0.46654487806534767,-0.8375465677566889,-0.1286411326669173,-0.4588164475384976,-0.9620539080660113,-0.16268012997175663,-0.3783999541543292,-0.37507441638096767,-0.0516479068471717,-0.5324232923620984,-0.4731278422827756,-0.10752518922966052,-0.5989142421065511,-0.5710315165633251,-0.14502971090199018,-0.6332006200986746,-0.6721331577090668,-0.16961632098486745
15,f,0.0,0.0,0.0,0.18349489243524864,-0.14959745428379928,-0.060457973730581704,0.3063175815952696,-0.3027449826504364,-0.08189130960091391,0.32775912522781475,-0.47427265673943986,-0.10674189015956613,0.3059564754743513,-0.6265173489708817,-0.1294418510820751,0.01856544458708232,-0.4760249918366151,0.01615637991759614,0.06234371803423735,-0.6170393403738154,-0.05546826523888931,0.15648829123187724,-0.6638254620592359,-0.12148180922643878,0.24934767230359658,-0.6823542152044516,-0.16025371074232786,-0.11279799224572272,-0.5032125002649425,0.00043374972679536167,-0.08715449935756377,-0.7163800025695346,-0.05305428002882694,-0.002530009499207966,-0.8455111405791261,-0.10268947800860585,0.09116179980574651,-0.9491009975743299,-0.1350482485037882,-0.23664513762913375,-0.49187555305716957,-0.03425447151305571,-0.3111153772002686,-0.725613071000627,-0.10186581534666607,-0.29356652638474773,-0.8817430894275601,-0.1521956184457576,-0.23398217477783403,-0.9999976232422952,-0.1825570074284416,-0.3489400746236281,-0.4281740391751715,-0.07499910911952334,-0.48759342095948444,-0.559741545591022,-0.12969684066564532,-0.5118210350224105,-0.664207605551263,-0.15427100468867205,-0.4877165285385657,-0.757696443183112,-0.16995571067538373
15,f,0.0,0.0,0.0,0.13472501663557004,-0.17758957803126119,-0.07708373029040747,0.2128206812905558,-0.37520568734221055,-0.11790621222730673,0.2037620268922557,-0.5504776591717125,-0.15597356972603063,0.15502294577871695,-0.7075748396223642,-0.19160190336714208,-0.09346846613214713,-0.5231338239580026,-0.03257408969079898,-0.09326935047099524,-0.6779049617085051,-0.11828108231360282,-0.011239060257599577,-0.7314595675047095,-0.19241264728762578,0.08021923139377687,-0.7484318003842511,-0.2359236553724444,-0.23258846945437014,-0.526978579359835,-0.043993433182397734,-0.25725915010621014,-0.738666767985168,-0.10353032066423115,-0.1872622379225496,-0.8826675001132059,-0.15827160396648274,-0.10021859428881956,-0.9999976010007497,-0.19385212482540556,-0.3466917526992684,-0.480186756467888,-0.07388569862373004,-0.48109525295128364,-0.6904849247398582,-0.1405730725830744,-0.49238607613120783,-0.8495383718764841,-0.2014718915258557,-0.45718571604401204,-0.9834858007452003,-0.24185680160452702,-0.4235130771228821,-0.37211549807603217,-0.11019872917971989,-0.5751262833849653,-0.46038958355120707,-0.16640880327686877,-0.6341127787165429,-0.554134809727993,-0.20125870907607488,-0.657551873594953,-0.6523938485263814,-0.2254051828957549
15,f,0.0,0.0,0.0,-0.23575754084331169,-0.07026642469296349,-0.10470328244632263,-0.44159736118140824,-0.20508725522315266,-0.1890453464569372,-0.5258037284886147,-0.3414353958701705,-0.2806774778702968,-0.4224898151181574,-0.45172209180964296,-0.35505765117436916,-0.3869499198097253,-0.47473969601879246,-0.02255272068045074,-0.46447595333691627,-0.6161393446926139,-0.18222869555709564,-0.46972696401810915,-0.5740323416004379,-0.3146522758244459,-0.4440672001651445,-0.5032473651101668,-0.3862724685293364,-0.20843789164021287,-0.5233674695434987,-0.04861478338091246,-0.2828082933857029,-0.7474859983865234,-0.14611713498957768,-0.3203202986065903,-0.8801428940030398,-0.22995864897301105,-0.3477334755846914,-0.9999986988924683,-0.2895093576236395,-0.020620315170284433,-0.5121643776288568,-0.10592874058781739,0.024704904209750796,-0.728144361453584,-0.20878891628862725,0.07490775991546597,-0.8504152923538928,-0.26708781848801216,0.11459393692092189,-0.96163005370253,-0.3001420541940509,0.17146122823594315,-0.4502389088105392,-0.1740412733578733,0.2720660933175276,-0.6118676225510907,-0.23894148379604033,0.3429969839940896,-0.7127016539470465,-0.25145718297088243,0.40554635907268377,-0.8125220800202162,-0.2572126697519012
15,f,0.0,0.0,0.0,0.26483790643263805,-0.1736949143915934,-0.1787329227280298,0.43131177759671857,-0.36109546115415386,-0.2313446921104672,0.5273556067586114,-0.5222724006326182,-0.25694801217495433,0.5273435293410521,-0.7218713851515127,-0.2771403584202425,0.15410069106813423,-0.559849540852425,-0.05175362719761308,0.2165924701644928,-0.7644897289229121,-0.12126986718511931,0.3309811809001023,-0.7892526172843904,-0.20045848594967353,0.4499772027786935,-0.7787295857305844,-0.25151346502592664,0.03851282696241742,-0.5588873285223601,0.0067875447441521535,0.06413949670085249,-0.8338938614002038,-0.06592798638061431,0.2157767524363043,-0.9346175333071983,-0.17962876517548884,0.36188782920839446,-0.9673458140328379,-0.26121527691687835,-0.0477333537636321,-0.537069071120949,0.0416763440733157,-0.08898994633963551,-0.8191101629529552,-0.021244425174318068,0.0207446644427441,-0.9282647669398448,-0.1317606140125424,0.14758496902608284,-0.9999984990707917,-0.20995399765624237,-0.11491340743179568,-0.5017547469088123,0.061446218338402546,-0.2485396550922805,-0.6532625953516753,0.010968698477373022,-0.2860937587563724,-0.7665080666873593,-0.0611578817134482,-0.2843996996533918,-0.8576387576549639,-0.11816166549668226
15,f,0.0,0.0,0.0,-0.28409175935444886,-0.06886142429135103,-0.11298367983364019,-0.4794631093577813,-0.22710092055328412,-0.1862295816737862,-0.5264207123834028,-0.37651180723070105,-0.26299430299080045,-0.4596413632880773,-0.5032654405017855,-0.32827968148712805,-0.3348566461862718,-0.4699129625307557,-0.06068183109154271,-0.3592031416155684,-0.6673363166094378,-0.20921443640043041,-0.398617770895784,-0.6932010007053007,-0.3227427144540633,-0.42024043354520774,-0.6695958920029653,-0.38338045068225307,-0.15830990255293742,-0.4978757116851192,-0.07679088060186812,-0.1868698751914165,-0.736037969516323,-0.17453880791294496,-0.21655388850712254,-0.8802242428535073,-0.2620521098874778,-0.2396410020094363,-0.9999985768415036,-0.3226575270832909,0.01722740148647946,-0.4848762503868779,-0.12020756675446874,-0.005469211581330171,-0.7133919556684942,-0.21107632228335418,-0.02707758090541146,-0.8609796163028972,-0.28570478524966936,-0.04522688066976446,-0.9868063040981385,-0.33241219146165557,0.20025703763789304,-0.43491289252336807,-0.17574855552544116,0.18525345702487078,-0.6246430020801212,-0.24901051084820472,0.15697048648672257,-0.7486134661851189,-0.289445077045846,0.12597636478376795,-0.8599423535000046,-0.31267175193403307
15,f,0.0,0.0,0.0,0.20092138706232368,-0.12707737903708957,-0.09162224786049478,0.35299527438405354,-0.2808058761012839,-0.12850465591807547,0.38805116284878843,-0.458140061794389,-0.16139331759268927,0.33670718977749015,-0.6075955754168181,-0.18803939495289348,0.08804661419312841,-0.5220306447466402,-0.05991199733796551,0.1457020221780186,-0.6976490971949231,-0.16265591077064628,0.2276987961822017,-0.7156354676949741,-0.2354530199431151,0.30096091770861944,-0.670479064897329,-0.2703150666013415,-0.05839824918840303,-0.5581252861153385,-0.0626522497411052,-0.0630715973478805,-0.8000280750099114,-0.13929930907974644,0.01920572082213388,-0.9007790185182429,-0.1808413081758226,0.11643969426474388,-0.9515153962452152,-0.20241572358920923,-0.18497138821738401,-0.534652128029347,-0.08561980293926856,-0.2744747407015823,-0.767308513988796,-0.1659065487514251,-0.25121817241742395,-0.9038537964411985,-0.20527096530331812,-0.18025395949807763,-0.999998061470318,-0.22452206657072804,-0.30395989786683625,-0.456644904666771,-0.11821553542837439,-0.421268262246374,-0.5976904483097814,-0.1808020227489764,-0.43803580237852086,-0.7005994327510745,-0.20732186678909384,-0.4043796883359288,-0.7860492802296675,-0.22090858723214377
15,f,0.0,0.0,0.0,-0.26538634838787095,-0.09759249232585014,-0.09783796212478683,-0.4482169972319185,-0.241433060555738,-0.17123087276540513,-0.48292834846618055,-0.3653107908731421,-0.25928247462954407,-0.383476472529432,-0.4533432959562458,-0.3307133433308495,-0.3055949674988481,-0.47730103760309767,-0.014677376243383604,-0.3865206969069162,-0.6468367553914061,-0.17803432685123602,-0.4151997342585159,-0.5937856875898573,-0.3130485057448352,-0.398375323106533,-0.5091988384486182,-0.38511421111206307,-0.11718263838402637,-0.5135757618379315,-0.046147083035820435,-0.17581996632242813,-0.7444936179450802,-0.14134841257590425,-0.19713844459425528,-0.8821468711366641,-0.23462521096054587,-0.20884441422334896,-0.9999985901394044,-0.3084327990626212,0.08242414394113606,-0.4987858196358435,-0.11030718324277103,0.10519523808524256,-0.7226904301770534,-0.21469541951293394,0.11641540577301686,-0.8660207845189078,-0.3011248244085156,0.1226120065948384,-0.9889178772728755,-0.35965822300062317,0.290020145495355,-0.44080925292639767,-0.1857741324560344,0.4262124214077817,-0.5916624784825445,-0.2503942781097508,0.5042902304229568,-0.6911144804706529,-0.28642339126968563,0.5541380810649809,-0.7859133385226367,-0.31603829694337293
15,f,0.0,0.0,0.0,0.2137897644632431,-0.0812392216407578,-0.06215235433952369,0.3649543703730776,-0.21952374116684004,-0.08912348041571741,0.480919590590577,-0.3636863179692543,-0.10978604130277315,0.5883020529494346,-0.49343352594670176,-0.1252797833248325,0.12338687503277605,-0.4952043550356814,-0.02946388623531033,0.2978326076765467,-0.5787808359573358,-0.10560913833099357,0.4503336505008459,-0.5515655210870833,-0.1710138691872203,0.5628208660471467,-0.4935476434948582,-0.20738717105843116,0.04354717035822771,-0.5735827529660612,-0.03486149797122477,0.15758672863246492,-0.768941243128261,-0.09968603795521253,0.3587130293441974,-0.7984928137331323,-0.15092059680692624,0.5192701115950697,-0.7697125401245944,-0.1765136611987149,-0.045554693005004074,-0.5946476194274476,-0.05406361005657715,-0.05547503468814229,-0.8556294343297326,-0.1248030898826632,0.06874076957006124,-0.9576237133595576,-0.19063119182481877,0.18885221291599164,-0.9999975947553332,-0.22865794371145015,-0.12587337598155054,-0.5531577189386222,-0.07618872764053128,-0.23349367880823663,-0.6955845907717784,-0.13209366542564244,-0.2380910676703965,-0.7622398478129061,-0.16584463815143127,-0.2247874847574307,-0.8019680944930057,-0.18527501445385897
15,f,0.0,0.0,0.0,0.22394119340902846,-0.23737614135193083,-0.051818292939154194,0.32951415197075395,-0.43968046911101444,-0.061445053151750875,0.33654193888562167,-0.6545947864798425,-0.0792079412459008,0.3205104175656672,-0.8417113410310826,-0.09496091177262383,0.00020335967847722337,-0.5689878879921741,0.09813120207211846,0.020402832837674818,-0.7553507010563696,0.03740309728093485,0.11831570538352713,-0.8260174725508959,-0.0381721135779544,0.23176859549470616,-0.8697655305731552,-0.08913348198308799,-0.11756882446972408,-0.5830285631143475,0.0765618157918194,-0.13133942851839095,-0.8087363541331082,0.024622900496943847,-0.021378365393995315,-0.9006003002104186,-0.05082989360811132,0.1147357149107574,-0.9282526598339291,-0.1040355494341887,-0.2343245686136937,-0.5728103536505602,0.03211280813761852,-0.31368445438004355,-0.8206267515270929,-0.02004500872203781,-0.2360996651425164,-0.9429304210988847,-0.07618077730089477,-0.10887299668758851,-0.9999982820698632,-0.11577398385091255,-0.35462794589992,-0.5171757637065532,-0.02165094924187038,-0.5311215171661139,-0.6605908762947619,-0.061972466119493405,-0.5287766346700774,-0.764065113824227,-0.09325871523428243,-0.46435539114594415,-0.8327081186090736,-0.1181551147488528
15,f,0.0,0.0,0.0,-0.3522403447559555,-0.07207783558735019,-0.07866572231824785,-0.6082390340167081,-0.23520193841622475,-0.1305384585757151,-0.7073111333364028,-0.39517372764892766,-0.20185953342532503,-0.5787687803786719,-0.4452374054323584,-0.2498075314522858,-0.4367502077685921,-0.49039992494730256,0.06963673244647954,-0.5156104497900801,-0.6854844154335182,-0.09791300375384264,-0.5250905318074579,-0.6061769924675937,-0.23313997017680402,-0.4858626229883276,-0.5066171036022005,-0.2955896766206185,-0.2788128202985158,-0.5284357565233974,0.03939267117159538,-0.3638203615781163,-0.7559923354648928,-0.04829503272535647,-0.42362937416860547,-0.8826035508476376,-0.1232237126907517,-0.47257627488978393,-0.9999986401212079,-0.16973802850818626,-0.10551152113059845,-0.5266903161649606,-0.030679167397049886,-0.20105496806038978,-0.7434994356652594,-0.10767740677137394,-0.27179515145886285,-0.8711034543465235,-0.15379066199191313,-0.33833027772186014,-0.9835943457856445,-0.17404108125030032,0.08340350152974994,-0.4902242785622031,-0.11624802025704402,0.0068538564980350275,-0.6740949996609936,-0.14407981612664508,-0.06193111596302702,-0.7807873313767925,-0.14521810318402692,-0.12281945816310766,-0.8773014535648942,-0.1413485736032901
15,f,0.0,0.0,0.0,0.1721823750397079,-0.1758596472853276,-0.06803844606332764,0.29588517769395456,-0.3467964125050847,-0.10076939763666908,0.29325169963041925,-0.5230175689949391,-0.13575027341362136,0.23066293061723805,-0.6682467558484003,-0.17055102140484607,-0.023932896816800702,-0.5043011743957424,-0.02536681587032733,-0.017126247837842376,-0.6667394645897481,-0.11069825835379521,0.057039301851757755,-0.7186011461357843,-0.1818458889334541,0.13964747239210348,-0.7364033529258383,-0.22309167062246582,-0.17485828376105153,-0.5145894517144989,-0.043555739532978796,-0.18835779040939135,-0.7436086957948936,-0.10325217936166567,-0.13216656168724583,-0.8851457982458275,-0.15465387400373456,-0.06231613275010015,-0.9999974113879598,-0.18974433659780812,-0.3067926340301101,-0.47485213777056046,-0.07969210819869586,-0.42892704527846054,-0.6991952147738774,-0.14878488470235193,-0.4403661191836289,-0.8558567637739081,-0.2046342380425383,-0.40724598204487206,-0.9859044155568576,-0.24272049794450487,-0.41362547001967653,-0.3800299552201655,-0.12236517524806285,-0.5718109739548807,-0.4795773701173948,-0.1774533900904874,-0.6279499743945967,-0.571588483014664,-0.206525835340958,-0.6483676069319548,-0.663291009309691,-0.2282344399287966
15,f,0.0,0.0,0.0,0.21065758642846383,-0.1877936262003251,-0.059659007758939515,0.3331762572731931,-0.36842970390041385,-0.057108355640020626,0.3341796452793611,-0.5676891722174638,-0.05362645402035236,0.28505440954902783,-0.7173869468539223,-0.04673344433809429,0.03601876666052066,-0.50127046956225,0.07188717848386436,0.057330955381471066,-0.6821010599111804,0.03416237918430611,0.1329462936204935,-0.7470406909694873,-0.01714261189766803,0.2151766128515546,-0.7848609290957095,-0.05240682013105236,-0.11617788160320076,-0.5174348584138538,0.06589298202571846,-0.10900146343736243,-0.7508121038263156,0.043486756588246946,-0.03380448894870592,-0.8867450390054532,-0.015462892587268394,0.05774330927258707,-0.9839411355895411,-0.06216593492070806,-0.24702944847545336,-0.4846097180343162,0.039558558297129086,-0.3209509757381333,-0.7271707392242346,-0.0028326569012661557,-0.30252833380676236,-0.8821381910907425,-0.07446746654500132,-0.2440192844569493,-0.9999978316407148,-0.12690427204409752,-0.36195763477645276,-0.39881264427163676,0.007494509239443371,-0.4913220199729182,-0.5249111879429063,-0.03293866059550533,-0.5380077052027782,-0.6260522078363606,-0.07294922585198835,-0.5384143077232141,-0.7228913317054313,-0.1054602299192001
15,f,0.0,0.0,0.0,0.15008949543655892,-0.18906923888533905,-0.07651915531231519,0.25318152215630835,-0.38119289683577345,-0.1107634458175314,0.24235565364023484,-0.5587668875378483,-0.1443509503052925,0.19043509283769366,-0.7044770370904221,-0.17572339847211768,-0.048656372353032204,-0.5436517983933637,-0.02432434171712483,-0.05014386687976126,-0.6952048310102332,-0.11027109026290118,0.02412198187341475,-0.7415849702470111,-0.18406338926536917,0.10660434482859195,-0.7558022293138151,-0.22797214283485934,-0.18766937405726547,-0.5456693492096002,-0.04040120958532876,-0.22015361065672676,-0.7557200898403806,-0.10294105135460101,-0.16251465942931406,-0.8868158302679641,-0.16250243702883896,-0.08785971770171755,-0.9999976075144307,-0.20332260022885573,-0.30594928888189593,-0.49960008506325176,-0.07599714719387021,-0.437081535742117,-0.7025396293020854,-0.15254569968588233,-0.451662433102772,-0.8490821540394465,-0.21679201218878616,-0.424242180602503,-0.9715278663774575,-0.258089664554361,-0.3949350731669052,-0.40118573023169773,-0.1185112320412994,-0.5478610185971277,-0.5034837420415798,-0.1824969994891997,-0.6136182303855755,-0.5830801716744791,-0.2175898952118774,-0.6458486331956036,-0.6654968658318845,-0.24132971819402402
15,f,0.0,0.0,0.0,0.22337183281291925,-0.09579231799591663,-0.08538604702094965,0.38721167463212325,-0.2596209251005199,-0.12676953479407296,0.42126333291137724,-0.4408703853352454,-0.14984691201031464,0.42004446158664355,-0.5653464530579644,-0.17736814250309774,0.13594633049228372,-0.365518202413675,-0.19426199944970826,0.2310982697559586,-0.5729213165633396,-0.2730689047157268,0.2984991310235835,-0.68613715355386,-0.3165906895301936,0.3584466160386343,-0.7777433026382088,-0.3480271347530669,-0.03821193022157268,-0.41482336599956754,-0.1961088246740109,0.027386997075429634,-0.6527053087665616,-0.2670615457231296,0.1145897092929659,-0.7933388002740492,-0.31262797718784535,0.20392911189244825,-0.9070541060170734,-0.34849189966258787,-0.18702048558056278,-0.4238682633476149,-0.19943231269864728,-0.23207035819725927,-0.6877587608341962,-0.27767173396434086,-0.20055393703994007,-0.8609738767782656,-0.3455781573889987,-0.13793868335444412,-0.9999968053011262,-0.39815747860543865,-0.30125163610076294,-0.38779892649362596,-0.2034501632112764,-0.4211049996030635,-0.5307998960796035,-0.2794592913086523,-0.4619076740534543,-0.6273055232432209,-0.3292263397183314,-0.46140382566644517,-0.7163358759817373,-0.3678000896361874
15,f,0.0,0.0,0.0,0.22101015893772133,-0.18827113270471887,-0.11032828541743822,0.344491106512691,-0.36789996907408223,-0.14551931174259938,0.4168433764592992,-0.5247334196467014,-0.1679622674861334,0.4101852314917644,-0.6918919039414915,-0.18556656968706015,0.05984634633982409,-0.5283585439484445,-0.005387994191834859,0.14573611432733116,-0.703317918123471,-0.04454838943095991,0.26373904594182934,-0.7388713247128162,-0.09923257292574365,0.3787625785208324,-0.7318891087373902,-0.13800523150145483,-0.052721995282400534,-0.5257246645729593,0.016536649610213557,-0.03894293557318655,-0.768960347319533,-0.010216468003065554,0.07787295664104815,-0.9062247727239595,-0.08663030975255515,0.19450544022264152,-0.9797815279815333,-0.15015892330401412,-0.1462264123891419,-0.49024368494622594,0.019466368394047397,-0.24991773087747315,-0.731727262042002,-0.005044042232877987,-0.2196248327904948,-0.8891342374885262,-0.09176700704341853,-0.16545342973649213,-0.99999873292722,-0.16403369007096527,-0.2165212354859535,-0.42936093067321807,0.011210058112762768,-0.3612429569578917,-0.545835117160302,-0.009385640137400487,-0.4268155269877223,-0.659212465689199,-0.06009872357975983,-0.45608353446351724,-0.7598666097234761,-0.10876604565194434
15,f,0.0,0.0,0.0,0.1950160155489768,-0.19130860223010754,-0.05196138516336924,0.2864174799505235,-0.40363132504351606,-0.06095146180456827,0.3269968215732352,-0.5859577037315278,-0.06915429147445769,0.3315776893553968,-0.7346750698842011,-0.07438384290236061,0.01681037815624674,-0.5085533206145176,0.0018712233981283562,0.06566325493423816,-0.671054525782333,-0.054886915679817405,0.1646455482370687,-0.7248914439251177,-0.10229329906374908,0.259391428454594,-0.756321235256043,-0.13453320130806737,-0.09766398809286748,-0.5326391011669402,-0.013388321346320207,-0.10802341232885435,-0.7626351490098017,-0.05838369707073683,-0.02053960134697541,-0.8889264481987377,-0.10834737071056746,0.0671578051006035,-0.9803816867377839,-0.14655661060055805,-0.19648857924533003,-0.5014411832105201,-0.044816891666580295,-0.3143565438959519,-0.7385144903222194,-0.10595708160151501,-0.2994078634655498,-0.8864010946150175,-0.17817465556226977,-0.2571933995469175,-0.9999985185873234,-0.23070781576792074,-0.2701567635445795,-0.4209865085008661,-0.08020509747829524,-0.4240024076032701,-0.5266115413177971,-0.13976712905894206,-0.4648970652276414,-0.628741078599108,-0.19427175377973008,-0.46969121942873576,-0.726932477075037,-0.2379473687390969
15,f,0.0,0.0,0.0,0.1851232753336323,-0.10643564825314873,-0.1714949289431502,0.2909381600788624,-0.3355520728281277,-0.22321555127032405,0.336747789272997,-0.576285210604121,-0.2391959567995022,0.31902306721247864,-0.7725261935360649,-0.2445982911478507,-0.004812195308026317,-0.37696341632240926,-0.14942425690115343,-0.008085666680191055,-0.632393136875332,-0.19220944663754835,0.0690960640101466,-0.787423172334894,-0.22046459621239403,0.15330423487485753,-0.8803616204470511,-0.2367595878430873,-0.11019211507252367,-0.40478583762942183,-0.07746541059678766,-0.1268117327866953,-0.696760083485155,-0.12478514893731904,-0.026573225561233562,-0.8914897548273011,-0.17286263683783207,0.07910093126260884,-0.9999977428080934,-0.20746305501345064,-0.1686227920118018,-0.4043091655209356,-0.01832543920310846,-0.13408794484066347,-0.6919399503689433,-0.09030899445805968,-0.0060795538352463995,-0.8395270125330838,-0.16808209185820583,0.1009038031826914,-0.9083043533637204,-0.2112934174454663,-0.18008088358823088,-0.38297307708388806,0.03325833791764547,-0.07724819301649974,-0.5810233421256044,-0.047521092917491264,0.036074243802608826,-0.7001826242042581,-0.11603422834337389,0.1356757082864159,-0.7707561968498539,-0.15687442803959034
15,f,0.0,0.0,0.0,0.23497921822882467,-0.1736003513916534,-0.05785728288042013,0.36044973142139486,-0.3454594957203368,-0.06953024338809398,0.4154910749266709,-0.5242600508095433,-0.08248377192353205,0.3895109395697259,-0.6852408580331547,-0.09111451138684379,0.10076384331798596,-0.5194698052723681,0.05285568058784578,0.15323737272772,-0.7055465601489641,-0.0050103087137434235,0.26055527514183635,-0.7220198022615375,-0.07375985035919601,0.35976535270212895,-0.6993437127359764,-0.118749590509999,-0.013209999485826565,-0.5312467759364583,0.0428258252147262,-0.0017129235993830932,-0.7770840563860631,0.003170250703501444,0.12031978021268878,-0.883379851195825,-0.06919244480809046,0.24425913414355083,-0.940651812127267,-0.12709218585211782,-0.11763634858947342,-0.5087632471244574,0.01314416600768616,-0.19750362897617954,-0.7746756535682645,-0.03257991936433435,-0.13521827206232698,-0.9142418492233382,-0.10806373808767125,-0.04222416990260092,-0.9999982992194343,-0.1662725760786267,-0.21159959021834204,-0.44633444540424116,-0.02378539685135385,-0.35752806990775216,-0.585870203389272,-0.05979798846891897,-0.379712290740397,-0.6960259813576957,-0.10222794211117917,-0.35692347285817405,-0.7861451556120713,-0.1403153513409313
15,f,0.0,0.0,0.0,-0.23317560350339872,-0.1585831261046041,-0.06043515532158222,-0.33673292361329477,-0.3439891406960712,-0.09403981839070662,-0.326469983207416,-0.49993274020368017,-0.14888369673545124,-0.3037143506978937,-0.6291765437625152,-0.1958582863275041,-0.17236720939702316,-0.5173745046596097,0.08003230369343757,-0.2333227863236496,-0.6725006752739981,-0.03394452614891626,-0.2917277946221275,-0.6758165705572033,-0.1488828363682312,-0.3266350936795082,-0.6534992451249534,-0.2165818715230162,0.002377294671735754,-0.5373900876671693,0.043525186805293596,-0.01624449343932096,-0.7551680791953498,-0.01789465952979094,-0.03216648923089808,-0.8897478802530193,-0.102417754243046,-0.05575875883204226,-0.9999986572496101,-0.1725364321444799,0.18111446288070984,-0.513416335242357,-0.02379784036258111,0.21993151068853958,-0.7261329664917632,-0.09804216666428252,0.23248847022266794,-0.8541097492635445,-0.17172448559121986,0.23741225178039194,-0.9560073209632379,-0.22244479392278962,0.36993441460138937,-0.44662558776093914,-0.10211445478943358,0.5056587441642235,-0.5994797886581597,-0.1459123785238816,0.5783370445581566,-0.7017617644283615,-0.17295755188589104,0.6258146688543866,-0.7978174026867428,-0.1978278669796297
15,f,0.0,0.0,0.0,0.189335745578113,-0.17916717971225565,-0.06144651614372858,0.2693805163264919,-0.36937417818016727,-0.08472002050503728,0.28828293470865196,-0.5542777343046755,-0.10960669563143861,0.27898217549124915,-0.7262615470203356,-0.1330915649745571,-0.029603536230718767,-0.4957844645816292,-0.014966349022023888,0.01930929025084473,-0.6673050270741164,-0.10558049629336218,0.1343496725929137,-0.7120859178791776,-0.177170593729009,0.2467503417604642,-0.7135866482894797,-0.21856759861931585,-0.16622072793299092,-0.5207382135263776,-0.03344233878896562,-0.174272170815646,-0.7512491660557937,-0.10420570850374167,-0.06793446327522008,-0.8636622201531745,-0.15450622598714558,0.04934651441570677,-0.9322895933286374,-0.18599959481492073,-0.28634507012286253,-0.4953337608308496,-0.07110135646641456,-0.41221515819364096,-0.7244959945017498,-0.14754189724410247,-0.3856800690996518,-0.8829392018914185,-0.20258253122995618,-0.3118355173094294,-0.9999981931770181,-0.23883711132653337,-0.3800185945891118,-0.4191556728705213,-0.11514036305088239,-0.5384999260236493,-0.5283545145918224,-0.17889959724271523,-0.558136070726971,-0.6288537508201776,-0.2152737322977952,-0.5256981086857936,-0.7209598277976043,-0.24186977678555768
15,f,0.0,0.0,0.0,0.2439333280763382,-0.10342237714953288,-0.09513022247790197,0.3986038507444288,-0.23563265998630487,-0.1437373822203071,0.5124999644296834,-0.38169981563406263,-0.19165177111132517,0.5830585547614553,-0.5415552663035473,-0.23348497644697536,0.20549139580444267,-0.5266775774847463,-0.051813070341291234,0.32772904349508875,-0.6577388314036862,-0.17016524230141652,0.4040019989988559,-0.5751285394838755,-0.26402697096296385,0.4548283833146329,-0.45881889315632757,-0.3164761636542085,0.09169843476049938,-0.5927470522136467,-0.06532570565677208,0.1871489428641786,-0.8199993919695509,-0.16456134768114816,0.32138640386865536,-0.828557265763499,-0.23993321235088014,0.43981977798836125,-0.7686809529171964,-0.2880754703138271,-0.04117766094151053,-0.607506146690295,-0.10059108639441666,-0.03602013286046472,-0.8783329905149523,-0.19785073013077084,0.049092962409870926,-0.975903404979773,-0.2703111972867192,0.1548163089615567,-0.99999825542929,-0.3170240060843984,-0.18258589426939942,-0.5651002206286547,-0.1450915855891345,-0.2812603383521255,-0.7287838093158346,-0.21709481982378673,-0.27321443232984677,-0.8329370936385296,-0.2618238509917322,-0.22202592193204715,-0.8974623722871552,-0.29494206192756606
15,f,0.0,0.0,0.0,0.23266005716156068,-0.15562459383336066,-0.04749263121825641,0.35290287534934894,-0.328261477751847,-0.06239818895728664,0.4164818827437907,-0.4919550755262978,-0.07979938785937409,0.45989785523734655,-0.6455064824198335,-0.09507994071568823,0.10353620073291803,-0.4862246696388673,-0.010067930666074849,0.21089623336477475,-0.6119406361196381,-0.09585777240740384,0.33489641821070665,-0.6307677309267771,-0.1665871913794602,0.44354493183036203,-0.6244962687390674,-0.2090187107538034,0.007355936497331938,-0.5411768036726524,-0.03386280756408679,0.0630926077896387,-0.757790509756175,-0.10313718531373157,0.2034120898039803,-0.8272340624897533,-0.15415356633720104,0.33953301541459613,-0.8559541878715781,-0.18628929939473104,-0.09737821304260633,-0.555113080164536,-0.07420258722755196,-0.12638157481858056,-0.816457612147292,-0.15381146996775355,-0.04107045800620937,-0.9315436104787241,-0.20936097581675545,0.07205428152567088,-0.9999981131950908,-0.24288788203298253,-0.20353905978174275,-0.5187893199895229,-0.11851117328488167,-0.3252107119531202,-0.6603300305145136,-0.18302557210429435,-0.3328837922390174,-0.7539112901565738,-0.21802220642117343,-0.3051533354172544,-0.8281932256410746,-0.24155458480414022
15,f,0.0,0.0,0.0,0.19032327963536366,-0.09186927827771033,-0.0803048677625592,0.3049062268786968,-0.27390115358904593,-0.10284983068292748,0.3508629985616267,-0.4607242878660515,-0.11190357920292726,0.4070681574130948,-0.6075357138945394,-0.11644162439132018,0.03971073477086867,-0.4269254177134829,-0.06372007064374641,0.1599781056203646,-0.5787048718425541,-0.12997623022678273,0.2891124725486764,-0.6315850527733088,-0.178727080889763,0.39848102152975134,-0.6386414028944251,-0.20570816280870596,-0.0885658504657014,-0.49410438698730974,-0.05480774016184308,-0.019145524277771643,-0.719164548939255,-0.1149244257542178,0.13051735971530262,-0.8258734068014444,-0.1615802017865896,0.2677286491424964,-0.873301847056507,-0.18400017771669328,-0.2035415775619412,-0.5041225665757012,-0.05824611096872922,-0.23968795347486627,-0.7630600818463751,-0.13046705033352082,-0.15060977829648564,-0.9077786719802095,-0.1977316740090056,-0.04607500606311913,-0.9999975570889963,-0.23533366511916698,-0.2913108748542131,-0.4549369188081723,-0.06339405244517066,-0.4157160121838015,-0.5984422960654845,-0.12815577387331312,-0.453405405001732,-0.690307497295602,-0.17068299318488675,-0.4575255528118702,-0.7619211294795776,-0.19438824016749304
15,f,0.0,0.0,0.0,0.17394059313318622,-0.1982020942786913,-0.046047806654324175,0.2682159991075056,-0.3841148858701386,-0.05388793483507415,0.31718995866887834,-0.5517882087128675,-0.06562583071509875,0.3304378244161456,-0.7021508276303084,-0.07396002003251272,0.001521303554823762,-0.5187783755456171,0.04563005357293521,0.08798781870436698,-0.6506139010242321,-0.0036330037218041157,0.19602116612292556,-0.690429882485137,-0.05478216577301469,0.2910622433637086,-0.7098610018370671,-0.08735327169481426,-0.10583393479517376,-0.5410586923298439,0.028200933526962343,-0.08420575321552602,-0.7546002256390043,-0.009578661642224855,0.006777664685146798,-0.8808147201239659,-0.057639689183183025,0.09362844960765089,-0.9720137370305754,-0.09166862801749141,-0.20352633802285688,-0.511007130888729,-0.00775537457122142,-0.2959110697876881,-0.7386401228035663,-0.06184235598478791,-0.27660344580131674,-0.8876242545808698,-0.1190896485384741,-0.23397252691275378,-0.9999986632848884,-0.15675254805668612,-0.2835035302472254,-0.43103467929290934,-0.04875423746845297,-0.42917224966864087,-0.5626609000455097,-0.09982057701662514,-0.4715703598745184,-0.6748567583532593,-0.13603851104267525,-0.47736412503109504,-0.7785289067743288,-0.16184878350253723
15,f,0.0,0.0,0.0,0.20533338566302864,-0.16700246666098922,-0.07317838157368706,0.32950574575657593,-0.3542679376734505,-0.09274401826033214,0.31353793444029665,-0.5646610812369297,-0.11274009961371097,0.26845680175605363,-0.7220492691042114,-0.1314515845911079,0.05676430500606464,-0.5006098141912728,0.012485909472918442,0.09139331883423826,-0.6463953419903413,-0.05322853068802854,0.15726907797898484,-0.7135475369760013,-0.11598404422892633,0.2272384479808825,-0.7644056500146549,-0.15504688595594973,-0.09509416860403054,-0.5281279676881211,0.001268742368280279,-0.05983100769968376,-0.7475754227983018,-0.04483407284529085,0.010805829992708068,-0.8736835447346896,-0.0884650897557723,0.09486228125187783,-0.975386955191104,-0.11820337995376991,-0.23738073035536944,-0.5137310499492665,-0.030349457624202467,-0.2837686040546369,-0.7478033900781814,-0.09519145319056456,-0.25182363355742726,-0.8924865483224614,-0.14042554407946228,-0.181253587865688,-0.9999974704654131,-0.16810207415009265,-0.37439871497171195,-0.4489152180383519,-0.06952651386080676,-0.4907990794678807,-0.5808555028849941,-0.12343184231072199,-0.5134219673277366,-0.6773087303916934,-0.146109630028902,-0.4969965629595825,-0.7626443313879656,-0.16106840908814452
15,f,0.0,0.0,0.0,-0.24652925307672177,-0.09398822826719934,-0.10622993601490693,-0.41669473330553863,-0.2362776007862531,-0.18635541842727357,-0.43870358281445626,-0.3584076482978443,-0.28788809363147533,-0.33497378998146826,-0.4598207302462257,-0.3728109916508337,-0.33584492555528506,-0.48601276809067995,-0.010229254974388298,-0.4430200497799925,-0.6325431842490342,-0.20421788787530842,-0.4467247882081232,-0.5840434483033297,-0.3677204937608545,-0.4036835175727489,-0.5069450092027786,-0.45758638747714075,-0.1256217400304464,-0.5250213895064908,-0.050299162021247526,-0.21081938346907433,-0.7468757591695537,-0.16095346106827324,-0.23391045391590687,-0.8840159712115561,-0.2654543632289692,-0.2532328952270634,-0.9999987100984346,-0.34761464166205347,0.09584236581613059,-0.513095200982164,-0.12713350895904424,0.06941967559786674,-0.7269294416293044,-0.24139253460386526,0.059266665639263985,-0.8571247491379602,-0.321156815398846,0.03843568091926769,-0.9727868043411186,-0.37198075843130585,0.331066577211195,-0.45851008657411463,-0.21960622619361164,0.4264850039642634,-0.6241636988347162,-0.2885864321352464,0.46704691534943316,-0.7283086274984992,-0.3149597050824215,0.4818820916122474,-0.8276654435343676,-0.3352584402288209
15,f,0.0,0.0,0.0,0.1559170512227265,-0.22015134817197812,-0.02705821091304439,0.20925695283163198,-0.40266538597915724,-0.0446251193817692,0.24893150218909985,-0.560897179457504,-0.07138618685864771,0.2518574250027781,-0.7197118006701078,-0.0959936358614121,-0.10449911665722439,-0.5376751535336762,0.03624655089074876,-0.046786323592476746,-0.7103475274879791,-0.03997649117680239,0.07654154894062622,-0.76426445336252,-0.11057128451993077,0.1966940824131774,-0.7824581945878328,-0.1527829132180981,-0.20098475067999697,-0.5554296474965111,0.0022168628942956983,-0.2097929984066177,-0.7719467395739477,-0.05915637905494019,-0.09538554445929776,-0.9103584472729896,-0.12362974236284581,0.026000248246018095,-0.9942956530969312,-0.16677248443982767,-0.294039693022861,-0.5245418597413773,-0.04769422395564198,-0.40972182790646716,-0.7480429168402828,-0.11127751348965266,-0.3602642696003612,-0.8961089825499664,-0.17341791009992077,-0.2749131438944986,-0.9999985134954714,-0.21493222546241297,-0.3650173104015713,-0.4427837456316835,-0.10065562644212726,-0.5303260130019092,-0.5509843677374022,-0.15272950801639187,-0.549513875111741,-0.6543567697575513,-0.18551829723076682,-0.5204752230838721,-0.7448817541916315,-0.20865360338492217
15,f,0.0,0.0,0.0,-0.2598644422428256,-0.03462909082310566,-0.1393283084870951,-0.49855637727775926,-0.12830800150947766,-0.25025084057500924,-0.6068183513803361,-0.22752570237717154,-0.36687797828833923,-0.53892051942008,-0.3278652308655831,-0.465354460751336,-0.40049837364777574,-0.44433156401123525,-0.09593637959649291,-0.5478947490809386,-0.5827141879903749,-0.2855002365940214,-0.5802034889055767,-0.4888924945000948,-0.43503689756207536,-0.5532374955159689,-0.3825335664776207,-0.5138877444972784,-0.2278216593035426,-0.5116263951470695,-0.11231123894069957,-0.3540875275862359,-0.7212394208601414,-0.2363937998905521,-0.44410756370498233,-0.8465301573748534,-0.34247240144280766,-0.5136775283861587,-0.9609883138618857,-0.41762187375227905,-0.01473654188691,-0.5149549214369564,-0.16114103396159693,-0.06393634828325163,-0.7371260947542929,-0.2868136731723588,-0.09792152518252081,-0.8764256982479952,-0.37842038537344996,-0.12387121283481071,-0.9999985411096576,-0.43256745940325425,0.21740316679852456,-0.4686798581697543,-0.22230782411048647,0.31860547907522857,-0.6424234435378294,-0.2985039717640144,0.3792946055275787,-0.7520865499908151,-0.3356880008628368,0.4187944856187163,-0.8528779486622404,-0.3592929679181236
15,f,0.0,0.0,0.0,0.2071413336228895,-0.14917506729937943,-0.05617048926877007,0.33469579299440766,-0.3209574372402845,-0.06462696843700776,0.3798297848933469,-0.5026096216638128,-0.07513042541903624,0.3631187286759205,-0.6488863756470168,-0.08528483423065569,0.10333587213780128,-0.4817865455391334,0.01989643873844044,0.17097361452631737,-0.6139197468192119,-0.026807038504646382,0.253782074872021,-0.6648140729428176,-0.06975850392887015,0.33176749543170264,-0.6943764919166219,-0.09937398928433963,-0.027191861166216077,-0.5190904709611631,0.0054344243820977165,-0.0005597059352171136,-0.7361346345075266,-0.02847507094593018,0.06341438753308391,-0.851709691035062,-0.06785479100884562,0.13369819871574193,-0.9399878596093573,-0.09750899577556099,-0.14631034289325062,-0.4999243931160067,-0.026295498861625802,-0.20475496445032815,-0.7367723732154742,-0.07959635262408155,-0.191242924218166,-0.8848986063176029,-0.13263404546873853,-0.1530302549310315,-0.99999862554049,-0.17059528947554786,-0.25742942088223775,-0.42653409929905456,-0.0636347950444181,-0.37358011759621973,-0.5639496072669155,-0.11555227213771442,-0.403959648250038,-0.6713495736720251,-0.15194281473846524,-0.4010053397630895,-0.7705294326228292,-0.18019553247400363
15,f,0.0,0.0,0.0,-0.20095397416319655,-0.15863915558225283,-0.05521826883899974,-0.2899474771736919,-0.34099782811930146,-0.0853838467614655,-0.267525654168307,-0.4855960958861978,-0.13411643909073942,-0.19710150282490474,-0.5984640316191395,-0.17415208099975796,-0.08327980809836341,-0.5200748892179304,0.06587886636228406,-0.11532114764763676,-0.6693238835590589,-0.03554239347410528,-0.17476987748686898,-0.6516795185744684,-0.13361625558992435,-0.21797949926319715,-0.6015853569811614,-0.18727131407599504,0.08479560714170335,-0.5310804942092187,0.035340125480653205,0.10396196466439313,-0.7458572118945087,-0.01377085066907223,0.10786559113345012,-0.8866414628696884,-0.08155853076174654,0.10221790789963892,-0.9999986846886155,-0.13662577465177397,0.24472543999259544,-0.49650770087474655,-0.022892508722638705,0.3119024361120935,-0.6990379194541871,-0.08359028123797074,0.3431253327684579,-0.8264595094894887,-0.14293991516105403,0.3623036852873271,-0.9261510203180044,-0.18152669088940046,0.4011558699058102,-0.41925890629659485,-0.09109078958832978,0.539889446926316,-0.5644279555646956,-0.1227838920548942,0.6133261062807792,-0.6629947199050541,-0.13790390813355893,0.6644784146939139,-0.7569017418243791,-0.15135447357975207
15,f,0.0,0.0,0.0,0.23432570337275177,-0.18834605022471182,-0.04015743123865433,0.3579536337808362,-0.3712743373262712,-0.0452555321006542,0.4317395224547965,-0.5371153812306776,-0.05927364091975282,0.43201208754168857,-0.7140292753858407,-0.06790114097632317,0.08291984096510288,-0.5628777190984573,0.12070020492803424,0.1403486748601988,-0.7481772884066229,0.07277777538603547,0.25825865451898317,-0.772923082780441,-0.0035763085008028834,0.3779661421906834,-0.749327645865792,-0.05673878348357168,-0.01850710130126299,-0.5703963274260122,0.09760142041796746,-0.016113687013897298,-0.8190112682475901,0.05666291792555954,0.12853388916367328,-0.9235269126307203,-0.04053151660560723,0.2757383165326798,-0.9447112721550897,-0.11128407326628979,-0.11653596049886282,-0.5453344699142709,0.0537598645968007,-0.19551973858596855,-0.8076033723434893,0.017804727280416793,-0.10504196228826886,-0.9350475544616133,-0.07196755968190914,0.007533462358680059,-0.9999985718665406,-0.13861236225203916,-0.20186424002923162,-0.47604692665468057,0.0029582332327281755,-0.3334807024257666,-0.6182035371427685,-0.020815075317929796,-0.3633703754233382,-0.72729039256,-0.06362197764443646,-0.35753048542139193,-0.808150971095512,-0.1011310024987125
15,f,0.0,0.0,0.0,-0.19434707538961624,-0.13486971683386426,-0.10086991864927641,-0.3218135690250239,-0.3013207574161644,-0.1739854497511395,-0.3472297431925422,-0.43645139193989496,-0.2582387670167443,-0.2542456401378612,-0.5304512132020303,-0.32968130727576406,-0.08002309638352871,-0.519244892277555,-0.029355160829787317,-0.12098239931504765,-0.6740780361111709,-0.17513230011317402,-0.18755011651995918,-0.6394505370998586,-0.2930984354363292,-0.22702499611643462,-0.5691538270367416,-0.35568615810796983,0.09757281031546768,-0.530646677032881,-0.04743224964355457,0.09710896117866588,-0.749619134611298,-0.13224049647820726,0.09523328372875871,-0.8865486484785348,-0.2057265519191361,0.09770424851988736,-0.999998630756196,-0.26233852905388716,0.26130131313853994,-0.4906981955113839,-0.09498154013991322,0.340741568207655,-0.6958806186133116,-0.18480704562399453,0.3735341148010412,-0.8285038888183314,-0.2428605787129313,0.40016102213376664,-0.939213623252717,-0.2763586313964175,0.40803425627246104,-0.4056752649159575,-0.15502841664039768,0.5606066303447421,-0.548900101562528,-0.20719008225180055,0.6484438320379667,-0.6466879220919316,-0.22709048338793023,0.7210661944284004,-0.7428290312580467,-0.2405979114425913
15,f,0.0,0.0,0.0,-0.27501512754121166,-0.10116493628599821,-0.0892147533301073,-0.44358224747496483,-0.26143407767653953,-0.15193376105414447,-0.4919815179962893,-0.4153421155162996,-0.22958065755527596,-0.4673537037884209,-0.5518979946151328,-0.2954929219478815,-0.2591915638343506,-0.47996994326360515,-0.0017290580483948867,-0.30148972021197257,-0.6563680868181291,-0.17258660695626732,-0.37198207855588855,-0.6423661723374967,-0.31732385612291597,-0.406343844864272,-0.5876032733181663,-0.39482689075003646,-0.1154567788336582,-0.511778827613811,-0.03354635262707953,-0.14042922829842047,-0.746020265723147,-0.13348507384351316,-0.18021041307839247,-0.8869289534445494,-0.22526951056191255,-0.20900992104362448,-0.9999986551877785,-0.28928976787348337,0.03561065329990227,-0.4962996186141522,-0.09696070025689374,0.015397448803814709,-0.7245619416171138,-0.18669310635408362,0.0011351040523023988,-0.8584937592931521,-0.24657429382957374,-0.00734575281131957,-0.9714118840458507,-0.28181213666783783,0.1961511263207694,-0.4410463187338667,-0.17439505030772606,0.19766320900155696,-0.622076978953507,-0.22655278492991873,0.17678309780995666,-0.7378131452014932,-0.2411166003643425,0.158208383669996,-0.8402237221182929,-0.2489371835287322
15,f,0.0,0.0,0.0,0.20415236204212087,-0.1365190884601258,-0.09780152055946577,0.3313418513040193,-0.3333601025527618,-0.13047111226172362,0.39227219549370473,-0.5289571636524483,-0.15174948982325562,0.4228969266820113,-0.6971845569691631,-0.16959535660842545,0.039923595840862254,-0.4913224471084805,-0.07769337771149837,0.12761571999418123,-0.6750989150948049,-0.15016480313873015,0.2403319884316641,-0.7139344501202143,-0.20371540657125461,0.3474865103249191,-0.7113156931329623,-0.23904479094537012,-0.09260506781583894,-0.5148369317387619,-0.07878408015391439,-0.08791628851625605,-0.7594599838342597,-0.1327960576071105,0.007113816976203703,-0.9035493238107065,-0.19180308024759685,0.10742751413722788,-0.9989021661571666,-0.23853981801758292,-0.2068041212730769,-0.4717271236647365,-0.09584893002475939,-0.31060881893258346,-0.714514691323116,-0.1673965579971968,-0.3007987572448753,-0.8779967093872293,-0.24993060998048358,-0.2629637112917568,-0.999998381035757,-0.3104650237435092,-0.29494742083703396,-0.36895196091189186,-0.11872260299645199,-0.44004506620664885,-0.4758064711803637,-0.19338460662954537,-0.5009877138643819,-0.5745920293609869,-0.2519665203245414,-0.5302998338831441,-0.6625009357964143,-0.2956906333208472
15,f,0.0,0.0,0.0,-0.22730583883971106,-0.04346286903271876,-0.04759918908705053,-0.38841895269361637,-0.1898370952623148,-0.0776729845091841,-0.4711574824456343,-0.34446049118722233,-0.1188483521483761,-0.5053296839657612,-0.4938546885575966,-0.15116998208328639,-0.35038154522762116,-0.4326302203141091,0.017982098042066467,-0.43842099613598734,-0.6224461627613215,-0.0889578561457764,-0.4793912371339886,-0.6051903470566052,-0.1771681941816161,-0.4889722848401375,-0.5546218449280195,-0.22340352714965597,-0.25583302199263314,-0.4921944066693744,-0.011393001484864293,-0.3654374895714162,-0.7331989199000275,-0.085669326680665,-0.45343609071134566,-0.8768960732547163,-0.15469758867192523,-0.531021683373805,-0.9999985632172146,-0.20033081575016168,-0.1436646533816873,-0.507558886659365,-0.06069189313158388,-0.23481577331249542,-0.737801113046575,-0.12916327193921492,-0.3027457267629183,-0.8778032892336136,-0.17863997408545637,-0.3669652023998061,-0.9956066992767059,-0.2057560632195664,-0.011297530140569357,-0.4914111530380916,-0.11714172889548868,-0.08188104858028966,-0.6808575635129679,-0.15991828756290014,-0.14540800502962353,-0.800246449841076,-0.17577192640213446,-0.20503800490070354,-0.9005373200844182,-0.18315843377060148
15,f,0.0,0.0,0.0,0.2292826410463508,-0.1741842074481684,-0.040106390549982295,0.3529158099838116,-0.34572201098912786,-0.031821977216561485,0.3944086598344724,-0.5397447542234353,-0.02724690938217477,0.3685408823160971,-0.698625811100862,-0.01898553462925262,0.08737467885710748,-0.49078719697794276,0.11525435121079672,0.1341182447800478,-0.6727659257841376,0.08449132123870214,0.22978705567360547,-0.7088867026646691,0.030815778681100768,0.32412460084230665,-0.7126073610342762,-0.006184446996463543,-0.03273868252377557,-0.5151166242629254,0.10285688195820361,-0.009319775111868012,-0.7575525915882797,0.09051124817134495,0.10041614175618921,-0.875622673399712,0.02281431042765563,0.21712865050392868,-0.9444559684398502,-0.03207362692898523,-0.14624615674310162,-0.5007318857669096,0.0708738634450372,-0.2028334141498238,-0.7604494013283043,0.044922967603658964,-0.1472303371649186,-0.9039557631113277,-0.03243328327967253,-0.060685997987302114,-0.9999980810264955,-0.09269199432415097,-0.255688918352734,-0.4445497613782682,0.03382878035910845,-0.37861922382432633,-0.5832405647872865,0.012232283462976432,-0.400589225954885,-0.6851933410808574,-0.02506552343256632,-0.37799362386882307,-0.7730352611516463,-0.05945136348613664
15,f,0.0,0.0,0.0,0.22344335215560365,-0.1478975365270347,-0.07555295036803308,0.36754059603894385,-0.326855713554171,-0.10005022185303554,0.4404391514880992,-0.5109001204609827,-0.11445466981819126,0.4871516630463676,-0.6763429311510805,-0.12382313783768109,0.08648239137369591,-0.510286141912448,-0.05640086702478105,0.19765544623648776,-0.6835949439930046,-0.12148757853925053,0.3212121596752155,-0.7113771707339495,-0.17450891708130262,0.43530439350011,-0.700444917563791,-0.20725869020186943,-0.026068988560738304,-0.5489580876858606,-0.05867929268856464,0.0036715375439642394,-0.8156587155071954,-0.1035839052769607,0.13328377507331793,-0.917407519520528,-0.15659553243391675,0.2600189067035963,-0.9638930670757804,-0.19818716146984502,-0.12183408086225614,-0.5359566466954178,-0.07381925920393358,-0.18842842007426092,-0.7928170190523188,-0.12536582161821144,-0.12249393633979047,-0.921501631993419,-0.1940506877622622,-0.038906402239707455,-0.9999980661126953,-0.2454764197975855,-0.18951603757068422,-0.4749957753541085,-0.09450084967835345,-0.3191160566214601,-0.6147472752670545,-0.14090565153319307,-0.359747857885619,-0.7013901206235834,-0.18295570405312067,-0.37249680286356496,-0.7746529826910893,-0.21613725918729723
15,f,0.0,0.0,0.0,0.10182679507595903,-0.21091179710108668,-0.04643976253436562,0.11889457996064635,-0.3996140638925412,-0.07180285498386794,0.10707202546694015,-0.5738382911499638,-0.09652709224838021,0.059114030644409905,-0.7367095780604649,-0.11663719883214813,-0.24219560639303325,-0.4773064244122009,-0.013954246197371265,-0.19474297888184547,-0.6707806377682051,-0.09233011895447128,-0.07197101540651957,-0.7331074205192862,-0.15278266525000683,0.043975448773975925,-0.731459629509938,-0.18344483080980623,-0.353778926321619,-0.4923620715226199,-0.03322425662377492,-0.4091132917779409,-0.7176015561402148,-0.09909081563854097,-0.2914802428318324,-0.8818425771908358,-0.15252574835674318,-0.15800717896282496,-0.9727544868216969,-0.18143152660165027,-0.4368549690029294,-0.4520107983677028,-0.06713805651200193,-0.6283434138541264,-0.6600094989172669,-0.1399748017711677,-0.6125145128181575,-0.8562643858135436,-0.21368136595458595,-0.5435966708776736,-0.9999982409426261,-0.2601446609390282,-0.47725693616096565,-0.36670269925329824,-0.1026442450764113,-0.6907804966905877,-0.445355781904458,-0.1687456930770619,-0.7252918416557822,-0.5538562563858649,-0.21562119793381593,-0.7036831951762961,-0.6524418855498884,-0.24604818945225823
15,f,0.0,0.0,0.0,-0.18733792044319872,-0.09596373302824864,-0.11825527577457906,-0.3514594108648671,-0.2260493904004258,-0.2231959466847891,-0.4039620056792608,-0.32816536733240165,-0.33095677416797864,-0.30348852964767514,-0.39757509035990607,-0.42622089104829775,-0.13445370596580694,-0.5071189589009791,-0.099170809967134,-0.1820917645273888,-0.6328041292121357,-0.25743759484456014,-0.24775239676052116,-0.5550470133808552,-0.3907292275426655,-0.28227448840647124,-0.4515296150539938,-0.46749539794740635,0.04142455968691658,-0.5291159413594166,-0.11620703532010021,0.06822637569744652,-0.7459760114705221,-0.21106678580844715,0.07634526636466948,-0.8818523531908701,-0.29451629544161434,0.09049687612877952,-0.9999986644731923,-0.3631240917930565,0.1933198126408734,-0.47952460943930014,-0.15852107569368398,0.34102357778812775,-0.6704067210080021,-0.2562816510541324,0.43497381733371615,-0.7820340545969785,-0.3238645709441261,0.5181753418489954,-0.8827539435753331,-0.3713149441155465,0.3135108220174318,-0.3799406638466323,-0.21095621640671494,0.4815566505609838,-0.5067256375086401,-0.2749771736672912,0.5863657765206088,-0.5840874020557572,-0.2971271343458718,0.6834160190983487,-0.6623550157799887,-0.31631675651018387
15,f,0.0,0.0,0.0,0.15912895871067392,-0.11842957144495425,-0.13993196659569127,0.26791515356439566,-0.31202092040808477,-0.20289876293982073,0.3167830064046813,-0.5104070743416411,-0.23269347028700496,0.31648702755124336,-0.6813868584871101,-0.25855277027946955,-0.06933871814375983,-0.3930585404147709,-0.20967549188309584,-0.0875807590816908,-0.5759314420553955,-0.29986117960665243,0.0017783647458891414,-0.6670411949055584,-0.358893027579663,0.10137452766780904,-0.7006323687145879,-0.3872343469626045,-0.1805093328037001,-0.44412144954139715,-0.1546351128331898,-0.21162724069521108,-0.6899712287730976,-0.22532137404439082,-0.1039770302534991,-0.8593562743975451,-0.2785895190579329,0.00408849477786194,-0.9488525031835963,-0.31515982428166167,-0.22891741521414372,-0.4798883367564474,-0.10370857101281908,-0.3131386766142337,-0.7246312442502467,-0.16159989391462617,-0.24123535481639377,-0.8920036795696764,-0.2190330200446512,-0.14959219745300148,-0.9999977998665682,-0.2580441180961411,-0.23539708341406468,-0.4821090961244335,-0.06024739336158825,-0.35442451378361955,-0.6204285252033197,-0.10232188320113718,-0.35803671472201026,-0.7273939321126202,-0.1365146451765239,-0.3336392447135891,-0.801503063526877,-0.16143025029731176
15,f,0.0,0.0,0.0,0.24278232622903856,-0.13911216876108073,-0.10172074037509336,0.4049791395015868,-0.29786106688140535,-0.1287895378240465,0.45368878390803224,-0.5094100872107974,-0.14974400195422324,0.3871233285660776,-0.669273966242583,-0.16593616860853883,0.1752223320270762,-0.5150522867651854,0.014858202825214665,0.2275139894775573,-0.6994061316095106,-0.04792980467462968,0.2952885403064189,-0.7403039586899618,-0.10938661859635192,0.3588914164440384,-0.7361970569712325,-0.14563230223753013,0.01730957732115563,-0.5573938191304201,0.026515733739189747,0.05901346805954469,-0.7883198618010604,-0.005362093608902094,0.13566480722400684,-0.8969728016673398,-0.05533970124650407,0.22952361247090536,-0.9628150510854256,-0.09566758153035688,-0.1263695473480406,-0.5495848313929685,0.013781702972343799,-0.15228987016897705,-0.793163748309606,-0.03400309272560993,-0.10537916743502819,-0.9222501312483171,-0.09344710805597276,-0.023060531496059085,-0.9999979359731229,-0.13805015830766107,-0.268013828778181,-0.49541580345711916,-0.01005405793231822,-0.3672628156607731,-0.6401744161554022,-0.0535476182505841,-0.37973564195753456,-0.7435520187731499,-0.0921286043751098,-0.34258222169835933,-0.8262747937713874,-0.12385857226591537
15,f,0.0,0.0,0.0,0.19202196932787605,-0.17442708358186443,-0.08390735602566442,0.28917862208784956,-0.3486226666759913,-0.11842496278687133,0.3386611676845024,-0.5245342766034573,-0.15055171407810664,0.3467511431810313,-0.6861445313491517,-0.178176252370602,0.027348364339965296,-0.5190331460724463,-0.022030856013561872,0.09456827928221077,-0.6914570667781362,-0.10571353503834623,0.20741481866262623,-0.7250950777706854,-0.1789114550142707,0.31454428612021024,-0.7320947849823991,-0.22564845669000944,-0.08615571186366555,-0.5382567391195587,-0.030904774200439435,-0.07758029257452044,-0.758444915447338,-0.10042216940956412,0.03131159611150125,-0.8703074598829302,-0.17032435461599382,0.14364459102909852,-0.9474033930866711,-0.22010340707461393,-0.188388920431213,-0.5085880892393614,-0.059267889220850675,-0.2815419349190414,-0.7428173595081159,-0.13705271318351886,-0.24550607865055174,-0.8911112912899228,-0.20893159901586994,-0.17980044093125255,-0.9999984179496183,-0.25721781515720543,-0.2708126652672026,-0.42769955568264306,-0.09542474692808114,-0.4124780921468595,-0.5457770631104166,-0.16175972060924584,-0.44982963499586154,-0.6549533532102942,-0.20791120521635556,-0.44922829951305004,-0.7538869490215615,-0.24184465043622927
15,f,0.0,0.0,0.0,0.18462109160165144,-0.19920829032200674,-0.06832159771445746,0.273445672167299,-0.39415991026396363,-0.08686449298341947,0.31735661918107805,-0.5738057622769642,-0.10443854302649404,0.31442956486894,-0.7241472405487402,-0.1167699857298067,0.004716270684533252,-0.5094539356128629,0.01339532760149729,0.07724253313825916,-0.6556266774545255,-0.034808516836851155,0.18015793040920203,-0.7116046344727018,-0.07577034318523566,0.27010914332369584,-0.7446532580423278,-0.10216555092879752,-0.10905896940357032,-0.5239904525575981,0.004297625099744594,-0.09234587335075159,-0.7556329408048786,-0.030298908042441095,-0.022605868242631125,-0.8888611508435921,-0.06971569404563437,0.04519402994086842,-0.999998564896039,-0.09937019438676746,-0.20771324827364943,-0.4909312649385391,-0.024321888093018135,-0.3055889096541398,-0.7205797567782609,-0.08321125650397976,-0.30406015911594375,-0.8730571190446162,-0.14596696543003404,-0.2824143362887918,-0.9977227179388297,-0.18980425279144045,-0.2890411174517611,-0.4164639118632815,-0.05926974170367951,-0.4347960019535016,-0.5223566602971044,-0.11844779842705737,-0.48176175556952594,-0.6208465334747925,-0.16555494778164692,-0.49551366730434604,-0.7181718805878542,-0.201803687095011
15,f,0.0,0.0,0.0,-0.2684075216223217,-0.08663073443497961,-0.08593743865160457,-0.4626879477959722,-0.21783301548047987,-0.1596351574429641,-0.5402864899438762,-0.3369829187134009,-0.25428204352988604,-0.4629001501739735,-0.42864823301654315,-0.33331002768078294,-0.37484089068501286,-0.4901450282553937,0.005463877752996106,-0.47962028749666086,-0.6396683173385125,-0.1623407377624805,-0.4977943391726368,-0.577176123005619,-0.3085723123410236,-0.47255737566085815,-0.4897972396834976,-0.3904672904025006,-0.1894133423249973,-0.5353156482203639,-0.03250059975665993,-0.28681366328153507,-0.7543373556465979,-0.12555204041030454,-0.3360341006291632,-0.885751370407271,-0.21732467850112996,-0.37768278056931126,-0.9999986325465214,-0.29196098630108325,0.01589427191262474,-0.529562587859756,-0.10327379627526426,-0.018330666567210645,-0.7486041013846473,-0.19257249574362711,-0.03186075865409878,-0.8812312600647255,-0.25317245371889296,-0.0361315403719829,-0.9987041043081479,-0.2960465035652716,0.23454210866173486,-0.4766437079908349,-0.1882459635258187,0.30955799259933053,-0.6470123046114334,-0.2337579126663122,0.3498599800906496,-0.7563203699564047,-0.24730905382718493,0.38217024752703266,-0.8622974651907682,-0.2623128867426637
15,f,0.0,0.0,0.0,-0.23897895744859535,-0.0682806587990699,-0.05092923315846827,-0.3993240002864061,-0.2141127357523617,-0.08544324535733089,-0.44780787732080785,-0.34607007464520373,-0.13235411845224265,-0.45130204194866624,-0.4619406423563243,-0.1745725419295519,-0.30576662047470027,-0.44124352244111864,-0.0032082531325920084,-0.3561484596573201,-0.5963848239197654,-0.1141868491062733,-0.3844364685778189,-0.613132526359349,-0.20710482713038195,-0.39013433629008976,-0.5963011152160328,-0.2608619441648028,-0.1775486106278683,-0.48357513641928007,-0.04351530129035257,-0.2317284361993822,-0.7172155610789448,-0.13136866284173887,-0.2847400149348999,-0.8731870895645638,-0.20991558165091248,-0.3279074296946967,-0.9999986298546306,-0.2594982885474833,-0.03690279828974163,-0.4842547694265614,-0.10214754687570475,-0.08023785504133088,-0.7119370535556178,-0.18581886752630933,-0.11068307809053499,-0.859468213027113,-0.24753935688087664,-0.13802425990478903,-0.9802886601407603,-0.27965511982198704,0.11572434289742947,-0.4454799178532448,-0.16745675085983436,0.09542600308010347,-0.6289248062379875,-0.22286936063624663,0.06593808093348918,-0.7475758912525098,-0.24258949789510684,0.03372999341718872,-0.8486705252488488,-0.2502784077507952
15,f,0.0,0.0,0.0,-0.2574395321324482,-0.12734171025356253,-0.06515527460174599,-0.4022644784066394,-0.29169660741143266,-0.12172455018178262,-0.4398834323989736,-0.42761696562998225,-0.20297671324302863,-0.390285556146885,-0.5486982763333937,-0.26750689987751874,-0.15320589539045865,-0.4974259687756806,0.04268433596300845,-0.17277719831532443,-0.6719783484022696,-0.12109143584089131,-0.2922808345782839,-0.6479879444297185,-0.2644383250106186,-0.3509737793654272,-0.5843787910022755,-0.34318967826628294,-0.02953964056368393,-0.5238712326417517,-0.01254076550524386,0.003332736467053701,-0.751411587986121,-0.10378951335461224,-0.01313942870810347,-0.8890028067212232,-0.1886035385150219,0.0019268438578643196,-0.9999987116580742,-0.25116817854557866,0.09587668486410816,-0.5037497978263337,-0.10179344226345186,0.12801155956697519,-0.7334270208589219,-0.18492837105509471,0.12050215175330742,-0.8623022122387246,-0.23303766981341095,0.12931094283331196,-0.965910346563839,-0.26376866767511303,0.22053677092029783,-0.4435302447220238,-0.20570216599658975,0.2567506386106524,-0.6233848621644859,-0.25377671675372304,0.258868078134674,-0.7372433880695125,-0.25857562689279184,0.26926206918908846,-0.8347445515878208,-0.26180379299385453
15,f,0.0,0.0,0.0,0.19558641569716592,-0.1558311152401042,-0.04982679629536864,0.28840916482365236,-0.3246624208989925,-0.07284309905649472,0.3433085773238743,-0.4853796137748006,-0.10027002613934669,0.36619121459709564,-0.6484671011759117,-0.12509648090832676,0.026271982459394164,-0.48713648302463697,0.0049314488722104624,0.11255703176190063,-0.6395751002526502,-0.07462660251982645,0.22098581059061745,-0.6510153870553239,-0.1394347736398757,0.313265471121667,-0.6226256800887284,-0.1761006056486661,-0.08188886349038325,-0.5318567964135729,-0.016285201597489533,-0.027727670847881015,-0.7349273329512549,-0.07676833149708677,0.09705292432298954,-0.8197957315825526,-0.11827484761387244,0.22068348324711584,-0.867103483216394,-0.14345233372127686,-0.19374264310020242,-0.5271302517693298,-0.05642050893799086,-0.2499987452550797,-0.760095826339279,-0.12408425181626166,-0.19752477307167543,-0.901023189519405,-0.1689463277233013,-0.10916906235431025,-0.9999980765221294,-0.19819687081378062,-0.2958975276481312,-0.46877706178598855,-0.10203266362751069,-0.4290654996230284,-0.5914920973875771,-0.1591214199418712,-0.4374361951117425,-0.6922682224994231,-0.1858648501932246,-0.3951433283833904,-0.7756205704569273,-0.20452248577065407
15,f,0.0,0.0,0.0,0.1976492092321595,-0.15529650367615627,-0.12164784912784221,0.2772854783715481,-0.3205311134079019,-0.18389135357807862,0.3152584420132387,-0.5113492902414744,-0.23017401016621725,0.33025543232107335,-0.6923499654050258,-0.2685791945353876,-0.04539437355043206,-0.5058695347691912,-0.09837124714635999,0.008661578457940793,-0.7109021190954435,-0.18675514914659197,0.149090785973943,-0.7420253630063832,-0.2491415253605321,0.2808154544803452,-0.7164224992028654,-0.28212862753163936,-0.13300322733580763,-0.5195504900217048,-0.07730522199075639,-0.1354587326259777,-0.7749372080408958,-0.1536732900140235,0.015865849691865445,-0.8882603386916573,-0.21770638581331436,0.1572420174529528,-0.9306332042228482,-0.25659030611719835,-0.20590885770619594,-0.49620574656237654,-0.07214512526862234,-0.3159873495292164,-0.7532907774535446,-0.14006455774566753,-0.23766284985845923,-0.9006260713815527,-0.211285027469705,-0.1350658416233917,-0.9999982960793034,-0.2605067240677531,-0.2665989141943206,-0.4369964580250607,-0.07606944598023145,-0.4432162927879847,-0.5519625504824226,-0.13282328000817115,-0.4565366028420537,-0.6654916988141316,-0.18267599144671093,-0.42633157724683846,-0.7600435566486955,-0.21986941912088212
15,f,0.0,0.0,0.0,0.28408208869664353,-0.18210807297086762,-0.03543866479855671,0.4312176997887798,-0.34457346520177967,-0.037915089166354235,0.5127214575528346,-0.4963822098648342,-0.04825368131507939,0.4981233336007286,-0.6630355835746398,-0.058879264842185426,0.159189590640536,-0.5372194174334695,0.11782374511364807,0.22672054108377243,-0.7247406517437947,0.0739272340080266,0.3409828272361918,-0.7550313105203859,-0.003929347995098939,0.4529998329232843,-0.7351252767544205,-0.05843300285788949,0.04511419054046709,-0.5535808300806037,0.09871117631297781,0.09629244057484158,-0.8183735107578224,0.056658462030683705,0.2316451764742272,-0.9065188127506754,-0.05231945656938405,0.3573785763518108,-0.8976186634568398,-0.13194398667346124,-0.05965158506696924,-0.5411233543204566,0.06274642145764564,-0.0867851678531693,-0.8238138337813052,0.034976356815680947,-0.003421219096832416,-0.947807134892203,-0.05769170989298348,0.09270342547716713,-0.9999985669891829,-0.12857331137072311,-0.1593121171680025,-0.49615646039666145,0.02079995697825173,-0.26444090270345033,-0.6659498272767164,0.007455790765672036,-0.2979254082407876,-0.7859558273383355,-0.03692602857962712,-0.29606321001713887,-0.8736897323151255,-0.07720293299356723
15,f,0.0,0.0,0.0,0.1478618875803816,-0.050615701113864764,-0.06589290049536944,0.25930863648111135,-0.1879108776210134,-0.08997801682600555,0.3268022198490409,-0.33418685413670457,-0.10707893785216782,0.3887607101135071,-0.4591640521748921,-0.11911955101542236,0.17270578615767956,-0.4379014498456086,-0.0468727119638926,0.27608739039202174,-0.545723605061084,-0.08953449404424645,0.3464227953561586,-0.5532070828403413,-0.11634295152502437,0.3990464151220221,-0.5192694406106482,-0.13212923809009094,0.1012071898450625,-0.5196136837218611,-0.0453251935486297,0.15628209971729215,-0.7394971550804676,-0.08059951953054582,0.2372060068990623,-0.8267443396344032,-0.10405112598998811,0.31387252265328625,-0.8672664681175049,-0.11847245728542345,0.01930495997776395,-0.5362971547856877,-0.05561540277244966,0.011900813358186272,-0.7791902230958941,-0.10122979590293503,0.0495542017725861,-0.9139080626810276,-0.1418627138399609,0.09476541422360905,-0.9999976104919184,-0.16815959572078507,-0.059889898230019493,-0.48492175455919984,-0.07074721617177065,-0.11963423731247602,-0.6429042756686194,-0.11832485076726731,-0.13811590506667076,-0.751734662983506,-0.15067626147426413,-0.14351227546003012,-0.8379260452273787,-0.17130389406810476
15,f,0.0,0.0,0.0,-0.24569970475829717,-0.0760740344416113,-0.1285969397232948,-0.437536081095942,-0.193994444521888,-0.23319707106736992,-0.49517447905935436,-0.2954467408983326,-0.34118970884377026,-0.4199748303050321,-0.39712584752882674,-0.4355343282292022,-0.3020887865888384,-0.4834725189943853,-0.08866492941646881,-0.37071764077277736,-0.6171056801695174,-0.27308624933868997,-0.4037109775611161,-0.5450196162522175,-0.42602038584051255,-0.40194883933692294,-0.4511603878580279,-0.5088347607479156,-0.09232963460880833,-0.5199227555601519,-0.11266949571414973,-0.11993097798485354,-0.7417866165957292,-0.22566690476728937,-0.1261211854138756,-0.8755315168847456,-0.3326303919845522,-0.11946844624367768,-0.9999986999505899,-0.41273486091331035,0.10663836281568156,-0.4894802398677918,-0.16658982696812463,0.21677484954789386,-0.6931380255381261,-0.2834967973806231,0.2932257904041608,-0.8097449586073789,-0.37118069623057964,0.3537860654599701,-0.9193685457592858,-0.42747373046634995,0.29446685396031297,-0.41010687949624497,-0.23051382129897208,0.4411826351599384,-0.560021870859413,-0.30820049834379093,0.5272931976934543,-0.6528484035734802,-0.3342572344439451,0.6015116809415328,-0.7463858977091069,-0.3507931510081439
15,f,0.0,0.0,0.0,0.21108336192355845,-0.14861006066880258,-0.062065616622457284,0.3395811441390527,-0.3109485258645197,-0.07620761953101535,0.3821657351296608,-0.48128744348764835,-0.09028897583105391,0.3653911448178468,-0.6208826899673726,-0.10238043406408609,0.12198484998079603,-0.49701888168158864,-2.1280071856888884e-06,0.1982161766097178,-0.644024655116831,-0.05897671591483933,0.2871066228628157,-0.6759957366578333,-0.11100437072234469,0.3644375196345627,-0.683524691636287,-0.14283635193416352,0.009074941740694993,-0.5316770446798788,-0.011058873209636772,0.06355338254107185,-0.7600914812810889,-0.0531148886589742,0.12750318614068493,-0.8821899701197977,-0.10151206570727142,0.19236342938927176,-0.9810619498207253,-0.1387067352157356,-0.10254227950571601,-0.5215155438227213,-0.03830009457418537,-0.13397093966256615,-0.7517046013707042,-0.09438479156397356,-0.12389099302597166,-0.8919896260288972,-0.14744723821283864,-0.09469934354639804,-0.9999981422229814,-0.18415758610646737,-0.2153547434632706,-0.4697593419338465,-0.07208499969963672,-0.31630934555631507,-0.619351984240349,-0.1201998651588974,-0.36479164101590766,-0.7175443731196194,-0.1505216330102139,-0.38820478917440726,-0.8074886571420293,-0.17325120399004323
15,f,0.0,0.0,0.0,0.20032506572514164,-0.13642785243452293,-0.06312008705029626,0.30234383002632104,-0.30365328132470965,-0.08985555072855494,0.35033656651682893,-0.4738608506150901,-0.11696857597309764,0.3706732206352013,-0.639121869414046,-0.14158236688388304,0.05190022402918719,-0.47520364145512733,-0.011401434565513888,0.13805158137027068,-0.626733431967803,-0.08395958830273893,0.23872976969606788,-0.6449827510065932,-0.1411365379432005,0.3275831453444022,-0.6227753522575309,-0.173625178134419,-0.07159713197774241,-0.5202603999877241,-0.02429831641481146,-0.009657625898477545,-0.7277602866190235,-0.07751232857852498,0.10692958552856441,-0.8100701360737812,-0.11303585792027293,0.22666505220492358,-0.8568421907098356,-0.13419994613075503,-0.19359817205249755,-0.5128268479183177,-0.05590762801648192,-0.23509051392428892,-0.7532552439470188,-0.1218111006831281,-0.1879108076198944,-0.8951846453267744,-0.1682573516427306,-0.10406203523130984,-0.99999804424933,-0.19879325349659097,-0.30076579724556024,-0.45041161222552806,-0.09297095458073629,-0.4183970259278651,-0.57492372595991,-0.15128290578505083,-0.4326877989690876,-0.6718793679457187,-0.18099272140851586,-0.39900506987075335,-0.7568599361729976,-0.2017519921031275
15,f,0.0,0.0,0.0,0.1924778090648215,-0.16788786612830003,-0.07969504527788575,0.2960568950965672,-0.38088610532932055,-0.10261077049368247,0.3326586635197844,-0.5719964995351183,-0.12108415254984421,0.3285874013418017,-0.7351130762038037,-0.13740789473344486,0.0009237634771292328,-0.5095257629244536,-0.039968238091341465,0.060156724292419854,-0.6687008996520498,-0.10958941777958349,0.1593996555394151,-0.7150789270209046,-0.16447242444292196,0.2489858379567215,-0.7259673297959296,-0.19899491940814956,-0.13264623883594015,-0.5285750124846227,-0.04861980832831735,-0.1340163698339627,-0.7543446293306741,-0.09875915879363523,-0.05385426901752968,-0.887432217735798,-0.1488461545288442,0.03388655014946647,-0.9873722299441552,-0.186539891393038,-0.24675022537940913,-0.48792767011327615,-0.07511562341678625,-0.3521056432982658,-0.7187706663191179,-0.1430825996458246,-0.3486533155401109,-0.8773615109081849,-0.215596260204682,-0.31224637254474236,-0.9999984552796383,-0.2667131444920552,-0.33591849068092866,-0.3896949584288307,-0.10717975363413815,-0.48765449098074926,-0.4956833978613057,-0.17396718320308283,-0.5504504737274609,-0.5994977291521031,-0.22553067670168397,-0.5794616464465268,-0.6961815970996534,-0.2639841153420392
15,f,0.0,0.0,0.0,0.203640506603142,-0.18996137968509694,-0.09615064703990944,0.30493431470852217,-0.3535978417053503,-0.13793171113201483,0.360688145334899,-0.5158026214912819,-0.17835077270073035,0.3647520060884734,-0.6857082047768129,-0.2151236958187001,0.027588443089743783,-0.5194603524626884,-0.0031397828249798633,0.09341402652835223,-0.6916164272617231,-0.08959981091097864,0.20824951246341028,-0.7262882920342569,-0.1765234378549096,0.31922930466891963,-0.7328479738378578,-0.23274582226672602,-0.08589656758274529,-0.5234286728105711,-0.006181933299477501,-0.07329558068243117,-0.7561851773753829,-0.0772740603520241,0.035094321380115374,-0.874899826851522,-0.16328501656878214,0.14999274153173933,-0.9485003015062152,-0.2269567998458469,-0.18802949857567092,-0.4934213440893932,-0.031065750919345957,-0.28037568427557935,-0.7432085311054465,-0.10381597885013795,-0.24851564056355155,-0.8939615616380677,-0.18048767649643888,-0.18227035329606497,-0.9999984074495548,-0.2357859341128142,-0.2751267522901541,-0.42830075676908796,-0.06631785872704306,-0.41545956619604374,-0.5441253445693297,-0.12219236666291912,-0.45312934936177957,-0.6514325028290723,-0.16525190068327403,-0.4468781686197763,-0.7466841040654052,-0.20117847486960164
15,f,0.0,0.0,0.0,-0.3036143878897941,-0.12355965075438238,-0.0722542734575472,-0.45876618110740863,-0.3150641876855185,-0.10349644701695049,-0.4901462237075143,-0.49238528961071737,-0.15869974157681713,-0.4203268802123595,-0.6350910826824909,-0.19812214144317108,-0.25555898467222976,-0.5027362254543525,0.10480734063861065,-0.3151039564098547,-0.6747764702734078,-0.05832996493450571,-0.3929799148577345,-0.6532709647589492,-0.20629232232728187,-0.4179071825331994,-0.5907233510921851,-0.28499037422828816,-0.10120615875444133,-0.5291478617980837,0.07051759433794177,-0.12658826830928213,-0.7526423110292186,-0.013898866135530421,-0.17741542359330262,-0.8898482505824344,-0.09734152455780803,-0.21527128467794482,-0.9999986143126101,-0.1559848757178097,0.06049867778105202,-0.5137206527116088,-0.005183151296917576,0.026264950457083103,-0.7342288548044266,-0.08558802365111898,-0.015632701477229744,-0.8620994270175129,-0.13400708046724413,-0.04676446830297484,-0.9691910266000936,-0.15908972698519608,0.22578013911125966,-0.4592794578205702,-0.09737350885375652,0.18252539494523726,-0.6414610577189759,-0.14034635140555254,0.12729898455624583,-0.7540492896773333,-0.14846097790086452,0.08367554343189154,-0.8501061626192293,-0.1515151684386772
15,f,0.0,0.0,0.0,-0.323004559141197,-0.1258593389226984,-0.11301164017823881,-0.4974940545179043,-0.3123738983814373,-0.17658802726135564,-0.4989443337514802,-0.49962428526005354,-0.2570759343237075,-0.35743651605341664,-0.6378792883166119,-0.31706189115426403,-0.2721503418604661,-0.5047079954045799,0.07899288586840017,-0.2854044457333077,-0.6672029358678588,-0.06705806843633529,-0.31855294524329636,-0.6771666930653661,-0.20114808068053627,-0.309783842660412,-0.6650028986128924,-0.2824231818573261,-0.07701128176512932,-0.5274479562527669,0.05530733267506984,-0.08062878650630563,-0.7471874224600975,-0.02280185941886326,-0.09638548648350939,-0.8802294255746138,-0.09950996111803494,-0.09457857617593125,-0.9999987123046248,-0.16158432810396636,0.11260546530773301,-0.5090830485586266,-0.012526347448027442,0.10120232774945911,-0.7202630619794007,-0.09369165159563801,0.08292837191643852,-0.8385351736217057,-0.13791599628096407,0.06954893100629014,-0.9463494714166911,-0.1679747516962251,0.3151738341566667,-0.4519944457731106,-0.10110632938001476,0.30040977588398715,-0.6265557432308959,-0.16152104556430966,0.26583824432244585,-0.7337685307004845,-0.18110666538940212,0.23187812417498016,-0.8325658149324872,-0.19523239126464095
15,f,0.0,0.0,0.0,-0.2373456015509204,-0.0341388217624658,-0.06977067700303498,-0.4418143528816397,-0.12653531752309558,-0.12345444149910158,-0.5442557996414187,-0.23513257324952958,-0.18780172906463632,-0.5319594567229393,-0.35947057768822144,-0.2423295922008526,-0.4580458389579679,-0.41223620154141444,-0.014192574059305314,-0.592647860998993,-0.5471652057442905,-0.14056760847469094,-0.6093581989811659,-0.5034148340158612,-0.24398125270216217,-0.5881401689062877,-0.4425169155234196,-0.3002021113221837,-0.33717948882654214,-0.4979103261498612,-0.041377651664866254,-0.47911631326998605,-0.6981536650207332,-0.12383986049722837,-0.5750505156714654,-0.8249611155169793,-0.20077626943553306,-0.6620477118814995,-0.9350719183181199,-0.2580373477614806,-0.18733819636994806,-0.5308157454900194,-0.09200013756280379,-0.2844055891728069,-0.7472887215881622,-0.17636619045814597,-0.35668678327070796,-0.8835069238366827,-0.24378300766098074,-0.4238594313423841,-0.9999985229266672,-0.28718865708065205,-0.014022639695424112,-0.5224994023291366,-0.15026925681703684,-0.019945735792043468,-0.7112096207804752,-0.2071138818928241,-0.034730189339512815,-0.837877615233541,-0.23956375803132446,-0.059324812065960145,-0.953365707477452,-0.2625585100401749
15,f,0.0,0.0,0.0,0.15213753727376453,-0.13168625757803262,-0.19723862359959296,0.23008490538966306,-0.2881626224112336,-0.39205475821873137,0.2500548645789138,-0.4233349364830631,-0.5474344942983325,0.2613625163359465,-0.5274294640527145,-0.7144858415613525,0.047409125883860516,-0.19393769272046305,-0.6061009656329681,-0.03475903877267645,-0.32270941242203643,-0.7965008338689334,-0.09909946459868332,-0.4274744268265419,-0.9078742454487201,-0.13942456727975852,-0.525328718990073,-0.9800276182383398,-0.06254322389942794,-0.1713124619328868,-0.5801553968253562,-0.16506284738492186,-0.31361225386793107,-0.815064591720193,-0.22218715027657845,-0.44680173208888013,-0.9223242751448143,-0.2655828561001964,-0.538894368694441,-0.9999989782085155,-0.13630977863456464,-0.13895490979706465,-0.5342993106625219,-0.23517120183130164,-0.295768375605006,-0.7210610463190668,-0.27494208249428514,-0.4044941894297946,-0.782410561256451,-0.3096905240547475,-0.48072033275840753,-0.8203863411642428,-0.1701577921261834,-0.10717058157709737,-0.49391266497603115,-0.2547472675148372,-0.2103799983128008,-0.6364743420405035,-0.31660456553747857,-0.30425515909698886,-0.6810544385878389,-0.3656555893758154,-0.3649852243479983,-0.7134268511821681
15,f,0.0,0.0,0.0,0.19138985610043147,-0.1282881448574188,-0.1154187636185574,0.31081449108070375,-0.3392656453052617,-0.1517594538200934,0.3707352399390835,-0.5411406890655664,-0.17199398467214852,0.39442039977279,-0.7090021856622577,-0.18951405455566825,0.038396463771784524,-0.48867415432977096,-0.1186679174585932,0.11412748117453073,-0.6743681124317491,-0.21105521509046032,0.22884224838075962,-0.7387044730148872,-0.2779871592416674,0.3465933020807229,-0.7608022849382834,-0.31855136032930514,-0.12123519517611657,-0.5213846648677307,-0.11056345366182048,-0.12025665758259117,-0.7573769265571609,-0.19134206917573227,-0.007678720589816629,-0.8992943032232729,-0.25973446331599526,0.11645837052789557,-0.9870372340008636,-0.3036173209094766,-0.2572891794860917,-0.48397763706166735,-0.11718693084943087,-0.3674639572948784,-0.7120290723099733,-0.21004483381567549,-0.3249214802805278,-0.8755147362404208,-0.29236403641169506,-0.2459620925740972,-0.9999977144456954,-0.3449037264708545,-0.35459080005726507,-0.3892510293810435,-0.12968913474343152,-0.492439950612358,-0.5001705746997569,-0.21631221520614322,-0.5308992162539206,-0.5982292234495771,-0.2710088293524929,-0.525450234500527,-0.685851727214405,-0.30626552318080313
15,f,0.0,0.0,0.0,0.1948133878093506,-0.1467576430340717,-0.07642965788297332,0.2928780914399591,-0.33384923371073294,-0.10697305404398616,0.31571241843372655,-0.5154707924465302,-0.1314022280605529,0.279406494271597,-0.6601688941466153,-0.15386232266365948,0.06573287042653943,-0.5013899005699215,-0.07212704948672852,0.09648462351917393,-0.6731529017692938,-0.14422820021153687,0.17260395311686574,-0.7135352898240587,-0.19683829112031373,0.24695141811410218,-0.7272217383443823,-0.23109287092296601,-0.06621540723081694,-0.5174247754220122,-0.07896497386052419,-0.06552417023802878,-0.7559232866904109,-0.1387468270630604,-0.010361854517349015,-0.8884771244210615,-0.18715693652026502,0.050745011467545266,-0.9956265472575384,-0.22527557285264074,-0.18465605947674202,-0.4839766158938202,-0.09804546411162543,-0.2703031018909671,-0.7243121281899304,-0.1688160893484384,-0.28176716800916357,-0.8759533556351512,-0.22579213327975572,-0.264123269624758,-0.9999981571536095,-0.2665871984967493,-0.28722632557178407,-0.40545031406937376,-0.12258851703368608,-0.4155313569909715,-0.5336584646642104,-0.18741650737972515,-0.4671972855008711,-0.634922761869096,-0.22787413734455836,-0.4886769835078978,-0.7351047838332472,-0.258294304282421
15,f,0.0,0.0,0.0,0.12355946307889291,-0.09827950115254859,-0.0250410779135891,0.2506608414065968,-0.2288310332605492,-0.033429756735470405,0.35869261204832886,-0.33889794679539087,-0.043858275014723135,0.4094836818786673,-0.4622474942223311,-0.05260858525164764,0.12282459697239498,-0.4494119232373118,-0.003753524308789425,0.2426433928172281,-0.5269138402280554,-0.0343835646088356,0.34366463888836507,-0.5259458277180822,-0.06544064339212247,0.43023067888430083,-0.5187502960235557,-0.08996955431511813,0.07692256785971639,-0.49688448021264814,-0.022007355519917723,0.08077396834270052,-0.7337516757235147,-0.0430414600123593,0.12777184362859198,-0.8676482101962397,-0.07606075487468782,0.1606181903855747,-0.9750051597711732,-0.10675122336050881,0.028589956839121432,-0.4950056931832586,-0.04766393188941401,-0.03019971885990627,-0.7445058036370427,-0.07232340286245989,-0.02658643358002868,-0.887947563526006,-0.102142056735064,-0.025327972146157684,-0.9999978347370215,-0.12914247359995168,-0.008566726803147285,-0.4478314577753915,-0.07768723819682902,-0.09024553291765271,-0.6228716213555171,-0.1068792586795776,-0.12018261522562303,-0.7397368852637142,-0.1266517337250716,-0.13800821616756012,-0.8476874773348478,-0.14310883368026575
15,f,0.0,0.0,0.0,0.2342206308146699,-0.13857995529848224,-0.09589642381212074,0.38116577804850704,-0.3037316747165039,-0.11671562056812448,0.4209137648811742,-0.515506029637606,-0.13010286886942227,0.3600375363509462,-0.67066327012876,-0.13929478898521963,0.14076665129674454,-0.5076849527756855,0.006343132199832598,0.19069741657182776,-0.6805513351762739,-0.054864484090774726,0.2586825915455445,-0.7256416108166605,-0.11529604069369602,0.33022791930876005,-0.7390868328377147,-0.1539506327176077,-0.01282215471455082,-0.5527565045663324,0.01512318710858841,0.02678802458403247,-0.7791660445722765,-0.02392143245740544,0.10486878727321094,-0.8879692119784494,-0.07687299247662739,0.1988244411384942,-0.9556311508928271,-0.11918605310437913,-0.1558595720948887,-0.5454085793873332,0.0018620190676742951,-0.18680010966135024,-0.7917191999789008,-0.05630512829616031,-0.14302387379569287,-0.9206107488809264,-0.11895978318187941,-0.06071077211136192,-0.9999979057728572,-0.1641004883908982,-0.29312673587529103,-0.48790969646031235,-0.020696471685464866,-0.39736708833840656,-0.6322671452472962,-0.07422871679714407,-0.4123967225244307,-0.7321650624787901,-0.11628477698401088,-0.3753083961344496,-0.8125624022705916,-0.14947477445338284
15,f,0.0,0.0,0.0,0.17160361375666688,-0.17073414804253928,-0.07772355221948411,0.2710850785156203,-0.34086913888030995,-0.10044963617903316,0.2614730998578495,-0.533194379040231,-0.12108126904217442,0.2253969904478213,-0.6793337156267146,-0.13961315660082518,0.010737485710230952,-0.48333637435361704,-0.004737538611851385,0.05115260650599388,-0.6385761187479697,-0.06467510869332993,0.12598922874278068,-0.703321628498207,-0.11677543042853497,0.19846441025046885,-0.7462381106644812,-0.1497896801784976,-0.12286465430962655,-0.5007336859293458,-0.008097801272204339,-0.1073925151256428,-0.7330894730507677,-0.057256103785252345,-0.05708160773186841,-0.8792624942361099,-0.10516945467394391,-0.005725422130778573,-0.9999978532429595,-0.13832168972037043,-0.23728237563140603,-0.46984890742260993,-0.030137834437639316,-0.3313238896368022,-0.7017528794687435,-0.10036951929599296,-0.3508798305866785,-0.8556236792063494,-0.1598900535305452,-0.3435335170749269,-0.9813806345661176,-0.1974332983629388,-0.3363466375999381,-0.38822527036964943,-0.058434129062001246,-0.45729686787984863,-0.5121859377145019,-0.12278138160935188,-0.5103227603394597,-0.614445214274485,-0.16255534341658429,-0.5362805664661389,-0.7169717283832474,-0.19001475329921885
15,f,0.0,0.0,0.0,0.18337943235001872,-0.12175974041244461,-0.09093105050057193,0.291249995840485,-0.273702380434733,-0.13016619207449903,0.34795685602042375,-0.43897432552073384,-0.16273514816389587,0.3716764517394372,-0.5900452473122042,-0.19254126990577894,0.05577257245222013,-0.4627145691737245,-0.05762989442666449,0.1278605166382333,-0.6132535251025465,-0.13091583721686423,0.2295042889361532,-0.6539214455859987,-0.18524155262275663,0.32325204100321464,-0.6682726356730906,-0.21703966815271322,-0.05762650664538265,-0.5016798485075197,-0.0578077599533849,-0.01973366848846248,-0.7173814315664111,-0.11143408134411037,0.06443531929809768,-0.8421277392049115,-0.15621550044110663,0.15109795181413133,-0.9411726248795712,-0.1861645465562847,-0.16606382463877387,-0.4862345681976253,-0.07537722775592938,-0.2306465576715692,-0.7232102807586701,-0.14383637575732552,-0.22119631113770163,-0.8797921986981447,-0.20662944911264938,-0.18396946270579065,-0.9999979005160711,-0.24718812325451328,-0.2599176945725786,-0.41622993798041197,-0.09958916720367884,-0.3667359642641718,-0.5503023542709293,-0.16309612723388922,-0.4088567484656542,-0.656150421343583,-0.20628063980980318,-0.42458697026443354,-0.7503178895958531,-0.23587260180616998
15,f,0.0,0.0,0.0,-0.2739545172266538,-0.08062876889279035,-0.07599355840322657,-0.4579512518919482,-0.22009252263474902,-0.12325291398595985,-0.5328416394047674,-0.35333010707835516,-0.18829696447689145,-0.5640008160068035,-0.47431210972487786,-0.24364726607152293,-0.4135340219817556,-0.4580733383305955,0.027509453538398024,-0.5562619542943495,-0.600659181791944,-0.1091448079491832,-0.6058542307054025,-0.5968600382979148,-0.22955092440191685,-0.6129372364191179,-0.567630138220965,-0.2981805368487709,-0.2497095610399943,-0.5184627736185723,-0.009929126496988442,-0.38132161077372584,-0.7341324520333957,-0.09249087691851832,-0.4613238897595803,-0.8648138915132672,-0.17696573719905073,-0.5291839472348889,-0.9774925619730875,-0.24143865306532147,-0.05584099823038268,-0.5316521333822679,-0.0769234414777442,-0.12556247544062868,-0.7460099802632841,-0.168686730655558,-0.1757570555744599,-0.8819919993135192,-0.23642033861616457,-0.21794158590790197,-0.9999986630087782,-0.2804996193979671,0.167448722784608,-0.5021984214496125,-0.15519369880617667,0.20864062343150247,-0.6753604628302787,-0.21477565622183048,0.2332372156563678,-0.7902932497926894,-0.2391022357993415,0.2431245436781765,-0.8959205717435939,-0.2576730016153839
15,f,0.0,0.0,0.0,0.19787889637122075,-0.16713362472416177,-0.08510748494821589,0.30913402472041374,-0.33489051697285754,-0.11385581237780172,0.3081627997300991,-0.5337518896536457,-0.14170144715826236,0.27701567540898686,-0.6982299946763859,-0.170095002086872,0.03095710204039849,-0.4895629583616183,0.0010800263413599015,0.07490531066248665,-0.6471608816612795,-0.06107454982302157,0.1543571266393308,-0.7241656746058185,-0.11617992169252894,0.2346483465945032,-0.768350855458095,-0.15084619996502258,-0.11653880343237191,-0.5074160239122714,-0.0037094134772597135,-0.12377381842744155,-0.7419797772546147,-0.04763384191304231,-0.07083886163624806,-0.8847365159339706,-0.09256969672171564,-0.003681820594004453,-0.9999976695578594,-0.12391999590739033,-0.24244953908678715,-0.47615277486405627,-0.029028159903922313,-0.3259509965635787,-0.7109964915885477,-0.09076026581021543,-0.31922117969347674,-0.8665273669647433,-0.14239095508858243,-0.27911550495397913,-0.9938820913758541,-0.17672826249653453,-0.35001659610905744,-0.3908412440393257,-0.06258144092049345,-0.48513882850728185,-0.512347296564039,-0.12240047746126632,-0.5113542634610986,-0.6154321613684214,-0.15680108222158884,-0.5008430309858286,-0.7151226003878612,-0.18040318992118193
15,f,0.0,0.0,0.0,0.2257008797360525,-0.14422430037354905,-0.09865528352354194,0.3671348076912467,-0.3236622973280259,-0.12894021789486934,0.4222769399555095,-0.5184914032525163,-0.15179873930415422,0.39081649511194655,-0.6804884454588809,-0.17065416961249263,0.12847517285073987,-0.5173159055886148,-0.04042292933712405,0.17007295297871455,-0.707768250075179,-0.13175534882290343,0.2620848481805978,-0.740216729805786,-0.21261833213538434,0.3583619186143413,-0.7330977040521202,-0.2638542427289667,-0.009175992965485272,-0.5439825496382473,-0.037851838799439645,0.013588207872005532,-0.7792535091612082,-0.11058570872209497,0.11584902456436644,-0.8906859127521481,-0.18341894249806853,0.22781712391776088,-0.9510852001021967,-0.23880150000040118,-0.13297448442866147,-0.5237427177379844,-0.055003879158929625,-0.1811801353158484,-0.7784566258512219,-0.13427050856796405,-0.13120816393264206,-0.9142323441654954,-0.20398368340766057,-0.044247260872003834,-0.999998280894507,-0.25316563674792053,-0.24516053039390376,-0.45771298921519143,-0.08150774209137987,-0.36169782359568536,-0.596050374335387,-0.14836994828442746,-0.37818250812514703,-0.701439088664451,-0.19452330700171586,-0.34865904202021397,-0.7906939131164564,-0.2306160523554299
15,f,0.0,0.0,0.0,-0.3274656640782483,-0.04363873859482159,-0.16150117206098416,-0.6332422761167054,-0.13785725168102259,-0.29301349424005124,-0.772244599960917,-0.22838324082768152,-0.4328846358089269,-0.7046062273133036,-0.3161871720845786,-0.5520224788459416,-0.5386737298395308,-0.4435877601008192,-0.11955745439449357,-0.7146978211804634,-0.5860793544429804,-0.3360531450441247,-0.7434900711419604,-0.48970753879263,-0.5048665137632234,-0.7075142551887401,-0.38235351279167945,-0.5946060624569861,-0.3392789061980124,-0.5112354658146282,-0.13842326471228453,-0.48780977212422416,-0.7195856257226354,-0.2755882923794824,-0.5929972737172482,-0.8391571106686257,-0.39663647579908307,-0.6758070639694395,-0.9405395730240834,-0.48797392320107913,-0.09720060057024503,-0.5185805889105424,-0.19505337219950183,-0.1787898331655266,-0.7466523818625865,-0.332077172427532,-0.243408094726077,-0.8845583512849772,-0.4435371642378964,-0.2989789856173766,-0.9999985501586341,-0.5161930105557047,0.16955364074037468,-0.47835178975100806,-0.26704283327008227,0.27530160160017075,-0.6577548399324955,-0.3558887840842589,0.3207589918439348,-0.7741863098159937,-0.4137063946189432,0.33616762488098334,-0.8789917390116365,-0.456093940631241
15,f,0.0,0.0,0.0,0.15885361763688383,-0.0562053573461873,-0.04296614364804715,0.30304590527844305,-0.1783639158855387,-0.04755913787619047,0.42526695648740775,-0.2909936442394748,-0.048942226688850045,0.4909075496735478,-0.4135669400098017,-0.04791673481897783,0.1876719241724245,-0.42423199397641576,-0.012770039653274425,0.32975906233586355,-0.4900160888483346,-0.03383051459131871,0.4319909941470527,-0.48578951575938234,-0.05491423215529014,0.5162308234679015,-0.4851263990984854,-0.07184621503782156,0.13398688751220522,-0.500804392246686,-0.016847901073683905,0.19558556476856298,-0.7219746295456937,-0.030998293371040365,0.2650204900788297,-0.8428932799961024,-0.0619958260723907,0.3133641393945989,-0.9485761235664599,-0.09036875028094112,0.07351517586377018,-0.5209935749825987,-0.028395819959024696,0.04491935480476952,-0.7590161106815513,-0.055167177383555775,0.046661120981804825,-0.8940667478372788,-0.09269706332446434,0.04315646841994822,-0.9999975730254248,-0.12179819620416651,0.014111481298101778,-0.4944246429057441,-0.04402567557884155,-0.052159246306639304,-0.6624659125769251,-0.07323123414344446,-0.08348022513534054,-0.7680293763426567,-0.09483411914388452,-0.10598235994173341,-0.8614718660646369,-0.11140751507388862
15,f,0.0,0.0,0.0,-0.1934379887518362,-0.06377475785267077,-0.10638615584965817,-0.34178706733910796,-0.17869835019266847,-0.200420469780553,-0.3826230271747826,-0.27864818457305734,-0.2972275484922406,-0.30391632391373613,-0.3673187454376052,-0.38608503037875996,-0.16212992407411864,-0.4595637196154175,-0.08136492483610189,-0.25451469811159405,-0.5525488879134898,-0.21776215784035186,-0.2918350061325977,-0.4894313168079014,-0.33900429073066063,-0.28786706065431084,-0.4088042090123333,-0.41060042797300084,-0.002122015931141655,-0.49096730068440997,-0.10764773279367416,-0.029680965731116518,-0.7226550869964351,-0.20201135434760034,-0.04827905725213798,-0.8732342455323014,-0.29926032184519635,-0.05101637016296787,-0.9999987045277866,-0.37254428854483906,0.1511890503842779,-0.4558361094385398,-0.15460975259408943,0.27764781059798666,-0.6685368278180256,-0.26051871525095094,0.3454500861972294,-0.7996586333922016,-0.35022530465295526,0.39839195716135123,-0.9154726052857897,-0.40855751999890133,0.29252890916428104,-0.3718615266271663,-0.20733704949854748,0.44824857919274763,-0.52253566104118,-0.28315924654167607,0.5336885703093885,-0.6270590086432459,-0.315271614057403,0.6023226183959502,-0.736130696998472,-0.3371846918944489
15,f,0.0,0.0,0.0,0.19913910063518328,-0.17065153078978565,-0.07251982728177735,0.30531869010834145,-0.350334679149924,-0.10336118766060846,0.3359305149418377,-0.534209901833151,-0.13244099309030435,0.3323427591188906,-0.70803596468075,-0.1591024949141809,0.0309786034377854,-0.4826364300022207,-0.030292673527516852,0.09886017222592887,-0.6460059547498509,-0.11803543393316517,0.20615359530469432,-0.6787812525676736,-0.1884460852097658,0.30770578006845023,-0.6683484153163737,-0.2295734345603217,-0.10335536233558158,-0.5211470143524276,-0.042171335616381624,-0.09088690914456828,-0.7472926474957816,-0.11426993503043016,0.026117910105834648,-0.8573916983914194,-0.16806049903023174,0.14961888752817734,-0.9207549607713205,-0.20292024928984578,-0.23275189929386342,-0.5104714293954782,-0.07248613594084437,-0.3364649531370472,-0.7578740667490509,-0.14983579521535464,-0.2982551463730873,-0.9053455298496238,-0.20432862970926413,-0.2157035493726183,-0.9999982168867376,-0.23907790000389453,-0.3452767798775912,-0.4483073980736753,-0.109308792081447,-0.48677079329020956,-0.5850572561837846,-0.1673940587989378,-0.48739833437077335,-0.6834007924214638,-0.1997221625208833,-0.43573431041847116,-0.7592035461929957,-0.2238229231554181
15,f,0.0,0.0,0.0,-0.2343107897048381,-0.0661793658290722,-0.07673074987848648,-0.41124997366105215,-0.19203732488738784,-0.15243800546629416,-0.5200123762153032,-0.3144091765664703,-0.23347817838127408,-0.5412977205536526,-0.4270476790311175,-0.3136831858922825,-0.24822118293429346,-0.4334783210479119,-0.08391484547363304,-0.38946275239072814,-0.5579248823341212,-0.2199178246222745,-0.4901592672002983,-0.5492104450046861,-0.33932948892926407,-0.5547172788560241,-0.5141487550016316,-0.4055281683726257,-0.09306336284079104,-0.4833754393353104,-0.11454478327895665,-0.1479852661638623,-0.7189235668211796,-0.2227280742326147,-0.2013073056671919,-0.8745084235912853,-0.3090796988568361,-0.24868451179184628,-0.9999986720136119,-0.36357559450734406,0.06577575878291832,-0.46881052038225307,-0.1601840213685768,0.13319649925502475,-0.6959800616265144,-0.26457280055908783,0.17247801609491645,-0.8421758897648027,-0.33589099277542056,0.20712323650131692,-0.9622729301280554,-0.37240864434092935,0.21175510030202044,-0.40848452530353074,-0.20961450611237092,0.31799644295825197,-0.5836849694716806,-0.27102720861149854,0.36959608800692206,-0.70625090714354,-0.28391475203664673,0.4088077908804071,-0.8199329780130691,-0.2878447559279079
15,f,0.0,0.0,0.0,0.2727353484404151,-0.1842068847694763,-0.10094502289258926,0.431499811934774,-0.3498520068105906,-0.10922655758257842,0.5247939237173539,-0.4992821620118397,-0.1005771770016547,0.5129794856114469,-0.6707568876547473,-0.08549987699074175,0.15215081228423555,-0.555799789977711,0.07107563133168139,0.23007002036044796,-0.7380742452189165,0.07152227027288478,0.3567442079504108,-0.7498019229148196,0.025463393309355573,0.4695969890653195,-0.7161699469881985,-0.006933701533970224,0.04463113352531685,-0.5574941323060176,0.12190794871807062,0.07683772651644344,-0.8166963420459719,0.1305341804588588,0.23039592887051372,-0.9176126815437186,0.05081184005380362,0.35451394132866393,-0.9362501501030646,-0.013929734292494103,-0.04324042080502064,-0.5377408938957394,0.15733596485638035,-0.0904550158126673,-0.8056493166348604,0.17881421621679464,0.004547781667542517,-0.9395423352867757,0.10793502449103869,0.10120511650438692,-0.9999985760839922,0.04843733345475034,-0.11976327217241618,-0.49709658050221517,0.18161064278477093,-0.2195375314968035,-0.6651727338995973,0.2134749257503187,-0.23851134782317834,-0.7855242327402786,0.1902952770759469,-0.2292401843038938,-0.8698693763632972,0.16341610001628573
15,f,0.0,0.0,0.0,-0.222378039027867,-0.04687948376759519,-0.09047368497391983,-0.3837196199446303,-0.17531517191173382,-0.1502484058575488,-0.45009720442057943,-0.3098063957980614,-0.209965328393538,-0.44665617647520195,-0.44340021548255104,-0.26194583066708776,-0.29851515321483346,-0.4229728300161219,-0.054125857699816184,-0.33654291528374786,-0.5844336662295745,-0.1736845538939439,-0.3569444639012834,-0.6072211625829906,-0.27238452199083435,-0.35798976625568524,-0.6027236514246257,-0.3288376698839642,-0.18587266525411897,-0.46991257817979976,-0.06879558664975062,-0.2232082717395155,-0.7052865737858139,-0.1577711810653944,-0.26600682846206775,-0.8624333253587778,-0.23411075944836915,-0.29821728478147375,-0.9999985514773779,-0.28334074892520894,-0.06890098338455691,-0.4644471672903684,-0.10288307277354097,-0.09160947984912544,-0.6803176876054267,-0.181776743464561,-0.10810077140006555,-0.8148693485651896,-0.23467694690311258,-0.1204461660520198,-0.9265642263837767,-0.2622827673514896,0.0541980248365676,-0.41945288852057316,-0.14685747592911536,0.02744943952086317,-0.5973912884354284,-0.19806101645431606,-0.006017201369895706,-0.7083342427218039,-0.21544312888302355,-0.037873712285661616,-0.8069711727926344,-0.2224116529581292
15,f,0.0,0.0,0.0,-0.27311202437041493,-0.06495520053458068,-0.08405163098282098,-0.4647891353279651,-0.1946639033931291,-0.15285761150127666,-0.47156191650880525,-0.3062102408337972,-0.2391959533641995,-0.4001245329685692,-0.39002282794115123,-0.3200355860443167,-0.44654127811967437,-0.45332986830114275,0.00489428170511528,-0.608119653312263,-0.5443883979250235,-0.13225780615406443,-0.6287582009765993,-0.523644566422737,-0.27163419537927636,-0.6038821020217839,-0.4795797078170444,-0.36294893346918305,-0.23694333042397217,-0.5102126235538837,-0.053483901709611155,-0.3839783284100324,-0.738064341434735,-0.1475020045709112,-0.4655393442668695,-0.8841152804596106,-0.2640365128643558,-0.5259615499797495,-0.9999986221765284,-0.3599687931325698,0.002487474389761869,-0.5126670016981745,-0.13827670331663336,0.03090663729057421,-0.73391614179456,-0.2572419070501808,0.03958910468496802,-0.8671916836935567,-0.36423250113317934,0.04684334179403222,-0.9769877799841503,-0.4385417846836492,0.27100946834919654,-0.46422518516009903,-0.23001149887193453,0.38531962972307626,-0.6319034940418536,-0.31188378779179105,0.450941518398437,-0.7356482333906664,-0.34240333040983917,0.49772778354085034,-0.8338721001590395,-0.36945965480064785
15,f,0.0,0.0,0.0,-0.2355185966717158,-0.07244277372508522,-0.09920417227367041,-0.4307638414195402,-0.1853578441341496,-0.19143794451702023,-0.5408036378205423,-0.28520073330664036,-0.3001815831409935,-0.531161870111866,-0.38350149890480495,-0.39840499289121767,-0.2575689248192497,-0.47084578027160484,-0.06877523624536756,-0.3460234436141822,-0.6256702018071566,-0.2396707929174546,-0.43117666948162575,-0.5674197086811305,-0.3803639779792451,-0.4673842829253043,-0.47630055348021977,-0.4568216824974343,-0.1016229475174051,-0.5195083926298277,-0.10149107994932083,-0.1607879790113897,-0.7518881894274205,-0.2067963468388779,-0.23512815561672654,-0.8893841312108748,-0.3051723669023466,-0.3018988190735987,-0.9951011754711993,-0.38058044119655876,0.07219784821622165,-0.5078011530415284,-0.16153340748533238,0.07010562011808026,-0.7375179778946372,-0.2620965195492244,0.03908022431335024,-0.881736534012566,-0.3482963171926496,0.0006565468363658473,-0.9999986037484994,-0.4062350774865909,0.25194595777665135,-0.44826078548061393,-0.2326499486947665,0.39002052879277677,-0.6101502634972921,-0.2887992048248142,0.45385595601626005,-0.7190119124412002,-0.32377609463395257,0.48123018908743165,-0.825601529834062,-0.35396137430528113
15,f,0.0,0.0,0.0,0.20821402976343753,-0.1286060713440636,-0.03641321744269377,0.3399624250888609,-0.2811522642420601,-0.05463052957803657,0.42243176897399415,-0.4338043735604534,-0.0739792375976175,0.4909451876211806,-0.5850275691039324,-0.08769811668668524,0.06489200760147361,-0.5046683430515111,0.006645923961626247,0.21266101414797994,-0.6184838841860514,-0.06982559311833757,0.35044021381876345,-0.6077007989007156,-0.13529247782845083,0.4530190353868109,-0.5571532135882309,-0.17035920316135958,-0.026250440579203813,-0.5684303018162444,-0.012597268010008583,0.05796173474026286,-0.7724277906731088,-0.07891979729071136,0.23947716336015598,-0.8263203643320794,-0.1296274032932497,0.39533303913117285,-0.8245441432251662,-0.15428323897897103,-0.12170193548065103,-0.5837008769905638,-0.046300469102252335,-0.15593360254980934,-0.8396027487157716,-0.11615242960444656,-0.03216424422761397,-0.9496270567403708,-0.17481065204618035,0.10321062533157736,-0.9999977041567663,-0.2066223718054548,-0.20211973030300745,-0.538327869870438,-0.08193664486673825,-0.3293629830027144,-0.6821365054573776,-0.13691683750443984,-0.31877250412785474,-0.769453236112171,-0.17050314480826517,-0.27641955183970296,-0.8304116939664781,-0.18927175003018332
15,f,0.0,0.0,0.0,-0.24127751630067795,-0.08038997222554664,-0.124980903872825,-0.4030519635064046,-0.2170501184031176,-0.21507315771692342,-0.37469121130795646,-0.33748463325981354,-0.32040621233390515,-0.24596419529844035,-0.43323144333913916,-0.40258741451203955,-0.46239493969083856,-0.47957085796455645,-0.045460401286875195,-0.5411307391898262,-0.6356479736746802,-0.24101338875538628,-0.4996569442848429,-0.5782716599081827,-0.38676776108047667,-0.43147033736144147,-0.4964038293855572,-0.4609891977737861,-0.24684416031120157,-0.5318821497200985,-0.07542654869561195,-0.347617303574916,-0.7528666121176409,-0.17658563456345217,-0.3480045446262353,-0.8782178222175838,-0.25239464589179395,-0.35487073338565966,-0.9853345218956228,-0.31308859513359416,-0.01483996767433803,-0.5339595084361345,-0.14466980254630954,-0.08078407299788845,-0.750159021432467,-0.25060114243166737,-0.08730229750864775,-0.8827443365290732,-0.3150869690618573,-0.10830496015275244,-0.9999986847197566,-0.35699959012024884,0.2428891587568977,-0.4923428745402607,-0.23121045543023205,0.2855714405140093,-0.6711036765290503,-0.30801389111639554,0.30627204024269067,-0.7879842287216183,-0.3401961350988476,0.3046055592166971,-0.897060809493383,-0.3631471937037661
15,f,0.0,0.0,0.0,0.1946398050449532,-0.1823865100339388,-0.005427373886262685,0.27385315717726366,-0.3455596879270522,-0.005552524528173698,0.32222106387961275,-0.4898994808114647,-0.017812774402456835,0.3478825658267194,-0.6418615650448102,-0.02698535518596822,-0.0068949791432209384,-0.4861980740572822,0.047708970894438166,0.08258320725499663,-0.6350731409073582,-0.03155734366588292,0.21023483060043785,-0.643661484985387,-0.10021633093923285,0.31668678366962305,-0.6048014368730016,-0.1365221167977281,-0.0924540851649132,-0.5312430353107996,0.00777557379208984,-0.06885968665143462,-0.7567344944190185,-0.044971450793560776,0.06520709991981562,-0.8561045725629517,-0.09304490841824621,0.18766777517046904,-0.9080114533139758,-0.12443889588705712,-0.18183664799719665,-0.5352079640563411,-0.047583322000706973,-0.27107980843896456,-0.7775637162414532,-0.09882233356669878,-0.2023866935819069,-0.9119654506196824,-0.14387114868341036,-0.10804465324007682,-0.9999982194259485,-0.17489923140973904,-0.26637950157093976,-0.4947302220441211,-0.10573906282595037,-0.41165913295494116,-0.6381801108215884,-0.14165141634771902,-0.39251542241151066,-0.7333030061982245,-0.15907599878139106,-0.32903315511495956,-0.807071652248901,-0.1728859493977251
15,f,0.0,0.0,0.0,0.2696878900671742,-0.1640105042047065,-0.057988157875513174,0.4249148940575324,-0.37317303881199415,-0.05943373508010984,0.49313922180605224,-0.5671309470657657,-0.05899845710251343,0.5171356394837318,-0.7084076511732101,-0.05556618616083881,0.1938809193769169,-0.5342328385572918,-0.005235124984213162,0.25054853988425235,-0.7084039286341095,-0.06219344790270601,0.35537524095905615,-0.7413938315726795,-0.11285103960740857,0.4710745481121352,-0.7402413673083773,-0.14759446997029652,0.037225306403516095,-0.564224913075565,-0.014529318302018507,0.015232545396771043,-0.8193750189072109,-0.05787736474799003,0.12799637665948949,-0.9197921186077896,-0.11133215905117474,0.25246412466419144,-0.9661434834260768,-0.15462146049888825,-0.10486219210100217,-0.5432610111143477,-0.038693946893385,-0.18745700133342366,-0.7985384447038687,-0.09192756738193515,-0.11155024121432006,-0.9260658237382547,-0.15434220661396714,-0.007660731659690088,-0.9999985805944872,-0.20014573423614104,-0.22296664022733884,-0.4741782996904783,-0.06868320306884472,-0.348644467249242,-0.6257320882232527,-0.1143258524919592,-0.3498438439665287,-0.7329802163798794,-0.15426895085160827,-0.3140662245589461,-0.8134177296003026,-0.18662866599185782
15,f,0.0,0.0,0.0,0.25880139983039274,-0.13377914077970351,-0.08091602151839523,0.4290851488616628,-0.2840296157751605,-0.0945395635319886,0.4522383528094294,-0.4914097361393759,-0.11071404237861383,0.35032969534999103,-0.6321907574964349,-0.12214011346901284,0.22962766386379402,-0.51023405626986,0.08212309314633064,0.29124362864745895,-0.6645464778871778,0.041919157493796766,0.33721255088732927,-0.6990798950736471,-0.004001461756565182,0.36932075654984875,-0.6949957668040111,-0.02706515337231602,0.06744660025690928,-0.5584205481698722,0.09190269085442955,0.10783007538382126,-0.7632682276786975,0.09320520667956651,0.16370900042753728,-0.8668822751409901,0.07282006949322165,0.23095250335335352,-0.9447090209314197,0.058616937253735964,-0.07532671178142336,-0.548701578044793,0.07473742948627901,-0.09998231660411104,-0.765266848244824,0.05712043345102828,-0.06847734355791744,-0.9030772059489828,0.02665357504610961,-0.012585325931856059,-0.9999981846522148,0.005551440187540822,-0.21725376690634168,-0.492625723250097,0.04483418781577551,-0.29219029809324104,-0.6243079949945037,0.02672131698689141,-0.2989369815180217,-0.7261125610141385,0.011863510827266383,-0.2687482999117572,-0.8027327333687564,0.0014631568742985673
15,f,0.0,0.0,0.0,0.16914387600704714,-0.08801108765518079,-0.08443683271507561,0.2804281377846842,-0.2538300759168234,-0.11153135439342633,0.3187705851701923,-0.4341797909145831,-0.12400123429519078,0.33792825047680125,-0.5987529677939427,-0.13486910729482288,-0.012758329923717815,-0.40483810603117526,-0.09069198487653642,0.10936654878277341,-0.5617724510101408,-0.16615203733096526,0.22940187587986105,-0.620496978836816,-0.21609203105485636,0.33115678382705727,-0.6340945542897817,-0.24196964114385808,-0.13216321063819156,-0.4758801862199316,-0.08474445949551498,-0.09263334579648289,-0.7174701968801495,-0.14379725813852023,0.022964488673509677,-0.8592426258151158,-0.18293555493104618,0.13374185254063828,-0.9397852343339059,-0.20378242799314517,-0.23788987136183393,-0.4792610162380333,-0.09145969598902035,-0.299017130944732,-0.7174735400438564,-0.17152097251309475,-0.23283593649343096,-0.8819360953507778,-0.24694016407777133,-0.1556153926040261,-0.9999975071564607,-0.29355300413418983,-0.3161173390135246,-0.42427577987137743,-0.09900775170820353,-0.4542934896026046,-0.5065240705134804,-0.17502442234671664,-0.5264739541798588,-0.5525494052677883,-0.22035580918110925,-0.5775582756943936,-0.5787613688737536,-0.24777536066430747
15,f,0.0,0.0,0.0,0.1902937293988654,-0.1622214944408064,-0.09564724375009714,0.30416218805070044,-0.3261758026991172,-0.13258467670711496,0.30716156109374226,-0.5246758393912054,-0.16493601661680268,0.2787198894371302,-0.6923457466292166,-0.1965179532911011,0.009386381529175678,-0.4850768963450357,-0.03301958220259042,0.06164808589816388,-0.6491094798885189,-0.10688163151181217,0.15263779691248017,-0.7236527466723456,-0.16735902948477913,0.24474558473977368,-0.7643385555000631,-0.20504300589679686,-0.1364629806607352,-0.5042081970115996,-0.03320454162346742,-0.14283654221722825,-0.7375756268491366,-0.08993612925836349,-0.08021235077376863,-0.8814044817005434,-0.13775842711974162,-0.006943003640124805,-0.995757029819448,-0.17067426382775241,-0.25870179914741115,-0.47496423906862795,-0.05312085546446754,-0.34589848517662164,-0.7131225976172473,-0.1250944803439154,-0.3351944460892734,-0.8716605533895497,-0.1781424762303221,-0.29045452952147643,-0.9999976252416515,-0.2123603649807907,-0.36020148882236447,-0.3911226327581159,-0.08135621848773174,-0.4992095486242235,-0.5095180356601899,-0.14920889465545467,-0.5245627436355949,-0.6142759871604277,-0.1867264299265103,-0.5119679246941194,-0.7151762268666562,-0.2114969128578938
15,f,0.0,0.0,0.0,-0.17634535435953816,-0.1395176505802674,-0.07668330860720514,-0.27550310528786714,-0.3072118579497378,-0.139923639019462,-0.2998012193940083,-0.4463695872629656,-0.2165737924505647,-0.2403141436089136,-0.5508426353698566,-0.28536292733549184,-0.04210317360451283,-0.5062059796344361,-0.018076160934419435,-0.09298176032551812,-0.6545338075475073,-0.1551523790584553,-0.18103158666519165,-0.6360142477226088,-0.27280397545443413,-0.2409918464908815,-0.5776444109259411,-0.3367165319892372,0.11860458243577895,-0.5184193823814591,-0.04581599848546478,0.14748710796631315,-0.7359790706635596,-0.12405459155136773,0.1548279390188763,-0.8813458006382058,-0.19718411060375954,0.1570190414597821,-0.9999986622780593,-0.2544350339887376,0.2684503149037091,-0.47650027573418174,-0.09938008104929862,0.3750535084712995,-0.6770052056084828,-0.17784890731382297,0.42888222964508116,-0.8068005567172003,-0.237786682027128,0.47042594654374914,-0.9129243469577912,-0.2766072883603875,0.3966900869341569,-0.3912647960941236,-0.16298422476600036,0.5619413904977877,-0.5263264077001384,-0.20435664218481098,0.6559163230214108,-0.6176671534937686,-0.22095747241953637,0.7302272274200792,-0.7044138399956348,-0.23566265618478155
15,f,0.0,0.0,0.0,-0.2734061586648453,-0.10814321820356848,-0.07893056494105842,-0.4441174565654544,-0.25100491387507823,-0.1493883154821523,-0.5083658067982567,-0.37589963541008037,-0.2438934698900404,-0.4654834330155485,-0.47924029466941287,-0.32655310919806974,-0.32379910524160305,-0.4891816896287593,0.014599541239600246,-0.47265573799120486,-0.6283379273136397,-0.1713708164850789,-0.5277054013489719,-0.5634413100588177,-0.3349389937686572,-0.5258712858449579,-0.47025493629849136,-0.4235237148243441,-0.13291217846228665,-0.531965919558791,-0.030369203130531368,-0.23430178570835128,-0.7464871601410146,-0.1306108980770066,-0.2822756157152227,-0.8844553197066796,-0.23564020891915488,-0.31989680214031546,-0.999998664031955,-0.31991042269231296,0.07881441093810548,-0.5238945133737473,-0.10901639376549267,0.05308957335076385,-0.7326966150391323,-0.20671194005447296,0.041406911351679905,-0.8632143821082408,-0.2790193737451778,0.03753538520703282,-0.9754747647928002,-0.3276141378106358,0.3003291873687978,-0.47101771111779195,-0.20072745440085463,0.40490785269511703,-0.6370838783879512,-0.24727489390303595,0.46428970117337975,-0.7433684550780741,-0.26025422929848546,0.5066335379373041,-0.8455168556484017,-0.2745277297484268
15,f,0.0,0.0,0.0,-0.18705023556696546,-0.04095018695456286,-0.04118863539900248,-0.32615574538490777,-0.1671739273921811,-0.06749563337374237,-0.370645837297081,-0.30671682395251904,-0.1046530485387791,-0.3803375104493286,-0.436126927647359,-0.13708239396946048,-0.299866612716611,-0.4147286998381458,0.0008628165424445872,-0.37472662456544725,-0.5855181982488581,-0.08796668978984662,-0.4106535539695544,-0.5928148560215956,-0.15993112213082272,-0.4224543346829826,-0.5649381202092237,-0.1999587724482255,-0.2051461683049963,-0.47277161507114823,-0.027843335372958144,-0.2924031456732073,-0.7144000236525134,-0.09784392095401961,-0.3609017976941352,-0.8701116752895042,-0.16084477723339302,-0.41920277026628117,-0.9999985926099246,-0.20160666936312857,-0.09677341060774966,-0.487306125839788,-0.07155990539183836,-0.17807059514763957,-0.7113852512241314,-0.1387649676669945,-0.2350691383829167,-0.8482636874075341,-0.18751348802520287,-0.28363506823131174,-0.9656992175267369,-0.2133732661299656,0.03008401211833354,-0.4621724944532573,-0.12059068448450694,-0.024418327061174503,-0.6472451362805594,-0.1650253690427576,-0.07242781356300343,-0.7619109278560248,-0.1827531113155569,-0.11486011577737552,-0.8618861369263281,-0.1912644316665842
15,f,0.0,0.0,0.0,0.2294295557393478,-0.1500285161737666,-0.02543325993004912,0.33400324427399025,-0.3114829633569793,-0.027613509644965853,0.37626298898389543,-0.4749632559598563,-0.03628226684566063,0.4124878734106637,-0.629924356882479,-0.04127818777887347,0.05874067313579441,-0.4517920260295417,0.05924585422202725,0.13908844553418112,-0.6028186546649404,0.0005628271587541476,0.26634834591827466,-0.6416174338855237,-0.060068282198924156,0.3790154490451079,-0.6512730138044435,-0.09896532408225402,-0.05032985597317459,-0.5040820288806023,0.030471752977993198,-0.002192478259602035,-0.7240015101252895,-0.017603696753139882,0.14343493752251496,-0.8194995347155555,-0.07805787743945718,0.28137155285308263,-0.8684740775015533,-0.11955299044297363,-0.16097799237382035,-0.5142731642202149,-0.014822990398800017,-0.22710582077768868,-0.7774309194172554,-0.07231156255475292,-0.157396860320904,-0.9128419311898451,-0.13864603252592397,-0.0582125579345764,-0.9999976447892601,-0.18382287847445486,-0.2644470188886902,-0.47079561000191894,-0.06230114207424931,-0.3858594682915145,-0.6049761779311604,-0.10321065365249173,-0.40080434234958684,-0.7033716766716497,-0.13721467643522248,-0.3795140841314254,-0.7855236321019485,-0.16480918703411176
15,f,0.0,0.0,0.0,-0.20499588159613666,-0.11377438651988747,-0.08617657934297356,-0.33886790595910316,-0.24403806213379545,-0.1711748136799385,-0.35865489018346547,-0.3450970438190871,-0.26982090177303614,-0.2825986441510006,-0.43574485870523433,-0.3586743849366218,-0.15080716118785534,-0.4961797179178075,-0.05037551902290001,-0.1900172768906989,-0.6360305432694302,-0.20206888493689026,-0.23380231416910038,-0.5635671499099921,-0.33247662118414395,-0.2501492101865135,-0.46372271893982453,-0.4048912893491303,0.024870957998382997,-0.5216466444256244,-0.08469570761510299,0.030536583697157244,-0.7421173712092574,-0.1751280823050807,0.03657964662841264,-0.8810546195009671,-0.26150737899830967,0.048897115484280426,-0.9999986352702638,-0.3321618190096392,0.1909113720072542,-0.4855834929928236,-0.14400776223724698,0.32658809948225237,-0.6924373175002719,-0.2332448139547358,0.4152668145652376,-0.8096943352599938,-0.2988833246413917,0.4921667222909521,-0.9118486170175611,-0.3449591374849911,0.34122534312171876,-0.40176208598379254,-0.2125392906723612,0.5049075878698941,-0.5515425202862217,-0.2639476855963973,0.6036605419466495,-0.6463509299066246,-0.28002813858471726,0.6940955603241392,-0.740213712840046,-0.29567754849223604
15,f,0.0,0.0,0.0,-0.23732050667687016,-0.03203062049851969,-0.14355102125189603,-0.44755418130121655,-0.1292687826211961,-0.26386966416944935,-0.4404015260022791,-0.22016886992706391,-0.38727253425586466,-0.3177751899313147,-0.3062498453690727,-0.49566559061882753,-0.39875086042608193,-0.4486040385593132,-0.10042755322182913,-0.5187980401951584,-0.5353160383799435,-0.2793428323776755,-0.49024151254875525,-0.4571512215385772,-0.4334904247817522,-0.41036203073873684,-0.3709864312587706,-0.5253958477404181,-0.21138431882271236,-0.5050031394372508,-0.1359613845871321,-0.3449971955298262,-0.7363406180286363,-0.26978025918253784,-0.39099975753288774,-0.8751161911290268,-0.39467989174663193,-0.39926911282524813,-0.999998650499388,-0.4881403132123102,-0.010780985148632863,-0.493597725703374,-0.20044928091371939,0.039815587160152315,-0.7277898154066651,-0.3494399482437247,0.09917314267743996,-0.8663534785356755,-0.46535675371961743,0.16082418425051298,-0.9859718915169582,-0.5380230517609836,0.2139512085576481,-0.43494382872836573,-0.2736687206881239,0.32310804975008206,-0.6156874698521225,-0.3737332204913376,0.39497066645569334,-0.7290605915246577,-0.416521781079921,0.4657777149113811,-0.8414066194698995,-0.4468724449615254
15,f,0.0,0.0,0.0,-0.2828805929460193,-0.12315750929196292,-0.07666567916277084,-0.4409847289529561,-0.28542630992411,-0.1357535317755044,-0.5054097775373992,-0.4311420757931242,-0.21765236559591258,-0.4425763654293846,-0.5397161903498527,-0.2786753629567789,-0.22156169888887076,-0.5042968762222538,0.05662287808052192,-0.24072678326187172,-0.6812928308125117,-0.11718163717015612,-0.34695171341154807,-0.634254404768009,-0.26427956399201835,-0.4077396767696329,-0.5541673820698374,-0.3356533987431018,-0.07936348853866251,-0.5283514305628131,0.023885569547168077,-0.06421484116771309,-0.7510961769471235,-0.06653676429476543,-0.08256956574123618,-0.8841314317494116,-0.1450305182021813,-0.09399141319395184,-0.9999987074600567,-0.19851601765921006,0.07032522447103462,-0.5137889910840752,-0.04696604740389351,0.07680309517688591,-0.7258769880019432,-0.11000766866773617,0.07360903643024404,-0.8474757574885217,-0.14763451698740274,0.07126042983357317,-0.9559038786222327,-0.16931937465237235,0.22047664803410572,-0.46259606987707375,-0.1352674199016863,0.22137248524932923,-0.6391719948407923,-0.1509172214767146,0.19940236259909397,-0.7440433463911507,-0.14152621380145403,0.18420333016289203,-0.8357367691778367,-0.1341639561561027
15,f,0.0,0.0,0.0,-0.32850618098008944,-0.1063911777708732,-0.13456927830355025,-0.5700171487268599,-0.26093304643974313,-0.24073705636830744,-0.6776696320944546,-0.41315659446640884,-0.36507741769665364,-0.5118601136115162,-0.46723544194396205,-0.46084362150629343,-0.3494267823648108,-0.49434704455951617,-0.011048836575451882,-0.4013857200114364,-0.6975062527297287,-0.2475672461579289,-0.4524401914521506,-0.6239384191734259,-0.42630683996687274,-0.4474200289224828,-0.532646291975722,-0.5116947755941075,-0.1384779324929361,-0.5180905699249919,-0.027179918368005894,-0.18312227087691552,-0.7447927435030725,-0.14715241855933697,-0.2033098917129682,-0.8703086473245534,-0.23737875165154554,-0.20815755483712392,-0.9999986393701052,-0.3013311828730922,0.08176844880635824,-0.5009553045780122,-0.09096028102705493,0.01920834000786351,-0.7086185963089333,-0.19102647045833573,-0.00726484449758666,-0.8279059091137541,-0.23542586698547552,-0.032834576545394796,-0.9476359460627641,-0.2564934821442176,0.3059124083517763,-0.4482377993763996,-0.17699260574170003,0.2808928577647082,-0.6248503871165304,-0.21824074549860933,0.2355036171524126,-0.7317399640865454,-0.21883245008846178,0.18711611465869643,-0.8373297130256037,-0.21610352084724124
15,f,0.0,0.0,0.0,0.18696417957441405,-0.21264744312753076,-0.03598561052315304,0.27767196896170543,-0.3997898207782942,-0.046704568193229226,0.28600676595797003,-0.5800335441601762,-0.06724439568468622,0.28160417466362647,-0.7591212254370977,-0.088325843210715,-0.039022894457789274,-0.501271188770827,0.0765537602696737,-0.010114771239863892,-0.6689391920364618,0.015723989682550742,0.10075816089339686,-0.7365980396207655,-0.05304231356069546,0.20398462790279034,-0.7678891918591692,-0.09845056941684144,-0.1546715350372136,-0.52001490326864,0.04419009926049112,-0.16627141764474426,-0.7423042955551686,-0.011115909421700581,-0.05292014679601413,-0.8475326961279254,-0.08028962354090206,0.06585732713897967,-0.8920197742271252,-0.12664533898154162,-0.26800560714399047,-0.5090623621985179,-0.007586489447942202,-0.3475704271683103,-0.7540278180076302,-0.06868894071412775,-0.28166394029191416,-0.904527726522648,-0.1305767325206482,-0.18064144428955184,-0.9999983969610629,-0.17367095139304733,-0.36662424453839776,-0.45041412662067665,-0.06456637838078202,-0.5423350006070736,-0.5580332956477906,-0.11749130857690192,-0.5535053446343208,-0.6554636910703582,-0.15249578863872928,-0.5118160241080896,-0.7330886363251963,-0.17935429955865428
15,f,0.0,0.0,0.0,0.23921683370414606,-0.09189203291715721,-0.11273293411133335,0.4310392958986196,-0.2493972872671891,-0.1461637895996474,0.46673577267144345,-0.4744464941972453,-0.1610526561249072,0.4023801769378023,-0.6292214262378261,-0.1748388403368938,0.2120670205419366,-0.4530197883537731,-0.095209868608573,0.2853763069119631,-0.6131943496992723,-0.15366395986735296,0.333754929687634,-0.6757039900606429,-0.1960291683343401,0.3803236251811961,-0.7117714657690758,-0.22700946802695077,0.047374485036966694,-0.5114862118082895,-0.08686541103983024,0.07741519731907981,-0.7640241413006618,-0.1414200426368194,0.1331378686384216,-0.8971881270761272,-0.20077975934296946,0.19985130271709872,-0.9999978335087789,-0.24870682037030814,-0.10345253020622026,-0.5039097885397217,-0.09031646463950149,-0.15515348525315936,-0.7323768215499159,-0.16616134891679843,-0.13678122539765517,-0.8701867845112782,-0.23558563851427472,-0.08659926111979754,-0.9845686747640311,-0.2845738656147897,-0.23993326325331413,-0.44527930168538227,-0.1001000119709184,-0.3399900491120762,-0.5991125317635787,-0.1725827587483006,-0.3826265820268816,-0.6914533662124831,-0.2158789995685336,-0.39676437909191276,-0.7838167343593562,-0.24721761088543304
15,f,0.0,0.0,0.0,0.3043944442091835,-0.11544312266608707,-0.10713731234157768,0.5361829348424155,-0.3353325563951748,-0.12640273381363,0.5794644889507922,-0.5184480926677296,-0.15830542269691916,0.3521465998872809,-0.586078620106969,-0.17981207772117902,0.3150726288666344,-0.5060999045314666,0.06313216044821687,0.3243371055946687,-0.6743117649928412,-0.07181958151448252,0.3210380554756814,-0.6278422155321539,-0.19401827582933245,0.29850469149972486,-0.5470691563431209,-0.25458492685959977,0.11623301877850159,-0.5292696262604096,0.042844892404419424,0.09944074812768056,-0.7431219423176824,-0.011337893520929654,0.08333103613696309,-0.881888026359379,-0.09397378772270959,0.06140326249955496,-0.9999988863181062,-0.1555997322884109,-0.058689822154400266,-0.5051443555976285,-0.015482947966039462,-0.0901960860128279,-0.7059651614814774,-0.0809675519679422,-0.0956252900246159,-0.835038580646635,-0.14168129414053454,-0.10494702003194413,-0.9409788538009842,-0.18124709382758494,-0.2308033027553884,-0.4455876358189518,-0.09264516314486979,-0.25746155806505133,-0.5987247244374011,-0.1326282645597822,-0.26974867603673414,-0.7034893305429689,-0.14545199511482945,-0.2688792227588313,-0.8039882852235346,-0.1559910294108661
15,f,0.0,0.0,0.0,-0.24719444485754047,-0.12480586447969547,-0.128753941220807,-0.40035538182772035,-0.2921127704151902,-0.2148988624054861,-0.43796859159026685,-0.4424852710401367,-0.3168163941436434,-0.3660987388689334,-0.5643840448805516,-0.4094261512276448,-0.14134651481037167,-0.503604520949717,-0.01790916584772951,-0.2383062511263753,-0.6542184397512104,-0.18952789504768508,-0.27917006477473766,-0.6607474476800212,-0.33897692682824826,-0.2771915396753232,-0.6445186828808287,-0.4273123694558742,0.06654350376614185,-0.5301385219846363,-0.04266457502414294,0.04367066256146654,-0.7540991667850842,-0.14173426772613787,0.041014095657461155,-0.8864521695876729,-0.22867921901381244,0.03681748062589721,-0.9999986480891541,-0.29532109101727727,0.26743517523851146,-0.5124759942964918,-0.10482601354353834,0.2830156726043528,-0.7284006611986051,-0.2043709227367047,0.2978408114965789,-0.8553420209405701,-0.2576481310618371,0.3044812617946035,-0.969245026385353,-0.2877209108002879,0.4519263655785038,-0.4518511037037058,-0.18621987779378185,0.5030148352968563,-0.6287377423527175,-0.2504695664170232,0.5151363484682868,-0.7385610142963375,-0.2643769979467162,0.5155983951386206,-0.841311765093253,-0.2714019969406775
15,f,0.0,0.0,0.0,0.24160731201671223,-0.1463342666294345,-0.05406520409331715,0.3751723210394805,-0.31494345692251174,-0.060766529298768426,0.4217661709713559,-0.4950422301106054,-0.06803647243455943,0.4380147530200897,-0.6517802439966889,-0.07227643052713897,0.12168188065497787,-0.47805952603349017,0.04093434851376728,0.19125620022715475,-0.6328075384469464,-0.01933480593468215,0.2909319676822234,-0.6542837994939064,-0.0824148510449911,0.3886011095737387,-0.6431755928024893,-0.12194799185477025,0.0017174967664656236,-0.5257222072231451,0.02831832387266581,0.05088313702628799,-0.7473897370803897,-0.010587342390737354,0.16567900412251707,-0.8382386011975373,-0.06608100941227958,0.29027026367085024,-0.8850874625111357,-0.10660796934406629,-0.11882427548270952,-0.5328386763168894,-0.0030485435893724453,-0.1538600360533664,-0.7799682560019158,-0.05224248253563409,-0.09481474201782422,-0.9140592056268272,-0.10992277097123714,-0.003606993114212647,-0.9999981770852008,-0.15071789623250983,-0.23849110987448197,-0.4912010328918747,-0.040421290451051105,-0.3455911637409008,-0.6325255808263367,-0.07830548170588762,-0.3656745867383053,-0.730254917138591,-0.10538852300758957,-0.3462224989064318,-0.8136336427766052,-0.1271725742086082
15,f,0.0,0.0,0.0,-0.18878849998309574,-0.058382770401240486,-0.12517703437028818,-0.3504448414257302,-0.15838114860706878,-0.24100440580955582,-0.40275134485900627,-0.24052006568553747,-0.3623001106278216,-0.3240588466473814,-0.31670899697405885,-0.4754349388655937,-0.15666627476096975,-0.46126447513419855,-0.11004566643738893,-0.237979750900032,-0.5606046389339432,-0.26049205859465463,-0.3004614523196893,-0.4856610166721646,-0.39052116218587934,-0.32531532258920753,-0.39076378031398973,-0.46418379673123394,0.007799179408963895,-0.49158692627640027,-0.1312462527180936,-0.008497309596622097,-0.7261446116882277,-0.23509281124008127,-0.04413267798316445,-0.8780816979113951,-0.3323891721861385,-0.06686530957472041,-0.9999986712783943,-0.406514718920587,0.16229835986194824,-0.4562969402776489,-0.17520569502125477,0.2807394131148089,-0.671907815905117,-0.2829124719522576,0.3404545311220589,-0.8111750865904621,-0.37123463266924994,0.3936663070578905,-0.9210942788731131,-0.42701032438842274,0.31239373667514425,-0.3758239526940628,-0.22832387874503135,0.4651686187224911,-0.5397972706205355,-0.2937217091615367,0.5478570905794238,-0.6506582456742062,-0.3214555941493355,0.6251565359338945,-0.7582828745011649,-0.34335512239698635
15,f,0.0,0.0,0.0,0.22275307356210253,-0.08621339798479223,-0.16675947462497512,0.34035024476952064,-0.27061257867043315,-0.35908767413034676,0.3795285642453038,-0.44918149224740145,-0.5249704722350934,0.37419442618044185,-0.584798201902477,-0.7091627775497709,0.20632146269398657,-0.24019667898599945,-0.5828458773897399,0.18657112179945773,-0.44192919830603655,-0.7636130473714046,0.14238917859154432,-0.5726169395650642,-0.8683420413387224,0.10827312018082948,-0.6861325948552754,-0.9377794413878011,0.03879753435639839,-0.25141564548274353,-0.5845687423439818,-0.04969964472844876,-0.4463054025757288,-0.8098510872061108,-0.1049088032035043,-0.5862894493916133,-0.9177383451326303,-0.14157887500838773,-0.6816190934157769,-0.9999988002790239,-0.10400671789251102,-0.23514643142328917,-0.5648929137676499,-0.18798993072973263,-0.4221432459580892,-0.7620255488455187,-0.2426558000133279,-0.5306259588497012,-0.8434689428136793,-0.26175372906997746,-0.6184115166921901,-0.8950423363652718,-0.20265984728777084,-0.2038677048373537,-0.5474584614884068,-0.27982386009452975,-0.3344729247766123,-0.702550274117915,-0.3220273832645578,-0.4236464354406409,-0.759512367057579,-0.3365165073384487,-0.4990624836543027,-0.8037297787010257
15,f,0.0,0.0,0.0,0.26211450730803637,-0.10499859677054946,0.013797257111895153,0.4242842836312562,-0.2898421850688141,0.05110082733541199,0.49803721605064144,-0.4683083417580449,0.06224588861987905,0.5514548566917579,-0.6414758834589661,0.07501279750945102,0.18039086208542626,-0.44155788872554624,0.27116547683682957,0.2689116756120216,-0.6071321262322933,0.28903611655450706,0.39613469332797413,-0.6606763697970045,0.2582410545295605,0.4966523900245876,-0.6776380660230122,0.23357432321596516,0.0942088379326238,-0.5016070640796089,0.22866150618706502,0.1956712562327309,-0.6874234581167925,0.22966192500162985,0.35127661264587395,-0.7160445568279347,0.15813635388676794,0.4819080394749344,-0.6844657859184107,0.11377989579128871,0.005433786713607614,-0.5618951788989678,0.16342535701243394,0.08186415562540915,-0.7991007853039104,0.15875690785200325,0.2353287920863295,-0.8854464466515435,0.10454097790456304,0.37830494608544074,-0.9084229930448795,0.0707353167502952,-0.08937450843555536,-0.595399193558721,0.09235787470957095,-0.04414639908094995,-0.8209514090985722,0.10453600934546024,0.031079873740198743,-0.9368073505696964,0.09609794916242752,0.11029425081167361,-0.9999984946530153,0.08532305674682865
15,f,0.0,0.0,0.0,-0.2849171893412785,-0.12051373944666348,-0.08649853673397051,-0.46239554702129365,-0.2944264357498425,-0.14256474050375365,-0.5274152533019498,-0.4514252319784777,-0.22175614322735496,-0.4909707499506253,-0.5726144802256101,-0.28525456278053923,-0.3438512748647561,-0.5009654134214541,0.056943937669426195,-0.42438529427169996,-0.6778485399295356,-0.09833900322381578,-0.47853154779325746,-0.6638851684736762,-0.23545982662415774,-0.5031620904875721,-0.6209278315451419,-0.3152956715352175,-0.1693183519450479,-0.5358607915169656,0.015893546102141134,-0.2644709551493594,-0.7588969205707642,-0.08397163746517983,-0.3369836086412019,-0.8893990450116518,-0.18668044649401436,-0.4059743526560692,-0.9999986750269415,-0.2634306965648429,0.02064244645763079,-0.5282773394732152,-0.06178193152544401,-0.07305114145068942,-0.7467911884443754,-0.1648888611250114,-0.13535692685992323,-0.870422882552512,-0.23547419999198205,-0.19618004409589443,-0.9786683997392782,-0.27916199226309385,0.23069555461319183,-0.4801297162436798,-0.15362790000013254,0.16110286658976974,-0.6584380964282752,-0.2212458294386802,0.09393390745936091,-0.7679478381871938,-0.24345511119462182,0.025359675213205007,-0.8691947493490173,-0.2583869672821934
15,f,0.0,0.0,0.0,0.2565539134331689,-0.12110743116488373,-0.07569912945166296,0.4410795190082848,-0.2820864940275059,-0.09619770769591311,0.45961038921870945,-0.5115434752327409,-0.11297649302816135,0.39700882526650805,-0.6688608037685229,-0.1279942625726087,0.2858709899986684,-0.4953385698972876,-0.01159981781236157,0.34078129141080005,-0.6524089020046934,-0.06643756901084953,0.366803568204338,-0.6534847236747102,-0.1180541985236269,0.3964545564423937,-0.6311050303914983,-0.15321963982463238,0.11760135860304387,-0.541035302998933,-0.020497606728788146,0.168030859997418,-0.7721169731859492,-0.06364222115251122,0.22021241557955745,-0.8940326977074609,-0.1266905722729216,0.2818816048431323,-0.9963637660636867,-0.17757815874308372,-0.04187289202347772,-0.5294762507120282,-0.04385749419739145,-0.05992879743202009,-0.751346194013223,-0.10817629022968595,-0.04026299581983738,-0.8846339127661036,-0.16820687241005464,0.00821164915035122,-0.9999979404013768,-0.20999093103865973,-0.1989717048323662,-0.47737246463156685,-0.07263015739703478,-0.2519284388175777,-0.6370894764097355,-0.1238007094573594,-0.27319001904430373,-0.7315405668881574,-0.1459367438944002,-0.26396865536940306,-0.8207306457183325,-0.16258885455491354
15,f,0.0,0.0,0.0,0.18198013990844022,-0.15145347466292067,-0.09657586653822993,0.2869580778453548,-0.31006532599061626,-0.14087727049161328,0.35338090473280886,-0.4867414511660125,-0.18032930800908853,0.3767405280708818,-0.6531910637245396,-0.21580710090328292,0.029653543577685133,-0.49542461513499586,-0.03585195681742154,0.11504557136002581,-0.6559876230938112,-0.11753457145563334,0.2326777176575361,-0.695985398579433,-0.18563518133821696,0.3379545079979555,-0.7080711473270358,-0.22790656141272694,-0.08009214873329902,-0.5252236954020978,-0.036700812113200365,-0.03874062601756697,-0.7452069310143484,-0.10361533613364496,0.07921331588279465,-0.852616848081992,-0.16343208479939106,0.1957931275390343,-0.9237469203478144,-0.20290276982062702,-0.1786782885758786,-0.5066624501934454,-0.05745974872298913,-0.25146356989498414,-0.7486111405259688,-0.13119174472972134,-0.2073120906409785,-0.8937929981022901,-0.1959587471347251,-0.13397440010155592,-0.999998347969909,-0.23875404205911907,-0.2600610661239183,-0.4341843911145161,-0.0869766793341792,-0.39275862302407477,-0.5543769196841625,-0.14875721323755234,-0.42270397849559405,-0.6576098943780756,-0.19106470669558304,-0.41315222241744554,-0.7508788739206036,-0.22220781041195636
15,f,0.0,0.0,0.0,-0.22455404615596533,-0.043123800385218417,-0.08014030572801732,-0.4131288950420712,-0.21285045273829786,-0.12484447558562098,-0.4644963763898463,-0.38175884519467485,-0.17359631177062354,-0.41979165365393406,-0.5105400376983519,-0.21741932629514035,-0.3112240017238947,-0.4259138299707971,-0.03605341067998859,-0.3663731928175081,-0.5804063849486585,-0.1419980116423119,-0.39101309924479144,-0.6145904084656821,-0.22990367234505601,-0.395367436112395,-0.6179998099585208,-0.285556004814612,-0.183053894557128,-0.47334017358367103,-0.0575618060742847,-0.25470506567833373,-0.7093643215900232,-0.14541969809116725,-0.32189473000060026,-0.8697130520729223,-0.2226253832546818,-0.3795946141132939,-0.9999985158785912,-0.2739868714015919,-0.04373873375515648,-0.4784743342479644,-0.09763882679169772,-0.10513113728494783,-0.7143405359791206,-0.18946376442102164,-0.14462752520268726,-0.8651484887572632,-0.2509717195173068,-0.17784569242974926,-0.9896159920065837,-0.28291333496011595,0.10980680702549969,-0.44595942822941964,-0.14537850865717786,0.06064867162908586,-0.6412695733614744,-0.21766938209654615,0.01883541398653196,-0.766647689300163,-0.24807773329886132,-0.02102631591751894,-0.8735440122184891,-0.26276149560571616
15,f,0.0,0.0,0.0,-0.2720556398241482,-0.0875034480365618,-0.11126035076304587,-0.489742520191735,-0.22235921497925082,-0.23218113427252127,-0.6594524301990689,-0.28864597458935465,-0.3629619062471048,-0.765883375670432,-0.3335441634451649,-0.49170803330451696,-0.2563965771063674,-0.5241252978217392,-0.1522304821916016,-0.40903187146210157,-0.6783087469862411,-0.34109021991033545,-0.5611747763583497,-0.5788921056747968,-0.49744972847783386,-0.6453193815156226,-0.46610005744361993,-0.5859707781603782,-0.07355883870744612,-0.5334329686456858,-0.19936146618489303,-0.13604505669918757,-0.777103018897065,-0.3403244210191991,-0.26686508484949284,-0.9007229497441004,-0.46172772532060896,-0.3822516822530489,-0.9927419747382535,-0.5428495806701406,0.1097153060085899,-0.46606835146619713,-0.2677358677632508,0.13904891887259901,-0.7163014904897618,-0.39325009723689003,0.08821457475223414,-0.8706087774726662,-0.5027985705679536,0.03725631998197197,-0.9999983707870391,-0.5764601987917919,0.26738840341712333,-0.3437908750093206,-0.34361171909338456,0.4497935227366618,-0.47905648905067066,-0.43271748429371426,0.5222369713777126,-0.5855372027101783,-0.48333925755778984,0.5546853445046181,-0.6935960777543301,-0.5207577975559479
15,f,0.0,0.0,0.0,0.1793146696276487,-0.17402085245624455,-0.07070609854343825,0.30506146764980474,-0.345546764804358,-0.09151809088761348,0.3391413138095092,-0.5271307942130388,-0.11199345390539871,0.3082147118855758,-0.6793985995256764,-0.12863735743564875,0.006273139456838799,-0.5197205346938764,-0.01175138351188991,0.0431808736113061,-0.6925229280275452,-0.08470559720593461,0.13767300216651218,-0.7327537694886099,-0.14794948716364192,0.23233567161804675,-0.7493409729156093,-0.18708157348580193,-0.1164630288151881,-0.5405357424727771,-0.02393834183139235,-0.11489467616842819,-0.7641812844585956,-0.07827223674603682,-0.03212296393514056,-0.8879981777111713,-0.13111808862669214,0.060599497799181806,-0.9900284714577862,-0.17088698353525666,-0.22136655708265637,-0.5195890365464689,-0.05453248305577362,-0.314941723298621,-0.741824565922818,-0.1215481076014623,-0.3062205492583964,-0.886351604001469,-0.1787717209058894,-0.26011119834781576,-0.9999977255950282,-0.21839068928620808,-0.30813418621592625,-0.4505903318205602,-0.09323981849986115,-0.4417762956865478,-0.5738007068138565,-0.14789917556574853,-0.483625377751327,-0.6560271762132546,-0.17895207332636073,-0.4846257126273268,-0.7297530359908115,-0.20287278948004722
15,f,0.0,0.0,0.0,-0.2465017569286736,-0.0556394082882611,-0.11110804660462682,-0.4366737822358044,-0.1557875268597762,-0.21295746969620222,-0.5524983346029667,-0.24326773094067058,-0.32420517915928504,-0.5428500377353387,-0.33730397796295186,-0.4221072607152945,-0.36606461262024625,-0.46118905170806024,-0.06283178554791354,-0.4862332216666198,-0.593476148837351,-0.2662878510531888,-0.5178549151819847,-0.5174942397375416,-0.4317542846575643,-0.49897007302116686,-0.4185583041172247,-0.5151108470407915,-0.17195964574566336,-0.5116805111745326,-0.09348509115235049,-0.25763317095419463,-0.7364461129190911,-0.21584691081186727,-0.2817871682982458,-0.8706378643944036,-0.317021464679587,-0.28694498229156,-0.9999986652410197,-0.38594667338308936,0.03151739319383299,-0.494614878245072,-0.15545313625571414,0.11031529163825148,-0.7024578920472899,-0.2750542891000537,0.1864949417366631,-0.8223094631216538,-0.34912185768744425,0.2458654533652776,-0.9398796735018238,-0.38998904675242335,0.22346451291287825,-0.42674957879680137,-0.22702060982662872,0.3593050607372281,-0.5776285463599525,-0.2931080701176814,0.44829956864728976,-0.6683646548334428,-0.29969732845513203,0.5278699736684244,-0.7610354905145407,-0.2993355590904593
15,f,0.0,0.0,0.0,0.2570486193260441,-0.17915047734320005,-0.03132544590914994,0.401185464039351,-0.34408880325876107,-0.03143240636183972,0.48672106420079214,-0.502511747892283,-0.03975359557899477,0.4849335359671278,-0.6672217184800788,-0.04394579008462646,0.1353338255418268,-0.5395030559441736,0.1208055744270559,0.19917945634107426,-0.7289862608474288,0.08758075710902066,0.31960478924151,-0.7547061252187458,0.025841804728151493,0.4323304587296627,-0.7381705530004824,-0.01613548734974146,0.03470515934383046,-0.5640468499568617,0.10273320957164786,0.06731759336697204,-0.8151890355415743,0.07981263921975633,0.21016008417195978,-0.9018296508357513,0.003816348728531771,0.3349742473423774,-0.9041317125105682,-0.05203723052572397,-0.059023108363081146,-0.5559632755845587,0.06641577736867613,-0.10378968769336971,-0.8267715904866569,0.053112218049620026,-0.016517063821099583,-0.9474046854637609,-0.009744293822680468,0.0794906300036379,-0.9999985723247032,-0.05843276461762269,-0.14900944619191397,-0.5045992398041188,0.022714239288053596,-0.26073847040382764,-0.676875102768145,0.016913849886937327,-0.2870036304488245,-0.7940896542410625,-0.011462833734431003,-0.2858436857971498,-0.8781090337424363,-0.03635598836947363
15,f,0.0,0.0,0.0,0.1734197862608904,-0.17533655592982456,-0.06300928782102246,0.2847928415197166,-0.3335895813779534,-0.08979260785470293,0.306814353618808,-0.5004261130643091,-0.12146471604621681,0.27451302151926543,-0.6535270450432018,-0.15162946238246727,-0.023225729059745615,-0.5091337609216838,0.007274862189475378,0.005662934069283724,-0.671322839867047,-0.0714646423486002,0.10100513940553021,-0.7090166186055348,-0.14648938116485172,0.19405714093394233,-0.7180406041079856,-0.1920084885045883,-0.15705140378264837,-0.5266267713085829,-0.010405346815783005,-0.1500805851288226,-0.7455893740119958,-0.06663401403469686,-0.061639990575099904,-0.8706843315870898,-0.12288254021798332,0.030748047938008945,-0.9668547244499165,-0.16233730783488476,-0.2791551394868451,-0.5007996913862746,-0.047892792829370555,-0.380415915466997,-0.727081170662936,-0.1111309896022593,-0.3682516228042192,-0.8806915014112243,-0.16598398592023775,-0.31823855460785033,-0.9999975810095715,-0.2035831805679461,-0.3792713902953406,-0.422852019403387,-0.0929775306622715,-0.5274118480986647,-0.5351817292998977,-0.13804239826649786,-0.5708441128326075,-0.6317245470201682,-0.16242990940851743,-0.5735573497537751,-0.7198972494387262,-0.18232690206458665
15,f,0.0,0.0,0.0,-0.2925345484790407,-0.03692830562688142,-0.13837542728796487,-0.5541478841857591,-0.12927869690762678,-0.25032025396149515,-0.682613103710916,-0.21002985877779523,-0.36833381650119185,-0.6378676402601308,-0.2911552176142655,-0.46846288529002783,-0.4652666380054612,-0.449343325543904,-0.11347896974750545,-0.5934816478233544,-0.5925261701866309,-0.29524534335118735,-0.652795899088177,-0.48968638666767456,-0.43327259265162904,-0.6522259696726478,-0.3805746184618415,-0.5062928048769422,-0.28331259616452176,-0.5065527736573276,-0.13653405871318788,-0.3962949231525027,-0.7291187129058623,-0.2559988616599952,-0.511098403401287,-0.8575473366864815,-0.35541639522419893,-0.6001486912422814,-0.9705739291858193,-0.4284628599656534,-0.07379998646101724,-0.5011148651552353,-0.19097615634693585,-0.0994819596054855,-0.7300576238462563,-0.3120631478464453,-0.14907511013119196,-0.8735078146466829,-0.40703151541965643,-0.18951722081502836,-0.9999985294018903,-0.46866593688816277,0.15040956190326477,-0.44830006194752914,-0.2572650744209961,0.26026034501256246,-0.6218753437244392,-0.33472402175442767,0.31132389940561794,-0.7323546532677654,-0.37635262345158366,0.34101878220439946,-0.8370420616998612,-0.407040105558494
15,f,0.0,0.0,0.0,0.21206742706943052,-0.1620443989260809,-0.0642752918162118,0.3273605863424969,-0.35375237349108973,-0.07236751750284288,0.35728447243009726,-0.5441016382844323,-0.08014548755420434,0.336887653376164,-0.6898749726124321,-0.08674207740390734,0.08072769788309561,-0.49790092753775894,0.015950956526386017,0.13643051539913775,-0.6382737616042377,-0.03004324934134911,0.2165205449916557,-0.6991618524874306,-0.07238554077061,0.2914818310463729,-0.7351819877421314,-0.10155402809024375,-0.058762074525163285,-0.5286111357976895,0.004203998679136833,-0.04601051796353691,-0.7523009628569944,-0.024907033416732748,0.005667456934415003,-0.871378556048675,-0.061916500685693814,0.06589613160443902,-0.9676539508702856,-0.09114301323512737,-0.1826793374244806,-0.5027728314328695,-0.025747868473979044,-0.25376103778381354,-0.7331744587925826,-0.07660491929474801,-0.25065123254714167,-0.8821720241842664,-0.1285351599408043,-0.22246969106265535,-0.9999987610540072,-0.16593275285799605,-0.30074267987650405,-0.4214180992179506,-0.06217143876978724,-0.4213523754450943,-0.5556014154374215,-0.11320731456101388,-0.45734230730305553,-0.6643791703358229,-0.14815749079386833,-0.4622473684723375,-0.7654945671762813,-0.17525116537457833
15,f,0.0,0.0,0.0,-0.2571335092343791,-0.10060498117548837,-0.0740994191670282,-0.4251778059849195,-0.24008131094436974,-0.133726424632633,-0.49460787933749656,-0.3650019299935478,-0.21185148505442997,-0.4658207113423935,-0.4701526317779564,-0.27835899328324387,-0.2916346442177598,-0.48871706529224435,0.013991787609678735,-0.38346431605567105,-0.6353644518538492,-0.13885744605801778,-0.43647806897476343,-0.5882154021516199,-0.27404672703265814,-0.4435058613778184,-0.5131299995031352,-0.34916660572049335,-0.11975855294524977,-0.5286110812295748,-0.02061243540125928,-0.17645519150963535,-0.747477080156947,-0.1091757791514861,-0.22665482248881086,-0.8813591141836826,-0.19378766474757778,-0.2674585348142801,-0.9999986374276584,-0.2600695153195357,0.06012564411778326,-0.5157485541809649,-0.0852314185778925,0.0795626584725464,-0.7314350826100735,-0.17263259443184822,0.07726579894634758,-0.8566207489017024,-0.230111217789841,0.0783952648574132,-0.9668358143746361,-0.2671133072037498,0.23776041158861205,-0.45650848540612116,-0.16181694516828088,0.3424861931424393,-0.6147049390719403,-0.2073147387737741,0.40070903602125246,-0.7181022763957179,-0.22240838128767765,0.4447798099131586,-0.8179963770707708,-0.23615451419994732
15,f,0.0,0.0,0.0,0.19330417733294009,-0.1637308788946376,-0.0712221298557512,0.3104506592832567,-0.35769795773604224,-0.09138440317679543,0.34852653678858625,-0.5487074280494998,-0.1113526243470047,0.3237520321665103,-0.7036193480665653,-0.13064136963758963,0.06186523377435712,-0.5114333907524674,0.003110136719997687,0.11995972477194526,-0.6470113068116826,-0.04702821867164321,0.20376069874868072,-0.7018862628804518,-0.09048523437413822,0.2808431853716779,-0.7206191525320591,-0.11755561942250449,-0.07793804686171253,-0.536829140941332,-0.005095934536004573,-0.06989782674590957,-0.7560510878167436,-0.03581003477172073,-0.01176409995818662,-0.8805484867212238,-0.06778984618871872,0.056098819369273266,-0.9844657603069646,-0.09046675321691584,-0.19976656865088252,-0.5075180989245662,-0.032190317701628376,-0.2711913643433283,-0.7351874747470396,-0.08303459617579559,-0.2614737591958181,-0.8810799666672181,-0.12944197370247565,-0.22717449150129637,-0.9999987695937831,-0.1609218748585907,-0.306041986561651,-0.4201983712830304,-0.06627972663056282,-0.42527768266423943,-0.5519131387793648,-0.12007809570406398,-0.4627199204933731,-0.6638081852373576,-0.15291826870208644,-0.470000506376996,-0.7702423430878398,-0.17567033335304527
15,f,0.0,0.0,0.0,0.2637771914043771,-0.15421413255272803,-0.05830728543171771,0.4277081905596765,-0.30667048655853,-0.0692966224490879,0.5187814469034243,-0.485831337728906,-0.0833797198298972,0.5589839349949193,-0.6605891942305561,-0.09685529314608922,0.15787999108529985,-0.5219421379891419,0.06137932855933523,0.26003229205586137,-0.6723452147737397,-0.0015755462122976557,0.39433928894908166,-0.7042569407148479,-0.07444809523939076,0.5248364194030636,-0.7034846202656403,-0.12100424463177901,0.03882380812887679,-0.5707791042807961,0.046095928869225075,0.12858072516609256,-0.8057948294242929,0.006281028816446362,0.2655586574184011,-0.8736063488580577,-0.06147094983966522,0.4022419829931005,-0.8691546164824471,-0.11298505830056257,-0.08330005048283962,-0.5849600177685467,0.010548641310183137,-0.0776404307290314,-0.8567560362277041,-0.03483818717109734,0.01650585325002349,-0.966243300140177,-0.09470651033709321,0.1341933664286689,-0.9999983371976904,-0.1404022608036354,-0.21218673050638537,-0.5578631411803714,-0.03315878353982415,-0.3220249703304085,-0.7285559954177754,-0.06596819262865665,-0.3149369170220024,-0.8227865978597323,-0.09394210016390132,-0.2663512955695128,-0.8811009048706568,-0.1187305079560729
15,f,0.0,0.0,0.0,0.16881935782449042,-0.08161264691479606,-0.06942654737784909,0.32007693621319405,-0.2712531709326237,-0.08849299722851132,0.335681141490157,-0.4549915060640081,-0.10823613648726206,0.21065697214634083,-0.5313490866368075,-0.12025750255926096,0.190600928075564,-0.5030850736147459,0.00565653196104848,0.20052923310084367,-0.6813924480273367,-0.06577851374082265,0.1927560611194253,-0.641925372903152,-0.12390171058567459,0.16764532229445928,-0.5587931968014067,-0.14900738487142676,0.08355820011773371,-0.5312446148196351,0.0038352177125052307,0.07689031987126481,-0.7518880211818361,-0.022335620467663648,0.07220757157385461,-0.8841838977846433,-0.05630823559667965,0.0643615037123131,-0.9999988764447162,-0.07859158867347002,-0.0043670224114748845,-0.5086388222032738,-0.016905809734117143,-0.02085562180227,-0.7164829241568057,-0.04867298650466286,-0.01817910072469371,-0.8452997218249896,-0.0709176398049478,-0.01754959105711669,-0.9516655929519474,-0.08199315085913382,-0.09649248077480724,-0.4497137371925105,-0.0481096255790166,-0.10205717881340419,-0.6055217998793195,-0.06789719884462238,-0.10314217890694134,-0.704309948382819,-0.06781776929035636,-0.10049301471225922,-0.7955171597454085,-0.06430515557211175
15,f,0.0,0.0,0.0,0.14894032453104258,-0.09723166334900171,-0.09536337947096854,0.2578516001941421,-0.2634725999180221,-0.1399903327050388,0.3107892707901547,-0.4370136485800454,-0.1661500095700477,0.3322204241623894,-0.6002378838822378,-0.18880829501161653,-0.04550645088362535,-0.43485868681502715,-0.13093062188072077,0.08544393130904109,-0.5616979907566182,-0.21197581976442065,0.20985295514753796,-0.6172640204715687,-0.2597317701251714,0.3198043563661741,-0.6220442763030553,-0.2829598488208268,-0.1627647073106974,-0.4945190136187823,-0.12079766377761716,-0.1180391551699978,-0.7284617486506295,-0.18949013509004248,0.0018981103680711995,-0.858755749856945,-0.22219052856386012,0.12514639883635523,-0.9341006780972716,-0.2346609244150979,-0.2666260025249913,-0.4900529256654231,-0.12213898820801943,-0.3391740320737114,-0.7202623501630651,-0.21634231266909792,-0.2834643280242515,-0.8846700022237448,-0.28582628589033576,-0.20260720942271343,-0.9999974288476334,-0.3226703237977176,-0.32867952229695924,-0.42539541394165,-0.12397847944761077,-0.48215068401478,-0.5258885996234838,-0.21194865573690938,-0.5739238720470988,-0.5909284000165196,-0.2590071917213734,-0.6346004169971283,-0.6413369808804513,-0.28388566707582774
15,f,0.0,0.0,0.0,-0.21738033164024229,-0.13658406716401497,-0.05778031155616537,-0.3227148500238418,-0.31713198354593164,-0.11308794059636773,-0.3542566234822178,-0.4672518633169133,-0.1979674465113842,-0.3327450634641765,-0.6000211819733944,-0.2746587554413335,-0.02071124285469801,-0.4933667749451387,0.041375617679340525,-0.03462045583780654,-0.6672059038114849,-0.13788262077715746,-0.157733509914542,-0.6784533217724733,-0.3016282841931721,-0.26096318005466285,-0.6437930224573258,-0.39434905109168994,0.11367167786789925,-0.5070987882743505,-0.023805514959147654,0.1349489566720776,-0.7387182071152141,-0.13128639010563858,0.093197223584537,-0.8842761850292337,-0.23980442975299934,0.046954813263245465,-0.9999986854225653,-0.31924362617454444,0.24700182187161254,-0.4801472811543475,-0.12139550150925048,0.2922339238412153,-0.7123542051930521,-0.21783770599872723,0.2896147538961324,-0.856874959840011,-0.28635747815869217,0.28724005130464564,-0.9779518045840851,-0.3300394847256691,0.3738701922482849,-0.41594231860789427,-0.23253775519973513,0.4367622397380531,-0.6012718440453255,-0.2929984886675765,0.4431708887286396,-0.7258605563497137,-0.31138539155627615,0.43882571658323094,-0.8364554715337474,-0.32412280669546467
15,f,0.0,0.0,0.0,0.2294790024654752,-0.17830793628996913,-0.06167567348995496,0.37501063050374517,-0.3565846273979945,-0.07618436810588257,0.3804730300995961,-0.561179539871079,-0.08776649624218089,0.302639483593946,-0.7059441998460975,-0.09920705167234303,0.09466368508471427,-0.535191078807541,-0.009454633451782771,0.13602578719922792,-0.716673154686947,-0.06928048946193313,0.21256209669050974,-0.7643350385126774,-0.12500808379149655,0.29462745467293966,-0.7782576330834934,-0.15987382929112612,-0.05460376526516428,-0.5628463242172133,-0.017049867064539048,-0.04993148663717065,-0.7956724948965943,-0.05203641193075824,0.024700665039397357,-0.9034089168425297,-0.09676085879145949,0.11799220334799702,-0.9707972439814917,-0.13426417391137788,-0.18793347539796823,-0.544271063551674,-0.03937371539845115,-0.2500732863268308,-0.7883098712319577,-0.08372599125934327,-0.21393963831818297,-0.91480138222872,-0.13178509912926265,-0.13828162189991974,-0.9999981143627106,-0.17154582947279043,-0.3107650291831651,-0.4779150637370034,-0.06831521143207796,-0.45419491296838654,-0.6166880666997214,-0.10855373034131298,-0.49656264913125053,-0.7058247263626221,-0.13583496080777224,-0.49845680399203274,-0.780525437611081,-0.15891267466994924
15,f,0.0,0.0,0.0,0.32867660009194444,-0.09032408608251535,-0.12836564426483182,0.6044233766700245,-0.27755350265038536,-0.16769132017135566,0.6312127540507614,-0.4566248119412095,-0.21303949699021982,0.39382963116430453,-0.5355435641533813,-0.24197914344402194,0.36186582823357055,-0.5074225758468014,0.0356150843155241,0.37308098919662847,-0.6843573524435929,-0.10573057852147257,0.36262411641364756,-0.6467066552121776,-0.21875499901102458,0.3204319018860766,-0.5642485238203359,-0.2641741944116423,0.15534012055815785,-0.5341591107293405,0.028669750760540964,0.1399575792034302,-0.7536615072451954,-0.01956083537124454,0.13101721601812918,-0.8844323363529025,-0.07427807599812719,0.1182039283328849,-0.9999988799115525,-0.10468732306629115,-0.01865490401949906,-0.5094456123349765,-0.017446370804371003,-0.05161657226838063,-0.7156346368538362,-0.07919022516888208,-0.04273102107426145,-0.8436129251976536,-0.10775830507344854,-0.041665959325998723,-0.9477922942788972,-0.11346229891279169,-0.203457571418711,-0.4492070337387255,-0.084520991742448,-0.21808663149149213,-0.605352042683836,-0.12535102647637758,-0.21764907023667399,-0.7072319452531672,-0.11924483880283572,-0.2113321384685349,-0.7994469448877446,-0.10217041117645032
15,f,0.0,0.0,0.0,0.23009424331098424,-0.04618215197651777,0.024047554414182874,0.36674171679353695,-0.1515631001707405,0.035607684715163526,0.4794584992044157,-0.27723261039286495,0.022522214621468865,0.49249286285192334,-0.45567343950343764,0.00647871916920827,0.24407026683723448,-0.42897986582214986,0.14435830877687436,0.33593383935273297,-0.6026372462711329,0.1223632749725371,0.4082109813157767,-0.5963505749385296,0.07841228498315847,0.4590098296836902,-0.5552707418328767,0.04523771978343647,0.16025146300019394,-0.5017898556466863,0.09121766090099626,0.23039990307001157,-0.7599262460271308,0.0781597883871232,0.31454936368571007,-0.8288037142159204,0.025842712214774684,0.39158274236492285,-0.8421206391106448,-0.018157003669969713,0.07560886497823861,-0.5402188972086006,0.023998163546677,0.1117156359537747,-0.816071687938755,0.006114384270871504,0.19457569334169225,-0.9397439679341915,-0.03579698413589206,0.2795405630661003,-0.9999973456936855,-0.07329345047562452,-0.01095644683846781,-0.5251621481057894,-0.04595300475093325,-0.01371292198418893,-0.7409634752935609,-0.05923011042174454,0.0257516764890677,-0.8615438770950682,-0.07592682419892036,0.0803022927273612,-0.9424892102419773,-0.09647650521253999
15,f,0.0,0.0,0.0,0.18973000332302856,-0.17331097125217673,-0.08178041671011897,0.3007999898041079,-0.37982625229167205,-0.10349019325583751,0.3330493428524939,-0.5661228000697954,-0.11588599829868652,0.32881548778922925,-0.7157670833085004,-0.12384796742202374,0.024703662655789067,-0.5189046386385298,-0.04819485351570858,0.10273562577952529,-0.6772537265023078,-0.11186663411916764,0.20201277947158267,-0.7167438104988327,-0.16426106662043763,0.29503484533622776,-0.7308200736555399,-0.19840732714142922,-0.10656255085459895,-0.5373091964707365,-0.04709013295081999,-0.0919419831316835,-0.7669682418779556,-0.09439750237739626,-0.0014415674448708265,-0.8839848076823179,-0.1409614249550676,0.09342574976167305,-0.9652319158999452,-0.1762039553836202,-0.21127582521425703,-0.5031153049720801,-0.06110693312757345,-0.30335782307810366,-0.7330136089386186,-0.12104997750348699,-0.28530977261802287,-0.8831653644291356,-0.18276315867178802,-0.23593109947110996,-0.9999985477233974,-0.22714811009539868,-0.2880683874507527,-0.4193359426788214,-0.08137770123028798,-0.4391792979581066,-0.5302087399420536,-0.138641984616081,-0.4931844300741424,-0.630405489619975,-0.18092432377008805,-0.508916243005184,-0.729153530452467,-0.21287119522360384
15,f,0.0,0.0,0.0,0.241873682354313,-0.1475883282124053,-0.0570157291431115,0.36895068231190414,-0.3354374257415114,-0.06927884640391271,0.43230583511045556,-0.5275231208332775,-0.08400671999953588,0.4818399651357731,-0.6943420286293218,-0.09537858304171605,0.10407605150278212,-0.4947758527119233,0.03630977332820323,0.18918757926707458,-0.6510004798503705,-0.03428793486133619,0.3133817116598741,-0.6873900840399425,-0.10292956735180786,0.43095347219795754,-0.6979747950999472,-0.14799732431183651,-0.011673016175202422,-0.5495731562526073,0.017124784069907112,0.04759066043077045,-0.7648898907830506,-0.05142517483044246,0.2017046129178376,-0.815671065567144,-0.11666496325867301,0.3510524851622737,-0.8049796166878402,-0.15797744186681179,-0.13431839858403505,-0.5638407953002874,-0.021893327649001947,-0.1639619622730824,-0.8378959827534632,-0.10096428354406782,-0.0614076871083064,-0.9521548222173724,-0.16971246325058978,0.07513385518892181,-0.9999982357010346,-0.21303349260393445,-0.25420126952087185,-0.525646953903116,-0.06634959652441708,-0.3874125392757639,-0.67201805033386,-0.13185713322319528,-0.38590311928629734,-0.7695706859306555,-0.1778572424057906,-0.333347888333165,-0.8375711422373896,-0.21105153429819185
15,f,0.0,0.0,0.0,-0.2842358155142356,-0.1301838901568041,-0.06653460575138126,-0.42774574075633687,-0.3274914461054755,-0.11423361559208055,-0.458859205794415,-0.5015957055955951,-0.18540693669213024,-0.35952351740850846,-0.6420320971306475,-0.2480023746983076,-0.20756392095255624,-0.4958362495938321,0.06074547704072637,-0.24383341391572427,-0.6549975661830651,-0.08556439135720081,-0.3028884244239281,-0.6547174338111625,-0.22335316512847003,-0.3195489635660808,-0.6234629659506151,-0.3111964600322644,-0.05898117232937412,-0.52317573291554,0.005276631284419809,-0.0763286953309031,-0.7533526741877477,-0.08763979250494473,-0.13109375448092492,-0.8904187353191338,-0.1867570592061973,-0.17306502224696035,-0.9999986904872354,-0.263357437667081,0.0894659591313168,-0.5050686757510172,-0.08331577099342316,0.0741734166501149,-0.738939087025575,-0.19111569724236052,0.03181153242958321,-0.8759172994568842,-0.25963984927439415,-0.0016686179566830894,-0.9908975495486462,-0.3009927613192521,0.24311969688906554,-0.44950903662162245,-0.18351809207417008,0.24676539842900164,-0.6468133533690027,-0.26844628143527055,0.22659602375809462,-0.7725521617443435,-0.29944454018164396,0.2022846082457945,-0.8859382564825973,-0.32039288422329176
15,f,0.0,0.0,0.0,-0.2201465499770054,-0.08588508944786527,-0.06750495283515942,-0.3648506353650036,-0.2287894557069104,-0.11943847026811849,-0.3980770295824543,-0.36368904323524043,-0.18563016180279146,-0.3558077651444293,-0.47965791993123597,-0.24004680388689761,-0.20688177405759722,-0.4637653248405384,-0.007848841507775605,-0.22552548716105694,-0.6508394528031106,-0.1505028969927409,-0.28431861254230806,-0.6530201270105125,-0.2612687946467833,-0.31593392880430593,-0.6099261123841094,-0.31616997494408117,-0.07099397961160443,-0.49098591522720936,-0.039220872103580336,-0.07557286673525866,-0.7282701969751988,-0.13570656178970048,-0.10497396989058658,-0.8776517682003432,-0.2133124468202406,-0.13191527124845517,-0.9999986457536524,-0.2613757679951707,0.06984651337202635,-0.47614105759138314,-0.09526317964723574,0.07109499990627097,-0.6997706888508558,-0.17470485527630877,0.05898547964588582,-0.8373753843496309,-0.22618502748858124,0.04249862853494458,-0.9525794449913193,-0.25208389869031944,0.21265466213906786,-0.42232109310869526,-0.1616389819806283,0.21469161550375804,-0.6043847678226156,-0.20558259827221365,0.1929781043049605,-0.7196154658572245,-0.21673050864817026,0.17158924642230264,-0.8196278177195133,-0.21904380478456706
15,f,0.0,0.0,0.0,0.19061392724429235,-0.1655023040792273,-0.08101442544146242,0.305874030961716,-0.33080336093980267,-0.12675237040394735,0.3718472812247159,-0.4887363963618174,-0.17014775533366852,0.36442781312875555,-0.6447915491499527,-0.20863680355298259,0.03425837694576716,-0.5123016731697138,-0.05403159934590711,0.0986938818407612,-0.7060786938174168,-0.15041936585451218,0.2159014724932522,-0.7141900637082518,-0.22823409763134608,0.3230166783898636,-0.6745313805112817,-0.2760090485046467,-0.062379629568717614,-0.5231297610541675,-0.0666492305380473,-0.05755566923021126,-0.7646334316499189,-0.15067549415331988,0.07194568157110656,-0.8814594330470988,-0.23323680723074058,0.19924661264493967,-0.9478494729099465,-0.2929253824054479,-0.14932225068821714,-0.4891685164284599,-0.09510878375731052,-0.2518593810059534,-0.7503908307066195,-0.17712721912292045,-0.2098360628995198,-0.9006423864183625,-0.2585697465891708,-0.1413811485272903,-0.9999986638828425,-0.3154569477380366,-0.21642406222368124,-0.41104541330753314,-0.13011285849961415,-0.3552816964583618,-0.5423311508049792,-0.193741861383018,-0.3864927349798677,-0.6574101160978583,-0.2433000043706186,-0.3842055089728695,-0.7556175243987954,-0.2825895816923821
15,f,0.0,0.0,0.0,0.23483625201646316,-0.09843313878740577,-0.0727740482973171,0.39609428550815945,-0.24686151960802627,-0.09929403811206482,0.4645986702203954,-0.4243507445725373,-0.12345464851387725,0.5120334530109758,-0.5792405103157048,-0.1453198811197128,0.19281699571934466,-0.47572761925131785,-0.03233776135326086,0.275936831109462,-0.6137494982682499,-0.10205560184466692,0.3585912121509208,-0.6123136787926058,-0.16065894627753913,0.43229266625768625,-0.5845020909727425,-0.1963892422497629,0.06921170697476363,-0.5416049948762115,-0.04238177981461424,0.14448194872515674,-0.7473988157492962,-0.08799781847961566,0.24406997720896548,-0.7995509435103507,-0.12778709601293317,0.3432642305246805,-0.8144550837319747,-0.15526643603471735,-0.05397534361532915,-0.5564948650224387,-0.06908102512140059,-0.05618319389815759,-0.794314154643288,-0.1276000232157664,-0.002305439185542371,-0.9181787707718667,-0.1758270171332887,0.0784088692091063,-0.999997793436523,-0.21005333264761564,-0.17947388337684683,-0.514996959682676,-0.10224425289902041,-0.26981621821782037,-0.6667463224277952,-0.15144465337664864,-0.28646275437361435,-0.7557078137517964,-0.17623215246509114,-0.27090837219105013,-0.8227248883476705,-0.1947740933012745
15,f,0.0,0.0,0.0,0.17248997704814517,-0.20701066978565022,-0.03186259949121776,0.24179074793938823,-0.39581313689348424,-0.03843560930559173,0.2789089158137088,-0.5617271593255965,-0.05229570055836908,0.28579742234940414,-0.7084884346377367,-0.06328531396532802,-0.028847685515263576,-0.507637130769321,0.0569294271965509,0.04670235744020936,-0.6520548848991496,0.006790464831134474,0.15550283762018824,-0.7064825030889118,-0.04005682611471852,0.25189220695807796,-0.7210670817871442,-0.06722820743461924,-0.13016944031831973,-0.5233200128506903,0.0363254448365042,-0.12219843904419496,-0.7416606234867634,0.0009668956544364839,-0.02932397613485645,-0.8750176694666751,-0.03903335712425656,0.06392600832362148,-0.9690141045679862,-0.06452074519778975,-0.21977124882386934,-0.49338753636927446,-0.0022351397422763473,-0.32359456709808593,-0.7364911083509857,-0.05267455053375102,-0.3007637930647884,-0.886599665467908,-0.1091759990637298,-0.2511194380128828,-0.9999985182958272,-0.14599294160321327,-0.2894508972893852,-0.41677204375039184,-0.04426362845846118,-0.4408087347622228,-0.5297488322595582,-0.092805694847384,-0.47380645446253716,-0.6313229071627768,-0.13046597117631537,-0.4706942268917708,-0.7264147312043457,-0.1569226874960323
15,f,0.0,0.0,0.0,-0.31557519718471333,-0.13107432580025571,-0.1238776005022535,-0.4749094124075274,-0.31291980258308727,-0.19705931983990638,-0.4954953075234107,-0.49243086312301376,-0.2860422198633611,-0.34994382708038146,-0.6235911292901989,-0.3519602249035021,-0.24519573244677226,-0.5043222511350234,0.05031785654650791,-0.24433164041661318,-0.6792336034518098,-0.12649482952163182,-0.29579139924457654,-0.6627113548023179,-0.27905547726463337,-0.30337418362169705,-0.6131119065681395,-0.36198901626147023,-0.03963888996284807,-0.5261119700832466,0.02953061861087577,-0.023290304399279337,-0.7542641933952693,-0.06362148380530373,-0.03237022576367921,-0.8853261977182105,-0.15372807446842213,-0.02465659349696419,-0.9999986998736707,-0.2229640441167235,0.15569945690860554,-0.5055106924941122,-0.035960452568000754,0.17156394015278018,-0.7149872758886227,-0.1201955904849474,0.16037045921432003,-0.836998922643362,-0.1733715121834905,0.15087261503761148,-0.9472665741524576,-0.20925756300786613,0.3472591399100455,-0.44720174215064895,-0.122217000519941,0.36673304107168747,-0.6176435754385617,-0.16750697331659015,0.3517798046938095,-0.7256624023506257,-0.17817698520310424,0.33522493125218294,-0.8235980761667585,-0.18729807502551246
15,f,0.0,0.0,0.0,0.15267145678886312,-0.10112845523862533,-0.0519255693597961,0.28448998708770107,-0.2861504743725761,-0.07280323829349927,0.3399749737553461,-0.45107710846070476,-0.10044805590468207,0.2667895731158534,-0.5553579417705391,-0.12578081420679793,0.14950287785794583,-0.508070455668329,0.0019874022991747593,0.1543504977553959,-0.6983382930087845,-0.07830401836995696,0.1819031183579067,-0.6880333698233263,-0.14563602654920582,0.19169758001558465,-0.6134600059041763,-0.17866794932495111,0.04639391793759312,-0.5235159586956721,-0.013154174821566555,0.033177747318991105,-0.7489356618058407,-0.05211737896774822,0.02930748965929658,-0.8885024045130162,-0.09534607914863738,0.026035453786092625,-0.9999988721770842,-0.12719438123102542,-0.04354710421411903,-0.4908744194989354,-0.045554921598393326,-0.0625925592709197,-0.6963929798210708,-0.08471313056876366,-0.06618054552017777,-0.8364145566227957,-0.11441796984062598,-0.06669416655171853,-0.9496417265010555,-0.1357135377657417,-0.13691087729076137,-0.4242070751174393,-0.08684801398210983,-0.1534677189600038,-0.5736401413869741,-0.11776271631500004,-0.16240192168951903,-0.6803670356188257,-0.1300978811576075,-0.16242844135406231,-0.7836454995547573,-0.13893536609913384
15,f,0.0,0.0,0.0,0.23826081549030204,-0.15612968675205968,-0.08837401208252456,0.37695815111979375,-0.3133948698445395,-0.12812591345636448,0.4515818328190774,-0.48426286447241185,-0.16770893470504503,0.4504047292920742,-0.6523589900968843,-0.20395572874993537,0.154108116345778,-0.556002532108068,-0.016308222724856054,0.21677966992472208,-0.7426408871825582,-0.11582144931970582,0.3123617130490374,-0.7565654256256689,-0.2052375127782142,0.40951564211402774,-0.7198922683407725,-0.2607929565508167,0.027085571761727042,-0.582435330397916,-0.024303855784044183,0.06397798390245996,-0.8258062769409995,-0.10401497947914769,0.17147500902830776,-0.9015176199668292,-0.1835790949797777,0.29406373810199643,-0.9200948312552478,-0.24085746054711096,-0.09814397692832148,-0.5645055923028308,-0.05378527215253967,-0.13470141146497216,-0.8284961241339063,-0.13409887464513567,-0.06833415033212917,-0.9455357707532615,-0.20416175499390182,0.03369400322137538,-0.9999985179346996,-0.25265267833800664,-0.21703598256138998,-0.5011771133671469,-0.0929540379850168,-0.3419305094783684,-0.6586088135439345,-0.15805509570005563,-0.3537396625849402,-0.7677834651674421,-0.20518073354429442,-0.3167171727749006,-0.8499910062547169,-0.24139228073685648
15,f,0.0,0.0,0.0,0.26753839349369735,-0.06489405770329724,-0.11452501141836742,0.4304397253424497,-0.22017207236213945,-0.16171772216678826,0.46212147599258036,-0.4211241988382653,-0.185214911249788,0.43042983646273597,-0.5882265891474339,-0.21585841782354823,0.13033704913764113,-0.32989161455218685,-0.1954819018655082,0.19270843344458438,-0.48634378231662806,-0.27799214106982095,0.265492000834575,-0.5719145793388655,-0.33739469196353106,0.3411831006742674,-0.6542288068202815,-0.38109857063152824,-0.07047542213926256,-0.39329063509386886,-0.18578097393319587,0.003106722741077884,-0.6448340683714516,-0.24807583294266072,0.09836650283709586,-0.788016772257199,-0.2972160223263329,0.20473109122386415,-0.9030601643829119,-0.34532340399480377,-0.23723079349602866,-0.41671739113564243,-0.18287929408577364,-0.24121782834549824,-0.677496432624213,-0.26405184788156877,-0.1879308936596333,-0.8538798392655038,-0.33961976557931717,-0.09647591048693231,-0.9999966141250827,-0.40511969375221674,-0.373150619766737,-0.38105970539898615,-0.1836385430978743,-0.5401518004192438,-0.49675657084129055,-0.26684331212830426,-0.6075620734750005,-0.5916954668812923,-0.3203190436911523,-0.6189017931124192,-0.6885899393381477,-0.3681974675221701
15,f,0.0,0.0,0.0,0.19633512941321316,-0.18575333113195738,-0.06433551670541811,0.31245717481924334,-0.39080702953332225,-0.06592736651482817,0.3245087092142204,-0.5879225619408499,-0.0639363873774329,0.2774397106898239,-0.7318689228928519,-0.05830812509703963,0.024579814098958843,-0.5410981079751288,0.021135609624760843,0.04003789671384554,-0.6857486146165526,-0.02245529373780983,0.1130932177215058,-0.7274169226827555,-0.07156399086816688,0.19555445211204656,-0.7527454573346076,-0.10700575626529918,-0.11058221279709286,-0.5586737709117586,0.011959701465881562,-0.12994148746299558,-0.7788711276987542,-0.011760787485662193,-0.0661865402768582,-0.8991465903063355,-0.06061616866714254,0.013541363485616943,-0.9999976989473458,-0.10347213539613954,-0.22583065945579686,-0.5292782257167769,-0.015090894100762985,-0.332835362287389,-0.7301650658808362,-0.06399042582730283,-0.3291573188605821,-0.8647423391448563,-0.13096166800117376,-0.28974991644636106,-0.9804248763970587,-0.1815195925220107,-0.31426705142960787,-0.451188825358797,-0.0487749504789483,-0.44870175370723253,-0.5532016235185847,-0.0971733300157105,-0.5055513001978083,-0.6220874803738442,-0.13549374009582515,-0.5299226410891471,-0.6966457286243337,-0.16748461385598287
15,f,0.0,0.0,0.0,0.23866226693506826,-0.1978129086459957,-0.04469354334933162,0.3543640850868059,-0.3700635911230163,-0.04201396758136009,0.4282043302886709,-0.5268941533260524,-0.04770187202949946,0.43201314642049593,-0.6988820901559424,-0.048531919472849495,0.07065193719172051,-0.5538337915754203,0.1532569809293667,0.14344235045131978,-0.7371855108354264,0.11718726335940093,0.26937929982233116,-0.7591560389700706,0.037938424790254895,0.38894782046372556,-0.7320460165634763,-0.01730448645953692,-0.02730567652584036,-0.5634683739600028,0.14115408530189041,-0.011369358638898019,-0.8016910276416146,0.11802217892152886,0.1368980056113198,-0.9155416993724323,0.011590249142518341,0.28292063603742496,-0.9513880477378369,-0.07050765870736732,-0.12071394473420784,-0.5459584145502933,0.10690525436907732,-0.18065495847955326,-0.796926821071815,0.08662597154935855,-0.08806926957777426,-0.925643842437819,-0.010832572865205855,0.019982830982004426,-0.9999985150276318,-0.08667948843604979,-0.20438305451551858,-0.48785281435109007,0.06487965347615536,-0.3271663037753338,-0.6276784180841853,0.05370625874588023,-0.3597329562644453,-0.7419603387552868,0.011179022415191251,-0.3616263004240444,-0.8314058033837594,-0.02850697373146312
15,f,0.0,0.0,0.0,-0.3113486959886719,-0.11669271197633453,-0.09878810748590175,-0.48464758954711223,-0.30128806140539394,-0.1421247468034909,-0.5127083605251268,-0.4739618615822501,-0.20430114163764293,-0.4186554823061837,-0.6076540842960335,-0.24833792223702836,-0.24483326383214235,-0.5000616670365963,0.07148868325240636,-0.2980071897168517,-0.6779274156264584,-0.07918352700970054,-0.3821900491635626,-0.661464463218484,-0.21327548470302696,-0.4158811888236502,-0.6053163373248506,-0.2891402652062862,-0.07376765525218404,-0.5277938277550607,0.044452242918625595,-0.11772484018523272,-0.7549987009161176,-0.04416565953555201,-0.18205695423572305,-0.8911508942554736,-0.13664837758375153,-0.23795918846567077,-0.999998690148419,-0.20547048356266356,0.10140495698624516,-0.5150662503917632,-0.023650291301335124,0.06195080221239625,-0.7332144327394532,-0.11581309937646554,0.01616350250288898,-0.8618549656126425,-0.1827332144040085,-0.02511662916579434,-0.9683769597398484,-0.22180203871076082,0.28626794147582674,-0.4648372080150369,-0.10847007710479373,0.2715145978011616,-0.6479362838341467,-0.16869365530951366,0.23661632876876842,-0.7632883221642484,-0.19385166329154976,0.2031954396226824,-0.8648469663198745,-0.20998100875272974
15,f,0.0,0.0,0.0,0.19053977884410503,-0.18222681438337168,-0.07341836305952032,0.28738345618670835,-0.3896129347354348,-0.09415221327780467,0.3255213244392705,-0.5701355054699591,-0.11171401577848537,0.3288502767099029,-0.7166424078430368,-0.1251947000579196,0.021326631859997176,-0.5126369832389823,-0.019837365155314955,0.09039905466126562,-0.658267583311018,-0.08730527591790967,0.1903732123851307,-0.7081756299535304,-0.14336310569675453,0.28267287993447365,-0.7326700413798944,-0.17949041759926132,-0.0917962199699951,-0.5353022718820538,-0.028727197110194672,-0.08467746936962507,-0.7624363909362826,-0.07978582190892715,-0.00957711429316883,-0.8944398068658179,-0.13198187187305363,0.06615120181879501,-0.999998466234105,-0.17156415792527963,-0.19045046192290968,-0.5040804770402096,-0.05513036919393136,-0.2936374690618103,-0.7249065999624623,-0.12066620873689353,-0.2944249572492994,-0.8719039454808654,-0.18272845310619998,-0.27030792581341073,-0.9891038130788404,-0.22588338172390113,-0.2733722184250251,-0.42024223933544985,-0.08824768028275097,-0.4158237486136339,-0.5364858810721422,-0.14662071641940552,-0.4679803510327289,-0.6360994800066577,-0.1880008140517414,-0.49175945002317367,-0.7347378606639455,-0.22013967289599723
15,f,0.0,0.0,0.0,0.2182244977280672,-0.18622303010229568,-0.07580231689697517,0.3503896220032049,-0.37521461055027083,-0.0930945650259841,0.34029448417200897,-0.5986900069070198,-0.10845919130013114,0.25600131681125476,-0.753137426940088,-0.12023986353728032,0.06727717487510548,-0.5485693195001723,0.02454529783658653,0.09462533980193355,-0.7229898444681861,-0.03730934838393644,0.16512712355035572,-0.7711467293769791,-0.09961460214683773,0.24158986733791804,-0.7874823694076841,-0.1364958960183277,-0.08516127114859957,-0.571773345737579,0.022422291097753323,-0.08389762707583201,-0.7996991783777395,-0.009881004024535194,-0.016636783439430494,-0.9095162765547729,-0.05149968186161158,0.07535523098978014,-0.979476233816265,-0.08384750784156296,-0.22052048457082352,-0.5500086691694924,-0.0010567777940130004,-0.28586663524967043,-0.7893940509311514,-0.04670244202402884,-0.2478997483458219,-0.9169465847797177,-0.08839659754742918,-0.16050804695805782,-0.9999980567892249,-0.1196055585155794,-0.34878745220049406,-0.47626733520170517,-0.034079672193645986,-0.4908702423883586,-0.6076456644093534,-0.0735831433405166,-0.5343452159743792,-0.7081079163309097,-0.09688436795650406,-0.530932682031579,-0.789181802740194,-0.11520975514816903
15,f,0.0,0.0,0.0,0.24025650530694337,-0.1672209436131254,-0.0736177805919182,0.3869343246099342,-0.374241750383017,-0.08490150343915068,0.37585830472043297,-0.60410396238022,-0.08431326281801722,0.3298817373319764,-0.7650143518094286,-0.08448982677687522,0.0933100524600104,-0.460815593928346,-0.07352636349352258,0.13592297139777934,-0.6377134562182263,-0.12879494076499604,0.1923070728014597,-0.7302483332732372,-0.1712305000284332,0.25965829777967203,-0.8032857622460337,-0.2033910490364168,-0.09592330939032132,-0.4884835758096267,-0.07635561473680133,-0.11927274181424115,-0.7305156936724213,-0.12234457406756931,-0.06681565541667209,-0.8796707131692494,-0.17007133355487536,0.005083497266137636,-0.9999971520233861,-0.21136411808351419,-0.24411069643289593,-0.4666280938829256,-0.08843742428990782,-0.36628603854278724,-0.6908793023025849,-0.1502415840812781,-0.3577333066873636,-0.8542692684625123,-0.21246827409398594,-0.3060799141373736,-0.9908532566186554,-0.2619652140528424,-0.3565372296253628,-0.3929797251789142,-0.1042898430156029,-0.501152554420362,-0.5042371295400917,-0.16123806425202206,-0.5365819662517987,-0.5958770707065321,-0.20122873997939641,-0.5277547868247046,-0.689441157983926,-0.23554888200224997
15,f,0.0,0.0,0.0,-0.28373847236092786,-0.12518532852960915,-0.08869327029040407,-0.4207552037610604,-0.29392185545060806,-0.156810231763286,-0.4527776452966633,-0.4538310311891696,-0.24667750288496196,-0.35955890663020135,-0.5801342217159676,-0.32069241791674363,-0.1915367011329839,-0.4899035286952494,0.03379025712245651,-0.2115643651823433,-0.6726212394490901,-0.1525696850582973,-0.30767323017668996,-0.6736607283307157,-0.30945741901453383,-0.3521542478137032,-0.6315932712338226,-0.3927615254575625,-0.029387169063084334,-0.5148153329968639,0.0005754786000706659,-0.023439173083567223,-0.742845471718893,-0.09959803629313439,-0.039017759942174324,-0.880414694039407,-0.17985048719508706,-0.03891599917415315,-0.9999987362972721,-0.23838552557291875,0.13562646539291512,-0.49792078582878396,-0.07130874992026807,0.13878910871465666,-0.7164277812924352,-0.14866031278469058,0.13359230454822252,-0.8409230422600711,-0.18344896563449142,0.1360700399028164,-0.95393715022491,-0.20529514206159702,0.3013641755432058,-0.44330410193890873,-0.16196234141030894,0.3125110093980664,-0.6214484909521445,-0.19989199176341307,0.2924725742237425,-0.7304247828612389,-0.19916861280272966,0.27558947608359685,-0.8276393075993181,-0.198003203444465
15,f,0.0,0.0,0.0,0.22068410691407359,-0.08665596897125753,-0.08016925842479804,0.38392389696847307,-0.25456546587636597,-0.10060708504058995,0.4661526791724451,-0.4512522007117595,-0.10569110794929164,0.4936266745588352,-0.6187540700178327,-0.11207225800550982,0.1498061553172988,-0.3688878482748178,-0.08085798959203849,0.24873011699358288,-0.5265173229345905,-0.12526326623327955,0.33496732457855644,-0.6027339255171235,-0.15922933203135312,0.4214937486605319,-0.647103705024901,-0.18554937586228024,0.032335465349241595,-0.4522929478480495,-0.0738687546466586,0.06611937092667464,-0.6935222978650403,-0.1373731509727661,0.16952422352050273,-0.8366545991339955,-0.20560882563038957,0.27454006963635347,-0.9285852325607642,-0.2560150498665218,-0.0692956439501341,-0.4944922937709896,-0.07188160284779482,-0.0956959492885512,-0.7472932508470329,-0.14831118004450072,-0.02096459392499667,-0.8981717863549814,-0.22611115453274958,0.06524667848497401,-0.9999978024240757,-0.27729333824725094,-0.13979537424478347,-0.4796925433384717,-0.07038042448912085,-0.21259992948564888,-0.6651091347777881,-0.13585736770493645,-0.24392045188787098,-0.7718510453815203,-0.17655610833178154,-0.2421947148643204,-0.8574666929201179,-0.20571408903953955
15,f,0.0,0.0,0.0,0.24328295674270115,-0.12856608167347375,-0.07943252225528724,0.38353422069375975,-0.28071717076249775,-0.1148539212919615,0.4530979750652989,-0.46233878697794056,-0.1452625203931819,0.5033677073434869,-0.6329555264700799,-0.17210409365415727,0.11577112093230542,-0.4616751412038107,-0.03307585333424363,0.22331830050302168,-0.6117824434056945,-0.12220249104047136,0.34621581398468004,-0.6284137708990817,-0.1992153276075307,0.4557733984860529,-0.6168079565628933,-0.24790486101948309,-0.00017495888968221986,-0.5243612765970251,-0.04518702213455381,0.08740531817886225,-0.744749452471132,-0.1252945805545119,0.23977741453866172,-0.7929419535095159,-0.18976600325922732,0.38089648456593306,-0.7872513594660394,-0.22977583800931906,-0.12167342521568626,-0.5481987389582438,-0.07522192661193776,-0.12938172454291952,-0.819773122207419,-0.16009885016950212,-0.027419127905276737,-0.9391107152138689,-0.22232796473979305,0.1018274465110195,-0.9999979063316097,-0.26090402885986946,-0.24076227584919815,-0.5182845125934048,-0.11139603417065919,-0.36044195591437944,-0.6725863980188574,-0.17836268012729756,-0.3647155327022628,-0.7741165267305419,-0.21643927842277208,-0.32317652356241106,-0.8508431754169347,-0.2429498243479819
15,f,0.0,0.0,0.0,-0.21859947172837726,-0.13851493245966037,-0.10698171265421885,-0.3329062061728566,-0.30657729315315,-0.18624182341576673,-0.3366477610619123,-0.46220715733392265,-0.28627713516604025,-0.2618511704798786,-0.5910293211077638,-0.3788164368774356,-0.0798151115314614,-0.4962267824706457,0.001165697837873575,-0.13855059788648652,-0.6603550029579961,-0.17203815704475303,-0.19882928292811336,-0.673949721106369,-0.32019883014982076,-0.22254962742853365,-0.6533763213330922,-0.404618755661193,0.13356538596950338,-0.5117211538794426,-0.03200482794782917,0.1608489182859608,-0.7366199866897386,-0.13081427544470048,0.18578172754291863,-0.8775596889069228,-0.22130251557193395,0.2076552179926172,-0.9999986598733044,-0.291029044069804,0.3382217526310257,-0.4807693145941974,-0.10154941484222055,0.42087296452570233,-0.694911686319278,-0.20074385324826385,0.47878315370274827,-0.8269984547837899,-0.26282344265017177,0.5240612318057367,-0.9454897063221723,-0.2999560844288324,0.5248395608516357,-0.40882651730268466,-0.1874228163286996,0.6471488103103675,-0.5804653255229687,-0.2514734297835716,0.7060826331823228,-0.692013401107722,-0.27092352836737627,0.7446064063321982,-0.7978689870110307,-0.2829966747369038
15,f,0.0,0.0,0.0,0.25309091408194445,-0.1601790158766157,-0.09043485246679145,0.4018815837719047,-0.31231487652703155,-0.1312974804154224,0.4871124467659269,-0.4688144012016414,-0.17494834619955674,0.4985667860003919,-0.6260511709135466,-0.21880767089045158,0.1528711275797729,-0.532465285037541,0.03655659163081965,0.2359200112557878,-0.7179482155717896,-0.04975125906934074,0.34874261804384366,-0.7405452789093537,-0.14859933819582602,0.45741145068616584,-0.7114154088874848,-0.21449082910202794,0.0318075547717004,-0.5518056672230318,0.02665432533733919,0.08256942398172552,-0.80268970728813,-0.04930928872921991,0.21041302487897076,-0.8896861157917725,-0.16099705604533426,0.34397849238067807,-0.8978840684859848,-0.2435198577064533,-0.08462918148159587,-0.5419336880768919,-0.006231861837292367,-0.0994192840982579,-0.8145988429987617,-0.07243333896084317,-0.018713069444674192,-0.9435273519252859,-0.1683153925399569,0.08808725085673579,-0.9999985877811,-0.24057866372681622,-0.1936426678665915,-0.4963817763893729,-0.05013004043487294,-0.30371890326321827,-0.6577235830344075,-0.0981582276054553,-0.315888475823241,-0.7715922301351273,-0.1511463731250818,-0.2836342895315442,-0.8525066301273524,-0.19823259160861934
15,f,0.0,0.0,0.0,0.22102347900657948,-0.1315241261634827,-0.05523755876898137,0.3823856353712376,-0.2943124823109156,-0.07311780660305567,0.47897939000499395,-0.4559361597398401,-0.0933268493170163,0.5327031755944022,-0.6255750027972665,-0.11034733057925411,0.11399845623417212,-0.5371380545499659,0.017989102695987445,0.2040464691920516,-0.7023198625556124,-0.05847923550493681,0.3545419505629526,-0.7324438448735784,-0.12840514246232904,0.4804306143071558,-0.7192088414521385,-0.17177270874346148,0.03724944220778567,-0.5698538055695094,-0.005105289744680198,0.12748261682690062,-0.7734474595451422,-0.0794535661025441,0.30150747673484246,-0.8503669963834783,-0.1631869989096061,0.4478157526543111,-0.8691773242487538,-0.21686815379602692,-0.047715477613490265,-0.5712453864519462,-0.045309998721219005,-0.04851245415483902,-0.8163287044598859,-0.12463058193903057,0.08466991733482572,-0.934403288930978,-0.20852267440273015,0.2135012865188882,-0.9999983405463753,-0.2607439997174766,-0.1391365750699119,-0.5241245131795442,-0.08953921397689382,-0.23478513481330165,-0.674793286874422,-0.15525379352765395,-0.24404667976510933,-0.7799361294910334,-0.2033556675244863,-0.2308149404114155,-0.8611332765662557,-0.234438655201275
15,f,0.0,0.0,0.0,0.24453302564144053,-0.05585680338234025,-0.14573309645689955,0.44690401884196096,-0.24487272935662696,-0.2262502171035417,0.5123974073764042,-0.47340812197679044,-0.26567472675537585,0.5267370969171264,-0.6570902262465377,-0.3070826541424196,0.1734625902473908,-0.301682145811547,-0.3199192618166103,0.28918298768057726,-0.5509712488827939,-0.42158932085798373,0.3776125759630082,-0.6975343542326233,-0.4617275295312144,0.45631946972425774,-0.787557642094595,-0.48470850276986494,-0.008847174129818398,-0.3797497564034079,-0.28341920216409333,0.07392556960543069,-0.6480588862671458,-0.38138895339280704,0.19551019540661618,-0.8148040440576321,-0.4206530223550035,0.31271316174144903,-0.9118141379263741,-0.4487703518340241,-0.15756887455371887,-0.42518371945211225,-0.24778843575288487,-0.12701064313910995,-0.7052560203001154,-0.34752852911177834,-0.0047330848757591954,-0.8826548456334949,-0.4036636382003973,0.11979977243897845,-0.9999962181270037,-0.44244914645433847,-0.2642980562684976,-0.4387626259545106,-0.21394231137526173,-0.3306638093535523,-0.6294745909155675,-0.31260932025859933,-0.32639756349182825,-0.7635270418574035,-0.369129920930452,-0.2936563919459219,-0.8643633672202227,-0.4066521066835319
15,f,0.0,0.0,0.0,-0.23208245628381804,-0.06762513063675679,-0.07512833209149589,-0.42368099458181535,-0.17134301930175472,-0.1468487474262086,-0.5467724951104499,-0.2569263255664712,-0.23280518611906648,-0.5799705092497723,-0.3538806873357686,-0.30939918176355263,-0.3241015259992051,-0.45844495676950214,-0.039540333042433415,-0.44020763939070373,-0.5916291973484,-0.19118905009800738,-0.530612984223556,-0.5069373028915224,-0.31494389247189325,-0.5674244646714052,-0.40798831109935824,-0.38165879204385017,-0.20554920490377648,-0.5090186155525127,-0.07675545328573394,-0.30803748429465005,-0.7280970708837441,-0.18651289773394572,-0.42248750307357585,-0.8492797369246138,-0.2784648433206883,-0.5190732946588436,-0.9510374236125885,-0.34039346302488555,-0.0666415446006598,-0.507639803998733,-0.13707522717401585,-0.10456190382567557,-0.7387803258454745,-0.2346783886354583,-0.169412471911458,-0.8787391821078445,-0.30185424383470827,-0.228471102125343,-0.9999985825600942,-0.3415595599469539,0.0784079101089255,-0.46223778686042316,-0.20617919023025277,0.12855170411340477,-0.6422050527674644,-0.2609203534018636,0.14163393910390815,-0.7623398389246621,-0.28246457963067834,0.13811070384559196,-0.8727294182011106,-0.2968748289662169
15,f,0.0,0.0,0.0,0.20827315237771982,-0.15335232915169292,-0.10497982627582876,0.3216651974994925,-0.3086502547368917,-0.14361845059257547,0.37251268117437214,-0.5016909971269989,-0.17461544527418862,0.359590835605885,-0.6777184521652829,-0.19974401391253796,0.03570828331760548,-0.49084101387244,-0.02893853987043818,0.08989624723054918,-0.6932186852403095,-0.11393772571261061,0.2035389126973453,-0.7231629254948266,-0.1918241467846707,0.31408969441905477,-0.7191024598914161,-0.24155145646117357,-0.07993855785580432,-0.5141295918014033,-0.02242037650688808,-0.0575742056944912,-0.7568850791198948,-0.09387491496338475,0.0644005462092534,-0.8730225357601101,-0.1698008980202686,0.187696311317879,-0.93436588479962,-0.22625602596957461,-0.18810333045156435,-0.50057630439458,-0.036653797664639186,-0.2514899267857972,-0.7666010868294859,-0.11466165337308826,-0.18737980334513749,-0.9101268272445215,-0.1902808190543534,-0.09290931318206858,-0.9999981136331707,-0.24330183549941398,-0.2898418106203115,-0.44657104934689557,-0.060306110294381515,-0.4252455516843907,-0.5796284150542586,-0.12832695536884364,-0.43109184184590194,-0.6804802231544304,-0.17843123559796076,-0.38523888771175085,-0.7633125521272678,-0.21687985674936586
15,f,0.0,0.0,0.0,0.2803696014594112,-0.12755218998017293,-0.0638742087379926,0.44395175675651183,-0.27606733407209266,-0.08221681427425792,0.5388586178688805,-0.45479230319020303,-0.10433774437213149,0.6029933684670477,-0.621489703252954,-0.12646088124193602,0.21372906133362893,-0.4936058906208548,0.024841643372152715,0.3452402001579599,-0.6277038626719657,-0.05399816300946163,0.4672437931335014,-0.6435580294249231,-0.13098313620612298,0.5712464164523408,-0.6255138622076722,-0.1794663982608676,0.09885301067932703,-0.5499940993711456,0.005503069942224039,0.1885458214117991,-0.765819400946651,-0.061541230141059236,0.32081421402424204,-0.8250652414243007,-0.13909790553533063,0.43903782735922703,-0.8276960997511035,-0.19626440136870044,-0.025116374732321485,-0.5826174708582368,-0.03377450163115736,-0.004973567408719225,-0.8460774065501081,-0.10981451784657216,0.09891502097058726,-0.9559147072697798,-0.17829118186903015,0.2123342711346601,-0.9999981488255325,-0.22494701608773948,-0.1598203263556764,-0.5911767116389907,-0.07932693609205772,-0.23339476456575575,-0.7946786539664396,-0.13566509249648925,-0.19681928522749254,-0.89178867342074,-0.171022392351884,-0.12132738288659439,-0.9484957607150558,-0.19871965581909634
15,f,0.0,0.0,0.0,0.1961769278356158,-0.14729625351305972,-0.07805661257868367,0.2957330922202677,-0.32249117797462357,-0.10170773828070773,0.30982845827441,-0.5047222136546473,-0.12255484541266742,0.28289312628083685,-0.6474477721097748,-0.14191189873041685,0.051918810337573944,-0.49044666607324966,-0.03548333599523187,0.09319268570966788,-0.6444339086689173,-0.10095014467168992,0.17364554396027795,-0.6921623695408669,-0.15241934085284792,0.25122949684082996,-0.7212783947552823,-0.18633530994335518,-0.07673938019546603,-0.5136126366432631,-0.04407915414296703,-0.06238119296622947,-0.7425398149714125,-0.09621901072095027,-0.006597963030942292,-0.8740572018448465,-0.14467122471771038,0.05252957604086429,-0.979075824372512,-0.18123931122231582,-0.191454557413105,-0.483940261449954,-0.06883218768005223,-0.2642970604988992,-0.7215475380892276,-0.13913136246465643,-0.27171921854220216,-0.8755039601604964,-0.20204910632748485,-0.25342655993726865,-0.9999981059245601,-0.24542601679506962,-0.29443761413426833,-0.40399001482800356,-0.09982867412969287,-0.4132589770778269,-0.5274677606610649,-0.16574211933864372,-0.45836989484189505,-0.6288263047967391,-0.20968806643870946,-0.4760913012363573,-0.7258458158380952,-0.24250667527382022
15,f,0.0,0.0,0.0,0.1721296284604249,-0.16624506069808273,-0.05348845800508217,0.26626548940146644,-0.32683995138933974,-0.07042901503533065,0.2781102457864264,-0.5023418396366491,-0.09124099092177332,0.2507263445116505,-0.656992957621576,-0.10438392503098322,-0.0527919721006407,-0.49433396729218915,0.05913291886643192,-0.03066950655273241,-0.6870073076464039,-0.0016072121049993237,0.06692029008655896,-0.7319854381508365,-0.06626026794125317,0.16139873236258603,-0.7311389420084978,-0.10643717603591062,-0.17673133273189814,-0.5130082830795555,0.040780572010966624,-0.1892016431727685,-0.7494845358000395,-0.003330608945695138,-0.09618098808575692,-0.8815781664554365,-0.0654870841709623,0.003384235332372978,-0.9734215850539215,-0.10806897866540925,-0.27974928083805994,-0.4835590711564319,0.00171758149514635,-0.3949268479858456,-0.7124856170649091,-0.05246908174433974,-0.3680819808147429,-0.8774856247022608,-0.12078980843532235,-0.3099443404987424,-0.9999977425133328,-0.16789536432053098,-0.3580790364145756,-0.3996573230104929,-0.043749900682911645,-0.5112032050713736,-0.4924394090845707,-0.0896625400202094,-0.5634578923053225,-0.5970456643699036,-0.12836391205734468,-0.5800649463723234,-0.6967159765636123,-0.15733596072522124
15,f,0.0,0.0,0.0,0.25259510788511425,-0.06621884328380817,-0.08464287707725819,0.4532001551892602,-0.20488768568563692,-0.10864360762286743,0.573315277061426,-0.3797371348838834,-0.12569304510498824,0.6352249184895415,-0.5298549790333655,-0.13557547859368152,0.28580811263973427,-0.4801080883553674,-0.01585810166324734,0.3911780520959102,-0.6280856960644112,-0.08979052467911987,0.47051261076682277,-0.597891976632916,-0.15281775390550323,0.5356422072416523,-0.5243365616346637,-0.1902178804186864,0.1593535599026425,-0.5685972286897589,-0.017790463579094445,0.25640653333293967,-0.7897596620585995,-0.06648203700799904,0.3802416965270087,-0.8306714545970776,-0.11759086064836834,0.49214148653545886,-0.8089257861619784,-0.15416377494981903,0.022293251357094607,-0.5972140305739415,-0.04012142961068938,0.041458076160104995,-0.8637361947429738,-0.10138686167481678,0.12881538150677058,-0.9675673294626485,-0.16556706658867285,0.23492029187143024,-0.9999975779285631,-0.2102818571684192,-0.1181602522843091,-0.561551988991288,-0.07014191801596201,-0.1873433771756397,-0.7362911420249142,-0.1226163018322313,-0.17548220847773663,-0.8421988474669676,-0.1652902614726536,-0.12075553258715968,-0.9112696550597713,-0.19840471790348588
15,f,0.0,0.0,0.0,0.23484777080923755,-0.1392891951182239,-0.07909112296434877,0.3834031234302682,-0.3139070875228689,-0.09647934123812121,0.43790422033388904,-0.5208255585374422,-0.11216605980200879,0.3876693527801334,-0.6806332691392153,-0.12387352714795363,0.16587833895624537,-0.5294757617947922,0.030033024889583648,0.21723861189900182,-0.7068289620274957,-0.027533152427303163,0.29023859016841824,-0.7350922590384857,-0.086127208236751,0.35724842309167765,-0.7230881771618956,-0.12271220482342375,0.02262682142864593,-0.5556550770450168,0.03228779682708553,0.05344653206739351,-0.7831963377357308,-0.0029158108732582145,0.1364475295519041,-0.8855806090410462,-0.054779900225311796,0.23015969614306125,-0.9452248657487704,-0.09606928249120969,-0.10790169405717753,-0.5342010495557223,0.012998223507438834,-0.1460160434495858,-0.7774632922343184,-0.03635488479328414,-0.09943261390944973,-0.9120520083214481,-0.09820641283701173,-0.02159115386709834,-0.9999983741350814,-0.14457741762792797,-0.22888471155678813,-0.46745384029596,-0.015205156423497132,-0.33883036391605054,-0.6095118737911612,-0.06249818922728823,-0.35458293827083304,-0.7188193312663055,-0.1052185009932983,-0.32888652107050004,-0.8090181068581057,-0.13937831704531758
15,f,0.0,0.0,0.0,0.169945271642935,-0.12664619044548997,-0.06597560612104449,0.27957527658534653,-0.2932877842763469,-0.09971821256426237,0.3166184362511443,-0.48004170289884784,-0.12077248802881164,0.3380476932902432,-0.6631560503382135,-0.13465203791890695,-0.0960829360427373,-0.39368298273076774,-0.05747910210193694,0.014291379008562952,-0.5824422300028023,-0.1289649766845221,0.1513352165916132,-0.6637850795398261,-0.1870386382112199,0.276981373945598,-0.6864122877473299,-0.2202834687682596,-0.19685620982644123,-0.47209595403094645,-0.054002621128876604,-0.14271842101595214,-0.7038524307096913,-0.11565457488282718,0.02727963974429467,-0.8396022771102867,-0.16679022932432502,0.18093790640178545,-0.8974556139643411,-0.1968160543333861,-0.26952108761447074,-0.5081482076956154,-0.06109953517439577,-0.3084269959774365,-0.7757640357505347,-0.1311298649635628,-0.16736485407365245,-0.92218542422602,-0.1904553973840193,-0.024973363790460085,-0.9999972409519515,-0.22681645093975447,-0.3101645966425974,-0.5034473450216022,-0.06953272000401745,-0.49432370813891613,-0.6184902901394604,-0.13365394741758327,-0.5481311127229895,-0.7156319686658534,-0.17411009413662168,-0.5680372146077519,-0.7955004230899206,-0.199301356931562
15,f,0.0,0.0,0.0,0.16003652750298927,-0.204804272184685,-0.022430792921365444,0.21687001107039786,-0.38265756032097153,-0.029111996280786395,0.23675084755439588,-0.5456552665480258,-0.048689427744546133,0.20908962977189557,-0.7042813391005385,-0.06699286282667755,-0.09439006326213584,-0.5103300746824675,0.08865418158348562,-0.07105986763367637,-0.6727636644317836,0.042742524296765325,0.03490419824635873,-0.7411230531020284,-0.00850811433859425,0.13310875003773406,-0.7693198470079979,-0.040056654844889836,-0.20806255131794274,-0.5328427997047196,0.05655931918867466,-0.23756682096169077,-0.7473894855752298,0.021515643119801423,-0.1397940239066983,-0.8809110882130768,-0.029101018771572715,-0.03669119872332092,-0.9686709932412136,-0.06201590461370544,-0.3163819918120856,-0.5132073166925023,0.005976253256588562,-0.4546579495964737,-0.7369932170518504,-0.0383176992470914,-0.4286715359474325,-0.8906733397844921,-0.09519906686174934,-0.3661864072102546,-0.9999984300731531,-0.13423990288615795,-0.3987968031477808,-0.44014560053792456,-0.04861133361533449,-0.5612135026218655,-0.5515581604102936,-0.08286275021164069,-0.5851554911559321,-0.6503653347639372,-0.10933734428107834,-0.5655641287241665,-0.7349036888196377,-0.13073783766123104
15,f,0.0,0.0,0.0,0.21586398227071837,-0.13913378932825796,-0.048851600976328804,0.3415000696825842,-0.3186622293665867,-0.0593839993554344,0.40557962312003937,-0.49137474049703056,-0.07018963823539398,0.4589534405848628,-0.6411465928338935,-0.07749354831866896,0.0822815180442661,-0.4876263088389608,0.004381874919229571,0.1839941416468855,-0.6440298736447052,-0.06406621676463516,0.3144128749712783,-0.6736078777095659,-0.12082380143366116,0.43204038673643924,-0.6716429816954401,-0.15439676151367537,-0.024598210068387187,-0.5423911904904714,-0.013457755706537419,0.03108965782402216,-0.7591729228759153,-0.06701123031300048,0.17905385660244633,-0.8438219633029302,-0.11470641935843168,0.31735541921014143,-0.8808851684029082,-0.14580789813396614,-0.13585994110607064,-0.5495648420182817,-0.04786863729017311,-0.17604221136514558,-0.812065175403292,-0.10951710097978408,-0.07722377716953208,-0.9331920458246917,-0.16838221651662807,0.04388905091349402,-0.9999986689754574,-0.20786282603467943,-0.24211284144759268,-0.5042502954217494,-0.08655435723736277,-0.3795512762567785,-0.6458204701254585,-0.14116198651628087,-0.37259492396515703,-0.7384185847653917,-0.18112393288294942,-0.32008605900947906,-0.8055007392222121,-0.2099056094256319
15,f,0.0,0.0,0.0,0.22151434664588002,-0.17450559711031072,-0.034917822576724857,0.3523366294640574,-0.3519077272383277,-0.04036428907719032,0.38869464005929444,-0.5324438739016361,-0.04628997875146926,0.39990914566745317,-0.6876770092377072,-0.04963726009203296,0.0782331978671777,-0.5126772421716645,0.004650268289926515,0.15460004945500253,-0.6641890624019641,-0.052482251166706455,0.2600929030552276,-0.7065974914680055,-0.10332490402979574,0.36153493941275583,-0.7156618804707042,-0.13495000520399508,-0.04040211236571419,-0.5479993495521959,-0.017318824567249032,-0.02906756075415833,-0.8008003042725437,-0.056520875803591275,0.07054131818672231,-0.9079655047046529,-0.10076690573664884,0.1763112821406053,-0.9697809269884081,-0.1330644698790229,-0.15002825586746554,-0.5327036683269261,-0.05149421997271522,-0.23195052347380662,-0.7909555884978782,-0.1019366535851699,-0.19397863505481253,-0.9179281019916696,-0.1545678142996118,-0.13160727157085872,-0.9999981377367277,-0.19115001621742067,-0.24257134803788782,-0.4698685487614249,-0.08851016993995775,-0.3785658764596697,-0.5994389787582307,-0.13122209950048722,-0.41795489601631686,-0.6765153394109791,-0.15886560552063383,-0.43568141168578134,-0.7409908656904933,-0.17853464090433913
15,f,0.0,0.0,0.0,-0.25432310109327744,-0.06740182368006704,-0.08339757815017645,-0.42474212185332705,-0.2133699209439573,-0.1403253084809029,-0.49897138213841435,-0.3591591756206718,-0.20700966725944417,-0.5083658543471983,-0.49579313990901897,-0.2644372505373683,-0.31722727538504614,-0.455561936005766,-0.02112114788487216,-0.3826253169112982,-0.6402975878282684,-0.15732263484765155,-0.4098799604801953,-0.6600420511316432,-0.2695638498304989,-0.40027687886623503,-0.6413374124651923,-0.33316333509970636,-0.18767430943286142,-0.5038221247967988,-0.04763053596497104,-0.2526283661804773,-0.7340370034596131,-0.14343871020248158,-0.3018796006955804,-0.8784150531719802,-0.22612854402646165,-0.33651560953139886,-0.9999986484321103,-0.28136244574128244,-0.0452794790047703,-0.5029010049131197,-0.09865821812787642,-0.0924649205185456,-0.7293715481663205,-0.18328494939485945,-0.12266321640068681,-0.8687458320246544,-0.23989140754646118,-0.1482987303577137,-0.9847204162246921,-0.2726432654185349,0.10975795142202938,-0.4613375042951314,-0.16109619329712893,0.08371935688620344,-0.6399625802162097,-0.21389796673591094,0.049135953550126336,-0.7556234648511742,-0.23295934399995694,0.01593310220343249,-0.8539075364697437,-0.2432583206493546
15,f,0.0,0.0,0.0,0.20209231223238977,-0.17474997571254425,-0.06657038500386213,0.30729442166915344,-0.3769506921978975,-0.08423774080759731,0.3217054384103913,-0.5711480534469491,-0.09909775731399764,0.32305912070153187,-0.738241556987514,-0.11025950684119579,0.035872633441029166,-0.5100152254848724,-0.01992151004672843,0.07910694908403813,-0.6631022773780658,-0.09833631761595656,0.1731109413703149,-0.6983579134610313,-0.1610224082186534,0.26902845853429186,-0.7014455892673521,-0.20005348867638298,-0.10460767872279937,-0.5404832531157017,-0.03412198935734906,-0.09809330019062674,-0.7590020786719086,-0.09940599236400963,0.004264990283179909,-0.8615422204436097,-0.1503852540780605,0.12014723857222347,-0.9241127229025521,-0.18451812052837455,-0.2312977677613396,-0.5197836297348932,-0.06678462312684558,-0.3392579112780001,-0.7534457807236853,-0.14437693781239747,-0.3131734542634806,-0.8982536687000068,-0.20392445902649078,-0.2387305243470717,-0.999998230815596,-0.2425886469772911,-0.3372960368380589,-0.4439476840775817,-0.10509198919927504,-0.47688254117297824,-0.5615609205109793,-0.16842747057584997,-0.5030893220527095,-0.6575885818794507,-0.20808903301600873,-0.4807605240550141,-0.7461833812105821,-0.23766711498306958
15,f,0.0,0.0,0.0,-0.2100600686592801,-0.049064195265383775,-0.08395377520638898,-0.39565982492134805,-0.15263412221679185,-0.16633623062385616,-0.48349214320005757,-0.23023495339824734,-0.26319032543921983,-0.4601389186566882,-0.3079360683380967,-0.3494668226923911,-0.22962316211208683,-0.4617279807732504,-0.06109583106285609,-0.3339616437828111,-0.5686344337326492,-0.22642807160792183,-0.40331057891028665,-0.4627929028851718,-0.3609215905621773,-0.4275642015664239,-0.3513223748339512,-0.42850187114162475,-0.08428780910197751,-0.4922873651023951,-0.09518378307274566,-0.15388771231097104,-0.7106651221696143,-0.19457730753961414,-0.2298362327629822,-0.8651722354328493,-0.2868919993958907,-0.2925153925578975,-0.9999985533256441,-0.35331483467102065,0.0740209683151779,-0.4652331697489268,-0.152921682711218,0.09358216474074074,-0.6988671217114473,-0.25429930366106485,0.0656757730122021,-0.8484919120055671,-0.3291122161791913,0.03285944363387274,-0.9717490152372357,-0.3701256002784494,0.2326699603228261,-0.3930845673234866,-0.21887600614992198,0.3395154497248866,-0.5622403740642888,-0.2715337530577183,0.3841754375580035,-0.6769386508567643,-0.28854566822438465,0.4069982274154227,-0.7852550693151982,-0.29798497399028473
15,f,0.0,0.0,0.0,-0.24394931835542816,-0.034661392587900644,-0.04012528334596731,-0.43519146509044637,-0.14713710082514891,-0.0737920920210035,-0.5352581852138185,-0.27482062273796093,-0.12245856957880998,-0.5580102054320352,-0.39937894867035995,-0.16282466437239138,-0.46579403009136583,-0.3982678011419921,0.021910473515126313,-0.6049780257816709,-0.5370824783030272,-0.0883354757526587,-0.6259933001355048,-0.5177012793945194,-0.1780121046618408,-0.607833161577481,-0.4716413129797718,-0.22581212995513664,-0.34835813428028023,-0.48932131763769987,-0.01649134783740686,-0.5068028496330603,-0.690446240661956,-0.09257788945184581,-0.6104296401211649,-0.8158381693878457,-0.1625117221173934,-0.6997888085284555,-0.9272964190554537,-0.21138915942936487,-0.19957152662821043,-0.5305832470589643,-0.07530823076605149,-0.31291183250243815,-0.7478699997581583,-0.15774966599868476,-0.4002309106254058,-0.8841961740199078,-0.216508415709914,-0.4771664079922528,-0.9999985227068633,-0.2507307513706949,-0.02099883035661358,-0.5330056437686215,-0.13910624562677343,-0.03668653578505826,-0.7236446678318309,-0.19323302730707614,-0.060640706857624765,-0.8570894003048946,-0.21726668870623222,-0.09341484808048,-0.9780962631053766,-0.232458652745921
15,f,0.0,0.0,0.0,0.18532983097071076,-0.17194319439379457,-0.06748010457234468,0.2770928514626334,-0.3593134602218733,-0.09387103790475934,0.2901412447529125,-0.5391729690646011,-0.11860880194747918,0.25594292521170264,-0.6808221707051203,-0.14164541967066288,0.05410972765142269,-0.5026935978409804,-0.028031798588605612,0.07652780491444389,-0.6696573200678698,-0.09314160935846853,0.14868353313128058,-0.7151680274524761,-0.1430845999095024,0.22161415832138187,-0.7330841032943765,-0.17466507476769705,-0.07547403492240681,-0.5197869042048945,-0.040855423675083005,-0.0726222238250757,-0.7518212239497919,-0.08933286425947855,-0.02231569490849059,-0.8803730622815557,-0.1338263789110457,0.03717749449662725,-0.9843482228453581,-0.16696725701539672,-0.1927048098258573,-0.4877799537935817,-0.0691373372760593,-0.27576585280827576,-0.7231637287296543,-0.13286520510922792,-0.2869436645603417,-0.8758722628993089,-0.18791578949236948,-0.26900271174000506,-0.999998246359493,-0.2260218590191767,-0.2934663978538085,-0.4065291290928767,-0.10290777017503802,-0.4147691055742796,-0.5326153766437878,-0.16232272252822513,-0.4631331919330091,-0.6315182989971465,-0.19868445072987115,-0.4823349267445129,-0.7292906253956506,-0.22539102379183537
15,f,0.0,0.0,0.0,0.19909483913565304,-0.1975561312026097,-0.045892735270774275,0.3068559438406787,-0.3666360979011059,-0.04896676203514698,0.30084575626156185,-0.5661144033420867,-0.05696972150960716,0.2416051185200463,-0.7150126237758371,-0.06394591458701264,0.004636131844971293,-0.49035240848663175,0.07688014258792558,0.027240508373685475,-0.6717378331366545,0.03138118525094802,0.10802662549171571,-0.7373430047723297,-0.02414775687985399,0.18982831023591976,-0.7710082623373724,-0.06064661411223812,-0.13288541177159244,-0.5031495928386591,0.06255913686243979,-0.1296616313153865,-0.7373120369051995,0.034726447679754066,-0.04814617632251717,-0.8683168198074926,-0.020366620526443006,0.04658714174417647,-0.9619367920749441,-0.06243833382082751,-0.2533485670310625,-0.4744293811511948,0.028572366647549103,-0.3389405976442046,-0.7306020774807671,-0.013385040131360014,-0.31493976783958305,-0.8859243461870713,-0.07772571541646962,-0.24925959789194857,-0.9999978619152433,-0.12589244936888982,-0.36204641785682984,-0.3963953261347109,-0.010817164357861838,-0.5190751052498535,-0.514078573700174,-0.04875966044122084,-0.5551724236227642,-0.6126545835264382,-0.08558759506928812,-0.5385329298305135,-0.7025116731980651,-0.11620815693238265
15,f,0.0,0.0,0.0,0.1453112118891417,-0.08808250528710825,-0.08151287424466783,0.2713426425692726,-0.25836777304503444,-0.11209561789929523,0.2880053258640604,-0.4225805748790275,-0.1426220099780949,0.21027190061185563,-0.5248149398060213,-0.16334610111083847,0.18769190678355904,-0.49054445421204357,-0.00109766911757897,0.18234694724583794,-0.6663232284277824,-0.08553305995314221,0.16967211664095286,-0.6260315643861506,-0.15288837638703834,0.1561197961057788,-0.5462575225094686,-0.18044945085535127,0.08688522285766684,-0.5207423263009794,0.0033262049144466717,0.09205764385474008,-0.7466812220389343,-0.032576107632503425,0.08707600652292939,-0.8812515147011517,-0.06462996098236648,0.08469868115187151,-0.9999987948724542,-0.08140966179021597,-0.0022658074341903676,-0.5026356204072558,-0.013834933591060505,-0.006099546286058144,-0.7085392862134716,-0.050944407040895444,-0.006614216828831583,-0.8346427635864709,-0.06622747338579349,-0.0037395681496240948,-0.9441427465728812,-0.0683148835471455,-0.09888667188499023,-0.44799545881773534,-0.042948992975790135,-0.09153568244524068,-0.6076460456924584,-0.06294824445559458,-0.09193930195394187,-0.7092454228179007,-0.05765902143905747,-0.08930780188426517,-0.8040060208277918,-0.04734376492011053
15,f,0.0,0.0,0.0,-0.2178771405641197,-0.13145935094992311,-0.11329981030434812,-0.33892115639031256,-0.2993207699171643,-0.18783081290435122,-0.34725370920607324,-0.4509858377901667,-0.27671705742666214,-0.2893984693447112,-0.5757718229392862,-0.3577756468835097,-0.09163051880764361,-0.499949689073926,-0.02455251597206038,-0.16555655757361457,-0.6674931743074274,-0.17868355489588233,-0.21776531014135647,-0.6835744523711708,-0.3090758506379404,-0.23219349096563982,-0.6642790382529036,-0.38605739471553746,0.11614894355850854,-0.518494479046192,-0.04823260057766924,0.13062165092311415,-0.7517936992485025,-0.1430964787652488,0.158188403750198,-0.888429478002871,-0.22779563685139828,0.18220845551022677,-0.9999986731236505,-0.2950236145906054,0.31309623753135946,-0.4909374540423047,-0.10477767368224643,0.3740566301922469,-0.7088761250653421,-0.20246193351987246,0.42150373193728424,-0.8395971895962451,-0.2692929093038705,0.45894509527676025,-0.95328202808628,-0.3115158536404048,0.4955426688139303,-0.4179718994130011,-0.17665453265147238,0.5951191978692616,-0.591370545610887,-0.24138748191676,0.6358402612098459,-0.7043289608809218,-0.2673371027694132,0.6593050361677386,-0.8106383694521411,-0.2860088487431931
15,f,0.0,0.0,0.0,-0.12640748480303815,-0.17862532647473872,-0.08193800659679597,-0.1662607409110184,-0.3828789877286168,-0.14755248153547498,-0.12811046488127587,-0.5478752311183386,-0.2272006611545997,-0.001176809201250692,-0.6525328998399035,-0.29809789661303365,0.13338773720164449,-0.517187923292929,-0.00647947269686853,0.1363012338549758,-0.6691270850351679,-0.14357402846092343,0.06682443859816282,-0.6714102578933074,-0.2630563988386676,0.005500035876057291,-0.630514325815347,-0.3288148775761702,0.29447511297022805,-0.5058069131640061,-0.034653393186638605,0.4030736365048769,-0.7252619447136626,-0.10833112605609241,0.4499523612213329,-0.8789112949154229,-0.17741233067243692,0.47112812802968024,-0.9999986257207977,-0.23054373228004732,0.4286352118437197,-0.44046600858205115,-0.0913848052916199,0.5978162482222347,-0.6398604836300062,-0.16624886211844334,0.6813695786408982,-0.7744030362786442,-0.22045517262825065,0.7377279800526064,-0.8839284511589063,-0.25496095661177137,0.5323292510491524,-0.33311125847250866,-0.1601316393125163,0.7347029173162275,-0.4502454064945362,-0.2049844300387115,0.8513455028827713,-0.5385237898878522,-0.22572216481394786,0.9389722240340278,-0.6272753871297483,-0.24157235086031323
15,f,0.0,0.0,0.0,0.2452844331722749,-0.12579840814481946,-0.08150038438602035,0.3915582569449138,-0.2873520724100859,-0.10159580253867351,0.4442908248566702,-0.46161807132228017,-0.11626747334660435,0.4541487682403816,-0.6079179396355798,-0.12853889397613716,0.15496456496535094,-0.49080360618499524,-0.029888303742142172,0.23976830115268175,-0.6445459420990355,-0.10688898114362462,0.331129950986035,-0.6580149243231198,-0.17193856175500757,0.4161201231477268,-0.6409849019972411,-0.2114648668032166,0.02654062983978062,-0.5412074192897336,-0.033949592522565644,0.0953291203592545,-0.7571062661492292,-0.08970779737717026,0.20553684839601183,-0.843465330328729,-0.14344905452990683,0.3195439156072467,-0.8908424118854665,-0.18354086790974006,-0.10197477190472619,-0.5444070560800166,-0.05633290140020507,-0.11464953687803278,-0.7859362450105378,-0.1246537518816412,-0.06145528569885883,-0.9148905339874154,-0.18503732733061087,0.01784497351683543,-0.9999981043172048,-0.22719544451173673,-0.23219770119138036,-0.49970999165471813,-0.08598943779807139,-0.32786969425620965,-0.6419070538734554,-0.14130368492676018,-0.3440062362989008,-0.7378251141765663,-0.175828972078173,-0.32181470577496346,-0.8193459105905245,-0.2025793141412348
15,f,0.0,0.0,0.0,-0.2734061586648453,-0.10814321820356848,-0.07893056494105842,-0.4441174565654544,-0.25100491387507823,-0.1493883154821523,-0.5083658067982567,-0.37589963541008037,-0.2438934698900404,-0.4654834330155485,-0.47924029466941287,-0.32655310919806974,-0.32379910524160305,-0.4891816896287593,0.014599541239600246,-0.47265573799120486,-0.6283379273136397,-0.1713708164850789,-0.5277054013489719,-0.5634413100588177,-0.3349389937686572,-0.5258712858449579,-0.47025493629849136,-0.4235237148243441,-0.13291217846228665,-0.531965919558791,-0.030369203130531368,-0.23430178570835128,-0.7464871601410146,-0.1306108980770066,-0.2822756157152227,-0.8844553197066796,-0.23564020891915488,-0.31989680214031546,-0.999998664031955,-0.31991042269231296,0.07881441093810548,-0.5238945133737473,-0.10901639376549267,0.05308957335076385,-0.7326966150391323,-0.20671194005447296,0.041406911351679905,-0.8632143821082408,-0.2790193737451778,0.03753538520703282,-0.9754747647928002,-0.3276141378106358,0.3003291873687978,-0.47101771111779195,-0.20072745440085463,0.40490785269511703,-0.6370838783879512,-0.24727489390303595,0.46428970117337975,-0.7433684550780741,-0.26025422929848546,0.5066335379373041,-0.8455168556484017,-0.2745277297484268
15,f,0.0,0.0,0.0,0.12056621583447684,-0.1910406683183741,0.013967528301767933,0.1894713556718625,-0.3903276426141039,0.015298586011567456,0.25086236350123453,-0.5131226176747358,-0.0007976145977647063,0.302952647151893,-0.6296308643777913,-0.013162053734842869,0.074411660621608,-0.5252970408660899,0.057360073712902186,0.16978138203049714,-0.6514312218131426,-0.016503938340916995,0.23818020254935132,-0.5696670026219827,-0.08140747700504576,0.28428562808939184,-0.4791039942953752,-0.11341192080704636,0.052373585202374666,-0.526023476592805,0.013397552368926322,0.11797381965982855,-0.7421180214413649,-0.031023482365628328,0.16508401793130853,-0.8846943629402573,-0.07805943809345761,0.19521482074433177,-0.999997836590202,-0.11061235150744311,0.015290288937778366,-0.49906856541256195,-0.043231742652023376,0.06609146671110104,-0.7258709289015227,-0.08147601354338767,0.10067288919035482,-0.865293396855917,-0.10659802364543869,0.12937893149135613,-0.97261081639776,-0.12085312394212301,-0.03071603908633409,-0.45216165566920236,-0.1028843007156561,-0.002661126136898969,-0.6306645217462742,-0.12414712504919771,0.014896671283425306,-0.7579859386453757,-0.1261301230805976,0.03422990676237697,-0.8671153211272862,-0.1264451542126821
15,f,0.0,0.0,0.0,0.22815159676899385,-0.1727451555919101,-0.05163359507797739,0.3450839933345648,-0.34219705668660466,-0.06536470548573592,0.39500516884984255,-0.5217825623903782,-0.08486502708555835,0.42802040448904016,-0.6899394992996704,-0.10248792515563461,0.0853323656410859,-0.5220035600298972,0.03386593260578969,0.15974688109955804,-0.6704476289491723,-0.04416304491918687,0.27775901332731767,-0.6956454083570117,-0.11714564926364576,0.3933144129221277,-0.6954584181399239,-0.1611984062940792,-0.019282056699605914,-0.5602427304835282,0.012468333998672691,0.02578071318608984,-0.7821918693426594,-0.0442788700502721,0.15194217765161153,-0.8671029376746094,-0.10174370915225316,0.2822203620575028,-0.8997394105858519,-0.14366110242655422,-0.13067539312413826,-0.562644707117861,-0.029173043117397504,-0.18333882192319367,-0.8144701762832821,-0.09203849305776851,-0.10898189641520761,-0.9363519432728101,-0.14470651437704063,0.0030864266170428007,-0.9999983019349055,-0.18191356968114317,-0.24838049703063342,-0.5224515774566575,-0.078308116441119,-0.3866915686162301,-0.6750194005896919,-0.12727688802897677,-0.38323632340591623,-0.7735533767697494,-0.1575155719758361,-0.32953344154624237,-0.8425285770717242,-0.18187695603511797
15,f,0.0,0.0,0.0,-0.26559732914962203,-0.12649205330504718,-0.0872857345357426,-0.4189134948106564,-0.2875697618555409,-0.16186715368253396,-0.48379085891162504,-0.43085017816471194,-0.2587501618394158,-0.4738288390040186,-0.5674089464042714,-0.3389834171714684,-0.20897958345548204,-0.5091484961490683,0.0035243786998871486,-0.26129824796054946,-0.7025234249933623,-0.18752056123045094,-0.37807098881085477,-0.6682277879074353,-0.33877645732794043,-0.42311003680452647,-0.5890828160177373,-0.4154357552635995,-0.052124561257879815,-0.5314966315254825,-0.04380358900133809,-0.05064566070933626,-0.7775921111013008,-0.1777694404588487,-0.09031566864105982,-0.9060324875090754,-0.28013807017665837,-0.10537917029775037,-0.999010490713034,-0.3423982937866198,0.11084643789149415,-0.5132321901524997,-0.12674427497583107,0.12793254085232986,-0.7456850963458189,-0.23548687590490133,0.11075895032127551,-0.8856679132845044,-0.3053983618134574,0.1066718853809989,-0.99999868476894,-0.34259482724409124,0.27750775055383603,-0.4562592809844568,-0.22450996882520666,0.320682239305693,-0.6388847233952964,-0.27709434938695515,0.32750846481139023,-0.7577673179383252,-0.29629283424314823,0.33093278788909664,-0.8624857846143885,-0.3090025792475789
15,f,0.0,0.0,0.0,0.2342649480540039,-0.08065020828707345,-0.08513299789750729,0.4183892932521998,-0.23792748962034518,-0.11176570539817536,0.5060972841283333,-0.4205409315986827,-0.13121246690574873,0.5533767229299545,-0.5806715152054465,-0.1498065691608439,0.2237558437399357,-0.44879617141572015,-0.059264557847307914,0.3123705599895337,-0.5719127708482318,-0.13029521821125,0.3895541160792442,-0.605923554797078,-0.18247916338447032,0.4489066294344818,-0.6123191789071203,-0.2123840177144996,0.09060571221055093,-0.5270022831144648,-0.06348119116553332,0.186339926027663,-0.7364291798452564,-0.10575344136926232,0.2822812977660825,-0.8313705985941391,-0.1361740694596436,0.3775502251957419,-0.9001996368840247,-0.15721747673277778,-0.04019715366272918,-0.5494322710108663,-0.08461522593456205,-0.023058602777788186,-0.7871092318864046,-0.14075947761793842,0.04298481006741974,-0.9128251980759667,-0.18164483190823685,0.12992771865227293,-0.9999978016867858,-0.20983847139778872,-0.17506875310491418,-0.5148032235252147,-0.11304462057269861,-0.24344947335068004,-0.6720817496404298,-0.16445991289590642,-0.2379379719946049,-0.7660968540789501,-0.1890700053363898,-0.19912894674321727,-0.8405884054290897,-0.2065505273028439
15,f,0.0,0.0,0.0,0.21265433451363877,-0.1693598878801971,-0.057698643394378,0.32886984372778233,-0.33956862313082775,-0.07862375115222583,0.3818165488872167,-0.5132409524024013,-0.10200280139368974,0.4056120357033848,-0.6851461858230358,-0.12227686990194529,0.05597630292825408,-0.5080454417139005,0.021854112183872912,0.14220048139599994,-0.6646771660068751,-0.05658126308651356,0.26067966336935716,-0.6835113708810358,-0.1313322340099106,0.36827722991175493,-0.6686245336278551,-0.17639419529409364,-0.04959271702957081,-0.558063958485181,0.0034857384231360713,0.0024223380556888446,-0.7655279873935744,-0.06361456452827156,0.1394249156214614,-0.8275925625314463,-0.12234668981181955,0.2710211467126176,-0.832440110412896,-0.1567528435440859,-0.164482186412992,-0.5698319337831388,-0.034940519948874336,-0.20008543450832303,-0.8101433884315694,-0.10349120093342777,-0.1179381524575107,-0.9336982445214667,-0.15700143114093895,-0.006208766895553388,-0.9999979924872168,-0.18955761153284595,-0.2802656138883936,-0.5275296238810123,-0.0802634122062223,-0.423112602521841,-0.6565546036725405,-0.13610441288410738,-0.4380304309603814,-0.759563081639964,-0.16896660131717062,-0.40485394823293347,-0.8399144903105745,-0.19048152876781654
15,f,0.0,0.0,0.0,0.20362785837801178,-0.1673863059316651,-0.06840320609104791,0.32290658508027403,-0.3447429934869718,-0.07563716919346447,0.3253012578314985,-0.540178883085743,-0.08069674686402036,0.32253509745133924,-0.694199880494045,-0.08387201778780953,0.09238332472505403,-0.5079711255535845,0.02397552314100112,0.14416894758211243,-0.6628912934436867,-0.02351657999230119,0.21613392137562562,-0.7238638479692469,-0.07219383929732585,0.2879745162182746,-0.7668857711790038,-0.10573619671578798,-0.05394445662520773,-0.5346877241992188,0.01687920257007747,-0.03625240983542767,-0.7607622380961658,-0.022752091814373637,0.020588908144825377,-0.8902140634966825,-0.0771156123056777,0.08490079698930646,-0.990254699306392,-0.11689414821869289,-0.18556638548886928,-0.5033448470403072,-0.008167975870159766,-0.24938584363617192,-0.7302417394424849,-0.0684555216987992,-0.24235245447658374,-0.8775565811519808,-0.1312711437899729,-0.2066482740720924,-0.9999976942182051,-0.17305277350165407,-0.3021594888995981,-0.42059312591250775,-0.038734621648574705,-0.4082954148370046,-0.5499413938108408,-0.09522909586798892,-0.4448096389281188,-0.646652487567098,-0.13213712364565847,-0.4503078757328414,-0.7447774470217151,-0.15823635431232427
15,f,0.0,0.0,0.0,0.1539771820520177,-0.18793197461844288,-0.04630715179518075,0.21979312662362013,-0.3719918384759805,-0.05132814905636627,0.22130251562374842,-0.5532490837456256,-0.056227537237230236,0.21290422553521568,-0.7081838271485066,-0.05508580558244183,-0.07493141183690397,-0.4946365894762816,0.041319657936943234,-0.053935127582609044,-0.6755117046583221,-0.019985610766321826,0.047034797375849695,-0.7436891908100018,-0.08374648222786403,0.14593083427108688,-0.7700931562024314,-0.12260167234022526,-0.18302173964522717,-0.5083707870819757,0.02963544391204193,-0.18920526536385976,-0.7355995490318246,-0.00933026876408449,-0.09806096587804687,-0.8767674224580622,-0.0637316230440409,-0.007317865715354511,-0.9743489865129407,-0.10153411138314651,-0.2736340260945751,-0.4794795908649521,-0.0006512234774516898,-0.37299374977524263,-0.6987872905323581,-0.04891239292539704,-0.34028361304357346,-0.868138438100127,-0.11624834035907824,-0.2828221055302943,-0.9999979157740508,-0.16351270617405753,-0.3472532633377461,-0.3979219613174849,-0.03549218161842045,-0.5188129637980484,-0.480879657863425,-0.08418588213679026,-0.5833911472747719,-0.5818793357984706,-0.12742881327496683,-0.612679815928496,-0.6835130192283438,-0.15824408448547186
15,f,0.0,0.0,0.0,0.23254363137976136,-0.20248864214132103,-0.056177475949796225,0.3513621157693666,-0.36665056128381074,-0.06259871125425397,0.3931213911811086,-0.5407828286197213,-0.07216207363664008,0.3678301171586766,-0.6978594129103186,-0.07913688988108379,0.06834282260247092,-0.516299803612007,0.10572500721542893,0.1276894654966464,-0.6773458293134267,0.07824742009008882,0.22496068268777977,-0.7248770590233334,0.023295837528496264,0.3191468482795685,-0.7466561701289008,-0.016855739115587475,-0.05111543724142685,-0.5242485172707015,0.09605659583346268,-0.03654179959934793,-0.7626628450325267,0.0763427315544364,0.055603407116258406,-0.8886348054680865,-0.0021882456303666336,0.15371313687930277,-0.9771386026738474,-0.06670682047689654,-0.15837025497984739,-0.4950465459078587,0.06646115003673173,-0.25037667340768915,-0.7304081096233955,0.03677087762428942,-0.2329947896957516,-0.8834200765072211,-0.04107431641379608,-0.18880344230244617,-0.9999983829992485,-0.10380817662306474,-0.2611409098832744,-0.43213945333836723,0.02955184459327664,-0.4070260500000112,-0.5650794050561295,0.007453850228747998,-0.45758599675773587,-0.6725692954569513,-0.029296446545651125,-0.47401559041602215,-0.7754515833703111,-0.06541315581144375
15,f,0.0,0.0,0.0,0.18958953260948097,-0.16168431863920724,-0.08679059947005925,0.2999527028652516,-0.32501278155949886,-0.12024149076688412,0.3513414172205664,-0.5060687786792223,-0.1517215934231196,0.3556523132602272,-0.6746125631139525,-0.17735194996132492,0.044652106408310785,-0.5129391742643138,-0.009841095481651347,0.1020095379333496,-0.7007481447913577,-0.0982125437275642,0.21536232710051254,-0.7263119289749184,-0.1751994389571406,0.3199353974962994,-0.7103933626211872,-0.22030717731508498,-0.06328523504397154,-0.5382428645249869,-0.014211109006952199,-0.0382362614835105,-0.7643560131958549,-0.08297922988252382,0.08925020679757706,-0.8730513677011548,-0.14917708580830027,0.21601682861702812,-0.936032205183239,-0.1934295973565434,-0.16664527414186917,-0.5200597275999578,-0.04032049498883738,-0.2219835585522851,-0.7658699936193504,-0.11473273801017214,-0.1538637327385242,-0.90718539276404,-0.18024716062351634,-0.058078330051981396,-0.9999980388081238,-0.2219392812932222,-0.2640713142251428,-0.451062654665159,-0.07515106034442626,-0.39382960063852573,-0.5832540174430275,-0.13547408131702657,-0.4056296235593876,-0.688282924356702,-0.17553753183285806,-0.37406146888184194,-0.7730938831472787,-0.20352943890675493
15,f,0.0,0.0,0.0,0.22788289517972526,-0.10354151697645451,-0.058537496373765735,0.38339954316467584,-0.28248750471387934,-0.06365296055049528,0.4351853718128712,-0.4542659128594699,-0.066283124834529,0.452829885247775,-0.5996647991472567,-0.06683152498139362,0.17684819503099145,-0.46981778916898204,-0.009677380443555896,0.24515977602803943,-0.601393901712015,-0.07241515144395164,0.3325661750653401,-0.6283085464430711,-0.125453034429714,0.4117972767087307,-0.6219723373428091,-0.15773219342905542,0.044950585741972866,-0.5323729656413819,-0.022714788375724566,0.1022152107048781,-0.7535801765384064,-0.06308478081867257,0.2010718908470461,-0.850915431495727,-0.10447846179791696,0.3072463234031864,-0.9082006126856063,-0.1332562542008158,-0.08289883487421758,-0.540918275120824,-0.05151411607026637,-0.09775140288345671,-0.7865777459267522,-0.10958955116669526,-0.04273527222666563,-0.9149570016407678,-0.16078626379723504,0.04323258750561215,-0.9999977821462375,-0.19456754760111378,-0.20629779930194084,-0.49084700765496153,-0.08532292522388943,-0.3001174767663578,-0.6400721282420117,-0.14070960500590435,-0.31971965685886905,-0.7378347676482515,-0.17159954973038158,-0.3022488468467551,-0.8194878026317748,-0.19254474215996015
15,f,0.0,0.0,0.0,0.19746866077217332,-0.20575666735167172,-0.055498342433668926,0.29796657014707667,-0.38123071055213115,-0.05265130673905027,0.30834591197655237,-0.564749717729928,-0.051541627908923,0.28705852063119,-0.7313224510732959,-0.045029077202750005,0.005334422058895931,-0.5165385545372532,0.12509261976828126,0.039308318453956805,-0.6998739072250516,0.09660056786064355,0.14430177804498026,-0.7529392516292627,0.03506189836863406,0.24772894997009742,-0.7730750094835012,-0.00878357168139206,-0.11653299482838612,-0.523857342403543,0.12310596639692484,-0.11569565786723675,-0.7516840726622606,0.10822820382751801,-0.010221249021949042,-0.8817243504901012,0.027382324769260162,0.1028711905728819,-0.9619472410201182,-0.0370032512806927,-0.22208538746708037,-0.5005952668118152,0.09957788401254765,-0.30124354241959517,-0.741816495787396,0.07778849782446573,-0.2540482347280102,-0.8908197933559872,-0.0011682298572102301,-0.17656711505414258,-0.9999980191507244,-0.06348807281016908,-0.31662287921512194,-0.43536208927983594,0.06877075096168138,-0.4449281799829161,-0.5601875182308738,0.052037799845997046,-0.4751959866230421,-0.6676521962744264,0.015009073009680764,-0.4641054042614226,-0.7654060915046494,-0.019563909637427067
15,f,0.0,0.0,0.0,0.25074952486860214,-0.15753546650173256,-0.10195913193231158,0.38430296000835096,-0.310642074743482,-0.1586760609927152,0.46626871345441145,-0.4723306921159933,-0.212795452456212,0.47687225351886425,-0.6390472273272944,-0.26817030549195997,0.1343155832919523,-0.5589591849793878,-0.025394077359834354,0.21355580117401976,-0.7385329014774958,-0.12776302878348747,0.328342666217273,-0.7694700196090486,-0.2310921731427674,0.43625358545586573,-0.7446503251944079,-0.29683101408946383,0.013373937635192061,-0.5849210053702891,-0.029736626853079255,0.062479957681259565,-0.8321944414962429,-0.11995752449035867,0.19906646924703797,-0.9168383386871397,-0.22864443206321738,0.33741271832556063,-0.9204770100407029,-0.30493929476458936,-0.10259468711208634,-0.5703537973846041,-0.0539780667607685,-0.13148995148358378,-0.8314409790333154,-0.13084694389808307,-0.05320886981341747,-0.9511157789619773,-0.22474571707562474,0.04902287354484239,-0.9999985852263583,-0.2927268783341385,-0.2079280226491602,-0.5168988611507253,-0.08825348845612019,-0.32576381760954876,-0.6667431919620538,-0.1477866732076459,-0.34800959655066577,-0.7745749280721979,-0.2044632201374469,-0.32716377363397964,-0.849200515136271,-0.24990400579964087
15,f,0.0,0.0,0.0,0.20209231223238977,-0.17474997571254425,-0.06657038500386213,0.30729442166915344,-0.3769506921978975,-0.08423774080759731,0.3217054384103913,-0.5711480534469491,-0.09909775731399764,0.32305912070153187,-0.738241556987514,-0.11025950684119579,0.035872633441029166,-0.5100152254848724,-0.01992151004672843,0.07910694908403813,-0.6631022773780658,-0.09833631761595656,0.1731109413703149,-0.6983579134610313,-0.1610224082186534,0.26902845853429186,-0.7014455892673521,-0.20005348867638298,-0.10460767872279937,-0.5404832531157017,-0.03412198935734906,-0.09809330019062674,-0.7590020786719086,-0.09940599236400963,0.004264990283179909,-0.8615422204436097,-0.1503852540780605,0.12014723857222347,-0.9241127229025521,-0.18451812052837455,-0.2312977677613396,-0.5197836297348932,-0.06678462312684558,-0.3392579112780001,-0.7534457807236853,-0.14437693781239747,-0.3131734542634806,-0.8982536687000068,-0.20392445902649078,-0.2387305243470717,-0.999998230815596,-0.2425886469772911,-0.3372960368380589,-0.4439476840775817,-0.10509198919927504,-0.47688254117297824,-0.5615609205109793,-0.16842747057584997,-0.5030893220527095,-0.6575885818794507,-0.20808903301600873,-0.4807605240550141,-0.7461833812105821,-0.23766711498306958
15,f,0.0,0.0,0.0,-0.2381450130266284,-0.029494732848819004,-0.050891445609581344,-0.4328570090027939,-0.1221094901098085,-0.0998539656264062,-0.5419350458592689,-0.22900735235288638,-0.16315217219401582,-0.5316807455086295,-0.3501527664043968,-0.21687781051583696,-0.46148595456706715,-0.40706619678463724,0.0065166520521589815,-0.5945367988574097,-0.5519607258020959,-0.11985750874369393,-0.6064800099687535,-0.5044899483207438,-0.22315762608389114,-0.5780815974830271,-0.43400056108202806,-0.27662266864361845,-0.3455110520615313,-0.4952388325194241,-0.028421564209482088,-0.49312015589564817,-0.7005117412159975,-0.10844055210848265,-0.5943363509644185,-0.8248746724793445,-0.18126046113134334,-0.6852637501032999,-0.9344726407475232,-0.23232708209584568,-0.19502333376774916,-0.5331178587926195,-0.08582656221953185,-0.2936599885737275,-0.7473520124151743,-0.16341151909463,-0.36820788309530106,-0.8829647553935329,-0.2203869762616947,-0.43377014051352436,-0.9999984899157622,-0.2541339586877872,-0.02009294359762614,-0.5292599794188222,-0.15004543847076732,-0.03156995809390543,-0.72440023362348,-0.19466380508151873,-0.050864980465052945,-0.8517169585573684,-0.21281986578319523,-0.07722122315638935,-0.9684444182399587,-0.22416285831599717
15,f,0.0,0.0,0.0,0.1757725652505231,-0.18145376505519978,-0.062039859663772685,0.2563490557617944,-0.3820782403327819,-0.08649844661953275,0.27654172098834845,-0.5676637486696477,-0.10957415682660233,0.2730169845585248,-0.7345287602501699,-0.13012547372508612,-0.023898268370102893,-0.5201917795172945,-0.02401150961509199,0.028896862626482226,-0.6784497316877466,-0.10397024507472592,0.14052636238477403,-0.7152120262886854,-0.16750356511010178,0.24812769752232466,-0.7128605478407148,-0.2043068925928978,-0.15769117311658368,-0.5452517443367618,-0.03870583301349618,-0.1637815139111524,-0.760812188610379,-0.10107173852422141,-0.04891341245403242,-0.8635133344986676,-0.14555580381977884,0.06891327988767218,-0.9244498960626326,-0.17233141559273166,-0.2786119216048165,-0.5151416598923816,-0.07048024031379917,-0.4043123343255471,-0.7411582696808376,-0.14016205855574246,-0.3739333254679397,-0.8898734174030475,-0.19129979899656419,-0.30235503315307516,-0.9999982285814808,-0.22356583209003594,-0.37104874950823624,-0.43242211527224855,-0.10763575900031355,-0.5327233720947948,-0.5541334825301102,-0.1639172331641547,-0.545146106772791,-0.6520937137970728,-0.19414677357948695,-0.507251309911831,-0.7367013253026896,-0.21505494720878354
15,f,0.0,0.0,0.0,-0.3406202391798296,-0.11524051722952679,-0.10580390636960992,-0.5278349116876336,-0.29679708883655365,-0.16683323359021052,-0.5670394123843762,-0.4731891516860752,-0.24654244638177125,-0.431795124798437,-0.6023980160334276,-0.30391046444909664,-0.2829602157269858,-0.48668507962208146,0.08283671972139148,-0.3022932266645814,-0.6734582253070617,-0.08950730983392409,-0.3654877412527699,-0.6609245580572608,-0.2388936636452256,-0.379769851494597,-0.6136381968210046,-0.31678975508870394,-0.1276655369399884,-0.5152291353805428,0.05621755334157547,-0.1265578482556919,-0.7470508820882221,-0.029602914658250556,-0.14764797301714663,-0.884163270145482,-0.10796007002267395,-0.15075624441728133,-0.9999986467681994,-0.16346774095551517,0.03276380681122881,-0.5024150977916597,-0.017356066678707444,0.019096075416579022,-0.7264493889476418,-0.09630259032959236,-0.012877516143790341,-0.8593351699455687,-0.1421365065749289,-0.03384149038443827,-0.9709509971627706,-0.16905227085642602,0.2095574703276922,-0.4562120662516671,-0.11136039722014004,0.18049590706188023,-0.6390484526372371,-0.15461356135875082,0.14536298701718772,-0.7506971483565034,-0.16372147369261744,0.12288940078969839,-0.8501628817265237,-0.16884019844157228
15,f,0.0,0.0,0.0,0.22839663586190578,-0.17239876056357908,-0.08296398825579389,0.35728111794550604,-0.347078892301683,-0.11757578688807381,0.4191254367935709,-0.5379844008276162,-0.15286803664582527,0.44135519872616624,-0.7207559172096077,-0.1825551295273423,0.06893866795581272,-0.5753268693938077,-0.011172808067288922,0.1641860647537852,-0.7487750566906933,-0.10498332556968575,0.27669591023353607,-0.7660584418164638,-0.1847213001727241,0.38364407451500737,-0.7469449376758319,-0.2322933252908846,-0.055051694952298544,-0.6164609379844027,-0.02348554183995322,0.004816116730248954,-0.834440641129329,-0.10641254674312933,0.12396632105855097,-0.8926660939637895,-0.16821050990001074,0.25151047002916527,-0.8913474986897809,-0.20587367002617027,-0.1808705740853005,-0.6158439306286041,-0.05844968713412222,-0.21625376547815953,-0.8465003000004305,-0.14123098006366125,-0.13318596966742818,-0.9523249752953665,-0.19186737264848433,-0.011479582467544146,-0.999997759137205,-0.22230064773999986,-0.3045222140462735,-0.5598553381555244,-0.10355431309285293,-0.4404884900495179,-0.7089513356840493,-0.17124404035546648,-0.4601510499294828,-0.8304981117160193,-0.20791216843294966,-0.42614051458068525,-0.9283956549476052,-0.2322317013556575
15,f,0.0,0.0,0.0,0.2110668860499169,-0.18183651188032685,-0.06587894900063586,0.32318158536531,-0.36422080820370245,-0.07582011303862503,0.32743826208025206,-0.569523275346021,-0.0866795029742318,0.28854289667524563,-0.7207261882248334,-0.09653517998785963,0.06943089942143812,-0.49098952010564195,0.027571838308135636,0.11824011751578051,-0.6531224792146166,-0.023977643928713807,0.18949804047665605,-0.7166413894474442,-0.0717967926076696,0.26150132407287413,-0.756605679877031,-0.10349159186076198,-0.07285599841262115,-0.5133581265158398,0.01722217388108409,-0.05850513623373266,-0.7513889897885534,-0.022600817865373747,-0.011247380739462975,-0.8839040428214878,-0.0691494065189583,0.045112896830179494,-0.9837390925413966,-0.10351589256431164,-0.200902169445253,-0.484918835850417,-0.012343211908303686,-0.26241911888504965,-0.7275476842603459,-0.07275389963096664,-0.2555458925964872,-0.8813471220986948,-0.127795834482829,-0.2201219052907686,-0.9999981335706899,-0.16525643628872905,-0.32120537845094804,-0.4094604163418902,-0.048291403457213875,-0.42879868677799643,-0.5454954071632658,-0.10310292661677865,-0.45615614766754037,-0.6488415504670619,-0.13771462379577587,-0.4499565827711147,-0.7471430484917173,-0.16394405923722805
15,f,0.0,0.0,0.0,-0.218040671735307,-0.03753426529167188,-0.1629980465391554,-0.4075277587340059,-0.12397294502172458,-0.2989465311139173,-0.4122056890035912,-0.2093957860805849,-0.43515798023702273,-0.28336802504441433,-0.28728137184147606,-0.5547362630890803,-0.35955280021951563,-0.4499928121423048,-0.13845443827994536,-0.43666755217922865,-0.5507312822448134,-0.3430234481233075,-0.4038965581830015,-0.4654110106818216,-0.509654926278155,-0.33380489185700696,-0.36587388579967406,-0.6021849519441042,-0.1797107315926763,-0.5071797133720751,-0.15664819342070258,-0.2753278586870144,-0.7332011332763549,-0.2977349289439694,-0.31133307723226705,-0.8750319083233148,-0.4189136565274611,-0.3181503427486898,-0.9999986556011037,-0.5096158216578551,0.009727194167182443,-0.4980103209710968,-0.205591582264203,0.06862836822907536,-0.7208557325284985,-0.3450094900532726,0.11621284146749714,-0.8561666134646359,-0.4481494486102234,0.16204241473754208,-0.9709724899255229,-0.5124165698882077,0.2165866289327416,-0.4394209421501607,-0.26743559936781497,0.3372656507535485,-0.6160443319171921,-0.35137460839747775,0.4069685145842661,-0.7259229460878727,-0.3888386776904146,0.47894024771656457,-0.8333991903475059,-0.4164524694211266
15,f,0.0,0.0,0.0,-0.28241022898182677,-0.043835108811231954,-0.12250013086714893,-0.5254696594168158,-0.14974919557042182,-0.2192451352290118,-0.619316493419894,-0.24747042749725298,-0.32751477433669257,-0.5381046506133695,-0.3393107201197922,-0.41604615039900245,-0.45171816638715806,-0.4422460505146632,-0.061635909626837154,-0.591685399581441,-0.5854241010186625,-0.244371563350331,-0.6046444485066811,-0.5053666276627843,-0.38597649393872274,-0.5575331925482586,-0.4114978080586111,-0.4599638097086422,-0.27201396550437174,-0.5056469231778843,-0.09051005722985897,-0.4068282502960177,-0.7194985243559711,-0.2074697977543584,-0.4965605584698479,-0.852615821686677,-0.3080447272651357,-0.5638613674641775,-0.9726394396337269,-0.3818363043089571,-0.05829628422344889,-0.511049362175456,-0.1535258056944323,-0.10056690434840047,-0.7367672526684672,-0.27861754356993257,-0.13761774151529532,-0.8778178618847657,-0.3752142914164271,-0.16727397672000463,-0.9999985975012226,-0.4336770559614751,0.17898854030874162,-0.47015271672577585,-0.22826353684316913,0.28587032789787437,-0.6480573167432722,-0.3039276308760639,0.3374410244768669,-0.7601575079656782,-0.34667817243023996,0.3671618789577982,-0.8626837222702122,-0.37676465247310653
15,f,0.0,0.0,0.0,-0.25776739354067957,-0.041687355990106,-0.10715929877323507,-0.4772758996103563,-0.14042243930994425,-0.190481006607115,-0.5871693578227498,-0.24365438928754235,-0.282234829808593,-0.5485263928408758,-0.346439705774648,-0.35704163261268357,-0.39797227279061875,-0.4397579614930673,-0.06535530594382512,-0.5214498024877641,-0.6030728617543566,-0.22734185108570398,-0.5665476320253304,-0.5207561005951412,-0.34747994899547685,-0.5517232294027177,-0.4243357590897391,-0.4083296684322414,-0.24788764240336747,-0.5009699469999559,-0.08452637904204308,-0.3718675388325628,-0.7207751995332891,-0.1898101182448925,-0.4741484417661993,-0.8432039464637108,-0.27503038087132514,-0.55629591373721,-0.9570854230006537,-0.33619993747588034,-0.06543679548435989,-0.5084479237704072,-0.1325818868512635,-0.11610146757651993,-0.7344248972297907,-0.23713572100763972,-0.17962572165529658,-0.8756969806392254,-0.31477159347088435,-0.23877063073945995,-0.9999985691681224,-0.36368077505926405,0.13145232972496995,-0.4728185621912528,-0.19125154958717985,0.21335179516736655,-0.6491352558856731,-0.25514160903145106,0.2457105066872528,-0.7623674636116328,-0.29330781387007027,0.25282483151891094,-0.869401299090981,-0.3209500944928854
15,f,0.0,0.0,0.0,0.1667269551714686,-0.14894575859913575,-0.028455555328105894,0.2657773769597869,-0.3045599003329863,-0.04334520833955988,0.32469099680961605,-0.45975102116002337,-0.0625574715722865,0.3547182524430778,-0.6078526146403208,-0.07593873983573304,-0.02816717306901284,-0.4887405340825542,0.03449200476530827,0.0957600197660304,-0.6399283173892444,-0.03310771228543223,0.23139584188049342,-0.6575037726069654,-0.09553314504480657,0.34158548984790027,-0.6239417275853996,-0.1309193026473714,-0.1171695624370441,-0.5377874658344551,0.01103621640263865,-0.0612808270505106,-0.752810709595956,-0.045310294583956544,0.10038211050892959,-0.8386612595735975,-0.10165943272604586,0.24487217863642996,-0.8515545003079669,-0.13351020144078252,-0.20572168407021865,-0.5449056996607402,-0.02612334935407364,-0.2574773119671282,-0.8011483202249466,-0.07776721399443544,-0.15083287946998472,-0.9314391418131859,-0.12765917101695284,-0.023475227575645748,-0.9999988338624505,-0.159498001867617,-0.2894527853128929,-0.5000221805439399,-0.06624031567125467,-0.44118901529477406,-0.6435678889030503,-0.10886229158585799,-0.4339949143439758,-0.7505710828872982,-0.13532859705339753,-0.3784921177653756,-0.829113852864997,-0.1519265114962562
15,f,0.0,0.0,0.0,0.24439217008278352,-0.18705917547392958,-0.07860950272113859,0.3791273447075444,-0.3980404718657836,-0.0864090720463931,0.4169783736035926,-0.6110555037267661,-0.08879909749294573,0.4204445060011808,-0.7793387446067409,-0.0847497413010408,0.09661828518666274,-0.5574395840311428,0.007969735998533276,0.16764931355542734,-0.7271759561203283,-0.06701435569860006,0.2844918250664508,-0.752820709498339,-0.13656243345492172,0.4045577846526101,-0.7395473955021642,-0.1788507205286389,-0.040199907673037556,-0.5897173092995273,0.007510117321271523,-0.028351176401013634,-0.8299068582286229,-0.04011702088900705,0.09493263700037854,-0.9327783716155869,-0.09889547124928832,0.23152608268842603,-0.9795851002338966,-0.14421386034010986,-0.1635583112064678,-0.5731836961510788,-0.013622821046198313,-0.2365994548358822,-0.8211812335445883,-0.07162369841675302,-0.1633561186699789,-0.9386550972446482,-0.1320314270249918,-0.05115453413614321,-0.9999985102205278,-0.17524133511853832,-0.27652990565693225,-0.5066479664064752,-0.043334183746543624,-0.4179164777106357,-0.6410600059235141,-0.09010634505552309,-0.41494330616782055,-0.7299781031461132,-0.12537190459952363,-0.3625218941581212,-0.7961584641902211,-0.15378319709504892
15,f,0.0,0.0,0.0,-0.24024382293265806,-0.014618244752295092,-0.10368880241722365,-0.45601507579723044,-0.08475850858374964,-0.205250949419721,-0.5910337310063398,-0.11960173607179603,-0.31046943969465035,-0.6730197886884315,-0.1444243246845499,-0.41152324176624566,-0.41628717655423925,-0.43647514346549,-0.15477796180348302,-0.5904552191876955,-0.572133588430091,-0.3089906317407782,-0.6438304492711981,-0.4515329403982812,-0.4183317916758004,-0.6392252426970533,-0.32919795928070766,-0.47449673526125025,-0.23124910640439889,-0.4890977327647453,-0.1946676013051533,-0.3593618626620246,-0.7254040510433967,-0.3007636285656755,-0.4831660971848028,-0.8420043276380573,-0.3896374852340223,-0.5872644293506727,-0.9387972518927673,-0.45282044878925165,-0.02664366411788089,-0.4609803063535245,-0.253337382545988,-0.05824444279341245,-0.7189169633869871,-0.37312872809931785,-0.11711463337640965,-0.867789800047535,-0.47411043090254146,-0.16927740196945626,-0.9999985591125683,-0.542207824874408,0.17382854482777021,-0.3702387179232991,-0.3151079476283081,0.3115370309311838,-0.5337568526649535,-0.4124944992123634,0.37427035098485245,-0.65063625090608,-0.46107927183205144,0.4075784094173364,-0.7625517068446654,-0.4936368365698763
15,f,0.0,0.0,0.0,-0.23853260992350261,-0.07574732579381384,-0.0853102438608548,-0.4128267174404558,-0.22683930996451662,-0.14373937039203408,-0.4749236495315969,-0.3688184450046711,-0.21443912406768498,-0.4067869441696894,-0.47338021009160497,-0.27081280042027606,-0.2789134248519129,-0.4769444037563873,-0.007540462634884612,-0.31889399185831874,-0.6686677990670973,-0.14602054754754498,-0.37120287708070104,-0.6429056914396051,-0.2544726026515315,-0.3922706885963045,-0.5848918751779063,-0.31017875622111063,-0.12684087095295785,-0.5005103636092819,-0.03051688193487624,-0.1452042027775621,-0.7337206400017087,-0.11890703301542753,-0.1794824168949766,-0.8758915497621972,-0.19693748940942166,-0.21073332723684193,-0.9999986691020035,-0.25076040332616456,0.024870424589678076,-0.4828314712002072,-0.08154600060479116,0.007139572535590375,-0.7044856052309416,-0.16247446157755074,-0.01421917332823449,-0.8457267546565074,-0.22271347938481803,-0.032634544125554034,-0.9694120092754299,-0.2581050776360771,0.18022960452303324,-0.42804990183297514,-0.1439200194021192,0.16715790640871098,-0.6131794991999866,-0.1984445570979045,0.13704241347000679,-0.7332142119501625,-0.22290682082727273,0.10962422106524271,-0.8423533837796314,-0.23672550825039587
15,f,0.0,0.0,0.0,0.19848870058822612,-0.1771016146369716,-0.05719281910676467,0.321686391538413,-0.3305073943303419,-0.07053439720627339,0.34632841676137605,-0.5151324232884166,-0.090384845238585,0.3429974692923886,-0.6791064861249498,-0.10892335283864761,0.0473624682084687,-0.5060403618517798,0.06412431953644677,0.09860121475721083,-0.6517550620829906,0.0016218495513633457,0.18691603338965973,-0.698299324403104,-0.06388221724066441,0.2750306318994971,-0.7266980268323869,-0.10483661108355123,-0.07341497643056884,-0.5294250382377707,0.04788155378145999,-0.03668625063075061,-0.7340138158204819,0.0023060892455026884,0.05676135685323867,-0.8463035619959156,-0.04670715907464879,0.16001919146138968,-0.9258539648215421,-0.08016610025172746,-0.18804553755657646,-0.5173231080772696,0.008275452924159423,-0.23474265459695295,-0.7542057986183813,-0.0539264663798811,-0.18981356646901634,-0.8980614417376536,-0.10105117755902832,-0.10803335698829034,-0.9999976558714274,-0.13096511003781142,-0.3039869606437435,-0.4606133082549057,-0.03913082544339977,-0.43171440482147116,-0.5844817296297937,-0.09257311984103526,-0.44416717428963287,-0.6840811807205691,-0.11961042498773723,-0.408552024468331,-0.7700687373346796,-0.13806780711069494
15,f,0.0,0.0,0.0,-0.2594250312487062,-0.11410305329172166,-0.11244962023600208,-0.4076405142915633,-0.2701740451798283,-0.20059186538612112,-0.46010627061356413,-0.417117917541403,-0.3069324399247783,-0.43484471186763285,-0.5556068202707863,-0.39762976889596113,-0.19935350401783208,-0.48341546873515767,-0.026962602735079756,-0.22034296986889884,-0.6694258476058207,-0.23916729041783286,-0.32029497952396463,-0.6583445726621758,-0.40615589458338897,-0.3706617630867975,-0.6008195198557716,-0.4913920617503295,-0.04476056137168059,-0.5050954437149954,-0.06141957193785424,-0.030133149819253798,-0.7428514930896124,-0.19511415783598177,-0.06985640091802814,-0.8855224873344835,-0.297421589963741,-0.0936795828206411,-0.9999987453489139,-0.36424288412423067,0.11377303577016797,-0.48192436985406567,-0.1336968818951758,0.14505582514501772,-0.704188291473735,-0.24205823418484904,0.13279245480975732,-0.8323997620736997,-0.30123595461363617,0.1282795231593606,-0.9447391323315844,-0.3328016668954467,0.26875937455775006,-0.42004918805858865,-0.2238840877593819,0.31530246428740794,-0.5969459457400504,-0.28283360776509603,0.3166021933888363,-0.7134076932621288,-0.30011950002862475,0.31839279831430234,-0.8198907668688397,-0.30948500916638094
15,f,0.0,0.0,0.0,-0.27519127331852605,-0.07768601133143471,-0.11883811856826783,-0.5106577652204628,-0.18947583595520562,-0.22821126157178748,-0.6347739112238435,-0.27840783484203213,-0.34850610042707536,-0.5829318910917046,-0.3522693244014321,-0.4547276679520524,-0.322808969339329,-0.4837617993451493,-0.10349195523781889,-0.447486353454219,-0.6455782622927444,-0.2862666213523868,-0.5200796958864911,-0.5538276987479921,-0.4301422680799474,-0.5320459353486577,-0.4462260006892517,-0.5086230401360993,-0.14885553957308847,-0.5277616783169795,-0.12942756321946033,-0.23656307498964213,-0.7474016077619092,-0.24896487374103,-0.3154196497953915,-0.8735146957724083,-0.35075439960488775,-0.37973203288130625,-0.9837525616073269,-0.42975730585391253,0.046800873287936307,-0.5100829640380752,-0.1836695973668912,0.05723307659062572,-0.742878235552083,-0.2956957518953261,0.02741545791152187,-0.8797588165460115,-0.37801524731558506,-0.0021895552279690483,-0.9999985223988976,-0.43546414406976564,0.23812762805859575,-0.4409962038591954,-0.25030330223543673,0.4000617110137108,-0.5970718328418526,-0.3192365310941299,0.4859939813673075,-0.6978129949771343,-0.35817249663849743,0.5447761544103988,-0.796007206159613,-0.390122005476365
15,f,0.0,0.0,0.0,-0.1858117644489412,-0.15365332858873365,-0.08319494662992089,-0.2860786714472452,-0.3233008186971768,-0.1602821838554107,-0.32524749419156107,-0.46235273756213846,-0.2535529788259386,-0.264666663555255,-0.5693290443699989,-0.3390856656032185,-0.005415989159138524,-0.5031102678464778,-0.01925245153955345,-0.06712817872041447,-0.6467667713033142,-0.18032456620660078,-0.17480299524559847,-0.6311640470896978,-0.31832561855447783,-0.2502445341724626,-0.5684506220689238,-0.39054765874179675,0.1506816295005623,-0.5207381446885286,-0.05036399215758683,0.1958451016009102,-0.7338816851322066,-0.13415811997913243,0.20135043456673926,-0.8802678967563063,-0.20119466301280858,0.2036306181232501,-0.9999986740908066,-0.2507331563061065,0.2907531978957507,-0.48357467747085514,-0.11191953369335506,0.40077979947135234,-0.6888962288872948,-0.18888009515223797,0.44787943603000324,-0.8251428865737624,-0.23156796140682778,0.4839358461542481,-0.9379353527001401,-0.256950019238841,0.3994177904801937,-0.4060999643353893,-0.18690516630898873,0.570862351637143,-0.5454955071468264,-0.22782468904601624,0.6689918038846709,-0.6423692857343785,-0.23713871174195195,0.7458839053059195,-0.7350500697745003,-0.24313800413083944
15,f,0.0,0.0,0.0,-0.2566395549733045,-0.07446529600214834,-0.07291499730458492,-0.43167266317347236,-0.21459900931097559,-0.1339062834312461,-0.502828504704269,-0.3430714408938127,-0.20826433894975713,-0.5066689913683131,-0.4684933020856404,-0.26902039453244503,-0.30875009094766565,-0.47240870306064003,-0.0207268294624146,-0.34473384007699603,-0.6641774878118553,-0.16672739483404528,-0.4165650484446414,-0.6510355790809667,-0.2832925910796227,-0.45628203394370404,-0.5960398414460133,-0.34330562541368226,-0.1773306504544957,-0.503274497969858,-0.05630438723285412,-0.2168092365617015,-0.737132881756212,-0.16170731190336343,-0.2913498785444861,-0.882405308672525,-0.24846222409450033,-0.3532819985509694,-0.9999986832335501,-0.3030650638345943,-0.04080259550339633,-0.48846979762880355,-0.11612948828500384,-0.048727344473001394,-0.7164277277919794,-0.200848391184287,-0.07855155968531992,-0.856084171404714,-0.2553440983581638,-0.10414376383317366,-0.9721191006902148,-0.28478279330289363,0.10160374094637123,-0.43514995866523093,-0.18640933468415868,0.09064694413932985,-0.615315226942277,-0.23239000422138348,0.05877143460418993,-0.7316827773381283,-0.2429248046728146,0.03278892257956122,-0.8310138166581627,-0.24585285935989362
15,f,0.0,0.0,0.0,-0.2523149061507686,-0.09700025772468227,-0.11512333305092398,-0.44197999262039617,-0.2569754005011855,-0.19368368385629026,-0.49324810110190354,-0.4075885771450184,-0.2841710962245014,-0.3914594093058154,-0.5158497419296529,-0.3608817666507355,-0.20102497363988187,-0.4617950428976157,-0.034551747193874535,-0.28601984532151825,-0.5970738135828577,-0.19750743740916257,-0.36767972990558045,-0.5729262135955516,-0.3363608005011499,-0.41706316862242104,-0.5181999770782318,-0.4114227134955976,-0.031799238219070894,-0.5122806576909346,-0.04679743489119731,-0.09047529022569735,-0.7362777799154678,-0.12990815319891938,-0.13347551331315496,-0.884930883312629,-0.21320465220798138,-0.19066448513814896,-0.9999985998223522,-0.2798713451513024,0.153687151688313,-0.505664847148051,-0.0915122891358315,0.1356413917470145,-0.7309464991935904,-0.18679108787005383,0.1180984607809011,-0.8720167330022319,-0.2581764656207125,0.07597900210665774,-0.986442330651362,-0.29921596866904066,0.3514394806778346,-0.45507140579275057,-0.15046192391993157,0.48942977225996687,-0.6164526336437631,-0.21218311654598812,0.5443275965570344,-0.728375520038478,-0.24420608236260713,0.5482565060449662,-0.840412659191206,-0.26472206788552555
15,f,0.0,0.0,0.0,-0.20830557867717825,-0.12439724154187025,-0.05791343797240592,-0.32552300122027283,-0.2906863898033288,-0.10796491700272705,-0.3021283342409309,-0.4251839455924352,-0.1723150641774047,-0.1973864520321815,-0.5081101394619039,-0.2264912202691296,-0.19765685283417928,-0.47599430833535,-0.008370796096052463,-0.2442760031461284,-0.6309037550769444,-0.13015539743654383,-0.272482115815793,-0.6190660153461351,-0.22580601812483447,-0.2648121527701589,-0.573793719995019,-0.27793892928771374,-0.029052525485327243,-0.5031784104688724,-0.049382438432899745,-0.039033124339687884,-0.7368101174687021,-0.14051196206576283,-0.03193447858642935,-0.8783694048718976,-0.21364159772754004,-0.015723454532074417,-0.9999987296072076,-0.2655512446045917,0.1378179352815743,-0.4769299965768192,-0.1121057463663084,0.24721576946826815,-0.6818402695241795,-0.2131057558694226,0.33024464143561105,-0.7977948120404696,-0.27780128687443134,0.3982838740969116,-0.8984619790554065,-0.31431052526296027,0.29979672362902504,-0.40823668323009243,-0.18010693853393672,0.45608762997063274,-0.5518901570741874,-0.24210919501481845,0.5574534775232435,-0.6437501026718281,-0.2628735686705547,0.6427585321027548,-0.7305770041621632,-0.2766289506053946
15,f,0.0,0.0,0.0,-0.1903700934558463,-0.13357131409812625,-0.08894203654518165,-0.3067271868216482,-0.2935924221512654,-0.15742904184585033,-0.33162312726151133,-0.42159927774024203,-0.2402038955820293,-0.25841994495240744,-0.5177826851442494,-0.3142471618746675,-0.08575475218581233,-0.509711522797866,-0.004706140053903897,-0.13126486389486497,-0.6505717622704699,-0.1405936231327796,-0.18945996713955834,-0.6551318835885468,-0.26099800841060194,-0.23022908718841617,-0.6245112494268695,-0.3289171034508609,0.08474851704741214,-0.5288874134295886,-0.03004547014010764,0.09237075427807222,-0.7451926744417091,-0.10539824942041842,0.08642920997863518,-0.8836210376600094,-0.17774642664944576,0.0752234462845041,-0.9999986450096906,-0.23432054154001397,0.24980241606687342,-0.493748735845902,-0.08432884337018835,0.33359121787633633,-0.6943762654418948,-0.16529686134612198,0.3700186420772034,-0.827573562770944,-0.22300187017083004,0.3946347766227743,-0.9398682008370349,-0.25913398184392117,0.4026230350146215,-0.41262214840894773,-0.15103370641679728,0.5613371438507504,-0.5508873689208055,-0.2007918482541393,0.652420362967383,-0.6454718566561013,-0.22125319438161292,0.7217841997423937,-0.7398927171026581,-0.23674999488283568
15,f,0.0,0.0,0.0,0.22365783028310462,-0.12359542762573587,-0.07720353207899079,0.3713571899292351,-0.31021707661719655,-0.0892883287132585,0.4534210740262783,-0.5013852966820981,-0.09917704722207808,0.4925582470849094,-0.6747885491605318,-0.10360509800833542,0.10739914057673006,-0.4799792462893309,0.03272445208984364,0.20597114746951212,-0.6316495190549763,-0.027513281537434844,0.3199341004744426,-0.6607669559230086,-0.09246853199202808,0.4351264859865818,-0.6686287315672185,-0.13471645266627613,-0.020741134343881782,-0.5431035969031176,0.031057905075442354,0.0436196700215123,-0.764329974455325,-0.01281306216769926,0.1701821409912818,-0.8506152661277325,-0.0669858083582808,0.3091617457450453,-0.884806287832897,-0.10599616807309586,-0.149249583139934,-0.5606033968942444,0.007161742240201466,-0.16994009725473844,-0.8085062567797898,-0.044009387809732535,-0.09456216160372757,-0.9334710372801509,-0.09970999961314249,0.018898793448392785,-0.999998589258277,-0.13892267207074835,-0.2677476714190454,-0.5223849557673391,-0.02592859823860017,-0.3589234069669067,-0.6649427043880922,-0.06071402398958416,-0.369992966346925,-0.7717150622612634,-0.08930269703824785,-0.3370892708827231,-0.8519965172787938,-0.11420768157077736
15,f,0.0,0.0,0.0,0.19153421884360053,-0.1424977039845254,-0.08830559797218027,0.29160388025774386,-0.3124636585449139,-0.12016609687197087,0.3111805533641272,-0.4917988832395911,-0.1461049894615897,0.29625944442366076,-0.6410773749354074,-0.17021703086555912,0.04651988913951447,-0.47676571066374807,-0.0617023605608882,0.08926337443248902,-0.6327410595656988,-0.1362092048646982,0.1751952001400429,-0.6822527898827412,-0.19302159969522306,0.2583770123685855,-0.7116162756644292,-0.2294285223336159,-0.08392687129387065,-0.5046838568803803,-0.06661965075388365,-0.0685797798733221,-0.7367898005853424,-0.12620792102948142,-0.00501918487401124,-0.8699542213979857,-0.17594723664786652,0.06140993441536289,-0.97513666895481,-0.2121197165344255,-0.20191616444443553,-0.47995483541694417,-0.08721530730210489,-0.27715886593556405,-0.7203384838036564,-0.15962254825751473,-0.27652950436826607,-0.875619647717427,-0.2180302380982371,-0.248412081812575,-0.9999980333516564,-0.25740684707410955,-0.3060095668083035,-0.4012786612145207,-0.11487301692679372,-0.4292847820737786,-0.5289825586728255,-0.18011266893573075,-0.47195506261749304,-0.630467433758414,-0.21899908742286253,-0.4863882375807052,-0.7270427259564736,-0.24715495858985437
15,f,0.0,0.0,0.0,-0.24841568418689555,-0.09188979934556442,-0.09645753530099951,-0.4341136215017756,-0.2217086394441978,-0.17893790930024014,-0.5416401064554236,-0.3460023141210499,-0.27821230473837755,-0.5155350667167523,-0.4577243337433138,-0.3685487346072332,-0.243522215194432,-0.4810368515731305,-0.031200198542653063,-0.3639579041739204,-0.6132786606391291,-0.20522774615737888,-0.4605965145664754,-0.5717041405510724,-0.3621861801422603,-0.5107964143493468,-0.48921458863907663,-0.45096378953560545,-0.08608489857618576,-0.5332330970762413,-0.05845362074336713,-0.15908401380171172,-0.7439868807467978,-0.15887752136347094,-0.22429897885204308,-0.8825006833658589,-0.2591797501154352,-0.2920279280315502,-0.9878416481635803,-0.33822090520593745,0.08902141770338584,-0.5273650555707428,-0.11594702402804069,0.07486542158798809,-0.7467765119744697,-0.20767437741499697,0.04615699308070373,-0.8866937403077467,-0.28241702764360993,0.015513542589699204,-0.9999986143547831,-0.3338069589262435,0.26258221064088755,-0.47474606859238017,-0.18676104237595614,0.3854850547143914,-0.6349042595215948,-0.23748878054279424,0.4501995602611011,-0.7436691122939247,-0.26696109220033803,0.48933137215885897,-0.8478894838834377,-0.2923907242806642
15,f,0.0,0.0,0.0,-0.025534957920838614,-0.026057085610990956,-0.24655038774668525,-0.0039821952746026965,-0.109613145365156,-0.38058018338901983,0.1523317200432159,-0.1926928430996454,-0.47599607787318293,0.3107978273270665,-0.27842320865880116,-0.5519060699705227,-0.08716406559586022,-0.4563420121004014,-0.2978767118883947,0.08276765151444532,-0.5618309264997478,-0.423163996665004,0.19961360177904305,-0.5517095221700006,-0.506756885105856,0.2694075378443587,-0.5434043623505246,-0.5571851670787973,0.050707905647143614,-0.500993012077999,-0.247365503019358,0.21360309896244967,-0.734803795275281,-0.3652551267211299,0.3385522747802421,-0.8707868206840683,-0.4638502596619136,0.4240082125860035,-0.9782101140491761,-0.5350283890304753,0.18204889540608124,-0.4820961547446038,-0.2141721735012208,0.2917051045628938,-0.720185882645674,-0.3545905616137997,0.39188129385449627,-0.877543845506965,-0.4865102938160134,0.46464563392731817,-0.9999986052306286,-0.5736114679864138,0.3123876128248427,-0.41686897582847193,-0.1909526633782009,0.5371209976684834,-0.5407145380666493,-0.29375690784711345,0.6892710267528859,-0.5803511003582474,-0.35637076721734673,0.818944583173493,-0.6001222025431101,-0.4010055559220234
15,f,0.0,0.0,0.0,0.22772259319443972,-0.13863506379791096,-0.07726136223675763,0.36022578409393285,-0.2908957435564381,-0.11082992019424882,0.40448285582547505,-0.491945142216617,-0.13298224761623662,0.4308186314065754,-0.666249877387665,-0.15198183240900162,0.047555455142149615,-0.4476791447229011,-0.061865656065056264,0.1807504554675898,-0.6058425190074125,-0.12978350902595287,0.3060250361559335,-0.6671460993388872,-0.1791593167917102,0.4121640398933225,-0.7064777846449926,-0.20903445564773968,-0.07005604443261457,-0.5038611604335563,-0.0612365312611359,0.003100005203421453,-0.7380008109136137,-0.11308100370022091,0.13055410615664687,-0.826400176618041,-0.15512300926188657,0.24691587331212347,-0.8733691714708861,-0.18596522616357766,-0.175268214625974,-0.5184130442208812,-0.07280163188106394,-0.22602682409638417,-0.7817383655721546,-0.13515596927857937,-0.1522323938924835,-0.9148577483490381,-0.18609255970388405,-0.057656903623650106,-0.9999978908529584,-0.22277219363847878,-0.261960936888289,-0.49612786751470844,-0.0886080645420888,-0.39842509189609154,-0.647681463479625,-0.1435643043905584,-0.4090401488474642,-0.7370199199367008,-0.17618942657208944,-0.38205712979380557,-0.8110607514625815,-0.19989150516586757
15,f,0.0,0.0,0.0,-0.1735996963723862,-0.07872076169516336,-0.11534428210222782,-0.32092098268708197,-0.18829890939567387,-0.21458675515730657,-0.3568686634893345,-0.27294495422624865,-0.3162838665695128,-0.26653104857772547,-0.33214370909252344,-0.4060832033317313,-0.14435836844376748,-0.49366409959771534,-0.09873006078339919,-0.18545969642466423,-0.6175163875495853,-0.23484147866047364,-0.20210621561661296,-0.5491377344177498,-0.3476161783425117,-0.19720992515381727,-0.4581599249395232,-0.41241161286882383,0.020146136336710113,-0.517246500697448,-0.11459762198318345,0.01425432536311458,-0.7410643077658864,-0.19749899945491114,0.014910663932306134,-0.8817621321737094,-0.2734190530067198,0.022668074264469724,-0.9999986755431868,-0.3360907420208367,0.17460532168675313,-0.4762164194760769,-0.1533941172934288,0.28434427786278005,-0.6753776769312265,-0.24531285766005986,0.36094445179686285,-0.804805606026332,-0.3192192330619652,0.4260950938516905,-0.9157861504687722,-0.36994404439626083,0.315068169939753,-0.3854812831710154,-0.20147891054421926,0.4832341266096207,-0.5101285349660124,-0.26114988735375383,0.5834461476725809,-0.5929786877938762,-0.2876615565390987,0.6714362509336288,-0.6793946126523545,-0.3101351528067915
15,f,0.0,0.0,0.0,0.19587137882365102,-0.19058326423656063,-0.06994834793283983,0.3050297935731434,-0.36601645314762893,-0.09527691273615276,0.35562432925976856,-0.5360095874188584,-0.11779874801893547,0.32847073945404653,-0.690996200928436,-0.13495471520740376,0.006366838898984066,-0.5237714044057594,-0.02378650723057649,0.07112922129992377,-0.69548343874655,-0.10423906827440504,0.1736901336271904,-0.730413755996735,-0.1697701074547582,0.2664434031591299,-0.7242560536942441,-0.2077132870647458,-0.1016166061510005,-0.5511681733898095,-0.03590639579182717,-0.1407152623276989,-0.7907559219125482,-0.09296100027440315,-0.054170633814451856,-0.9124176638281442,-0.15400746903563262,0.04437826011833005,-0.9999979002215124,-0.20101792786431355,-0.1991095542641459,-0.5390462608124628,-0.06554388552855331,-0.32784245356871106,-0.747392493686896,-0.12856214099264837,-0.2945680826430029,-0.8862503076432277,-0.19282937278923382,-0.2338418738508646,-0.988440631423387,-0.23837058757818877,-0.27571800420432885,-0.48656236183400015,-0.10256920610592912,-0.4216775763263158,-0.6054484443428179,-0.1513905081353494,-0.4546921222524311,-0.6999795626797753,-0.1873422749308391,-0.4551302953370047,-0.7873666199368855,-0.21609419211393407
15,f,0.0,0.0,0.0,0.12999162630082564,-0.20529799771764068,-0.02320006586510512,0.16541965303322034,-0.3891292277977784,-0.03633353063126242,0.19837897583652667,-0.5435842277874817,-0.0573327813930375,0.1980737316072064,-0.7034752225855646,-0.07496850836316088,-0.1827499582798175,-0.5021018393355694,0.03948421304420509,-0.13975018903788533,-0.6886271337301881,-0.028319472560435783,-0.0044820149818409665,-0.7400581296831832,-0.09075226651376278,0.12665253659059322,-0.7415031844470781,-0.1263741913521361,-0.2672824556207242,-0.5165550894669452,0.006893059744749331,-0.3155629866738621,-0.7327786227953539,-0.045330474318913586,-0.18491735720583435,-0.8769362563460926,-0.1045528704497692,-0.04118745033777764,-0.9423166479102768,-0.14248305018064925,-0.3338456685735245,-0.4822333898460109,-0.04106436386178231,-0.4986057302348643,-0.6985208210885705,-0.09566918810519838,-0.45121335728594614,-0.8805979045591571,-0.16742726139913217,-0.35797347515195793,-0.9999984630407058,-0.21751190081799338,-0.368803095184065,-0.40702549908541413,-0.09120021035906724,-0.5510246932920324,-0.5015307431394163,-0.13995212021831782,-0.558691526891016,-0.6097733516615217,-0.1819261561695412,-0.5191319388980482,-0.6949125356496894,-0.21281801501041397
15,f,0.0,0.0,0.0,0.1705336849342363,-0.21595451272016028,-0.05552101913021944,0.24115615680344582,-0.4209856960820427,-0.06831378024092455,0.2601981526581089,-0.6050452950176987,-0.08363152065473917,0.2369530494516144,-0.7537429996447405,-0.09665948441003341,-0.03235254769608666,-0.517505360906687,0.013787744096934501,0.023926812860111606,-0.663749466057994,-0.03971190904004823,0.11576976152093782,-0.729402590633252,-0.08535339280740913,0.1993870887372173,-0.7737466930464705,-0.1155203637635217,-0.15460948561757273,-0.5288263115159374,-0.0032285785250330623,-0.1621755230726987,-0.7516479384417163,-0.04172428464978647,-0.11023655149907906,-0.8859688093389843,-0.08157073180655973,-0.05690144197194259,-0.9999985667681568,-0.11177476218236025,-0.2564750611638808,-0.4871763290709046,-0.03835202428631259,-0.3758904743543595,-0.7051420561237851,-0.09774978204103696,-0.39967359853810724,-0.8557486972786857,-0.15334324700714858,-0.3989135520734166,-0.9799625391428811,-0.19231691039240062,-0.33396494623417117,-0.3940525265640248,-0.07924894661597925,-0.48921876707259687,-0.496490123142992,-0.13786448685857686,-0.5539173699918786,-0.5944316822445322,-0.1789871801277644,-0.5884074789602468,-0.6919625497220419,-0.21029510174968524
15,f,0.0,0.0,0.0,-0.206000830484268,-0.014800521391444,-0.05886329082745097,-0.373479895498265,-0.14218166234841884,-0.10253539706291832,-0.45546292072386774,-0.28359155523835056,-0.15023104322033065,-0.4771110494465743,-0.42210595924087047,-0.1898553053565475,-0.3493883195285267,-0.3967544657304727,-0.04005569418915501,-0.4330946818227986,-0.5914344815376241,-0.15217821040703536,-0.4617543191007867,-0.5646955280365256,-0.23428711498418514,-0.4683254621140821,-0.5052915767224828,-0.27288033634148473,-0.2557612420963952,-0.46160191046084526,-0.060808485235252174,-0.3661497831500657,-0.7115780931191275,-0.1409126908874412,-0.4550462514680135,-0.8653319388798342,-0.2052963261218813,-0.5368900122666017,-0.9944962425726918,-0.24380308929676983,-0.14512362623651112,-0.4811863748147366,-0.09730346124470103,-0.235715698022031,-0.7247635967672791,-0.16768059377198435,-0.3063477892833042,-0.8761147813378198,-0.21640018099819025,-0.37020843165470635,-0.9999984605703356,-0.2404341105332246,-0.018465806958439406,-0.46978380450957197,-0.1396220002898158,-0.07611756357752668,-0.6747035062761341,-0.1871307027068304,-0.13047624754227496,-0.8098033970253009,-0.2057229051508323,-0.18184773133988755,-0.9251771962467356,-0.21178075862058032
15,f,0.0,0.0,0.0,-0.2320289465227517,-0.10410723458599591,-0.09283669748569133,-0.37536253046884227,-0.2477420546131461,-0.16630555617517995,-0.3969745515807626,-0.3722044985152904,-0.2577096262473356,-0.3032587250669296,-0.4788687544760931,-0.3321039763937523,-0.27114159219163775,-0.489957675106191,-0.0018297894190398407,-0.3464022677757023,-0.6609983826463334,-0.17196323298697946,-0.36267040278330165,-0.6359545637719359,-0.3147955687887341,-0.3367740310838203,-0.5742995054822485,-0.3918824740605363,-0.07782309357440664,-0.5227707465265534,-0.037974296397129154,-0.12671118361449818,-0.7475743369010034,-0.13860996597301004,-0.1332439366259421,-0.8834717594044454,-0.2301541138209782,-0.13548405674403827,-0.9999987424974374,-0.30052056504724994,0.11973680756508383,-0.5052933573975867,-0.10780325502212361,0.12996541773526576,-0.7169279691415593,-0.20348287807422288,0.1424813684094776,-0.8533915865582444,-0.27298731365997553,0.15170560846614903,-0.9719411387055666,-0.32002601353732396,0.3305277858902043,-0.4439234952483402,-0.19145584577690877,0.45127990670585627,-0.60011586486112,-0.24274595440115487,0.5191032965523691,-0.700514013085017,-0.2633395517132749,0.5668217451281822,-0.793798222785518,-0.28150815734871865
15,f,0.0,0.0,0.0,0.2163969144834281,-0.16964122732885276,-0.050079994696139024,0.3533446326325665,-0.3562189243295558,-0.06833332617869281,0.41091982391467696,-0.5379366771858928,-0.08242193722660197,0.44302307579551514,-0.6981148643635089,-0.09247390624535133,0.10057792428073194,-0.5218249193931447,-0.042792362568209695,0.1805337138488449,-0.681048750634924,-0.11320936428652546,0.28827101563153434,-0.7021481988696822,-0.16558287923373455,0.39038455234672076,-0.6877560276998036,-0.19732899996455913,-0.01625566215350663,-0.5550470900338219,-0.05922454342798965,-0.005698265667232551,-0.8144212533223687,-0.10982698148157354,0.10182036004652731,-0.9058946512549293,-0.15103685402329375,0.21319447312882367,-0.9503850647155447,-0.18169061106612608,-0.12157055578953144,-0.5372485497396281,-0.08745978273029313,-0.20113036436796106,-0.7986379705173656,-0.14210494241983787,-0.15498982226719335,-0.9220155182913125,-0.19108035705019794,-0.08681445358673708,-0.9999981806220468,-0.22702156913882837,-0.2073525742092741,-0.46962879069922175,-0.1199943410307446,-0.34284465691420624,-0.6039731087061372,-0.16730087987222125,-0.3829855692041484,-0.6967246744970854,-0.2005702911588333,-0.3971712641849657,-0.781044659313402,-0.22584944534734108
15,f,0.0,0.0,0.0,0.20169725553828907,-0.11253404020519629,-0.0985873947228374,0.3795549959785726,-0.2720495677311354,-0.13064863740873725,0.4323090625269284,-0.4556628869165076,-0.15387772893110296,0.4156633669955712,-0.6129251966432584,-0.17318262686162414,0.1376162905757315,-0.5329559730322745,-0.07717522977026119,0.21747056477026233,-0.7133972637244886,-0.16481317488856387,0.2992713942138308,-0.7361861490024896,-0.23017425983858691,0.37531246017815084,-0.6893414501795965,-0.2652522871882854,-0.012431275913571823,-0.5722685426862848,-0.07355789488798112,0.0012473123255170213,-0.8202751126208925,-0.13666968522709066,0.07438430355585125,-0.9259209496260513,-0.18624110615401965,0.16189742590054249,-0.9789039995967157,-0.21929574915096472,-0.14442629155615705,-0.5502759338551357,-0.08688510440389488,-0.21416684792401192,-0.783529485055116,-0.1523535866329419,-0.19296476153024497,-0.913540282841225,-0.2022548414407699,-0.13579161570909917,-0.9999978059940968,-0.23513326789770303,-0.2613872574106931,-0.4712451368794957,-0.1100351845490669,-0.37003655658613377,-0.614977416429832,-0.16516040974412366,-0.40801851155025776,-0.7151089507688053,-0.19783540254238804,-0.412407251500389,-0.8008354531731303,-0.21906612821056137
15,f,0.0,0.0,0.0,0.22074377433718206,-0.17957394337692517,-0.06713147424528385,0.34483412523338,-0.360739093600761,-0.09121232409214625,0.4137736736929348,-0.5350215010411215,-0.11611112308139268,0.42970482096299845,-0.7082813195973298,-0.13486245907026545,0.07545840013985233,-0.5641520423319424,0.025050208210173813,0.1444074879998855,-0.753212462116052,-0.048584091945405,0.2719355077807862,-0.7711337722557707,-0.12351489572250085,0.39534564279630086,-0.7441160557147282,-0.1714858945244716,-0.017073392469804632,-0.5820499177800752,0.0114081086901632,-0.002906293786825309,-0.8208256854378684,-0.04861599884426517,0.14511052874746663,-0.9172725525452077,-0.130240107721365,0.2900675994680604,-0.9461139498160507,-0.18957412239310803,-0.10934265555122916,-0.563058670225063,-0.021889657355932183,-0.17671669691858663,-0.821414471174241,-0.08566765101651862,-0.08365496665495989,-0.9406344136399221,-0.1668415023689865,0.022344804191661696,-0.9999985384056407,-0.22317857716990697,-0.19191736133010406,-0.498448746374388,-0.06254527678860719,-0.32822938303638977,-0.6428456060011378,-0.1195147071219206,-0.3502022812861154,-0.7488162794983553,-0.17030031910269489,-0.3410787376861706,-0.8282102268218479,-0.20775918171043548
15,f,0.0,0.0,0.0,0.14474880884645933,-0.10872363445658405,-0.02092238768210902,0.26624272916526065,-0.26098157569690505,-0.040692105460052266,0.3775905809022682,-0.36184090352425974,-0.06597362056265534,0.444194522560821,-0.49071601307641166,-0.08984080760360987,0.14879482906031075,-0.47168933180138395,0.0026539708007998785,0.25705545506569366,-0.5800364765412421,-0.040026684770558284,0.35109493485037224,-0.5797284075087816,-0.07127941588819516,0.41946645274608385,-0.5547222309891536,-0.08930835416877374,0.10469802482158035,-0.5181909647341055,-0.023815689349510633,0.2209265185212821,-0.6633279264852038,-0.05492304536521905,0.31417993965851426,-0.7537932424428901,-0.0822752256316111,0.3975030611903431,-0.8327690112248741,-0.10176783743886346,0.0436872855803716,-0.5414632977712713,-0.060587326617953116,0.10038686817215509,-0.7654708333875089,-0.09765300064589823,0.16781708636750942,-0.9002938922772982,-0.13149327535610286,0.23184688201788586,-0.999998313139458,-0.15661649850184478,-0.031577075827195725,-0.519489147930128,-0.10005876566262595,-0.07236334450365699,-0.6983730411838557,-0.13835732537279838,-0.0748996856958395,-0.8298223470165457,-0.16146759288395335,-0.06102903838086534,-0.9456951134849011,-0.1784900282110576
15,f,0.0,0.0,0.0,0.18460178631499366,-0.17773521913610965,-0.0678961480791051,0.27636742654959023,-0.3613288918571638,-0.09339822479742158,0.2809958163630223,-0.5313814468471721,-0.1160554568244336,0.24063539443025703,-0.6657759881819016,-0.13617986460265305,0.041274368468668374,-0.5026359791466006,-0.042293923510902776,0.083939779031526,-0.669328400990854,-0.11688569200218005,0.15853644986510537,-0.7130005573579813,-0.17303059084999983,0.2241738353250027,-0.7221573831243598,-0.20545970025688223,-0.09288607040334489,-0.5135290560769086,-0.05215652545894349,-0.08597247230273763,-0.7536072340386061,-0.10908147870099882,-0.03261862718709255,-0.8870764130544191,-0.15545021925031824,0.024565818113424714,-0.986100755244773,-0.18742879978288565,-0.21094541535539182,-0.47837307383774225,-0.07681582015965784,-0.2951008316890917,-0.7184101128947556,-0.14534091210445468,-0.3032376546128624,-0.8761615567039842,-0.20066355893154314,-0.2837689047039571,-0.9999982347920974,-0.23636058089605894,-0.31103129384775013,-0.39846406574853455,-0.10665606539675698,-0.43723532651416913,-0.5300079755895104,-0.16726327940362964,-0.4943611146807699,-0.6319347148518906,-0.20306982975631963,-0.5214545554966948,-0.7313304645448909,-0.22721472375068635
15,f,0.0,0.0,0.0,0.15042139553482387,-0.14901270025077892,-0.015694299311487973,0.24356255444045888,-0.3300253463940402,-0.034789922946191584,0.33056990074761883,-0.4620304165599814,-0.05932380037498404,0.4057457946766368,-0.5917721785584241,-0.08229878758073077,0.08983757327191987,-0.5379533358416,-0.004118663261336899,0.1770342895134592,-0.6935020116751858,-0.06191271631574619,0.2844702979520034,-0.716723384086217,-0.11155582212678143,0.374387006947724,-0.7052861546532295,-0.14508554890076303,0.03244895510796045,-0.572601549467695,-0.0385618716408796,0.10419038509082357,-0.7628855146903539,-0.10322301567814436,0.2344087479408857,-0.787223256609718,-0.15358853685576757,0.3399282955899946,-0.7534868241491532,-0.18125540486820055,-0.031666861248993275,-0.5636595435131772,-0.08173912234009274,-0.03267895157613049,-0.8130954111001014,-0.14023387067019588,0.05552707597883399,-0.9353716835960444,-0.19180556650759722,0.1409072435905861,-0.999997779804128,-0.2248382964543227,-0.08877599003391061,-0.49459569324188973,-0.12624245469697293,-0.1888526408269586,-0.6558304296313422,-0.1768307684113876,-0.21648582983988107,-0.7845076970440774,-0.21292215032495582,-0.22473658921701906,-0.8878590846618296,-0.2380408612644036
15,f,0.0,0.0,0.0,-0.22622934097461597,-0.08868217238620928,-0.11098389542860493,-0.39660610180779365,-0.21794606448043144,-0.20869529656596897,-0.4474573473620296,-0.3181789101499043,-0.3181012352344116,-0.35480149921017884,-0.377336847315874,-0.4099271498885667,-0.2198947319382347,-0.4914322833327749,-0.06949683671642605,-0.2771631910279261,-0.6340882354140499,-0.24569446125103053,-0.327496067076776,-0.5472031417713124,-0.382361839376906,-0.34065145361355526,-0.4366786583133707,-0.452101307779495,-0.03732941452970622,-0.5224228429968854,-0.09853311686134575,-0.05557458342267115,-0.743387902238391,-0.20521968599372742,-0.06714614954870307,-0.8825137415932008,-0.2965809135574164,-0.0669962003129791,-0.9999985894417063,-0.3665104774026585,0.15629780134746216,-0.49119283538024233,-0.15819596089105856,0.23158005265688478,-0.7096252785142556,-0.2670595158963054,0.2594085625419314,-0.8460898447287909,-0.3473358082150223,0.2796899218275965,-0.9623621299953397,-0.39852457617285447,0.34755037959424784,-0.4079436428720719,-0.22962385054145412,0.5353723278357179,-0.5496554654649465,-0.2908742878846074,0.6396213075629772,-0.6450048088173975,-0.322423153071468,0.7152199362057495,-0.7413332151639643,-0.3474299521212191
15,f,0.0,0.0,0.0,0.19906134210088358,-0.1397273605680574,-0.030735596660582985,0.3246341211965987,-0.2908133530283405,-0.04399938547467209,0.4036952499141181,-0.43122108445369345,-0.06435340987834401,0.4580333390077926,-0.5794318509470887,-0.07998279693886329,0.08234383716250201,-0.5219889396298564,0.026751002814222023,0.18775506777565032,-0.6618984416279634,-0.04451854405303469,0.3228942958962568,-0.6596912834151732,-0.10523920615030967,0.4299387865850557,-0.6219087310081315,-0.14042189546598427,0.00977458422936656,-0.5687850414541682,-0.004098083896399369,0.08204995025378305,-0.7617780860379086,-0.0661578264704747,0.24951054052960844,-0.8224696641311249,-0.12477089125186688,0.3929616711670652,-0.8342151499900685,-0.16163537083503554,-0.07267073040838401,-0.5791117852548735,-0.05075119611254499,-0.10021839601829546,-0.8292975163877995,-0.11624273625756687,0.01316099025844546,-0.9430226846175752,-0.17661020158514765,0.1362749063007584,-0.9999984480314299,-0.21479572687418724,-0.1524224517343521,-0.539761373478654,-0.10082433469751739,-0.25572185005835985,-0.6921537149867587,-0.15174737604536384,-0.22980823081264926,-0.785118737885897,-0.18528601694395588,-0.17382999005544264,-0.84906407050454,-0.2087085121795707
15,f,0.0,0.0,0.0,-0.2100598695185277,-0.056505709223152165,-0.05358695429983864,-0.3731187175245865,-0.18773945213185725,-0.09191736142496414,-0.4467656869619049,-0.32906564583766434,-0.14234349503251686,-0.4402784012077585,-0.46053266710224633,-0.1841157130657574,-0.2906426102539294,-0.4362187561751625,0.02034565980726594,-0.35769404259161264,-0.6029470393434965,-0.09140736145011712,-0.404793434495114,-0.5960936532479029,-0.18880275479098063,-0.42285452373846316,-0.5534049876676711,-0.2422671281901349,-0.20653970264157354,-0.4837064476311231,-0.00965875386103642,-0.2808927870420216,-0.7193762579785868,-0.08531466612276724,-0.35758618648430207,-0.8712606687168932,-0.1564124481198836,-0.4220552862690013,-0.9999985264452693,-0.20252193306942973,-0.10397798639016083,-0.4903777167572473,-0.06125757767026219,-0.16889401272376045,-0.7142003066268618,-0.13086545994967294,-0.21909690263362863,-0.8491086227941596,-0.17571917439735746,-0.2615641689610077,-0.9669422105072972,-0.19814091548255897,0.0171496480466159,-0.4582236856648789,-0.12172313977542011,-0.033920745749169506,-0.6394504909261518,-0.16268480115692707,-0.07865705250023562,-0.7464750610250106,-0.17089566571225331,-0.11858976617884637,-0.8425896521127231,-0.1720998137164995
15,f,0.0,0.0,0.0,0.2129855249714773,-0.1769433440836959,-0.06612759124982422,0.3272803728021524,-0.3520563250397153,-0.07694515283485616,0.3728035746701536,-0.5446277524721058,-0.0871144027717353,0.3521136689885403,-0.7087000499045605,-0.09231020419156578,0.05603606568446648,-0.5092467101683986,0.054392709810541943,0.10157435806531641,-0.6955645710358632,-0.007622691363742431,0.2091305954238486,-0.7342111422795902,-0.07653693269713667,0.3136019837135069,-0.7370840857238082,-0.1200817683306763,-0.05929851848148249,-0.5316641893690154,0.04856796048236303,-0.04035864796684348,-0.7683142503067505,0.006475911374186485,0.07299002470821953,-0.881646207336812,-0.06254003221662452,0.19255006855266626,-0.9499797641034019,-0.11472589139378175,-0.1686382222969922,-0.5168760671816518,0.021772368006686485,-0.22981620611334344,-0.773457329247316,-0.030205677396414256,-0.17145306726674284,-0.9100918530767861,-0.10089149687350879,-0.08367596509897228,-0.9999980524862029,-0.15149332378008143,-0.2741998420995334,-0.45983816556533524,-0.012359030197656223,-0.40501021151527344,-0.5925872595990921,-0.055910777177254734,-0.42126292601503523,-0.6934730839954706,-0.0951342340600022,-0.3910038939743394,-0.7788899719132739,-0.12641261573351772
15,f,0.0,0.0,0.0,0.2717366924597399,-0.17200850136241427,-0.05350272820449148,0.43327367989498866,-0.38380670137847683,-0.04816332874768438,0.49402035205418643,-0.5856915475436849,-0.041725445688793744,0.5152699337146422,-0.7316013054456276,-0.03263956947463482,0.1826061942056938,-0.5369456510527484,0.0071875467912880546,0.2478483764708353,-0.7162586674054496,-0.04063375485058027,0.35464459103598944,-0.7523354825592564,-0.08571823157439948,0.4659928498740028,-0.7475501200258926,-0.11684654825916341,0.024701297350802627,-0.5713287793921116,-0.004650208089471609,-0.002382368165331747,-0.833485978561304,-0.03819469594290776,0.12068846312516932,-0.9349877308167284,-0.09248293190904641,0.2465361491460071,-0.9697944478734896,-0.13711482997546293,-0.1174045962908047,-0.5506205729223687,-0.03116649221533786,-0.20338634186420726,-0.8119078807817268,-0.08132434413869297,-0.12709356711876155,-0.936402045318889,-0.15240699853686762,-0.031243561417007203,-0.9999985989868099,-0.2048524383014053,-0.23156110845111957,-0.4799815906494843,-0.06238932304602786,-0.3600413910437323,-0.6287553844786024,-0.1133002818886246,-0.36676273564309797,-0.7280705504805608,-0.159294354840558,-0.34117559716579815,-0.8009508995290624,-0.19488622458695043
15,f,0.0,0.0,0.0,0.2146878481467987,-0.20908028332510775,0.17082879996838604,0.27318436890890535,-0.3771416992318324,0.24573400270181348,0.3195967047933395,-0.4909385461207534,0.263392772763928,0.3696295566929834,-0.5766834913326295,0.2789267244811204,0.03242187225006575,-0.5031364073647903,0.2747155078222199,0.19907746696346962,-0.6149526576661671,0.22667253490690908,0.36202978128966157,-0.5960326987638603,0.155829047986783,0.4972739212385483,-0.5626422897948012,0.10518319129571346,-0.02199526241733227,-0.5055618551197789,0.12561313073477323,0.011840466971457742,-0.7451743317378855,0.08689351886668992,0.016420662568756267,-0.8920842594946422,0.011246181727816483,0.003982661467188004,-0.9999980318132584,-0.051641230743912886,-0.06438000592816195,-0.48056748402741467,-0.03359966079715447,-0.049120508141939107,-0.7094443481822369,-0.07622950797485695,-0.03599387931017574,-0.8535101378315233,-0.12821400946163178,-0.025538234492225344,-0.9745883431192206,-0.17569647518505055,-0.0788429479583329,-0.4418356349395518,-0.18587361877106173,-0.07614897058248957,-0.6156546004299869,-0.23159696032195212,-0.09004493853769747,-0.7254982900892232,-0.2551467822432391,-0.10372352537126117,-0.8240660232774614,-0.2808067877037681
15,f,0.0,0.0,0.0,-0.2349491668644644,-0.09369144994063014,-0.09897988566108454,-0.39913726572336233,-0.2338555460455898,-0.1640527826553254,-0.45437255386335984,-0.3684605613639527,-0.2465023208241322,-0.44383070195403046,-0.4846245763792782,-0.32303596737154794,-0.28042995224304695,-0.46664664000287265,0.01054177275822754,-0.418684859906745,-0.6003470115188148,-0.12335670197689583,-0.44743291623268705,-0.6160168997869616,-0.25023447229490664,-0.4318292979982945,-0.6094012581691944,-0.3287010636859585,-0.08625086208597339,-0.5127600893632998,-0.02078713974286054,-0.18993987377092142,-0.7322766014595032,-0.10756373488670798,-0.22977960844584464,-0.8784544139192839,-0.20510897940714057,-0.26157088057370076,-0.9999986136824556,-0.283472240776734,0.12222805362769798,-0.5120749960343017,-0.08189437919761808,0.09025342338899316,-0.7280389550616819,-0.18431481448907394,0.07340786175394441,-0.8689215687208935,-0.2690373135927195,0.05868525486604536,-0.9894519278616865,-0.3231565259491632,0.34609673863890905,-0.4647557130048276,-0.15512111904119816,0.434501872607684,-0.6316268392901598,-0.22450554484464502,0.48314539947873614,-0.7454478532991242,-0.25914547816783867,0.5069259300949476,-0.855472470262197,-0.28558660190354646
15,f,0.0,0.0,0.0,-0.28367588928648974,-0.12286223778547975,-0.06294849647103037,-0.4359450090670632,-0.3114404471124609,-0.10908162288616569,-0.4861755127566809,-0.477503099264645,-0.1804210810844378,-0.4066102784167574,-0.600748440164801,-0.2401713602351128,-0.226836275940005,-0.5057473105555641,0.05690887792123051,-0.2715326204429289,-0.6812401783272477,-0.11431661347347663,-0.3739813721974937,-0.6645764708819759,-0.2671373347387402,-0.43078024307767854,-0.5987523691447431,-0.34970802308272964,-0.07802182296446082,-0.5326931074689422,0.0140732456302632,-0.09397675866471744,-0.764941586296802,-0.07720409953220858,-0.1666241391069532,-0.8996448938150643,-0.16318694038238618,-0.23796028601162394,-0.9999987004844915,-0.22409806999396953,0.07793150791559052,-0.5143995851859309,-0.06421444661627482,0.07403107515322974,-0.7425969770747123,-0.1394871116378453,0.03704644298356105,-0.8726375959164349,-0.18790992980331736,-0.001444576038963153,-0.9794407181211,-0.2185088000377464,0.22390107558030048,-0.4579323858660056,-0.1570931628949147,0.24352407256211953,-0.6362832679371886,-0.19726702586352568,0.2250718405577229,-0.7516622532836179,-0.20596217303209974,0.199420740078193,-0.8559101799568443,-0.21360372854244394
15,f,0.0,0.0,0.0,-0.20395883726406777,-0.1231031531621028,-0.07754248328148632,-0.3281131862402375,-0.2786141794215074,-0.13473125960175553,-0.34956274107977103,-0.41217615645456007,-0.20576269741705724,-0.3182082004553337,-0.528851594924627,-0.2670944400278648,-0.17140873525662106,-0.4958716616700247,-0.00527569637200567,-0.23623077048466642,-0.6449219961261411,-0.12596375234773774,-0.2713777998460825,-0.6534282766850026,-0.22822119866651036,-0.27670928763203556,-0.6288872184513473,-0.2867516001793322,0.005960995844885225,-0.5224660490081047,-0.03725561535753414,-0.00740106356010232,-0.7418339454338259,-0.1106829934997283,-0.011229149838934221,-0.8805432141387579,-0.17673854604017689,-0.01317778266227997,-0.9999986472759937,-0.22902298995886206,0.18265663125292983,-0.4981102350607634,-0.09580374509122797,0.2493288517423669,-0.7051710171270389,-0.18148632283123542,0.2900567129399759,-0.8367439260768605,-0.24080025325083768,0.31865423805789694,-0.9456967943092726,-0.27852415359354815,0.3581547701907522,-0.4263813897982326,-0.16467261208179182,0.5155400090444414,-0.5628235828903534,-0.22131608183333618,0.6086251218171194,-0.6557783191620651,-0.24801429869468086,0.6747940583739461,-0.7465277413545091,-0.26844888013391305
15,f,0.0,0.0,0.0,0.2141795349676171,-0.16217736821044956,-0.07695977271595184,0.3417065762219736,-0.35603657718468995,-0.09119096045060406,0.31832405294164634,-0.5756556360834275,-0.10390047033494201,0.2870973148348997,-0.7390546117283547,-0.11463653425230003,0.05621320397280031,-0.5024104024400655,0.017803110254435105,0.09320386232852025,-0.6461271436235281,-0.044968435965884894,0.16032653587291723,-0.7153911080369939,-0.10420688497659901,0.23265208608168816,-0.768834637038683,-0.14151898729207157,-0.09888599556992933,-0.5326113633117546,0.010100538151965648,-0.06470391834125525,-0.7511675732944358,-0.03308078279607987,0.008325611624213183,-0.8730806626258387,-0.07455669654077891,0.09750218997652528,-0.9661571053827612,-0.1035504009225419,-0.24250925496811063,-0.5175168449194522,-0.0191073089319479,-0.29049346299666146,-0.752148405893561,-0.08405087825379347,-0.25829965085280987,-0.8938246758929802,-0.1296459597603307,-0.18325884842936302,-0.9999974352181461,-0.1581277883076025,-0.38102976945884237,-0.45004134069569407,-0.05606898234481481,-0.5040005864637718,-0.5808539265604615,-0.11402962879430024,-0.524155503967084,-0.6781213037451763,-0.14068054625529805,-0.5012805187523888,-0.7637296754740192,-0.15832850088562833
15,f,0.0,0.0,0.0,0.20536288205885767,-0.19153232882352814,-0.08231077124251603,0.3058791654243271,-0.35774818366065114,-0.1119706341070803,0.3623965674738456,-0.5274644289530098,-0.1409466731156906,0.36701772836668256,-0.6930310498819525,-0.16532512571919608,0.026511756644160063,-0.5220599308656271,0.017543302599222634,0.09761736977084551,-0.6940912937577971,-0.057125810389186356,0.2152286180756719,-0.7295145809629444,-0.13436913377713358,0.32753775828050796,-0.7361101987529072,-0.1846203060180586,-0.07853036061811818,-0.5282281675158893,0.013400073224883426,-0.0669238544913013,-0.7574132097524607,-0.04676143185953669,0.043574072788999,-0.873104400226099,-0.12529454634266526,0.15676201750874072,-0.9484691374697342,-0.1839021027008285,-0.1765560741943249,-0.49578181423381285,-0.011487150823299019,-0.2714667747050293,-0.7463303940316948,-0.07771409109872038,-0.24147946501235143,-0.8943271223205091,-0.15282192372517675,-0.1811118439485714,-0.9999984304989176,-0.20663218876678163,-0.26189403589288657,-0.4271721499957734,-0.04501645201958187,-0.4016774173332822,-0.5470253133740206,-0.09695235818736832,-0.43853743859633054,-0.6547754563649801,-0.13938788027656512,-0.4356161666581828,-0.7512057290640888,-0.1740426578915539
15,f,0.0,0.0,0.0,-0.24555528678813776,-0.12898653850224112,-0.07070083950862627,-0.3867204030052623,-0.27133990110180695,-0.14206962161725278,-0.4899791113409708,-0.38699197426366005,-0.24095508107955485,-0.5518231832307057,-0.4830838823084955,-0.328246657817577,-0.18887134237233089,-0.4977738981840375,0.03822975463393808,-0.2690417259080611,-0.6589897976758896,-0.15621312427215167,-0.3921661707623432,-0.6062068420990535,-0.3249055380026106,-0.4469457163550498,-0.5149764855583434,-0.410848559637232,-0.0658502266887501,-0.5248596628038077,-0.013433011025170517,-0.055629080204168825,-0.749363350609014,-0.12475946482450688,-0.07716922607172114,-0.8856508922660421,-0.21459103788940925,-0.07353644755745664,-0.9999986886718487,-0.2751669239796569,0.057732633888802426,-0.5061728714790872,-0.10342396464620482,0.0833119967635444,-0.7268183637289529,-0.18973822290139533,0.0749948582958202,-0.8577539311272674,-0.24346501463617715,0.0741358661732726,-0.9656216519727472,-0.2737143167140048,0.17713183547167957,-0.45107575673315853,-0.20981247409102685,0.2053736831200759,-0.6244992317631393,-0.2402550298561156,0.19745633943914248,-0.7365691748998463,-0.2371992572196197,0.18922377144244618,-0.8327850466850238,-0.23557571130319313
15,f,0.0,0.0,0.0,-0.06047535994652415,-0.05889127899630921,-0.22562940436054024,-0.005699654289398419,-0.15486081235023513,-0.320066097509313,0.16351355625109562,-0.253703732310815,-0.37452082176765233,0.33138917074628216,-0.3501428929505565,-0.42268937828041675,-0.0327216195624104,-0.48519405929248055,-0.25171231030608093,0.07500981246894141,-0.7301023025277923,-0.3621954484449117,0.16654843147173748,-0.8851631316728916,-0.4261959633912459,0.24042838768144725,-0.9999985441540256,-0.4693762051703164,0.15527685596107083,-0.48068695633141983,-0.20679244306278502,0.32917857298091785,-0.7255893422419362,-0.32715133451974987,0.458938709366205,-0.8689785622866405,-0.40153289466989883,0.5607936826745203,-0.9841147375491189,-0.43782292666042283,0.29431256511712633,-0.42644205446352795,-0.17803068962208113,0.49333847417628496,-0.5852675381111814,-0.32588623913913173,0.6632227605879643,-0.6862770608197737,-0.4170779743512686,0.810876026308517,-0.7640159961550386,-0.4642643225772358,0.37697095907904615,-0.34053054569784985,-0.15885309234678172,0.37883870809972137,-0.42682742304747234,-0.29897643078905334,0.3338063802203543,-0.438083205474987,-0.33173785846627674,0.3033180935210325,-0.4204333937504804,-0.33430863831896535
15,f,0.0,0.0,0.0,-0.18341182159372998,-0.07519554792829945,-0.16272318691443854,-0.34889537368496343,-0.18550436683233848,-0.2971510828224447,-0.4054216142222255,-0.2732224494097504,-0.42920882305122865,-0.30367737721777166,-0.34574889760799926,-0.5450199881874542,-0.10542245436797128,-0.4982403652347647,-0.1525629077762686,-0.15929558486331216,-0.6268479515465073,-0.34203194933886766,-0.23327095127483766,-0.548608682326538,-0.4942351817980387,-0.2600135363586234,-0.44598497039684476,-0.5797063344901409,0.0848964917163596,-0.5156681995769401,-0.15666546200804962,0.08687736160682276,-0.7341285759876126,-0.2839081916840429,0.08548592211455842,-0.87676429439835,-0.38641541032008875,0.10603511189208428,-0.9999985880923604,-0.46557585388881373,0.24659642073680202,-0.46214069881395253,-0.18861066030831877,0.38497092933920163,-0.6539051968614276,-0.30728330636966666,0.4644457385921744,-0.7735529193517775,-0.37900301168460127,0.5476498480544252,-0.8838057322692372,-0.4261695620409843,0.3766546083868875,-0.36092975998673826,-0.2341953255711919,0.5497048596040564,-0.49205210345995687,-0.30049456868841273,0.6554459295470677,-0.5726169465839562,-0.31760887890887346,0.7708807058403544,-0.6545824863880844,-0.33269763226836224
15,f,0.0,0.0,0.0,0.18019796836557578,-0.19746843603274566,-0.061402605711008536,0.27086853959831614,-0.41834080225753195,-0.0677785201266887,0.2910859410191242,-0.6058131982158063,-0.07144687808922126,0.27057779699185946,-0.7479081670227008,-0.07182550937334203,0.0017533767298207074,-0.5242055634118884,-0.0009398812081870819,0.0590034167051775,-0.6734434374401213,-0.050559210668727664,0.145736558186012,-0.7275535507247953,-0.09528414497033069,0.22903321041981164,-0.7662526915745937,-0.12689313185997847,-0.11886393785627404,-0.5365935179306238,-0.01337633536469904,-0.12120275056791525,-0.756425939823724,-0.05065174574799626,-0.0663797996245119,-0.8916016041850088,-0.09958925111891723,-0.011076001871862038,-0.9999985745612189,-0.13920202851918498,-0.22320739809306472,-0.49398808618492956,-0.04203229374934683,-0.3391916077485081,-0.704276809802733,-0.1004506886662183,-0.3594300799368209,-0.8538465696598586,-0.16615491742795566,-0.3539697774560637,-0.9742198074421257,-0.21398729078022272,-0.308509808971495,-0.4007586061791728,-0.075688437394378,-0.4602105838401621,-0.5039940669037479,-0.13249282638887072,-0.521517893557608,-0.5982092000297572,-0.17619240871491243,-0.5513728771169901,-0.6933566721364656,-0.21102805866530908
15,f,0.0,0.0,0.0,0.17584327605923492,-0.17783858489982307,-0.07822508081809933,0.29196559158879887,-0.3451100469979528,-0.11107509969118846,0.3018414839690299,-0.5149993355417561,-0.14501956062704274,0.27048983303237517,-0.6682132395772944,-0.1762177340163505,-0.018418697519070534,-0.5330157187883945,-0.022667231953706807,0.00725015443757586,-0.6982773676348032,-0.11189068895582953,0.0997957694345039,-0.7351081697587929,-0.18769116275004166,0.1956653852373108,-0.7404161981966011,-0.2329979618161378,-0.15249176017216654,-0.5459262562978643,-0.03672189645953192,-0.15349974349129764,-0.7618428761698984,-0.1050345801775212,-0.07479280180713817,-0.8882155616034869,-0.1660158403449884,0.016355847935732457,-0.9899429083751164,-0.20849836318422332,-0.2730475907046704,-0.5113609259854623,-0.07086603799353722,-0.38149809830938236,-0.732451371865025,-0.14825133388940517,-0.3783017070196319,-0.8801215141545455,-0.20727343636221382,-0.33269090135655943,-0.9999975419834493,-0.24596569285587008,-0.3735435276220416,-0.42305015951171515,-0.11312457115289454,-0.5197797843382574,-0.5296230051661388,-0.1734814365661082,-0.5692007083439642,-0.6255017045395541,-0.2057188272053388,-0.5795120260765874,-0.7205614174661754,-0.2291251192208142
15,f,0.0,0.0,0.0,0.21698659378194304,-0.14546866983045595,-0.056140326566847705,0.3485372934475821,-0.3096537468415987,-0.062020771125725405,0.39039919441852494,-0.496256941059694,-0.07284942691613619,0.3659610972956655,-0.6400320231628813,-0.0815677243627931,0.1505822978951152,-0.4934889875927028,0.07020458693800326,0.20573244341035696,-0.6253478211787282,0.05068308757322049,0.2690511329924265,-0.6717595184787845,0.02638065040921823,0.32344436045663133,-0.6908154063595081,0.011708125254346774,0.01755977665928983,-0.5324010499210123,0.0625551572356852,0.05445674161983174,-0.7482811105872563,0.06756860587512963,0.10361620571726131,-0.8608509248763617,0.053971647864289166,0.16219808506753822,-0.9574162797525269,0.04275431405973859,-0.10238867567330409,-0.5170435486514344,0.03393025713285055,-0.14129634781126987,-0.7446068905379092,0.014690263337677726,-0.1238490338784486,-0.8860326874195944,-0.018876962782414974,-0.0875486014170408,-0.9999986232678191,-0.04474961870917296,-0.22471029258048472,-0.45607004130923745,-0.0030074145341844735,-0.3167793950378033,-0.5997090685415858,-0.02863050147459226,-0.33329151636777954,-0.7058163174956534,-0.0498911880787301,-0.3187434513140981,-0.8011376893715265,-0.0670799013368889
15,f,0.0,0.0,0.0,0.2020888054513044,-0.18572937159183273,-0.06997652218070745,0.29589587796892464,-0.3912441296009056,-0.08430299396800464,0.32520538643398017,-0.5721236085969806,-0.09636304632263887,0.3089696639081528,-0.7177978740080783,-0.10423599346093182,0.037826304028597414,-0.5107769913250418,-0.004048137244491606,0.10050616286076937,-0.6602693672714853,-0.06498286076945499,0.19230839939067254,-0.7048589629603408,-0.11630211627163234,0.27578357740245457,-0.7312162533496238,-0.15051942014415473,-0.07955455387130952,-0.530172044159372,-0.015060805163484679,-0.0732277269162684,-0.7605652469278404,-0.06819798714820571,-0.005269025551633264,-0.8936806400756296,-0.1241624121016655,0.06295612431039443,-0.9999985424636473,-0.16600676077408186,-0.18467096205686903,-0.49350292760559333,-0.04398102662917836,-0.28921255560825904,-0.7155168594180753,-0.11796535607684287,-0.2871332235049521,-0.8628931981780203,-0.18964365066477856,-0.26055444291544005,-0.9842978888310188,-0.238053745977235,-0.2734726340523108,-0.40770486080239215,-0.07827371709564025,-0.413150592008964,-0.5175638263641044,-0.1456342559181586,-0.46025138008170624,-0.6185296498051489,-0.1946810215316067,-0.47841770310747045,-0.7212897654016867,-0.2322983889328063
15,f,0.0,0.0,0.0,0.2080065818513178,-0.18276504105116984,-0.06104611810918778,0.32742576985286465,-0.36288518305287665,-0.06201814972641571,0.3224775746252276,-0.565492692704964,-0.060784343882370716,0.26503459331247275,-0.7170538642042097,-0.056061518399422236,0.01621345567358016,-0.49369417421385736,0.05477916749688013,0.0423179966063273,-0.6810473041325138,0.008464706918934566,0.12379481023469385,-0.7480199056965017,-0.04737723990319707,0.2093914321278217,-0.7827778037576147,-0.08378071517663131,-0.13534273411712588,-0.5092320584514528,0.05080537747649759,-0.12533202315549427,-0.7466358317901598,0.02421536662040666,-0.044147448195614884,-0.8850359439540788,-0.03334531362198886,0.05186896703701584,-0.9828532144750293,-0.07856366134444875,-0.2639351884655383,-0.47876781087388004,0.027360743394548567,-0.3451000306837997,-0.7251869886265085,-0.013663108849204214,-0.3227995418011688,-0.8824545131653609,-0.08071103651508368,-0.2576125269123144,-0.9999978291116827,-0.13072776226368096,-0.3754767748743614,-0.3967111134319978,-0.001989253278538422,-0.5135465415343407,-0.5201841829320476,-0.03795669157253877,-0.5514577317060132,-0.6224304511347841,-0.07478406495443615,-0.5398780413444518,-0.7191376417190725,-0.1057504137599172
15,f,0.0,0.0,0.0,-0.21460658994560192,-0.10255815560312881,-0.11282163216120433,-0.3485880926327129,-0.23833742457389173,-0.20207400336145936,-0.3579197471739484,-0.35006411971991297,-0.31296712225719847,-0.24852347288852972,-0.44866610866234097,-0.40662059186001837,-0.24716207538019327,-0.5006567880129067,-0.0086811111033026,-0.36097257795021803,-0.6471209647006131,-0.2177677517601421,-0.3883809973941616,-0.598846650889759,-0.39335845955772775,-0.36294076629700117,-0.5177507527016127,-0.4880244523828805,-0.034104735400189046,-0.530794852846762,-0.04347852449107105,-0.09683474487731814,-0.7503720736144819,-0.16078486291175598,-0.09037434816389325,-0.8854536701284959,-0.2595024519025898,-0.07539992701292009,-0.9999987229978721,-0.33298570156972007,0.18154098005048996,-0.5089568524596279,-0.11779385188933746,0.16547860545629825,-0.7192212952701482,-0.22856980085947018,0.18602310314541892,-0.8477843430134652,-0.2912061885690015,0.20544170393510355,-0.9583149249343521,-0.3268825898783309,0.4076957008563902,-0.44075773333436624,-0.20972425282003085,0.4958103011769285,-0.6015598173262683,-0.26971732887127464,0.5422333016199803,-0.7065404932524333,-0.2822209726255068,0.5762030085521056,-0.8035246143239877,-0.28935255368582374
15,f,0.0,0.0,0.0,-0.22917355922483398,-0.12012951405092198,-0.08753810823775969,-0.36998038441421643,-0.2724535801410473,-0.15704732261771392,-0.3999939732292507,-0.4025203540724061,-0.24701618193932168,-0.35961159947211946,-0.5131076652384859,-0.32654420513412846,-0.20299203973120636,-0.4972918848213923,-0.0013008807241479013,-0.30921935898518393,-0.6383353819970916,-0.15526069608309417,-0.3645467248911445,-0.5873136351868987,-0.29401423743988225,-0.37556604909302205,-0.5130303661097376,-0.37364516149830507,-0.01733904248137453,-0.5343519189751254,-0.03586123278926887,-0.08230072812528627,-0.7528718636673731,-0.11595746426287702,-0.11370207914739178,-0.8871546917828081,-0.2031196819491847,-0.1432063910082175,-0.9999986188879876,-0.2770899677595713,0.17455238136569756,-0.5178027435228675,-0.10085479712072887,0.19244247855190869,-0.7301390871980096,-0.18693656602915454,0.2005801258087374,-0.8611268650190774,-0.25208808318626513,0.20219995004343558,-0.974110119893593,-0.2982701965788688,0.36625405602026173,-0.4552414057443543,-0.1790980104225122,0.492199526882762,-0.6075216772269246,-0.2294341081982588,0.5568767533792935,-0.7115479881685006,-0.24737968953013167,0.5945723855874101,-0.814514008611377,-0.2648841142795099
15,f,0.0,0.0,0.0,-0.23384085690506357,-0.06884070854575981,-0.08733716361636044,-0.4266942877061842,-0.20887179225145497,-0.16004557364555724,-0.5535405027365633,-0.34899204859180294,-0.23984741838651835,-0.5558135164247556,-0.4676939912018547,-0.31550745069995406,-0.23743845577049427,-0.4401835872329554,-0.036128561534013295,-0.36034011446066805,-0.5293568680642625,-0.14300895601881855,-0.4183570906138749,-0.5395708906446084,-0.24562544567522218,-0.42699787044834236,-0.539163475092807,-0.3112849568272848,-0.09421177700613195,-0.4903689202071607,-0.0645927502279384,-0.16617473934944954,-0.7184704599550036,-0.14911311162182492,-0.21885246361666327,-0.8759564003293144,-0.2198213972256686,-0.2583610698097903,-0.9999986448654412,-0.2709131773006278,0.06665307119346243,-0.48313733454884367,-0.11607086428074573,0.152083928400342,-0.702348144536555,-0.21405183083685597,0.20738356236605845,-0.8377465725591037,-0.2827781253998389,0.25112895913143224,-0.9491120466611132,-0.32072124298923116,0.22803219671627634,-0.4345428526849682,-0.17478245204470982,0.3596317008807565,-0.606970176860933,-0.24001651522587128,0.4334091324857049,-0.7162413460194686,-0.2657049986871735,0.49033293614127504,-0.822241438391907,-0.28286447100350176
15,f,0.0,0.0,0.0,-0.25224022486314945,-0.03601579968609213,-0.095724395843236,-0.4746706893618506,-0.13726792459497847,-0.1876115408306157,-0.6345935311797741,-0.20098461756853478,-0.2880461800679973,-0.7033146477735345,-0.25727101564901517,-0.37964141108126415,-0.3919449265220327,-0.45368937391048925,-0.11073934628769905,-0.5715442542110309,-0.5964410247391668,-0.28301405481824987,-0.6511679407179433,-0.47878419728506166,-0.4135350450675515,-0.66703692503867,-0.3547395213094357,-0.4789983211822195,-0.24619422917531283,-0.5029010887143578,-0.14322675444669156,-0.3921440377363754,-0.7322109446029894,-0.26212058390309845,-0.5281820928084195,-0.8474512880473901,-0.3562485583397597,-0.6404071460882185,-0.9419752301289367,-0.4186089528415936,-0.072755615051978,-0.4893066750719205,-0.19727836267735477,-0.13952339863496135,-0.7354522193235508,-0.3068292193623034,-0.2208449833593028,-0.8800137713037249,-0.38961970370038174,-0.2899009583553676,-0.999998455959394,-0.4406443567114776,0.10597658720991751,-0.42545257833454925,-0.2585192340144688,0.19318849550790068,-0.6036873016645615,-0.3234012590766826,0.22762428995810885,-0.7201136153717895,-0.3541411177586491,0.23925501699068732,-0.8244059250990701,-0.37455024730875236
15,f,0.0,0.0,0.0,-0.1965803450982079,-0.0026453235293883402,-0.23359183434641453,-0.3588628083879616,-0.06145968887261765,-0.4247649466940781,-0.2499803728607816,-0.130120351580952,-0.5896299118574992,-0.08348923257615777,-0.2032785794933014,-0.7433638934158097,-0.35456417842706256,-0.38786771640964945,-0.3217108816835711,-0.37382803197646347,-0.48065089774565234,-0.5484965602512757,-0.2905545203239186,-0.39700735324532316,-0.7249656242272767,-0.1772856208542299,-0.3014382475314138,-0.8237411273057956,-0.14850349703755206,-0.44400543049305824,-0.32224037849607545,-0.1869323181967933,-0.6854922490224381,-0.4827484208527138,-0.16471460036708932,-0.8508921123311968,-0.6255819310717462,-0.1023129605970858,-0.9999986058564979,-0.7324361661200813,0.05926890827549526,-0.42095461939691325,-0.3464452259007353,0.156504782204284,-0.6570668209163182,-0.5058884370380338,0.245183781561381,-0.8032672311825326,-0.6350700369725857,0.3328784087839949,-0.9285516863805444,-0.721062870414333,0.27832411619497877,-0.35042069136461707,-0.3831701550690478,0.42921674739077187,-0.5204664487867317,-0.5011434907902609,0.5316726355643654,-0.6318531499589267,-0.5479276337090894,0.6292806197766435,-0.7412774222666991,-0.5787408248658851
15,f,0.0,0.0,0.0,-0.0543321401831651,-0.06239463429539807,-0.21069218229962264,-0.0313818327293373,-0.16910396998225752,-0.31825510129283174,0.12207320759713458,-0.26220793838031,-0.40193595098520785,0.31242893751571726,-0.335802124557667,-0.4676221591598535,-0.06267651218054478,-0.4894672867097596,-0.18885265027920356,0.03675383025162321,-0.6003725736675017,-0.317037507655359,0.1639380776198696,-0.562566628038129,-0.41332667105140836,0.25417063210938,-0.5111732645948976,-0.4717539692999762,0.09011519253792416,-0.5215357600763453,-0.15447723005892428,0.16307508025323225,-0.7596044579488972,-0.23788226870500573,0.2434151728313912,-0.8929294340823863,-0.3047301509990154,0.2853556900585711,-0.9999985960735743,-0.36144871362483594,0.2367865865419076,-0.498014165603994,-0.14767182679710433,0.3647706106319262,-0.7110627179674698,-0.24839965685838641,0.4678127305139262,-0.8371569426752082,-0.32849521399053977,0.5369557816262028,-0.9453011903512478,-0.38604133527604806,0.3712696594518515,-0.432151893581835,-0.1579688213390838,0.5593138819275345,-0.5721313969709337,-0.23729100295853836,0.6796869939172525,-0.6446404976394005,-0.2779726720440515,0.7745146139935747,-0.7138832541101905,-0.3109953127211271
15,f,0.0,0.0,0.0,-0.30593599322304216,-0.12694532552939145,-0.08568183393750302,-0.46648760518333515,-0.32203829919882265,-0.1258357588015939,-0.5010975119691126,-0.5051057371351863,-0.19263472488392186,-0.3771507305054089,-0.6329856687238071,-0.24211035005351542,-0.28081033202718786,-0.5076017476441333,0.1136087045428142,-0.3254072525691327,-0.6798850469342177,-0.04852672685018752,-0.39336259911937704,-0.6652642217705904,-0.19969520014121897,-0.4244428841264529,-0.6120262421947104,-0.28361134403498073,-0.10248493868261796,-0.5379586533484,0.08271697714887195,-0.13814495760657067,-0.7575195213687204,0.011957392078911925,-0.19075312796999944,-0.8929417965842691,-0.0679039908761948,-0.24863477255249106,-0.9999986879685607,-0.12937487248979582,0.08746375240107375,-0.5260429148630236,0.00649826170643596,0.05205523486499501,-0.7410886447831287,-0.06643717804571544,0.0021964923760001485,-0.8677592425837884,-0.10981797089949027,-0.049146155223351924,-0.9734152024188343,-0.13454853014046697,0.28184343497635117,-0.4763178997910886,-0.08871330153686463,0.26382612892732316,-0.656178616828891,-0.13402831289239137,0.22138761581862515,-0.7680914557189809,-0.13951273038139095,0.17565776598372934,-0.866146106738524,-0.14126652439946785
15,f,0.0,0.0,0.0,-0.19066613050651615,-0.09992569377986273,-0.10625604593949692,-0.3485698786609726,-0.2360975860383208,-0.20533774475946065,-0.4404100386723997,-0.3408072968710184,-0.30996621043683764,-0.37195416356178407,-0.410459355242737,-0.4033728804638525,-0.1162277082206829,-0.5067268093924748,-0.08909235552455988,-0.2024496812149032,-0.6161020008947243,-0.26152798805524674,-0.32079708249893124,-0.509124824292676,-0.4021634115812675,-0.39106513229062323,-0.39406529610697827,-0.4774109043489721,0.050406443449116656,-0.528772826481483,-0.11221635759852154,0.06857202485530904,-0.7442507699838646,-0.21348379970479733,0.06529843181120654,-0.8768985517009328,-0.29123173394550644,0.07330926379178798,-0.9999986652949623,-0.3503711664351049,0.19224270418149006,-0.4776036133391331,-0.1612507424111373,0.3280257334590841,-0.66675402945471,-0.25687631011220463,0.4080185399571624,-0.7773089364117942,-0.3099331554923718,0.48238325488788714,-0.8844193670017614,-0.3433019827100465,0.29737811178395107,-0.37837919353151184,-0.22038371108788898,0.44942377596563704,-0.5152478251488911,-0.2723371736707784,0.5449298924052953,-0.5967468392608603,-0.27646617776270016,0.6362040212978911,-0.6799139944150239,-0.28021876917173355
15,f,0.0,0.0,0.0,0.17302771605124884,-0.171159447303127,-0.11406651164504822,0.27179971710611983,-0.35406431498691104,-0.13374279617927606,0.29872207931392597,-0.5583091573743836,-0.13866798134258473,0.26633730015792356,-0.7309799913173611,-0.13338361160579007,-0.042379598879244376,-0.4950692842415668,0.046415756889388086,-0.00583420448917295,-0.6961848946287554,0.015366697259511333,0.10729233417288671,-0.7624498435064879,-0.03858832394986642,0.2091341272707896,-0.7846335505289673,-0.07478403900936105,-0.15997619198198454,-0.5099381804594711,0.07850571825028192,-0.16003114819118694,-0.7416223490866295,0.056918879891309164,-0.0459340598499609,-0.889623995103504,-0.014173288609840278,0.06705311907542234,-0.9738376600840944,-0.0643356336388323,-0.24904275683638158,-0.48505810489706286,0.08752102837215708,-0.34941297170617147,-0.7175612240463596,0.06049500978629912,-0.30344455665156034,-0.8820636082064293,-0.019517159841814128,-0.23655055004070855,-0.9999979668970401,-0.07624659672408374,-0.32302871985550585,-0.41309170682713914,0.08566930859276553,-0.44834856897366254,-0.5230714420438557,0.06010872959009794,-0.4984760844825962,-0.6335117914858827,0.016158667660890188,-0.5165268058535823,-0.728940855413836,-0.017450246664687884
15,f,0.0,0.0,0.0,0.20485446191158874,-0.15134429957233334,-0.0618549254741656,0.3261842185737006,-0.30897314697530226,-0.07866609766535075,0.36170723671843935,-0.4731154145637966,-0.0960833202913279,0.3547356401921022,-0.6052316846775612,-0.11155308439757367,0.1054112041900074,-0.4876014915473762,-0.00027971798529732416,0.17043749828717994,-0.6211643191120952,-0.05851486338252026,0.2530910642056691,-0.6536385114600143,-0.10965208016769612,0.32623892780704766,-0.6671891360887899,-0.141199830458611,-0.006027511550886749,-0.5234350142659929,-0.012275608399637808,0.04665532200716186,-0.7390575374026025,-0.05436578985160237,0.10643880977021246,-0.8596373621229911,-0.10102242698456584,0.16599590705680917,-0.9610458629116826,-0.13496586438957583,-0.11639696931695658,-0.5158640440973951,-0.04055571787910816,-0.15240255095583338,-0.7391463724644427,-0.09861056719522836,-0.1437256881285427,-0.8852380191197291,-0.15200427008657486,-0.11765333934429328,-0.9999981896082345,-0.1872749998929203,-0.2261557770800462,-0.46570166599872265,-0.07484084182796409,-0.32206473200120156,-0.613979388948032,-0.12401460276827304,-0.36398322715188314,-0.7107738349319997,-0.15267876101692973,-0.38163963406788165,-0.7998321849005663,-0.17303516841328143
15,f,0.0,0.0,0.0,-0.2475076949710874,-0.07184341038547112,-0.05513625662791392,-0.410831003420199,-0.23140159626874182,-0.09294851627792901,-0.47584864361624735,-0.3758044704851703,-0.14351218785917685,-0.48833427722749845,-0.509874764346203,-0.18527651334025405,-0.3420073889993823,-0.4562937538050839,0.012916858755909045,-0.3829201250586709,-0.6335764136614599,-0.10437334598284795,-0.4143984267342142,-0.6262578716543595,-0.2048956016283278,-0.43127435881506876,-0.5840457702329006,-0.26001587821323846,-0.22915186567446438,-0.49329772215193624,-0.022267216429486113,-0.2855813145505084,-0.7225549543147857,-0.10029947387603168,-0.3493594643764851,-0.8724961071240713,-0.17950449239536098,-0.40812977447056786,-0.9999985846626622,-0.23395239327646786,-0.10213927060028656,-0.48876763803681306,-0.07965870394662863,-0.15140021293727893,-0.7178467004450835,-0.15338607811131277,-0.18921020539403913,-0.8624876404983596,-0.211948639487654,-0.22447533142016074,-0.983507463820213,-0.24632359162631437,0.042267568568066745,-0.452229762442825,-0.14533561230594205,0.006632774045465337,-0.6373898959866817,-0.1946234024291062,-0.03572813961419313,-0.756372282363594,-0.21413786238473834,-0.07731968387907845,-0.8594401109604012,-0.22449509714864538
15,f,0.0,0.0,0.0,0.2457689417909393,-0.11666022110809936,-0.07862917570413488,0.39245482895884226,-0.26537926663294154,-0.10727205640060122,0.4717249976390533,-0.4423464558652926,-0.13089768487876935,0.5229747821187506,-0.6081816100811068,-0.151946646986195,0.13313328351595974,-0.45198162034320516,-0.02490108575182149,0.2464671932779111,-0.588644080634713,-0.10780940176072107,0.36847933674038913,-0.6115090778758473,-0.18039458240447664,0.47560701296672614,-0.6067331277862188,-0.2263179929138309,0.020566768693664993,-0.5246110351456216,-0.03489587721117858,0.12197891078187423,-0.7323894233606195,-0.11086163479046093,0.2673521679316431,-0.7772030844976685,-0.17340137038527842,0.4010499200921441,-0.7676673745987058,-0.21214188087341668,-0.10251661135970423,-0.5551617897321081,-0.06315162913311141,-0.08955002281555081,-0.8181148272181118,-0.1460459289089885,0.009248423722314648,-0.9398497273469812,-0.2106705282859703,0.13337321616603323,-0.9999979576854918,-0.2510031337244629,-0.22820796558617043,-0.5311105196979924,-0.097357168311178,-0.3348716624640776,-0.6916824937724688,-0.16397512747544737,-0.33540496786233837,-0.7960400495599058,-0.20514278009625433,-0.29022392126718594,-0.8693595598434315,-0.23414366532243933
15,f,0.0,0.0,0.0,0.2082014159430743,-0.1745375365051926,-0.06530357638444195,0.31793462496568803,-0.3470076085083397,-0.09425638235051872,0.37067422199729055,-0.5161592842076917,-0.12268731065713116,0.4120325096437128,-0.6859451587779752,-0.14561010830725207,0.03799940211781912,-0.5111264471005045,-0.01061923954363541,0.14171083133319515,-0.658135015632605,-0.09416093164938828,0.2751731078124375,-0.6775828106778299,-0.16204524369924436,0.39004011236880237,-0.6582803004980927,-0.2002983650607545,-0.07268265733322136,-0.5576870708638497,-0.024204563258827697,-0.04166433855158906,-0.7701900038307318,-0.08841832570879077,0.1017344700393721,-0.8558693053741555,-0.13389015650649483,0.24353567438088064,-0.8936768467861849,-0.16056445946401532,-0.18566294340416764,-0.5619319559000174,-0.05751674424280196,-0.2536140510971558,-0.8026259747515586,-0.129311640588703,-0.1683806602975332,-0.9275953055329904,-0.17410046381351132,-0.050322813727291416,-0.9999977800768945,-0.19978488957702648,-0.28806733810106655,-0.5089114483315931,-0.09772164306268111,-0.43164166615839333,-0.6343800139012628,-0.15798274211158908,-0.4389572487112951,-0.7323550726489794,-0.18713185796706408,-0.4009068381092815,-0.8103594166898979,-0.20463135716414138
15,f,0.0,0.0,0.0,0.11015052218009388,-0.20334967968391526,-0.08577450025394241,0.11785669159606037,-0.42767128963730633,-0.12223050927751583,0.08619967433748543,-0.6220410801726709,-0.14601047596888592,0.04256450156314805,-0.7886601473411613,-0.16341312281294473,-0.24760088391680077,-0.48494178523206405,-0.08255138240436061,-0.19808988073816283,-0.6719009876351295,-0.17838366892242286,-0.06144710352138727,-0.7451922847273903,-0.24915080201062803,0.07218443225449998,-0.7555771239589559,-0.28732176152058897,-0.38032422144354533,-0.4969224447094132,-0.0839833496638139,-0.44714146894515383,-0.7313581245936982,-0.17410535178338776,-0.3167123862222308,-0.9043979183526876,-0.2377854057308856,-0.16790291656385722,-0.9979971406282034,-0.26851516048732815,-0.4712784635684469,-0.44582569403955646,-0.09935009078617074,-0.688753445828727,-0.6576360322920878,-0.19848840331373832,-0.6769938178696228,-0.858176836157895,-0.2844467298991958,-0.6095460842221246,-0.9999980904770729,-0.33282915775495175,-0.5091651096218807,-0.3494562935340908,-0.11664173815125514,-0.7148681717479946,-0.4088893014082785,-0.20359402367020007,-0.759358845761718,-0.49778676672257066,-0.2575048430330463,-0.7552425036378231,-0.5721088992735051,-0.2882403170653858
15,f,0.0,0.0,0.0,-0.22378096897742022,-0.06977778058251824,-0.058049848506372265,-0.37522156332843415,-0.21480100276441222,-0.10442929087260588,-0.43446754224398043,-0.34851894265555744,-0.16054535008013027,-0.43314791078719583,-0.4778964416909629,-0.20481813646438396,-0.2611064430911112,-0.45324941769029403,-0.0011587173634143332,-0.3148814848838522,-0.6186372340639005,-0.12108466392682277,-0.36295460410821107,-0.5919964998314282,-0.2212207199898409,-0.370711404203593,-0.5298462130406321,-0.2729177517513896,-0.170884442961344,-0.4985085017392701,-0.03057418169328186,-0.20753356100685735,-0.7285454746916246,-0.10799773933562426,-0.2518208002121674,-0.8779786151468588,-0.17318829239850456,-0.272057266699311,-0.9999986594161676,-0.21493559063398035,-0.06408838312650982,-0.4922208553751813,-0.08211778582231714,-0.10503818927876192,-0.7234955970881366,-0.1508881987843298,-0.14701022039175554,-0.86574188000163,-0.1938308761656426,-0.1695894622041911,-0.9782186675974643,-0.2159563173755384,0.05873826239865806,-0.444640210784551,-0.1428112991663394,0.0378160909556321,-0.632175941655805,-0.1788267504022756,0.0027535270966272075,-0.7473699794677713,-0.1841556363702339,-0.023754085367331385,-0.844449948064128,-0.18505704493602182
15,f,0.0,0.0,0.0,0.19692616700744603,-0.14033779687332945,-0.08491735825480595,0.30095992164692537,-0.30965147374404195,-0.11165529060384372,0.317876093946148,-0.49288640985341703,-0.13259674037145508,0.3034372126766303,-0.6423281551244475,-0.1514410459959345,0.05561779969400124,-0.476969124552954,-0.05331264484243239,0.10042997730354378,-0.6308344290120286,-0.12213889923050991,0.1846389946077482,-0.6777339914569398,-0.17602982583114107,0.26746166582886316,-0.7060447236488026,-0.2111717967007523,-0.07714922146509429,-0.5042034779291912,-0.057731266112070884,-0.06121620474316223,-0.7332061298410426,-0.11155613895019584,0.0016815141614677077,-0.8658669930374842,-0.16034189882924413,0.06781710919156832,-0.9700925544898378,-0.1968977457695157,-0.19468123489929112,-0.47861859322624406,-0.07743127730921248,-0.26695307479922176,-0.7188112965516382,-0.14612427708946216,-0.26656008058511577,-0.874358814346468,-0.2056295295204262,-0.2381892194045269,-0.9999980449669927,-0.2467668762070647,-0.29831010936177677,-0.4007831321979562,-0.10378612041321732,-0.4185920917978084,-0.5254967143263383,-0.16701787711677188,-0.458465593562982,-0.6262766283607821,-0.20670383994545122,-0.4683048402530504,-0.7226409071824403,-0.23597855868622192
15,f,0.0,0.0,0.0,-0.09820758709848655,-0.014269030622029942,-0.2792434100221456,-0.15956618747859144,-0.08408664133407415,-0.4565531613989302,-0.08203600432097449,-0.1437509103991033,-0.6012342339553469,0.0799987210334647,-0.2073594808881991,-0.7254978580435525,-0.055912491221155595,-0.48194524224185603,-0.3230747591715596,-0.01866147777077673,-0.5719088051468734,-0.5098649924526402,-0.010466004539882657,-0.4866942161767987,-0.648337953356431,0.004136073304474927,-0.4143123364104231,-0.7290449524577719,0.1276734669652364,-0.5199380949446235,-0.2730800245067189,0.22472339217740328,-0.7492104204789277,-0.420278473316182,0.30365956345615036,-0.8848835207722848,-0.5393344097301424,0.38111196779485146,-0.9999985163023931,-0.6283983206455849,0.26973093040195206,-0.4960208649310048,-0.2475618950395192,0.3891580738567303,-0.7084722275089462,-0.39679488564315907,0.4993355956764335,-0.8521742332043992,-0.5206611258509799,0.5876306945825012,-0.9710576766265512,-0.5992979437448148,0.38740847049865007,-0.42241132676304854,-0.23807177369092317,0.5594294832773277,-0.567934081990337,-0.33561479185314136,0.6758700792692204,-0.6651169696291555,-0.38748685251303694,0.7836334066857579,-0.7511234079961291,-0.4247697026601864
15,f,0.0,0.0,0.0,-0.24874075241192514,-0.12095946752669483,-0.09130017773835335,-0.40381437007638316,-0.27869569819299755,-0.15577269273309197,-0.4342398929445349,-0.41494811640966145,-0.23527719989219723,-0.3414714038229483,-0.5162294623962178,-0.30175530980048115,-0.22206092738512667,-0.49914636408863955,0.009782663778252688,-0.297848644870752,-0.654643418704921,-0.1299506336894855,-0.344857486411001,-0.6198838686970398,-0.25524583576297366,-0.35195845501178424,-0.5539987981755841,-0.3273084227934856,-0.03929014483900236,-0.5281891619902693,-0.017195411654148812,-0.07684996018373438,-0.7442617221684198,-0.09580876271864619,-0.0988978449762223,-0.8831506123960204,-0.1805980970602818,-0.11467200970302453,-0.999998682963811,-0.25021406789520456,0.14431444111531505,-0.5067386341656904,-0.07533449885256104,0.1792210636351061,-0.7128053571918381,-0.15944422630669677,0.19185014529964328,-0.8449163908864542,-0.22296812948722783,0.2057086385515939,-0.9550447745136408,-0.26668208752707356,0.3277299170182897,-0.44110512161830184,-0.1467090597124654,0.4578818286720856,-0.5900328588678054,-0.1966100820031666,0.5398244149914609,-0.6868007625953529,-0.2181144422136767,0.6071881785316458,-0.7793434814771464,-0.23732640237465946
15,f,0.0,0.0,0.0,0.19926671566637402,-0.1854872500745026,-0.07616882647186995,0.2943479501415443,-0.3698288873392004,-0.09978585633972104,0.3472227064847145,-0.5523657987002369,-0.12073497287430099,0.3565502898394271,-0.7260554547710084,-0.13297977053169113,0.023902420533727962,-0.5209059016078212,0.020530482131340577,0.07034342305159898,-0.738932798491186,-0.05623016719543298,0.187955042786263,-0.7589264421198106,-0.13038146908790466,0.3020212415979235,-0.7317358813850118,-0.17459804929205772,-0.07465369481643472,-0.534809860982307,0.01939564259014653,-0.07483378167858205,-0.7888473318352835,-0.04145539623201288,0.053983242811916486,-0.8964684460552179,-0.11661333426246015,0.18726102128860603,-0.9439304229521973,-0.1688967451382124,-0.17060990553990157,-0.5153636621281993,-0.0021721390649723973,-0.2526325040320632,-0.777649111267524,-0.06270995527284334,-0.18163363230468624,-0.9147006617727405,-0.13670538680290353,-0.07885461263124363,-0.9999983821385889,-0.18825761367791982,-0.25339084571020337,-0.4569175438248884,-0.03162303325998347,-0.3952072969021263,-0.5836967661355221,-0.07887567424722515,-0.40854910561375374,-0.6911471956186421,-0.12281319213909088,-0.3767035767346033,-0.7807950141879164,-0.15717853882351093
15,f,0.0,0.0,0.0,0.19340556909768913,-0.21340821411728927,-0.07955334218082377,0.29634747453793364,-0.443295101685221,-0.0923755047704456,0.28489166713484865,-0.6481366054035255,-0.09545130453801337,0.24121015567895374,-0.8008827049084721,-0.09495821619257215,-0.01245463778402975,-0.5158842925420721,-0.04669809169947675,0.03775715110479513,-0.704694544312194,-0.11579699839540873,0.13055412276437203,-0.7923878609799695,-0.1719271249655441,0.22597211164820327,-0.8468994710880473,-0.20790079523543403,-0.17698148496378988,-0.5245827310991416,-0.050750861787272644,-0.21850091880038297,-0.7628173228919026,-0.10444671952290754,-0.13605060994189022,-0.9022825635424684,-0.15761943132961587,-0.03632014614874371,-0.9999972782860082,-0.1973058443235758,-0.310126207428228,-0.48607755223950866,-0.0700053776602877,-0.45000670811901194,-0.7022845030357096,-0.13944986798769726,-0.42089141897629606,-0.8579394912138282,-0.2051405874204942,-0.3475602838694448,-0.9736344506287388,-0.25055470133250207,-0.4064867339949062,-0.4011975726622552,-0.0948398210492567,-0.5741312557338666,-0.5022015979148149,-0.1575849479963611,-0.5977056075570505,-0.592110770384657,-0.19967011736533172,-0.5717850912581774,-0.6743642981400011,-0.2309954221454701
15,f,0.0,0.0,0.0,-0.2353632082481047,-0.08330427268087674,-0.1175808952068828,-0.40211506386452517,-0.23219397675769102,-0.19806717519490935,-0.41840908596768256,-0.35760114558675504,-0.2895468676520904,-0.31336226719167914,-0.45961327723601364,-0.36881983573654736,-0.38008018736776294,-0.4516922090354377,-0.014646348299722707,-0.495210515106262,-0.5591005508042409,-0.17551066786799346,-0.5152463261398452,-0.5257180675683369,-0.31952764233883846,-0.48736327340051455,-0.4766484594441155,-0.4040144859890275,-0.20563758934726842,-0.502095680169708,-0.054566624293281046,-0.32849360242230663,-0.7363295360573813,-0.16061449374759496,-0.4005957901967128,-0.8823685160868844,-0.2697324958924834,-0.44579196018349954,-0.9999986507592045,-0.35210943381097787,0.003391997711192351,-0.49885704534047404,-0.12779230374640765,0.03458208335584799,-0.727284463494093,-0.25557055561682557,0.05372252698183578,-0.8543714263435594,-0.35257764497970473,0.0737569306475982,-0.9601287246060138,-0.41278206582856236,0.23810323276368237,-0.45269875850087665,-0.2113619959456607,0.343918072264753,-0.6209042642341509,-0.30029487538380595,0.4079035275009824,-0.7256446387198016,-0.3308501175097515,0.4549523162765662,-0.8249915374005309,-0.3512053005123843
15,f,0.0,0.0,0.0,0.20086865241700877,-0.12804224383341314,-0.0852816281597051,0.3643373449012393,-0.2878416230454714,-0.1117057623755716,0.42263664094474435,-0.45677129756129237,-0.132251066692279,0.3977315702143517,-0.6040727441814665,-0.14816779563273663,0.10409064167135966,-0.5422631519670921,-0.04347303718315369,0.17740754319581659,-0.7058519315286225,-0.12181864451074112,0.2710497214868227,-0.7342528423297661,-0.18307307968290193,0.3547215021645505,-0.7063370985378612,-0.2168103045031012,-0.03824652944497832,-0.5811285039434569,-0.04629815066567821,-0.03491401794398687,-0.8302580857585566,-0.10256305574900978,0.053181329369988505,-0.930821439001013,-0.145780494335872,0.1545184643924696,-0.9884873930090652,-0.17472098858452909,-0.16724515842833354,-0.5611552458955817,-0.06691060372594572,-0.24180021224714662,-0.7888551809798195,-0.12838177736846806,-0.20292002374697599,-0.9141623053092417,-0.16984338627745582,-0.1303469773391407,-0.9999978725165422,-0.19598662515319168,-0.28122301173334247,-0.489230441450953,-0.09705783361278052,-0.39005398616459797,-0.6349462821423448,-0.14449924320793897,-0.4117705991636007,-0.7367609757003182,-0.16794576952111692,-0.396876250957343,-0.8215741542479251,-0.18375082033286336
15,f,0.0,0.0,0.0,-0.23387430995556724,-0.11887878403856474,-0.10821492600907766,-0.39591379778846175,-0.2655141386443332,-0.19004462711101205,-0.41843592039153665,-0.38890574027605673,-0.285381494668569,-0.30437580319984375,-0.47466563392475974,-0.3646073773904186,-0.17806701612805378,-0.5086145059328372,-0.027682355202596404,-0.22759349400199108,-0.6668011625079109,-0.18958609032288717,-0.2835508278316167,-0.6167312292352247,-0.32183526811301577,-0.3045549265418439,-0.5312897902552134,-0.39179413578210004,0.012362158130312014,-0.5296271004556674,-0.04843396774716749,-0.0007163748217783512,-0.7503262227725058,-0.13799813315735326,-0.006423940759383474,-0.8863985162340479,-0.21557071098892785,-0.008357271584598742,-0.9999986740829475,-0.27718410242253916,0.1964030345268201,-0.49815351308607086,-0.10270469013745828,0.25390767316621876,-0.7050865343610763,-0.19171930983672097,0.2787333069315612,-0.8312804501433902,-0.24599210184647732,0.3011322204941868,-0.9395348056099487,-0.2798017413163818,0.3746506360669499,-0.421402262998479,-0.17197711590591247,0.5106436221057269,-0.568331730781946,-0.21971820864015154,0.5822182747857062,-0.6627623717426,-0.23389068613226682,0.6365989043424113,-0.7546273958433277,-0.24528311640589331
15,f,0.0,0.0,0.0,0.16164421268686818,-0.22682218672645904,-0.04210327704511169,0.2230166988511585,-0.40308748440790304,-0.06526297572460514,0.261269128617093,-0.5609185090933713,-0.09597761302174199,0.27418352344020597,-0.7156338060881355,-0.12474341257082773,-0.07066747949283922,-0.534330059228957,0.02737987492784534,-0.02177698329269992,-0.7083925647257426,-0.05633298976240891,0.09782753538470189,-0.7613706728657703,-0.13413701029192782,0.21156695356911592,-0.7834814138464027,-0.184306197987836,-0.16608778434494245,-0.5464699924803796,-0.0048784454832838595,-0.17085878247615627,-0.7661427832374207,-0.09002773627932327,-0.02834014299508038,-0.8511211181999849,-0.1685400293799362,0.10910710787994682,-0.877874735769232,-0.21551215680321512,-0.25657748456318175,-0.5123937688829554,-0.05438819458056002,-0.39584235020398206,-0.7472565983963644,-0.13721116799631436,-0.3599750344973495,-0.8987126886841051,-0.21436203602406773,-0.2853057566921523,-0.9999985645924577,-0.2628011551101056,-0.32756344982718955,-0.4334869833498007,-0.10810164337384522,-0.49071556109672,-0.5388337774275637,-0.16826792617389721,-0.5073891574815802,-0.6354116679032829,-0.21211458310803247,-0.47943684417104165,-0.7176470040568345,-0.24440071989048903
15,f,0.0,0.0,0.0,0.2298556739002897,-0.1746024194878356,-0.07821371309111737,0.36562460266592695,-0.3627618202870117,-0.09087660981403371,0.3660938635305434,-0.5806189130699049,-0.09989032649600223,0.28529634155383565,-0.7314145528325376,-0.10296678704250437,0.10237403173406164,-0.5490510476999334,0.040463502156551596,0.12768518261073167,-0.7167652300395675,-0.01517136238857367,0.1885280558605597,-0.7580945364868749,-0.07657965477142031,0.25515046468974417,-0.7695863042262954,-0.11197150858755188,-0.05507480719780775,-0.5769847613119198,0.04564045453243701,-0.0459401728783454,-0.8017451122483583,0.02593972556667545,0.017217623602005672,-0.9132136640666813,-0.01049118209603095,0.10458997934797822,-0.9900957106504378,-0.03979844165360396,-0.19515389118285226,-0.5570693535059769,0.027954789066975277,-0.24615876280485172,-0.7909656196227987,-0.004389723320299049,-0.20547402050545613,-0.9149038182726138,-0.04127523790717978,-0.11815266631251137,-0.9999980464290605,-0.06980522502707845,-0.3316348039575956,-0.48300752978599487,-0.00011634441071391985,-0.45502985935604506,-0.6155138729025778,-0.02635910850948075,-0.4946311679793057,-0.7142759350609643,-0.043265379201665725,-0.49010804052134177,-0.7983053602455784,-0.057470730855586086
15,f,0.0,0.0,0.0,-0.28749314498799255,-0.126194923545705,-0.07677713855832959,-0.4658399627884169,-0.2877417363649427,-0.13907762712534114,-0.5199232618657087,-0.4366145054682651,-0.22255547482851837,-0.3943667401863848,-0.5204002432350975,-0.2929729082790892,-0.19898112179352082,-0.49850720240783947,0.054151745988233614,-0.2310033273939113,-0.6832790514942155,-0.11282543244707417,-0.3105946859988724,-0.6808044581232046,-0.26115700455354424,-0.3615334299399503,-0.6345126805886937,-0.34262293729370696,-0.04017758075929625,-0.5214991223208799,0.016821337165456866,-0.07109728627102023,-0.7474931543248926,-0.08279650317379991,-0.11613951288394923,-0.8852258508814744,-0.1847919214025187,-0.15645995173597918,-0.9999987210453153,-0.2562071317267651,0.12702066466656484,-0.50095454296767,-0.05501428707818827,0.10408751934770674,-0.716483495478363,-0.1393689177494591,0.08108203020280581,-0.8452308830149976,-0.20217917681987072,0.05657736963223744,-0.9531248005944967,-0.23914044941211768,0.30111680623922465,-0.4411211675420273,-0.14145711199691416,0.29838573151655806,-0.6208846741340006,-0.1881234346350129,0.27125656805557585,-0.7303476675527406,-0.2021549542163669,0.24643043866053682,-0.826631201484581,-0.20861335590258243
15,f,0.0,0.0,0.0,0.18113311024607748,-0.20522643493841114,-0.03772487417666556,0.2689319240437156,-0.3762740454980734,-0.03771845592049825,0.2585936015388572,-0.5570595777906622,-0.04324285734899882,0.2194273723748381,-0.7056440549343131,-0.0466084428282386,-0.031948598651892916,-0.49304888190694734,0.0733794786985632,-0.014371765315201162,-0.6712473303770993,0.018396489397061122,0.08031999612847258,-0.7308643674087386,-0.04782252733864135,0.17219572287572693,-0.7581645917295547,-0.08925002033633263,-0.15309596937886943,-0.5002095494416267,0.056819278822703705,-0.15166273690773846,-0.7338148420583607,0.024603851282651735,-0.06844739750009891,-0.8739402254708023,-0.034540331601027506,0.01942407004154964,-0.9802665682142574,-0.07916945835709964,-0.25922281959412774,-0.4715187690925899,0.021087328031814984,-0.34288769641113626,-0.7160676692714258,-0.020920206281339317,-0.3179826645535763,-0.8762776307334653,-0.08680112362973591,-0.25929058905282654,-0.9999979513822581,-0.13525820215505566,-0.3605500047407815,-0.39534754596138094,-0.019332464404977247,-0.5250103018077833,-0.5008002426965017,-0.05664999157854496,-0.5769615140963882,-0.6034895939630023,-0.09243520779026573,-0.5838280866017411,-0.7038767984014331,-0.12132139771024661
15,f,0.0,0.0,0.0,0.17431356095336656,-0.12643314823529397,-0.05108563043857881,0.29518871769436916,-0.3226586367510313,-0.0578059112131883,0.30331502756536033,-0.5062195845046223,-0.0703515862141813,0.22170657818908468,-0.608430153404259,-0.0771097890837706,0.16342202223801175,-0.5143730242622694,0.046019079486952386,0.17066866404713463,-0.7011569083028385,-0.01625887439382514,0.16679292748496433,-0.6835389080120836,-0.0747401146600484,0.15737259607228563,-0.6204134176081971,-0.10110748656738297,0.05297443602667512,-0.5359715780718279,0.04365008246889885,0.04237910451054127,-0.7503432245104765,0.026311451007886504,0.02897700782233477,-0.8879160859701999,-0.007198356363724265,0.013106327067802565,-0.9999988705608722,-0.030620980087327797,-0.0381886477991987,-0.5112778946497734,0.022258034304814198,-0.05573131721360623,-0.7022046066304466,0.004630738619813892,-0.05841471881918514,-0.829999836743431,-0.01281760941833603,-0.060367902358866375,-0.9340770495567038,-0.023354516799291156,-0.1319176264883241,-0.45104183815446924,-0.009073003446661766,-0.14791268060662013,-0.5900678652056435,-0.01826739377203413,-0.15028008298648468,-0.6894863446535325,-0.01542469243961282,-0.14707202437928563,-0.7836081008208068,-0.010746970678063142
15,f,0.0,0.0,0.0,0.20706503491044265,-0.1583137907346115,-0.04006791326765304,0.3242278537938548,-0.3379165474517703,-0.049941468581609263,0.4009356473466442,-0.503414962560569,-0.06519985505829631,0.4651226711732791,-0.6506987308469139,-0.07753827798962294,0.06862554732112353,-0.5004467173286572,0.03340895927389105,0.17881596902398078,-0.6569399557596127,-0.0364823397898152,0.3146391515051088,-0.68825179723358,-0.09841937603263236,0.43690303941348546,-0.6850189622107286,-0.13435672902613194,-0.02980986797256562,-0.5506262703519507,0.009864240119456006,0.031491976742431524,-0.7695888807433211,-0.04361009669740959,0.17977777473179535,-0.8557017108079373,-0.09508013981536595,0.32012072207050707,-0.8887217630131555,-0.1281135702675098,-0.1375916895365511,-0.5594244560958922,-0.0314456827098339,-0.17566850090219416,-0.8214184109426782,-0.0884118324683786,-0.072840339718026,-0.9395984922846896,-0.1418558562503967,0.05563145145021759,-0.999998668941507,-0.17751033221253337,-0.2451098733568207,-0.5179344760957618,-0.07781879473724361,-0.3798512525113047,-0.6639709831816982,-0.12438910202516651,-0.36463388836108773,-0.7583412361671542,-0.1562154159348375,-0.3003323015185257,-0.8238788976552455,-0.17948515583507452
15,f,0.0,0.0,0.0,0.22102347900657948,-0.1315241261634827,-0.05523755876898137,0.3823856353712376,-0.2943124823109156,-0.07311780660305567,0.47897939000499395,-0.4559361597398401,-0.0933268493170163,0.5327031755944022,-0.6255750027972665,-0.11034733057925411,0.11399845623417212,-0.5371380545499659,0.017989102695987445,0.2040464691920516,-0.7023198625556124,-0.05847923550493681,0.3545419505629526,-0.7324438448735784,-0.12840514246232904,0.4804306143071558,-0.7192088414521385,-0.17177270874346148,0.03724944220778567,-0.5698538055695094,-0.005105289744680198,0.12748261682690062,-0.7734474595451422,-0.0794535661025441,0.30150747673484246,-0.8503669963834783,-0.1631869989096061,0.4478157526543111,-0.8691773242487538,-0.21686815379602692,-0.047715477613490265,-0.5712453864519462,-0.045309998721219005,-0.04851245415483902,-0.8163287044598859,-0.12463058193903057,0.08466991733482572,-0.934403288930978,-0.20852267440273015,0.2135012865188882,-0.9999983405463753,-0.2607439997174766,-0.1391365750699119,-0.5241245131795442,-0.08953921397689382,-0.23478513481330165,-0.674793286874422,-0.15525379352765395,-0.24404667976510933,-0.7799361294910334,-0.2033556675244863,-0.2308149404114155,-0.8611332765662557,-0.234438655201275
15,f,0.0,0.0,0.0,-0.20411616946573882,-0.058614960047966805,-0.13440001039062438,-0.3769338410349074,-0.1606939455045765,-0.2509080717403783,-0.43550356594506495,-0.2678221725896265,-0.3672858394712442,-0.35814827053715004,-0.3724915788175172,-0.47449124994324937,-0.22392882392172583,-0.4385375672550123,-0.13509145111921775,-0.33371648148912075,-0.5645057067195445,-0.31023645559958674,-0.3729507229308259,-0.5154410338029277,-0.452060891806956,-0.3585939411481904,-0.43251920385400067,-0.5310292378922475,-0.050509136863395414,-0.4817671313305545,-0.15247640253664987,-0.08652436826733076,-0.7218010079303477,-0.2861993916484809,-0.09712375976227962,-0.872714944956036,-0.39841955755475494,-0.08756925516346056,-0.9999987476572973,-0.4747126483240124,0.12494348148316524,-0.4565275666326846,-0.192278275910828,0.220423809873203,-0.6765084304534776,-0.3237940832809245,0.29011981113016905,-0.8134167178553671,-0.4206971537941394,0.35186876005754786,-0.932157200436908,-0.4769976945923597,0.29403339700509323,-0.383855974124081,-0.23952382074626122,0.4323426673838373,-0.5423634053436572,-0.3212865562729062,0.5088363304555594,-0.6441927391197335,-0.354806203939532,0.5706521616989072,-0.7409404351455722,-0.37466711667372643
15,f,0.0,0.0,0.0,0.14262907658724946,-0.17387020917853482,-0.10602325884646381,0.2086177389788572,-0.3531304466793388,-0.14373660500300767,0.22402515160479783,-0.5526076585559606,-0.16047780769704456,0.21602421649045836,-0.7223000300184176,-0.17196850552351145,-0.13650629222863314,-0.47073440558636603,-0.08430626226434355,-0.09876481088376013,-0.6530319861682329,-0.1518969862834612,0.010762132651744208,-0.7422747725923388,-0.2134247343749539,0.12232828497894137,-0.7876144794868328,-0.2494745583063945,-0.23369920762923052,-0.49030128061203093,-0.05379739811877407,-0.24843027966376932,-0.7343044630052553,-0.09667999881314274,-0.14231676068403207,-0.8966583456266195,-0.14752303236205477,-0.03724760442112295,-0.9999978365849016,-0.1832587350960397,-0.3038375967266348,-0.47102899092117206,-0.036694806143766585,-0.41623399097904473,-0.6884923492934875,-0.08096879707552074,-0.3802030903997086,-0.8582868488299941,-0.14616313000229808,-0.3217376048972461,-0.9851682470647897,-0.19370313596185176,-0.35810983503720006,-0.40601235052727397,-0.026143973511390507,-0.5626556683868882,-0.4871701911801674,-0.07465326531957402,-0.6249236193534609,-0.5875522233274293,-0.12059980091794803,-0.6457796678896195,-0.6800037913104375,-0.15232730717880572
15,f,0.0,0.0,0.0,0.2309848217611084,-0.1761141738614424,-0.07661921416311815,0.37799283418493207,-0.37000259670049473,-0.08675864236991605,0.37312362231564183,-0.5936281201289193,-0.09315371341099218,0.2876830295180907,-0.7360434555399886,-0.09673661876690687,0.0996282193973777,-0.5536813294952465,0.030443638343825356,0.1320607249032494,-0.7169421863658887,-0.01740912944440391,0.19231969497925536,-0.7629313214673531,-0.06940682497296899,0.2595212519712865,-0.7872200490056814,-0.10312625890638105,-0.05399441423081792,-0.5844646343410196,0.02923010482718191,-0.04459436965037109,-0.8092218101394651,0.0065061693720901,0.021878361792990516,-0.914365916432568,-0.03152833644665199,0.11226470529146311,-0.9905016898324879,-0.06178436293829238,-0.1898996100172024,-0.560596899302903,0.00722436497945001,-0.2339907787926467,-0.7945613552169464,-0.03599456963182959,-0.19813248080463386,-0.9140933155447025,-0.08169886443003385,-0.12356503029714788,-0.9999980587928787,-0.11496776494040596,-0.31784806490532824,-0.47990819354429587,-0.023742949171806926,-0.44750802757499397,-0.612434573062662,-0.06742926809697415,-0.49495834277510464,-0.7055771822870643,-0.09515258169447162,-0.5054283111289357,-0.7900824161807507,-0.1155321592765254
15,f,0.0,0.0,0.0,0.18103150343242558,-0.13250732930091802,-0.10357565596947223,0.2852748796288432,-0.2966213838676491,-0.14658180424923428,0.31759480493030207,-0.4735012826289341,-0.18013936780549503,0.3339770970377879,-0.6328235725933212,-0.21059999563281648,0.03409496671486968,-0.4596388099418455,-0.08385611945023011,0.11314040543878837,-0.6218213452615711,-0.167704386298464,0.21695452661015202,-0.6748387694736634,-0.22987996775373923,0.31193554467624923,-0.7023807936723913,-0.2680575425560275,-0.09145070356279782,-0.49368717989412714,-0.0812955278625682,-0.06242207576205149,-0.7256764151030879,-0.1491858797303582,0.021790212248184705,-0.864688357220108,-0.20454487149108777,0.1070928388298348,-0.9771062561073066,-0.24297871244189337,-0.20047904097749,-0.4745927764919824,-0.0954969823700548,-0.2764279772068323,-0.7171031242498278,-0.17547604916889406,-0.2705145527932081,-0.8743018598244221,-0.24090334334068597,-0.2341509142226893,-0.9999978463803008,-0.28328635619513515,-0.2892765531189841,-0.39874069221132524,-0.11706256260107284,-0.4147632393404278,-0.5264461160166639,-0.18859388826045037,-0.46211941362954134,-0.6321568409545263,-0.23370452861803737,-0.4780410011063697,-0.7346425692949179,-0.26479609008920396
15,f,0.0,0.0,0.0,0.2353413846277606,-0.11904642574607674,-0.07816342227029785,0.3744879961984549,-0.2886525011440776,-0.09186190253549963,0.4490271054917997,-0.48335366152378834,-0.10387448931096754,0.4964176079673263,-0.6569990368086134,-0.11196957588879046,0.12438105166134909,-0.47815369062307644,0.029273480720973452,0.21796076561852845,-0.6215338067745526,-0.03448736391123397,0.32840942705710974,-0.6551941425522696,-0.10168058315891464,0.44126093339593064,-0.6692748592391724,-0.14585661891726634,-0.005740080796407332,-0.5432552054725556,0.026445289966389583,0.06445580176956942,-0.7565435341052088,-0.018800366923526452,0.18533144117748335,-0.8373466649724094,-0.07539814154539727,0.31312211730774786,-0.866116302577292,-0.11775221564481114,-0.14115186705517924,-0.5620890732803224,0.001773794665738691,-0.16141779729651493,-0.8174195632049067,-0.05567638538869304,-0.08842029730833066,-0.9389375416490854,-0.11396918970938844,0.02056444546642291,-0.9999985296867785,-0.15563420303180375,-0.2716296183987151,-0.5249912004908085,-0.03154027098222454,-0.37660395975137034,-0.6664660774515628,-0.07787282728402671,-0.38262728493896503,-0.7659669750932648,-0.11123387005386817,-0.3434673456573587,-0.8385891894087505,-0.13846068238331558
15,f,0.0,0.0,0.0,-0.20738572488608276,-0.0904680499805252,-0.12428468141491283,-0.36908143574709146,-0.20850495266924873,-0.23201855628688972,-0.4209416604782551,-0.2912894922171596,-0.346076720623283,-0.32206847441181663,-0.3576439884456885,-0.4417049513183842,-0.15092860234599353,-0.5000406853116093,-0.08153210980104772,-0.2010920369822402,-0.6403410067018988,-0.2594291059124565,-0.2690338478589151,-0.5550280603137805,-0.4021531383307243,-0.28763630449141386,-0.45035644374508754,-0.4797907452797191,0.030054342000070088,-0.5197906905493734,-0.10150412013865884,0.01756208290302154,-0.7377119595815405,-0.21536831262593184,0.014359212114664002,-0.8753336230474311,-0.30403217947815864,0.032543559803534766,-0.999998669062886,-0.37110086416930915,0.19477696963426375,-0.4722496291784793,-0.15167885930473513,0.30909329373345024,-0.6718078199554167,-0.2586697984930587,0.3823555319931631,-0.7845682044348615,-0.3151049069487429,0.457768645461791,-0.8924638729109613,-0.3493240162306201,0.3410013406354758,-0.375860861448455,-0.21473127262127023,0.4875934063437775,-0.5158295832970757,-0.27258995853514717,0.5753395635314327,-0.6029967898973867,-0.2811793782897917,0.666159521542303,-0.6930617243106895,-0.28730347841368153
15,f,0.0,0.0,0.0,0.1607258960428407,-0.21456255517844194,-0.044160215726844504,0.22758010605250165,-0.40346039303120473,-0.06420394450113028,0.25032648644429456,-0.5684321190696401,-0.0884105795148587,0.24090378553365535,-0.7266661638988997,-0.11089636068882955,-0.09064517072277797,-0.5287804436141037,0.03383489491601377,-0.04223344916243854,-0.6895657829701705,-0.03690959085996716,0.06550180779345978,-0.7648769851316729,-0.10868077160506374,0.17100121191245166,-0.8173549145019888,-0.1578959025182056,-0.20251534732448095,-0.5428037628710918,0.005167301592871848,-0.20440625961589765,-0.752147783342985,-0.07618319247271947,-0.07481827717581482,-0.8388105194408427,-0.15544325314481242,0.05530607644965228,-0.8712764831078692,-0.20079740941131435,-0.30432988986632165,-0.5091408898225737,-0.03974676416579171,-0.43629457995073795,-0.7318381777516192,-0.12091741602975373,-0.4079017977657419,-0.8879936004266699,-0.19761266929292867,-0.3433509938634902,-0.9999985048076375,-0.24467065183092243,-0.37587673504527896,-0.4256672384630713,-0.0880688194539878,-0.5321346239113066,-0.5267229652770804,-0.14675708785959626,-0.5663544103996297,-0.6295811078157392,-0.1886950137436873,-0.5594103708819458,-0.7243107560324687,-0.2192988732917114
15,f,0.0,0.0,0.0,0.18408732493250574,-0.12531715432941942,-0.05519146866951779,0.2923315327136701,-0.2807701305892918,-0.08947450650461279,0.3610162440692509,-0.44970945050570943,-0.1199304416485356,0.40596830462576455,-0.6044772743957109,-0.1464900170511922,0.007621775997620521,-0.4674370063120485,-0.018161655826991956,0.10836304297619274,-0.6341407300533738,-0.09032696584282006,0.24037247603906642,-0.6537269176432499,-0.15327623761807896,0.3541365713744057,-0.6176119732474314,-0.19167654677494178,-0.09838016110421297,-0.5175961958599974,-0.03530183825668328,-0.031076056440568066,-0.7428554178343912,-0.10649607932119542,0.1345504603558352,-0.8216674560395475,-0.1740133600325764,0.28302248557393944,-0.8224660749814724,-0.21298992557168028,-0.20169727887612135,-0.5156425974889804,-0.0651662341266967,-0.24372180755999456,-0.7846381045630585,-0.1317359256772324,-0.12888333468913876,-0.924998067917851,-0.20110305067947765,0.0016499084281664798,-0.9999987828304423,-0.24746065663262262,-0.29341309259613885,-0.457555620433869,-0.0973441278838059,-0.4398930322204163,-0.6130145457083886,-0.15104656325177426,-0.4441514747479997,-0.7260563436067907,-0.1919134916754075,-0.4080470862257324,-0.8092129399539986,-0.2214642243878473
15,f,0.0,0.0,0.0,0.0989233495295595,-0.21402318421529978,-0.04624030069180965,0.11149152732263103,-0.41086373832894285,-0.06927199125601992,0.09715332323825458,-0.5900384634532319,-0.09129896736416591,0.061509818567803576,-0.7511445746409681,-0.10811038546349562,-0.23368066317695166,-0.4806467924091096,-0.020340515577363837,-0.18572636662971367,-0.6734225086816922,-0.10014789823136283,-0.06063323509189843,-0.7375428682479688,-0.15790776543984855,0.05159673130059698,-0.739669699469669,-0.18533134587297467,-0.34303427298494216,-0.49431184904748265,-0.038489273641122174,-0.4036122809677688,-0.7215720670336224,-0.10940860569348895,-0.2820301324241621,-0.8812779845318766,-0.16389793985119477,-0.15085655237534304,-0.9677873936802865,-0.19192525067717786,-0.4270774162098269,-0.4568353765516135,-0.07008881348230739,-0.6114804779559355,-0.6726490226212419,-0.14606423271160035,-0.5837394055067812,-0.8632858506899403,-0.21835557334175995,-0.5120444001501093,-0.9999982857407252,-0.2614604852390006,-0.47105439021465373,-0.374344774138553,-0.1028599465030431,-0.6751209594135062,-0.45941127927076125,-0.17012703153874278,-0.7020529368336416,-0.5686218912264929,-0.21572914369303586,-0.6782685470082443,-0.6704491342617318,-0.24358235629428324
15,f,0.0,0.0,0.0,-0.2579217758224492,-0.10927456795943345,-0.06763385861991562,-0.4121688338608092,-0.2681087340883478,-0.11861780524609136,-0.41628058944926183,-0.39665713979891987,-0.192567378226071,-0.32557643146457194,-0.49285801794037204,-0.25562352580129233,-0.3073620340402033,-0.4804635546200954,0.029486301210538902,-0.4134024930952095,-0.6277709812097586,-0.12013349080563707,-0.47519449312719525,-0.5896454078217291,-0.2543124527740233,-0.4852403340779133,-0.5285350960763602,-0.32989440957640426,-0.11529000597682712,-0.5215113471942184,-0.017465323943934248,-0.18994121720203105,-0.7397488963841562,-0.10240645183852637,-0.23138535779101302,-0.8789277611015727,-0.19779053682417816,-0.26011844900561365,-0.9999987291703284,-0.274839606197184,0.0898190123129013,-0.5122984998640266,-0.09458683500633769,0.06813936294209068,-0.7266579361701141,-0.18997733011158,0.0501833018587973,-0.8598759009629603,-0.27130106868851056,0.03594030018121219,-0.9739885279872869,-0.326224071676741,0.31629351783457227,-0.46019030631796803,-0.18191364584558775,0.41022015750528884,-0.6278309352381888,-0.2376259172958967,0.46232062482153075,-0.7346571973139587,-0.2633346250845489,0.4932737194034481,-0.8314108417503813,-0.2858754082168356
15,f,0.0,0.0,0.0,-0.19536027590462038,-0.14712397649384878,-0.08803596869759013,-0.29528325837287256,-0.3156690696115439,-0.14484317437239125,-0.2883698184977972,-0.4614143663910296,-0.217365312514361,-0.20924391910360046,-0.5837117837186031,-0.2778331229608242,-0.09354980754408897,-0.5244094863972829,0.0201565097146717,-0.11359847952569756,-0.6906405175193706,-0.11879579618147156,-0.15468979115564835,-0.6728310866678654,-0.24357785938538007,-0.18304859965588874,-0.6189709141499669,-0.3120793375841903,0.09496650500342405,-0.5383866151906617,-0.003478550954847366,0.12032624381137821,-0.7515559980469366,-0.07652688085226457,0.12751455319722566,-0.8858673466855164,-0.16158174170824052,0.12486991091653155,-0.9999986414655607,-0.22935978959058653,0.2740518660865543,-0.5044757178876983,-0.058121297142801634,0.349843864317838,-0.7029673360861209,-0.13267630160064833,0.3871766420806517,-0.832804453650034,-0.19727890620014973,0.4171030448831565,-0.9436417274362787,-0.24067709329777123,0.4412466207268197,-0.42834767356134784,-0.1261964320413014,0.5953766319655532,-0.5702360114065751,-0.16827683259648518,0.6781755556663109,-0.6655498180248766,-0.1884937300630338,0.7385961577095395,-0.758610455819496,-0.20560936743441086
15,f,0.0,0.0,0.0,-0.29270372047396875,-0.11838799484812307,-0.12558525450908054,-0.447613936718847,-0.2915552017338301,-0.19577077020641978,-0.4532558860369994,-0.46646555706078874,-0.2807455390841126,-0.3366232273352491,-0.5962244125040839,-0.34823106609137267,-0.22477569928596755,-0.48524374456307,0.02810570735646365,-0.22057281899890688,-0.6680975325179994,-0.13129043233831325,-0.289358195418226,-0.6743776883319902,-0.26744352128205506,-0.32277718946922457,-0.6479826067163036,-0.34395847059797463,-0.03980151892278331,-0.5050019308702147,0.012903795679554445,-0.020436405268852462,-0.7352642437232157,-0.08582805015876979,-0.03739594187991803,-0.8777378267188098,-0.18508640701416973,-0.04848866984595851,-0.9999987139889223,-0.2568985118502463,0.14273236093577552,-0.48636501343421146,-0.04199246312084104,0.15072098005537454,-0.6955598431802339,-0.1389167930025517,0.13647623559697633,-0.8238912807319242,-0.21593571159045222,0.12068257945692949,-0.9366497055975996,-0.2618129164944556,0.33723288087412134,-0.43263739338754836,-0.11457257063783698,0.3611184833444795,-0.6058073980797769,-0.1756792424989895,0.3463788720668244,-0.7147024354004128,-0.20676618816207512,0.3249346432323602,-0.8105765194960529,-0.22720445224758912
15,f,0.0,0.0,0.0,-0.24488651183114288,-0.047804074794018124,-0.08985310118240399,-0.4258237996724585,-0.19450045260454474,-0.15313977555448083,-0.5020235733919108,-0.3339718904641171,-0.22026389375258298,-0.4958610030966117,-0.46755464704770133,-0.2792552729301503,-0.28374004256598495,-0.45514930219599636,-0.04150551734056534,-0.3517608453014035,-0.6175780197565187,-0.17180158043211693,-0.4249926347414997,-0.6013328846775327,-0.2849610920833914,-0.463738612729785,-0.5596606636532835,-0.34949116826542687,-0.16838071799001567,-0.4959095028737646,-0.06566703696544292,-0.21561245050642786,-0.7268737495083417,-0.15531432817857518,-0.27320804651401404,-0.8756811699338529,-0.24292186695841764,-0.31527477729964165,-0.9999984931643754,-0.3036855761869175,-0.04358630065535146,-0.48015201509117117,-0.11217116055655807,-0.0635426117377611,-0.7075338346677853,-0.19635112353451878,-0.08275948084739242,-0.8568027214914666,-0.2643260311104462,-0.09249217362756199,-0.9799689833442257,-0.3062042639195928,0.08936541993883151,-0.4270053305861463,-0.16853184221518738,0.08278633535363081,-0.6186602833022466,-0.22866331418665745,0.06503146508195473,-0.7434391627453415,-0.2555878082979176,0.05260016386803273,-0.8542968098574951,-0.27196411731122194
15,f,0.0,0.0,0.0,0.22365179813749442,-0.1492412087731453,-0.08255413458489916,0.3666203205100603,-0.31004101266874223,-0.11123287826834287,0.4179076700761069,-0.5119349870499347,-0.1304156539006171,0.4350890385255133,-0.6955021259654206,-0.14717347401267827,0.06611022002330788,-0.46938077277126994,-0.03483747421331159,0.1915587263151196,-0.6205045388828008,-0.10309126990434264,0.31350435015014716,-0.685153823599907,-0.16160764474415043,0.41938770923514884,-0.7294131204240715,-0.19962335670356218,-0.05160676598553517,-0.5195862711509743,-0.03702222664384414,0.005544001773743639,-0.7467650225998317,-0.09394733014144775,0.1359183728408987,-0.8332396313532753,-0.15009198553095726,0.2593828803357433,-0.8769475273049614,-0.1907875541270415,-0.16339200568748743,-0.5288681327714371,-0.054574771014028155,-0.23134320032949862,-0.7791656664529342,-0.12538967697645229,-0.16475391935646727,-0.9128332870317066,-0.18948005459890155,-0.07235966340293168,-0.9999978632702299,-0.23416993634620745,-0.26310367407392504,-0.4963389836682293,-0.077743275003654,-0.39688859230913653,-0.6332741909163039,-0.13765201823784443,-0.41197872566763266,-0.7148157391098343,-0.17566836699235086,-0.3886977517243793,-0.7840186818694468,-0.20390854193415373
15,f,0.0,0.0,0.0,0.3149634106414618,-0.09111320848972873,-0.1548957261604679,0.580297362310692,-0.2505169519895066,-0.22448795464928029,0.6232413043280669,-0.4087743976518361,-0.2971381280626745,0.4661356658740659,-0.5116169172678404,-0.35225959293603726,0.4001942150251538,-0.4914586871280373,-0.009995853715905124,0.41267377693534796,-0.65636594344281,-0.19075792982227646,0.3862325626093046,-0.6103037323766582,-0.3373122513047294,0.33838207252041347,-0.5343052388108015,-0.4027237564660605,0.19482976538727717,-0.5200871565629698,-0.015275377260720308,0.2181196195698263,-0.7429436495289755,-0.10256279623217171,0.2106155774754592,-0.8780044470110525,-0.18821701145925585,0.20102711023882205,-0.9999988299758825,-0.24122238974250523,0.013253489041123324,-0.4982878312895757,-0.06115134849011878,0.0018195917762233015,-0.7030684968307631,-0.14680591241156243,0.006959311765942912,-0.8309400534862373,-0.19489670521830887,0.019031947358590637,-0.9433605097692217,-0.216080149079221,-0.18475152205327436,-0.43899322719105094,-0.12949396100276048,-0.17940220188405417,-0.5939880094703311,-0.1761071527437306,-0.17774269568828124,-0.6969107985278944,-0.174204763491842,-0.16741660040353978,-0.7948387152326778,-0.16479496724501702
15,f,0.0,0.0,0.0,-0.15414655800936083,-0.06674868002382946,-0.12417484400617858,-0.25805690188528735,-0.17690224068271548,-0.22624591314437725,-0.2569863505388286,-0.2679151694308771,-0.33462563288461694,-0.15904445780580118,-0.3515662149453234,-0.43571173293846666,-0.11443903335980654,-0.4781326661777084,-0.09427174427236501,-0.2023932495318873,-0.56677274624152,-0.23152708066934757,-0.229956086214839,-0.4926883215046604,-0.35700915281107204,-0.21507731676388042,-0.4111086759613042,-0.4345390002023648,0.06931675078454752,-0.5032673431995028,-0.11818326882972688,0.046750339006511994,-0.7246009460066853,-0.20037828788667125,0.024242388830544817,-0.8716553298633302,-0.287271210105036,0.006444156660727413,-0.9999986948464064,-0.3649600862788015,0.22905368490546713,-0.472681617716588,-0.16546976840730393,0.3564284076554705,-0.6777995357536559,-0.2607025512784158,0.4310698318212182,-0.8124022207154709,-0.343427935311809,0.48947627849920267,-0.9279223075059401,-0.4042546456394937,0.36634455335400623,-0.3989276585626777,-0.2230960074704592,0.5424172849710465,-0.5475361175018503,-0.28045119551963354,0.6465367370124551,-0.6519592353631841,-0.3025710742359627,0.7466635300191911,-0.7560823825823682,-0.3284904708791331
15,f,0.0,0.0,0.0,-0.22904373990898444,-0.060522070388424984,-0.13085250966705592,-0.4367627455914373,-0.17380845065098346,-0.2372686698131444,-0.5529353226442162,-0.2750445752881061,-0.34397381705269714,-0.4765733902653409,-0.37194286430844853,-0.4363363747838161,-0.3069506109307581,-0.47580295344931683,-0.10028341309769787,-0.3933627745101726,-0.6160370332834635,-0.2877037871001294,-0.4549198201130211,-0.532942895723808,-0.4383353047827146,-0.4665223382453031,-0.43148792497370686,-0.5192903085557856,-0.11872770997857224,-0.5136356967381427,-0.11410619911533466,-0.16483423563979677,-0.7355343983452041,-0.23659727854994894,-0.1973008519133359,-0.8700288782922103,-0.33490669309159976,-0.20998282585953587,-0.9999986884699024,-0.4035277503858687,0.06122047052178801,-0.48219627743711196,-0.1564372775478952,0.13586431043020747,-0.6900975050482495,-0.2712194254567228,0.1893259260117059,-0.8101037391124667,-0.3365179226806691,0.23958306227074885,-0.930244978440879,-0.37299893260190525,0.21931538721181684,-0.3991379432422516,-0.20956739931189575,0.3172622145116308,-0.553847331280424,-0.27799245663589667,0.37997665469411956,-0.6490614941228946,-0.28672028899425966,0.4446398767128079,-0.7459176868289528,-0.28794843039734896
15,f,0.0,0.0,0.0,0.20509877610969446,-0.2030538650228563,-0.024367095698684588,0.31383850056879203,-0.3745756469193496,-0.011028374583970218,0.3104230947817646,-0.5711960455968864,-0.006149252836609642,0.250935665294833,-0.7175792243065918,0.00015521920800891275,0.013541412048005718,-0.49733592761749035,0.12646154411996072,0.03948446615350873,-0.6819762731925826,0.10127594116374387,0.12607247747884534,-0.7454556683578728,0.05253018658048811,0.21347822654433346,-0.7793171642736771,0.018307095093092123,-0.12425230888350577,-0.5045273724918569,0.10642944895825834,-0.11442572838522733,-0.7402847649025915,0.09768240695900096,-0.028402249544139783,-0.8725972626819586,0.03868124128987766,0.07064747790338721,-0.9644284048757871,-0.009377342384641005,-0.24037383869660006,-0.4733501923304942,0.06763159189661466,-0.3259430782655035,-0.7298879215847527,0.04581645331333124,-0.3006853659661717,-0.8867343777194786,-0.022200769196766373,-0.23307918481591072,-0.9999978870533347,-0.07713915074412908,-0.3471593928730762,-0.394028812916467,0.024514238775465602,-0.5072326574952951,-0.5163344450327586,0.004618220874935786,-0.544021662077328,-0.618014900153958,-0.029834307866139137,-0.5254798712775934,-0.7091196751190287,-0.06219605381231954
15,f,0.0,0.0,0.0,-0.3210786157673945,-0.12556911486778896,-0.1177177557293914,-0.4952360076045666,-0.30059623411344155,-0.1957256898008516,-0.5229549197869924,-0.46876245363463914,-0.29308859183379854,-0.39033373043008024,-0.5938938474092593,-0.3692380260873946,-0.2515428591758846,-0.5076313607767885,0.035820034625203834,-0.26032855786401976,-0.68575982818415,-0.14998702116723228,-0.3205020410176418,-0.6770535957989208,-0.3079076865513327,-0.33670895795378275,-0.6359818348596483,-0.39622054280688607,-0.058586975871068495,-0.5287663082806491,0.012365613725236795,-0.06034990761328051,-0.7527004578146781,-0.08511191690511741,-0.08046360886871762,-0.8842199692861633,-0.16769810238741034,-0.09273972397321674,-0.9999987043505066,-0.2311713870865047,0.13338600425567665,-0.5079655980547056,-0.05569942740871428,0.10816815687977263,-0.7171129143367388,-0.13936388625124033,0.08032954326925731,-0.83559396706025,-0.17942509684388955,0.05385622097951324,-0.9458801055632939,-0.205781826081338,0.3221349229502391,-0.44737041835393326,-0.14573550638837915,0.3002808401571075,-0.6178903540850107,-0.194031605686473,0.25363697774026567,-0.7238707549929451,-0.2006331394456126,0.21023810519884037,-0.8228163415854195,-0.20556719369810061
15,f,0.0,0.0,0.0,0.2134089537840191,-0.14994263614988568,-0.08744265075700215,0.34988490159755553,-0.3125968045492435,-0.1129333456691231,0.3789553207627466,-0.5126294708434905,-0.13867459391253814,0.3276666151984748,-0.6618840968423694,-0.16090322455680947,0.13674337928666683,-0.5203647664572164,0.012383944873135025,0.1805211676999802,-0.6984733942991213,-0.05981812792478646,0.2418731739930779,-0.7372867830357419,-0.12529344855572086,0.3069856669504563,-0.7366293080490192,-0.16463952663771417,-0.011498715329807504,-0.5489742774822689,0.014158769380573769,0.018354095403268822,-0.7683866645434432,-0.0321177221977089,0.08182030828555223,-0.8834051386446776,-0.08079323900866527,0.16066912084126098,-0.9610669032358294,-0.11732137447898001,-0.1463302686015495,-0.5286526280798585,-0.0071930293560182965,-0.1827384501095969,-0.7601400751497136,-0.06524084313332949,-0.15287589745446767,-0.9012423360439661,-0.11523970643321034,-0.0859171531402841,-0.9999982425555856,-0.1506750706039965,-0.27678780362337624,-0.4651013566953495,-0.03934349499239565,-0.374437006839413,-0.6004310050139913,-0.09063287489670203,-0.39299908704091935,-0.7034858750749784,-0.12379287830401965,-0.3666184335049121,-0.7894538328625278,-0.14892186507798183
15,f,0.0,0.0,0.0,0.2488129548277663,-0.1641946477747575,-0.049679979587077115,0.38182468888919224,-0.3275389493814048,-0.03666525571706489,0.40186873421577285,-0.5273896249365699,-0.02548275794105571,0.37130452064544556,-0.6823836071422344,-0.012451560071820234,0.09958180059132803,-0.4768529390635297,0.09374616257947553,0.15697610180426178,-0.6407587623639464,0.06312893982183666,0.2385462910372713,-0.7015423194873618,0.016668097956732724,0.32141745659425,-0.7450678478910944,-0.01747250828321934,-0.0329592442079222,-0.5220984192112086,0.08287929167588613,0.011373579923121196,-0.7453118226028068,0.062710984850582,0.10173085727073373,-0.8616167201981892,0.007926471353354484,0.20207910231969775,-0.9413069513275634,-0.03587649050553538,-0.16408475586008558,-0.5195596427519354,0.05102837140331748,-0.20137323503030724,-0.7700386363103251,0.0015866471842147867,-0.14660894255753554,-0.9055809499204696,-0.06988771321894144,-0.05732792622990571,-0.9999977638806682,-0.1209173216410176,-0.2936391263477219,-0.4660186225567367,0.014267279917097284,-0.4091796453734943,-0.6007142552839783,-0.03578202194441221,-0.43049314557126067,-0.6964225824681562,-0.07910549733599156,-0.40647899659115383,-0.7816415964458786,-0.11342002240030762
15,f,0.0,0.0,0.0,0.2642592073079689,-0.1292038655738865,-0.09743315244752877,0.42675764250129355,-0.2678345175790622,-0.13741563180534472,0.48822401346936456,-0.4570666149867193,-0.17630615107808076,0.511167785922724,-0.6345310818589499,-0.21559306220545946,0.1917234768867869,-0.5171463357524586,-0.02828057419245971,0.28392037011827437,-0.637265194874504,-0.12897039277096964,0.3781839225501639,-0.64361393237029,-0.22438364010635975,0.476099765011041,-0.639474463198056,-0.2863870621942702,0.06924462383615287,-0.5697488109900865,-0.0413202987939014,0.1544613426450746,-0.766236852974413,-0.11556723565160928,0.261893633298083,-0.8652468035346192,-0.19568008237411824,0.3807149966985209,-0.9399242072036407,-0.25943549146428413,-0.05981847150501109,-0.5793426828102152,-0.07744219415056121,-0.06632294399699827,-0.8025399107431846,-0.16553267860624973,-0.0021132021512211665,-0.9208510454600181,-0.23427493660062593,0.09434763411143465,-0.9999978723129723,-0.2826848684836824,-0.2030410865476045,-0.5503982938419916,-0.12384715685130568,-0.2934096788240971,-0.7270509222955075,-0.19571185079150294,-0.28830187531677043,-0.8254382499209829,-0.2342218148607776,-0.24094448626838116,-0.8967588225246973,-0.26456208018847743
15,f,0.0,0.0,0.0,0.16523943281624437,-0.16108178324333716,-0.04813231271437842,0.2774155519394663,-0.3349696592231707,-0.07337337571334795,0.31555373843690243,-0.5152896303841835,-0.09150851618196937,0.3406441154965564,-0.685335189299903,-0.10210207359275322,-0.07658558996410088,-0.4437162602028805,-0.03697583183109801,0.03303828516613265,-0.6255825455427705,-0.10879204387741145,0.17612784523381098,-0.6829378977906294,-0.16300164857308044,0.29859152501239,-0.689779657678384,-0.1937461286260071,-0.16177299210261176,-0.5009946330964716,-0.04582634818852276,-0.1094664764306929,-0.7164664963413437,-0.11546873197457809,0.05707770675163187,-0.8309711835979835,-0.1674456965082164,0.20294601510891777,-0.8819182912689645,-0.19633923206771065,-0.2310015879706512,-0.5251932880433808,-0.06517694736781797,-0.2923131592070125,-0.7860005634106286,-0.14105046397164578,-0.17221321191434702,-0.9199795748563774,-0.19809679991641801,-0.04860126313829357,-0.9999974349567943,-0.2309322211685604,-0.2758857497174133,-0.5086901223074267,-0.08554521533052913,-0.45755962489375607,-0.6326618941426049,-0.15415123015984403,-0.5057277549423959,-0.7321015612361209,-0.1966373455104176,-0.5213633549468848,-0.8229155655509255,-0.22160577488894373
15,f,0.0,0.0,0.0,0.2494097537582407,-0.13096405178679071,-0.10769827324455793,0.41190330016255566,-0.2897359440206553,-0.14205972011674126,0.46115913154760124,-0.4978008830109753,-0.17184439311102134,0.38735040036020163,-0.6578625570319703,-0.1977861255180434,0.19197449866698715,-0.5265929998141565,0.007398152729405728,0.246917611197952,-0.6924306048044762,-0.06130810225865689,0.3091277856882353,-0.7377993608634495,-0.12416706984389043,0.3579247445220298,-0.7367508353283988,-0.16011160361199608,0.02910827191595988,-0.5669586875226429,0.01714769546055541,0.06971931190797027,-0.7918037215020756,-0.02117557748297641,0.14370440650642202,-0.8988684830755806,-0.06690409676092829,0.23125497210162718,-0.961947601379442,-0.10205484157812018,-0.1162315044020364,-0.5542992001666726,0.000816842948765554,-0.14544375700195106,-0.798006868551059,-0.0572058207090577,-0.09442739278733496,-0.92547115404222,-0.1153193274071233,-0.012602025886277872,-0.999998036571306,-0.15675571042085362,-0.25796495909211176,-0.49737103376824504,-0.02767029431314424,-0.36040173176597395,-0.6410528535869875,-0.08515271410932963,-0.372076123559548,-0.7467340927680187,-0.1296495055315347,-0.3352413905004043,-0.8276832600283676,-0.16333222536468472
15,f,0.0,0.0,0.0,-0.22379351010481852,-0.10307964271777978,-0.08845966805799971,-0.39128726326276814,-0.23429224862573284,-0.1855694718699852,-0.5051736366392567,-0.32500765666987447,-0.2998285467166449,-0.529583939557074,-0.4007207157638474,-0.4059579856977504,-0.17099777083330145,-0.49676695020603173,-0.08704769723664803,-0.2818254925444601,-0.6498203270176025,-0.27808028650205074,-0.4040474997905744,-0.5735637179055697,-0.4287304788746609,-0.4807228877718597,-0.473418918703112,-0.5044414863624958,-0.02354163613113647,-0.5145884572070409,-0.12677240781888086,-0.05173690115668746,-0.7469638357875712,-0.25000543819595283,-0.10551263825001245,-0.8852974619271196,-0.3510327629939018,-0.16171513231812976,-0.9999985950922724,-0.4224631152093278,0.13685443904872796,-0.47527256578365035,-0.19151935995282418,0.18314420030019582,-0.7067928432997193,-0.30258439806379517,0.17684099633171527,-0.8493449694195943,-0.3801026821464958,0.15122439087420272,-0.9731742635316217,-0.42832534946665385,0.2871951319810748,-0.390693469829081,-0.2659599836112825,0.45817489892377655,-0.537827837323667,-0.32506715421058907,0.5359910636568768,-0.6360883409620538,-0.3497706274585908,0.5682862751366309,-0.734076022853585,-0.3685544005426429
15,f,0.0,0.0,0.0,0.2297251808940082,-0.07957349374703282,-0.08358278297136335,0.405511014186583,-0.22561634055564142,-0.11057427017580093,0.4872715793549468,-0.40401617624126507,-0.13289567667735444,0.5345282659634792,-0.5590456946261931,-0.15616982182024297,0.21742892497041724,-0.4421106537427234,-0.04036662694080022,0.2965547529383577,-0.5553150391440705,-0.09875527703701514,0.3751311729046848,-0.5983479424603121,-0.14306989892945374,0.4420718886680667,-0.6158370441488005,-0.17011563792026727,0.089471724122091,-0.5188020092646963,-0.046233474683766894,0.18462053547322999,-0.7149952073991955,-0.0799773493053609,0.273662108933017,-0.810720987303365,-0.10558119011331855,0.3691130560487563,-0.8914670923618581,-0.12387682429362683,-0.04101113080960132,-0.5428047381903152,-0.06993482044745986,-0.019660203444512307,-0.7734773452361913,-0.1253275766255945,0.041190274393812336,-0.9036642462092086,-0.16633206682336196,0.12205112922479433,-0.9999978393022234,-0.19493108114363125,-0.1808824747027593,-0.5112616226996564,-0.10080280706834427,-0.252674105090794,-0.6667076402588032,-0.1565013211629886,-0.24206818672490946,-0.7594790964749722,-0.1834997789975451,-0.1984524550187707,-0.8330003446458639,-0.2025383245836918
15,f,0.0,0.0,0.0,-0.20584089569005393,-0.07576216878449747,-0.08705401061698805,-0.36919243869484947,-0.20457428950884834,-0.1601187039330726,-0.46844950511162725,-0.3340321676986423,-0.241690763779518,-0.45570684702427733,-0.45335203516633527,-0.3157523119899143,-0.22712972335249984,-0.46068859696039566,-0.04287605227629955,-0.32864581888257705,-0.5974909658555598,-0.17550355951281754,-0.38580623812707876,-0.5971861515764354,-0.286685989043379,-0.39232174619480575,-0.5598289737390302,-0.3495749532078537,-0.07647666841497498,-0.506198677852039,-0.06816711479897644,-0.11203364678034436,-0.7377903212430437,-0.1608450034292021,-0.14379720209187982,-0.8822828738965776,-0.23100122621482713,-0.1637285776977836,-0.9999987450466256,-0.2784774714083977,0.08309611254180467,-0.49063512256362457,-0.11636642901832565,0.16587447022281906,-0.7039122898475113,-0.20712886378352074,0.22209306944561408,-0.8315040688401385,-0.25762267683910983,0.26972293729581076,-0.9402685731267428,-0.28487703784848234,0.23104585752900944,-0.42822658684362735,-0.1734363389922162,0.3479359624865683,-0.5876348054902049,-0.22762042445356248,0.42101786004417396,-0.6894391842673362,-0.23900132942398997,0.4821646516512215,-0.7853184970656405,-0.24466778947238674
15,f,0.0,0.0,0.0,0.23484424413508317,-0.16509584055243548,-0.03654488415468538,0.3511604889489446,-0.33461429135207715,-0.03232745621159113,0.39706829778666297,-0.5214587890863646,-0.034227085613040296,0.37612690235178303,-0.6793597148200046,-0.03250542271190321,0.08609192910498478,-0.4969155828369384,0.11091431858142699,0.1389220453397427,-0.6822254912131067,0.07594797205499847,0.24314132879156133,-0.7206251647532101,0.02206087889205399,0.34022698213448266,-0.7231465446693318,-0.013500634291155906,-0.033316637688614224,-0.5256895686421847,0.09698142796552857,-0.008676926277313512,-0.7662537377587527,0.08477567360449842,0.10452980762809458,-0.8743850753365454,0.027277560770794105,0.22425249366802769,-0.9389292779721491,-0.019797411785907947,-0.14753381097225157,-0.5170146645917789,0.06293126959586241,-0.20182554787754123,-0.7804378058084822,0.039402476962268805,-0.14280438396476694,-0.9139402549490228,-0.024830099102529434,-0.051205256914396605,-0.9999981151479093,-0.07603343209271521,-0.25515768194214317,-0.4620529526773643,0.02299414538699804,-0.38237103348612733,-0.6044539585470087,0.0045240964286239055,-0.3960367935448115,-0.7054422851299709,-0.027221038361481372,-0.36311499565993166,-0.7888885235369781,-0.057478015141404194
15,f,0.0,0.0,0.0,-0.2285413383570993,-0.1139429589153749,-0.11589869501531905,-0.3986316181769417,-0.2560070268392574,-0.20017258470572036,-0.44755134753339243,-0.38507509384232874,-0.3012640928830098,-0.3710894928108167,-0.4981626189511517,-0.3867737259328326,-0.23804666663559648,-0.5011808663240958,-0.0237249889827656,-0.3271843526895369,-0.6659220064716095,-0.19593472607042922,-0.3681884349246662,-0.6309075267053039,-0.3396489035559821,-0.3699308662321737,-0.562461902626294,-0.41925754735475523,-0.0313106079662315,-0.5324805135296075,-0.048851422949830116,-0.10097621416039482,-0.7539330416999842,-0.15259592969171695,-0.131512275437717,-0.8894267516603636,-0.25116630838145226,-0.16190172623894517,-0.9999986173605254,-0.32909933618665443,0.17835341602067506,-0.5141941737092013,-0.10784776903142967,0.1768521214490029,-0.7240728802650932,-0.2110857938545673,0.17418132194970268,-0.8563297869320106,-0.2795374339902129,0.16718761490486456,-0.9686383563241159,-0.3224982386460951,0.3894440695475837,-0.4520671809499456,-0.1823775218390047,0.4953437255645322,-0.6104933158940334,-0.24082163718761015,0.5469180605144077,-0.7187560047869134,-0.2607927407041429,0.5753687340501216,-0.8220078541785528,-0.2759902062949369
15,f,0.0,0.0,0.0,0.19053977884410503,-0.18222681438337168,-0.07341836305952032,0.28738345618670835,-0.3896129347354348,-0.09415221327780467,0.3255213244392705,-0.5701355054699591,-0.11171401577848537,0.3288502767099029,-0.7166424078430368,-0.1251947000579196,0.021326631859997176,-0.5126369832389823,-0.019837365155314955,0.09039905466126562,-0.658267583311018,-0.08730527591790967,0.1903732123851307,-0.7081756299535304,-0.14336310569675453,0.28267287993447365,-0.7326700413798944,-0.17949041759926132,-0.0917962199699951,-0.5353022718820538,-0.028727197110194672,-0.08467746936962507,-0.7624363909362826,-0.07978582190892715,-0.00957711429316883,-0.8944398068658179,-0.13198187187305363,0.06615120181879501,-0.999998466234105,-0.17156415792527963,-0.19045046192290968,-0.5040804770402096,-0.05513036919393136,-0.2936374690618103,-0.7249065999624623,-0.12066620873689353,-0.2944249572492994,-0.8719039454808654,-0.18272845310619998,-0.27030792581341073,-0.9891038130788404,-0.22588338172390113,-0.2733722184250251,-0.42024223933544985,-0.08824768028275097,-0.4158237486136339,-0.5364858810721422,-0.14662071641940552,-0.4679803510327289,-0.6360994800066577,-0.1880008140517414,-0.49175945002317367,-0.7347378606639455,-0.22013967289599723
15,f,0.0,0.0,0.0,0.21274732237697677,-0.0962645751255241,-0.0870967902163512,0.3654104525061622,-0.2823195975313176,-0.11444508239954058,0.4256902267602981,-0.4822781719105024,-0.12777772134322798,0.47815452788822704,-0.6508091542323402,-0.1387731771845155,0.10170923897592446,-0.4437147306430075,-0.08122800920809428,0.20506780095511118,-0.5899469413399022,-0.14745842153009361,0.32064074863265957,-0.6375863030201909,-0.19257350667030615,0.42880432842360283,-0.6488697560579337,-0.21937874078004627,-0.033706196464367566,-0.5126851839457539,-0.0772653451278098,0.04361680649955824,-0.7373005516891415,-0.12581347160108483,0.17784084735061706,-0.8404039013599804,-0.15965584691682455,0.30676977122605104,-0.8901507836688562,-0.18093752144081074,-0.16460884295441305,-0.5188424500959398,-0.08735503115177588,-0.17706753790364557,-0.7844748508560644,-0.15178309908745197,-0.09691633567247553,-0.9192072972391008,-0.20760067928923173,0.007241110826776621,-0.9999977416919711,-0.2438823697426872,-0.27598115217910857,-0.46063169925510217,-0.10115974892822394,-0.3953413643649233,-0.61282169053205,-0.16495690336666136,-0.4150032113482351,-0.7121415446527628,-0.20618743776661475,-0.3988199108198164,-0.7916042389951149,-0.23288273271346296
15,f,0.0,0.0,0.0,0.2277766247579853,-0.16368477611460094,-0.0009040406712050628,0.341298918479372,-0.32643262289329833,0.009908038809834185,0.41234344102653286,-0.48663588023457177,0.008197763107105889,0.4584072427105463,-0.6476843696796587,0.00918096230087338,0.04542286639167216,-0.48925784687051393,0.14366771186453223,0.16127564929304442,-0.64366478177202,0.09704253160280794,0.2940626246578123,-0.6633263979401075,0.024282511048499524,0.4045372371021787,-0.6344664535081718,-0.02258179889364533,-0.05218612371446073,-0.5408998093092418,0.10864750081441424,0.013336537867676817,-0.7620136795717445,0.07147611611472285,0.1802148565303509,-0.8452472466362495,-0.011395099831336691,0.32678071524970914,-0.8571138102997693,-0.06526075953709516,-0.15021270560644273,-0.5515041968107788,0.05677429084088415,-0.1753528024911535,-0.8114672152662278,0.025001547856460443,-0.057528826704453494,-0.9347237006104314,-0.05104434926434519,0.06759167885328426,-0.9999988251819248,-0.10499495320347695,-0.24883775286234847,-0.5135780605616951,0.003232877101584506,-0.37296625472523737,-0.650573130095107,-0.014236883577973073,-0.3896848764142997,-0.752341214646207,-0.04421176757365343,-0.3707301937372896,-0.8371014583460908,-0.06855054654063288
15,f,0.0,0.0,0.0,0.20278628943474636,-0.17796513846660447,-0.05517871789450185,0.3086150009130453,-0.3621383782221142,-0.064305312363527,0.33976796826698646,-0.5391324584330913,-0.07710420285865643,0.3322869293122644,-0.6823991556629078,-0.08875022228253733,0.06727955688530642,-0.5057479638258483,0.02793239143890133,0.13928919209237106,-0.6387086186302108,-0.022070884512510037,0.2342453059158207,-0.6914418143370956,-0.06583195503989188,0.3183952136940108,-0.7184415412016225,-0.09168360803179001,-0.06005566396967822,-0.5327274493459881,0.015391032833493171,-0.034688644426104656,-0.7548938139641764,-0.013589176745490273,0.028276348455022176,-0.872683459702331,-0.042306771327143236,0.09492105581497116,-0.9667993553202715,-0.06227129002808254,-0.17551302104217198,-0.5098588594228047,-0.015981666964610397,-0.23793619361674456,-0.7413303319865042,-0.0614698086953943,-0.2208232704527257,-0.8861247851666268,-0.10025814513433713,-0.17971180455645727,-0.9999986416263723,-0.12673314550764472,-0.28504047386301695,-0.4376768084442507,-0.054318820041912394,-0.4055970708962011,-0.5717319937050019,-0.09686421819691664,-0.4328981104132746,-0.6805442388632726,-0.12221612757690523,-0.4269199912792957,-0.7795751377252921,-0.14090381721356932
15,f,0.0,0.0,0.0,0.16547587734787975,-0.21383654834626145,-0.04502612577910895,0.2341945829448911,-0.40419148456675635,-0.060965396596229314,0.25821959861845606,-0.5728065232263897,-0.08206066615789878,0.2606573169489436,-0.7236218148988629,-0.10067709950861689,-0.04306693275032628,-0.5122434898628478,0.01285900714136617,0.019290307926303114,-0.6565186426965773,-0.05471717852063648,0.1279005666923763,-0.7105210322416167,-0.10827694649339199,0.2266764644925969,-0.7356995069870893,-0.13977858501547605,-0.15186039811449736,-0.525750357456076,-0.011569627474562309,-0.15640179786310643,-0.7501812892389987,-0.0620509194325676,-0.08220347098047845,-0.8851170929024432,-0.10514118469144051,-0.008609846743033204,-0.9896429755424481,-0.13363835803459734,-0.24710589958916573,-0.4890766615526633,-0.05384203138057657,-0.3665817255452581,-0.7207660971599441,-0.12018440408124156,-0.3698160299630927,-0.877095372147272,-0.17642503087999872,-0.3454657405579849,-0.9999985515095811,-0.2128325505619525,-0.31943063251075565,-0.4039612244361592,-0.10057746689117816,-0.48010130814938157,-0.5084397513650157,-0.16150629830152305,-0.5343425483323274,-0.609102754828726,-0.20114140971846406,-0.5535886950074868,-0.7078148065972344,-0.22902136158669062
15,f,0.0,0.0,0.0,-0.24003949503309743,-0.13963437769711834,-0.10349995709033714,-0.39755546932001257,-0.3235551363981362,-0.18434117657547236,-0.41142458738817694,-0.48232540863170215,-0.2823356429939048,-0.28194019531989734,-0.6057489444821663,-0.36811316997891724,-0.155097325865858,-0.49793567511693965,-0.01088147143743453,-0.20751366780996874,-0.6812785017549885,-0.16855795674414742,-0.2738712422304259,-0.7106537036709732,-0.3053164008928371,-0.310090781955072,-0.718578388836484,-0.39030939038189466,0.05653714850840282,-0.5108041862177792,-0.04375901160872501,0.007628327798263418,-0.7443646083947212,-0.14713503040309436,-0.03599807340494154,-0.8822865426506913,-0.2504661194573877,-0.0822535218990624,-0.9999986877668082,-0.3341845141571445,0.26842273276061224,-0.4884230650979445,-0.10824289707868709,0.22356890052963996,-0.7126641469984271,-0.22180095506578146,0.17280168682773658,-0.8381865875599176,-0.2915925088847509,0.11354789001197108,-0.947743469120805,-0.33488180260502226,0.49036225438434194,-0.4261119928081862,-0.1864312820772574,0.47474870286098775,-0.6148920268206233,-0.27231080167427574,0.43369378256646224,-0.7340693380444092,-0.30167507301700297,0.3754046919443169,-0.8436577012205823,-0.3205121659614141
15,f,0.0,0.0,0.0,-0.21483877292791842,-0.10712978192189135,-0.09461576992209644,-0.3611026222960458,-0.248233326547875,-0.18554941195212712,-0.4152355957596949,-0.3697352823633348,-0.2931551882441285,-0.3288627649245153,-0.4647154642108554,-0.3878203389603223,-0.16128065977890155,-0.4971672359449461,-0.009030136153039152,-0.2070743388152784,-0.6351904805288571,-0.17559206184474085,-0.27579692464766875,-0.5926369090192789,-0.32043599879188683,-0.30252336502899574,-0.5169372906010993,-0.40227596221463274,0.001666479816206511,-0.5210058583073578,-0.04604827625111834,-0.023148225820160625,-0.7455850913609406,-0.14333982419246183,-0.06694973746481554,-0.8829601733983188,-0.2296245042944633,-0.09733870368633084,-0.9999986854009857,-0.29573060006466056,0.1629503521996061,-0.487620864144688,-0.11557726009335918,0.260589473584608,-0.6985982431783683,-0.2045525748186824,0.3145857546446756,-0.8184171860178878,-0.25693663773607756,0.3651191614806774,-0.9248252680927239,-0.2942863972194256,0.31115539824662664,-0.41085387747108404,-0.19851060603234294,0.43248489204988644,-0.563466225108389,-0.25061613222194706,0.5010337229926567,-0.6638153350999081,-0.26073840255658365,0.5728772757386926,-0.7634260553722237,-0.2708400260306048
15,f,0.0,0.0,0.0,-0.30756353722522833,-0.0972716039247802,-0.11612930880692529,-0.5301050394270338,-0.2555502501011426,-0.2012953522558148,-0.6293008335524232,-0.4089898692344422,-0.2982140778879298,-0.5249004119465129,-0.5189951870914534,-0.3729766900303834,-0.2538384083265233,-0.49390258370798595,0.005679024684333125,-0.2575536654553467,-0.6989246176944137,-0.17499979288944326,-0.329596689524357,-0.6843884240343386,-0.31770678789136686,-0.3747252834415873,-0.6281253542754773,-0.3890677994701671,-0.07735337628582829,-0.5144596154467683,-0.010392331598128895,-0.09694125809439794,-0.7440298779082912,-0.11910702353090125,-0.13437141055719126,-0.879495861936833,-0.21075763798455435,-0.1710170503002221,-0.9999986885273661,-0.27334189396854663,0.0930867022742018,-0.4954415137512267,-0.06581312355314227,0.0769037432483558,-0.712846122656616,-0.15506294128123235,0.05230673678032218,-0.847938220242489,-0.21153640521957168,0.018019559897788973,-0.9678192055929153,-0.2443404457967807,0.265874221744402,-0.4381803712137755,-0.13835069413008627,0.2611752750913168,-0.6174185848254544,-0.19159623139229043,0.22935834396976557,-0.7331251042016763,-0.21228818431025878,0.19578407621479652,-0.8422118871131345,-0.22237068925450007
15,f,0.0,0.0,0.0,-0.27771324496713096,-0.030437830172334483,-0.12810013664831285,-0.5243624264537975,-0.1198518310356714,-0.24042842921745516,-0.6351237712964349,-0.20077670633198377,-0.36542017709880154,-0.589333580140392,-0.29388944584405746,-0.4732381712316087,-0.4493388762143722,-0.43873019816795145,-0.08979898717354655,-0.5930331937075954,-0.5586540641573688,-0.28839050130975075,-0.632514556115259,-0.4525628257752606,-0.44540518164811743,-0.606594721578626,-0.3393390437399072,-0.5275702330393739,-0.27438022223741254,-0.5036775624048127,-0.11840500888501986,-0.4216214591940339,-0.7131996204261681,-0.2464845940115297,-0.537647146787125,-0.84180326088275,-0.35893074018125565,-0.6192026716466842,-0.9579600612574715,-0.4423949205069881,-0.06422168186303327,-0.5052719971531417,-0.179760874479473,-0.12419200990874248,-0.7369208265191423,-0.3090670119705192,-0.17905081429615552,-0.8795729494675667,-0.41036503036501953,-0.21859646237971853,-0.9999986020289432,-0.47366975601232314,0.17500352479545844,-0.4562200682910123,-0.25307256341352286,0.27807033668983616,-0.6370811722200302,-0.32914274528425597,0.31747658109772875,-0.755584253945337,-0.374309515370097,0.3333001065070669,-0.8685447688478267,-0.40790875926435355
15,f,0.0,0.0,0.0,0.18535265505656906,-0.12330031613795152,-0.054463881743894944,0.30621728147045413,-0.25941481538389466,-0.08569168818148694,0.35828134555259383,-0.42969925960449,-0.10849427503007489,0.40244831021912125,-0.5859588532363772,-0.12390365897449857,-0.01383436123859064,-0.3833261164187584,-0.06138813662121217,0.10597048769949992,-0.543356970190066,-0.1376907794317505,0.2508135076128891,-0.5984218396516663,-0.18855309619817212,0.3717507328262993,-0.6138243349599987,-0.21489823118685283,-0.11417431704310564,-0.4592228814095371,-0.06634661400411619,-0.045144738498312936,-0.6679589498040479,-0.13402608690515566,0.11534645766089238,-0.7839814012868818,-0.174177708905848,0.25535753247407256,-0.8439013979653576,-0.19471972485340006,-0.19982258578554746,-0.49606982461804083,-0.0814529031166874,-0.2926787603399282,-0.7420486646757387,-0.15001988087342674,-0.21828677046657843,-0.9018649394952682,-0.19985159374414707,-0.12088756103464414,-0.9999972318051342,-0.23018995145193258,-0.2663857851137472,-0.4873106144580682,-0.09847783722179262,-0.43315158001781506,-0.6183154781956189,-0.15203407475473912,-0.4362344715399204,-0.7202395728052254,-0.18215518261741173,-0.39447118712675977,-0.7991170135083236,-0.2012216485892755
15,f,0.0,0.0,0.0,-0.22384115986052514,-0.08855514142469527,-0.115323229569454,-0.3963423188272257,-0.22286812303438103,-0.21531601780588192,-0.48241679776284263,-0.34102084911989056,-0.32487062233013947,-0.3827737272789588,-0.4355926968467524,-0.4180082212647118,-0.2021777770014836,-0.4815676521558426,-0.0460502013588427,-0.25131300297950027,-0.6309696224546177,-0.23190429522095082,-0.31706593201531286,-0.5739193518916607,-0.3841776800467856,-0.33256680086629736,-0.4937919274019496,-0.46833253490314825,-0.027292884755973565,-0.5081833332386075,-0.07700910139539495,-0.06666695690393612,-0.7345021203913055,-0.20356880061885568,-0.11331178411189174,-0.8738640140898505,-0.3093033536195787,-0.14094658182836658,-0.999998677346647,-0.384125608681692,0.1453142695935709,-0.4748533235831029,-0.14039982931226366,0.22888341028344888,-0.6806542584906776,-0.25707946002690707,0.28184152589119743,-0.8032763711467977,-0.3251318857728651,0.3392579121536168,-0.9183284662116674,-0.3664510658286459,0.3036476418410823,-0.39857527771429924,-0.216073673906158,0.4260499589394718,-0.5530179611284746,-0.2850033306850277,0.5027028713351797,-0.651533317998457,-0.30164182681253365,0.5840579738459666,-0.7525408080367323,-0.3124682756292176
15,f,0.0,0.0,0.0,0.18463245763447445,-0.11527840902231981,-0.04983977425187492,0.3185539818597426,-0.3166023677824438,-0.057881353919759196,0.3439716259314967,-0.5056315840864847,-0.07521767416170391,0.26304391285656875,-0.6076775800629559,-0.08433230881289167,0.1959242114849095,-0.5115853941421025,0.06170552508881004,0.2265578001037276,-0.6954580017269018,-0.02242608667251374,0.21208658807663186,-0.651532888566465,-0.0949285117881302,0.18245568895405878,-0.5607210304916737,-0.12429049286305831,0.09060820196001584,-0.5454701524169533,0.05736531211716602,0.1007444587979424,-0.7583546148261181,0.03070220686957106,0.09645575340021384,-0.8875695030403,-0.004566809275484769,0.08856741589194428,-0.9999987454442345,-0.02839495501713939,0.002645136616856162,-0.5326548848222795,0.029124407105478003,0.0005901428521415418,-0.7265665199946889,0.0018431842438367063,0.0023120782966029397,-0.8463017152048921,-0.010840649450581257,-0.0027079122028131845,-0.9454325161622632,-0.015523918707953376,-0.08600674029276346,-0.48613544625482313,-0.010091379227641533,-0.07596006672103883,-0.635872940994451,-0.021694857653839248,-0.07422003515769525,-0.7366815961480148,-0.015715438692380814,-0.07479899879589923,-0.831386643518065,-0.008333817049130821
15,f,0.0,0.0,0.0,0.20838820011763157,-0.17339183945653638,-0.0758087248796679,0.3198173747161436,-0.3487083164274265,-0.1097156392893771,0.36273663292329894,-0.5370905271987902,-0.14190618818604794,0.38210204420492927,-0.7176605625081958,-0.17098074841910366,0.03623053578686563,-0.4947886204927421,-0.027432985205710678,0.10681764598485476,-0.6601329835624647,-0.11280242153912119,0.22654899735434825,-0.6979050505345447,-0.18290466897534535,0.3391887246077675,-0.7006987046446211,-0.22460400472071476,-0.09571191742047427,-0.5366641350012534,-0.04081484276343809,-0.07456281163500374,-0.7695588670564862,-0.10711601276470102,0.05555332104565341,-0.8624145110237299,-0.15779866735117312,0.19387344547873203,-0.9066631600702189,-0.18960381695540152,-0.2198383680616379,-0.5328797887751421,-0.07333187911660846,-0.30190157813393853,-0.7841147960580077,-0.14869080266159462,-0.23444510517088196,-0.9171895442374509,-0.2006366490821112,-0.12320768169060611,-0.99999778592572,-0.23319303285052356,-0.3281803232627257,-0.471591222135941,-0.11300793043717573,-0.47999263967837025,-0.5917120143519004,-0.1757732726684532,-0.4974324236773146,-0.6868498661396649,-0.20903432200101674,-0.4620347449497665,-0.7646992365142096,-0.23162545426203193
15,f,0.0,0.0,0.0,-0.2815078340814531,-0.0778166936283799,-0.0813772634264928,-0.44436406730203604,-0.23654186403228553,-0.13070729287076244,-0.50639800805954,-0.38203833159540823,-0.1962373910817154,-0.5341848766569911,-0.50321167168322,-0.2516700467234278,-0.35879320302998463,-0.4623909244107806,0.013880460934954162,-0.4368274381584411,-0.6416966949625199,-0.15338256938535924,-0.4637640184230826,-0.6448438132381029,-0.2932389310721581,-0.446399149040184,-0.6150679115530758,-0.3674460052907738,-0.18967193577747332,-0.4982015017532504,-0.025021152463273258,-0.24234215205831738,-0.7261694140400589,-0.12873175779388518,-0.27882795611367256,-0.8731316485247594,-0.22551283986971507,-0.30404342968931525,-0.9999987123864047,-0.29067492302137904,-0.017836484312505424,-0.4889745801426643,-0.0955521413214322,-0.06196007104721172,-0.70754070106834,-0.18833895385318983,-0.10306655019644954,-0.8423979349078375,-0.25594044508196045,-0.1371093198434655,-0.9566465556704036,-0.2944897467302541,0.16490804596843872,-0.4426230829455403,-0.17956163975462475,0.12297714247846264,-0.6224877306197202,-0.23549777982952724,0.07894634377465864,-0.733831525756462,-0.25550756857964724,0.04476611890568569,-0.8297230054640568,-0.2656723860807557
15,f,0.0,0.0,0.0,-0.28950353952736463,-0.11961266982976415,-0.08870770121633595,-0.448337967657894,-0.303829465679384,-0.13111975338205542,-0.4806470376568871,-0.4697491732557559,-0.19668748719284332,-0.40753376503890676,-0.5958383365316844,-0.24409573786061523,-0.22730206699826533,-0.5100505559052302,0.08027143296063996,-0.30215964929639344,-0.6856262075750051,-0.09046927392540974,-0.3841121799023702,-0.6382431468371967,-0.2421264999169547,-0.41423185940740764,-0.5524945896914317,-0.322511754965954,-0.058747614097797794,-0.5350480481132073,0.050128192944185544,-0.11090889334542556,-0.7576351160840015,-0.0389646625849306,-0.1674991377149401,-0.8905931250485566,-0.1329803536363122,-0.22507235695829192,-0.9999986865053736,-0.20223582860419742,0.1157098160656239,-0.5192474834970755,-0.022777986937616367,0.0656967465717472,-0.7377037161153727,-0.11217985215245359,0.012316799259434533,-0.8662813782844041,-0.17660099398021215,-0.04112397967861758,-0.9740031876704808,-0.21270248916148513,0.2944416661395943,-0.46457488371039485,-0.11248195515865961,0.2812232748569739,-0.6486991403301254,-0.16279941765237538,0.24320985029065212,-0.7630930516783381,-0.1800999672433442,0.2017291796379433,-0.8644171668863414,-0.19132273672403619
15,f,0.0,0.0,0.0,0.2127343412925753,-0.18468571884946156,-0.052736948443256874,0.335487059233437,-0.3616057577705956,-0.04687652174491093,0.34042760260504595,-0.561981978236427,-0.04164934529035142,0.2898371391929822,-0.7117012705811596,-0.03278666558091384,0.04245291601283638,-0.49839373557694444,0.08177291845397272,0.06510791443699439,-0.6807418545435204,0.04323995911327082,0.14437648291437055,-0.7422435432850581,-0.01054498047773925,0.23040506617319143,-0.7784700943023654,-0.04747499796850876,-0.1107940294062067,-0.5159252194682835,0.07340730919158459,-0.10177691947665732,-0.7519379234473722,0.053109010398638905,-0.02316179183055063,-0.8825104204983342,-0.006254971213319631,0.07168006336935442,-0.97435469799962,-0.05350762429455101,-0.2400709798612869,-0.4856590458027895,0.045095899167962354,-0.3144945479862921,-0.731467565910016,0.008690797705693825,-0.29457777320718326,-0.8849572492053704,-0.0600418917239599,-0.2318019199273215,-0.999997838967481,-0.11202542114238227,-0.35089798400685984,-0.40219212320469633,0.010776133989525117,-0.48259658128793687,-0.5252492134468176,-0.02221784298940988,-0.5242222950499527,-0.6253701827309261,-0.05890901702041309,-0.5165784670881896,-0.7202873259587983,-0.09041694401800836
15,f,0.0,0.0,0.0,0.21634007916407091,-0.09849615326419729,-0.04961022506231538,0.3675203576757203,-0.23126986570272492,-0.0793879974875443,0.4832095007431701,-0.37164824585962647,-0.10794510602343584,0.5893305406712009,-0.5114565396630255,-0.13203854353526792,0.11993775886772352,-0.49624808331086295,-0.011983969435437582,0.29513873064177965,-0.5990047200172341,-0.09601049802352613,0.4441800498435388,-0.5786326673257017,-0.1666038380828917,0.5549675637780086,-0.514921744583788,-0.20559962736861467,0.03346704318677555,-0.5708117447993686,-0.03416509578913257,0.16050692641833336,-0.7801609037996331,-0.11012681997841249,0.3561379704665451,-0.8135385733869133,-0.1721480231048667,0.5160071210183156,-0.7795081834951217,-0.2046497581600434,-0.06506691071458537,-0.5970521266394064,-0.07106484294912879,-0.044775001234403776,-0.8613667818998156,-0.14667881821719594,0.1095377486825098,-0.9628374643721361,-0.21298820510738897,0.263524358218314,-0.9999975419013387,-0.25167446504781044,-0.1595887225690915,-0.5630911844298457,-0.11078144496619174,-0.2631475239594581,-0.7435284235356483,-0.17159066516358745,-0.23147000395995557,-0.8433146334286272,-0.21130318310018165,-0.16425944548435895,-0.9093976194096067,-0.2357168638006974
15,f,0.0,0.0,0.0,-0.27842698291845447,-0.07672243447175395,-0.14804472932840113,-0.5250435074481491,-0.18627237117785608,-0.27487262762000286,-0.6935176904140452,-0.283486657421503,-0.4043022521876732,-0.6535479859111777,-0.3847692772191743,-0.5198807835114604,-0.29572131527191964,-0.4786497791496851,-0.1259319836990607,-0.42410396200523376,-0.6318987524784556,-0.3319293409583565,-0.5699862479211847,-0.5608464956175278,-0.4957279297817096,-0.6371259703241853,-0.46596330392058677,-0.5868715872860595,-0.1278980087328658,-0.5164679139526185,-0.14187898998608697,-0.19112049107072193,-0.7414218395433776,-0.2852926807444427,-0.27243069486460486,-0.8764111983524833,-0.3926525131772232,-0.3298240766050323,-0.9999986731598539,-0.46897884624146324,0.04131436142235546,-0.49180214903619873,-0.18954729526798356,0.07892505407855645,-0.7030308860333216,-0.30680236722027976,0.09388374444976968,-0.8308557799111916,-0.36821206380637744,0.11580768253238682,-0.9521874894302484,-0.40676304750473413,0.18694080466019763,-0.4197120882978421,-0.252907367188294,0.25791939306528067,-0.5788573456413685,-0.3204192082191682,0.30089194720229007,-0.6830718750786644,-0.3322168970565338,0.3472373540552133,-0.7845353641823125,-0.33958825053365277
15,f,0.0,0.0,0.0,-0.05958309663438223,-0.07451642329925359,-0.19276348451070777,-0.03996610619225127,-0.16941816634737422,-0.2829273034955683,0.09210416132678267,-0.24613178838874922,-0.3451295674483738,0.24237278936735931,-0.3016572944363203,-0.3982984994487345,0.10584769294193207,-0.5135197124053114,-0.18975497564136845,0.23024838102949408,-0.750562605760206,-0.2714022724702878,0.3159224013364446,-0.8918293289305832,-0.3277409514139517,0.39583212335808937,-0.9999984661557902,-0.37118483566763094,0.2572518100341106,-0.5016004600603443,-0.15474492031922027,0.4291967595061364,-0.7243486707737141,-0.24612808723914342,0.5481507571155797,-0.8536604404336935,-0.31207277956997304,0.648615482274157,-0.9623076807181076,-0.354453194216527,0.35612474776294223,-0.44229730444657434,-0.1366627714338062,0.5783792675843112,-0.5831168716627338,-0.24865112196998537,0.754620333483376,-0.6683315765916451,-0.329625593538105,0.9052050151190724,-0.7474916198513627,-0.3765782943824408,0.4127665437718707,-0.3577239405560678,-0.12877097396078438,0.5806237326581297,-0.4493847857466816,-0.22839813880744633,0.6638708965339393,-0.4688807304960331,-0.26012858953479123,0.7279620309819638,-0.47489479980299565,-0.27272250705337314
15,f,0.0,0.0,0.0,0.20726154223241888,0.014952928995363353,-0.13914916651449216,0.4094407914410849,-0.04438734102355302,-0.23534817694094148,0.5883923554484995,-0.10817626661955868,-0.3130694301841205,0.7570769522329619,-0.15472346343715268,-0.39357474335093645,0.3005343113176116,-0.33993769450138867,-0.24480361502707507,0.5244509135653597,-0.4792098683417349,-0.37589582760297435,0.6922765287695726,-0.5383645504910705,-0.457759736329275,0.8382506236101936,-0.5672953245376394,-0.5085933532616635,0.15804275965622414,-0.44823393356365265,-0.24591861551319286,0.30220108389038713,-0.6864817894218365,-0.3598990547975552,0.48423481383422395,-0.803868139927436,-0.4211152355678707,0.647196971379384,-0.8724337982349084,-0.45756179059444485,0.00019631854260870925,-0.4589443766342004,-0.2581146850819182,0.020164429877132455,-0.7188140109055757,-0.38204657022186134,0.13285417589362927,-0.882266788894585,-0.46284436019593966,0.2611624165022278,-0.999997048675095,-0.5119098348779736,-0.13730265555804597,-0.38939624605032147,-0.27521832241234795,-0.24195653477802984,-0.5330356279003485,-0.39043092002277197,-0.25323631921341005,-0.6422529457162857,-0.449675713438641,-0.23068800875369525,-0.7366869143532347,-0.48539821190484106
15,f,0.0,0.0,0.0,0.167132125156495,-0.1607098090737326,-0.09259562552960317,0.2643328740046317,-0.31673080881213844,-0.13875643111214975,0.30145096050296943,-0.4941907745522039,-0.17991066607264017,0.28589529313093487,-0.6596360894498599,-0.21420410262777823,-0.04277788448966742,-0.5038080712687502,-0.06322705508315062,0.0028950675596031016,-0.6938842350003946,-0.15410503340360754,0.12349637913061894,-0.7163204636037295,-0.22329805734021535,0.23766183607918098,-0.7062067155207027,-0.26422992465460915,-0.14981312035634883,-0.5208536664071622,-0.06619460546012697,-0.1489920882374363,-0.7520179213015676,-0.14046175647135065,-0.03490086379040253,-0.8704406753161398,-0.1935570264646785,0.07667815841016552,-0.9501055732622934,-0.22846478859998734,-0.23978210907491931,-0.49375834441578953,-0.0874861534008883,-0.35131294325285695,-0.7332775993005987,-0.1636294104181828,-0.31831309695522436,-0.8856280485152134,-0.2187782502842567,-0.2545427888069392,-0.9999980750931802,-0.25482663438856623,-0.31185257465451927,-0.415587389904566,-0.11784467219558109,-0.46273305971213186,-0.5267788427231208,-0.1821390752858289,-0.49572671040685484,-0.6346933952694201,-0.22091756902227278,-0.48904320376809685,-0.7369924369118549,-0.24817525309822855
15,f,0.0,0.0,0.0,-0.24076107365298285,-0.09853813237919597,-0.07378955916229023,-0.39377493095952804,-0.2599234257590689,-0.12669277000844248,-0.420972329248704,-0.4033593666825207,-0.19938023070174152,-0.3910581369064168,-0.5269902773628966,-0.25628901754664485,-0.2434265178436771,-0.48350821189060716,0.010235990012168029,-0.2736412437067558,-0.6677834710567851,-0.14496801903486223,-0.3699570055513789,-0.639895988566413,-0.27131468751524807,-0.42864724226661405,-0.5760060148817149,-0.33742815853400787,-0.1090782952828632,-0.5095500773040457,-0.031300445496643764,-0.13695024403742576,-0.74637242334402,-0.13540757810455462,-0.19220627761075076,-0.8882187318886843,-0.22987279312448072,-0.24042661541901147,-0.9999986496743991,-0.2939823317381342,0.038556663935503915,-0.4945659781880104,-0.10210368113945413,0.015021927384586966,-0.7311986597283208,-0.20221515760839903,-0.017564469945327114,-0.8635914425048845,-0.2691534860957801,-0.04557654426488648,-0.9692816126963606,-0.30623148728072125,0.2013070748960262,-0.44239661059998664,-0.1841155585130016,0.19360073222094715,-0.629880391067609,-0.248017323349493,0.1665317890734914,-0.7491858404532935,-0.27119120236413014,0.14100929773869983,-0.8488825239211434,-0.2833421653798383
15,f,0.0,0.0,0.0,0.2530945758143902,-0.13584902144262112,-0.08152958468625757,0.4092091078497759,-0.2983778522126912,-0.0913477748368354,0.44345755605733866,-0.5084337709502164,-0.09556865331778945,0.3791885593545394,-0.6601823397678853,-0.09579616762153624,0.17217681042781308,-0.49540969742866103,0.03495643400149126,0.22038396368172125,-0.6827266438170834,-0.01568426717244778,0.2884232994966239,-0.7265103591716878,-0.07099564057870072,0.36137538468920555,-0.7356620061196834,-0.10675464768795014,0.016750856145234444,-0.5420081809460439,0.03910313130895384,0.055110266388640694,-0.7762322343582733,0.009183278067515219,0.1374653337584277,-0.8867137332573548,-0.04723609652213765,0.2338904517198615,-0.9510344882409778,-0.09259136384255069,-0.12890179260634618,-0.536129359839377,0.02193149835971208,-0.1625574749086772,-0.7842369973357479,-0.026142067035463,-0.1148162083169732,-0.9174109296255446,-0.09506588965718325,-0.030345575586459516,-0.9999979151023838,-0.1456094042512983,-0.26924850302340225,-0.48029174358840476,-0.00317721918772347,-0.36600852750781293,-0.6293851685211297,-0.04625956673115564,-0.38136650804533445,-0.7324941259401929,-0.08756289618366035,-0.3475069614940448,-0.8169980629186315,-0.1215952706558517
15,f,0.0,0.0,0.0,-0.22697298122614837,-0.06442735598599683,-0.07573380779161354,-0.4121391608696064,-0.203838633453421,-0.12587170221548152,-0.4949392710897497,-0.3414352111464837,-0.188053116324046,-0.46630921457658037,-0.4581450093747753,-0.24033873208931436,-0.31761145517678546,-0.45621717350640617,-0.011927166866441269,-0.4170216259644432,-0.6308566187703852,-0.13217018334386574,-0.46736076141387267,-0.6232542858110507,-0.2249154104377663,-0.47684792900528455,-0.583783990517651,-0.27438115269583224,-0.18631884285649566,-0.5003151793379393,-0.036568815325530475,-0.27328547138863846,-0.7363541223188326,-0.11897691612036358,-0.3430084851606308,-0.8819222723692047,-0.18906519246935452,-0.40382651413071263,-0.9999986689279897,-0.23734048675647879,-0.04218468883076814,-0.5024520710321925,-0.08550357760382178,-0.12160940034718568,-0.7311174127220711,-0.16885072384653413,-0.1804935240862114,-0.8727297267168517,-0.22948460914607458,-0.2341144393116463,-0.9908912926984398,-0.2632315945982717,0.11676001922934837,-0.4666956703366868,-0.1439102943977704,0.08526082026481197,-0.6583752678691733,-0.203386488433812,0.04990412478782742,-0.7820959337126006,-0.23239034628423064,0.011107092393270455,-0.8930532851918884,-0.24895441060314688
15,f,0.0,0.0,0.0,-0.2296722360605682,0.0056807549286002805,-0.0685891928598401,-0.4346768959322293,-0.11938084723685857,-0.11675722976262275,-0.5239060528545866,-0.26215594201350245,-0.16853118507822543,-0.5329369156951989,-0.39551027910266306,-0.21511666018517497,-0.3960056274225156,-0.3709903284971381,-0.05865000005774298,-0.4809483303182758,-0.5430315688608144,-0.1791893392921625,-0.5132749231228368,-0.5545251623245168,-0.26701032351822634,-0.5165457437557791,-0.526015563056847,-0.3117937412013796,-0.2875587232997873,-0.4362430632621518,-0.08583138082137612,-0.4095343847662378,-0.6901354521533187,-0.17772486752439387,-0.5057641352120559,-0.8579856940648193,-0.2494824067503878,-0.5891144581900208,-0.9960817723152471,-0.29327512779383597,-0.16402956005472275,-0.4595707818620974,-0.12976585281291547,-0.2637406205337987,-0.7037013246657102,-0.21191113905211023,-0.33287202960663603,-0.8660639497075734,-0.268556703823852,-0.3912207862716312,-0.9999984432769958,-0.2974258330910251,-0.023588452659847357,-0.45105674774520493,-0.18063815309814873,-0.1017369455669285,-0.652990452167208,-0.24052166838158,-0.16539813550544208,-0.7873088557625535,-0.2660650465661803,-0.22225722848193435,-0.9001348858486499,-0.2767493901710096
15,f,0.0,0.0,0.0,0.2411111647824464,-0.13418801242126607,-0.08447316717774386,0.3743544569988747,-0.30912745740885733,-0.1000440831098455,0.46377114438172595,-0.5020977571940535,-0.10751149379995656,0.5171635623443527,-0.6765212629281804,-0.10699575349479043,0.09343559458717815,-0.4893050405622858,0.02904536995583136,0.21450885939790756,-0.65841806673984,-0.03428527340271401,0.34377424670690565,-0.6824171431154924,-0.1007684917586915,0.4655698643673991,-0.6725313074381132,-0.14330912321355924,-0.021130052440302634,-0.5541582826159889,0.03169776998400337,0.05608992951742714,-0.8108145853153206,-0.02383429903139935,0.21414438611551165,-0.8839053479742076,-0.09699203621383322,0.36754413464297286,-0.8850921977317454,-0.14536065911766702,-0.1323194900040923,-0.5689257790036534,0.014437800762991296,-0.15421695234684862,-0.8317872601779782,-0.038682158689396666,-0.04308394030993435,-0.9450085093431633,-0.11187267734083163,0.08735732617901228,-0.9999987284576866,-0.1615085061672397,-0.24559030571672738,-0.5312373165422872,-0.010824842439279905,-0.35568321605038516,-0.6814313069290161,-0.0459884662581347,-0.36800550522034553,-0.7865283981241065,-0.08202290098902704,-0.34198140043289516,-0.8705923341738709,-0.11045522755816388
15,f,0.0,0.0,0.0,0.15605717767521518,-0.15449573187257903,-0.004149941058807277,0.2058784759489554,-0.331881731534267,0.011051717228901817,0.23527567935873334,-0.4807193690604518,0.01983390994311738,0.25482737934199695,-0.5959395821480749,0.0305669999666936,-0.06289369375099892,-0.46682614718906384,0.048909808701721944,0.021645236625925553,-0.6149257557237415,0.007054805735970377,0.12860940696981593,-0.6648044269369581,-0.03082471064411864,0.22280915363530857,-0.6813013536879061,-0.053628667177915944,-0.1669039252428239,-0.5000554408138276,0.018012038786054046,-0.14919401174639324,-0.7205571085505676,-0.021660566339989806,-0.05806131880862243,-0.8621006594829511,-0.05941402175575924,0.03449571971353772,-0.958045435763267,-0.08024809808061947,-0.26305463967462106,-0.47290475256175324,-0.024821898954014977,-0.3697288751972785,-0.7063890626237787,-0.08397548627886241,-0.3520643419690289,-0.8711216907432625,-0.13824223994098178,-0.3005087115432608,-0.9999983903709061,-0.16927164591403762,-0.3410230253023267,-0.38617351390137944,-0.06628411944858979,-0.4982210418125125,-0.513390139997655,-0.11860865399811452,-0.537603343342681,-0.6191959622064839,-0.1494487316694329,-0.5376823030904887,-0.7188889279734042,-0.16865711745152856
15,f,0.0,0.0,0.0,-0.2620639192151022,-0.059196464458302046,-0.07325987505676204,-0.4637233905143234,-0.17004668136533987,-0.1297592553316909,-0.5599716299870331,-0.2866260947847912,-0.20049889320840159,-0.5548927400276779,-0.40708920139554355,-0.2612755899305465,-0.42514265659505834,-0.4425061369637814,-0.0005434402914575533,-0.5527260924581051,-0.588066096887717,-0.1339639450704181,-0.5994092409056393,-0.5559885128996253,-0.24671980071960067,-0.6060667595176098,-0.5023935890599663,-0.3082969315459073,-0.28451502500434095,-0.5134059249617676,-0.03188297329789919,-0.41074146816653495,-0.7233313791344659,-0.11359103503146525,-0.5090072615649527,-0.8521979149810126,-0.19249290635526145,-0.5964801183976722,-0.9631389047235877,-0.25149208443228205,-0.11654042034644509,-0.5334797615067864,-0.08897035930219309,-0.19234118185812182,-0.7478535488240575,-0.17038835994242454,-0.25618997568925655,-0.8832028096587743,-0.22968261303538423,-0.31180169384930523,-0.9999985839930555,-0.2683050619467127,0.06862443246730526,-0.5116106399922541,-0.15618361388927335,0.0804462544366447,-0.6928506121263333,-0.2072956938955421,0.08323746637904428,-0.8153786213943012,-0.22875410103449756,0.08071633632759685,-0.9281411868904621,-0.24384617160016522
15,f,0.0,0.0,0.0,-0.2715397865627605,-0.09632320942259834,-0.07021099858354762,-0.4622680852203214,-0.2438465838537361,-0.1360922250282284,-0.5486074136662694,-0.37865099704067046,-0.21902126314057246,-0.5084776897406706,-0.490877488018971,-0.29047239013011605,-0.30205066954741805,-0.4867035676106668,0.004933353767277312,-0.3637687155848452,-0.6719312657301441,-0.16070355743577586,-0.4390488029489481,-0.658862144451687,-0.30164481122303266,-0.4847114074157883,-0.6090990595837268,-0.3780082186931089,-0.16926329655779607,-0.5183001307015286,-0.037397092873602114,-0.24039382351597768,-0.7478076731525806,-0.15219939660387571,-0.30775947010586846,-0.8837916064548988,-0.2549317666534356,-0.3627214754824013,-0.9999986578225887,-0.32322087333366173,-0.021661042118942056,-0.5082598897193649,-0.10741638222307945,-0.07835800766519344,-0.732886031692905,-0.20177002145300907,-0.12447353217633948,-0.8698862450946385,-0.26634222776963795,-0.16433785607597606,-0.9845994563161969,-0.3023469712917199,0.14462369414748313,-0.4591693249171923,-0.18936908023991528,0.10024688980642343,-0.6452550231206015,-0.2404158252334467,0.04903744479697623,-0.7632202346602793,-0.25527916668741923,0.00411112040216098,-0.863849604504118,-0.26137590728381893
15,f,0.0,0.0,0.0,0.2278926509045609,-0.18983400293988312,-0.051010139142231986,0.3519461607270086,-0.3846392131039344,-0.057824205240307715,0.38198443943987975,-0.583994328711211,-0.06515602354478994,0.3834775787470701,-0.7463233744664816,-0.06798545140359834,0.08331531076186101,-0.545782146108457,0.017087579184944687,0.13846406418889032,-0.7220513167826198,-0.05368628868122466,0.24747946710362084,-0.7549919298795378,-0.11465880658675946,0.3605868201693737,-0.7475230293653291,-0.1509964376306803,-0.04047325141858636,-0.5764706188089523,0.00043036998329042727,-0.04386938293160473,-0.8224321691735286,-0.05364378790964532,0.07318185376998625,-0.9230336688670705,-0.10974370102187167,0.2019367531276511,-0.9681822080780069,-0.1495248290573771,-0.15431786124113403,-0.5585161227325676,-0.03337344833914267,-0.2504095692992285,-0.8116759442479098,-0.09704779833938203,-0.1863086870235418,-0.9328599284236625,-0.15721625654146323,-0.08767639508647285,-0.9999985665643926,-0.19733127115113247,-0.25799637621329546,-0.491408328222525,-0.07231020261477561,-0.4040090558954291,-0.6339249549897314,-0.12264686905780778,-0.4070663346679853,-0.7236910701348512,-0.15825292506637628,-0.3670481763210257,-0.7913740855413037,-0.18494317465979448
15,f,0.0,0.0,0.0,-0.2426681413551039,-0.08111422131057365,-0.04835335556721811,-0.39352276743057013,-0.2300985567833924,-0.08551187170516812,-0.4349319337660366,-0.3659994594477347,-0.1392034054029215,-0.44216640773621135,-0.49428192119698794,-0.18536299073958346,-0.26127939935742905,-0.4585044420818004,0.01799605483250463,-0.32755820965220356,-0.6312327549798558,-0.09987338265803272,-0.3869923188735057,-0.6167894392414742,-0.1972935335511602,-0.41286093059675544,-0.5654486117774206,-0.2491367048660284,-0.1517945451593713,-0.49552577110523327,-0.021876047589718322,-0.21318160453396232,-0.7302015682500995,-0.10631245198501124,-0.29089461327301325,-0.8797477478277975,-0.18361015239125505,-0.35805919677538817,-0.9999985569228558,-0.23383722627416528,-0.03247040897673134,-0.49182544449900184,-0.08408247325436399,-0.08726577775465691,-0.7210579253038227,-0.16546918723552206,-0.14274728101277562,-0.8702234494794779,-0.22629415521469476,-0.19089487800046848,-0.9915295655743469,-0.2595069088863373,0.09970711530242858,-0.4529339969011225,-0.15380346033605446,0.07151143509549014,-0.6359967319536525,-0.20274654798104408,0.03674883635284848,-0.7587575615242975,-0.22308191562210952,0.005670565593733501,-0.8673941016555501,-0.23492653034722355
15,f,0.0,0.0,0.0,0.18745859511426316,-0.1707905735270951,-0.05280283182233161,0.287504100466634,-0.3294971971702445,-0.06327906009888373,0.3285967347549461,-0.5104772332304752,-0.07641315629370063,0.3249362394667595,-0.6733269798531349,-0.0851335351128139,-0.021761953699489623,-0.4876366671921799,0.046966408212367715,0.030588304982159184,-0.6656351817065076,-0.021313150007996124,0.15003358702895025,-0.7118595542503287,-0.09306406522215359,0.2558491089859591,-0.7180773431264736,-0.1369142657630363,-0.12374030580648988,-0.5148241405427759,0.034703159620685785,-0.10367169848137285,-0.7450264840914803,-0.01660483095096637,0.02169273464708479,-0.8589528069137589,-0.07742556177687575,0.1438840336307532,-0.9241609656301322,-0.11905816307367899,-0.22075959844857196,-0.5032014870791196,0.0026373915713124286,-0.28485103131593437,-0.7476774631464591,-0.057603266853547205,-0.21563665088977163,-0.8969731234391148,-0.11935316625317209,-0.11710535841380922,-0.9999979372948606,-0.16053079520607683,-0.3161483705347164,-0.4433814721844903,-0.03534562620656593,-0.4726128132565391,-0.5661496375871347,-0.08903300057315175,-0.48611833559773326,-0.6727233725036118,-0.1265980450717668,-0.44788323100035027,-0.76294813279738,-0.1529835210312113
15,f,0.0,0.0,0.0,0.21998725529374835,-0.15242926525407177,-0.05850708656274193,0.3501830300066686,-0.3259036765877694,-0.06633475550504793,0.38963054126779845,-0.5126889271059345,-0.07612115530817093,0.35923914337961704,-0.6579183159701256,-0.08559948063710772,0.12527739987289493,-0.4840621566746944,0.02684791045522474,0.18225353277887557,-0.6202913880299881,-0.015855036011075827,0.25452146726534675,-0.6695040920297799,-0.05535405682921543,0.3237230204018246,-0.6975062785301671,-0.08178430997921746,-0.009247153765306874,-0.520831940624466,0.014987262914228023,0.024734738465666435,-0.7405257292527753,-0.011843485492108348,0.08177410773845561,-0.8600051447439128,-0.04706225583611488,0.14496288086039152,-0.9536819592277775,-0.07408193328900997,-0.13212564878102173,-0.502992379107558,-0.014738160084833885,-0.18037054514853276,-0.7392546782799237,-0.06211466928557766,-0.16567150130112648,-0.8858364933363595,-0.11139110368629379,-0.12807302972605272,-0.9999986040392302,-0.14667352252556853,-0.25329243519412453,-0.4333125593442177,-0.05064440880289028,-0.3603574702060514,-0.574595291670717,-0.09773123719962891,-0.3866108799440723,-0.6827364265930843,-0.1306923925432739,-0.3806092911023405,-0.7823930716161541,-0.1562073928901864
