gesture_id,label,f0,f1,f2,f3,f4,f5,f6,f7,f8,f9,f10,f11,f12,f13,f14,f15,f16,f17,f18,f19,f20,f21,f22,f23,f24,f25,f26,f27,f28,f29,f30,f31,f32,f33,f34,f35,f36,f37,f38,f39,f40,f41,f42,f43,f44,f45,f46,f47,f48,f49,f50,f51,f52,f53,f54,f55,f56,f57,f58,f59,f60,f61,f62
19,j,0.0,0.0,0.0,0.16413314403605772,-0.31966334773894306,-0.0890105313976293,0.12167136331286825,-0.6589396236330317,-0.12408849530601962,-0.19067316010061666,-0.8052005819525306,-0.16120313228184324,-0.4456259652976957,-0.7563120411893579,-0.17418227034969794,-0.1770909674051643,-0.8176699960263591,-0.009831634997998221,-0.3528377845031819,-0.9999978840159476,-0.12914751225285281,-0.229727300657384,-0.8114957331869302,-0.2029726897856309,-0.11429401815771119,-0.6997491998970495,-0.23535512468521894,-0.36267344593436524,-0.7155887327001549,-0.028103986644645373,-0.5524428438896911,-0.8883334564591142,-0.15815533530989245,-0.37210292992579574,-0.6977512937262298,-0.20688179292378328,-0.24974457747635437,-0.6042128103112876,-0.21357679970873605,-0.5252155864436034,-0.5841191032707708,-0.07080932366711142,-0.7360508434983236,-0.7708029463373547,-0.19961366983440046,-0.5448212625562756,-0.6201686280389239,-0.20572291653652383,-0.39393239756702625,-0.514419786119553,-0.17707295024493017,-0.6682937809745966,-0.4184785433800551,-0.12234199064672835,-0.8770340175505914,-0.5864994127942782,-0.18268748152788553,-0.9322027640345446,-0.6541042770179208,-0.18324762298241196,-0.9935445121331486,-0.7122935307226909,-0.17325711467911042
19,j,0.0,0.0,0.0,0.1433807305624569,-0.2917194609626916,-0.14028601379007036,0.07515798675615311,-0.6299845169920096,-0.1790063162871827,-0.27439225879560136,-0.7457309239943309,-0.21292947075763005,-0.5219035621181434,-0.6574788317586563,-0.2147396472628979,-0.14610392504787933,-0.8231323933647474,0.0021283288677979755,-0.37041419413829346,-0.9674576262968495,-0.13759428903660154,-0.26865541607142934,-0.7700359932288863,-0.20891735109797616,-0.1467908358621668,-0.6585913388174737,-0.22729123332518616,-0.33477908331806094,-0.6986899041768739,0.010925496757317701,-0.5518340767956189,-0.8184572253610531,-0.1641861245922014,-0.379461412280381,-0.5966686389372917,-0.22195838163599604,-0.2547776014032273,-0.5039577825742915,-0.2093700051558207,-0.48851577418687,-0.5487556715583732,-0.014368969966638724,-0.7005287215094531,-0.6618875843697146,-0.19786518709887424,-0.5047519865594688,-0.46463442503210767,-0.20770218264996304,-0.3489029687175334,-0.3482955603839709,-0.1523057804371403,-0.6176431639830102,-0.37623059797333847,-0.05112862443185942,-0.8176499468528657,-0.547649906966579,-0.14126115041205986,-0.9084970094402272,-0.6055280647152479,-0.1469830717635589,-0.9999980326986848,-0.6650761263400294,-0.12419776925355533
19,j,0.0,0.0,0.0,0.2061381869812219,-0.3151248890487068,-0.08743145154316512,0.2380533537848065,-0.6470796662356085,-0.12473196676982863,0.03584730493834168,-0.8658878973294377,-0.16040160716803664,-0.21962640126266947,-0.7986329844788348,-0.1807475212732792,-0.06134620051385286,-0.8167881284729315,-0.03612822478624046,-0.15519282686241906,-0.9999968243799544,-0.12371566597652717,-0.07727879873061635,-0.8300512868074152,-0.18119999918851637,0.003151540384312404,-0.6868178458970688,-0.2127356561740501,-0.2209048098966422,-0.7136651843373153,-0.05239762613641753,-0.3215648204898756,-0.8932452553231695,-0.17786781307722027,-0.17687372117114553,-0.6936698436095078,-0.24477101686015948,-0.08205134763452344,-0.5336168304138762,-0.27194321002620625,-0.37237957623239165,-0.6025544576198267,-0.08768268160086576,-0.48037595642055386,-0.785471943624071,-0.23139313015237595,-0.27929783725277485,-0.6208514682516435,-0.29503075132388273,-0.13155949176905699,-0.46325220843571363,-0.31298577723561816,-0.5019279498883364,-0.47952333698144667,-0.12625364971484865,-0.734006437380578,-0.6671292361718307,-0.21549467362310917,-0.8625898529056384,-0.799619236801505,-0.27266023278406354,-0.9863883215751297,-0.9304513189791559,-0.3152182603024513
19,j,0.0,0.0,0.0,0.11532703002772536,-0.25390746535720304,-0.09641724299488168,0.04617773929437241,-0.534802536994037,-0.12273053336194654,-0.22460745718283812,-0.6490424446708515,-0.14796733519545477,-0.42739887143944433,-0.5437940313256897,-0.1602258184894801,-0.19725028865543623,-0.630146497449705,0.018884690399560783,-0.3475411782515412,-0.7722415990099468,-0.06404668296477294,-0.32495046585268866,-0.7379352225982904,-0.11763737998581376,-0.26860422526766703,-0.6713944979378905,-0.13687192773536497,-0.34362806535749507,-0.5287125415520038,0.01600667864489986,-0.5153403760934898,-0.6386761049177981,-0.11375254150535292,-0.3726801159923135,-0.5253298995218174,-0.18367318791708118,-0.24516953398819835,-0.42746903814744364,-0.19549481091304105,-0.46437375897816224,-0.41084414458238866,-0.010358455703401482,-0.6074403133349626,-0.4934142030898529,-0.1540931558857217,-0.41164895144744884,-0.3920513371463089,-0.20916094784014908,-0.25144081540794794,-0.2917616129689992,-0.2019920733164718,-0.5694218279070627,-0.2774913927834786,-0.04289235199239804,-0.7591039710486129,-0.4214912830597477,-0.11829183786271599,-0.8811566844711533,-0.5289514644684339,-0.16000420643851038,-0.9999977872142555,-0.6210465216945007,-0.17968184639769277
19,j,0.0,0.0,0.0,0.09677715276310123,-0.297514762772832,-0.09088032968724909,0.024614379990884568,-0.5938127265875952,-0.11696700718043694,-0.24105397004099266,-0.7129373662395351,-0.14035466659675963,-0.4397125614874555,-0.5720374719755132,-0.1423122976338199,-0.2514233451611017,-0.6844925655008312,-0.0075424489099546,-0.3991728635678768,-0.8283975319624898,-0.09861234152329802,-0.2868311444760463,-0.6793318089339005,-0.14230355361710156,-0.18969903336244678,-0.5950418700398546,-0.15356073068234422,-0.37470813349779414,-0.5682218321352117,-0.013926646199200874,-0.5395628977363155,-0.7056421491705156,-0.15320774853376676,-0.36029182169886476,-0.5465354795383094,-0.20401215054979674,-0.24044670755484426,-0.45471539918799386,-0.19967047553654607,-0.4817766961545374,-0.4431859664690781,-0.0421966596609913,-0.6172290409317704,-0.5546703929248821,-0.18329289161619539,-0.40001483387120185,-0.44663495317491136,-0.22036466648413755,-0.24299996043660127,-0.3514651834974712,-0.20100611732245863,-0.5731129589606107,-0.3117705961472835,-0.0761282056858835,-0.7676067996082586,-0.4547864341721082,-0.14114955998035342,-0.8784379965798096,-0.5658895890134812,-0.1730432256042242,-0.9999981832785486,-0.6677672918630747,-0.1859023444320307
19,j,0.0,0.0,0.0,0.08888652732896528,-0.23020330024091115,-0.09018556893229854,0.02063232355033453,-0.4846899541956252,-0.12476758934367871,-0.2115595931442502,-0.5503596857785702,-0.15669382721387473,-0.3885579906930288,-0.47032468180996595,-0.17247109466550484,-0.15644598771808957,-0.6595990618617913,-0.04322060049962402,-0.2749270804073151,-0.8142437913627691,-0.13838743749039617,-0.21051974749057634,-0.6837239274723866,-0.193288004770784,-0.1462412884680889,-0.5638411451642767,-0.2128586440485285,-0.31810548995610527,-0.5840600603101882,-0.046292814252364,-0.4523992308918319,-0.7260134643071312,-0.1544686319225728,-0.35549900933026,-0.5657933019134566,-0.19600471780281983,-0.2848817702550729,-0.46801521995674733,-0.19785945645381917,-0.4503997509343704,-0.47678281158921254,-0.0694310123624597,-0.6030476791500535,-0.6078477108579965,-0.18217793293026527,-0.47889293558867857,-0.46544086718924754,-0.2074319332667641,-0.3772881472188892,-0.3578799768488225,-0.1918272169472177,-0.5501136943845776,-0.3450065760449995,-0.09896599586889678,-0.7654919579254073,-0.48172644988832475,-0.16388541091581738,-0.8872771183249291,-0.5634461898347811,-0.19224866136814142,-0.9999975032965813,-0.6486721628325736,-0.20227353614704965
19,j,0.0,0.0,0.0,0.1736178635394163,-0.26394528962909974,-0.09657560546655664,0.16731238716068875,-0.5607822116048913,-0.1303815036764842,-0.061352504220414904,-0.744419801710374,-0.15613311666920998,-0.28022044173496796,-0.6771178857000882,-0.16707843525818286,-0.11676137174775805,-0.7054802490261112,-0.05950482349141954,-0.24459294025521727,-0.8523442796491195,-0.15119155884142163,-0.14343853527562586,-0.7056961181616372,-0.20486962322002342,-0.044928792727920816,-0.5858936600959653,-0.22879857085615843,-0.25890628534037896,-0.6056022731999734,-0.05837914427855017,-0.3932135960115056,-0.7490980284002067,-0.18877223788689163,-0.22386784373413948,-0.5708026019751875,-0.2457364817001497,-0.11087867228298055,-0.43357953122473036,-0.2578747228704692,-0.3920089240952918,-0.49085362225734636,-0.07535697050063371,-0.5180318915982789,-0.6263039374317397,-0.21284167968826062,-0.3116589402422375,-0.490129279081805,-0.25860976988921586,-0.16102151447501645,-0.3491841252540975,-0.2578856258549434,-0.515117193605716,-0.35976675780702155,-0.09646779536208669,-0.7387816477238494,-0.5115378948182924,-0.18388972544534266,-0.8699166379808335,-0.6207289112274675,-0.23657553526126182,-0.9999977726426111,-0.7231868285730878,-0.2684801736937921
19,j,0.0,0.0,0.0,0.13605005597020764,-0.31260773476478954,-0.12393930143088358,0.08609913159816024,-0.6271633881681042,-0.17208157958780917,-0.21195961201286345,-0.7803203080935397,-0.21653000973113803,-0.4532551669311717,-0.6635246196261562,-0.23400369828105558,-0.19664229257784208,-0.7849182638409334,-0.012986870582503775,-0.37781088087274517,-0.9389220960602448,-0.12628917799882208,-0.2750632790066878,-0.7721651609436928,-0.17866302588775265,-0.17136320820711934,-0.6576233784950499,-0.19262966204745505,-0.3406133413417748,-0.6737828641693681,-0.014519363578569835,-0.523490947864502,-0.8005763907199643,-0.18642399989077996,-0.3476009120744915,-0.6211204545956656,-0.25533367365319665,-0.2193662139406415,-0.517102915036322,-0.25856661398025493,-0.4774602332478063,-0.5403655997433697,-0.044891577349062704,-0.6393797013279514,-0.6623810240986656,-0.2253722226831743,-0.4135540914414303,-0.5287411806773838,-0.2733457339587008,-0.23751475072650488,-0.4217646718822208,-0.25366326606741146,-0.5970509092830557,-0.39133478689158296,-0.08323537521042286,-0.7831907313011863,-0.5659667892836215,-0.175462838036355,-0.8885688691607619,-0.6975992239168998,-0.21558737750480764,-0.999997897674381,-0.8225672424446034,-0.22959162183957516
19,j,0.0,0.0,0.0,0.11081232628468653,-0.2895325280018644,-0.1184431003088304,0.010515215924481779,-0.5896259241816681,-0.15319247214412207,-0.2797571279195,-0.709805036165691,-0.18140543120799038,-0.49407712310696494,-0.5788635093190884,-0.17987159860385074,-0.2191855518079193,-0.6957655731326151,0.005282249616012971,-0.3992050320935919,-0.8286943680994938,-0.0892957245096926,-0.2818729228651801,-0.6642606502562723,-0.14079004905281378,-0.1824674859080089,-0.5854312004143615,-0.16072237798205283,-0.34955295259055813,-0.5885133508630096,0.013371867238148908,-0.5343911499284433,-0.691188415273275,-0.12203082423408199,-0.3533338377897858,-0.526333913070486,-0.17034747885415552,-0.24162900698171666,-0.4671000251606733,-0.1700312227199138,-0.47214379773025594,-0.4683353668280318,-0.007695006826386573,-0.6492661705764187,-0.5755025179933398,-0.15005941557409572,-0.4428958415274504,-0.45246619234656055,-0.1806018714033891,-0.2956599034093679,-0.37181724196339977,-0.159079134320537,-0.5789351637663228,-0.34262877023128924,-0.03853395463671092,-0.7759976572949968,-0.4765096729237241,-0.10974652412237995,-0.8807199492221471,-0.5775341323208107,-0.1429531733340843,-0.9999980080163403,-0.6861373407177687,-0.15608690812536724
19,j,0.0,0.0,0.0,0.20434331031645098,-0.292229820553771,-0.10239533164640215,0.22299986326092439,-0.5938427513827714,-0.1520040345223456,0.015377974563908785,-0.8088019038489077,-0.19570401495672526,-0.2276913289469844,-0.7719611916200002,-0.22634477284505872,-0.07417519703941255,-0.745493192215274,-0.0877092984019455,-0.15925704323263615,-0.9322874492852155,-0.18031708405590843,-0.06307846333199736,-0.7648303820389823,-0.23638933264105322,0.021496997610424742,-0.6184905011021841,-0.266939811547869,-0.23427496336828627,-0.6536981857496339,-0.0970537879684602,-0.3311649514829551,-0.8538550738575067,-0.22753005066977963,-0.1784225755229955,-0.6598862653963298,-0.2917012094674484,-0.0818539868441383,-0.488128725209356,-0.3180543530760203,-0.38887721605226366,-0.5514291178484084,-0.1231212344929651,-0.49039855840827634,-0.7496106472752269,-0.2641226242861234,-0.29543513811108774,-0.5870554357715605,-0.3179991838296978,-0.15413969869494815,-0.4172832728397606,-0.33126344052041695,-0.5281918402425159,-0.435562519126774,-0.15421914573271656,-0.7572831307453506,-0.6191904595172206,-0.24493294007601193,-0.8810746452242951,-0.7505530194033303,-0.3017591646337498,-0.9999969985038927,-0.8739897242908061,-0.3441365031998187
19,j,0.0,0.0,0.0,0.15064258511715478,-0.20480976406577528,-0.11695198215049994,0.17097395402943377,-0.4822905480588704,-0.1676821219595397,-0.031026277814379055,-0.6179177528805114,-0.2099178619354417,-0.2271993460157459,-0.5816098479125738,-0.24086909470026133,-0.0889386632105943,-0.7470081719319112,-0.08613362859039458,-0.22963785165184797,-0.9501481233193867,-0.20369674797817025,-0.1654940728156885,-0.8935401222315266,-0.2839944442716963,-0.0824159695011062,-0.779256212109407,-0.3178046279920789,-0.27821743199082827,-0.6666484850492154,-0.08900969995195837,-0.43066920605839065,-0.8702391893388677,-0.21526698137312184,-0.3111600370257255,-0.7463923681811856,-0.2781543468200658,-0.19938161808876811,-0.6185335566312371,-0.29376229344420673,-0.4380528667673258,-0.5386466294305245,-0.11173603751298652,-0.5640167787507783,-0.7100798302069729,-0.2351144424320681,-0.42075109787507425,-0.5822107874348336,-0.2703764221031719,-0.2922052501029212,-0.4448479426374013,-0.2635818047076758,-0.5691011170537911,-0.36787479029983994,-0.1438243837554391,-0.7690622470107968,-0.5453880396445807,-0.21936410325569236,-0.8907170770745952,-0.6534567718487188,-0.2486745761523953,-0.9999967612938748,-0.7457898843235008,-0.25913076458012513
19,j,0.0,0.0,0.0,0.1698791518543372,-0.2847336677683829,-0.08902831695851252,0.20616107000215728,-0.5460056033319831,-0.13772943989354344,-0.023168694612570737,-0.6999926240814586,-0.17695530051867767,-0.2617303956793766,-0.6133075244746736,-0.19376925668658576,-0.07598201187268269,-0.7717526643442489,-0.09405347336085593,-0.18368984540963346,-0.9584367528435349,-0.21789570537101596,-0.10003912204259431,-0.7861074513043765,-0.29953437442791553,-0.03926262449888242,-0.6589492326760577,-0.34066903446068325,-0.2478759313481985,-0.7022206400603397,-0.09971544535488268,-0.3656985113728611,-0.8825319063441371,-0.19879448763044122,-0.22405127142949607,-0.6735612176693986,-0.2291074196585113,-0.1388339836449952,-0.5985465757236311,-0.2440331946010218,-0.39794880711598624,-0.611075870870004,-0.12528313926669865,-0.5419049256705154,-0.7684968103638692,-0.21249251914440936,-0.35957895139874907,-0.584726042688743,-0.21571530651003912,-0.2361667121009095,-0.460701370327815,-0.209202092810736,-0.5357519114657907,-0.49602188186968466,-0.16017077333973104,-0.7591785250242205,-0.7036571444475583,-0.2161321873703882,-0.8748893141956067,-0.8308157805083448,-0.2422207028269703,-0.999997999041522,-0.9763002982261608,-0.26570770460434145
19,j,0.0,0.0,0.0,0.1245281204959393,-0.313223178199905,-0.06306493124665608,0.06962210669782264,-0.6221475745577782,-0.08414085675090263,-0.18184297576873434,-0.7623004638075712,-0.1078397213444871,-0.39557608995052557,-0.6960857118879038,-0.1153427055459244,-0.08669697166711421,-0.7450344247461073,-0.004747916767232265,-0.2541350514606187,-0.908719455256438,-0.08777830769615207,-0.18132503292753546,-0.7547179435176612,-0.13953897015062783,-0.08743363875161307,-0.635133517966671,-0.16524934015341616,-0.24779707930208153,-0.6449780254474227,-0.023940184910737943,-0.4353170631688222,-0.7698906502264906,-0.12190565313694404,-0.29744963862996227,-0.5973881339561388,-0.16091267685358399,-0.17569617770236956,-0.5013849608046529,-0.1744947067116837,-0.3915123228759389,-0.5243579537805663,-0.06327023227773547,-0.5666136568804838,-0.6400719424479261,-0.1795741460425691,-0.39838476796635147,-0.49795844070397416,-0.2127021097512074,-0.25419374526084704,-0.39732348823161,-0.21377258285159687,-0.5198744661427138,-0.3867581250574414,-0.10649784930967435,-0.7440622637611003,-0.5294921041180931,-0.1794192662799257,-0.8748011465873267,-0.6266602893124791,-0.21315631292210727,-0.999995980740554,-0.7320108693917621,-0.23628905185583599
19,j,0.0,0.0,0.0,0.08843137504621987,-0.26410859699875494,-0.09445689460036817,0.028320016908151058,-0.5482503279298836,-0.13372697157340205,-0.21739410538630702,-0.6446814914317478,-0.16304245172239226,-0.4017842972982674,-0.5835477238052729,-0.1707550744892075,-0.21833787346550473,-0.6911441170286403,-0.09816143873930784,-0.3834676811475217,-0.8144007548202141,-0.20302043481960758,-0.26238097690053275,-0.6622971670944444,-0.26195621064305397,-0.15870775805057408,-0.5854038033999849,-0.2880637173341687,-0.3604018355675458,-0.5747134112189692,-0.09453244017129558,-0.5131191109599259,-0.6865437725116853,-0.19281078718085728,-0.34388585859723764,-0.5149053740637479,-0.2176464025193303,-0.24481761022948154,-0.4597267182534971,-0.221183255418046,-0.4737465955449197,-0.4393283465726547,-0.10657513543547731,-0.641352041905689,-0.5512368510937063,-0.1925065054206122,-0.45591406886515684,-0.4119346614131529,-0.1819998352286207,-0.315790165419245,-0.31946560156147313,-0.16018205728026158,-0.560234638174989,-0.2842617213527807,-0.12717875763591902,-0.7634457832027229,-0.4027497718297806,-0.1715350300221196,-0.8797910865770545,-0.4793608804754431,-0.18006223189250747,-0.9999976119748257,-0.5623834346168273,-0.18496379791577458
19,j,0.0,0.0,0.0,0.08901810345086926,-0.2435154996385615,-0.07932239991924371,0.032273205355299234,-0.5177286869835858,-0.1076406358338136,-0.18925076569280733,-0.5969055385437416,-0.13121742271281853,-0.3647719147606933,-0.5360791891090115,-0.1340099038296482,-0.2145987461095753,-0.6496157157109287,-0.057097435048568075,-0.3547557629024674,-0.7503204907308754,-0.15562603248102122,-0.24044818452272912,-0.6042288967181543,-0.21059593017488953,-0.14532122038070275,-0.534193573879425,-0.23311957203449932,-0.3451100636014437,-0.5430243885239171,-0.06237475027381036,-0.4819823887238862,-0.6498397504243373,-0.1705137680131353,-0.32007384530512356,-0.48714579086665716,-0.20022310444918265,-0.22783738517324548,-0.4279743637893135,-0.19927693693018445,-0.4538921716293166,-0.42110252742035076,-0.08526644806170547,-0.6021404542439022,-0.5278981614428704,-0.18943870587077455,-0.41844807979920684,-0.3985792092212378,-0.18962724581636675,-0.28645316423959505,-0.31438259912927474,-0.1649982232498387,-0.5408408823380315,-0.28731533415346966,-0.11467707668400946,-0.7434376807298304,-0.4216337005328244,-0.17183525840919242,-0.8676099378552891,-0.5002859138400612,-0.18855750163720683,-0.9999979313820703,-0.5928787087665188,-0.194932966103305
19,j,0.0,0.0,0.0,0.0770914386321205,-0.20504556585413714,-0.09905494724322612,0.04951185945085343,-0.43794630142224966,-0.1399330740579035,-0.12987252365749297,-0.5151178600997108,-0.16982218469685487,-0.27892513072029784,-0.42852878948353773,-0.17979247320242467,-0.248305301982143,-0.5671922673516481,-0.08028587794564533,-0.34393137900415083,-0.6557753913567691,-0.17290016570674216,-0.23243653089206726,-0.5332718635917392,-0.21465371613308368,-0.16025483828922352,-0.4684321942826714,-0.2263725017314806,-0.3625780474682012,-0.4695522362943389,-0.0805182012821784,-0.48303771632632386,-0.5776020087000955,-0.1931146191645824,-0.322614703560874,-0.4480657477517341,-0.22436980244958823,-0.23624788198328311,-0.38952455755062754,-0.21994636094739936,-0.45625787146200397,-0.3469371743542425,-0.0982530460628353,-0.5682582779226203,-0.42387665225451127,-0.21610654956020672,-0.371653432151944,-0.33119462036465763,-0.23323352446241896,-0.24061343265615565,-0.2665711199400316,-0.21412937830137233,-0.529540632545864,-0.20818141613251048,-0.12169461679364713,-0.735752725561764,-0.30495164017444487,-0.188273716866407,-0.860545301995707,-0.3671505389901533,-0.21288383069661337,-0.9999985530771726,-0.4372391061888876,-0.22258098660412734
19,j,0.0,0.0,0.0,0.11811788308083836,-0.2680156327734664,-0.0988762878103971,0.0558820653395702,-0.5338671017482619,-0.13587641472408676,-0.21054917360257477,-0.6577645881120326,-0.16959319491176952,-0.413858899869883,-0.572973127566765,-0.17997243455661807,-0.13082086378659358,-0.683921241270697,0.022288009519249804,-0.2546057960848183,-0.8735567281883783,-0.04487270406971091,-0.1937219980687809,-0.7664446208654254,-0.08867638408149538,-0.13248696556318346,-0.6614188937078437,-0.10770672661937777,-0.29382999681745126,-0.6067859934191122,0.0279296428187825,-0.44198267866557894,-0.7675333175438871,-0.04604953068431547,-0.32489587856521723,-0.6517227928067413,-0.08210968206111484,-0.236637451194624,-0.5814659555893081,-0.0932210200972834,-0.4309661581757968,-0.5034901852336279,0.00792327226988962,-0.5893432321449799,-0.6882407605870263,-0.08590368630831612,-0.46582947151746157,-0.5883022441325475,-0.11310729963103333,-0.3645749567515427,-0.5007819644201954,-0.11278047641832624,-0.5423673328396716,-0.3740249741597644,-0.021691947501553954,-0.7672483679394567,-0.4780561881261318,-0.08193774921403463,-0.8863553832771943,-0.558977008952042,-0.11589203595948756,-0.9999976999465661,-0.6428306446204721,-0.13759803094880946
19,j,0.0,0.0,0.0,0.10778068116072499,-0.2773771588631118,-0.1018679487152407,0.03158627804840387,-0.5799650963215962,-0.1349750983139401,-0.2375670867013084,-0.7004851122866222,-0.16122507718692014,-0.4372273212254394,-0.5594554435855296,-0.1636127133414211,-0.2540096369123232,-0.6871132874572189,-0.043054261970648884,-0.40725490582030743,-0.8212447078066112,-0.13697420488159248,-0.28024630885230756,-0.6692789306247322,-0.179081502718984,-0.18640789828648294,-0.5951385046432801,-0.19222724659006393,-0.3792190051128112,-0.5701085470057334,-0.04550028366269432,-0.5432495158332565,-0.6913733678912284,-0.1795416871281569,-0.3504016643483271,-0.5353116291156197,-0.21847719808252342,-0.2349302330486048,-0.46488411124516216,-0.21130685580768657,-0.4884099473658704,-0.43948583084494547,-0.0696017370447217,-0.623336826598781,-0.543505961788889,-0.2078708742817087,-0.39556375210435996,-0.43417871930444624,-0.23081436780073342,-0.2369721627504243,-0.34458122280823406,-0.20578632679962636,-0.5802404895974611,-0.3021950817493862,-0.10072164268630446,-0.7692677180034847,-0.45279813042263567,-0.17126671882181724,-0.8771370572898063,-0.5597536722155475,-0.19979229275913726,-0.9999981625243689,-0.659372494000396,-0.21071435503287267
19,j,0.0,0.0,0.0,0.16441390402871367,-0.2768590960297691,-0.08514332859880036,0.14193687869101215,-0.6026898740536897,-0.11034471990158091,-0.14338315470183144,-0.7599796756945736,-0.13948080276155672,-0.38304184291261706,-0.7185913666666106,-0.14752977734275488,-0.07492282392625385,-0.788197583261759,0.010614512424332654,-0.21062779918340493,-0.9999978649815197,-0.0915240829760319,-0.1500442960577773,-0.8313226324443771,-0.15604755087154273,-0.07376465780443543,-0.6902990137438308,-0.18165414442711253,-0.2674723638599449,-0.7140218216603195,0.001656015033380159,-0.4211969328814612,-0.907562884650614,-0.12887549715413005,-0.30799672499195957,-0.7218017430909787,-0.19001485098129822,-0.2091396556136275,-0.5917135108421453,-0.20018898595067758,-0.43360041992259923,-0.6125775534753035,-0.03048338515215346,-0.6021189990704485,-0.8218880516357436,-0.15572495433063407,-0.4680418955889596,-0.6682820861551058,-0.18397822344172682,-0.3465391853239303,-0.5311831375215785,-0.16794175532620487,-0.5724880932026796,-0.4795945422070147,-0.0705774664452476,-0.7577824560198876,-0.659435369141631,-0.1325858504955248,-0.8688670796118207,-0.7864154759801476,-0.1611346183562324,-0.9677195041089919,-0.9035269283212577,-0.1723148154965343
19,j,0.0,0.0,0.0,0.1425847695838023,-0.29179303796312295,-0.13712808649301597,0.05428260446380813,-0.6188993702489157,-0.17606310558006458,-0.25772266373496927,-0.7775631765158587,-0.20552566988486298,-0.4912265602831848,-0.6414249386588656,-0.2015346348464989,-0.12892032089038769,-0.7558036164145131,-0.006106861902545362,-0.31847921913026217,-0.9174908302135324,-0.10941480927504453,-0.24002947859676155,-0.7350573720125673,-0.16118317171883048,-0.15051307034860925,-0.6315518867807812,-0.1784826302843939,-0.2903633402587752,-0.6546465923520025,0.008106520172491454,-0.5045453131782006,-0.7853368983699026,-0.13996204367168558,-0.35370107417862384,-0.5982247239307388,-0.18702143284780126,-0.23969994503598113,-0.5278491216291157,-0.1800270672982157,-0.4351164280948959,-0.5386433581633664,-0.010765705014849605,-0.6392549853163602,-0.6545547128611056,-0.16846270328585097,-0.44836405456677375,-0.4929578063508803,-0.20198046419683527,-0.3038076806577754,-0.3908606997629258,-0.17409197291549944,-0.5607038691912607,-0.4161098253198754,-0.041217143172104675,-0.7630241432366095,-0.5936925683725779,-0.12490700580123433,-0.8752177430655211,-0.7269935474264851,-0.16865045566098646,-0.9999978898260579,-0.865069681595587,-0.1859881659037149
19,j,0.0,0.0,0.0,0.07979244140385842,-0.27277958333661567,-0.0993109924947353,-0.007512285460936274,-0.5500261149737296,-0.1275264785036167,-0.2730422279582931,-0.6639556549405511,-0.15009993548262818,-0.4615858271220294,-0.5495052240852832,-0.14933640201506443,-0.24112577501042928,-0.641390523419045,-0.011956279340907299,-0.39373015441019144,-0.7891117863657787,-0.09794660578468233,-0.29917285446953223,-0.6457709707396765,-0.1425590999858128,-0.21306008178493377,-0.5538988664706401,-0.15647550800656393,-0.3627528549580226,-0.5398651820760051,-0.010146745733744774,-0.5371260541953855,-0.6520217661237683,-0.13303952839386407,-0.3653347940120323,-0.5019201553896633,-0.179179161527003,-0.25299148932613075,-0.420629759971262,-0.17785134268729771,-0.46665205127880705,-0.42466975367743054,-0.030905705411540575,-0.6229474358672976,-0.521379315286636,-0.1564896324855706,-0.4234405182032482,-0.42551978812486096,-0.19045524756847126,-0.27990512773381404,-0.3428849622227697,-0.17591008424128032,-0.5559442062258161,-0.29916248691867653,-0.05846418388338331,-0.7637465783313497,-0.41494090678809564,-0.1194292118398535,-0.8778408471617672,-0.507788293896718,-0.15000476869636448,-0.9999982430440394,-0.5941399391419409,-0.16302574496366562
19,j,0.0,0.0,0.0,0.1742625654100489,-0.2667012649344472,-0.09882656599373575,0.2039079340629566,-0.5451764389496859,-0.1467553924905625,-0.046442150705738615,-0.7177864643144919,-0.19243456164434938,-0.27322957987085345,-0.7147000370654817,-0.22961541638042074,0.033979656682364655,-0.7567007670288477,-0.030877184142601377,-0.05891246230607887,-0.9909432928568426,-0.12455296536492022,-0.04439059515044039,-0.9999973233229111,-0.199685424108985,-0.028182684048274828,-0.9236444052033783,-0.24075115591294316,-0.14318785651140536,-0.7103284958886446,-0.04198089055522043,-0.26929542414816127,-0.9233665621363006,-0.16260063383272652,-0.19618656115606115,-0.8166324658747058,-0.24596996687909953,-0.12701392793768512,-0.6875668228393355,-0.2830657057516705,-0.30303002372399057,-0.6253120272953905,-0.0725803326541897,-0.4322824908946168,-0.8176215489033295,-0.2000710978869218,-0.3113914806877999,-0.7106257233557509,-0.2626522573264113,-0.20044458792449996,-0.5759534417540619,-0.28138095808703834,-0.4505177071092463,-0.5007244997514182,-0.11066881904458725,-0.6628892052637354,-0.6845434946044104,-0.20495401229990637,-0.7795305646774344,-0.816035298719913,-0.26029025222867846,-0.8783929193323229,-0.9190159210121693,-0.2940175128547027
19,j,0.0,0.0,0.0,0.0968275542599571,-0.27504866000025696,-0.09098838616483143,0.019460034523912276,-0.5750057877881328,-0.11514762961834495,-0.24151051930602915,-0.6930072789454218,-0.13479544271197919,-0.43389077416354316,-0.5526254581652786,-0.13180733427961644,-0.2617508499135834,-0.6702322548401508,-0.023980392248041882,-0.4101187579280958,-0.8119892153037421,-0.11204338870483445,-0.2866644985288579,-0.6661028180050937,-0.14962959287729372,-0.19171642166494682,-0.5954441528895437,-0.1582725218301746,-0.38102449858826803,-0.5552637682161077,-0.028625746011589074,-0.5408317797975605,-0.6853596372074939,-0.15757817197674814,-0.3571045115711057,-0.5324003528471613,-0.19575209611098712,-0.2438554253416676,-0.45993315595509404,-0.18648691275075477,-0.4850647165254344,-0.42870365550291534,-0.054046104682737385,-0.6197275379608358,-0.5358264658951741,-0.1854501260489685,-0.40297756852629874,-0.42858724547742894,-0.20722246175692122,-0.24941667377085466,-0.3390915139307603,-0.18082130765021884,-0.5746224065416171,-0.29597782922365506,-0.08582635222586268,-0.7686911354245676,-0.4422323824793822,-0.14933133844437455,-0.8795702044639139,-0.5470133530401252,-0.17446024251890166,-0.9999982261252114,-0.6418110801708468,-0.18243269043148375
19,j,0.0,0.0,0.0,0.12776058291994097,-0.3169185871096909,-0.14356116680717954,0.04566222423708937,-0.6168570272370537,-0.18468113301397115,-0.2417897239907982,-0.7609416317539579,-0.21688724087160174,-0.47168373974560984,-0.6190985248761225,-0.21735857710171366,-0.17397988278939241,-0.722424933910044,0.03532015901341909,-0.3261186324051732,-0.8637810317638079,-0.0604365930459338,-0.23270042542322236,-0.7063218295632335,-0.1161527129361966,-0.1436814910369699,-0.6089242886707988,-0.13551181862042483,-0.31411914952976955,-0.6267273725771438,0.05514279334106238,-0.4948303244631597,-0.7422672960789813,-0.0924959557270317,-0.32727611433555065,-0.5821441510595012,-0.16070825497443325,-0.20402555073921458,-0.5117310703055007,-0.1645426011356482,-0.4443568982038353,-0.5059872794220969,0.03982230592719035,-0.6043648309015416,-0.6074430367799081,-0.12254601004244278,-0.38695978473054443,-0.4875874193133963,-0.18427299213965087,-0.22484190214601205,-0.4027841783994759,-0.17339166515831037,-0.560281352553063,-0.36799449400740775,0.014305284049263067,-0.7521011964110584,-0.5073421694116874,-0.0694007829595206,-0.8726011270468993,-0.6107010764448491,-0.12105756998593999,-0.9999980665746353,-0.7143378298473992,-0.14297483433241656
19,j,0.0,0.0,0.0,0.1088027105985875,-0.23521403267176844,-0.11806906947263776,0.0566218999923478,-0.49126883631386487,-0.1684446199756402,-0.19959532280198247,-0.5882260297894163,-0.2091554273959015,-0.3874109409907861,-0.4820366574310868,-0.22898242552543507,-0.17439862077225468,-0.6200565103708783,-0.048084746704909274,-0.2953952568600157,-0.8088892532469086,-0.14567494556233496,-0.23157408049867637,-0.6996665057830832,-0.20574759441455256,-0.15886766431815075,-0.5932939603740626,-0.22921743740656494,-0.32324692736879496,-0.5384475900662549,-0.03743257491686015,-0.4646683381436466,-0.714906479112209,-0.13772536066526597,-0.3601747245858163,-0.6046116917785131,-0.18164287497570542,-0.27266214665276833,-0.5236344491266408,-0.1900091142811103,-0.4433666959414995,-0.4341384964197825,-0.05014163252170663,-0.5923166292974473,-0.6030463335789404,-0.1529044344649214,-0.4693287821556325,-0.51823623157392,-0.1787688273650035,-0.3605852722054469,-0.4282705918199688,-0.17170191066699936,-0.5437433237664165,-0.307018970519598,-0.07303677542400781,-0.7600854814894986,-0.41147083139675605,-0.12816780014218307,-0.8875068572314053,-0.49851531402713545,-0.15821931501388103,-0.9999979457661519,-0.5874188929243388,-0.17557384428472086
19,j,0.0,0.0,0.0,0.17634616335985204,-0.3517230567364092,-0.12132636345395091,0.10204478589204385,-0.7036355521398354,-0.1679451221252718,-0.19479341060374064,-0.8624764052460724,-0.20694558430275647,-0.4543117691895775,-0.7386892746745223,-0.22019874813914642,-0.052902587485200776,-0.8322381253203666,-0.03110327773048552,-0.29356601672354626,-0.999996472526709,-0.13894108452482348,-0.24610458713372255,-0.8305811151818966,-0.20526871832175986,-0.15169705999942346,-0.7053093825817032,-0.23898815714855878,-0.23949694119771206,-0.7063814666695168,-0.03376326087814059,-0.4847991998593623,-0.8505102311551263,-0.1725082864650108,-0.34185815904742595,-0.6638109608001715,-0.22967391414205915,-0.19580557236069976,-0.5473076523612211,-0.24181664885523346,-0.3987347534641357,-0.5579748785222766,-0.06497392517144222,-0.6050528051946318,-0.7022489283784841,-0.21797230502635265,-0.40951677819588084,-0.5366778513752256,-0.2628431582165455,-0.22806397072447435,-0.41919097569509217,-0.25620410562028456,-0.5230170317169569,-0.3898847508314138,-0.10560631815221369,-0.7354965708358383,-0.5417969004605359,-0.19307320990667512,-0.8490538031346743,-0.6314222050850644,-0.2318284635986896,-0.9556161020117666,-0.7292846225372598,-0.2526331289272199
19,j,0.0,0.0,0.0,0.15014457978041573,-0.21828534651082515,-0.10124834040012184,0.16997053785467922,-0.513631644309993,-0.143962023275181,-0.07095313931119555,-0.6430737286921928,-0.18408243692826734,-0.28933759678130977,-0.5823294146316069,-0.2137027506102635,-0.10014329904100731,-0.7718652487376194,-0.05950160882162649,-0.22381217004461987,-0.9999966743880562,-0.16640458500789496,-0.18459495456353467,-0.9409531043888704,-0.2312693257010941,-0.11987985902999208,-0.8076583787971864,-0.2533504545430207,-0.29559050720285607,-0.6843245028359708,-0.07127298028977752,-0.4344903539861731,-0.8876865139847248,-0.20283356142678088,-0.31280528794369017,-0.7355244315170211,-0.26811020726678536,-0.19825819318920487,-0.5875979550054943,-0.2809893295380402,-0.4540683364402954,-0.5500360907664549,-0.1014157883658407,-0.584297956505006,-0.7298289211305163,-0.23394653571114982,-0.4259735510325462,-0.5805002227669681,-0.27209964637782813,-0.2849588745999194,-0.43750530936774606,-0.2636600508614874,-0.5828485578363629,-0.3759316347998293,-0.13862882538922736,-0.772274180555646,-0.5459731361013594,-0.21371645270038522,-0.8865285015363915,-0.6505151777375335,-0.24305783097633224,-0.9926902144692672,-0.7514170720609392,-0.2540846933071738
19,j,0.0,0.0,0.0,0.15233544640542043,-0.308167721207581,-0.08189399853583734,0.128455410429247,-0.6413303744063817,-0.12402328018522342,-0.10370116735388848,-0.8214307150720016,-0.16250047348915328,-0.3322661289817941,-0.8067381325680758,-0.18377255627343667,-0.056794425196957966,-0.7982353106780337,-0.06879405284839017,-0.21997587087918746,-0.9581245015435547,-0.1823430008955558,-0.11736668250000155,-0.795298329978905,-0.2531911810987954,-0.002791559479774762,-0.6810553240669056,-0.2908399788871331,-0.22832199300646042,-0.6998139414565276,-0.08570363403462511,-0.4040070238940251,-0.8239991033735601,-0.1935010348741653,-0.24475951015812822,-0.654211430862614,-0.2283918088517129,-0.11180348096818532,-0.5751637196003734,-0.24398388518912972,-0.39024576111338694,-0.5621430011809994,-0.12388981992115367,-0.5471172217083065,-0.7022637850677217,-0.2505233106450119,-0.3595254085403787,-0.5470400716719661,-0.2705118441952273,-0.19745537932256735,-0.44189405091588346,-0.26589376060470676,-0.5299023249525184,-0.3999863431509987,-0.1671452836280328,-0.7573474712006967,-0.5657578943300862,-0.25761599964882564,-0.8821138380571268,-0.6759214270918947,-0.29204384341220485,-0.9999959739881055,-0.7913376414880874,-0.3139761409320449
19,j,0.0,0.0,0.0,0.1425847695838023,-0.29179303796312295,-0.13712808649301597,0.05428260446380813,-0.6188993702489157,-0.17606310558006458,-0.25772266373496927,-0.7775631765158587,-0.20552566988486298,-0.4912265602831848,-0.6414249386588656,-0.2015346348464989,-0.12892032089038769,-0.7558036164145131,-0.006106861902545362,-0.31847921913026217,-0.9174908302135324,-0.10941480927504453,-0.24002947859676155,-0.7350573720125673,-0.16118317171883048,-0.15051307034860925,-0.6315518867807812,-0.1784826302843939,-0.2903633402587752,-0.6546465923520025,0.008106520172491454,-0.5045453131782006,-0.7853368983699026,-0.13996204367168558,-0.35370107417862384,-0.5982247239307388,-0.18702143284780126,-0.23969994503598113,-0.5278491216291157,-0.1800270672982157,-0.4351164280948959,-0.5386433581633664,-0.010765705014849605,-0.6392549853163602,-0.6545547128611056,-0.16846270328585097,-0.44836405456677375,-0.4929578063508803,-0.20198046419683527,-0.3038076806577754,-0.3908606997629258,-0.17409197291549944,-0.5607038691912607,-0.4161098253198754,-0.041217143172104675,-0.7630241432366095,-0.5936925683725779,-0.12490700580123433,-0.8752177430655211,-0.7269935474264851,-0.16865045566098646,-0.9999978898260579,-0.865069681595587,-0.1859881659037149
19,j,0.0,0.0,0.0,0.13237194347746412,-0.2476426027382687,-0.07212047684887278,0.13428770544035776,-0.514865119808882,-0.10717386734098674,-0.09686257324349339,-0.6408457815646883,-0.1429919176289022,-0.3050617594084599,-0.6008254251347749,-0.17186082570227362,-0.061623293569573856,-0.7476910799578036,-0.05966474847023354,-0.17916165097758124,-0.9999975909794442,-0.17715706322744537,-0.14431221493499555,-0.9699461751729619,-0.250773863807522,-0.08248244065018852,-0.8450337424025363,-0.2760207619840453,-0.2410776503454881,-0.6773308377931022,-0.08398658917087183,-0.4069864127178994,-0.9343450516865336,-0.21064875933743987,-0.32505269672227527,-0.8481117122298926,-0.2748403362887445,-0.2298897842758717,-0.7350668949768676,-0.2930500364102393,-0.39713435338946124,-0.5660137529503995,-0.12509431676999713,-0.5311144915891866,-0.7146201349714614,-0.26097846957273085,-0.38855499351823397,-0.5807606113759056,-0.3158657246770621,-0.2531612234398782,-0.4475268478338869,-0.3209457533448191,-0.5294826047125349,-0.43102878022688984,-0.1691300356797465,-0.741397654013219,-0.6066311516709523,-0.253959812423373,-0.8669469749703045,-0.7316680041491315,-0.2959545509496946,-0.9754520882644893,-0.8513068505298709,-0.31842594913657973
19,j,0.0,0.0,0.0,0.13087063139547497,-0.3045654105902683,-0.1171680975234236,0.06269237917336681,-0.5922244600099117,-0.16000687390943852,-0.2166103894192423,-0.7234201070940596,-0.19728008070638908,-0.4392596754798072,-0.596640150666967,-0.2096895153022049,-0.20907287734127122,-0.7055592238898272,-0.014831727399572545,-0.37556632288369174,-0.8368590085068404,-0.11719303363736178,-0.2686918309596181,-0.6890664601267025,-0.17475356956445895,-0.16758048006598109,-0.5877021112019757,-0.19668019162313555,-0.34179292218348234,-0.5937966774926101,-0.01182080304385174,-0.5086079265670118,-0.6970553068647474,-0.1502914308374584,-0.3265995009984734,-0.5334077830970415,-0.2065715648303842,-0.20554285983717394,-0.4511438852988689,-0.212835732704627,-0.4605920258325218,-0.47084352333651514,-0.03686957285345508,-0.6130218632020984,-0.5611538099811415,-0.18354406285347663,-0.39688887883497503,-0.44617084998977735,-0.22880237147027777,-0.24232890318940303,-0.3517267497998762,-0.21901166094391603,-0.5639507597486996,-0.33575899476053295,-0.07063108388850788,-0.7625666011912351,-0.47232046145823103,-0.14763528459268266,-0.8735869336093999,-0.5719704300441901,-0.18793038831065237,-0.9999975834884058,-0.6642488152352497,-0.2072479726748198
19,j,0.0,0.0,0.0,0.09428620449431162,-0.2159913458223087,-0.08394296785307659,0.024193592354650847,-0.47515087600550926,-0.10085163481357154,-0.22639573031649385,-0.5517990438094376,-0.11748795535461651,-0.39366361621728824,-0.4547104704227755,-0.12010794644391128,-0.1997526826042213,-0.5777936496870529,-0.0005370917728100779,-0.3439292933135217,-0.6939181052271837,-0.08788692233047453,-0.27845834310677015,-0.6063675351122625,-0.13562541761103403,-0.18974218492878406,-0.5227810170403295,-0.14513205424925613,-0.34572911838487796,-0.47864916820391473,0.003700785843220156,-0.48616386090900693,-0.5619566265196343,-0.11650458238992277,-0.33983524730175996,-0.42074678717516456,-0.1653268606478432,-0.22175386470624367,-0.32593873923894573,-0.15984457582349657,-0.45630378787895776,-0.36645554465467384,-0.012038136789573052,-0.5974214373343842,-0.438813854896141,-0.1403489751211208,-0.43883728437070446,-0.305429629834666,-0.16603953546228176,-0.3128784483648986,-0.20300881363920403,-0.13765002981515853,-0.5408813614063381,-0.23956705652651564,-0.0322693076851388,-0.7347020009936418,-0.37327222011516303,-0.1027015234089271,-0.86998307971135,-0.45378992976275345,-0.12931962071154227,-0.9999981010562535,-0.5268871173469754,-0.13051698570689557
19,j,0.0,0.0,0.0,0.06441291428208572,-0.17268746579639768,-0.11777686301600643,0.03154868670668825,-0.4712590791159552,-0.16861271503580025,-0.17687833596254188,-0.6566501609202489,-0.21760289796003085,-0.4011448782056767,-0.686686863800867,-0.25487310008681435,-0.3934060183495387,-0.7976566283638103,-0.03177496241487078,-0.5383660309236561,-0.9384319096142011,-0.1686845852068693,-0.3860438483132337,-0.7511473214582715,-0.2717281246062716,-0.276943818414267,-0.5933123277432412,-0.3289674749893057,-0.5022338493634388,-0.8061564434523848,-0.04183570880176995,-0.6498171068548673,-0.9999956173325435,-0.19395050956009818,-0.46304818146200993,-0.7439862964713918,-0.2596192742644078,-0.3551241970338393,-0.565434930029571,-0.2682792380372203,-0.572430075657509,-0.754350491063536,-0.07524248106587922,-0.7145325223931018,-0.9420671492347248,-0.22828138169190226,-0.5359896458397309,-0.7242914532456116,-0.21187592941927752,-0.4405288176558249,-0.5694189081448777,-0.1597603083492234,-0.6150062131647714,-0.6532754955682989,-0.11842317210095384,-0.7580678866815199,-0.7655060738728675,-0.2226582673442816,-0.6783102174016485,-0.6446625690428398,-0.19387122706334414,-0.6420210382119447,-0.5558485398330943,-0.14404287990190986
19,j,0.0,0.0,0.0,0.1672046183739263,-0.33366002028093633,-0.09825090670956853,0.07391601057897415,-0.6791713392085679,-0.1317306329684365,-0.21799285797251639,-0.8345621610838259,-0.16066277824733347,-0.4648014160211894,-0.7161507300204836,-0.16475055112414697,-0.14061755834524872,-0.7947804403401529,-0.02250465990731313,-0.3465655115404851,-0.9531717439926654,-0.11824562762737806,-0.2572384942916404,-0.7846792419347101,-0.1713643080423506,-0.16370669074887786,-0.6806104712251348,-0.19663143193128205,-0.29557973996661313,-0.6762046403580484,-0.029056169910483067,-0.5013973137932273,-0.803146931948024,-0.15941523778315153,-0.3368387147450952,-0.6119790608551653,-0.20754480237238462,-0.21100506103521868,-0.5065248802143509,-0.2143829910504224,-0.43818129624769475,-0.5419988128966604,-0.05969219635770257,-0.6154389697736742,-0.6788407417603974,-0.19865236380077772,-0.4142656702236395,-0.5250257332841844,-0.23435026334025982,-0.250266813979941,-0.4070567862428778,-0.2248138700126756,-0.5536620842447086,-0.3919875346850535,-0.09750161275887534,-0.7653312329039397,-0.5351705292281049,-0.1742215739719406,-0.8790677061150443,-0.6381326249799294,-0.21250349290172213,-0.999996533434502,-0.7436146997804333,-0.2347948910801234
19,j,0.0,0.0,0.0,0.15369512958812104,-0.33512164227225427,-0.07418772983421752,0.1092920669948683,-0.6658012724433625,-0.11064288700112286,-0.15799385097632684,-0.8345818923271464,-0.1480328150243198,-0.397806699041504,-0.7642909742626988,-0.16649978642275076,-0.034732401619921735,-0.8046516791242305,-0.033164838500906325,-0.20286163361988052,-0.9999959115319017,-0.12502904307321402,-0.13017936901447688,-0.8368528551738975,-0.18626009053589573,-0.04522137928381935,-0.7311479298363075,-0.22213062372630735,-0.20231430208711915,-0.7017772327505867,-0.05808999376367803,-0.38693756234327525,-0.8453862070361879,-0.15594152416561707,-0.2500973684022775,-0.6706019987102364,-0.19653496982056287,-0.12748121463748058,-0.6051313022477565,-0.2190218793153568,-0.3632383019280597,-0.5827993958976896,-0.10392920382425554,-0.5451770545417853,-0.7210240023220432,-0.22625573001706362,-0.36707376541609665,-0.5733763256800511,-0.26134140843190967,-0.20391706232352672,-0.485686064735983,-0.26783658393305454,-0.5129632065243073,-0.4511471543168683,-0.1547480288896066,-0.7325218635770504,-0.6273576900966276,-0.2330106808583348,-0.8602284930265542,-0.7400655834916365,-0.26199371015956724,-0.983145118643486,-0.8609030316208033,-0.2844007040112067
19,j,0.0,0.0,0.0,0.18312111650773266,-0.3097932147118817,-0.08875519987718555,0.18041134966315528,-0.6255210827517169,-0.1310937561860245,-0.06375307166192182,-0.8174242192808415,-0.1740627071988605,-0.31026566432082264,-0.7571799437648755,-0.20567824101471446,-0.11548322456044852,-0.7901001797282137,-0.029150130756305008,-0.2500544690754267,-0.9817122802598752,-0.11583984736539474,-0.18672704195876674,-0.8745077453273827,-0.17078623176959187,-0.11696497433955153,-0.7426825151875004,-0.19811750763140695,-0.26956250289086586,-0.6867454492627673,-0.04098179045867839,-0.40043773100517205,-0.8319083629623228,-0.17208345566442068,-0.24513113944482437,-0.6368829239803668,-0.24178502641913907,-0.14201412943437947,-0.46083297924533606,-0.2661896881042283,-0.40946758911751124,-0.56871486790953,-0.07166599588573412,-0.5407705732837115,-0.7282537985551127,-0.21541923696486917,-0.3512464888729056,-0.5782446252170278,-0.2699399438315133,-0.214988502476621,-0.4204204139156273,-0.2777142033229958,-0.5333813558245437,-0.42807700090208956,-0.1065223074718571,-0.7635825597501766,-0.5982671628151647,-0.19298045393888288,-0.8809916543180213,-0.7170132809783678,-0.24116191201405077,-0.9999970478997623,-0.8272701747065022,-0.27287883114053846
19,j,0.0,0.0,0.0,0.11245958964329111,-0.2934575189701226,-0.09253355997046392,0.046153507580509706,-0.5790675259695527,-0.12469533932422498,-0.22081597565741498,-0.7024241715028859,-0.15735645395578468,-0.43644950336128047,-0.5890551909485718,-0.17322341006046243,-0.2239658681205567,-0.6827376634159322,0.007900411338322248,-0.38311325737851437,-0.8264387680407714,-0.08734056724695326,-0.30664155512874247,-0.7211563023982073,-0.14465274228497457,-0.21544960275249572,-0.6212757438474577,-0.16612446127090502,-0.35648948105237654,-0.570138708691638,0.0027635509704509935,-0.5147081488016402,-0.6713729776263487,-0.13628611137792943,-0.33687674193741735,-0.5071936632305298,-0.19944549017084295,-0.20643159466547392,-0.39875938627873164,-0.20765465132866184,-0.4707572633300189,-0.44548158298631274,-0.026678668804011468,-0.6213118465813432,-0.5416850638771429,-0.17074660616549037,-0.41192736098487476,-0.4257789423785086,-0.21849753535078217,-0.2554707624953723,-0.320587870664639,-0.2094871138126625,-0.5700837728386979,-0.30681609905477186,-0.062244161317906964,-0.768568928357163,-0.44685775097639163,-0.13811836065680874,-0.8807091367286397,-0.5498626884440923,-0.1800813304603094,-0.9999976153410843,-0.644172907857144,-0.20042621596205817
19,j,0.0,0.0,0.0,0.14359694951859978,-0.3425087708363539,-0.15559764020517963,0.07137100731015564,-0.6495414207141867,-0.21407241101152766,-0.2058526934923934,-0.7995895973643852,-0.26366540025904567,-0.4454127168060588,-0.6537846835904735,-0.28226475375172677,-0.1762060798688039,-0.7746503469150008,0.009249166085624176,-0.3479643424023039,-0.9152863516913011,-0.11757128347785735,-0.24551374548064728,-0.7429907793046313,-0.19166892565390006,-0.14209738876647962,-0.6233022234495659,-0.21695242663274206,-0.31133761313849173,-0.6611833961969188,0.02547107137789237,-0.5040424543876236,-0.7842367844786997,-0.15867630130865493,-0.3198954396082195,-0.6029225135064595,-0.24366535259921202,-0.18570254940160527,-0.5037047584713374,-0.2516831463143668,-0.44169615288881425,-0.5349167877613952,0.0044180306385690074,-0.6130805077244812,-0.6420989451872519,-0.18198767778618982,-0.37893686865347936,-0.5185671403218246,-0.25467053407853996,-0.20411138400951212,-0.4259046721657386,-0.24610911450180603,-0.5551251514141432,-0.39916931735162836,-0.027857247349633085,-0.7586076294129758,-0.5534938246910299,-0.1216264696592881,-0.8749880284901189,-0.669454391671417,-0.17922074678665115,-0.9999981161771139,-0.7845514901243759,-0.2041929387287838
19,j,0.0,0.0,0.0,0.1767344463912427,-0.31985818496466606,-0.11726252977290803,0.12278979222415576,-0.6650336188612653,-0.1586108756940923,-0.1267486696005153,-0.8509433993444695,-0.19714129004879175,-0.36342518405817764,-0.8135135033636142,-0.2130144791291523,-0.02839737538265559,-0.8328016438886376,0.019591406110967404,-0.21244278856682852,-0.9999974738926384,-0.068107002277161,-0.14690908663870184,-0.8686733144114644,-0.13556831936222433,-0.05976515098136949,-0.8065237351848824,-0.17940855183682258,-0.2098861484781895,-0.7502462222207783,0.023037435676554707,-0.41995523675070745,-0.9140888711921517,-0.07113231266296757,-0.322248372425626,-0.7738541509756636,-0.116362896984945,-0.21801620373296873,-0.7424007399793988,-0.1384787842104803,-0.3738869312100513,-0.6379506997785991,-0.004480922934311966,-0.5744791358654298,-0.8329837179185073,-0.11715605956544757,-0.4793496899759975,-0.7171443204111765,-0.1424117921683929,-0.38221934949658143,-0.6642534521581274,-0.14161766030811584,-0.5180973923888782,-0.49879092024248883,-0.045544794652170574,-0.7574939129243534,-0.6284240158841147,-0.12948452663716428,-0.8691458335962802,-0.7174134225901175,-0.16927400718745916,-0.9667192196269813,-0.8249679812142169,-0.19341236724106434
19,j,0.0,0.0,0.0,0.18769226246896764,-0.3058064449264265,-0.11493348040153165,0.17989312519025785,-0.6270715613242106,-0.16462860314088382,-0.05502601125127515,-0.8306076297736249,-0.20412426147672857,-0.30484900315234553,-0.7771171298667899,-0.22136873676927887,-0.10639569671104115,-0.7892207909897107,-0.07468431890408275,-0.24952122691644454,-0.9566689508494228,-0.18005572496867,-0.14521843220874278,-0.7787607355211347,-0.23722598812891593,-0.04750575320537775,-0.6233657450944049,-0.2630812071075672,-0.25528859984308805,-0.690216824307686,-0.07086634716511092,-0.39802417318455596,-0.8408075641523928,-0.21470134078515782,-0.23387096900847731,-0.6285755230250794,-0.2745648891271204,-0.1241805413845794,-0.47175953174780455,-0.28877628712464537,-0.401820183796955,-0.5751528221579917,-0.08851070499476045,-0.5501717571637861,-0.7391980137589937,-0.22990583737543732,-0.3525897439879506,-0.5736715010044526,-0.2726815960899438,-0.20250016124054437,-0.417659412627039,-0.27271095932686873,-0.5296987357352752,-0.4341510488534619,-0.11346224328238538,-0.7617115451661567,-0.5976168631268581,-0.20435926954066289,-0.8822076439784275,-0.7149284095742884,-0.2612860242148724,-0.9999972574342751,-0.8280341269822032,-0.29671363799734274
19,j,0.0,0.0,0.0,0.16794724708945605,-0.27503352721771157,-0.09576954729415298,0.140219862897895,-0.5934481624605132,-0.135040386741531,-0.13276513473231039,-0.7370882585650572,-0.17320537143460701,-0.3694674840503516,-0.6748553076790862,-0.19010470340071053,-0.12366422767705308,-0.8171603080794498,-0.028631305738505454,-0.2860708976705671,-0.999998118900776,-0.14654075201474764,-0.21730273319973653,-0.822136181458062,-0.21397557269157014,-0.1283804819833974,-0.6826469071479008,-0.24016347633059815,-0.30958876406932934,-0.7269818952236577,-0.042030389504656054,-0.47872714189263893,-0.9092163481816102,-0.18946833954968897,-0.35589553405176005,-0.7045909135089069,-0.24908846357398404,-0.253081223810129,-0.5786129310595282,-0.2547808822283881,-0.4749975073342632,-0.6080580281369211,-0.07806304724285987,-0.6520995081900354,-0.7870711247309953,-0.219547375834425,-0.4848431303808845,-0.6170452992907561,-0.24081457024234923,-0.3378010209354844,-0.487261887641303,-0.21710452630531568,-0.613553728301887,-0.4598462033076149,-0.1219397566404398,-0.80468435308471,-0.6364727777884426,-0.1918302508288335,-0.8933954781023531,-0.7547186976843056,-0.2122765281605352,-0.9743035111204509,-0.8799302124256199,-0.21712375527136793
19,j,0.0,0.0,0.0,0.08914080065638193,-0.18156780340663808,-0.10125430410661306,0.10264476474744823,-0.42523944632212385,-0.15063659128398688,-0.02088173013710106,-0.5673653603674269,-0.19222971917310938,-0.188547638491158,-0.5060106586102446,-0.21208825539056136,-0.18299502327177405,-0.6401418924465213,-0.07537542626556056,-0.2749023407882467,-0.7511976381372774,-0.18539884161934167,-0.17168127894793472,-0.6005065146079186,-0.24307561436048608,-0.10043127983265401,-0.5154216046774275,-0.2652089124985904,-0.3125042477913568,-0.5497425927139233,-0.08231315991506878,-0.4264989147794885,-0.6719972110624055,-0.21129488962398937,-0.2655564401961374,-0.5122146979615116,-0.2506208167654189,-0.17163232519992863,-0.4459853661603011,-0.24978409542697422,-0.4365237699281021,-0.42872713428774195,-0.10997316050272755,-0.5285760099262958,-0.539514022116924,-0.24866538111239148,-0.3229355644555933,-0.41404789249207,-0.2739193837477692,-0.18584258039589072,-0.32628463091695653,-0.25711193834385426,-0.5388205268431902,-0.2887698228100513,-0.14353197261110887,-0.735279042543075,-0.4245402316996131,-0.22797348003872195,-0.8614665371496861,-0.521674888591045,-0.26483938440473054,-0.9999983736483082,-0.6304055251277416,-0.281667089874652
19,j,0.0,0.0,0.0,0.13196337814864034,-0.26886752822976767,-0.10007569382727405,0.11208523629188986,-0.5432220267198408,-0.1451684796150163,-0.1291421293497941,-0.6833440820650503,-0.18455377077410087,-0.34386172723193276,-0.608564315072954,-0.20182046422466557,-0.13905189045313332,-0.731136673268001,-0.04469464284841502,-0.2626040613729656,-0.891286174813702,-0.1488636671150677,-0.18851319402863614,-0.7535838664177369,-0.2086124342555974,-0.11696919371749992,-0.6391091905807726,-0.2317153456709483,-0.295173880011756,-0.6487256634186788,-0.04812835476286112,-0.4257993145264596,-0.7835613094133107,-0.1662124589531826,-0.2754747323539288,-0.6194879966067122,-0.2127070928191561,-0.17657046165748375,-0.544772549716883,-0.2223706656433234,-0.43239231502390146,-0.5446748344655069,-0.0742655010911798,-0.58156987120726,-0.6783836435724906,-0.19680678588379286,-0.3939604838741424,-0.5258267168166262,-0.22588544570734487,-0.26068367403600384,-0.4155023502077744,-0.21793457374516784,-0.5547657274373425,-0.41728887192569003,-0.10803630406195087,-0.7613095942700953,-0.572729134905558,-0.17350600939756478,-0.8749645450814173,-0.6746556428444916,-0.2032935560793923,-0.999998406038037,-0.7891887483164547,-0.21988362960629365
19,j,0.0,0.0,0.0,0.1957644850841521,-0.30793755708571957,-0.113448911290948,0.21490857598091387,-0.6031692284822047,-0.1672861329776451,0.012290291821792023,-0.8175408571863828,-0.21156966096621313,-0.2312024803880323,-0.7769249122679526,-0.2377680421689435,-0.08369413038792724,-0.7569435965885472,-0.08310069954997618,-0.16650702678998486,-0.9448949169647807,-0.17354044883550984,-0.07411114825882417,-0.7751980541286447,-0.2261103060867604,0.003956278631160821,-0.6387141407768248,-0.25458213885793124,-0.23997632313058628,-0.671587440704633,-0.0848030649928067,-0.3392370249108847,-0.8650981821190061,-0.20111802203407095,-0.18685905219914892,-0.6744824238385145,-0.25456660877130577,-0.09087261764017679,-0.5333278478707616,-0.278193338869025,-0.39171568118159306,-0.5715196118870385,-0.10624240426268823,-0.4949546224479424,-0.7580748868424484,-0.2365152453922189,-0.29556720876104126,-0.5953677004025745,-0.2830874816188348,-0.15466015175139253,-0.4367940543150063,-0.2950788739564899,-0.5339055670932296,-0.45475470886418345,-0.1346021141830954,-0.7590650501683108,-0.634344805588149,-0.21917566306789235,-0.8794501694970959,-0.7601592432012025,-0.27288817378431457,-0.9999970642071233,-0.8827931190733574,-0.31441875331154
19,j,0.0,0.0,0.0,0.17198978544206195,-0.3665097462763914,-0.09782195261390197,0.07072131291540155,-0.713846886473676,-0.09461303184234897,-0.25054795861771223,-0.8746108387322288,-0.09003439985121833,-0.49990666507408754,-0.7260868903093686,-0.04903172101679254,-0.12832861867581102,-0.8176999016429328,0.12301474411179085,-0.32958127096731016,-0.9749391178101723,0.04301710716033916,-0.23735033615940593,-0.7956221424872237,-0.007016890105730806,-0.12873424863959895,-0.6772189794571954,-0.025668524175976933,-0.29879813748097284,-0.7045601623853481,0.12939335507795063,-0.5196460041899328,-0.8196035540198003,-0.0014037587161953476,-0.32921412957443713,-0.6320880982068877,-0.06385382605588179,-0.17460388066895957,-0.5521969949708467,-0.0661940652073062,-0.4436298638919879,-0.5629494123492551,0.09992901364461156,-0.6521281332722854,-0.6987046656712685,-0.05742516957540531,-0.41898326389873225,-0.5475836003960768,-0.11271682211541738,-0.2324329265543414,-0.46022552291711993,-0.0981309462653099,-0.5710746496632244,-0.3935594245555088,0.06317316643764477,-0.7643003604935054,-0.5532730154160925,-0.0388146530114216,-0.8805941200548849,-0.6416420721234422,-0.09574411232654241,-0.9999978582717487,-0.7417207180324833,-0.11702411127730995
19,j,0.0,0.0,0.0,0.15592269881690757,-0.31779848207012823,-0.08981978140644138,0.1263458771642391,-0.6214913429975029,-0.13202383148910293,-0.12977972496590393,-0.7734814419420402,-0.17015763373273957,-0.3702220777387901,-0.7268267663491488,-0.18725841315727987,-0.06873956938092798,-0.7353546028983742,-0.06700700745219297,-0.24285106544167548,-0.8756633833320213,-0.1713282118138069,-0.14737280817357729,-0.7091492691950739,-0.2313133990337237,-0.03483887780702835,-0.6212945038702334,-0.26173879631876135,-0.24249363701997553,-0.6426816517499515,-0.07746386427996785,-0.4052176156625636,-0.7605724455259779,-0.18023196610069514,-0.26161833903893333,-0.5995002424832457,-0.2050312720875166,-0.1412876526679694,-0.5409240615499885,-0.2161385504133432,-0.4003210997806089,-0.5325606167252117,-0.1099005252361545,-0.5564047681349487,-0.6775743973155693,-0.23364618984981853,-0.38363527637525047,-0.5429692619090489,-0.2466190829336431,-0.23103463391747608,-0.4602963214651866,-0.23887185358021365,-0.5360252642100231,-0.4102951272133791,-0.1489930389132883,-0.7521087432963909,-0.5864409233338018,-0.21962634519088964,-0.8798070180703953,-0.7005679451302609,-0.23940680795338293,-0.9999957470540174,-0.8215607613150406,-0.2562146418319466
19,j,0.0,0.0,0.0,0.1526605624126873,-0.27706071763562545,-0.11718424225498911,0.13571353331455818,-0.5795438343310058,-0.1703417928047597,-0.10018501126963908,-0.7509572061169627,-0.2115217662204464,-0.331299838418048,-0.667950222809316,-0.23385718397715743,-0.1450909430163303,-0.734865058356384,-0.08808563311352564,-0.2871090135959672,-0.876539568376781,-0.20185603313755707,-0.18495556421665998,-0.7324177691882254,-0.269276391298682,-0.08723825165335215,-0.6210089034830418,-0.30057088120626807,-0.2853061710573818,-0.6173158593977837,-0.08591521595208346,-0.43070526717657664,-0.7415272263926246,-0.22723237544592417,-0.24016398344457068,-0.5683711583586063,-0.28538778896458267,-0.11230224685337793,-0.4472366838610079,-0.29913272387201983,-0.4123804396340793,-0.4843755493912929,-0.10533577091161868,-0.5473952555016506,-0.5950410131303085,-0.2520862065189712,-0.32635408161858576,-0.46514883672636254,-0.2980426496651293,-0.16855356255836906,-0.34293172899933233,-0.29734051130123273,-0.5247159292958445,-0.33551317110899576,-0.13105357677648724,-0.7524829737130827,-0.46540426518894773,-0.22160709312315446,-0.8739300079183784,-0.5570823644834215,-0.26986401591857,-0.9999974059452245,-0.6482394020836386,-0.297840216423822
19,j,0.0,0.0,0.0,0.16630668721757969,-0.22757179294284227,-0.09248082224792901,0.22066267471350043,-0.4968116406174392,-0.1423634643299655,-0.01095115933850185,-0.6301846319657688,-0.19329359655094727,-0.23987200608057643,-0.5993860964164001,-0.23540613855253065,-0.020385290967714118,-0.7648356331098813,-0.05631464200051577,-0.09128976655437582,-0.9999976137725899,-0.1696860262245845,-0.08174028620284647,-0.9562284628627479,-0.2267590023829496,-0.04989735402219021,-0.855256870721188,-0.2423294442480268,-0.22636994743904545,-0.6886410460831938,-0.0746586268260784,-0.30621970932988396,-0.8932531096510469,-0.2414748538681968,-0.21189105152886636,-0.6875637231520092,-0.31683268263103537,-0.13011919021337576,-0.5094341474725229,-0.32299562547880395,-0.3967293430335703,-0.5854169536761155,-0.10929000947394991,-0.49806596907873907,-0.7403094510181979,-0.2678013507439849,-0.35167919549296545,-0.548726957244111,-0.3056922504044652,-0.22626754166830773,-0.3918697625213542,-0.28500818704486786,-0.545628684873465,-0.4533654234610138,-0.1484529541496433,-0.7051098852411387,-0.6334318905098144,-0.2222022122668158,-0.7819599403156663,-0.747039643609223,-0.2418884593977875,-0.8458196100267587,-0.87360684699549,-0.24304735136996933
19,j,0.0,0.0,0.0,0.00966583997328751,-0.1338889795530053,-0.152349067019584,-0.1062173901875796,-0.4223780292817641,-0.21233956314068042,-0.32408831974859525,-0.6185342578195793,-0.25895589048493173,-0.5033924415202996,-0.6675565954956849,-0.2986550540402211,-0.5796837728627968,-0.6549063875696846,-0.08120366800667272,-0.7859746505569881,-0.7934702826916984,-0.20434569668343758,-0.756650381487552,-0.7171780655500833,-0.3065566866643244,-0.7397808909137547,-0.662568826750763,-0.3768827699354223,-0.5592542556346151,-0.7400677237405829,-0.06584496319070525,-0.6435069279979989,-0.9746230672222235,-0.20671756222742338,-0.4665324579060734,-0.7500337388899103,-0.27012133300218716,-0.36732672136022343,-0.5600283333386709,-0.2835177990037003,-0.4992780153430705,-0.7626376084495615,-0.07192456931227198,-0.571927051438119,-0.9999962846892172,-0.2244080224960744,-0.42561296765992085,-0.8136872634940563,-0.21913887412514316,-0.34675879801988746,-0.6479205881897053,-0.17964893908959728,-0.4298184096965025,-0.7299196215101055,-0.08922042683486588,-0.49009515733875614,-0.893978420752919,-0.2188892310206507,-0.38323899526236266,-0.7652027719697818,-0.20453860712255803,-0.3219174475606797,-0.6358749935240392,-0.1645747695589963
19,j,0.0,0.0,0.0,0.14153459453435052,-0.27023108007512964,-0.08974800680748636,0.14291190578021312,-0.6146425781833996,-0.11820353076211934,-0.10314039432592385,-0.8084639210511829,-0.14891042645218888,-0.3348874304246502,-0.8164891685048374,-0.16309518672045328,-0.13237806953790787,-0.8047570174467152,0.0034755390201175883,-0.2620114433780348,-0.9999978918485293,-0.09811938051866129,-0.18555552773050474,-0.8695857673062554,-0.16271090042197145,-0.08378490531327062,-0.7431982037746657,-0.18501709752065412,-0.3139146279327982,-0.7211004065210029,-0.0062959637212399245,-0.45813624223555727,-0.9322281407995698,-0.15413490438783928,-0.3223255124828447,-0.7599514277342954,-0.23358092115812698,-0.20169875648503996,-0.597112237044677,-0.24525201929210136,-0.46703140354334066,-0.6195690952311974,-0.03557024349505117,-0.61516756736187,-0.8310544139890923,-0.1735422420505084,-0.44310204997915026,-0.6852370361458869,-0.20991106215525507,-0.29371498446802335,-0.5322583560612274,-0.19189611441279428,-0.6012283381742018,-0.4855815656903125,-0.07141269220951242,-0.8055014013369161,-0.6682848365127034,-0.131126865679649,-0.9100076094195139,-0.7990847342969017,-0.1539558922508411,-0.9957096425202241,-0.9288704655757303,-0.15883695337826756
19,j,0.0,0.0,0.0,0.1182671251489391,-0.22917403356287516,-0.1979584802176482,-0.02739989999950025,-0.43688161014954696,-0.2810511934491467,-0.3501198150755813,-0.49786690735759914,-0.35846590021274555,-0.6049832617606424,-0.40962115397583915,-0.3901153192344871,-0.21879232347714708,-0.5550949781703022,0.07653708546456131,-0.40122263995713,-0.7175664274711113,-0.09486898344328414,-0.2720957631463309,-0.5953236199461831,-0.213175828886391,-0.19067518072040138,-0.5064896499344713,-0.24727426392230867,-0.3731693563392336,-0.44708522719903493,0.10079562093320833,-0.5800046874425122,-0.5987773350389505,-0.14974760392951902,-0.38809715161745234,-0.46742819627480453,-0.30863094531710106,-0.2890778744505837,-0.3871013819947172,-0.33375859193993923,-0.5119079355120932,-0.3529358407450935,0.07737799893049996,-0.682526115235428,-0.4702964908298579,-0.11991757281301293,-0.5067293471964658,-0.4259233187854371,-0.24159005644339793,-0.4064118263643038,-0.39101090522050014,-0.24766377761033237,-0.6275534986968296,-0.2730552737664991,0.03732006253183175,-0.794402095101055,-0.4064571952157744,0.0033330476845585375,-0.8885936484298722,-0.5105272071257861,-0.040800973209632975,-0.9999984867534377,-0.6038194560140708,-0.05664825721922567
19,j,0.0,0.0,0.0,0.15335669795787024,-0.22973285298707408,-0.06821920461331715,0.18882682499975773,-0.4965944821931762,-0.10947069821086149,-0.03712780964025347,-0.6271425446424508,-0.15584763973368151,-0.2514313037317495,-0.6019656530535074,-0.19239089359968614,-0.0031638884944906027,-0.7573195098836364,-0.046352983409914984,-0.08303974910100272,-0.999997683357017,-0.15805256126146433,-0.05503437185234012,-0.9075616839058595,-0.21144960045070996,-0.012932409755532073,-0.780773060558885,-0.22044850062284535,-0.20013579666207956,-0.6878684084847492,-0.07571604136979031,-0.29760504795772175,-0.9091452851452897,-0.22081980495495748,-0.2133443717817709,-0.7304714726348241,-0.2848241486575373,-0.1388410321696131,-0.580626355364921,-0.28992110839946644,-0.36979094591653705,-0.5931402365110697,-0.12075299402503907,-0.4517031118356775,-0.7390745760591135,-0.2688751846292936,-0.3050503971341144,-0.5558076502532923,-0.3067304656197483,-0.1837315740310193,-0.4092451725844682,-0.28853789965240423,-0.5159163918965791,-0.4760314853432416,-0.16754431304661246,-0.6583714621042623,-0.6793351748975921,-0.22990940818888392,-0.7178286913049542,-0.813506319800613,-0.24197598774677093,-0.7669864713320083,-0.9574251354796816,-0.23979390164253703
19,j,0.0,0.0,0.0,-0.11907901752533372,-0.18445237791422686,-0.10383161086648604,-0.32626030180388493,-0.4371170986678646,-0.14792209786831167,-0.5896931071641182,-0.6127480462184737,-0.1972255632030346,-0.7997715901873952,-0.6408407853622315,-0.2259991408354333,-0.5001633082610274,-0.7012848445378523,0.02433205668971725,-0.7041441973307264,-0.8888504540381114,-0.10383928324872226,-0.5920303359186985,-0.7405368860737775,-0.20438077997114223,-0.4622851927108796,-0.6120876182768124,-0.25000449037612665,-0.4346580767084584,-0.7506308195607032,0.02545763704358681,-0.5983782706586042,-0.9573486249444815,-0.08452380969013759,-0.5141413299736841,-0.8200396519827341,-0.14925572542022997,-0.42510009765016327,-0.7027455052971368,-0.16538224198522644,-0.364517627358847,-0.7669360992814185,-0.0030632530670113866,-0.5212006185111422,-0.9999964025512242,-0.07877206930576518,-0.4751042491557834,-0.923937403836115,-0.08239930359623075,-0.40651848577728067,-0.838298769172416,-0.05799751636973684,-0.2897706931161485,-0.7497050411067674,-0.04683738308202611,-0.4023405285599761,-0.9539234054834113,-0.059447656919317526,-0.39836348724570286,-0.9598154734038457,-0.03168920581486146,-0.3703970442245548,-0.9354141619320581,0.0025075485052166893
19,j,0.0,0.0,0.0,0.14067892939657203,-0.31726596823726094,-0.08730721655809094,0.08491876879196064,-0.6298308039699426,-0.11060762109972642,-0.19714791021926936,-0.7635212345675997,-0.13159055196763095,-0.4304694423496916,-0.627297357379551,-0.1363232503994856,-0.18929531544350253,-0.7225318848258077,0.0009343654158890946,-0.3685945042039699,-0.8590136468997601,-0.07517376105274105,-0.2833838896291591,-0.7278570261106438,-0.1258191063820142,-0.18256597279401332,-0.6274090469604177,-0.1501846992236139,-0.33661278295227376,-0.6033783526029107,-0.009305425931951734,-0.5332220406563387,-0.7294050618623642,-0.11281291144291915,-0.37548184674834373,-0.6059562934165745,-0.1703842479977502,-0.2423518617548407,-0.5127697715043571,-0.19083272606029997,-0.4645758081648998,-0.4694485612449571,-0.040880003048984176,-0.6135737044407602,-0.5680061715378796,-0.16779012127531445,-0.40444377230792283,-0.4624001314514308,-0.22186090886591356,-0.2358453534398612,-0.3591030691391927,-0.22869948937376267,-0.5709157305217266,-0.32519865261491754,-0.07710737557092917,-0.7764439914874924,-0.46317560219988757,-0.14213336736742072,-0.8882754090414708,-0.5641998269437563,-0.1752414394502295,-0.9999969531053283,-0.6537737811444274,-0.19752819861738
19,j,0.0,0.0,0.0,0.21188037139488444,-0.31877314102417786,-0.0802110755391578,0.23368475015572052,-0.6458151569502277,-0.12003484032772402,0.04403358186453771,-0.8680984336812657,-0.15360818096200773,-0.20596303776045036,-0.7932531580145643,-0.17090124218444883,-0.06257693354782465,-0.803294250770664,-0.0776554976141799,-0.16841649282709717,-0.9999967720245643,-0.1545720685306992,-0.0836896259351998,-0.8289727466310334,-0.19315454367988233,-0.013122031253521058,-0.6875673281963196,-0.21486426049475377,-0.2147238854180775,-0.6960696833246715,-0.0927151766496008,-0.31953428463847866,-0.8775079657917784,-0.20786059925938588,-0.1646969709990731,-0.6811431106256177,-0.2591888989827833,-0.06217385066815827,-0.5359409208277075,-0.28162599280318157,-0.3613057923186548,-0.5809551773641591,-0.12161578621643937,-0.46202966226808984,-0.7430692432949356,-0.2543755218126956,-0.24090618677744757,-0.5943236760013807,-0.31326263564206586,-0.07856595190870068,-0.45807425518447104,-0.33603701074554543,-0.48952559053004807,-0.4569387928387187,-0.15191370567392096,-0.7120581244785599,-0.6299638986570564,-0.2384869615179512,-0.8345674215594052,-0.749851040594449,-0.29391643713962484,-0.9570386229790696,-0.8764450391241331,-0.3396680996530126
19,j,0.0,0.0,0.0,0.14788472728231553,-0.20683104714394285,-0.10482344272451166,0.13712441385743085,-0.4962093180297346,-0.1387732168061655,-0.13371961843671917,-0.5957965016862639,-0.16417407062605485,-0.3652460495339242,-0.5355954169886306,-0.17056038810972218,-0.07329625850155483,-0.7533418679068088,-0.06691416264846305,-0.15497219071138685,-0.9799772163119018,-0.16880212191227506,-0.08645308029123228,-0.8670205253148372,-0.20792307745095234,-0.04455037355825605,-0.7260187385607009,-0.21559703869636215,-0.26613469699708125,-0.7049562475754473,-0.07470993574720908,-0.36054424899067006,-0.987428802427211,-0.19641696610209186,-0.2659483830845745,-0.8495380127764849,-0.23892756193164918,-0.2135890363380298,-0.731893734521771,-0.23681078130222386,-0.42498123528735404,-0.5896622987776775,-0.10306305024237063,-0.5744587638609038,-0.816006988346225,-0.2587142107487298,-0.44972730758445995,-0.6518634039613438,-0.2980356364040504,-0.3585668327660809,-0.5247723139486241,-0.2840567843894925,-0.56186779066641,-0.419163035387235,-0.13500612530620124,-0.7612959421874971,-0.5688452581060817,-0.26352035621602266,-0.8778214807451461,-0.6350605033844822,-0.3174755581123553,-0.9999980846637536,-0.7041414666970399,-0.33731699086862965
19,j,0.0,0.0,0.0,0.12179845157840957,-0.2130037812766708,-0.09004463735249303,0.10434463493089507,-0.4817329802672743,-0.13308971011834828,-0.1454198353489517,-0.58867887013436,-0.17264128279604202,-0.3562539950645524,-0.5599553351561586,-0.19598510196517505,-0.10576397459383657,-0.7394141351243652,-0.0840813834189779,-0.21848471810604325,-0.999997816162133,-0.19860148880120215,-0.1564469226147338,-0.8968095837959456,-0.2556534209215526,-0.10601311400275715,-0.7531907374030153,-0.2753072042841104,-0.2893297999697037,-0.6765152857197801,-0.10058978174391335,-0.427982324294582,-0.9591031572070716,-0.2207317133325897,-0.3337942856173706,-0.8222375638151409,-0.2715763611605567,-0.26685316882808113,-0.6994029838694336,-0.28246394207236253,-0.43505058114594086,-0.5565667007609498,-0.13404211677531416,-0.6036723374936236,-0.7653438332669518,-0.26244115187497524,-0.48554732544454926,-0.635136666303712,-0.2922228785066876,-0.3902995331112632,-0.5191652652894293,-0.28418201472562415,-0.552596415661059,-0.3918684345196852,-0.17301351126115933,-0.7545116058209994,-0.5538488813834382,-0.2700287094953459,-0.8547477184251104,-0.638543654229045,-0.30734553649466256,-0.9579593157463142,-0.711014260094064,-0.3221867736873991
19,j,0.0,0.0,0.0,0.141911761144552,-0.30893297811928844,-0.10839221305898866,0.09345170310253607,-0.6196836170385838,-0.1444304863329678,-0.17468016053597987,-0.7649648567296136,-0.16757194469489842,-0.394202872630757,-0.6088054991686783,-0.16333967615037756,-0.159549418620992,-0.7223393359191739,-0.04938118993052078,-0.3110789213627641,-0.8657719545586788,-0.13862334200549295,-0.2111079232869802,-0.7115229655900052,-0.18393987512436433,-0.11815400568091572,-0.6123169797626207,-0.20394739716060023,-0.31217273494152936,-0.6120457748778162,-0.04427912100977619,-0.4730937445934525,-0.7270446023006933,-0.15152912933680118,-0.29535682134755514,-0.567419945079644,-0.18271631820107484,-0.17981091417299633,-0.4923055319529321,-0.1834484676126677,-0.4381904715456838,-0.4818828238162475,-0.06301561878179562,-0.5792164927571465,-0.5952469845514412,-0.18313097369259798,-0.3566371909147509,-0.45900925162500966,-0.21153503701408816,-0.19829574098985256,-0.3475039167169807,-0.20334576942387703,-0.5387263644899445,-0.33189960402737884,-0.08950884326977389,-0.7526129271100783,-0.4507952720463314,-0.16368231446466186,-0.8712569349840115,-0.5371070914468705,-0.2065906070136506,-0.9999970981741502,-0.6250956073737458,-0.2334433930958542
19,j,0.0,0.0,0.0,0.14433421302927227,-0.25972108987070963,-0.0801823882425482,0.15097400289825455,-0.5472492617725625,-0.11527642489080671,-0.09119370178782478,-0.6945058414005582,-0.15368945267466583,-0.3089094406884708,-0.6800294529614653,-0.17513577708439362,-0.06275936542965166,-0.7720084754486187,-0.026218393169907154,-0.18057508098456432,-0.9999975979042841,-0.14437724581696068,-0.1522213527492211,-0.8759139923010831,-0.2024819932694016,-0.08912409181356841,-0.733666641961522,-0.21558473267395542,-0.24407466665405725,-0.6848537703660014,-0.04604035607514067,-0.38380397959360135,-0.8766655234498117,-0.20850333413915872,-0.27224978275222406,-0.6864423087723919,-0.2758057833938284,-0.1690083164746889,-0.5357552307021144,-0.28061682121862647,-0.39819589415619394,-0.57930623884804,-0.08698483506631284,-0.5229227898053538,-0.7227219774404493,-0.2491806197533795,-0.352238382762444,-0.5536535270197771,-0.2953044480399932,-0.21114861088306014,-0.4141719802552902,-0.28174086068631193,-0.5296808431014364,-0.4589626067448416,-0.13154126131266886,-0.7014528870983024,-0.6445647424375426,-0.21720620157457482,-0.7975588879806792,-0.7725308533103327,-0.25575460232492714,-0.8905977712657872,-0.9063424132608789,-0.2709910587854373
19,j,0.0,0.0,0.0,0.21822723733569754,-0.25475278870390283,-0.06050987229820249,0.27365009057457146,-0.5192384844129341,-0.08669769809739226,0.11770929314759589,-0.7258593277604246,-0.11704272336346294,-0.08586469997487121,-0.7427986988118962,-0.1324381180050692,0.18110360286679733,-0.6544899172523085,0.002909716354609591,0.03776628225746028,-0.8334983550508288,-0.06559043543795291,0.06060443531112003,-0.6852341374779329,-0.11156173531001062,0.1170797648699494,-0.5785784487674317,-0.13454016821349823,0.017137829684815063,-0.6165766131741343,-0.011414635312963231,-0.12888815767698442,-0.7711898410443793,-0.08534760541205465,-0.0671973019144976,-0.5988717290731659,-0.11927867588169243,0.008749256055917908,-0.5116271897441148,-0.1370663768953027,-0.13926006816208575,-0.5662801567631874,-0.04446792525169286,-0.2830896827999892,-0.7357544585592303,-0.13052879965934663,-0.1939047053329593,-0.578671430697954,-0.1588249425761965,-0.0998815437856909,-0.47374762155114686,-0.165177922566828,-0.29267588035371106,-0.5015479693001091,-0.0826382376852787,-0.432761019979917,-0.7213376779117516,-0.12457126619657931,-0.49953870579138526,-0.8572119751502133,-0.14571521923425812,-0.5638801192508236,-0.999996506208438,-0.16391632801091185
19,j,0.0,0.0,0.0,0.10804919252095,-0.30431368274665116,-0.07549426173031203,0.04293182731452292,-0.6085434171055929,-0.08699849922914764,-0.23083054978502268,-0.7287512899064391,-0.10306621092048826,-0.44415599521289767,-0.6042938408977564,-0.10210092105681248,-0.22828302713799528,-0.6966398656577443,0.05239165789329712,-0.38873941031621817,-0.8334916722718189,-0.03802248516202992,-0.31185489078257306,-0.7135443503928264,-0.09564184077371059,-0.216752716086102,-0.6104586062951978,-0.11330953683455389,-0.3659747062791074,-0.5807665279422961,0.04034058992452076,-0.5397379193991305,-0.6930477296936546,-0.09249686600165376,-0.37154755781320853,-0.5518267204192575,-0.16048305076306843,-0.2369915841430103,-0.4585058838719879,-0.16841041166620524,-0.48221671733057964,-0.4482337881458843,0.003986579397942565,-0.6255379131674967,-0.5388441799899794,-0.13712947404842218,-0.4178103483300584,-0.43824385227847085,-0.18705037385720297,-0.2550277397824089,-0.34468749386568304,-0.17453254216488862,-0.5865468408160236,-0.3007772014544133,-0.03734085388838733,-0.7721171614774154,-0.45818291576927234,-0.1027077396454706,-0.8865742588002097,-0.5736299044971406,-0.13428285612143412,-0.9999973918143825,-0.6735091311042226,-0.14516390801088283
19,j,0.0,0.0,0.0,0.10373927539694767,-0.16163636361450268,-0.13278559829820927,0.07698220183595249,-0.3521289660817571,-0.19276434179944288,-0.10176759441468505,-0.4220641609973016,-0.23208062371572266,-0.22684872289075703,-0.4198002330500614,-0.2562627877691179,-0.1973692486187878,-0.49372217530891105,-0.14533230632075156,-0.3281019270227236,-0.6332406473754689,-0.21902442375967898,-0.2867842241467918,-0.5832695971105509,-0.24924712710295296,-0.21392706850087084,-0.5055766893336473,-0.2575781535712165,-0.3464157732916679,-0.3923000099364176,-0.11842221500978187,-0.49064582115580924,-0.5411623694017205,-0.19732301912503591,-0.4270308962586475,-0.47888653867364395,-0.23121158022670252,-0.3582567373374011,-0.4167373016461129,-0.24379850878551107,-0.4517888071898245,-0.2720004972902408,-0.10465186595497705,-0.6103588041944342,-0.4093428300059166,-0.18371106328135942,-0.538968131604705,-0.35564967048526563,-0.20761591397339668,-0.4587195260275205,-0.2929588159871601,-0.21233553705897956,-0.5194330378150476,-0.12953690866064388,-0.10024498974391985,-0.738898262640153,-0.1930571745495586,-0.15903362523017736,-0.8799120989388061,-0.23760657922519113,-0.19423141329368998,-0.9999978654373284,-0.29787675860110985,-0.21711546709336496
19,j,0.0,0.0,0.0,0.14584351352570415,-0.3413438937498448,-0.08731829133841755,0.08948205186485897,-0.6574252688700833,-0.11253696020746712,-0.1754577759877307,-0.8032281355214143,-0.13793042643803718,-0.4078497650479297,-0.6848654097597723,-0.144390775499233,-0.17125870103752572,-0.7521999716401749,-0.0016378661425121854,-0.34162511566536496,-0.9130259425081244,-0.08771943004195487,-0.26343608798343193,-0.7722869179213557,-0.13888668548523156,-0.1711048652593954,-0.6680411044569917,-0.1619875902080893,-0.3155580223023514,-0.6258681247095459,-0.012639759100939035,-0.480255656575016,-0.7393565317514904,-0.12875050489522588,-0.3282485988261681,-0.5933552927946059,-0.1880915623440839,-0.20242221230939586,-0.5026800898566374,-0.21056481077148365,-0.44811350859574783,-0.492687571171003,-0.04614525934277614,-0.610620879235917,-0.6126193829730439,-0.1848536935935463,-0.4196307462059871,-0.4975986471120236,-0.23888019652843342,-0.24845995132739304,-0.39980771288425376,-0.24638849105231325,-0.5579608114175202,-0.3561572484257382,-0.08465545917066997,-0.7723528475405544,-0.5002644208298903,-0.16076189975618277,-0.8925661729820943,-0.6054208020732761,-0.19931947130391844,-0.9999967371225308,-0.7034052465402869,-0.22446536111785145
19,j,0.0,0.0,0.0,0.1609199994316493,-0.23554187647034117,-0.06572529047990222,0.20521505385910188,-0.4993798952477624,-0.09824467874993163,0.0040049195431617725,-0.6241871973110253,-0.13348630012747287,-0.20467859750867506,-0.5796621189199158,-0.1578968694538427,-0.006614253880895504,-0.7593688064319412,-0.04714071782057296,-0.10531250491189552,-0.9848370842554519,-0.16405333837465932,-0.06874202258343032,-0.8653983391680486,-0.2207109162493367,-0.018644054586707925,-0.7384729663306375,-0.2339857981999813,-0.18622969056706037,-0.6814313496046001,-0.07508100437007502,-0.30006353171826083,-0.8954701120603257,-0.22690953293490615,-0.1973109086542272,-0.6945642137217802,-0.2839831140731388,-0.11188975262271195,-0.5562341515983097,-0.28501359613833527,-0.34844570464579544,-0.5805605169122311,-0.12087034930911979,-0.4379247602769166,-0.7170515853679232,-0.27838306886070535,-0.2734602885765786,-0.5241947952530155,-0.31809471610607126,-0.14538020342855276,-0.3829338577708544,-0.30016715688069645,-0.49119886934589324,-0.4661648608659993,-0.16803952188027207,-0.6386847637866612,-0.6863572302545677,-0.257339886297149,-0.7176231842683533,-0.8369830582918291,-0.2928189029213261,-0.7978789844701445,-0.9999977666888175,-0.305763940757997
19,j,0.0,0.0,0.0,0.14602633861703593,-0.18693201433197693,-0.12514205829784616,0.09605750384360767,-0.416127294321268,-0.17892462439340087,-0.11097320716668166,-0.5050631261193047,-0.21230475617119182,-0.2797222688762446,-0.44616920814775807,-0.2305436850984397,-0.16603294571728872,-0.5525403936937198,-0.1327495994037704,-0.2811645765498949,-0.7063192238167071,-0.19696653193938082,-0.23365676846738132,-0.6433542912196559,-0.22014960053544502,-0.16993815229690956,-0.5501676536440325,-0.22746533937289892,-0.32159155027774333,-0.46363557045754555,-0.1014121712653527,-0.4491477852881743,-0.6125586938197453,-0.16221267699104017,-0.355579157334437,-0.5367218146599622,-0.17915885604890386,-0.2877127657211709,-0.4622920221280913,-0.18311812283826237,-0.4304234114742967,-0.35183250396735843,-0.0826147518109367,-0.5699872147588618,-0.5059511411229825,-0.14782939945115361,-0.4758341046673764,-0.4347430796619063,-0.15060943403556895,-0.39394640196724806,-0.3393321920932128,-0.14263613816646828,-0.5072274652305877,-0.21531994317006464,-0.072486909392896,-0.7244717529444635,-0.3120533166488341,-0.1357727732918841,-0.8713352057183463,-0.3916262009525656,-0.17176164660316023,-0.9999980368402256,-0.4631542941747511,-0.1935894655256711
19,j,0.0,0.0,0.0,0.15283909609219537,-0.28881340447126674,-0.11052665909522619,0.13472559353658592,-0.6044574532453348,-0.15595507311190868,-0.13983880491045203,-0.7547113942923147,-0.19712981250959855,-0.37616826222289557,-0.7215278786069454,-0.2149161958788437,-0.14087558337867329,-0.7968061980139417,-0.04936871048002051,-0.2767709016489149,-0.9999982127658561,-0.16323950046775973,-0.20991016878205798,-0.8242170973710868,-0.22843069509203875,-0.131583726004864,-0.6934284922998785,-0.25339990525571027,-0.3213964781493276,-0.7107211475411412,-0.05158948170307258,-0.47533967806211164,-0.9145029515547363,-0.18918351675196302,-0.3598263112651818,-0.7291941802616875,-0.25286495100214845,-0.26795431652128787,-0.6116799082534964,-0.2655112514466815,-0.4755723340266218,-0.600280085574867,-0.07518835263003676,-0.6510989020646157,-0.7991733978836133,-0.2005469336724096,-0.49284831772097715,-0.6404358232736018,-0.22558982088802906,-0.355982481060319,-0.5030389472434001,-0.20905550797614209,-0.6044240568877918,-0.4608147126623959,-0.10846186404206251,-0.8044110333264116,-0.6308168200815643,-0.16576943434282732,-0.902034285643546,-0.7451726595385822,-0.1894243087509464,-0.987703080080942,-0.8534939316523896,-0.19864581805581638
19,j,0.0,0.0,0.0,0.12333613700397283,-0.2993867039052279,-0.12561060897403162,0.049928992568901466,-0.5842436298789273,-0.17401039275015415,-0.22808443147663063,-0.7163145659590464,-0.21527985679596992,-0.4495340980786665,-0.5964918847801166,-0.22977929173044714,-0.2084163355637736,-0.7049090851330512,-0.022297517363296784,-0.3787989871330548,-0.83139306796946,-0.12903129277526468,-0.2681011886242515,-0.6770721421758028,-0.18894798696502996,-0.16637139984654,-0.5799865038354135,-0.2126517192717639,-0.3401378113824244,-0.5950529935365912,-0.016217564896576095,-0.5091742725878003,-0.6891929778326334,-0.15578743098349823,-0.3221455880101103,-0.5195807466972773,-0.2074669974924829,-0.20127175142336412,-0.4458309006987912,-0.21104279341404703,-0.4585840659166826,-0.4708449844836987,-0.039738775672138724,-0.6124439062147015,-0.5588097953727936,-0.18854991743571797,-0.3942421141762955,-0.4384104193894131,-0.22818800963185976,-0.2411013993511841,-0.3456988681409607,-0.21456213642081573,-0.5631944829490461,-0.33275176386102484,-0.0730380228056383,-0.7616351936182149,-0.46716412637949545,-0.1530562944581642,-0.8718697723056786,-0.5632169645130982,-0.19253130638469063,-0.9999976127971132,-0.6544322111566645,-0.21043886817085913
19,j,0.0,0.0,0.0,0.16298569082254458,-0.2495587585380172,-0.07572070364425482,0.18660845073904458,-0.5197036564833382,-0.10550164040141456,-0.022987414923438493,-0.6766927697363061,-0.1346499784933286,-0.23693633538650125,-0.6450029848921383,-0.14448628129195457,-0.007438758615420278,-0.7070732657499121,-0.029616913255048005,-0.0786903556089999,-0.9074317200701388,-0.1275517144420635,-0.041700909355397366,-0.7367680646446665,-0.17651532527013547,0.0005868627074862953,-0.6245212894168451,-0.18968544465463374,-0.17056161557373828,-0.6489058756609514,-0.04411850078015851,-0.26708991293401285,-0.8406472381302553,-0.1535948239143917,-0.1767498517653547,-0.6559613170322921,-0.18758611494322128,-0.10648633176539904,-0.5634962492392687,-0.1864291513101762,-0.31668315071698877,-0.5689014230608368,-0.0792940935076769,-0.38671420951021257,-0.6930379779759238,-0.19542653860983103,-0.23547939595896047,-0.5200172553994005,-0.21389339777842808,-0.13010695472165332,-0.3925812338648912,-0.194021720978284,-0.44545049848459395,-0.47921333510715236,-0.11969852744648603,-0.5755530457257404,-0.6961701606761093,-0.1751187382745349,-0.6473162443581516,-0.8488272548309166,-0.19379655548739108,-0.7252394980189386,-0.9999977592347734,-0.20170562900189523
19,j,0.0,0.0,0.0,0.19839607376309515,-0.33086165838296705,-0.07847828817523592,0.21218595477154573,-0.6605470302438582,-0.1145398315169853,0.028177577332966632,-0.88632376574217,-0.14576837629303557,-0.21297926907221096,-0.8208296509114138,-0.1619174927452446,-0.07766660187135246,-0.8076382025842432,-0.06176789027970846,-0.17478226588430565,-0.9999965474434818,-0.1360151120162092,-0.08814617059951747,-0.8320112667826967,-0.17886611001203945,-0.020344447491067476,-0.6914438955584047,-0.20439930634278866,-0.2292110352925146,-0.700823731051095,-0.07887766559104503,-0.3380224775062479,-0.8809814987524763,-0.18701282279759165,-0.18136132118709872,-0.6868100551523789,-0.24225871365255097,-0.07373398545482523,-0.5440260341253332,-0.2686905365001432,-0.37448797705581416,-0.5813209638406144,-0.11016976039886554,-0.48425849613031285,-0.7390856604807279,-0.2373792647853465,-0.2596611339801495,-0.592074951406636,-0.29690057695397365,-0.09223230516605671,-0.459932763264973,-0.320967453729573,-0.5002011296418137,-0.4484605741660535,-0.14330049743329593,-0.7233409954146849,-0.6068008609745096,-0.2253635885092397,-0.8465842755657729,-0.7220127341556333,-0.2759151500289251,-0.9690812640667019,-0.8413755652508215,-0.3182925645963378
19,j,0.0,0.0,0.0,0.1477746217196506,-0.24538302991611813,-0.0792037600323685,0.16174528311361358,-0.5164508479068065,-0.12100245789921826,-0.05907672220677293,-0.6279328543340067,-0.16072422467103806,-0.2678985586458205,-0.5476423160089589,-0.1925469020607787,-0.10607275722634545,-0.745323948486348,-0.06611027480554328,-0.21851491687618166,-0.9690598708528771,-0.16083818886564993,-0.17390851075590946,-0.9092443288487131,-0.22685945410019656,-0.10882913046398747,-0.7898321884528987,-0.259116020374434,-0.2781740180623363,-0.6656986972592744,-0.08352983235761752,-0.404784642067567,-0.8676229826612695,-0.1988300069678132,-0.2819942256287922,-0.7159478189010501,-0.26072863843058347,-0.16799611405929463,-0.5640298134010063,-0.282226428642419,-0.4295896113936141,-0.5495014064819663,-0.11542571499647296,-0.5575181252041439,-0.7372066737977178,-0.22681986133735427,-0.4062111764362546,-0.6036222085797895,-0.2676359095713402,-0.2730929085326294,-0.46171659926409786,-0.2736474375383564,-0.5557040735095293,-0.39641441489294266,-0.15283258047477485,-0.7731121394277383,-0.5628924463727757,-0.2234264191751392,-0.8931844196325678,-0.6733734889291635,-0.26186430501514013,-0.9999969158150471,-0.7747605587169163,-0.28678802965074557
19,j,0.0,0.0,0.0,0.1725756967983594,-0.2627810945959066,-0.08260483135812455,0.16943339598563353,-0.555872111047027,-0.11458459633451729,-0.05470918873867099,-0.741028773865938,-0.14388006479283083,-0.2703775869780947,-0.7122389848231485,-0.1633039878620409,-0.1148685063397381,-0.713799740223776,-0.057568464318457,-0.24055746137997028,-0.8715373869930697,-0.14399081947565076,-0.1414871069477226,-0.7296467896911406,-0.19554584204965436,-0.04275889865820292,-0.588602838251089,-0.21710228002904167,-0.267788956997175,-0.6139473667745194,-0.06609030455290399,-0.3954496121055646,-0.7623842189383739,-0.19306972774759196,-0.22942297408515136,-0.5861415470904289,-0.25493447597713803,-0.11528232331148451,-0.42280400131031326,-0.27290834703739386,-0.4079435199530815,-0.4997688973286702,-0.08997458267770725,-0.5283507862567499,-0.6462239963596099,-0.22294772685626676,-0.3300758313642363,-0.5070998383472339,-0.2704274797557353,-0.18254177177087003,-0.35334881305389215,-0.27435778355258744,-0.5364708586646677,-0.36671925240477604,-0.11712768832567308,-0.7592940983189125,-0.5297352368890478,-0.19872715832798615,-0.8821456271225294,-0.6456924833031873,-0.2457256634948188,-0.9999977052729403,-0.7506407347614856,-0.2759224370803657
19,j,0.0,0.0,0.0,0.15497062135924902,-0.3804085172970358,-0.08060309797729055,0.0816973557681442,-0.7131590926547141,-0.10968022917678548,-0.20375165034839726,-0.8620578612395473,-0.1423529556811672,-0.45014568169649494,-0.7296734942607087,-0.1571127495983524,-0.15976507731089049,-0.800465470541861,0.009483365577302541,-0.3786986781884638,-0.989210791458212,-0.0779112421784445,-0.29345259229584664,-0.8581284871865762,-0.13339568774632501,-0.19722525465573604,-0.7547764581611108,-0.1584672396429076,-0.3045236278626592,-0.6629551381246643,-0.006419768007811326,-0.5280166681450409,-0.7783609902161047,-0.1276278666633727,-0.35451940232813395,-0.6344825184207389,-0.19223308414749973,-0.20103642979052647,-0.5595815017844397,-0.21746015444540295,-0.4344976446151611,-0.5230412632652331,-0.044998528951517305,-0.6206804761300214,-0.604002194387885,-0.1814992558867069,-0.41763742730948133,-0.5052703815064593,-0.24446991454153721,-0.238191342149687,-0.4396062452708818,-0.25789609808533576,-0.5464177139191897,-0.3855313255021872,-0.08771349548261918,-0.7695180733214723,-0.547079450266633,-0.1477852220723565,-0.8877433346666088,-0.6651629321080754,-0.17692278468870082,-0.999996689401033,-0.7735209517100398,-0.1975013964048939
19,j,0.0,0.0,0.0,0.11667188305696985,-0.24174562711125613,-0.09828074182756896,0.06965989820881327,-0.48873768806081935,-0.13584796796394405,-0.16991453523771974,-0.5722317992397586,-0.1690098952310303,-0.34214991438193326,-0.5099460914066339,-0.18712027047896554,-0.18769381535030435,-0.6380185033892182,-0.019364143645402995,-0.318513972049844,-0.8200218743207607,-0.11314769358622662,-0.2607178919611766,-0.7308810570787461,-0.17650704701712702,-0.17079683306007526,-0.6018792954063253,-0.20003439653086222,-0.3443562915173464,-0.545003708894153,-0.012809637956556564,-0.49141862033086514,-0.7205425388060838,-0.12752204663238925,-0.3807135888219823,-0.5874427462376394,-0.1899924526252194,-0.27227728871591705,-0.4656425108535825,-0.2012696134821599,-0.46684380949323895,-0.43112885151137226,-0.026194334456885293,-0.6340994322529286,-0.6085081866109412,-0.1285319899659169,-0.5304772731873343,-0.512312300301877,-0.16040217478277574,-0.4170994425737193,-0.40468642493506246,-0.15223402179688794,-0.5621739354160853,-0.2858735312935334,-0.048129833368351894,-0.7682320163248652,-0.3885141980427806,-0.10238613775662661,-0.8972970660725597,-0.4641914336702943,-0.13289678868422733,-0.9999979784907966,-0.5406142094515567,-0.14555057813900185
19,j,0.0,0.0,0.0,0.16864152133316465,-0.34388682264824744,-0.11789009614330409,0.10010282421206151,-0.6688947786871032,-0.1655365041026325,-0.17897672017928462,-0.8232755600489201,-0.20220939088171191,-0.4271688957354498,-0.6948362250426847,-0.21187281324422472,-0.13636497698563135,-0.7995915000646807,-0.0480053253736134,-0.3054563356604074,-0.9395341999003812,-0.14475000013172634,-0.21394046580616852,-0.7688898631373969,-0.20121258355928465,-0.12382826389241355,-0.6691051095848555,-0.22990454022237058,-0.29255940945218156,-0.6847548343787118,-0.04523284700019316,-0.4633351315175696,-0.7986784770923893,-0.16353657285670084,-0.3007604075660782,-0.6211744545770576,-0.20794503151333177,-0.18725132457290228,-0.5329003120680471,-0.21961002982167932,-0.4322896808018478,-0.5527682868974211,-0.06798374537691469,-0.5870146573317904,-0.6728752384873562,-0.20168928433264657,-0.38168078693735963,-0.5232275697394169,-0.24075803406403942,-0.22290441398525682,-0.40584138084134763,-0.2393482640485527,-0.5419681862120266,-0.4032377017135977,-0.09914309156092577,-0.7597563916871375,-0.5370037668175749,-0.17533044174513646,-0.8770098604538962,-0.6364784586840375,-0.2160484202634143,-0.9999968007553011,-0.736721630621163,-0.2428634406298434
19,j,0.0,0.0,0.0,0.12069128430638175,-0.307927380165244,-0.1137608359074467,0.023927458772327173,-0.5939036355810048,-0.14095761500488482,-0.2607712395286902,-0.7161471296464859,-0.16086099021890896,-0.4798724012088319,-0.591722899409901,-0.15135480492876527,-0.17820931486629005,-0.6954902217479678,0.03949047205853869,-0.3538406811793208,-0.8252098015683965,-0.04260313780728027,-0.24630138485766412,-0.6651121247607233,-0.09680000844765844,-0.1501995217097095,-0.5864546947109501,-0.1205317444447924,-0.3144000954431965,-0.5896451506990774,0.05348759215156461,-0.4963414242264745,-0.6914651479256236,-0.06216980504392819,-0.32257070579595026,-0.5294306894059269,-0.11382030271938878,-0.20746486018664512,-0.47353395408469495,-0.1211044374401234,-0.43910893921537486,-0.4741016083835813,0.03694598132343463,-0.6174031255350746,-0.5763600013262299,-0.0883767861068177,-0.42056746831207026,-0.45577677230198604,-0.12994420415598196,-0.275720265493984,-0.38091205352984103,-0.12092948108438148,-0.5551447010101517,-0.3496135352417548,0.011182076066444998,-0.7602383448248353,-0.48667662193726796,-0.051270351013967354,-0.8758482930819149,-0.5764095145282877,-0.08871754615727409,-0.9999980454266216,-0.6726078992948421,-0.10728089024572308
19,j,0.0,0.0,0.0,0.13165410638017291,-0.24985797295887355,-0.1573744865009649,0.10183162354762397,-0.4817278951094977,-0.23133899265344457,-0.13714402548973995,-0.5575415109626005,-0.29763555858150265,-0.3227214712240017,-0.48037114106302203,-0.3381683420818779,-0.15749391865620047,-0.6778189886624394,-0.023916526194386296,-0.3015978425645791,-0.8497593168013562,-0.1563436463819827,-0.22781105932036835,-0.7269761764436602,-0.23973799479115912,-0.1358260763454686,-0.6139032393313034,-0.2687924122534425,-0.32148999145085216,-0.5781842423408248,-0.00267782468355936,-0.47720496817479896,-0.7535516280757826,-0.16467754547029897,-0.3608225694485759,-0.6055344926139148,-0.2504221006734031,-0.2614176402875044,-0.511839554199569,-0.26543265783253367,-0.4572159546924604,-0.46208027026451187,-0.013246615922057364,-0.6200422693620653,-0.6348229798287638,-0.15572412641361028,-0.5125705275171948,-0.5404999571982226,-0.20773945471437708,-0.40407083967846835,-0.44780880769249426,-0.19990916292993413,-0.5670119152688996,-0.32319876561473654,-0.03779141425714263,-0.7644127185690693,-0.4427698405286345,-0.10112150931366777,-0.8949769505840603,-0.5213400219689153,-0.13940824499277477,-0.9999980181484744,-0.6023318773746109,-0.1533173808181072
19,j,0.0,0.0,0.0,0.14390339163792504,-0.3195386506379257,-0.13862444405596455,0.08504229396555142,-0.6023330168392957,-0.19929908043977182,-0.19820645071813034,-0.747973198561074,-0.2535762926854308,-0.4331759691729216,-0.6287039466360669,-0.2803347666251845,-0.16981294276802825,-0.7635542944239042,-0.008316812058565506,-0.32801508201732665,-0.9052783006114133,-0.11714258080005595,-0.252162097933993,-0.7539653088574892,-0.17165763301985634,-0.17314794462551414,-0.6316910298285329,-0.18963811333964797,-0.3144373850696928,-0.6583847916567938,0.001419509719814708,-0.4788611361346528,-0.7591942406838578,-0.14920810513933971,-0.3071824066728575,-0.5722684286806667,-0.20689318767737885,-0.18483438814534262,-0.48227713107539216,-0.20992566120551243,-0.4433496126707768,-0.5264031574282123,-0.021373017048247817,-0.6061709866940369,-0.6339952624583165,-0.1902742273773632,-0.3896681446213756,-0.49722575553037585,-0.23848874149476096,-0.22776940123128214,-0.3945376122297927,-0.22679707159294699,-0.5586695728047524,-0.3741749945135917,-0.05395331031774725,-0.7711331501286264,-0.504255587726286,-0.15344449951410585,-0.8825112145939559,-0.6065284712218425,-0.2026194484276984,-0.9999978743238918,-0.7145170210818256,-0.22446710299126515
19,j,0.0,0.0,0.0,0.13244977131618138,-0.17395259960935194,-0.10571527800332205,0.10851347603596896,-0.36930017701709245,-0.15015202373074485,-0.05777813339655017,-0.4413951793324946,-0.17892333028493324,-0.1770207126809824,-0.4377898207397093,-0.19195786696361394,-0.20520305316772228,-0.4892276897764822,-0.12691414597456366,-0.34697403096900065,-0.648543242507126,-0.19422224473000563,-0.2829964427306516,-0.5832150337114085,-0.21711240598098164,-0.2008203651879945,-0.4919332960524152,-0.21827950788639583,-0.35492444456089856,-0.38810925977841165,-0.10432506510321059,-0.5003002518445142,-0.5503826721910805,-0.17246249488181414,-0.4280808424350221,-0.48207252918795324,-0.1978192863679362,-0.35622056674212127,-0.40629650548569934,-0.20455797089507002,-0.459158541432115,-0.2651372455011342,-0.0915934110866164,-0.6347206950243336,-0.41293631249786006,-0.15556310400499893,-0.572477464695777,-0.3591997231196789,-0.1674912542021754,-0.4933679128934063,-0.29023282177295107,-0.16462840291497238,-0.5170862146690358,-0.12482310717966363,-0.08569048131417709,-0.7406160002859042,-0.19418022748180377,-0.13059116596365222,-0.8857855867724054,-0.23964271995151282,-0.15654987845584845,-0.9999977807499315,-0.2886904648169826,-0.17183883901061753
19,j,0.0,0.0,0.0,0.14870708236052083,-0.24916874729696448,-0.08685061462423711,0.12217574950086676,-0.5335385712330536,-0.11605022334291254,-0.11264655599500328,-0.6115973727463336,-0.14196827345500218,-0.29859309685978896,-0.4687106504000974,-0.1527410837788249,-0.17123773874862613,-0.6863689734780236,-0.03442036512838133,-0.30216404846814127,-0.8408910035685407,-0.13548790376302394,-0.21266178629734114,-0.730332065461766,-0.1995467678991682,-0.11507514779339091,-0.6177823000265582,-0.22833192306650416,-0.3327956858674072,-0.5786720828307403,-0.04783015004814821,-0.49615471508583636,-0.7391105803914954,-0.15875011181968157,-0.36205428454384075,-0.6224725961000378,-0.20977904603462136,-0.24252635062826008,-0.5405960848520212,-0.22301921429987684,-0.4620461842226449,-0.4394296669362193,-0.08195015902638064,-0.6159548921557605,-0.5893875649782672,-0.20349355798685684,-0.4589103172153279,-0.4897215583786444,-0.24046823493259312,-0.31654096720988795,-0.40402796795328394,-0.23798515246617727,-0.5548729551541094,-0.27342334759699805,-0.12249515045477022,-0.7686876105512953,-0.3809129950478462,-0.2003913207071561,-0.8908742371671879,-0.45316509862368587,-0.2365115135659678,-0.9999982368337367,-0.5285166019709586,-0.2550343471654059
19,j,0.0,0.0,0.0,0.12421872238157966,-0.2493129491265762,-0.08563513277509417,0.1158945828203801,-0.5318005952809007,-0.10707430597070293,-0.09468616564785327,-0.6586439870311473,-0.12847351540353363,-0.2849315430115319,-0.6846084157229939,-0.15549924730647866,-0.09853076413100867,-0.6619532916811948,0.004138743314253668,-0.18344854164383487,-0.8221801599794671,-0.04577094468071454,-0.25245640663036467,-0.9203271227341544,-0.10554051618020478,-0.3074858769400937,-0.9999970540461666,-0.15318016381576166,-0.2636314665374199,-0.5851668531296822,-0.0008987472346856233,-0.3462356368516138,-0.7521886256299487,-0.044752425687435704,-0.39220742979866435,-0.832595782186607,-0.10337569072864977,-0.4232706266318502,-0.897342016427022,-0.14847790556023074,-0.38183544233566985,-0.4718691960579491,-0.022496254736906605,-0.48332704773742374,-0.6392574301720245,-0.08900593322212823,-0.47762854330381593,-0.6646288828840758,-0.11829967313811099,-0.455207747495667,-0.6731376579924341,-0.1310791659061031,-0.4768524243133822,-0.3250886770652073,-0.05320967810588525,-0.5442973401746064,-0.4654792960304877,-0.1068633425183117,-0.4917539089297101,-0.4692636662752452,-0.10411568155567136,-0.42297808947391746,-0.4415223289581285,-0.09647993056621877
19,j,0.0,0.0,0.0,0.1110498105085689,-0.2313312273311549,-0.10735893240111452,0.0793169658583156,-0.4861670441260708,-0.16093240252912042,-0.13956966341612964,-0.5852104765993099,-0.2073889474737768,-0.32328662722396945,-0.5216073189427307,-0.23794902104016774,-0.17814056087637536,-0.6881276442406848,-0.09569154349784224,-0.29594217539188655,-0.8413618487746602,-0.2137559893030982,-0.20094277470699248,-0.7087379372577989,-0.2772673956918998,-0.12331071950549524,-0.6007430205562276,-0.30174112773976125,-0.32999068102853096,-0.5996926653232343,-0.10254104889543693,-0.4695744456763012,-0.7588213712071901,-0.23857242231515538,-0.34303379802820644,-0.6314634116966273,-0.29170884752441806,-0.25876715064467337,-0.5377213708330162,-0.30057973463380994,-0.4655999128153274,-0.47147729124117277,-0.12963277905093532,-0.5966237075894417,-0.5985042448566386,-0.26947493571182274,-0.4294293583410074,-0.4760929451787989,-0.3029701358783806,-0.302109039419665,-0.36802632856396533,-0.2919524854710966,-0.5746402605102715,-0.31587385596251033,-0.1631685668895168,-0.7870603186273081,-0.4484045426701924,-0.25347955053542254,-0.8951890105052365,-0.5364889679534464,-0.29399074762553223,-0.9999974965141895,-0.6198007605087474,-0.3116411249725716
19,j,0.0,0.0,0.0,0.12951720715912693,-0.2820937587109655,-0.10144927873528574,0.09856344387902567,-0.5825906333247929,-0.14179867326628764,-0.1271060525790253,-0.7597763604097397,-0.17288939569827733,-0.3397597227131045,-0.6676251611037866,-0.18592546549566316,-0.16499739578764022,-0.709741076129074,-0.054265487632342714,-0.2987993311721484,-0.8721488380171357,-0.15267882271193384,-0.20718953954457384,-0.7475162394033125,-0.21232194074056898,-0.11769532482479413,-0.6384944584540185,-0.2374165769612593,-0.29678248424811216,-0.6027633885179389,-0.052414998817567914,-0.4374664352446931,-0.74052661576243,-0.17408333968791628,-0.26059404192215535,-0.5807398670711102,-0.2282050503428636,-0.14232149109929346,-0.4706790487113459,-0.23959617528875504,-0.4156941012449154,-0.47899869534273776,-0.07116090484136535,-0.5454580568285677,-0.5991679333419607,-0.19586640770337005,-0.33387664023902963,-0.4775479003255842,-0.24243412657771704,-0.18231203275328128,-0.3531230173520096,-0.24502366480870658,-0.5240598252788768,-0.3382391278934797,-0.09579520772935175,-0.7538862367275209,-0.4681184980627971,-0.1695654097101998,-0.8761796235401053,-0.5650344523058632,-0.21688458621674359,-0.9999974319158711,-0.6526105500853653,-0.24636015499582647
19,j,0.0,0.0,0.0,0.09216608946068577,-0.28238807286147183,-0.09958586919996716,0.015532076657695348,-0.5738331777101433,-0.1286382593585164,-0.24890177320637719,-0.6939233098406717,-0.15604171877756126,-0.447077027794135,-0.5554198931869204,-0.1617991841686542,-0.25043736866263694,-0.6725931200004164,0.006676713799202085,-0.3966920826329041,-0.8171944204233246,-0.09335564634248866,-0.2996515584228187,-0.6790665145575914,-0.1450455561215203,-0.20933117571513288,-0.5917364672097098,-0.15866079239114847,-0.37257292626174937,-0.5587128593297443,0.0018601943747650668,-0.5377478945711412,-0.682693078610087,-0.14439696532986795,-0.3592386355359177,-0.5279313154224152,-0.20058362642107566,-0.23910978074612987,-0.4425349808713052,-0.19661949043599422,-0.47615317958450254,-0.4322355235611599,-0.028539681544359687,-0.6099898557521551,-0.5237785302319428,-0.18343335238447434,-0.39188871276385007,-0.41572569975716206,-0.2255574864885847,-0.23877590781757135,-0.3266718340269043,-0.20372380582134547,-0.5667474811034275,-0.2993699390827496,-0.0650663648400496,-0.7628239015547873,-0.4342055388509872,-0.1373863626301891,-0.8750272620651688,-0.5384734493982607,-0.1689807111064707,-0.9999981543794929,-0.6379674721011437,-0.1781229851976298
19,j,0.0,0.0,0.0,0.15014457978041573,-0.21828534651082515,-0.10124834040012184,0.16997053785467922,-0.513631644309993,-0.143962023275181,-0.07095313931119555,-0.6430737286921928,-0.18408243692826734,-0.28933759678130977,-0.5823294146316069,-0.2137027506102635,-0.10014329904100731,-0.7718652487376194,-0.05950160882162649,-0.22381217004461987,-0.9999966743880562,-0.16640458500789496,-0.18459495456353467,-0.9409531043888704,-0.2312693257010941,-0.11987985902999208,-0.8076583787971864,-0.2533504545430207,-0.29559050720285607,-0.6843245028359708,-0.07127298028977752,-0.4344903539861731,-0.8876865139847248,-0.20283356142678088,-0.31280528794369017,-0.7355244315170211,-0.26811020726678536,-0.19825819318920487,-0.5875979550054943,-0.2809893295380402,-0.4540683364402954,-0.5500360907664549,-0.1014157883658407,-0.584297956505006,-0.7298289211305163,-0.23394653571114982,-0.4259735510325462,-0.5805002227669681,-0.27209964637782813,-0.2849588745999194,-0.43750530936774606,-0.2636600508614874,-0.5828485578363629,-0.3759316347998293,-0.13862882538922736,-0.772274180555646,-0.5459731361013594,-0.21371645270038522,-0.8865285015363915,-0.6505151777375335,-0.24305783097633224,-0.9926902144692672,-0.7514170720609392,-0.2540846933071738
19,j,0.0,0.0,0.0,0.185745624101035,-0.25311217474734543,-0.09330404952951012,0.24440749802615347,-0.5275617100615265,-0.1401224144505728,0.05359549204893605,-0.6658229924993071,-0.18689020128928147,-0.1725967303016501,-0.5823541847349779,-0.2147182078154387,-0.013596258697322196,-0.7918557678735191,-0.05579860595806255,-0.11343707335222498,-0.9999978531071158,-0.19812928461404816,-0.06074424491600339,-0.8239112671142339,-0.2711186720160262,-0.007352728738724105,-0.6677444477696095,-0.2916515499535406,-0.18256083646377425,-0.7005686314902756,-0.07823842715916984,-0.2899761428345537,-0.8942549185473039,-0.24956687445613604,-0.17258610922426773,-0.6775943453586762,-0.313471433743745,-0.07997684065409974,-0.5459891513551659,-0.3181976852141158,-0.3408801515029648,-0.5938250762727347,-0.12582443684628336,-0.43791815341200924,-0.7082276439484542,-0.30181006661943793,-0.25644924048201617,-0.5195218104126413,-0.3520418442666565,-0.115280662049188,-0.3929007809091908,-0.3385358647270845,-0.4760087919544884,-0.48089576719826005,-0.17784317077409095,-0.6319066932976782,-0.692884090056943,-0.2691773502124271,-0.7120705544890592,-0.8336060713805603,-0.30823479471747517,-0.7993622463047122,-0.9926680300653971,-0.32536256164443833
19,j,0.0,0.0,0.0,0.1131419721185552,-0.24119847009274123,-0.12177052523453011,0.0647557150786248,-0.5019293378804187,-0.1743093900698391,-0.18454350449201476,-0.5959561355035926,-0.21788183415086534,-0.37639650536200253,-0.5058496981143142,-0.24075240190272193,-0.16604600754751314,-0.6415300139826765,-0.04452233935843632,-0.2928848690333825,-0.8253740678512065,-0.1401118476456406,-0.2310242416659006,-0.7182877160431156,-0.2012358988797735,-0.16163039535222276,-0.627705149422422,-0.22785945283118492,-0.3216213174908096,-0.5532633704329742,-0.03445579956581978,-0.4638342521160504,-0.7294355989943023,-0.14265629068302288,-0.36967125518879096,-0.6254254659306226,-0.1960739151667215,-0.28626352348390627,-0.5499652344130305,-0.2092688663034172,-0.4470202240366763,-0.44392067021267456,-0.04699688998784027,-0.6048968141213643,-0.6160051812214394,-0.15197338954241232,-0.49945347924959793,-0.5488363915800037,-0.18292631953180225,-0.3974221475626538,-0.4722948566035649,-0.17904099534863857,-0.5507040671622425,-0.3148142942449929,-0.0702407103612699,-0.7569940271085628,-0.42604319101328086,-0.12703850303044983,-0.887506124317822,-0.5092203801553346,-0.1569512501167184,-0.9999977564603401,-0.5928711577464985,-0.17313426153811168
19,j,0.0,0.0,0.0,0.08864362308973217,-0.26824831295880247,-0.11154513962663022,0.007134819828807988,-0.5476225987674009,-0.14976261014604975,-0.2617833974512387,-0.6444846417172526,-0.1837589839208557,-0.4550930282446264,-0.5104252675793459,-0.1953106713867267,-0.26972084069946556,-0.654713241861873,-0.02354959004147372,-0.4189747407103928,-0.7725983521361847,-0.1283573474520554,-0.3087602919407501,-0.6297334864230814,-0.17585344991883392,-0.2100703822210996,-0.5467886648565112,-0.18597113439987198,-0.38847026073460117,-0.5303383896641859,-0.02443803253884411,-0.5556326519799901,-0.6389936226906606,-0.17799538545242502,-0.38036919680240106,-0.4921377207867613,-0.23164296262525733,-0.25863552475650475,-0.408558920183004,-0.22567228264140887,-0.48706658947041553,-0.3944933828709084,-0.05030748457409902,-0.627550718737367,-0.47566828544293893,-0.21189080333752133,-0.4160028142848939,-0.37099883124861777,-0.24727953013369255,-0.25969091029643493,-0.28561336855491964,-0.2204508784905321,-0.5717421919171866,-0.2532370352420204,-0.08344468911653141,-0.7590004568753378,-0.37847865063456465,-0.1630380102655024,-0.8755172811478474,-0.47231607674230053,-0.19376969575729328,-0.9999980399146325,-0.5611990848955537,-0.201003529173868
19,j,0.0,0.0,0.0,0.15380800294151478,-0.33158191619433497,-0.12605844295263444,0.09805136485877222,-0.6479534429510352,-0.17628389914875867,-0.18085316992841435,-0.8055769201194778,-0.21806437737035642,-0.4180507535176903,-0.682526807818464,-0.23417667626798422,-0.15180824414177638,-0.7730041952745431,-0.0331647454539711,-0.29650581374472185,-0.919130931942846,-0.12208744392459224,-0.20568479347501828,-0.7531204612572086,-0.1670181833453328,-0.12050606626615508,-0.6374226547746663,-0.18563480716210154,-0.29990213436785307,-0.6665371971590125,-0.02765886842954981,-0.4460494916486417,-0.7744251669682716,-0.1570345463780406,-0.2860001404168933,-0.5911469601381695,-0.20789500067671032,-0.1771748580234269,-0.4835647305640354,-0.21584598720490386,-0.43554989875782824,-0.5452846030352809,-0.048478714365086883,-0.5870094430551344,-0.6643612819303896,-0.19230398910027638,-0.39044151584480274,-0.5259354187416151,-0.2397768909422351,-0.24441744162755058,-0.41440910047934415,-0.2370158438037605,-0.5472436493437014,-0.4082641579585951,-0.07822699910955157,-0.7637895573451003,-0.5508623905903967,-0.15592528520360766,-0.8765650969859943,-0.6520178185453389,-0.19949357713688928,-0.9999970431070965,-0.7563234416077171,-0.22489909700320837
19,j,0.0,0.0,0.0,0.12923678617521944,-0.23015425375407952,-0.11184453345289204,0.1132334544624307,-0.5377481108532469,-0.1515097337860662,-0.12386912294817079,-0.7037143589702615,-0.1829000293178312,-0.32137568512028214,-0.7268191529523585,-0.2013750381171185,-0.11182603988889571,-0.7245096396262911,-0.04878840382286034,-0.23781405025334487,-0.9216723679405057,-0.13741756086720078,-0.19605569746394935,-0.8809528893806228,-0.20047340160006075,-0.1346974511797889,-0.8068234698291263,-0.23342207781141586,-0.29095319511378603,-0.643573594703059,-0.04190046256420002,-0.4220465038498128,-0.7924615825107413,-0.15451899072970512,-0.31002003865906314,-0.6756196405910857,-0.22119278319113558,-0.21357534642812545,-0.5749992517518508,-0.24421497569389397,-0.4431048427145257,-0.5171594032308855,-0.05375046119875465,-0.5939121246604869,-0.6813922220940201,-0.17767293189865563,-0.4457214652900206,-0.564346110765165,-0.2155087660051644,-0.3080546134204035,-0.4420892189293933,-0.21266287463419084,-0.5659465086494103,-0.34797326902027287,-0.07305411953363578,-0.7662953567557922,-0.4858509002663784,-0.1634626000365559,-0.89080301178879,-0.5728253120905291,-0.20492491411614439,-0.9999968979902389,-0.6424190691577627,-0.2226577923048251
19,j,0.0,0.0,0.0,0.1014178380110711,-0.2834618999711816,-0.1207309725943973,0.004507010105591291,-0.5342376067945012,-0.1665448453586148,-0.24697948733935637,-0.6413751478373314,-0.20887779977184928,-0.4461658721477306,-0.5374196699977541,-0.22667311735071932,-0.18410844628400025,-0.6539470746742911,0.07892789807888957,-0.30763921580062753,-0.8053909425339009,0.024678421746795222,-0.24532516704966384,-0.7138597503316783,-0.024554644264158668,-0.1745404151095937,-0.6294046417693513,-0.04384207448903745,-0.32783968175835815,-0.5594250787859508,0.10125100603535413,-0.48016443871561165,-0.7056220130301839,0.0324124642933869,-0.3779522029066655,-0.6157601774470253,-0.02211027261555004,-0.29259063700558674,-0.560814999482233,-0.036361565438458775,-0.4455599469611161,-0.4526985091420212,0.09336834808732174,-0.6196565959189556,-0.6166305670388147,0.026467522151568394,-0.5092259043084636,-0.5439743429919858,-0.013658275721981755,-0.4125427601317865,-0.4630376058790711,-0.01798527317695162,-0.5368978056697383,-0.3246819229668048,0.07143392438422927,-0.7614470431043873,-0.41464337423204994,0.05188345156225998,-0.8897405051376867,-0.5009920881187234,0.023567179485797087,-0.9999978252780543,-0.5719366658701308,0.005205561012853624
19,j,0.0,0.0,0.0,0.12242756082158157,-0.2784938033950678,-0.09381214604175553,0.046897988626042525,-0.5661989083225663,-0.1200705561499658,-0.21892760024997857,-0.6828842124824743,-0.13955801638923254,-0.4158940469781145,-0.5659308273827287,-0.13679854983578024,-0.19176557539625377,-0.6616205580495427,-0.03222151108147345,-0.3545236473130315,-0.7754230232404502,-0.11688489397916496,-0.26228173071972793,-0.6328558607512771,-0.1581304882416026,-0.16572600257315598,-0.5394005872454846,-0.1729862120575211,-0.33685970825295874,-0.55028996425236,-0.029008191479487494,-0.4928658811501081,-0.635382662620418,-0.1375216396178011,-0.33852641008602147,-0.48660397545106265,-0.16937423842672802,-0.22606965729361309,-0.41475946306334655,-0.1674214895129038,-0.45578208129894654,-0.42311041181211256,-0.048081861795431835,-0.6052324451788156,-0.5103920727756635,-0.16499278530068406,-0.41990927938280204,-0.3869498146444015,-0.18788617723218634,-0.2717007907680728,-0.28964923936109055,-0.1726374625130656,-0.5501836838923333,-0.28073348400620557,-0.07420423578090676,-0.7517131091692025,-0.40803738825889807,-0.14231378650923568,-0.8758448205912125,-0.4906066547256321,-0.17761862247443277,-0.9999971730661011,-0.5710678378244799,-0.19622509940830563
19,j,0.0,0.0,0.0,0.12814803710192618,-0.277479070307645,-0.09779555250105561,0.06805848708916888,-0.5682340510148931,-0.13426847468953346,-0.18425256913535387,-0.7009218846480082,-0.16089195830960093,-0.3886638191365597,-0.5841417843974964,-0.16681602269495988,-0.18787746770382735,-0.6932763329187472,-0.06268475863289319,-0.35175864376682975,-0.8226943639325417,-0.16328780614137783,-0.23638118821378923,-0.6796048249100085,-0.22268912227788426,-0.13718901230245995,-0.5887900563048413,-0.2512459518523217,-0.3155040066876786,-0.5740600107253079,-0.06143921485103399,-0.47332602452900774,-0.6769527510970168,-0.18238743924110598,-0.27930431372090736,-0.5169355589829299,-0.22407803094726061,-0.16092847946370317,-0.4289273356381311,-0.23020011980050614,-0.42839610456300603,-0.4391643656735876,-0.0811760475769158,-0.573707583490185,-0.5414208532239365,-0.2066933213322948,-0.35590142984027895,-0.42504341482558067,-0.23789837863185728,-0.20245806529768723,-0.3213505311944413,-0.2313819087891073,-0.523618568354883,-0.29109170962454817,-0.10694650422938706,-0.7485112566363784,-0.39987445884338907,-0.18761737306958187,-0.8698641198855073,-0.4761737778736612,-0.23055976826182756,-0.9999973662593106,-0.5508546003363979,-0.2553330481432943
19,j,0.0,0.0,0.0,0.1728672780786355,-0.33865747417841563,-0.08919212127174597,0.14632224724743395,-0.6870553660123011,-0.13458851411422876,-0.13003081043840242,-0.8626192697855845,-0.18420090988066437,-0.367361792227702,-0.8598880117334664,-0.22319873977112345,-0.043252324397763026,-0.8365836567706599,-0.01825656287580729,-0.17924312193569086,-0.9999954958562646,-0.13469885441593618,-0.11253287894354802,-0.8801929092246761,-0.21677230649654258,-0.029142189173580312,-0.7560334914829683,-0.2564548972922146,-0.254136534602637,-0.7399887766624261,-0.04611924248782268,-0.41345611768112156,-0.8992974867914724,-0.18722721414099772,-0.2725102083460793,-0.7565952605372817,-0.268258994039381,-0.1466425294370616,-0.6291003977629386,-0.3008819868273624,-0.4465029038085531,-0.6091940408505238,-0.09708931391915414,-0.5948740979723645,-0.7948836136976472,-0.23675125041400402,-0.42070797225465223,-0.6621802054405161,-0.27625942097910294,-0.2611881121321926,-0.5370600753638691,-0.2738659626462631,-0.6188353938555555,-0.44383272220081077,-0.15560716704248692,-0.7911912406087588,-0.6501826440220165,-0.21675893343990316,-0.8379486817439724,-0.8015432281116485,-0.2349058692732219,-0.860723215331062,-0.9448230630255071,-0.24713719910464546
19,j,0.0,0.0,0.0,0.08963550791277171,-0.15742970615387522,-0.16219039644231617,0.041207768567629394,-0.3618278202504582,-0.23011771281501398,-0.18419090910634203,-0.42580464906621623,-0.27924273002887806,-0.3591180701114403,-0.37651820223296184,-0.3119510332799841,-0.1850046494169873,-0.514932142520808,-0.0875255192101414,-0.30893584653046247,-0.6349337433439286,-0.18178978022212441,-0.2835863327017544,-0.5911081971645646,-0.23915890204959586,-0.23302844847955978,-0.5373587898141755,-0.26252869767459747,-0.34558931898253303,-0.42390048654844453,-0.05617612756519014,-0.47361233816682724,-0.5539357550779341,-0.16227908878597408,-0.4174104999365786,-0.5009572864188451,-0.22138807733196006,-0.3591590883299794,-0.47252147010949935,-0.23762680152498591,-0.4597394543752387,-0.3074346052090857,-0.04914212807217753,-0.6063511786253994,-0.44019694834256623,-0.15904411118635364,-0.5439310039417774,-0.3753565713793654,-0.1985291941914482,-0.4742065290996708,-0.31865423445147656,-0.19620567771271158,-0.5379021538240467,-0.1639285460768855,-0.055031108612405365,-0.7406181388032109,-0.24845410113724264,-0.12789304326496778,-0.8837684731674905,-0.299141918846735,-0.1670559278449733,-0.9999978628213902,-0.355147965145634,-0.18314409797888145
19,j,0.0,0.0,0.0,0.10668820611427789,-0.27985171227772054,-0.1031146692200432,0.01932130822168599,-0.5667260780785879,-0.1353912663928947,-0.25612530406703676,-0.6767098421818323,-0.16041024804520054,-0.4570317692994129,-0.5537633074899049,-0.16154080201063578,-0.22766454870322902,-0.6626077683831031,-0.033103799423647176,-0.39471400006260476,-0.7980615066970805,-0.11895858672657539,-0.28899865483569787,-0.6423716887469267,-0.15933976763331356,-0.19666527235186698,-0.5542308891672476,-0.17416485971700751,-0.34844964796115946,-0.5543449738056375,-0.032096430688830835,-0.5318209735929015,-0.6700879729535507,-0.15909297004359865,-0.3571857755942295,-0.5078185026026549,-0.2001010791063003,-0.2398759038523916,-0.422350810815819,-0.19777649437240297,-0.4587176867333965,-0.43133153150452874,-0.052911737874919235,-0.6241173750176214,-0.5323021682681585,-0.1837976540284756,-0.42119982357517455,-0.4241882899674703,-0.2113941631431282,-0.2708229327461722,-0.33926511809720056,-0.19417920456023602,-0.5535582858209144,-0.2997555686287693,-0.08085267788214066,-0.7587790242383915,-0.41969412680183577,-0.1506063129978097,-0.8731939569460725,-0.5132982027265927,-0.18298689528731918,-0.999998150702782,-0.6056282784093108,-0.19868097336842988
19,j,0.0,0.0,0.0,0.12356121681131434,-0.3249559236864347,-0.12460537800973161,0.04182509592706684,-0.6163407059505585,-0.14868546298156018,-0.23649152133992318,-0.7580123984536852,-0.16894425371189833,-0.46277830063882724,-0.6241764669756523,-0.15916695760796287,-0.17181839825782713,-0.71790664665885,0.10041265623232705,-0.3227665371213826,-0.8597421853731178,0.021127466963010568,-0.2343128095593449,-0.7124424473668067,-0.03386863957101341,-0.14443511267062656,-0.6136706608208738,-0.05162329155755877,-0.3083783353145333,-0.6213314023027263,0.11966248187715331,-0.4762914633821314,-0.7306301099617377,-0.019019563475563647,-0.30703694893587,-0.5739331890903859,-0.10075833472697275,-0.18322540256337794,-0.4956948197011793,-0.11133107090061235,-0.43719876036439587,-0.5082962268145612,0.10362268709420074,-0.5982674746990806,-0.611421037972005,-0.04563026520226143,-0.38374946932459897,-0.4935846142297518,-0.12122136135778327,-0.22532182570459852,-0.40761248079457213,-0.11876825776146464,-0.5567085445519164,-0.37752337195390095,0.0790071253135701,-0.7561776258827476,-0.5235985890104725,0.012559774787276084,-0.8774264614969128,-0.6258924092534911,-0.038910213441626464,-0.9999980319432431,-0.7299862796915765,-0.06109744870981851
19,j,0.0,0.0,0.0,0.09767020953774248,-0.24782111317856065,-0.09724376694803069,0.04042653115120641,-0.48568927173871285,-0.13908650016711616,-0.20557745715556863,-0.5763352282598107,-0.17627358931145778,-0.38195416229973017,-0.49746214159937685,-0.19450744325613448,-0.18104291700494052,-0.6045848795280543,-0.018753354365477818,-0.29623427831062393,-0.791163357219126,-0.10598060984061043,-0.23439699706511222,-0.6980618746844675,-0.16274005505383643,-0.158905423827173,-0.5827368724441485,-0.18466006260130471,-0.3252613149178802,-0.5222200301267703,-0.011402767151311997,-0.46094883786915275,-0.6997781306322434,-0.100753095664685,-0.3588567223107135,-0.5890087347168411,-0.14395418271278432,-0.27292678873176257,-0.5038302419684907,-0.1537147353503309,-0.44253067104949784,-0.42306231565020375,-0.02596990175561248,-0.6040958522607984,-0.6063136624581528,-0.11293721863695283,-0.49355627600686847,-0.5204788983231027,-0.13612849967541782,-0.3892077006515869,-0.422406163002673,-0.13196995713141735,-0.5385382947438226,-0.29467748906672675,-0.050077396485168485,-0.7607911839365978,-0.3911204105543646,-0.10049975822656568,-0.8899053064956692,-0.4755659857824682,-0.1338155051917666,-0.9999980078873151,-0.5586795450134672,-0.15447761966833745
19,j,0.0,0.0,0.0,0.12659245951109635,-0.23440707829647695,-0.06507903947283722,0.12057724954606054,-0.5083106609161789,-0.10156215970436488,-0.1331157521776692,-0.6109287784052418,-0.1428156697836647,-0.34827625103799265,-0.5643351780396362,-0.1730812375509882,-0.08641635036783392,-0.7399114958924496,-0.05237687983705383,-0.18414137209493653,-0.999997527780386,-0.16772299487553047,-0.13358581709005407,-0.9063214742758715,-0.23226119433512946,-0.07109989672422522,-0.7603411948212483,-0.251552993573787,-0.27431883118493733,-0.6688031998892257,-0.08183928036472768,-0.4211722672659983,-0.9321981793132307,-0.20694011265521892,-0.329112853935081,-0.8259389743782196,-0.2640417636323769,-0.2351692023487825,-0.7075120876116051,-0.2765104196281014,-0.43340743804113535,-0.5574719356072727,-0.1273629028413058,-0.5652328694020966,-0.7330349914406145,-0.2513698856077205,-0.4247471919703601,-0.600856274616505,-0.2831954352543427,-0.300516624449283,-0.48320359507549254,-0.27480028221722896,-0.5614571724585109,-0.41792174629349094,-0.17705676734075196,-0.7489701919704628,-0.5774032773154802,-0.23908244037249926,-0.834994207595593,-0.6954639849889047,-0.25785490261254035,-0.9086790929485055,-0.8165987550979772,-0.265253838534202
19,j,0.0,0.0,0.0,0.11445010276831812,-0.2871932503297816,-0.10003505456254845,0.06258592494403874,-0.6054033607874327,-0.13266819991754902,-0.2005536982039151,-0.7629763320621361,-0.16109385942948556,-0.4214284153148976,-0.6658075091008682,-0.16571267953387148,-0.21645298919948588,-0.7401987976486817,-0.016986143118513496,-0.3786039191359764,-0.8912678543831976,-0.11599622003663204,-0.26317564143729355,-0.732581327131605,-0.17121086572046107,-0.16193720627009303,-0.6538870460425157,-0.1926522579462486,-0.3592845949885902,-0.6284518845386639,-0.022293889346547205,-0.5287380910607535,-0.7628848660592387,-0.1607556624634929,-0.3420278576121311,-0.5971514229906306,-0.21382545878496914,-0.2194031938767911,-0.5195243967651626,-0.21612839946382054,-0.48587377024330375,-0.504144928084195,-0.05096113308356657,-0.6215468830540941,-0.6251544499174402,-0.19309139417972443,-0.3975577201388646,-0.49654438729933165,-0.22541785147050689,-0.23754323150980214,-0.3928421647944578,-0.20558553655314388,-0.5958712966283406,-0.37029028439560496,-0.0865534983403039,-0.7825684635051205,-0.540453408941179,-0.15502868344450052,-0.8859428286791119,-0.6610218487579674,-0.18313168384870057,-0.9999980937330593,-0.7752733396342798,-0.19313742543987822
19,j,0.0,0.0,0.0,0.09847357121349827,-0.21649959773866514,-0.1121394639906418,0.07954006989919456,-0.4428294016794464,-0.16892143190445238,-0.16196999500197018,-0.5012506199616621,-0.21552369101616484,-0.3432477425724647,-0.4256837784540647,-0.24243147013169924,-0.15277232230571752,-0.6547201142336962,-0.1080480174903718,-0.28580968070554563,-0.8514623418774494,-0.23246441643268878,-0.21094883784478893,-0.7458320980950338,-0.29570710710486486,-0.1546036548218349,-0.6363561375058226,-0.31610926621206037,-0.30642283142603766,-0.5679345617800038,-0.10276186280678307,-0.4285865341907194,-0.7361169103299006,-0.21314600394999303,-0.2934903865074228,-0.5732933074237102,-0.2417400864308801,-0.23308615259916068,-0.5153792837839162,-0.2409370961445883,-0.42401064721195564,-0.4577316901008641,-0.11899821063029326,-0.5533246401765604,-0.5739566664138654,-0.22928037815187177,-0.40209712275764037,-0.45159755452188927,-0.24131172083529265,-0.31356565289628646,-0.3776484398617267,-0.22584194475371966,-0.5286466672796483,-0.3271773448299999,-0.1432872579166134,-0.7445693395997516,-0.4719416951790246,-0.21485844786920544,-0.8665317940484845,-0.5615509706299101,-0.24024632352165157,-0.9999977217365276,-0.6626358813276838,-0.2508466406251073
19,j,0.0,0.0,0.0,0.20158043425468453,-0.3172531873130553,-0.12886452703950677,0.19119398157487508,-0.6409486730033813,-0.18685579796555113,-0.05436465168014681,-0.8452054668160404,-0.23306800684830112,-0.31381907247364127,-0.761829136781731,-0.2546652256847289,-0.08602849409375098,-0.8141349901997947,-0.07657582238677234,-0.22391238561501903,-0.978757932037416,-0.18057274547148275,-0.12522668307436904,-0.7871065197492029,-0.23116055389847082,-0.035784977735174764,-0.6073065605430499,-0.2509020026866967,-0.2387866917846417,-0.7146226904235458,-0.06982126114376104,-0.37603771465380337,-0.858149976233616,-0.21965304311996267,-0.21420785096529452,-0.6387878256998663,-0.28023848914914296,-0.10930390530164688,-0.4652396870432466,-0.29248604064766454,-0.3891195787892419,-0.5994307611753091,-0.08711497828946649,-0.5316559190284392,-0.7624989982113565,-0.24072466824420877,-0.3324076345609316,-0.5941085333253684,-0.2943226765005979,-0.18682002798291816,-0.43092380401662195,-0.29894230904492153,-0.5223928287805221,-0.4565066757274773,-0.11244143120932047,-0.756527894823375,-0.619201075851666,-0.21074224838342448,-0.877696564846156,-0.7332388633603526,-0.2748226271888077,-0.9999972385503054,-0.8445425595348028,-0.3154218301767464
19,j,0.0,0.0,0.0,0.14023532590243573,-0.3635562281240982,-0.07321517322017354,0.056607291681334354,-0.6955537417618349,-0.10636753179528363,-0.20059163772992783,-0.8512091777181917,-0.14152688957547285,-0.43345513041729594,-0.7771846614294692,-0.15866808009999578,-0.10045964843264418,-0.800247474354749,-0.026931374539763936,-0.34144052142504844,-0.9830304633043114,-0.11468243782295391,-0.2930058623735366,-0.8229401181195903,-0.1628308368283892,-0.21116860311314417,-0.7130079083305627,-0.1853997651770485,-0.2576212456301713,-0.6830544023730213,-0.042456483084074216,-0.5054504087079081,-0.8029030124452525,-0.1562911325831602,-0.3753309696799102,-0.6247564538001159,-0.19966828989481708,-0.24231228269471566,-0.5432985724209596,-0.21512527498623482,-0.405500238107305,-0.5531339145455135,-0.07651813256792342,-0.6175494519162678,-0.657884505635446,-0.21000082263383593,-0.44891678679295555,-0.5078690899332426,-0.24857810823167614,-0.29473131966347105,-0.4178921781128615,-0.24876474544505306,-0.531302500331556,-0.41422817801685935,-0.11373656299543522,-0.7553615993111189,-0.5704490936770851,-0.19086144677435787,-0.8762543284124026,-0.6804229568660001,-0.22061796909239345,-0.9999964070535371,-0.7984463128136053,-0.23875695396183963
19,j,0.0,0.0,0.0,0.19226996660310489,-0.3243140805317014,-0.09702851843600684,0.16218659164020519,-0.6474622284693266,-0.12169888014916587,-0.11644258153992762,-0.8027103926081708,-0.14964580265452102,-0.3522021563496786,-0.7167468102713779,-0.15680628274867273,-0.042606481127092005,-0.830975845925607,0.06688496030459488,-0.2023816199239512,-0.9999974542244383,-0.03565792224256713,-0.1474313893694423,-0.855427768355869,-0.11117559401301708,-0.06748653810288012,-0.746431981413226,-0.14745027589952647,-0.22988844887124463,-0.7462299774742817,0.0605796159930116,-0.4155477085417286,-0.9133983086964577,-0.05874584626824262,-0.3221900992093546,-0.7701654905860741,-0.12419342015256311,-0.22480576422231957,-0.6875239531208752,-0.14435785165561885,-0.39135442702333945,-0.6339004237413339,0.02224268253244595,-0.5847600161459259,-0.8309592303903474,-0.09900865967657103,-0.5015057144317564,-0.7236097470988422,-0.1333675665541414,-0.41413409825424996,-0.6521804335228755,-0.1258255076579508,-0.5334518502243135,-0.494437662994363,-0.02826026296958628,-0.7454871720041464,-0.6393126119045635,-0.09319563120895545,-0.8181959197301182,-0.7097473453356955,-0.12025675221640991,-0.8705436567208071,-0.7931547527583307,-0.1297566465661038
19,j,0.0,0.0,0.0,0.07456418487041107,-0.23574316234209153,-0.08653371516551137,0.05332287352661924,-0.4701847066243696,-0.1280724742286294,-0.1629558898947235,-0.5532984418064802,-0.16353597152579402,-0.33700798817182803,-0.46567951801005786,-0.18780851965798995,-0.20792671958644113,-0.5729934156527257,-0.04740626443126976,-0.30267983825553413,-0.7417062512012709,-0.13062302365484618,-0.25078795017689914,-0.6594497767995852,-0.1812181296113559,-0.18373204700506243,-0.5571085471299811,-0.19916404409803737,-0.3378633759346509,-0.49320228452306586,-0.048005985291409564,-0.4525972005145263,-0.6566040171938967,-0.15023567353346942,-0.3382847403083036,-0.5342115528127701,-0.20250862381390564,-0.24813427175564404,-0.4211493641493384,-0.21349543828030346,-0.4448054472899002,-0.39170145847546806,-0.06403773633890983,-0.5677237775095124,-0.5443466448180319,-0.17056757024464067,-0.4282741939339986,-0.4533051365812963,-0.20513084845680865,-0.3119634822936188,-0.3471945558677399,-0.2013163996700754,-0.5372730323767664,-0.26231766525393935,-0.0846675841324661,-0.7581505707057107,-0.35491423020809315,-0.1430789863028705,-0.8868134459108826,-0.4355775416721806,-0.175664713154725,-0.9999978328261462,-0.5174213063332715,-0.19390197875874973
19,j,0.0,0.0,0.0,0.11645919790766705,-0.2821526574997126,-0.11883947372054318,0.06940490458468133,-0.589579458088355,-0.1476674778548658,-0.20735697174729403,-0.7783524153932272,-0.1752813232492927,-0.43346372186785637,-0.7677039174631783,-0.1687653762332445,0.00037782520956614464,-0.7825298067455526,0.07770183321591993,-0.16133060905016308,-0.999998189415838,-0.029956609158906067,-0.13047207770239017,-0.8112553145951608,-0.11109431323259852,-0.07758442646661416,-0.6867586704663418,-0.14508528104897025,-0.16729713928760478,-0.7198477303328001,0.09147181381314776,-0.34443446150393014,-0.9223031187629606,-0.03167550274544653,-0.25858342234015325,-0.7125013988337452,-0.10747984205200929,-0.18840354979491936,-0.6326156488363132,-0.12880036430333391,-0.31758092054524867,-0.6371857042917538,0.0710497865662202,-0.4813661523864948,-0.8264861707723927,-0.05115194848076514,-0.3704619887082502,-0.6618809146938176,-0.09693343570957813,-0.2860868528766717,-0.5415003098374501,-0.0896830309123664,-0.4487801579911569,-0.5331252922779598,0.03850122327985979,-0.5947224027540161,-0.7289017217014837,-0.009274805159309037,-0.6705047400284165,-0.8604416061836659,-0.04075921237093798,-0.7467563100966454,-0.9816156601680063,-0.0540147588811013
19,j,0.0,0.0,0.0,0.09690005376188442,-0.21176317953840024,-0.09118836226898601,0.05462069134569059,-0.4601624750133788,-0.13465827271674297,-0.11723893596338368,-0.5801443083999562,-0.17131441875037695,-0.29802868007497946,-0.49782076695287336,-0.18897669066627146,-0.2038236584397875,-0.6405406405557166,-0.07537650693296796,-0.31937372319898666,-0.7284704948278777,-0.1770952329712528,-0.216623036663435,-0.5813397711717851,-0.23349103402995594,-0.13436877393497246,-0.4961124617185304,-0.2606823237749904,-0.32984983509508353,-0.5305513626065024,-0.08322247364508019,-0.46488359475644925,-0.6176860861308621,-0.2082816554716338,-0.29969163923895276,-0.46690590353362976,-0.24499244846854312,-0.2005511836947766,-0.40355510394579813,-0.24740800394625584,-0.43981594516112277,-0.3975591658077519,-0.11065087992648343,-0.548090574824484,-0.46557539224667216,-0.24642784503632104,-0.3349989533634486,-0.3436620321960154,-0.27363339540070786,-0.19134413196249744,-0.2551915789877111,-0.26220447619267695,-0.5196909787529673,-0.2573187055664406,-0.14283473603027338,-0.72373974804209,-0.3657612236570038,-0.23546885147420432,-0.8548922349720234,-0.4491833276422089,-0.28163090368652943,-0.9999984905142513,-0.5471993985804134,-0.3074483154661972
19,j,0.0,0.0,0.0,0.16045754097201792,-0.2312953120154283,-0.08064713309102256,0.2310576291699798,-0.5026993585151315,-0.1187833842509052,0.01276523945968796,-0.636562533619865,-0.15815916970069963,-0.20954347089005523,-0.6044676279506477,-0.19532435025714948,-0.028077321506074986,-0.7490591019334907,-0.02817994138621666,-0.08743583942429736,-0.9560881606782518,-0.11433823770984577,-0.10125696351518336,-0.9999976446211237,-0.16827348380963394,-0.10155782254518701,-0.9868381155740512,-0.19460735320926925,-0.23325672195858319,-0.682434691029583,-0.05047703905026841,-0.31183385639303923,-0.8750893426982764,-0.19573792612976357,-0.2172796052761125,-0.6966792359485097,-0.27176886728830624,-0.127584725883645,-0.5332060149046329,-0.28574403597586584,-0.4023031354166314,-0.5814759893012604,-0.08558035075565067,-0.50024784177135,-0.7334212413620811,-0.23156041972607527,-0.3572696067590025,-0.5636878219948761,-0.2682629224753596,-0.23085827320982805,-0.42029711669314423,-0.25333184546866044,-0.5512956028071059,-0.444215198991152,-0.12470271196067824,-0.6951734666875184,-0.594446481164992,-0.20119411975992704,-0.7553138951832514,-0.6818942538685943,-0.21970582986886916,-0.8048530089318309,-0.7782620124610562,-0.22197009942120527
19,j,0.0,0.0,0.0,0.10067476970937737,-0.20862272792803147,-0.08487145673559214,0.07854318311015107,-0.44837820819095187,-0.11555380892041758,-0.14224141601188003,-0.5399189954471086,-0.1426630570946421,-0.3163059593103242,-0.48212196493926773,-0.15677997072812244,-0.15427213258603853,-0.6364806777063765,-0.04438666605951222,-0.27090016948141243,-0.7924653753399717,-0.13630192582002953,-0.22516316890746416,-0.7010938198513519,-0.18783226242353515,-0.1665651583998793,-0.6015509386871702,-0.20620320183852683,-0.31341934887548006,-0.5640419262109502,-0.0487079595798721,-0.4518025072372069,-0.7001789106081054,-0.16540714559001293,-0.3391611628155633,-0.5493009326597293,-0.21032242771770437,-0.2479952541444594,-0.44931412030534806,-0.2116824202870678,-0.44061500305478035,-0.4592570910473122,-0.07060483153901119,-0.5726970734219169,-0.5852631365607034,-0.19215934495469303,-0.44630164374339837,-0.44520435705067235,-0.2138500412470427,-0.34436126217251267,-0.3311927641612532,-0.1943001834764573,-0.5410325253675223,-0.32691225814111613,-0.0979510702939466,-0.7489401735278141,-0.47200190524055957,-0.17951059245449172,-0.880132870516627,-0.5628007925158178,-0.2131901695659671,-0.9999974649661447,-0.6457495922742493,-0.22305549390208923
19,j,0.0,0.0,0.0,0.2041016030961167,-0.31401635834413916,-0.07617123734879333,0.22766124412943903,-0.6412828599243057,-0.11021375784734833,0.0478414630491905,-0.8715850207840348,-0.13812727646699258,-0.19414334506910508,-0.8063318953274432,-0.14938416222487297,-0.07559197019350129,-0.7948878202178422,-0.07710420836876382,-0.17593305597981218,-0.9999965569234627,-0.15454771007482102,-0.08138911949584703,-0.8307007320453856,-0.19648369154370007,-0.00892824201354258,-0.693028799894049,-0.2218363305410942,-0.21943322419956976,-0.6925405735350049,-0.09003336303952582,-0.3172673014940421,-0.875864953830637,-0.1921823254830698,-0.1597513997443032,-0.6831023514868995,-0.23868627097581824,-0.06396709330907148,-0.5531493827359621,-0.26401629692489914,-0.3642141959433698,-0.578931797915904,-0.11650241708240143,-0.46883665133976055,-0.7594977711111104,-0.23843420539133062,-0.24964353846431087,-0.602071859802078,-0.2882795975330734,-0.09220192756870145,-0.457527305362027,-0.30971027714545013,-0.4942623883305393,-0.4543427519671265,-0.14478300332350236,-0.7116991997428951,-0.6271568234136248,-0.2334664919268882,-0.8357433776869385,-0.7499508832970891,-0.2903341398352934,-0.9629950940415248,-0.8746300222982502,-0.3376601587781222
19,j,0.0,0.0,0.0,0.16276655637818233,-0.2758293785782093,-0.1308118069047712,0.0733824145422779,-0.6165905691779979,-0.1680010088505124,-0.2541294454832668,-0.7686466078951892,-0.19506160036655484,-0.4942414888975465,-0.637972364231924,-0.19086242144994034,-0.11126023454744234,-0.7483424932939661,-0.03444971981058611,-0.29666868503375393,-0.9258308956276757,-0.14070517030597526,-0.21943028177048401,-0.7536234550549439,-0.19401143674645152,-0.1346043673039069,-0.6506969778333193,-0.21449938065302648,-0.2826399324740067,-0.6522276725872411,-0.022528905400474766,-0.47538572934727474,-0.774870406278641,-0.15373713898216484,-0.32838513435464667,-0.5905974264579876,-0.18536088722352184,-0.218323252191673,-0.5308182832218244,-0.17692230000804202,-0.4321023516225611,-0.5309155731426246,-0.04207834816667141,-0.628297595067771,-0.6664023600281886,-0.1875621041115982,-0.4604775407634416,-0.5025145048828112,-0.20468641115637692,-0.3280957292702399,-0.3952138403920395,-0.17324234118375098,-0.5645505797016958,-0.39622319089036717,-0.07317422562024711,-0.7626501111967001,-0.5843588075766006,-0.16092509669573268,-0.8776583426530463,-0.7146675654373933,-0.20197617340267432,-0.9999978236613122,-0.8430912662227364,-0.21851030357289272
19,j,0.0,0.0,0.0,-0.2841101697824897,0.035078642001836635,-0.12531530578817116,-0.5482338157808581,-0.08305821045896039,-0.20504683504465765,-0.7051555620980959,-0.24275621428400596,-0.28317910105038674,-0.7841380054948439,-0.3855485393036085,-0.33849988996163377,-0.6466306072817296,-0.5189572547827208,-0.0855586964416004,-0.8203769920859462,-0.6923221891336054,-0.2196655268216821,-0.6602413228002096,-0.5565980359840805,-0.29902018577538325,-0.5218535808625095,-0.4333600595009415,-0.3346591577258369,-0.46746991760737916,-0.6631025592575706,-0.0931553013160982,-0.6255460408910207,-0.8887419602392799,-0.23085819139463942,-0.4778488072887751,-0.6955671437409857,-0.28090543674000734,-0.3719860421778524,-0.5419515798416911,-0.2875379721411671,-0.2774221354887144,-0.7540919792048949,-0.12290681049875596,-0.4222618325597735,-0.9999959951960896,-0.2368888472730063,-0.3189143011326795,-0.8255867268443745,-0.2199932089930284,-0.24240818251870064,-0.6733708092111071,-0.18342918090369634,-0.08105225371016529,-0.7894320030880821,-0.16674904840431837,-0.18332227115331678,-0.9596892381574099,-0.2442241001042677,-0.1378745263715777,-0.8455876922758218,-0.2244945719986935,-0.09023809622901253,-0.7252631689500851,-0.18939590862215522
19,j,0.0,0.0,0.0,0.20261773848023426,-0.3277662640550685,-0.07911326636716762,0.21172641273532303,-0.6617947682269457,-0.11540361466159915,0.019445780476074485,-0.885096814394546,-0.14683000730888107,-0.2248232402499372,-0.8128361105182528,-0.16379474839708533,-0.09158449128170597,-0.8080318363678892,-0.06804357076937427,-0.17494295155302392,-0.99999643431342,-0.1405027724082365,-0.0837803352630663,-0.830901924081772,-0.18021965952103727,-0.017749991781283475,-0.690562604566026,-0.20418121594389274,-0.24159261177332297,-0.7023315353811723,-0.084963673604752,-0.3348097698996692,-0.8850845938343316,-0.19068270392831915,-0.17945839541936429,-0.7013717432085096,-0.24459848727237093,-0.0788776590365418,-0.5630530667577749,-0.2724961400248821,-0.39051108335678186,-0.5815079191990753,-0.11548485482058948,-0.48944810125790067,-0.750216259727949,-0.24453244311434283,-0.2655763644528287,-0.606816699403042,-0.30328618684865344,-0.10161406444825348,-0.4730378016733355,-0.3281402293804692,-0.5231120253475638,-0.44867266124940036,-0.14735437560781867,-0.746237457853631,-0.6144260703184387,-0.23213056697939774,-0.8719282575047606,-0.7311581366750226,-0.283687516537723,-0.9978575174786817,-0.8541784782549591,-0.328075885474297
19,j,0.0,0.0,0.0,0.11792618778983772,-0.23483354900601183,-0.06725980429144139,0.08319588315267795,-0.5551270933392737,-0.08627809954061036,-0.19318708049526326,-0.6765845120409272,-0.10551041331187684,-0.42202719452828263,-0.6277613163141934,-0.11683258776506825,-0.10521770878307554,-0.7430806754353775,-0.028062501714377297,-0.19402518607181526,-0.9999973262828887,-0.08940057668922803,-0.1596062825178619,-0.9657216927257637,-0.12730257267511175,-0.12452776326104704,-0.8767177968929851,-0.14791122066716084,-0.2833886911902926,-0.6935499745352073,-0.04845623475081145,-0.3752459548297597,-0.9916190594216452,-0.09925337708290119,-0.3398120494851504,-0.9342912196284567,-0.12958993235890215,-0.3125639766067121,-0.8295963905557191,-0.14182443708388784,-0.42516455247328944,-0.5707237616146899,-0.08295618087492565,-0.5721179747039588,-0.8439896067943732,-0.16173226331239138,-0.521835783625764,-0.753602573806452,-0.1801753968564121,-0.4731431883021458,-0.6327341716879771,-0.1755210741924845,-0.5493926280490911,-0.39014794689141097,-0.12218994339521766,-0.7687578780593809,-0.5550600799536604,-0.2079674455139649,-0.8570208815503854,-0.6025613350533741,-0.23750996986135364,-0.9352376143739128,-0.612650634529687,-0.24683078676430087
19,j,0.0,0.0,0.0,0.2395199422502164,-0.2857381479132238,-0.07766947792430672,0.287100030189196,-0.6169213955322166,-0.10260671039034702,0.08634617967936138,-0.8423850998100626,-0.12845864345158098,-0.1512733534121774,-0.8303142047992179,-0.13378624032682693,0.1795939355578362,-0.7649372373341469,0.011184354474704722,0.06279537204920722,-0.9451297539787225,-0.06374083981555867,0.08896282714084511,-0.787747294741481,-0.10973702876304016,0.13951425002390958,-0.6699443553102825,-0.13443689392364588,-0.005448019342289222,-0.7185860545050641,-0.002898351105047864,-0.14413229575452818,-0.8634225777215916,-0.09507926061355368,-0.05263003370024311,-0.6603915698424657,-0.12992639424208827,0.046685157739272155,-0.5693218206168259,-0.14058091391477975,-0.18945777729062935,-0.6397738585611747,-0.040963318152055506,-0.3256859593174756,-0.834100683643365,-0.16778778165465702,-0.1895166058986627,-0.6358384698029432,-0.20130144385451046,-0.055898453114896426,-0.5108889575320924,-0.19882128182765413,-0.3620569913532993,-0.5299994308517286,-0.0836406812193676,-0.5226661997411705,-0.7502985961422463,-0.16700785831966478,-0.613627973959149,-0.8670570826616525,-0.1999957245152701,-0.7011752377191915,-0.9999958875822336,-0.21899477583849322
19,j,0.0,0.0,0.0,0.15837338512855859,-0.15221577112357926,-0.12913839237225722,0.15222679707094885,-0.4410766366398136,-0.17090227380229303,-0.04475598181729457,-0.6230034088746929,-0.19695726711832404,-0.21944218055897577,-0.726119352518296,-0.21757926262808272,0.04458862908187667,-0.6665312058832774,-0.07193429061512777,-0.028292429909995906,-0.8430360817794414,-0.15284478337837784,-0.048830144890545955,-0.9052764973981589,-0.21045663278765492,-0.06028852085354995,-0.9023648920907122,-0.23953464256768733,-0.13321277739265133,-0.680700681056014,-0.05066307637382036,-0.2349809122506031,-0.9490770733238596,-0.10641978653810515,-0.24265557578133823,-0.9999974659630052,-0.13346773815894591,-0.23182039240527852,-0.9663371744084238,-0.1389411959056515,-0.28125855032508873,-0.6112110071225402,-0.05056661349437159,-0.4269461298838079,-0.8860100892533602,-0.13923479007443715,-0.41591293257622036,-0.8604046676132961,-0.1497763226415706,-0.37715431092610874,-0.777514842656771,-0.13092277392160845,-0.399536379924879,-0.48462119913001495,-0.05981957342289497,-0.525686509385995,-0.6652014464224297,-0.14413324655382323,-0.5108496623166483,-0.6518978857191434,-0.14951223798603608,-0.4712765554447488,-0.5888071883097806,-0.13082149191019718
19,j,0.0,0.0,0.0,-0.2230300879714495,-0.04808802108232281,-0.0518913672216294,-0.4931731711443808,-0.2487649990085967,-0.17374898726584245,-0.7793700002501959,-0.47492006421319855,-0.30681747643402885,-0.9979574095951727,-0.6379409068795152,-0.4205681905253321,-0.23740610044725116,-0.4451822403489239,-0.22189624339818295,-0.6531710478789509,-0.6869927153094734,-0.3839754599073425,-0.6452327864243232,-0.5505267976031418,-0.4321277201794684,-0.5272590438555322,-0.49329712751062604,-0.4547005801239237,-0.08060475515724966,-0.6021776332122643,-0.2989699212474047,-0.5691436606090888,-0.8537643685580486,-0.4532575923604284,-0.5097503401237862,-0.6571447006196256,-0.4397758412768385,-0.35843699004878143,-0.5587052577674677,-0.4204565699455346,0.05236291971306772,-0.7195624500409975,-0.38424039669013277,-0.4456151566280315,-0.9664699655614173,-0.50455840418536,-0.35705232295760214,-0.7281646494573163,-0.42154936767434786,-0.20486369729648168,-0.5974256621719467,-0.3644915673396437,0.1637069916936334,-0.8053217684280758,-0.4815412896782967,-0.23944167146161088,-0.9999977686236792,-0.5876964510775501,-0.24139943724608495,-0.8649657281539247,-0.5480731070052182,-0.16845390871901814,-0.7683020400484656,-0.5051449359183444
19,j,0.0,0.0,0.0,0.1984748604887848,-0.32956011705121985,-0.07196949232067903,0.2094399158142683,-0.6582995862152499,-0.10618132390859736,0.023450464688395668,-0.8841079697868832,-0.13307809787021166,-0.21917444322235716,-0.8079913245531621,-0.14286452615216128,-0.10033882868897401,-0.7996492054787293,-0.08517978142232781,-0.2003197645380965,-0.9999966899418529,-0.15914495108715376,-0.0988940385752846,-0.8254227182612989,-0.1972749287237351,-0.02973035944720127,-0.6854292050809062,-0.22023749560361353,-0.24153426203495396,-0.6983035812209779,-0.09810744566560432,-0.3408805003836342,-0.8813218707031109,-0.19326933790268347,-0.17401365433481072,-0.6772635662408985,-0.23226858427359956,-0.07666305329324073,-0.5447987255094107,-0.2537727600267526,-0.3805989111083891,-0.5826186666357803,-0.12309347459050385,-0.4793278139025515,-0.758709145104382,-0.23499512497753167,-0.25549780433952407,-0.6035720691810775,-0.27876705683854297,-0.10293660984791819,-0.4601466122580074,-0.29868367499937515,-0.5085931494117539,-0.4543411129421031,-0.14946799677957712,-0.7366474387951014,-0.6342939338469523,-0.23013338552900864,-0.8647267111745279,-0.7563479204586583,-0.28303550604117933,-0.9974240638750151,-0.8802605231110595,-0.32919408892042584
19,j,0.0,0.0,0.0,0.10669023905877988,-0.24937480959754246,-0.0946595021017432,0.04532094335046229,-0.5008826255175558,-0.1245383726026985,-0.21218666218458876,-0.6037984781773619,-0.14943444520027707,-0.3880204876011927,-0.5250945505238636,-0.15553647892119474,-0.17717064290020818,-0.6224001626106231,0.02698606335496958,-0.29073603867575465,-0.7846280113595524,-0.03106861897212281,-0.23600476546018434,-0.7084475069604126,-0.07466037306855236,-0.1738374116116847,-0.6293123715498927,-0.09374448745291707,-0.32859446413182597,-0.5424069177551618,0.037752706932245514,-0.461748668956723,-0.6982402538880641,-0.025115303192021866,-0.36797783889675106,-0.6112929744763996,-0.05935215137283751,-0.29398234745310886,-0.5426899833829326,-0.06670743896699143,-0.4480635807869474,-0.43911777229873306,0.02548617019432868,-0.6081283141100745,-0.6185442613221428,-0.04765479810901639,-0.5169436624200517,-0.5479438883927182,-0.06764897015568318,-0.432428010216004,-0.4634709630758812,-0.0626077607587457,-0.5417770633529913,-0.3064461142562716,0.0035537016716991414,-0.7583402272424181,-0.40015786104252254,-0.03997992257813123,-0.886063043573702,-0.48164043834070186,-0.06617148774809,-0.9999977598805758,-0.5580897883254626,-0.08093857174826251
19,j,0.0,0.0,0.0,0.03297592521192036,-0.20668999873552904,-0.08623026432136094,-0.05399271236500136,-0.44337774121510104,-0.12097043941557109,-0.27129973035197485,-0.5284420907127422,-0.14492585520024756,-0.4391850413978716,-0.47005000545701797,-0.1498417289605798,-0.2552695426535222,-0.5171380785289016,-0.06915024054864842,-0.3949398139712675,-0.6507324523885388,-0.14574955582545107,-0.31004438632352266,-0.5578412362458416,-0.1855653283880632,-0.21738265266262174,-0.4833451798143715,-0.20154292221896497,-0.37376567495800916,-0.41769857877642935,-0.0621630535110254,-0.5140162969600556,-0.5347391402600491,-0.14611989466779704,-0.3869196293265649,-0.4336092319525288,-0.17170905911501222,-0.2946789110629788,-0.3810464380883323,-0.17097153838465792,-0.4645486406312381,-0.2973969991619749,-0.06984694400813005,-0.6373756595716538,-0.4229455360568469,-0.15928920406556538,-0.48546916546985763,-0.3570289245159787,-0.1721623878407563,-0.34936674841029297,-0.29903729313298316,-0.16215385087718673,-0.5216507712046429,-0.1561257057240386,-0.08284504235089346,-0.7286616222836344,-0.19066496794677967,-0.15091720909062378,-0.8686765470665497,-0.20416099732565365,-0.18421720971457115,-0.9999977815746671,-0.22546101782705386,-0.2011296421862051
19,j,0.0,0.0,0.0,0.18043864058607573,-0.21050597648359307,-0.08622691597187777,0.25775309679755865,-0.4638800189463211,-0.12811487397098914,0.11080038471239965,-0.6633190447678474,-0.16552235680406546,-0.08255229304951825,-0.7082796744318259,-0.18576929772393874,0.04229222821521394,-0.6820376480506143,-0.051365104076938915,0.006094293768040378,-0.8507081776549464,-0.13895323209240573,0.043797132472371755,-0.7030743956185849,-0.19032016992870307,0.09477796055828137,-0.5908158119107859,-0.21468416675273355,-0.11475489273979377,-0.6544922670895427,-0.058685310029802096,-0.16630794103131397,-0.8398058904952619,-0.17529643411548432,-0.08081547746495672,-0.660446832667841,-0.22505078073563164,-0.022297337440660262,-0.5190694885309357,-0.2377257683663325,-0.26541108014530207,-0.6056921806722944,-0.08302381033515999,-0.3238328380803266,-0.806596640605841,-0.19935571625111279,-0.1868652329246355,-0.6416363692436903,-0.22981589637140834,-0.0875487870688404,-0.4874940184134834,-0.22650242290659325,-0.40222868582961957,-0.5276832178644557,-0.1131185605417489,-0.5407429263615501,-0.7279647471767896,-0.18031015998622288,-0.6044971590439822,-0.8648691742605584,-0.2179146301741743,-0.666465351509128,-0.9999978324086727,-0.24260979508175218
19,j,0.0,0.0,0.0,0.15281914576871886,-0.27033779030984917,-0.14344827530638096,0.06094776620885065,-0.6143253918604521,-0.1761105860592393,-0.26181578657744453,-0.7662044176642575,-0.19681192603795397,-0.4990185183263235,-0.6430435546672205,-0.18250319656850977,-0.10973287698030575,-0.7546159469462144,-0.004910240580383743,-0.285412028815736,-0.919160300454488,-0.10514623844504174,-0.22133211493614627,-0.7443258426282867,-0.15086331840502265,-0.140748169620943,-0.6451377129394934,-0.16294678886963188,-0.2878390865127901,-0.6606268214077177,0.014232301018314318,-0.47900154762897046,-0.770130532743679,-0.12811295933518935,-0.33068654606420517,-0.577221799444266,-0.16682683624630923,-0.21572488708331417,-0.5068528948068755,-0.153094849003053,-0.44176854862487774,-0.5433518078999122,-0.0015718692317233463,-0.6358804504266561,-0.673554383157015,-0.16295234370931921,-0.45934764516314625,-0.4966900468163303,-0.1913303418171114,-0.32478101843320745,-0.38885246158952036,-0.157784713814852,-0.5709610227109182,-0.41298288066953354,-0.029345590426627738,-0.762077872240223,-0.5897613369080728,-0.12134536456731886,-0.8754155632501176,-0.7136424720212833,-0.16548411257795742,-0.999997813613014,-0.8473797497830062,-0.17971264710376306
19,j,0.0,0.0,0.0,0.23133679846017058,-0.31771471380906063,-0.16642101184809854,0.26721071915145883,-0.6212591094235689,-0.2583451130730699,0.011418215213857916,-0.7821800611898796,-0.32466402559631385,-0.2641405174874579,-0.6654297512569763,-0.3611035026997756,-0.01733447554378259,-0.871816625544052,-0.17912557043584465,-0.15695015832883058,-0.9999982015803474,-0.2969374509788423,-0.05130344873682668,-0.7821289831704707,-0.3398196457528821,0.010454218092046557,-0.671766641488601,-0.36156861817976443,-0.1895350404691861,-0.7787035936422286,-0.16430009490682432,-0.3470375703279504,-0.9227396421908856,-0.3043942790431595,-0.1791836215809444,-0.6822191444740147,-0.33093705490440695,-0.07921755954518105,-0.619688929301219,-0.3360327975017724,-0.35879291118932266,-0.6598614431851857,-0.17305840752077267,-0.5188356211654631,-0.7938216690426627,-0.3248326420171533,-0.30836598913603336,-0.5972146543584403,-0.34042858900315787,-0.1647344913643937,-0.49728986207602927,-0.33062672779803043,-0.5178783772760185,-0.5188700304922842,-0.19253601599643277,-0.7424019146372978,-0.6816021348628565,-0.2956446357572693,-0.8386749769130162,-0.7928619596874334,-0.33733110642427866,-0.9584566306252704,-0.9458514812258753,-0.3677078691704973
19,j,0.0,0.0,0.0,0.1518785337527675,-0.3203146107134652,-0.09654921259875932,0.05438150269418072,-0.6464536921074604,-0.10381856159945396,-0.18944237598791513,-0.8362223547162694,-0.11788033574948742,-0.43752873208245213,-0.7700982877970535,-0.10078826702161557,0.011691595615446793,-0.7724786347189575,0.1821777304022975,-0.13072838025854203,-0.9999984543852285,0.10192203493048092,-0.14923221959022812,-0.837808415854679,0.05236841459177632,-0.10990389153592932,-0.6975325532701733,0.0437280117205146,-0.1642973705866333,-0.6947758723759813,0.18769896894824106,-0.32869842878301203,-0.8526815766434347,0.05212651522146169,-0.257784671418329,-0.6555169380951528,-0.024446741391575592,-0.1606816164264472,-0.5554725360040724,-0.021517454137924216,-0.3199043283767247,-0.5843353249105364,0.1536409632549965,-0.4607630019262702,-0.6808761820894715,-0.002243910242601235,-0.2862942499331768,-0.5134922741122503,-0.08446267935336749,-0.133920539901083,-0.4250343520766705,-0.07748300271821504,-0.4767247674600788,-0.4530200571194459,0.1139899069395786,-0.6531373742427137,-0.6143670062136689,0.0333949725324456,-0.7394881024109389,-0.7045598416803693,-0.012381595730946063,-0.8059204914162635,-0.80755309912493,-0.021330099010563753
19,j,0.0,0.0,0.0,0.24459131335711634,-0.2941859416900584,-0.0669318937051225,0.3085826134422049,-0.6242229373744979,-0.09033201707781115,0.13689272482438947,-0.8748626035526772,-0.12299536807322019,-0.08231615864594477,-0.9347515528799611,-0.14193487125007154,0.2593037485934787,-0.7752515403109189,0.03388277645736502,0.09966881636910496,-0.9999953304255799,-0.04767295658927507,0.07526276224488736,-0.8811272174819251,-0.11024558241302906,0.09024434097110146,-0.7645971320466747,-0.14653740410039504,0.04108571395858619,-0.7292936890308699,0.012495923624877359,-0.15611519223195908,-0.9254888558206094,-0.08846856545606593,-0.10530774822473686,-0.7291879242675363,-0.14004681366488297,-0.002703681344798032,-0.609271696435661,-0.1609595950807998,-0.15995946305081335,-0.6501643897011633,-0.03221956351524712,-0.3456693060334802,-0.8639101056528268,-0.15916787388695036,-0.24526013632103952,-0.6748363865395002,-0.19392661097606642,-0.10896414742451159,-0.539047651014487,-0.19205085202371946,-0.3510566290837077,-0.5421327813280976,-0.08214505029513254,-0.5143897097565405,-0.7782274267571389,-0.16285017501642968,-0.617358386741656,-0.889686648447189,-0.18649907172471616,-0.6970435077355135,-0.9946820427096859,-0.19638583307429736
19,j,0.0,0.0,0.0,0.17077496377167772,-0.2572232642632586,-0.13320972109675558,0.20449952365289206,-0.5880788606293426,-0.19156740743154932,-0.07867694432149784,-0.7435332702886261,-0.24468913797290376,-0.3320160464029162,-0.705921516419169,-0.2933698602004421,-0.1282397653946012,-0.7937016685543737,-0.08417265053780555,-0.2560090780715677,-0.9999964920502838,-0.2140466314580936,-0.16540019829027408,-0.8721823818200937,-0.3052407152157316,-0.06287171936489161,-0.7507127969399248,-0.35495983113613805,-0.33038922090533546,-0.7104863714109025,-0.08596487283596246,-0.4795657004104052,-0.9402310151623615,-0.22746421739578654,-0.3761690794034142,-0.8005991849377124,-0.30670060840733826,-0.28328090847770476,-0.6564256041770182,-0.332309728228044,-0.48718598898560334,-0.5750559975898762,-0.10930753441693893,-0.6561184508249269,-0.7724055808401564,-0.24928012922672804,-0.5339320528206554,-0.6368011395136053,-0.2690836534217251,-0.4213223994266519,-0.5079676627893491,-0.24676333786869298,-0.6119559042250279,-0.3978469133617299,-0.14253622406563526,-0.7966673502138185,-0.5381702045362535,-0.2278584306369023,-0.7437163286683103,-0.5130379930899189,-0.22380328502846394,-0.6670508310773215,-0.4700712327531989,-0.20050749883354735
19,j,0.0,0.0,0.0,-0.2641073347506193,0.007894651329627776,-0.11015286379283594,-0.5147430888856187,-0.17208466462218439,-0.17038607762961588,-0.7034388893228029,-0.36221485947098914,-0.22595366622386168,-0.845992619346023,-0.5063097650119127,-0.2736510642273452,-0.5498657305129347,-0.4683750620239619,-0.06300631656365144,-0.721489663264454,-0.6752981350837218,-0.1720134616100566,-0.7772382196149349,-0.7405273282099795,-0.24576317026932576,-0.7967665294418697,-0.7367103803688871,-0.277144838335826,-0.3745614248618085,-0.6011040960601767,-0.05253583174583679,-0.5387056748231868,-0.8507393732023583,-0.12853570492696634,-0.570652055245907,-0.8645663346866599,-0.1518692685145979,-0.5621972798107112,-0.8061736350318729,-0.14865132573427398,-0.18034017888620793,-0.6750529914060296,-0.06298394139326412,-0.32517254144101565,-0.9459673833187419,-0.14204758170496817,-0.39561660916545344,-0.966625952085508,-0.1220921251083258,-0.4103195094105902,-0.9180362585055533,-0.08078975786869433,0.02343106391398643,-0.7032772875595793,-0.08404407892204477,-0.10399693175206394,-0.9377541763009899,-0.14614033108038194,-0.184560177732626,-0.9999960011391039,-0.12678914560491536,-0.22177792186544976,-0.9830051726857342,-0.08635745851417051
19,j,0.0,0.0,0.0,0.10633488356037867,-0.31915958938980665,-0.08624986341607092,0.03461097895838783,-0.612671001098058,-0.10804098524118674,-0.24043979907157512,-0.7280143615083456,-0.1269709690178145,-0.45136529666050074,-0.5852998691521067,-0.12743942351668167,-0.20896628418379362,-0.6937655629764687,0.007855522591795363,-0.37967846987665416,-0.827159730746619,-0.07225339008636114,-0.2957418126335306,-0.6933990836724918,-0.1274737809514295,-0.19629570109253128,-0.6009341700163909,-0.15222576582625,-0.35365055801893513,-0.5794071828655797,0.0014908861697116786,-0.5406314872421046,-0.6973124951257121,-0.09406034163214604,-0.39811456412940754,-0.5840548067660148,-0.14649311197039108,-0.2759918739552293,-0.5133436460470572,-0.1639798371977547,-0.476583407475561,-0.4481325408060646,-0.027449800643557808,-0.6187992300457432,-0.5451985071900523,-0.14141266723508428,-0.42260777673176264,-0.43943895673054056,-0.18894448216722165,-0.2554984085952035,-0.337235652654782,-0.19225457303607227,-0.5748338937213275,-0.3061391851447481,-0.062163213791565294,-0.7764702335857929,-0.4316997234524698,-0.11682243881991564,-0.8927200302217773,-0.527060647561503,-0.14767289634996136,-0.9999969948668416,-0.6069156997705488,-0.1677656928961634
19,j,0.0,0.0,0.0,0.13527199085704184,-0.33184471537800514,-0.06963142066388656,0.07538623210378,-0.6490986884368039,-0.09594677645379375,-0.1754546985581566,-0.7911807632205876,-0.12374941197072864,-0.38817648744045813,-0.732441294771627,-0.13386150711009612,-0.08750381050105269,-0.7782714900547605,-0.009493252922971134,-0.25304614009872484,-0.9272802247856176,-0.10392967842224007,-0.1752848236892814,-0.7634186342201118,-0.16418261969674233,-0.07932426255259038,-0.6397645754769604,-0.19376021030402887,-0.2482857497904169,-0.6750238324655461,-0.02701944948012275,-0.4259424939267724,-0.7909035605334116,-0.1287108061700423,-0.28672614490374143,-0.6071456801680698,-0.1664962521336508,-0.16055998244063327,-0.5202230461525099,-0.17966827767098142,-0.39503743647836764,-0.5460070334134189,-0.06707050529867363,-0.5698591199449133,-0.6686980622767147,-0.18915011848957441,-0.3989893392302237,-0.5170801177045811,-0.21867848675842255,-0.24566607487842163,-0.4229095704082584,-0.21624791324057635,-0.5225854750238159,-0.39724215916768063,-0.11155441790859738,-0.7436004673900594,-0.5474499963039076,-0.18923841752376322,-0.8752520305259156,-0.6470487514446321,-0.22156003181212225,-0.9999959168662348,-0.7608159954697516,-0.24242099426454297
19,j,0.0,0.0,0.0,0.18238067779022274,-0.30899144513398397,-0.1146284641768483,0.13822402006348572,-0.6481688290048351,-0.15170599758877498,-0.11924244634085647,-0.8312102708578222,-0.18954159005562327,-0.3698232208243339,-0.77147680925593,-0.20201851999284712,-0.05689436120341229,-0.8372344859395746,0.05005388143233953,-0.21836004061662995,-0.992300278712335,-0.03613681270120815,-0.15165681350576313,-0.8525601788064562,-0.09231265708434327,-0.07051910417593966,-0.7708740969151332,-0.11997982268157024,-0.24444405309810954,-0.7532017291990653,0.05375204303713723,-0.41788652600804027,-0.8992636501469743,-0.04271478409636155,-0.3106847032708461,-0.7361589758412913,-0.08278259825225133,-0.21150526879553433,-0.6863680483504349,-0.0913042523701523,-0.4066903884955974,-0.6360916217187726,0.023676938794654462,-0.5729255698331043,-0.8125008169736314,-0.09709811653536976,-0.4530001260409118,-0.6722764424853538,-0.12738980737089037,-0.35362369073192246,-0.5925563891159848,-0.12142372054600586,-0.5467259896519925,-0.4904289068114473,-0.018472679662082176,-0.7704133185471627,-0.6270823541834419,-0.09303209471514111,-0.8867694807234312,-0.724713411088384,-0.131477029358535,-0.9999974319148883,-0.838515718440033,-0.15309349879846462
19,j,0.0,0.0,0.0,0.1304486509642209,-0.2469320774430141,-0.07877961262269599,0.13069209237744478,-0.5163556059541832,-0.1179762778497456,-0.09253565977121395,-0.6385710586946397,-0.15441333526702863,-0.30342709453064065,-0.5553429809715368,-0.1777411849150932,-0.10931321831514414,-0.7344383514124198,-0.06584064935529287,-0.24813853264711233,-0.9357152946294767,-0.17754053029606892,-0.1819612230961621,-0.8181913446679256,-0.24218579980623364,-0.10955088260847608,-0.6887341116673812,-0.2662491289710956,-0.27860401392165757,-0.6422327898528086,-0.08217053125620859,-0.4253933287379814,-0.8147414412391276,-0.2062184743907192,-0.2959543097126517,-0.6401563966783171,-0.25465396792133255,-0.19192186040539008,-0.5249781178684426,-0.262084286896227,-0.43154620213621664,-0.5217860986525983,-0.11614271427543385,-0.5734929264409057,-0.6466148957663909,-0.24328122598740884,-0.41150497204222686,-0.5006246689640078,-0.2746967225330716,-0.2774615884630282,-0.38723456923623856,-0.265383162770628,-0.5654012676544936,-0.37962834899630127,-0.15393393461321872,-0.7690261286809628,-0.5582185423977454,-0.23249869307633336,-0.8864609344730703,-0.6797571092575307,-0.2657947825629281,-0.9999973076669921,-0.8027861730494342,-0.2814941861070267
19,j,0.0,0.0,0.0,0.04209039486288185,-0.4467485203303858,-0.08432479901258667,-0.07958563010469763,-0.8220662678025831,-0.11160474756390008,-0.33667167621841776,-0.8753387017686325,-0.13799098476137706,-0.49543186699201874,-0.6758399326245234,-0.14978197986941266,-0.29185758332446854,-0.8600096004110667,-0.009764784413183054,-0.45295680407007954,-0.999997785291999,-0.08588405607224069,-0.3464429577556465,-0.8471750331344915,-0.13465222540707125,-0.24615046386239195,-0.7223047055955085,-0.15562406001290438,-0.38827290303701834,-0.6788751669010867,-0.016530560036575687,-0.5697002598218948,-0.8062360683145499,-0.11506657033552098,-0.4260511610374542,-0.6599764674018017,-0.1688089900596393,-0.31505779313206295,-0.5588149721932504,-0.18405228694281003,-0.46366111026119206,-0.48241572424693524,-0.04190016684543015,-0.62334297309668,-0.5687123863078399,-0.1494700476032656,-0.45718960479543097,-0.46007652933817456,-0.18729127384434086,-0.3274194457478375,-0.3629317395863828,-0.1838884498992968,-0.5182533490503216,-0.2711991660622239,-0.07329889930152741,-0.7129090496458047,-0.3831000812929478,-0.12777620134711873,-0.8132643128122514,-0.44890802094058463,-0.14902694999731728,-0.9191815540158712,-0.493377443861233,-0.15831558136607363
19,j,0.0,0.0,0.0,0.10052976890407127,-0.34695384635812343,-0.06239760826940026,0.03952815160577044,-0.6990867567878805,-0.09262108897360465,-0.14814276533259416,-0.791921954045011,-0.11309162460125885,-0.31964904068816047,-0.621397485508323,-0.11789178398256148,-0.18817522667827055,-0.8390965138141933,-0.0893541648511452,-0.3303554024030595,-0.9999972231987407,-0.1794198066395006,-0.21637949781640514,-0.7953909661859887,-0.22442847855337372,-0.1410867322404802,-0.6835583366163716,-0.2502563741723575,-0.2671177415910962,-0.6713267151679302,-0.10291024071906882,-0.41765726089270194,-0.8227103367581872,-0.2010638099586328,-0.2602807613183999,-0.636769415735926,-0.22095915608067224,-0.18069366672652476,-0.5781093547373691,-0.22426183041770983,-0.33882638264530673,-0.48427670994248234,-0.13095035671972047,-0.46042204824469196,-0.5784758771919217,-0.2385173112358821,-0.2751477197650863,-0.45768177774624985,-0.2604307031800272,-0.15392006621252774,-0.4079635736588054,-0.2605457534944191,-0.38827786696056266,-0.2969267173840579,-0.16112709629412986,-0.5642377749502805,-0.3463909459887699,-0.25477474200408723,-0.6550152659910077,-0.38827463951063546,-0.301093655144494,-0.7661299948396396,-0.4704969883456293,-0.33155790671658447
19,j,0.0,0.0,0.0,0.17774837143721642,-0.32185892260421306,-0.15809107103984155,0.13217398122022883,-0.6435116808419027,-0.22914228506123102,-0.10642123159737227,-0.8268184592663149,-0.29521059343952166,-0.35734498304396095,-0.7547508545409268,-0.33350355081237215,-0.05879590559373331,-0.8536538357400043,0.002223619234486453,-0.2092358687097103,-0.9946808195054366,-0.11512093869452997,-0.13831879537504338,-0.8570088327821324,-0.1839312840477096,-0.06422404595943342,-0.7736816297999781,-0.213289176559384,-0.24402154340100546,-0.760102493900834,0.016571382399664686,-0.4128681989862247,-0.9001020868792513,-0.11650806141662173,-0.2985205733790697,-0.7400284263802445,-0.16602852168833734,-0.20301157494907435,-0.6967335700761393,-0.17409189359562918,-0.4052434353590659,-0.644073844467518,-0.008194147476275318,-0.5720101986409019,-0.8096285060567797,-0.16817545134425876,-0.43971662097396264,-0.6779447119121126,-0.21107984711805725,-0.3310060147724748,-0.6136675790053374,-0.20552711455243455,-0.5426814700168474,-0.5109223545848007,-0.04773936462111787,-0.765750258888882,-0.6357137059675221,-0.14700877489236144,-0.8824902658758187,-0.7326034174739784,-0.19578664001395588,-0.9999974697409594,-0.8489264958645331,-0.22123621339847757
19,j,0.0,0.0,0.0,0.19021600616647338,-0.2466062120224656,-0.12917443399782358,0.23895302555456072,-0.5010402070058096,-0.1980381605755915,0.005407427019263337,-0.6576471720298437,-0.24699726899371732,-0.23105120789293238,-0.5814620284941272,-0.2686657880142623,-0.0172083653944875,-0.7631281119231897,-0.15242836875584312,-0.1273043560270031,-0.9021317593339967,-0.2718944967796999,-0.050537364855344616,-0.6987202735357481,-0.3389490455745266,0.00411206091151803,-0.5877378560260947,-0.3730016920330225,-0.20100782986649318,-0.7027544412604837,-0.14312007264650045,-0.3151659622474805,-0.8588308644550399,-0.25225504402931914,-0.1871538151888787,-0.6248353905638832,-0.2728976127149005,-0.1156669209974089,-0.551087182401953,-0.2774711847292199,-0.3614737632338466,-0.6187812451122553,-0.15409671179859571,-0.500897262156072,-0.7580317150514578,-0.25550497446793585,-0.330518154704927,-0.5604012059515002,-0.2572914535010136,-0.21911425788506028,-0.4391311603463638,-0.24596504861895077,-0.5045210437179377,-0.5096940677107227,-0.17592107748154975,-0.7077520850053197,-0.7204166610745516,-0.2409989359396621,-0.8179909601987287,-0.8496628604862875,-0.2692311466512995,-0.9456550597594243,-0.999997977042075,-0.291928389293644
19,j,0.0,0.0,0.0,0.11292705054573271,-0.22679356038070336,-0.09414356320589616,0.08675055615461633,-0.48131809629832234,-0.13958716821177689,-0.13695058548629643,-0.5500363341633899,-0.18143692593276428,-0.31277713909178234,-0.4612668519640718,-0.21157491166720813,-0.16446848620316804,-0.672846931466046,-0.07248158677755516,-0.28895496062206544,-0.8148014818311189,-0.17456928398852006,-0.21060684379446187,-0.6890593058756932,-0.23187120736261285,-0.1303219825475725,-0.5617675505675965,-0.2532240118058221,-0.32601665255965795,-0.579192506052347,-0.08181455781159477,-0.46555392959784037,-0.718234319031987,-0.2118808907851362,-0.33433851866212494,-0.5601052299729756,-0.26467025404156047,-0.2393979086858812,-0.4418330803829466,-0.27009946862184286,-0.45894187021092425,-0.45315086117299164,-0.10876277825834148,-0.6047976351819506,-0.5842658619400953,-0.23677891710835902,-0.4476482154339324,-0.4446488541730611,-0.26566989433002547,-0.324898584183309,-0.32774338577960493,-0.2505576469679725,-0.5581188548982662,-0.2953103651844065,-0.14155344784942342,-0.7654028956759092,-0.42721608645551257,-0.21988071290860245,-0.8824062467508953,-0.5087217239628914,-0.25273578555119575,-0.9999974300486845,-0.5934185819778023,-0.26448352635958083
19,j,0.0,0.0,0.0,0.1254106633777925,-0.28090861131889083,-0.10908737902948677,0.08795557051501138,-0.5393964086936882,-0.15925565035548067,-0.11878140239839119,-0.6075935458207373,-0.2062377116454327,-0.2863579920351548,-0.4648748507959417,-0.24417108412318392,-0.19488971246544579,-0.6669479519222532,-0.04735894111619728,-0.32594937959674086,-0.8261243983602433,-0.1579356816335461,-0.25812204704206176,-0.7598355049525618,-0.23893319957451667,-0.16383809804623364,-0.645280985226378,-0.278091603996096,-0.33317094568083094,-0.5578623118743847,-0.05624996404820958,-0.49844019031802217,-0.7182252991120545,-0.18874859062809113,-0.38308597182394494,-0.6287240497364125,-0.27081991496128727,-0.26058345314774284,-0.5228111900557968,-0.3025743366476054,-0.45108898809611647,-0.423431447957537,-0.08739316687797295,-0.6072503833945365,-0.5553711746780511,-0.22479119122870883,-0.4522654898262251,-0.4780123247428017,-0.29444778222702034,-0.2962493714480392,-0.38033874182403576,-0.31067181155176493,-0.5442317651643646,-0.2676512477142695,-0.12662933789015934,-0.7619334291691122,-0.365641254383552,-0.21194571906504364,-0.89181775292448,-0.4427845539115703,-0.2659002882239236,-0.9999983805034747,-0.5132402886330634,-0.2987647752015789
19,j,0.0,0.0,0.0,0.12463243276201699,-0.29365572194170475,-0.08710348466960918,0.06012700022233007,-0.5917861270682183,-0.11158138570596306,-0.20853732585182339,-0.7287979273505145,-0.13498818891950456,-0.4172607148884604,-0.6005416276033366,-0.14096396822208826,-0.20971939999722014,-0.7139910081902472,0.006049563328662949,-0.3644114588275512,-0.8701671528163983,-0.07629462547501711,-0.2869672688055001,-0.7500160600452158,-0.12817262898299983,-0.1982119649383257,-0.6583483489778614,-0.15313642911573602,-0.3438024238841916,-0.6049506703156144,-0.0035017431059505477,-0.5124164831852569,-0.7166277035802032,-0.1299348137633358,-0.33776066308417796,-0.5560561026737445,-0.1889050438877639,-0.2018907778551897,-0.4551182981399002,-0.20031146737161837,-0.46414116219571844,-0.47782269918977416,-0.035784499406571635,-0.6103418101726023,-0.5704877307533233,-0.17474252537636728,-0.3918143099598648,-0.4715954208447851,-0.2276361283151232,-0.21816568643605136,-0.38022737517655,-0.22706133766860612,-0.5715187172275327,-0.3394458171603612,-0.07331243776003409,-0.7673050402653038,-0.4901090896816304,-0.1524349272578015,-0.8828406747734314,-0.6021097964982177,-0.1973820225674918,-0.9999981691365153,-0.6979861367652925,-0.22289634601494274
19,j,0.0,0.0,0.0,0.0417530262021808,-0.25471394989704466,-0.06626969562100204,-0.03114748050367599,-0.47814964856352593,-0.09742813165099973,-0.2503349192036773,-0.5365245682297086,-0.12061774514314742,-0.4065511353599802,-0.4632574861351836,-0.12857693501584722,-0.2675503488011884,-0.5594601240601551,-0.09038020059636948,-0.4053202906726018,-0.6623220327012022,-0.17187698835724133,-0.29351400216996165,-0.5437896969410972,-0.22079075523996336,-0.19913042877872847,-0.46175203285832706,-0.24360016104169901,-0.37649115853035825,-0.4528594246902812,-0.09194586579368448,-0.5148159319774369,-0.5456750411669586,-0.17024575768862363,-0.34946842126556277,-0.4101824575925088,-0.1935461126716114,-0.24732043533524686,-0.3473995906056608,-0.20111641862358653,-0.46288112281596944,-0.3347605402300871,-0.10380165814341635,-0.6033958090891448,-0.4137419851060586,-0.16884321431604724,-0.4226675343804594,-0.31738433021000484,-0.16539027339134815,-0.2879181876234518,-0.23704122023484087,-0.1546581677634878,-0.5319687585673956,-0.20070514284330576,-0.12159601650600774,-0.7436991853693673,-0.3038583045242515,-0.1666686789747422,-0.8707812536188517,-0.37493994543607645,-0.18576676981207668,-0.999998332850508,-0.4478109392955157,-0.20060214236928214
19,j,0.0,0.0,0.0,0.12423467380905281,-0.32243377038241267,-0.08403220297067185,0.057552399673653803,-0.6283121675672325,-0.1053268763080154,-0.22013147891700408,-0.7546507204169015,-0.12622023490237952,-0.4467681820065634,-0.6294155401490164,-0.12915234494837433,-0.19306020686040187,-0.7243902305125849,0.01685851720842896,-0.38118964848916626,-0.8579146905201358,-0.06280513903670155,-0.30197684523702445,-0.7280146511881711,-0.11487654208100051,-0.20249555138314795,-0.6373910690127745,-0.13778578455646587,-0.33917113748984273,-0.603376977720328,0.0071242568321749754,-0.523937648175962,-0.7129387835872331,-0.0922365180990558,-0.3761606175873032,-0.5916962442311164,-0.1454779945390985,-0.2526432463672753,-0.5175809266173994,-0.16418392987134373,-0.46568579566985985,-0.46822027708562186,-0.02603589698764549,-0.6119851608429542,-0.5660327107086448,-0.15182275492057373,-0.4130374786020332,-0.45179022022028303,-0.20172008176622488,-0.24886130619035374,-0.3505418004653274,-0.20553132682701056,-0.5701515880432125,-0.3221422856976986,-0.06418440651902454,-0.7697755368348433,-0.45439886093398685,-0.12904746612735524,-0.8856600209101393,-0.5475797427706659,-0.1603586419286122,-0.9999969126884368,-0.6320398224019883,-0.18001551384156805
19,j,0.0,0.0,0.0,0.17404872762767154,-0.330332572343887,-0.10220480070086237,0.15791822600528818,-0.6465333162358003,-0.1474338217109536,-0.07888950254027675,-0.8444346115484822,-0.18306859551940774,-0.32552850277335516,-0.7633793448826455,-0.19685327625094928,-0.12446057755967703,-0.7803325939253358,-0.07498315232783925,-0.24823194262066758,-0.9601004930186703,-0.1597888818792041,-0.15201873931965645,-0.7907580529382795,-0.1997118281650327,-0.07218897862804667,-0.643471834316635,-0.21689796641860734,-0.275130528019404,-0.6900352030310192,-0.07463240777967958,-0.39953286712294206,-0.8588460448960168,-0.18909046049933748,-0.25000993856415404,-0.6564761541965387,-0.2321412577141659,-0.1592308312090366,-0.5085910099135357,-0.24240490255515226,-0.41669563676523314,-0.5813532410373649,-0.09192464706674343,-0.5503930402323065,-0.7552765750660566,-0.20674886007974647,-0.3592814787746535,-0.5928719633763498,-0.23919890139016853,-0.22242730976047126,-0.43576847269607144,-0.2403026105931432,-0.5403601738889272,-0.4464739242866064,-0.1160340540969674,-0.762284530828482,-0.6143013029917597,-0.18915595722460327,-0.8786142100864675,-0.7376657742238382,-0.23770018727388417,-0.99999710923326,-0.8543951967310618,-0.2728777224341863
19,j,0.0,0.0,0.0,0.09685464572780504,-0.2704018370187337,-0.08369332551661508,0.062349763359813765,-0.543876645364756,-0.12114746746552643,-0.16546879473917714,-0.6717536371271211,-0.1537720168980251,-0.3572839046945966,-0.6626956182878381,-0.16569132545838489,-0.19667127283164595,-0.709460106219633,-0.052856399173757694,-0.32569447252525574,-0.8513851323701164,-0.14420045551092564,-0.2292112704818609,-0.715424456422206,-0.19204428798568227,-0.1438514370376076,-0.6105964618006862,-0.2093194408157827,-0.3440643166259241,-0.6227442213201467,-0.058941099698358826,-0.4848884070621211,-0.7750647606884506,-0.17032693105738855,-0.34143500295314394,-0.6274976530255222,-0.21620059118057505,-0.2513685711314031,-0.5292000875730146,-0.2264072351551228,-0.46859081182445167,-0.5127279500617327,-0.08148089770486114,-0.6199236463792822,-0.6719983286757313,-0.19118167348024503,-0.4397839843494942,-0.5441880618160023,-0.21004135390388773,-0.3053292265060582,-0.4309867717522882,-0.1987931593783997,-0.5693152501130625,-0.37578236419249705,-0.11007600580479404,-0.7724228825906081,-0.5223025959018786,-0.17439762852315024,-0.8844303256605162,-0.6290891804390392,-0.20434731509461643,-0.9999983102519183,-0.7430316456853928,-0.220863251839157
19,j,0.0,0.0,0.0,0.11247930103488521,-0.29309398544970655,-0.08830341471809693,0.01997831589070046,-0.5864235003591469,-0.12148716733597584,-0.2654380072300578,-0.6857944172280248,-0.15527816907810127,-0.4741989897816362,-0.55745654300328,-0.16879560758213025,-0.1907049845852253,-0.7069509081159598,-0.016016325770301987,-0.3801376879290356,-0.8148056348223448,-0.10964215949809077,-0.3088600354910823,-0.6590098452395347,-0.1627644197461354,-0.22153753226964862,-0.5496063232434139,-0.18422380961066617,-0.3405872081435461,-0.5822319906533985,-0.024202558965963773,-0.5242240222429729,-0.6561011707465111,-0.1560669684963192,-0.3761696585657754,-0.4886370863829369,-0.20427442020483982,-0.25509106965730005,-0.3889068067909551,-0.20684552152802638,-0.4595426018737413,-0.44880604686012443,-0.05493051514564742,-0.6327532356658249,-0.5339894359965521,-0.19223559308133548,-0.457073940034582,-0.3991881338420692,-0.22297836604730348,-0.30927304756834517,-0.2950804187497619,-0.20556292817714392,-0.5493625265061539,-0.30693587062175576,-0.09283494919326789,-0.7615441391090496,-0.4214213057031415,-0.1634899393113741,-0.8814433217236375,-0.49650858998494474,-0.19177486825877552,-0.999997048895728,-0.5708481253994377,-0.20302575347423082
19,j,0.0,0.0,0.0,0.13691891515947693,-0.2993714165802611,-0.10953340134354378,0.132106143552048,-0.6301568873670343,-0.15916312585824732,-0.12188926720672365,-0.7723194780884957,-0.21122532211617334,-0.34923363381265615,-0.7386877173029269,-0.26034320239904035,-0.24564127524237808,-0.8343977939233118,-0.03226310344558345,-0.42413617590475267,-0.9999965214152673,-0.17480397268675557,-0.2996729923300029,-0.8866220262406557,-0.29347623319558525,-0.16651128181890693,-0.7346076845745543,-0.3534095928062371,-0.41904080013995143,-0.7427516293612808,-0.04102570486175935,-0.6105576774008343,-0.9328237628447829,-0.18631528440789435,-0.4580559316826838,-0.8160042649366568,-0.27992074535537587,-0.3180590570835945,-0.6548463932727564,-0.3117070263509728,-0.5554596116841811,-0.6139699722797445,-0.07324452261289428,-0.7395968505230577,-0.7878494888312553,-0.2051776216576298,-0.5868712814829091,-0.6929767540227179,-0.23747535812292453,-0.44388342649337664,-0.5620254413624705,-0.22138490788098855,-0.6720717697849907,-0.4521351361449559,-0.11554567261251214,-0.8314201869504406,-0.606334683875317,-0.19408010835694278,-0.747532781648094,-0.5778142640197129,-0.18922117772491,-0.6539875917908518,-0.5122929151795519,-0.1618478653532841
19,j,0.0,0.0,0.0,0.19000952594691406,-0.3240045207795268,-0.0805434188227597,0.21572867791976252,-0.644071114851406,-0.11719752083731381,0.04128562403076679,-0.864853769532844,-0.14717637373175652,-0.191223889672998,-0.7988816035461359,-0.16350799409467398,-0.1242241770344672,-0.779341444764661,-0.0833710115408694,-0.21391704808726028,-0.9861232620669974,-0.1593586850805977,-0.098618317855383,-0.8345228413490274,-0.20335732341566895,-0.017251095816219295,-0.7049519617589408,-0.22950054540018552,-0.2537408364234413,-0.6825305372708766,-0.09508185635253202,-0.346551474526976,-0.8869786707031508,-0.18921398659264155,-0.17845028540623661,-0.7097246052981123,-0.2354121559947305,-0.07900241957118681,-0.5739388670139707,-0.2623794802042788,-0.3914690081380998,-0.569719079649956,-0.11989447478049108,-0.4801523707771835,-0.7687526825318339,-0.23019008606092903,-0.26801171994037953,-0.6258084008860254,-0.2721374022444749,-0.12103826552863091,-0.4764246792073125,-0.28998792664595063,-0.5242133517948568,-0.4439458293599691,-0.14778740586199812,-0.7461066767049205,-0.6303688050387409,-0.22453087894150456,-0.8713511218039015,-0.758368037203973,-0.27456133004848987,-0.9999964604512622,-0.8827157392491459,-0.31876012953455524
19,j,0.0,0.0,0.0,0.12440939449755702,-0.24436015876344044,-0.10202827461236329,0.09143816002400698,-0.4791181995951458,-0.1464320150502466,-0.14276066825208408,-0.5465499883460122,-0.18421522243377708,-0.3184233197597307,-0.4682105945402089,-0.20276155677575736,-0.16227850807680344,-0.6280414488164844,-0.03244730226889168,-0.30282744312849835,-0.8237559160775296,-0.12361549541984053,-0.23051314449734386,-0.7193041485006162,-0.17581830294427225,-0.14183367073047384,-0.5982369326038095,-0.19037467872588137,-0.31973245483137575,-0.5402500411870191,-0.02133796117986267,-0.48024374119596036,-0.7267542758630239,-0.12055949388927763,-0.37883830958129616,-0.6110680231296883,-0.17047426778348437,-0.2852097658256578,-0.5205280956567804,-0.17983179376222377,-0.44699017943387914,-0.42790160147678885,-0.030171679512443022,-0.6185423704776616,-0.6057212669581764,-0.12081449894100565,-0.5308431183982126,-0.5171269518566037,-0.14487902060541621,-0.432163003282795,-0.42455852583953607,-0.13586021560999406,-0.5490182141836626,-0.28644935066714783,-0.047482149845592306,-0.7589987911647393,-0.3998810516577115,-0.09164118993856925,-0.8936550336295439,-0.4772230604776806,-0.11580520790170758,-0.9999979933633119,-0.5545399522755817,-0.12604907322258463
19,j,0.0,0.0,0.0,0.17101970816414158,-0.30277220421015116,-0.07668070712902449,0.15191938765152085,-0.6217515883650439,-0.10685592392971544,-0.09925973451756072,-0.8023712941511842,-0.1372218908886672,-0.33863091794103073,-0.7176081427684549,-0.1544421589701775,-0.14091244945805756,-0.7641837772515027,-0.029741315096424234,-0.2698332224126645,-0.9488266708612516,-0.11341904821983907,-0.19068702521239095,-0.8149508113896822,-0.15844127517460146,-0.10806851034763235,-0.6727505678333807,-0.17851942882003588,-0.2828110096836774,-0.6612586374443888,-0.04340644091550198,-0.4084462907611819,-0.8158580916252864,-0.17242687519857966,-0.2588889025960558,-0.6267704083806406,-0.23402905444221486,-0.16041936052724104,-0.4573721730626394,-0.2514725827707913,-0.4155875306377557,-0.5438342553658922,-0.07422430829505644,-0.5509959105488926,-0.704767086583341,-0.21166035488287865,-0.3569928562783578,-0.5542370548906063,-0.2624997432688347,-0.2135197440999394,-0.39806828125141436,-0.2678361156558228,-0.5314596631990458,-0.40740871283456104,-0.10815774282880282,-0.7577315968561247,-0.5700436487806751,-0.19591642225896355,-0.879080864484428,-0.6871768982960972,-0.2513774114158322,-0.9999971217478519,-0.797331286821775,-0.28787075810720314
19,j,0.0,0.0,0.0,0.12894167932471112,-0.2933437466788253,-0.09918205594291392,0.07604808560298107,-0.6016352874101005,-0.1273258390441262,-0.19305494963907557,-0.7514000605456834,-0.15144904227796308,-0.415690395401418,-0.6200543918924926,-0.15831484401298074,-0.19587982696768513,-0.6930840234785962,-0.0009348220630617989,-0.35737365185006703,-0.8262435904789684,-0.07822449278737209,-0.2786329780968638,-0.7069238735844182,-0.12724163495094032,-0.1835280093423893,-0.6080347984922257,-0.14905562813580636,-0.3393772015784643,-0.5863842349874353,-0.004795004561542972,-0.5154231010150625,-0.7033402321565397,-0.11114116766691362,-0.3583217537320213,-0.5750128408991603,-0.16461465250338406,-0.2292737485256156,-0.48200348109203806,-0.17792192386250377,-0.4631255150803396,-0.45936578244972115,-0.03172305277648926,-0.6068376609072992,-0.5614063072214421,-0.16240261715712886,-0.4099316655465153,-0.4613305151872135,-0.21377685023676204,-0.25331982354772076,-0.3652053831558821,-0.21531733917387175,-0.5703869585611827,-0.3149045866821193,-0.06449457273687145,-0.7736696808865858,-0.4538087538521194,-0.13340983866958672,-0.8874680466388538,-0.5535622124410116,-0.1685609190572661,-0.9999970367902267,-0.6413001399141535,-0.1888489945429623
19,j,0.0,0.0,0.0,0.07696293380577847,-0.2888017362708223,-0.03224425845114162,0.012920879312106366,-0.5862292779130192,-0.044969472548795304,-0.20328377089742178,-0.7330243089797912,-0.07245689122777667,-0.42146864447583626,-0.7293111195750946,-0.10262682572897079,-0.10059597249843735,-0.7597497479947835,0.03993168364125302,-0.2568868997949523,-0.8750406350917432,-0.0460116423645883,-0.3311218251651777,-0.8426037441008523,-0.13766057263824424,-0.40679122790356026,-0.7926688268635774,-0.19896247230013728,-0.25376876354398153,-0.7011114568161759,-0.002164250313033852,-0.4387477950674543,-0.8551411701023979,-0.08543972016716941,-0.5315053733756043,-0.8686691287031073,-0.16890880045786888,-0.6240671662079529,-0.8570705830514278,-0.2222629883634405,-0.3817686895871851,-0.594249146478604,-0.06118398324323566,-0.6015811802598852,-0.7907648491898128,-0.16339980846262853,-0.715431877574621,-0.8623907647290955,-0.2226724782560105,-0.8141200240361331,-0.9046527673919939,-0.2484146003527653,-0.4961769185148298,-0.44134459837149664,-0.12262619783380888,-0.714784149950133,-0.6452086302767452,-0.20537982832799276,-0.8666744739723683,-0.7708909998677559,-0.2361174414933984,-0.9999959646987504,-0.8715829409225136,-0.25095715075584274
19,j,0.0,0.0,0.0,0.12319762823146076,-0.294199811274009,-0.1568922126930799,0.03970555259190257,-0.5815651110174287,-0.22632030894861452,-0.23575637346651698,-0.7238666626487679,-0.2838218836511964,-0.46333573920384147,-0.6123652927875508,-0.31118554870646375,-0.20924379661102077,-0.7228329293558728,-0.05023804378103797,-0.3591740734073759,-0.8457845730886522,-0.17321016396019426,-0.24758777905427037,-0.6857449157663926,-0.2341420176082519,-0.15140388636588883,-0.5968396050171128,-0.25568307891155234,-0.33447950579094,-0.6199650063142557,-0.03390052101160536,-0.5047077245746048,-0.7187535617530652,-0.20968376394439384,-0.318529088704197,-0.5464670126453989,-0.27012176524287773,-0.1976173424865476,-0.4708470821048254,-0.268390630633456,-0.4566569181226783,-0.49583523895242,-0.05068459193306171,-0.6098315829941708,-0.5864443022399717,-0.22975722637670562,-0.38430654044848445,-0.46917156649260766,-0.27519679838112815,-0.2248771693851713,-0.38085741462379286,-0.2550173339406965,-0.5616710345439185,-0.3626346863448426,-0.0788950842706871,-0.7544513408403861,-0.509596639771683,-0.17644389306324507,-0.8688082199379803,-0.6324002333207424,-0.22831097216410606,-0.9999982072393279,-0.7521590474147933,-0.2511498902114813
19,j,0.0,0.0,0.0,0.17426536866994208,-0.26771008170316896,-0.09925128179267577,0.20009459965175697,-0.553246286833625,-0.15104672114366358,-0.05664360869747803,-0.6989276570648851,-0.20272153660850573,-0.3072139912545648,-0.6360385866823118,-0.24257242479432028,-0.042584747758640386,-0.7832879713494398,-0.05951883158141711,-0.12204039528946119,-0.9999974207640687,-0.17816845522541025,-0.089387353653706,-0.8850705486835155,-0.24034523550699974,-0.0431074448596699,-0.7427107647948564,-0.2559507802279499,-0.23623994972737597,-0.6967839840128982,-0.079517736716345,-0.352695557093999,-0.9081650745530765,-0.23575364894333845,-0.24575987814875894,-0.752600424547997,-0.31108306406485564,-0.15710906620418014,-0.6112353793629296,-0.3248481384860264,-0.40734169419333693,-0.587239431595755,-0.12069696734376117,-0.5086051871857579,-0.6993518103889265,-0.29276593204828893,-0.3304088288471909,-0.5177336308519139,-0.3598188421279127,-0.19747811632500056,-0.3671424437631303,-0.35665871538247523,-0.554670175230606,-0.4646086960510134,-0.16473377533578362,-0.7545541586975364,-0.6710207051064779,-0.25324638001747257,-0.8704299566181203,-0.8224216114985328,-0.29575205062277704,-0.9882808577756093,-0.983434763844079,-0.3159575220008388
19,j,0.0,0.0,0.0,0.04209039486288185,-0.4467485203303858,-0.08432479901258667,-0.07958563010469763,-0.8220662678025831,-0.11160474756390008,-0.33667167621841776,-0.8753387017686325,-0.13799098476137706,-0.49543186699201874,-0.6758399326245234,-0.14978197986941266,-0.29185758332446854,-0.8600096004110667,-0.009764784413183054,-0.45295680407007954,-0.999997785291999,-0.08588405607224069,-0.3464429577556465,-0.8471750331344915,-0.13465222540707125,-0.24615046386239195,-0.7223047055955085,-0.15562406001290438,-0.38827290303701834,-0.6788751669010867,-0.016530560036575687,-0.5697002598218948,-0.8062360683145499,-0.11506657033552098,-0.4260511610374542,-0.6599764674018017,-0.1688089900596393,-0.31505779313206295,-0.5588149721932504,-0.18405228694281003,-0.46366111026119206,-0.48241572424693524,-0.04190016684543015,-0.62334297309668,-0.5687123863078399,-0.1494700476032656,-0.45718960479543097,-0.46007652933817456,-0.18729127384434086,-0.3274194457478375,-0.3629317395863828,-0.1838884498992968,-0.5182533490503216,-0.2711991660622239,-0.07329889930152741,-0.7129090496458047,-0.3831000812929478,-0.12777620134711873,-0.8132643128122514,-0.44890802094058463,-0.14902694999731728,-0.9191815540158712,-0.493377443861233,-0.15831558136607363
19,j,0.0,0.0,0.0,0.1730616502610523,-0.31463432572768507,-0.07655021879139236,0.1581170376997569,-0.6283368429441935,-0.10577772349936833,-0.07887737934275801,-0.8126637849311392,-0.13633973711718564,-0.31670166006442135,-0.7223441969223744,-0.1552653147585246,-0.12911558574669746,-0.766437620407793,-0.01195749683298912,-0.24400318887558844,-0.9482808743336197,-0.08912564810607225,-0.16826136714752346,-0.8122123149607282,-0.1379022484876279,-0.09219225338899062,-0.6694731769020962,-0.16040879993178014,-0.27640630633962443,-0.6627140535714622,-0.027756808930717924,-0.3977206564533056,-0.8118571884579483,-0.14194837251620687,-0.24158408885471055,-0.6291436979418951,-0.20505810497434376,-0.1408570796211864,-0.46698574979119034,-0.2276241278277974,-0.40935684467712796,-0.5432911549524465,-0.06156967670904556,-0.5295486813656184,-0.6965905022216249,-0.19756617237459678,-0.3333913130725241,-0.5421565770500926,-0.2540862227751138,-0.19684211354693779,-0.385265979628803,-0.26383929691973873,-0.5245919047483166,-0.4068233044728743,-0.09778011695681316,-0.755459807937729,-0.570272151680032,-0.17996999239808678,-0.8754500816827586,-0.6867231386995887,-0.22731585889257064,-0.999997108452296,-0.7963925969309227,-0.25931473019680545
19,j,0.0,0.0,0.0,0.20139842888829257,-0.34174026546285,-0.11609509362332172,0.19489831787862477,-0.6733618162768165,-0.16658492124498783,-0.04784652020105231,-0.886421908397925,-0.20848039595434245,-0.3077483943889334,-0.8252576827307329,-0.22572676250403173,-0.08877235555839286,-0.8204720172797022,-0.058810593867515755,-0.223430417206645,-0.9999970685259421,-0.16401531689889529,-0.13180647669952017,-0.8253605547061351,-0.21855916307817067,-0.04110423414610619,-0.6579481871368851,-0.2432293479801424,-0.24719397457168457,-0.7112177422127877,-0.06092390312356208,-0.38519793083900955,-0.8833428693617535,-0.21676017029728673,-0.22732933059794436,-0.6744502935095447,-0.28726119623556984,-0.11403963474137284,-0.5090243379188276,-0.30662783937891763,-0.3984424246572622,-0.5924737349062542,-0.08583510002777815,-0.5405839747717669,-0.7655258455753953,-0.24515670139785,-0.3352583263180516,-0.5983049378227857,-0.3003882063265,-0.17524072832671342,-0.44136358319610064,-0.30519942596250316,-0.52438934858376,-0.45042007371510806,-0.11785764438914009,-0.7513071912800949,-0.6151704378104653,-0.21936237261010708,-0.873048114771948,-0.7365618586801552,-0.2836097216148295,-0.9904340809560683,-0.8575461162026158,-0.3243861632754074
19,j,0.0,0.0,0.0,0.1866999302933034,-0.2654792413327938,-0.09847251561906002,0.13273132299567011,-0.6215295634547471,-0.12092953493910708,-0.16580611695794367,-0.7922877748536855,-0.14070009982776102,-0.42120023563565173,-0.721755958693158,-0.13296111572613986,-0.10001778399987057,-0.8040136087500626,-0.0022891624000915514,-0.26510445392345666,-0.9999981313850459,-0.11396130142323306,-0.18904711301674196,-0.8188800831719933,-0.17853849466732155,-0.09809651124769656,-0.701642404851442,-0.20527343660407887,-0.28584835229508154,-0.7145791417832762,-0.005582987664146713,-0.4615724690232044,-0.9005738257538686,-0.1406185014248589,-0.32932113008118613,-0.7104468460722743,-0.18838557441286619,-0.22110023538738116,-0.6132604055293901,-0.1890227130087393,-0.4533225795144345,-0.6012307320928432,-0.03539217831894382,-0.636641348209238,-0.789664931257109,-0.1709937261808658,-0.4725430478162486,-0.6253086791137407,-0.1886873534576207,-0.33304578183433553,-0.5052418292097488,-0.1633649646617009,-0.5936596922898414,-0.4644436858509316,-0.07407336103075828,-0.7939258130198434,-0.6262783371184031,-0.14415901728365865,-0.8963033654719059,-0.7320686825580447,-0.1707595536613617,-0.9952372175051587,-0.848817967776087,-0.1799068863793917
19,j,0.0,0.0,0.0,0.1704261774158432,-0.2803182629987362,-0.08116555094857318,0.20210891583642773,-0.5524191346771749,-0.1293923666758857,-0.013775133952387492,-0.7277175028431968,-0.17138001365398425,-0.22703402165681086,-0.717435618012662,-0.1998975502399588,-0.04206129024666325,-0.7831611629432359,-0.0894773286635625,-0.1275246680943985,-0.9999970778323166,-0.17520530519679184,-0.050752785282042676,-0.8848221844866418,-0.22881713661719716,0.01673819508426611,-0.7431376303801145,-0.2589287533261975,-0.19968771240389513,-0.7180772778533533,-0.10395008154341985,-0.30324924191464725,-0.9193184550018537,-0.20992670748394557,-0.17644321890784173,-0.760413328794558,-0.26201944101840907,-0.09376071538596904,-0.6148449386517506,-0.2861312159936271,-0.3545184553800911,-0.6246160559788035,-0.13249973160201314,-0.483182748973307,-0.8266193348192,-0.24234744616307766,-0.31019864093303573,-0.6914870612628808,-0.2820637126658137,-0.17860507611268991,-0.5475197726633838,-0.29782467844940697,-0.49368827420434336,-0.49643413940209,-0.1657935757290729,-0.748924848267392,-0.6723417709021886,-0.25594283175618354,-0.8710447862622867,-0.8038819511565268,-0.31133130022701005,-0.9862619169888973,-0.930366273369153,-0.3526420060882284
19,j,0.0,0.0,0.0,0.14703757823256905,-0.23939910561935757,-0.09779765484366174,0.14800827020122662,-0.5444643768515495,-0.14098163696351357,-0.08943052805144332,-0.7111927828231202,-0.17862335307409757,-0.3119304115550061,-0.698351570199032,-0.2000547365246088,-0.1089244588404598,-0.7207030720868849,-0.05777275685301578,-0.23926291023331034,-0.8925990401766095,-0.1565870862016016,-0.17291416852719424,-0.7600839946151589,-0.2177276203954889,-0.08221310543605004,-0.6240066134743328,-0.2426346681198955,-0.2891428045782692,-0.6480562266211943,-0.061733221563430106,-0.43131019838736556,-0.8239564989770121,-0.1859518175734672,-0.3052495081413997,-0.6788328523828093,-0.24721298862960428,-0.19493557650972515,-0.5369382491365687,-0.2612203076149282,-0.4473228844897756,-0.5463077454205302,-0.08335768729374486,-0.5922104546393769,-0.7395553387038687,-0.20320450469617687,-0.4229281852840401,-0.5959800817285336,-0.23461443233973214,-0.2747989783774927,-0.44513283069887527,-0.2265159541759749,-0.575920713539323,-0.41022989785714925,-0.11218087709238365,-0.7790141537988203,-0.5866891443291854,-0.1799033331705363,-0.8960679579814065,-0.7181787932194615,-0.21498220726317113,-0.9999977642080138,-0.8415611518912814,-0.23423311524310703
19,j,0.0,0.0,0.0,0.19938416335894887,-0.20023215624147075,-0.12673429891209148,0.22102702521818104,-0.5287798024407623,-0.17058008117312246,-0.03234760033047965,-0.7260369832324063,-0.20272357352037024,-0.28913484254166927,-0.6844003191302468,-0.20818441868895124,-0.0003720869846912819,-0.7926172980556025,-0.0744063260566627,-0.14136321366079624,-0.9838665673315146,-0.19904188789753086,-0.08267806021892489,-0.7786603579738997,-0.2681836526082467,-0.007660293337257189,-0.6400928986563051,-0.29974676756849916,-0.20411011893523665,-0.7399213094000049,-0.06671866902015665,-0.34950423538012626,-0.9218731500660926,-0.21914811119211478,-0.2371732392150724,-0.6648815922338448,-0.26184449943450716,-0.1512349091730139,-0.5343710145016997,-0.25446780970539995,-0.3863570426150129,-0.6442400192980214,-0.08473235537968796,-0.5364846489230296,-0.8331900852610037,-0.2386171978167628,-0.40090628442744886,-0.6211225729216517,-0.2518432379186916,-0.2929904990003835,-0.4678208961509537,-0.21890274260654669,-0.5426425935995212,-0.514173667863926,-0.11175848001683945,-0.7264345800071832,-0.7212639828571931,-0.21514899182671532,-0.8480987778132745,-0.8584294122466611,-0.258451816003301,-0.9726304540002735,-0.9999980093801936,-0.27277571144913143
19,j,0.0,0.0,0.0,0.13586575915203786,-0.33858782043244673,-0.08349204269306941,0.07177820479246617,-0.6414269451483597,-0.11326418796555068,-0.20167511787911688,-0.7656574119909044,-0.14369486234163897,-0.4357723440857464,-0.6332479483541102,-0.1608701354721712,-0.18351711633751933,-0.7311647075170492,-0.005161578204591986,-0.37160545001101075,-0.8835176003190224,-0.08683223405025588,-0.3107818065590299,-0.7664288439708037,-0.14247970075548125,-0.21538498278845725,-0.6662046056456031,-0.1695154779519867,-0.3281392154616941,-0.6101979622271666,-0.019222704643186456,-0.5270359284706433,-0.7414978059812386,-0.12074904509489721,-0.4070612136527029,-0.6420768112639745,-0.18433402780408836,-0.2849456520098382,-0.5583205817409013,-0.21491644648623748,-0.4568057002210532,-0.4763287614443136,-0.053894766697327706,-0.6172139410487746,-0.5884321812272917,-0.18001590699981312,-0.4297440405727184,-0.49155005739527313,-0.24228753575758474,-0.254135900900991,-0.3903271611756226,-0.25980423949409537,-0.5602518126596527,-0.33371628617941024,-0.09330175229939415,-0.7724867815301876,-0.46673774494606074,-0.15878634365422847,-0.8938963333210507,-0.5649627739330735,-0.19523695442242867,-0.9999968231514591,-0.6504964781727189,-0.2232844668381538
19,j,0.0,0.0,0.0,-0.2651443444178435,-0.11090630314656191,0.02919392682086588,-0.44719282008132255,-0.33066121321799874,0.014323387259966572,-0.5961444148582967,-0.5263762912644312,-0.038580603894893754,-0.688120305246431,-0.6765088890316648,-0.08160990624390584,-0.031061410047623944,-0.6802791263001671,0.1432352497081705,-0.21673645664475175,-0.934355435448585,0.09784389859363679,-0.3517425592762917,-0.82433698386219,0.06428359907975677,-0.37329570411784857,-0.6856173711712402,0.050493376561944886,0.04986198458411448,-0.7243591341918043,0.0775969285466339,-0.2128165745503333,-0.9999984686651004,0.05214945281435178,-0.34862402317097463,-0.8563111634556322,0.05369707193690507,-0.34143632524401374,-0.7171816133908511,0.06826691136704509,0.09002831705907795,-0.7353348223111105,-0.006706203919646868,-0.242681556188009,-0.9626218552869983,-0.03518059381292473,-0.36030772892653107,-0.8144053639054026,-0.0189110873433226,-0.3460247486787332,-0.6694991767164982,-0.001335852736769046,0.08433213855895286,-0.7193451882328875,-0.09823731639305786,-0.21644319112131843,-0.8930551748958149,-0.12443140183414755,-0.3705134695441499,-0.8591059711154974,-0.11984082203528519,-0.43369448255751913,-0.7789949667082587,-0.10638805339183476
19,j,0.0,0.0,0.0,0.15333634390224513,-0.23296497514073572,-0.08431728689596354,0.17393754309839285,-0.5166245582163463,-0.12755033255577194,-0.0288235787644384,-0.6553581396405206,-0.16786866897928446,-0.2388597407496359,-0.59233306684196,-0.19689580342655494,-0.08214759459539948,-0.776904142438042,-0.06643641360640554,-0.19007335856661117,-0.9910704974415533,-0.1798194689801212,-0.12048784251075302,-0.8881550960870734,-0.25670902390553585,-0.046394420638628045,-0.7295618179009895,-0.28949153139222994,-0.2516321719208641,-0.697392541017896,-0.07926897660803017,-0.35821134037777963,-0.8832221575382657,-0.20736402189829076,-0.23916680290966544,-0.6988902216513734,-0.2684099595996819,-0.14758645443502555,-0.5425159943938361,-0.2837283772912591,-0.40951988448188026,-0.5839244179486514,-0.11020809394410429,-0.5296929506484364,-0.7617549899399185,-0.23380104845479133,-0.38159227998586137,-0.6005927002752542,-0.27484993928592616,-0.2589962073874056,-0.44939845361071507,-0.27510556571188827,-0.5471328395426134,-0.4362051290252797,-0.14649250001941638,-0.7683001929797146,-0.617562400236886,-0.2261048326919679,-0.8907882669998266,-0.7343384031072822,-0.27113026786713096,-0.9999968433528283,-0.852061369121936,-0.2968680788891893
19,j,0.0,0.0,0.0,0.11786883072353348,-0.2143865664832755,-0.10277947638098608,0.10149441738827265,-0.5204604735414425,-0.13416502531814958,-0.08684811775981892,-0.6743439862997395,-0.1640594272472798,-0.25810141170633355,-0.7007534184716157,-0.1823995646694919,-0.1914879038688856,-0.7684218806660196,-0.03877526891001304,-0.34405877954041075,-0.9600461924400034,-0.14629051106402108,-0.26462355916874314,-0.8859838461485,-0.21809915810528702,-0.17315564825937174,-0.7931014125868772,-0.24739506772352776,-0.3740332081411375,-0.668775012719642,-0.04895274165888401,-0.5373895563089904,-0.8544399910032915,-0.16777955088638694,-0.4178712198239607,-0.744655167746459,-0.2287698976814368,-0.3180574150846335,-0.6526449355780278,-0.24251154912109082,-0.5227228690583571,-0.5200358540186771,-0.08042670811407909,-0.6845650684614523,-0.674896448824471,-0.20894251474847703,-0.5420703021434096,-0.5544679206090437,-0.22911963998356852,-0.41744223903150224,-0.4546406116972935,-0.20773143481832265,-0.642639079448396,-0.32706968990552,-0.12009843301365442,-0.8439784084634451,-0.47496875246368403,-0.19729931712161336,-0.9266115429738954,-0.5306802420677057,-0.20451783587227054,-0.9999964737366904,-0.5822683876313306,-0.19312943097723329
19,j,0.0,0.0,0.0,0.08529122304707117,-0.2401144472065011,-0.09835654599558712,0.03689998976560831,-0.4746541359802893,-0.14258148976967522,-0.1903591910925249,-0.5651590695559916,-0.17567418324643416,-0.3577034527498189,-0.5110096701205731,-0.19174027427134704,-0.19013562688514518,-0.6519241870421697,-0.09132682687093374,-0.30778807535090547,-0.8126917246575399,-0.1858050627119503,-0.2467071761674956,-0.7139679046678743,-0.23501197011217934,-0.1839473465547215,-0.5919489970650101,-0.2520641299685775,-0.34414512347002024,-0.5729113621130826,-0.0828676413764407,-0.47521156856702257,-0.7161754299919525,-0.17802106671719561,-0.3544977828107224,-0.5636670073709125,-0.20444259271066753,-0.2756255416302294,-0.4721430939477079,-0.20290831935389517,-0.46068450911806524,-0.46113473758471674,-0.09148430770469544,-0.6067160582057982,-0.591158700115221,-0.17944809990677116,-0.45344732983466923,-0.45540930221120296,-0.1871487009009175,-0.3392240434211551,-0.3416306209143965,-0.1730380397011615,-0.5499637686887168,-0.31159702980704596,-0.1083299806744566,-0.7568799043714383,-0.4512423999028728,-0.17819940981877755,-0.8799253617159597,-0.5417345007056265,-0.21551859148500155,-0.9999975809190603,-0.6304229480610324,-0.23535476015250137
19,j,0.0,0.0,0.0,-0.12967840100332345,-0.32438232391898064,-0.05498232143454096,-0.14730465794560385,-0.6597534917904344,-0.09105170966298103,-0.04502283228834789,-0.8400016136412869,-0.14113471623207394,0.06612506539192875,-0.7392921377615006,-0.1715476322883189,0.11831960259987213,-0.7774385522623629,0.024987252419821217,0.18767834393368432,-0.9917279470655652,-0.07591977261098518,0.08742402650114581,-0.8296479622289427,-0.13033038337635713,0.045303246661821395,-0.6843205139657291,-0.14274359749394927,0.20721043866122543,-0.6847260676436475,0.01744453612944648,0.27471702289546734,-0.8981995420408422,-0.08586820639170685,0.1363728334613722,-0.6782966131098753,-0.11366435162358823,0.09625185428767297,-0.5634625694108332,-0.10484745076177351,0.2959365469964575,-0.5821454426284812,-0.009996262502630129,0.34674995560939886,-0.7772240029628504,-0.10461615334849053,0.20328212250547997,-0.5758583850024696,-0.0975313434968463,0.14359492364491946,-0.42611242659988324,-0.05774550004180748,0.384524074175416,-0.43756566485263493,-0.04463851292660036,0.5212335176230685,-0.692868317626094,-0.07247479943051562,0.5765365914684505,-0.8461067292986741,-0.06154361451826615,0.6468676556584201,-0.9999985450525705,-0.041310909335012476
19,j,0.0,0.0,0.0,0.1440611396863195,-0.2681303177705548,-0.07110364042853076,0.09520761806691118,-0.5556971812708716,-0.09101787121918223,-0.16245188688273093,-0.691770594385677,-0.11135822630430346,-0.3643101017266244,-0.6385132673480532,-0.11467617416425019,-0.10368092594941877,-0.7103153430929098,0.011005479327826985,-0.25104381789705976,-0.8896365583374819,-0.0615461948743341,-0.17951430834411056,-0.7664867671229915,-0.11685866544513841,-0.10444297902809423,-0.6731578026656361,-0.14986724823123623,-0.2706827727786667,-0.6344292175097748,0.004980519009046768,-0.4324858324492171,-0.7951439831160686,-0.06718733775709701,-0.3276790974095227,-0.6744524831194532,-0.10285679111002417,-0.2423308724844515,-0.6027861350905089,-0.12263623922660792,-0.4163220517257151,-0.5297427670377459,-0.02236308714051757,-0.5933466809218717,-0.7252791804483583,-0.1099708421722937,-0.49600712011557785,-0.6227443797494375,-0.130321695731745,-0.4055972689865378,-0.5367526664267769,-0.1327074650655106,-0.5375197358413096,-0.392595929711404,-0.0574994450762522,-0.778483083509101,-0.5085474581254193,-0.1243381297013896,-0.8951824042755687,-0.5883613030229349,-0.15849656415890803,-0.9999975954242798,-0.6704116096005184,-0.1822007038728727
19,j,0.0,0.0,0.0,0.10993193156593906,-0.2842827572058839,-0.09585262317384077,0.0554199140891371,-0.5727570038304878,-0.12688756276914143,-0.19827037982726053,-0.6972803180925169,-0.14647688472238246,-0.3906963774896978,-0.5663698255582729,-0.14428617573805844,-0.1921706276596128,-0.6612122719241212,-0.05118079346599299,-0.33080833598843706,-0.7854433824894966,-0.13124036334648018,-0.22416015134475653,-0.6506664309142979,-0.17217018739755757,-0.12969929588234425,-0.5626437660783158,-0.1897818751941934,-0.32305476637944347,-0.5525898629375425,-0.046290788297807514,-0.46772873113592534,-0.6586798398864551,-0.14960769090441586,-0.29420427481109523,-0.5125225098450088,-0.1829179587309783,-0.1849650940977188,-0.428231606776313,-0.18444507365960713,-0.4351511012765037,-0.428382177984979,-0.060617616648221094,-0.5722271534564921,-0.5364155561020373,-0.17388264592887007,-0.368531278409295,-0.4193044447886176,-0.2036191689199634,-0.22101772867873826,-0.3138247666998047,-0.19771000029470728,-0.5267259828868386,-0.28776685476403374,-0.08073783888984774,-0.7409038949721214,-0.38171126793346777,-0.15472131338930975,-0.8673705333443594,-0.45234904574553975,-0.1991567052662005,-0.9999974143646969,-0.5232395735905823,-0.22601939103027524
19,j,0.0,0.0,0.0,0.2209092326746511,-0.23883494335379796,-0.11969125603774734,0.22579518785306527,-0.5753283557338075,-0.16158552626192252,-0.051514036923047124,-0.7673569993457844,-0.1932802565628843,-0.3112094622379066,-0.7113007218739901,-0.2008375794389768,-0.011617221587219794,-0.8169201496004794,-0.06494279727597235,-0.17267445445636892,-0.9999980053356677,-0.18566445404878854,-0.12447998037487577,-0.8068086263624183,-0.252729943209457,-0.04315205800628139,-0.6648128129236766,-0.2836559969369898,-0.21566125361268934,-0.7489412188971849,-0.06353680410886293,-0.386462814066587,-0.9273748253834344,-0.21454110483850952,-0.27477541426505625,-0.6979676616373914,-0.262917616298885,-0.1737768736551193,-0.5651649959068378,-0.26311426244121267,-0.40172215048093207,-0.6426655114212104,-0.08763932437992975,-0.5733410288945827,-0.8315658882273075,-0.24179410228877143,-0.4150456994168135,-0.6344824044035571,-0.2669209227707451,-0.27757120166524113,-0.48434586868098295,-0.24559874146690147,-0.5583761266830638,-0.5021117895080812,-0.12015963558314255,-0.7497691181789857,-0.701925313865809,-0.2188941448100217,-0.8579582615767386,-0.8375382717301413,-0.26392676530497755,-0.9673254984595727,-0.9806991897839226,-0.2848185751127763
19,j,0.0,0.0,0.0,0.17307709567943147,-0.24857832848904202,-0.11683524001654347,0.1399347975442102,-0.5885458936635659,-0.15360762618756535,-0.13700769510408647,-0.7479524720368136,-0.18226860228552189,-0.3653471981259678,-0.6505142566962161,-0.18595721573141263,-0.11947129904033897,-0.7785109294091834,-0.049102202871795154,-0.29894724011674745,-0.9088587530141721,-0.17100642514242978,-0.1987060572140292,-0.708449345441258,-0.2369133730634644,-0.08755915636958422,-0.5907769433048142,-0.26684855939829,-0.30247232779371735,-0.6753045767093584,-0.05345401081099318,-0.5000815409232313,-0.7918988407075659,-0.21100281392787293,-0.3248786228529138,-0.574562114782633,-0.26102334621375806,-0.1961766704187826,-0.4688157365957422,-0.2587882629452797,-0.4602831023940999,-0.538582159891113,-0.08411660509386473,-0.6312826783687245,-0.6387895107454397,-0.24907443142967492,-0.4204182098563545,-0.45440620836068374,-0.27159888655653985,-0.2612941366502272,-0.33366668649889525,-0.2422617862992412,-0.577352073896937,-0.37712659972571055,-0.12246003234808521,-0.7716441832535275,-0.5236570836757213,-0.22147433710846132,-0.8783855564373763,-0.6139622326228027,-0.2547262238534874,-0.9999983081741174,-0.7160942287099196,-0.26320286626714334
19,j,0.0,0.0,0.0,0.15281914576871886,-0.27033779030984917,-0.14344827530638096,0.06094776620885065,-0.6143253918604521,-0.1761105860592393,-0.26181578657744453,-0.7662044176642575,-0.19681192603795397,-0.4990185183263235,-0.6430435546672205,-0.18250319656850977,-0.10973287698030575,-0.7546159469462144,-0.004910240580383743,-0.285412028815736,-0.919160300454488,-0.10514623844504174,-0.22133211493614627,-0.7443258426282867,-0.15086331840502265,-0.140748169620943,-0.6451377129394934,-0.16294678886963188,-0.2878390865127901,-0.6606268214077177,0.014232301018314318,-0.47900154762897046,-0.770130532743679,-0.12811295933518935,-0.33068654606420517,-0.577221799444266,-0.16682683624630923,-0.21572488708331417,-0.5068528948068755,-0.153094849003053,-0.44176854862487774,-0.5433518078999122,-0.0015718692317233463,-0.6358804504266561,-0.673554383157015,-0.16295234370931921,-0.45934764516314625,-0.4966900468163303,-0.1913303418171114,-0.32478101843320745,-0.38885246158952036,-0.157784713814852,-0.5709610227109182,-0.41298288066953354,-0.029345590426627738,-0.762077872240223,-0.5897613369080728,-0.12134536456731886,-0.8754155632501176,-0.7136424720212833,-0.16548411257795742,-0.999997813613014,-0.8473797497830062,-0.17971264710376306
19,j,0.0,0.0,0.0,0.20720312951891007,-0.3139359722986186,-0.07802309853435802,0.23234274313671166,-0.6396949727522636,-0.11419154986266741,0.050627011268545886,-0.865555555000969,-0.14397694628059582,-0.1945356866187938,-0.7997548363302722,-0.15746252413847658,-0.06801193688248919,-0.7960232846981247,-0.08028949157324429,-0.16721997934756205,-0.9999965838127389,-0.15703189196244044,-0.07672099477065805,-0.8305744473713389,-0.19836056724484546,-0.006371696697214934,-0.6910795545679776,-0.22359670976669677,-0.21682013178816295,-0.692242024734295,-0.09435449101806388,-0.31341796142051187,-0.8795139526837883,-0.19986295659734174,-0.16019914008768826,-0.6869846419248311,-0.24943352041540928,-0.06379434281086024,-0.5514240050889773,-0.2762679957845005,-0.36463017837446604,-0.5784959784682696,-0.12160102454401385,-0.4676919448485984,-0.7604369147512098,-0.24532898669758094,-0.25204100270748286,-0.6040743945398134,-0.29800286887839406,-0.09354270572703724,-0.4602742489843889,-0.32141297978553574,-0.4969255548167197,-0.45460453440284726,-0.15074967380502427,-0.7130865666314427,-0.6275339343544474,-0.23985813311204202,-0.8374816663206845,-0.7500274209970547,-0.2975207206834267,-0.9618101820645094,-0.8757566430421752,-0.34594595664681244
19,j,0.0,0.0,0.0,0.15247152579241322,-0.3056274931401506,-0.11252793213202446,0.10429329475626843,-0.6190342225982997,-0.15434197726939688,-0.1664013233560947,-0.779536843064924,-0.1906835827256246,-0.3992036971382001,-0.6757344009263606,-0.20591688959455554,-0.17283892872229478,-0.7358808567831842,-0.04201919585075739,-0.33801982151726534,-0.9010981903760905,-0.13216532009784734,-0.24832167143975575,-0.7507796747780741,-0.1727573210594269,-0.15313140454666876,-0.6368355299785868,-0.18785276472509732,-0.3117222053892433,-0.6253611608918019,-0.040186297671929376,-0.46718761390898594,-0.746516997872188,-0.17076341999476233,-0.31610030056657407,-0.5695808773928123,-0.21965029680626239,-0.20953880145761258,-0.45490881308720427,-0.22765877846379626,-0.43965190710374297,-0.5015629850687235,-0.0612754065708913,-0.5963010812735257,-0.6265429991687654,-0.2032061738302752,-0.41006852328386817,-0.5030276093163838,-0.24425789809324192,-0.26227145989627776,-0.3942921230223318,-0.23934858752017282,-0.5481493852341557,-0.3676733975752304,-0.08968984422266646,-0.7669055122606522,-0.5171291671970267,-0.16840849505928188,-0.8832416166933991,-0.631436330474351,-0.20941426492116175,-0.9999969920042403,-0.7385112728063798,-0.23356967310854157
19,j,0.0,0.0,0.0,0.10978125393480438,-0.27388982722891314,-0.08706966988696148,0.034063299714460885,-0.582854822574916,-0.10749497208845883,-0.23226561575520133,-0.7118513727258089,-0.1273700624825564,-0.43656205812054666,-0.5648317669392449,-0.13025361979899652,-0.2476659985937128,-0.6770948528300672,0.008883754923617102,-0.3936335355633713,-0.8233891784655736,-0.07322938790382286,-0.3073134887289726,-0.7061452556702086,-0.11627722930503757,-0.2111902279708904,-0.6115423065571827,-0.12776962727979788,-0.37695666411951567,-0.5605249142341169,-0.001646899060908607,-0.5559883448759786,-0.7051367326557304,-0.13917854388108256,-0.3973497042340354,-0.5787519270340384,-0.20414217638739968,-0.2653530657461219,-0.47391359560473617,-0.20762669086774957,-0.4866080054811371,-0.43320869679481894,-0.03326746146958917,-0.610463195852726,-0.53639083806368,-0.18302586335471263,-0.3980553581079427,-0.43849965118092543,-0.23991498338595252,-0.23557721548551525,-0.33540069856407684,-0.22981879709497716,-0.5768929505951996,-0.29936562707363146,-0.06898192977748599,-0.7657931361007526,-0.44155097971311996,-0.14238161364414295,-0.881561909991095,-0.551100286736147,-0.182583003659155,-0.9999981291233464,-0.6458139124404897,-0.20007326441448567
19,j,0.0,0.0,0.0,0.12468919264716849,-0.3024600197812157,-0.07190198832998869,0.09903780336388976,-0.6107401569252385,-0.09501066907439566,-0.1675989682919702,-0.7175493883253616,-0.11791797328669368,-0.3762508776589183,-0.573849082904395,-0.12919934995989105,-0.1809766615996678,-0.706207029991474,-0.019958963166950828,-0.2685328517220827,-0.8945984774597093,-0.08441081785652962,-0.19940892891874848,-0.7674180155404895,-0.11454362911133992,-0.12477608607000445,-0.6426227678312512,-0.11898179009589793,-0.33718675078656235,-0.6136993493286348,-0.037378910582268284,-0.4738423359009569,-0.802406758906911,-0.13118634534381565,-0.3499908245411517,-0.6749328779826312,-0.17869627211447944,-0.24415268862241607,-0.544233386141543,-0.18659130297063714,-0.47492860615506555,-0.49957129395910216,-0.07004086928936017,-0.595484008160667,-0.6551582712305892,-0.1779270270827489,-0.4098345707730676,-0.5365963969859239,-0.21863359847312616,-0.2600453726967246,-0.4053098621973978,-0.21444519203630966,-0.5953117583448801,-0.36809006871846717,-0.10617574381962273,-0.7969413880415782,-0.5469122242939025,-0.14857699312694897,-0.9027931522919614,-0.6833726066128931,-0.17152026383855762,-0.9999965617223494,-0.8035901694497561,-0.18723688113953138
19,j,0.0,0.0,0.0,0.10156933563327565,-0.20473637007050763,-0.11426208185077119,0.08032561075124355,-0.42154172554451086,-0.16558790463307252,-0.14948193847890584,-0.4756113859401581,-0.2053922966183344,-0.3251934246068918,-0.40968369374536284,-0.22641139745914257,-0.15314869811127235,-0.6330441577254899,-0.11042928337051011,-0.2877700675621875,-0.8198076559724803,-0.23708186031361259,-0.22262909560723984,-0.7142094281535045,-0.29311683029309216,-0.16153886173221638,-0.595520148738686,-0.3061314882710962,-0.3097844298171538,-0.5389760052445196,-0.10381991194153976,-0.4489588588912553,-0.703819226007987,-0.23584195503952052,-0.3271147911074805,-0.544368456496695,-0.2670162638860603,-0.2485783993003538,-0.47465137280931846,-0.2591607718250553,-0.43135542392312803,-0.4197358876379168,-0.11938234733342347,-0.5564891751220954,-0.5147596304613256,-0.2572897480485029,-0.41220535325349456,-0.3861957388094553,-0.2772460059281438,-0.3074000107733499,-0.31434110808539567,-0.25650227392426866,-0.5354682649587594,-0.2847903143948055,-0.1412422973130347,-0.7411447456123014,-0.4221010072414247,-0.23549193489533107,-0.8698895695169475,-0.513284697541475,-0.2711798333291739,-0.9999977514522325,-0.6180220899089105,-0.2831265889441275
19,j,0.0,0.0,0.0,0.2041539207948155,-0.22566138574217198,-0.12803586207250742,0.2682741029697048,-0.48308921614547057,-0.19666010120163566,0.06028338512275545,-0.6391956223801296,-0.24894579923027818,-0.18456909475513342,-0.5851782741021703,-0.27548867056760373,0.005768415591447563,-0.7607713540140089,-0.1387030174900932,-0.10080122911908644,-0.8901614853649452,-0.25965454000793,-0.02016089435276902,-0.6878071700526341,-0.328632500234422,0.04482195604503044,-0.5817500502896279,-0.36431677688737235,-0.181269953147407,-0.7015617831747949,-0.1341097332412571,-0.29245176115871335,-0.8392174160155609,-0.24877534212551272,-0.15191279354196632,-0.6047233153850057,-0.2769919170267323,-0.06292439456157958,-0.5403518282413201,-0.28764138599970895,-0.3446587159244905,-0.6152977670186617,-0.15017362388964797,-0.46963473473914513,-0.7515639889388941,-0.25962198884323723,-0.29588098270810453,-0.5431698112537036,-0.2604076754324058,-0.18459391345924778,-0.4312170020924722,-0.2469818321915691,-0.48633173618702646,-0.5053648137493116,-0.17726258466568107,-0.6485095582224089,-0.7109895233763925,-0.23786139493940772,-0.7280281249778884,-0.8371439941266087,-0.2563448130358231,-0.828567759966925,-0.9999979075941721,-0.27290743180187915
19,j,0.0,0.0,0.0,0.15451331772971827,-0.302728174642203,-0.09377796442500537,0.13670220174291678,-0.6135726138396361,-0.129508997298809,-0.08781932063555298,-0.8008797220292813,-0.15762945684947519,-0.3074463682603125,-0.7274034839129886,-0.16775503420352395,-0.13237735641265105,-0.7580702912428426,-0.04984666040410892,-0.25802990829103084,-0.9349673415218155,-0.14270813325250728,-0.1613804914306965,-0.7866069075536745,-0.20017980286680653,-0.07532382939453375,-0.6533134697110431,-0.22592465834653247,-0.2762145142055132,-0.6507729744197303,-0.052818850667686094,-0.40898201101705867,-0.8050788486640535,-0.17841055290255683,-0.23194014746551256,-0.6233168056583817,-0.23986135098180356,-0.11697551778347007,-0.4801424588251134,-0.2583396887755044,-0.4102834973908176,-0.5325262160725955,-0.07436304239918476,-0.5405528124938591,-0.6745829954985374,-0.20059587370137533,-0.33058563503546057,-0.5417320935743073,-0.25135578992483737,-0.18129353846244203,-0.40249275718564376,-0.2596670292066294,-0.5322800487848828,-0.3985881453077502,-0.10103379869515433,-0.7619648975623463,-0.5500687859273468,-0.1760907336385552,-0.8804494215832787,-0.6620691734635216,-0.22525315935436727,-0.9999974371692473,-0.7664561712264396,-0.25857323454776737
19,j,0.0,0.0,0.0,0.16456758995590182,-0.25563075919772255,-0.07933005234945545,0.16452573137979187,-0.5655415997851209,-0.10637162346208404,-0.07840111305392429,-0.7451488674137511,-0.12929012482788318,-0.3023232941451316,-0.7000495677243034,-0.13265161311755383,-0.1112141052282962,-0.8004750326736653,-0.03940570939785459,-0.2542547536412357,-0.9850871997794723,-0.1269919259140858,-0.1758611425139389,-0.8423382295355171,-0.17358115987545206,-0.10272029343235563,-0.6995262811611419,-0.19073994155419316,-0.2798026191329618,-0.7299154986933867,-0.050200679427380816,-0.4331110131803089,-0.9130154296040944,-0.1627432134555675,-0.29169686943907014,-0.7349024315999084,-0.21070067923785735,-0.2030042002879639,-0.6069634876588421,-0.2215221676266805,-0.43151081961359167,-0.6328687275393302,-0.07813929137792526,-0.5977931977835351,-0.8144332913145039,-0.1940784755792373,-0.41702057652364666,-0.642623134817626,-0.2193057424312122,-0.29064627354049766,-0.4965957410947741,-0.2110818640893936,-0.5652783800117126,-0.5008510187079663,-0.11160382995702928,-0.7773403412755711,-0.6972359647064822,-0.18380283389524524,-0.8837460920681521,-0.8337378142749641,-0.2202735589183932,-0.9999981759211094,-0.9784491634925618,-0.24253063362464466
19,j,0.0,0.0,0.0,0.14457984939832505,-0.2560017878717783,-0.07792567612199383,0.16412469593000073,-0.5355360876025321,-0.11895382065913913,-0.060684238525885836,-0.6772054728834878,-0.16269373979942747,-0.27957530249567775,-0.6574693777411311,-0.19070307631028444,-0.06516510853984232,-0.7685447696317539,-0.04536749470095491,-0.17935561227633884,-0.9999975431705582,-0.1690743374705723,-0.13988971884481027,-0.8629777249935318,-0.23645119738675185,-0.07466735287252059,-0.7133644933239001,-0.25616430169306187,-0.2513650341318877,-0.6831450162596137,-0.06977709963318751,-0.399302131346807,-0.8968912583005735,-0.22766084525525984,-0.289253858717529,-0.7109327364870178,-0.2948834139636073,-0.18549548344680739,-0.5637720559136227,-0.30192355209143723,-0.41280375608247766,-0.5745562224039589,-0.11339293049516361,-0.5501924527053734,-0.72439848380338,-0.26538408456790913,-0.38547936709871405,-0.5667377273251932,-0.3031725622083214,-0.24278696283290596,-0.4359645339458838,-0.2879879021061631,-0.5513748699388678,-0.450503235757238,-0.1612344074642504,-0.7400172423743648,-0.6386729781077636,-0.23658458450639508,-0.8506063121853005,-0.7706116750800361,-0.2636199772166679,-0.9509990194287739,-0.9101964358607246,-0.2727922225109315
19,j,0.0,0.0,0.0,-0.2697469061323821,-0.06725783003845046,-0.10339656894429984,-0.5053366834759434,-0.2346824679871374,-0.18936775643951334,-0.6307059146634633,-0.4235184826954732,-0.2764399482923835,-0.6446893022849277,-0.5762378015895295,-0.35171847825201136,-0.43544304225188624,-0.6071266586692378,-0.09636358435408404,-0.5796477582346088,-0.8218366270487413,-0.23209086365947548,-0.5323568981933675,-0.7061871818971087,-0.3258889427629446,-0.46321528398708356,-0.5549283147006591,-0.37275452137290777,-0.25451110707437524,-0.6884747519142486,-0.10620164513098385,-0.37962733592262254,-0.9607132461144363,-0.22832877960955775,-0.33821726189283535,-0.8171841397464034,-0.2861089027045707,-0.28620629013324134,-0.6544055529961172,-0.30692346679808347,-0.07939106440138641,-0.7186786624960909,-0.13381236105346483,-0.21374246785386528,-0.9999969583125086,-0.2351056797825593,-0.18526370507521028,-0.8728665008800132,-0.23459774880530063,-0.1444957910495101,-0.7235275869425363,-0.2168663731080341,0.09497785774734144,-0.7011370158909411,-0.17213548473892987,-0.024252871323187986,-0.9063797473270736,-0.2445797607519478,-0.027542898876594817,-0.8185539420927838,-0.2308914820934005,-0.0061070467921149054,-0.6957690332593741,-0.2048350286158765
19,j,0.0,0.0,0.0,0.14972537450348405,-0.2634088406197675,-0.07591641773795102,0.15065865743927748,-0.5645013335155498,-0.10915335121227604,-0.07533874369306008,-0.7359569089896785,-0.14258134861870028,-0.29124101855904017,-0.7295551061896125,-0.1632315447187572,-0.10312150881880597,-0.7611291989680694,-0.019141600497616016,-0.2231806180103471,-0.9363197386298633,-0.11773784815256629,-0.15805326602723693,-0.8219085392995288,-0.18764139561630735,-0.07464987093977506,-0.6914135955417116,-0.2214966448325308,-0.2822681065743137,-0.6901814345905963,-0.032806474754876094,-0.4130121364074795,-0.8551751157228893,-0.16481660920382005,-0.27025043009777,-0.6702106962704031,-0.23462023315350625,-0.15980318732878487,-0.5076067755058628,-0.25506998194191316,-0.44321145350319724,-0.5904601213071986,-0.06466480968812643,-0.5879655956647306,-0.7798215860984159,-0.19210952716375654,-0.4097642233280809,-0.6321096257767952,-0.23360095170209907,-0.25972967120747853,-0.48591271792311747,-0.23422567310124978,-0.5805896906481317,-0.4538024771615728,-0.10148546354260098,-0.7892067980937078,-0.6251054542409865,-0.17650003832697087,-0.900431502828976,-0.7509337937566134,-0.21937672771307232,-0.9999978797712387,-0.877291330603809,-0.24570533755634374
19,j,0.0,0.0,0.0,0.19463809447528052,-0.20566217641380988,-0.08255462005529923,0.2791160112074785,-0.4461756832142616,-0.12310871908671153,0.15916889368623197,-0.6521232265768119,-0.1612891686429603,-0.0229564970665763,-0.7151354337576838,-0.18078162625682676,0.08029372384629117,-0.6713920565086938,-0.047401823055565624,0.039484339237018495,-0.8370638132373284,-0.14413342363831969,0.0717370468466926,-0.6774674424098024,-0.20301355880511676,0.11742009127338247,-0.5634272296335442,-0.23246607138128544,-0.0721257319183922,-0.6461724339238588,-0.05452424449683512,-0.11542838284632527,-0.8140061637791003,-0.17741340448997467,-0.03929592061327424,-0.6147814962805931,-0.22626945230044693,0.013763095062600605,-0.48154207546418804,-0.23900404793495877,-0.22256762020749613,-0.6059207888242226,-0.07974815077080029,-0.27523272757734174,-0.8065389770230859,-0.2020337564824548,-0.1477140860094475,-0.6334540494251627,-0.2289749284382432,-0.049853733340915196,-0.48449887198061276,-0.22260468458942942,-0.3612927747275788,-0.5391562610593322,-0.1107155685097565,-0.485453004017484,-0.7371035929723279,-0.1835335541462679,-0.5442945222841307,-0.8666009485794349,-0.22092430003781172,-0.596939564790393,-0.9999978626504741,-0.2432856828052039
19,j,0.0,0.0,0.0,0.13087063139547497,-0.3045654105902683,-0.1171680975234236,0.06269237917336681,-0.5922244600099117,-0.16000687390943852,-0.2166103894192423,-0.7234201070940596,-0.19728008070638908,-0.4392596754798072,-0.596640150666967,-0.2096895153022049,-0.20907287734127122,-0.7055592238898272,-0.014831727399572545,-0.37556632288369174,-0.8368590085068404,-0.11719303363736178,-0.2686918309596181,-0.6890664601267025,-0.17475356956445895,-0.16758048006598109,-0.5877021112019757,-0.19668019162313555,-0.34179292218348234,-0.5937966774926101,-0.01182080304385174,-0.5086079265670118,-0.6970553068647474,-0.1502914308374584,-0.3265995009984734,-0.5334077830970415,-0.2065715648303842,-0.20554285983717394,-0.4511438852988689,-0.212835732704627,-0.4605920258325218,-0.47084352333651514,-0.03686957285345508,-0.6130218632020984,-0.5611538099811415,-0.18354406285347663,-0.39688887883497503,-0.44617084998977735,-0.22880237147027777,-0.24232890318940303,-0.3517267497998762,-0.21901166094391603,-0.5639507597486996,-0.33575899476053295,-0.07063108388850788,-0.7625666011912351,-0.47232046145823103,-0.14763528459268266,-0.8735869336093999,-0.5719704300441901,-0.18793038831065237,-0.9999975834884058,-0.6642488152352497,-0.2072479726748198
19,j,0.0,0.0,0.0,0.0770914386321205,-0.20504556585413714,-0.09905494724322612,0.04951185945085343,-0.43794630142224966,-0.1399330740579035,-0.12987252365749297,-0.5151178600997108,-0.16982218469685487,-0.27892513072029784,-0.42852878948353773,-0.17979247320242467,-0.248305301982143,-0.5671922673516481,-0.08028587794564533,-0.34393137900415083,-0.6557753913567691,-0.17290016570674216,-0.23243653089206726,-0.5332718635917392,-0.21465371613308368,-0.16025483828922352,-0.4684321942826714,-0.2263725017314806,-0.3625780474682012,-0.4695522362943389,-0.0805182012821784,-0.48303771632632386,-0.5776020087000955,-0.1931146191645824,-0.322614703560874,-0.4480657477517341,-0.22436980244958823,-0.23624788198328311,-0.38952455755062754,-0.21994636094739936,-0.45625787146200397,-0.3469371743542425,-0.0982530460628353,-0.5682582779226203,-0.42387665225451127,-0.21610654956020672,-0.371653432151944,-0.33119462036465763,-0.23323352446241896,-0.24061343265615565,-0.2665711199400316,-0.21412937830137233,-0.529540632545864,-0.20818141613251048,-0.12169461679364713,-0.735752725561764,-0.30495164017444487,-0.188273716866407,-0.860545301995707,-0.3671505389901533,-0.21288383069661337,-0.9999985530771726,-0.4372391061888876,-0.22258098660412734
19,j,0.0,0.0,0.0,0.11426569086408327,-0.1976026781514361,-0.09940232941051398,0.09975347019186286,-0.450103203587247,-0.14718974864262793,-0.09150033959504711,-0.5588676924469379,-0.19154450702146947,-0.2535901451148709,-0.5413254130296739,-0.22763463247879154,-0.1768388350988396,-0.6362831294741782,-0.08225287149535083,-0.2728317400230846,-0.7899078878071528,-0.20033193045398331,-0.17682265509294434,-0.6916828058644741,-0.27698055966337154,-0.08523212233682974,-0.546094117126151,-0.30727274595690146,-0.3517874306371655,-0.558441038137638,-0.09360627791407632,-0.49954266365206,-0.735928898908851,-0.22789732939501936,-0.37583108534631726,-0.617742004359646,-0.2947400038007864,-0.2705823043316958,-0.49123443806081113,-0.30788667346264054,-0.4892489439014883,-0.4296986396399147,-0.12256040883546325,-0.6386968544561958,-0.5803381453980171,-0.2556175792899121,-0.5109703114055281,-0.4608590077113098,-0.29392857650513854,-0.4001497171812995,-0.34692637604550147,-0.2839867096519971,-0.5910230064193084,-0.25877521469638637,-0.15684170297988181,-0.8119199560837775,-0.357467110552741,-0.2426315065583672,-0.9152523191180907,-0.4143462203025891,-0.27629465187499586,-0.9999972158414997,-0.47635298135662174,-0.2844914428615404
19,j,0.0,0.0,0.0,0.14668077594320447,-0.21545463751936542,-0.11225510099481899,0.16239654938536005,-0.4741883761968198,-0.1692444510875781,-0.05764190434780903,-0.6007928193619483,-0.21388826236870187,-0.2604152154787754,-0.5516230938740245,-0.24678121856042048,-0.09715132151595444,-0.682533541122959,-0.12387584180793144,-0.20513362313090383,-0.8736509967429616,-0.22545319945373812,-0.14903538062445926,-0.7647872501161587,-0.2836564563630144,-0.07160972751222126,-0.6260821163074419,-0.3085014217628261,-0.27817924487877443,-0.6120115614067405,-0.12686618303863245,-0.4072888652209933,-0.8152475010756365,-0.24768245034256006,-0.2889944459202348,-0.684373647811197,-0.30259650815349515,-0.18228319774839236,-0.5428694099132293,-0.3185515903073292,-0.4313937256775061,-0.49963949241320027,-0.14503616646273004,-0.5541727545643773,-0.6910643039304993,-0.26278523257884323,-0.3991178313527792,-0.5615548355558609,-0.30146165399557057,-0.26759183299768075,-0.41977513560029434,-0.3053298521811591,-0.548741233663874,-0.347808364945774,-0.17059740035722437,-0.7645223633843543,-0.5075459752742384,-0.2524821374924223,-0.8877168514988655,-0.6178969820048352,-0.2982865802880947,-0.9999971837376965,-0.7172984978426132,-0.3266726851370694
19,j,0.0,0.0,0.0,0.11195348430549018,-0.25108659737982497,-0.09329786353122392,0.08882350448549753,-0.5092882204042669,-0.13769004740462498,-0.1466562312079122,-0.6013458578647759,-0.17361800210772743,-0.3307915762513379,-0.5318104100173406,-0.20206309390714453,-0.13635390287390226,-0.6844726253558139,-0.09345915623369982,-0.2315153847647913,-0.8734935399463802,-0.16325810806324859,-0.18730792964305287,-0.8137648556605002,-0.21003885602015238,-0.13808311117036204,-0.6988714329242943,-0.23501769133508435,-0.31132539727690556,-0.6167113763292362,-0.09866413341641096,-0.44732907651479015,-0.8020178130151623,-0.18182434065827344,-0.34772022274933273,-0.693806068530583,-0.22955412316897406,-0.2645860962134118,-0.5681634227347515,-0.25061464339856065,-0.45116347340081747,-0.5012298990064792,-0.11572061195967981,-0.5916988190273835,-0.6824406927130352,-0.2004887182425106,-0.46269024645272877,-0.5692440315753963,-0.2318986270618782,-0.3543739700806084,-0.43589696754023605,-0.23918368427476955,-0.5582904277692503,-0.3424273969683321,-0.13976152446046056,-0.7768323181585616,-0.4855782140466863,-0.20491988767451005,-0.8948951477250134,-0.5817099191049767,-0.24357446258542312,-0.9999971939935102,-0.6613645554194499,-0.2696990928260705
19,j,0.0,0.0,0.0,0.11459187187095494,-0.22945878908698233,-0.0461128955518114,0.06045706315212266,-0.45546637788219024,-0.05113594984050206,-0.16335483537000242,-0.5286689766575777,-0.04964235606279681,-0.3164130868404853,-0.47023080695434083,-0.04145042785732929,-0.178499251330731,-0.5717592877688136,-0.007506154861983787,-0.294914466734665,-0.7424732909460228,-0.03788657878549446,-0.26552388896357526,-0.6968094494917055,-0.06506590974151506,-0.20462167666481335,-0.605865478833302,-0.07736112648957594,-0.3312654723326739,-0.48683493326570865,-0.0018099893351548962,-0.4599083980901439,-0.6445510864948344,-0.021984369410229656,-0.3872555111545637,-0.5801285337176925,-0.04411047025353675,-0.3110536173983943,-0.5050530882985507,-0.058969884208758754,-0.4415472270548709,-0.37654970574875063,-0.005299229308577515,-0.5840515289631815,-0.529074977936002,-0.03929891311214963,-0.5084674138241353,-0.48377893701773783,-0.06278278396760828,-0.4215376782008512,-0.4106260307782943,-0.07658625126580897,-0.5247342370516241,-0.2409472992902054,-0.010624093140146527,-0.7462445882021783,-0.33594124319890534,-0.042783029973357686,-0.888025885812107,-0.40649163704444374,-0.0721558570275894,-0.9999978813153517,-0.47371585120960435,-0.09607795906466908
19,j,0.0,0.0,0.0,0.1317967140338604,-0.3224530659272424,-0.06166961809210573,0.09965350754319967,-0.6266359254789383,-0.09507320824727299,-0.12986656991326584,-0.7800102704067055,-0.12922298518784095,-0.3445723747519103,-0.7075053941982112,-0.15466163318438805,-0.08609608956173623,-0.7440915020998781,-0.04481251416717975,-0.24729406305624874,-0.9121025749458407,-0.12791032058893353,-0.16639960480150567,-0.7737309951320117,-0.19313937454752317,-0.0777338770067165,-0.6520193436271519,-0.23282168589393404,-0.23830925407465992,-0.6393584549801248,-0.06852687677892892,-0.41309748894011084,-0.7854191958603124,-0.15824812239022124,-0.27651753982169935,-0.6207736184532312,-0.2044041960210113,-0.15849648571240788,-0.5092265199997242,-0.22825254270463358,-0.3771658688721845,-0.5130156475637175,-0.10744431496854964,-0.5360576652361716,-0.6511620835627397,-0.2033611804096049,-0.373420056503006,-0.5260877925659094,-0.23796594539241045,-0.22851311817480885,-0.41787382215296065,-0.24944524550396002,-0.5026692658923727,-0.3656192755115476,-0.1502971959398134,-0.7408961734977693,-0.5093645574337495,-0.2155457209114568,-0.8777005524442597,-0.6067825725324677,-0.24960955169967586,-0.9999960070968161,-0.7018941725050846,-0.2777265275338473
19,j,0.0,0.0,0.0,0.10682430154235323,-0.22554971121464562,-0.064818299712291,0.07508537460323399,-0.4954199505337149,-0.08843415987167884,-0.11740787242661951,-0.598082751757042,-0.11723832866615481,-0.2875436206063025,-0.5519208817963577,-0.13549853295092673,-0.17986248008882608,-0.6796598557705475,-0.01410958222092211,-0.3032474684127378,-0.8107139135294691,-0.10568573464409141,-0.20675994139207687,-0.6932537529925323,-0.16984252039039802,-0.10773057015246093,-0.5878401310151555,-0.19946327313141715,-0.3270433520503405,-0.5878245193421845,-0.03291833616764778,-0.46399527997502216,-0.7123439265842997,-0.14179268674502693,-0.3236302445499679,-0.5664039407529973,-0.19260990261501093,-0.21634049527035829,-0.47048604190133503,-0.2025506683617605,-0.45673334538048094,-0.4631662341754419,-0.07024453244228573,-0.5746151090407243,-0.5769235697428975,-0.18154751512423978,-0.41752684952903796,-0.45907505234960094,-0.2049063598717391,-0.294485757775926,-0.35741469643719226,-0.19162047436099244,-0.5666208770424801,-0.3149184912666636,-0.1121830490753978,-0.7783204397156972,-0.4548098113642683,-0.17848335050304281,-0.894826441186567,-0.5298397755225908,-0.2023735528324899,-0.9999970487841178,-0.6021643027198387,-0.20995803338592253
19,j,0.0,0.0,0.0,0.1562624069875461,-0.30284617373680633,-0.10865834961050007,0.13623374043790873,-0.6066822778136752,-0.15509634637206746,-0.10670434234581068,-0.7823553692084941,-0.18993767370903594,-0.3333288554833832,-0.6840893177427514,-0.2057561215753841,-0.14199666666059838,-0.7360341152404515,-0.07225920534046804,-0.27447224250896735,-0.9028919560449461,-0.17415497202210867,-0.16876675725996396,-0.7630456981012277,-0.24012830477772992,-0.08080014715068584,-0.6462115227771027,-0.2736508995678709,-0.28211385950200824,-0.6243271870929294,-0.06916627499656625,-0.42504532986452614,-0.7690045431429995,-0.18951486648935809,-0.23326132186264298,-0.5971311179260951,-0.24563401903360102,-0.11053078879395939,-0.47810268315020354,-0.26426684230216185,-0.40817736164160007,-0.4968105029211528,-0.08686584597871637,-0.5430680167138425,-0.621400776978326,-0.2089300142750032,-0.32202397941987837,-0.49970324193575416,-0.2573267196099792,-0.16625630268771233,-0.37567801591954697,-0.26634233282153713,-0.5230301101879254,-0.3531357626023089,-0.11110039507870667,-0.7561891658724225,-0.49050946553749897,-0.1869043970043676,-0.875407020162047,-0.5929501069644356,-0.2374206393558147,-0.9999973725241038,-0.6864757373791812,-0.2722602439853412
19,j,0.0,0.0,0.0,0.1424555847146502,-0.3160624461469395,-0.12167708158052892,0.08740629049967204,-0.6295908777415479,-0.16773007090615363,-0.1835864675104811,-0.7792001860657135,-0.2051133764860947,-0.4058237145925357,-0.6645857953781205,-0.21746949772151028,-0.14531707415845632,-0.747845649070607,-0.03882743094184334,-0.31664554451460203,-0.891131577517312,-0.1300243560050486,-0.23021193458107134,-0.723795732763763,-0.17710283304439367,-0.14090927668983227,-0.6088922061528016,-0.1963718185585154,-0.2934692284952773,-0.6400081490946086,-0.03308564683590802,-0.46009502827417936,-0.7507208895457294,-0.16458800578363936,-0.30877339781864444,-0.5580809615761612,-0.2117965370719799,-0.1983104525920276,-0.44280260552879513,-0.21447880777651387,-0.42875141925097976,-0.5178683926862351,-0.05200118645031994,-0.5934311293661387,-0.6438088066573752,-0.1904012641906928,-0.41491414802324084,-0.5036745963750355,-0.2255512338119978,-0.27463924010260066,-0.3894405901762331,-0.21354177971871857,-0.539735628737553,-0.37966542823913185,-0.08002996025348848,-0.7539335311534753,-0.5242703628949924,-0.15527598495591488,-0.8740634513953157,-0.6265159285798282,-0.19248929227288014,-0.9999969443175813,-0.7279098865206071,-0.211466785519691
19,j,0.0,0.0,0.0,0.1377392216351187,-0.2237934004330446,-0.0892826048684029,0.1172080678953384,-0.5268708729629014,-0.12838102190472997,-0.15671450489604813,-0.6438433386962428,-0.16744337754665278,-0.3776366262618835,-0.6235912722214908,-0.19247206800398187,-0.07741648474732021,-0.7426866819470886,-0.04642822517110211,-0.24704278334910384,-0.9999978822671515,-0.15294863773187709,-0.19027440139224178,-0.9068206037619374,-0.20539809377173995,-0.10981913472800967,-0.7964559487319666,-0.22574705502795614,-0.2558368722985653,-0.6760796849810141,-0.061078866811631355,-0.4318638751224461,-0.9233884280168727,-0.16753839470574375,-0.3548833774458667,-0.8076254351020231,-0.20859017803301047,-0.26839586233819757,-0.7074159085670442,-0.2164937848490253,-0.39106550770221354,-0.5496236168720615,-0.09647770902695502,-0.5760270266950692,-0.763114203554536,-0.22688102849303537,-0.4889181605869017,-0.6405921172193839,-0.24418568541359473,-0.3912782628289459,-0.5390559794751641,-0.2247965994269398,-0.4981243166447688,-0.37441664589678153,-0.13765167981353765,-0.6946346963971168,-0.5141616731334077,-0.2459350456669279,-0.7293972810259157,-0.5059133884960142,-0.2663600111834133,-0.7545097702431139,-0.4874435169986187,-0.25975920606267916
19,j,0.0,0.0,0.0,0.1639441668557583,-0.30166536294087853,-0.1139955247602479,0.1447757110532492,-0.5985363110948305,-0.15753428777030593,-0.11027161553656657,-0.7754430124744998,-0.194858906840893,-0.34426810048203266,-0.6673288270141083,-0.2111391530118079,-0.12931914541816553,-0.730001042940024,-0.021789894324795524,-0.2628905380664385,-0.8987694977359717,-0.11251971743773685,-0.178362791289468,-0.7708770216978763,-0.16185258031779126,-0.08800630951247132,-0.6407270857825285,-0.18236947706619464,-0.2742636850497035,-0.6335205647441351,-0.01692531346039764,-0.4241056867594738,-0.7621180019368813,-0.1562389640820915,-0.2538974365009617,-0.5762236304741466,-0.21685054536057047,-0.13399467109008625,-0.43452047884614353,-0.22665133476366703,-0.4083118411540912,-0.5183658956451775,-0.03707407168608644,-0.5588528444753109,-0.6449925345323859,-0.1873278735877303,-0.35137300753697887,-0.5056032698489096,-0.2397323812163053,-0.19772851551567017,-0.3692048660427408,-0.23790715795498227,-0.5262192534326938,-0.3798080249569293,-0.06440627422216279,-0.746410418833408,-0.5302183709512517,-0.15708998119346224,-0.8715503780036254,-0.6432814666982727,-0.21518958672356547,-0.9999974687457329,-0.7489571428676972,-0.2486791265881456
19,j,0.0,0.0,0.0,0.14243609898415704,-0.32177254965514523,-0.08303166401450487,0.08041985861064734,-0.6628357908281539,-0.10485402641020253,-0.21010003565254717,-0.8093228326474374,-0.12579363988617404,-0.4439110411134418,-0.6962115592841674,-0.12536388462058604,-0.12318539096612939,-0.7666101086879651,-0.004198177366117924,-0.31811001796128185,-0.9585510613085705,-0.08511896975290596,-0.25422155829087373,-0.8050761754303649,-0.1274467851688098,-0.15669134828414222,-0.6835255276374455,-0.14633704894101218,-0.273874041207522,-0.6494517722900918,-0.016905103355240647,-0.47381201711201815,-0.8058549376131526,-0.14546258501198653,-0.3359478319554586,-0.6209519970276784,-0.1985020716403299,-0.20586178466994148,-0.4989966644857461,-0.20563078748421962,-0.4110346892025485,-0.5233517889531749,-0.050473923882164116,-0.6050794636568376,-0.6755275882895423,-0.18221683796036742,-0.42812197733996726,-0.5369883178419528,-0.22238900656823823,-0.2647586654228303,-0.4275480901792498,-0.21635896132041219,-0.5220752268088185,-0.3834790526202226,-0.09028821793847978,-0.7505896579221787,-0.5298450662176308,-0.16430934921512888,-0.8791746534941798,-0.6368550838276393,-0.20391660270099207,-0.9999963837638104,-0.7416334617311733,-0.22728663503836685
19,j,0.0,0.0,0.0,-0.25560584928914015,0.08158145924084821,-0.138914432224237,-0.5557208708426405,-0.05175694963984059,-0.3132180877644476,-0.8128478664594252,-0.2750025357237344,-0.4624581910586917,-0.9999978620591015,-0.45130170026266736,-0.6034111243309419,-0.29223811630505536,0.003012856046284558,-0.4587093560716925,-0.7260395613677775,-0.3133552514763111,-0.6503843064295431,-0.8781248849544303,-0.44324588159845507,-0.7370772862781216,-0.950559586960993,-0.5057728071976826,-0.7866664399262788,-0.11048540579662638,-0.20241478883659025,-0.46416216931174353,-0.5999629472954282,-0.5792597086871438,-0.5963633502361216,-0.5755817891672917,-0.528709596300881,-0.5792358950346286,-0.4630344189970693,-0.41778385196566237,-0.5797871624396207,0.011302638408038539,-0.3923376238026383,-0.4651038859374697,-0.45465416047776924,-0.7509211418489893,-0.5564675699881568,-0.41176795207609473,-0.6374832186829771,-0.47901532788962486,-0.26785211579102197,-0.5191210987847172,-0.4415505846508798,0.08830855270121118,-0.5636602173829133,-0.4771962155403154,-0.28643872203755927,-0.8497075981812837,-0.5554455079859056,-0.26892279279905323,-0.7631461910547706,-0.5044338397649499,-0.15647086860348156,-0.6630698123214054,-0.4684603283778157
19,j,0.0,0.0,0.0,0.11789435845603334,-0.32913671233469033,-0.07178163526001044,0.04466615914328171,-0.6365199020230129,-0.08808598736972968,-0.22816617245150916,-0.7591902633562233,-0.10525872351473858,-0.45108362022708676,-0.6337646902911518,-0.10750766201817849,-0.20090052454294377,-0.7074491606840614,0.009382198808264136,-0.3747537986483467,-0.8524006021910496,-0.06532045598756568,-0.29262330242144924,-0.7227577834149289,-0.112532103836691,-0.19184771300807446,-0.6254190705672193,-0.13165370059631287,-0.34306876918758467,-0.5874048634872923,-0.005686344770827876,-0.5402259043505508,-0.728161182663413,-0.10729614264932576,-0.39791376319036903,-0.6168563769932988,-0.16797220731192747,-0.2692334059965127,-0.5315569429162702,-0.18987292370838244,-0.465679189396713,-0.4547171490610338,-0.03957914974577545,-0.6171120249420652,-0.565854611214389,-0.16228711314356553,-0.415488992401905,-0.46124524801311473,-0.21963811176395254,-0.24222794416598178,-0.3643614826245265,-0.22876249337915325,-0.5637067524495678,-0.3157753252372525,-0.07628042816537534,-0.7690014152006547,-0.4539558778763194,-0.13332765575788266,-0.8885976666765641,-0.5584863910815614,-0.16486659054673958,-0.9999968276177098,-0.6529121922053455,-0.18688723646353858
19,j,0.0,0.0,0.0,0.20381780415923262,-0.30986787021920825,-0.11882469959166893,0.15996971665985243,-0.6734029174923482,-0.1621318837460472,-0.07979316384797577,-0.8810319545190509,-0.20005633016804356,-0.32897121089347275,-0.8319225574529175,-0.21015600845922627,-0.0025795795756433605,-0.8226394759944503,-0.007068319981235149,-0.17887083590095432,-0.9999985463956024,-0.17451661441306296,-0.13062542860838477,-0.8359871736028573,-0.26406179640730104,-0.06397605142496496,-0.6853488410788449,-0.2915364026177518,-0.20946432216293576,-0.715685521716193,-0.015061824871378617,-0.375958495893431,-0.905834621236227,-0.24608104894388919,-0.21004048862845917,-0.6637272197423743,-0.335163922330725,-0.07414621263640382,-0.49760967693302643,-0.3287372402760737,-0.3947802081321791,-0.5898397188452266,-0.0573450410013382,-0.5336013664483065,-0.7559819978238836,-0.2942093818099116,-0.3010509637483724,-0.5419705092659356,-0.3555768720528095,-0.13012983880646087,-0.3936055649958884,-0.3234825154689265,-0.5606606129541378,-0.4343167943171821,-0.10419359118130855,-0.7419607486210438,-0.6440517847565532,-0.2520074625516334,-0.853981675416104,-0.7414988623913137,-0.3151510184150974,-0.970945417352765,-0.8657159336378979,-0.3310947141773758
19,j,0.0,0.0,0.0,0.11040766822233353,-0.3102899646357547,-0.060884815266395276,0.07286298636501401,-0.6260337587256266,-0.09229571057212806,-0.18450632743163795,-0.7691778849970557,-0.12934506898302894,-0.40601047889525016,-0.6983954011382435,-0.15589377197359588,-0.16280738685992224,-0.7537110034943713,-0.020826224687648255,-0.278569560590851,-0.9520843133758242,-0.10709062871135765,-0.1981123252682193,-0.8365865810079732,-0.1574800312677053,-0.11443385999081498,-0.7231696968213085,-0.1753119778043872,-0.33382524594968005,-0.6523862911625378,-0.05115360715590247,-0.4719141060240229,-0.8501566286461755,-0.16407575482346587,-0.3381201424060471,-0.7159040695488752,-0.22109943809946078,-0.2302497285693229,-0.587314127596279,-0.23622306434262078,-0.4821822662110888,-0.52923174266489,-0.09672285651628272,-0.6099739293996749,-0.7045268687868097,-0.21340726229938312,-0.4382432884920524,-0.589899546029717,-0.2463316379118815,-0.3006247768465042,-0.4704567402897274,-0.24012224936057824,-0.6131840977549462,-0.38659898492040623,-0.14604134356778697,-0.8131019986917623,-0.575566478475915,-0.19450990225135978,-0.9124943878607132,-0.7185473309297052,-0.21122006144799182,-0.9999961336907472,-0.8512551837466478,-0.22225574972857914
19,j,0.0,0.0,0.0,0.08030403849477384,-0.25634319737519357,-0.07819483415110004,-0.012901102008587463,-0.5335168870383384,-0.10478159458380218,-0.2770353836905085,-0.6355819781386034,-0.12947968064409557,-0.4670755498338479,-0.579118602847773,-0.13528074322532221,-0.18420073278381327,-0.6612519622545451,-0.02605248634849037,-0.34904365040744967,-0.8375417912008817,-0.1062030916548708,-0.2756809284997401,-0.7096697033022118,-0.15503316404010006,-0.19367461583350848,-0.6052600292697803,-0.17912782563025886,-0.3309328712777758,-0.5617101563580214,-0.0325091495752753,-0.5115183254963398,-0.7072787140755964,-0.1302964979928027,-0.3837680351016253,-0.5668055674885137,-0.17333002480292486,-0.27838344850630364,-0.4786015040088963,-0.18522527037933179,-0.4522545966011405,-0.44020843547290883,-0.05654472397064755,-0.6426514065287038,-0.6041792190644755,-0.16052911474481155,-0.510977425900386,-0.4985861845235964,-0.1846357582880453,-0.39251508907400073,-0.4088446272557611,-0.17992146836020123,-0.5429390384811069,-0.297113789704817,-0.08659849580878323,-0.758422178277051,-0.393087636241251,-0.15357001541786622,-0.8862671070820843,-0.4588321182700822,-0.1849075394141417,-0.999997447316637,-0.5257890978742036,-0.20298516847364156
19,j,0.0,0.0,0.0,0.14088420375930288,-0.32214918429206313,-0.1396306881949877,0.07638983037241513,-0.6025951499810978,-0.1994847896076624,-0.2077472373743154,-0.7442511684658748,-0.2529680134230341,-0.4385795125274979,-0.6325170341572891,-0.27828049821403145,-0.16982943176212129,-0.762033526557088,0.007990459723336505,-0.3250472516643287,-0.9009930435532099,-0.09820565519675338,-0.25194210019411833,-0.7541007902814917,-0.15258408914978275,-0.17566670886003494,-0.6356566704398384,-0.16982101040301806,-0.31428896932629447,-0.6568503309377822,0.020072870628530644,-0.47294122629701907,-0.7558608285112323,-0.12957559197218924,-0.2998010377102413,-0.5732389415159519,-0.18873209313529898,-0.1775407747045734,-0.4867574615221562,-0.19064967493053053,-0.4416207552895347,-0.5256862929967798,-0.0017179587662746157,-0.5994914341378478,-0.6337650083272379,-0.17151700897732053,-0.3815902639487234,-0.4987233985238243,-0.22380876606271616,-0.22087329379747847,-0.3998880407839273,-0.21250607544553862,-0.5561558768403853,-0.37449365106173454,-0.03304615632750424,-0.7674224311230424,-0.5036790582846785,-0.13477807420537458,-0.8806826460864607,-0.6041853652352609,-0.18707149280888757,-0.9999978761410787,-0.7117485668778357,-0.20931895139279663
19,j,0.0,0.0,0.0,0.07021168922682577,-0.21820629380300097,-0.1031573555709723,0.007505205535162194,-0.5028993062773726,-0.14559917001096864,-0.19762511749742237,-0.6316573476621944,-0.18186785090019564,-0.381178670057996,-0.5572337860481228,-0.20054700607420364,-0.3040869309139727,-0.5920501878757931,-0.04772275386658947,-0.4301521297741263,-0.7384383687641265,-0.14373573429641462,-0.3328787686938229,-0.6363981265526841,-0.19195058315531063,-0.2508577859910344,-0.5588560194412246,-0.20236108861793867,-0.4184937471211001,-0.48878063676414796,-0.04459364345252674,-0.5693613599540268,-0.6325737542140106,-0.169638186170296,-0.4086455525389589,-0.5292887179365097,-0.22104554073865035,-0.29236011680943985,-0.45062249905456875,-0.219337443491761,-0.5101512319889705,-0.37174050783163054,-0.058868436702867205,-0.6734171773164183,-0.5039529466343784,-0.17512314550522773,-0.48295070363328246,-0.4453124780491747,-0.1942560647197226,-0.33402824090060124,-0.38065996336459723,-0.1706081764958784,-0.5828077229101388,-0.23363016807423082,-0.08050313745852151,-0.7955741567646939,-0.3226728389627485,-0.1288435251133641,-0.900673530581176,-0.4000972773588123,-0.1443848942395945,-0.9999984443235188,-0.487619991129312,-0.14535937016337017
19,j,0.0,0.0,0.0,0.11246018825080342,-0.23118182027679834,-0.014742346695818295,0.06141686854351731,-0.456778114656587,-0.004766322609514358,-0.1529253555996373,-0.5363677578533854,0.00864976351884797,-0.3046152640438316,-0.48431794909370474,0.029333043893959083,-0.1785169487869159,-0.5673784017952055,0.02294293640215669,-0.2922074503226537,-0.7306506351477,0.015377724298442716,-0.24841860268491278,-0.6793163126340237,0.0013275432877801637,-0.1859531097859242,-0.591232117207144,-0.00587261007419482,-0.3307233120826406,-0.4895630117245461,0.02572127012238371,-0.4515118904619419,-0.6444131931158491,0.039532138958174125,-0.37209473279259736,-0.5704452633423284,0.039381969332786336,-0.30355317893031947,-0.4982556562264473,0.03254381033576524,-0.4410958932817493,-0.3832227101608859,0.022371525266816756,-0.590842819562967,-0.5424742463906647,0.023181768988610983,-0.5231862322816544,-0.49042199591208363,0.0199312130938576,-0.4471437179572413,-0.41184791995333525,0.011548148418346357,-0.520073291116308,-0.24430411851314962,0.018882089829476378,-0.7401882396055055,-0.35094299847260907,0.0038004378810065666,-0.8814436814573117,-0.4240897593974606,-0.016967455977852004,-0.9999978992181845,-0.4878436659695785,-0.03684722301018931
19,j,0.0,0.0,0.0,0.12523182056193446,-0.27526628356200833,-0.06343952169836259,0.10697533547026689,-0.549146143866607,-0.09037814684802986,-0.11547453990129669,-0.6701386881062049,-0.1222397610831157,-0.31821022001680377,-0.6449834355380502,-0.1418523419014877,-0.12482291519207284,-0.7651645940381246,-0.01848763763181786,-0.23757356096102522,-0.9999974334853298,-0.12275063464811328,-0.19045306842393933,-0.9025798212290174,-0.1894486382108137,-0.1253869384239022,-0.7736792490648731,-0.2124544796258027,-0.2957707538426459,-0.6814973235785567,-0.041760313750977114,-0.4353424099696608,-0.9014633244680988,-0.16140546278497453,-0.3248259815321073,-0.7706393061131744,-0.22529650614131838,-0.22621446656008773,-0.6616751271286647,-0.2431238930053534,-0.4438512519009904,-0.5732532035450154,-0.08297061879024176,-0.5691704218704037,-0.7349828496469569,-0.20655294484402437,-0.40028539072446934,-0.6023563127835853,-0.25015873280750156,-0.2599330205850755,-0.4810501673437567,-0.24758976531688096,-0.5704204668497619,-0.449264467545556,-0.1279696661348532,-0.771012873981937,-0.6403716621803177,-0.1918290242967591,-0.8867615472250937,-0.7687512739115911,-0.22105260228907594,-0.9907624135552223,-0.8975036886306508,-0.23605916547906125
19,j,0.0,0.0,0.0,0.20139842888829257,-0.34174026546285,-0.11609509362332172,0.19489831787862477,-0.6733618162768165,-0.16658492124498783,-0.04784652020105231,-0.886421908397925,-0.20848039595434245,-0.3077483943889334,-0.8252576827307329,-0.22572676250403173,-0.08877235555839286,-0.8204720172797022,-0.058810593867515755,-0.223430417206645,-0.9999970685259421,-0.16401531689889529,-0.13180647669952017,-0.8253605547061351,-0.21855916307817067,-0.04110423414610619,-0.6579481871368851,-0.2432293479801424,-0.24719397457168457,-0.7112177422127877,-0.06092390312356208,-0.38519793083900955,-0.8833428693617535,-0.21676017029728673,-0.22732933059794436,-0.6744502935095447,-0.28726119623556984,-0.11403963474137284,-0.5090243379188276,-0.30662783937891763,-0.3984424246572622,-0.5924737349062542,-0.08583510002777815,-0.5405839747717669,-0.7655258455753953,-0.24515670139785,-0.3352583263180516,-0.5983049378227857,-0.3003882063265,-0.17524072832671342,-0.44136358319610064,-0.30519942596250316,-0.52438934858376,-0.45042007371510806,-0.11785764438914009,-0.7513071912800949,-0.6151704378104653,-0.21936237261010708,-0.873048114771948,-0.7365618586801552,-0.2836097216148295,-0.9904340809560683,-0.8575461162026158,-0.3243861632754074
19,j,0.0,0.0,0.0,0.07143781864903234,-0.2701073795812957,-0.0656697035534279,0.011500024527231333,-0.523893363652995,-0.08943628194133661,-0.22197044681231073,-0.6194563762875539,-0.11203019296691304,-0.39731042549013423,-0.5565289330680361,-0.12889736596133325,-0.1681824187523676,-0.6512006477164975,-0.013253416529640856,-0.2769810164382592,-0.8503619428788307,-0.07538282646454161,-0.2747411788979298,-0.8784577838734249,-0.1290031838419055,-0.24162594293344097,-0.8091979440238958,-0.15776436262953325,-0.315847119856329,-0.5724626424600123,-0.025793404019392084,-0.4561398934168563,-0.754054154805569,-0.09847993364125102,-0.378715364926024,-0.7012437989182225,-0.1584854778125283,-0.2893478235059149,-0.6022845418679817,-0.18899915463662637,-0.4352061733608665,-0.45778698929009864,-0.052164620825448725,-0.57548659417745,-0.6125548982461634,-0.13935323917380127,-0.4474874614319883,-0.5425591199209066,-0.19260127415882503,-0.3170455260610903,-0.43097469341237055,-0.21395004641132592,-0.5326081294842254,-0.3097173082269957,-0.08272520244361795,-0.7541466103429328,-0.42572325689854734,-0.149367062317658,-0.8900689830961502,-0.5124378090039613,-0.19677805758245448,-0.999996811620718,-0.5777766028624125,-0.2306323558415721
19,j,0.0,0.0,0.0,0.13014608989028534,-0.2521340188385985,-0.11462570407369294,0.09679092843045727,-0.5536567403886952,-0.162966832064129,-0.17993852884173403,-0.678498203292698,-0.20715309249815628,-0.39601312613514483,-0.6484038853108642,-0.24455562154808042,-0.16222541088568732,-0.7431654573605367,-0.04739164404278889,-0.3010058015915893,-0.9411397492218514,-0.1572973394500011,-0.297889542050836,-0.9700387819233228,-0.23790167847897187,-0.2619480388233239,-0.9301306449538959,-0.27949231777770256,-0.35195401872037624,-0.6477214330473169,-0.05163599440589213,-0.5089067834968477,-0.7954167165656681,-0.19737855728344042,-0.3879060631308321,-0.6724003969559299,-0.2822367549565278,-0.2640768217856032,-0.5539850803709804,-0.31028427447308743,-0.5008679701854927,-0.5117344558215019,-0.07592892657196697,-0.6664546784493455,-0.6298849028519756,-0.22435217145459344,-0.5152383718316137,-0.5290939528226102,-0.26897391450898334,-0.36427317763129546,-0.4246741558988381,-0.2634739183100067,-0.620873352751856,-0.341093027005986,-0.10872675089991396,-0.8194221614166183,-0.4922657842450308,-0.1998766613100002,-0.919251451832516,-0.5753408916905547,-0.23029889494683983,-0.9999970025135061,-0.6318235425270031,-0.239268324981214
19,j,0.0,0.0,0.0,0.14187416747318288,-0.2863840974404364,-0.12278124116627871,0.06196192780920103,-0.6097827420254286,-0.1513111528192736,-0.24189927911812908,-0.7705649500495746,-0.17174024164995502,-0.4724782670444861,-0.6518756109453547,-0.1592779543559762,-0.1225785185120535,-0.7631592697297926,0.010130344759781754,-0.2924140114641701,-0.9227706498363355,-0.09388711235653008,-0.21061161934728304,-0.7412358925928708,-0.14838008168171402,-0.12794164738103717,-0.639653388448908,-0.16690196885652958,-0.2844146140023266,-0.6704374799245159,0.0206340742209571,-0.4768146479949125,-0.801261423172305,-0.11916285624183283,-0.3293871850327101,-0.6036638811394959,-0.161723455336488,-0.22561314660688284,-0.53399413203337,-0.15340086635098896,-0.4310011938262997,-0.5569342616377626,-0.0018290943424118843,-0.6217022541835947,-0.6802994158240797,-0.15649702058734552,-0.44091712414043466,-0.5107257973641915,-0.18645229621772869,-0.3097670002230164,-0.4032888056892959,-0.15749017619877062,-0.5588546534933215,-0.4318993926524041,-0.03420811315350582,-0.7586308242888707,-0.610173766602422,-0.12546671995859313,-0.873762731741567,-0.7392076700640413,-0.17126909530839898,-0.9999978772678242,-0.8742701590400728,-0.18795866763256078
19,j,0.0,0.0,0.0,0.10598951957948652,-0.23139205782735278,-0.1365418558544382,0.04466872337241751,-0.46062403933733204,-0.20751728354323162,-0.20507895850526414,-0.5677280518001616,-0.2645187101774777,-0.382483595043874,-0.4914890449960936,-0.3004274992577191,-0.15386716546132462,-0.5890780393927332,-0.06971324678075477,-0.277473424910679,-0.7400197181335476,-0.14929261630094603,-0.2421665331155676,-0.6719980979048493,-0.1844747076019188,-0.18279112374837347,-0.5840496725028822,-0.19134504821630552,-0.311035328463301,-0.5050364730675381,-0.043566972276059816,-0.4376148087829499,-0.6509417585337804,-0.11782160228195347,-0.35127166032519724,-0.5491067739921134,-0.12643981867967435,-0.28519382818494565,-0.5054416749856315,-0.11162762324753281,-0.42686128040120225,-0.4081237831525993,-0.041544951407267786,-0.5852290290155971,-0.5728392274884764,-0.12286580986197554,-0.48966904594680033,-0.48866388808459676,-0.11919275186778487,-0.40210282001890896,-0.40399606798567705,-0.09598651598435459,-0.5165941734176608,-0.281167258516541,-0.052922886026013125,-0.7355363623428055,-0.3742043465765077,-0.10732425750278175,-0.8752248539391954,-0.4545681646928631,-0.13016372675755522,-0.99999781040016,-0.5288757166337876,-0.13942094615595102
19,j,0.0,0.0,0.0,0.05988819907368631,-0.22076722327044593,-0.09016700279552246,-0.02592546125971574,-0.45495610687948934,-0.11593559752798899,-0.25177037893407767,-0.5012183655986678,-0.1376677023772436,-0.4025849490980203,-0.4185895772432779,-0.13853969037237374,-0.24345674254817193,-0.5618558068826077,-0.029937239400665845,-0.3849506598870176,-0.647483072475754,-0.13423968223155963,-0.2750136953013497,-0.5249382814650853,-0.18845216146445726,-0.1697265252866928,-0.4438987506912809,-0.2002332113931025,-0.3648250918427407,-0.4561797398650876,-0.024544793437754876,-0.5001697605064485,-0.5350047287364541,-0.14787253158185878,-0.3449339717492133,-0.38531951676173765,-0.18413798516853122,-0.2428964270298481,-0.3162514306017661,-0.17162676347415567,-0.46163437184055556,-0.3366909606536183,-0.04065112557003449,-0.5964772831023146,-0.39650600248531986,-0.16528053434591217,-0.4357318597598424,-0.273996389441526,-0.1755562851330553,-0.3143091004399388,-0.19360239860196585,-0.13873657655068294,-0.5376942539986709,-0.20601898186861184,-0.06280283407011349,-0.7344218621003734,-0.3252966394075197,-0.13195990217003228,-0.8680609919550847,-0.3902688896999631,-0.15216672162095393,-0.9999981923787176,-0.4553499600430761,-0.14809706721116112
19,j,0.0,0.0,0.0,0.17706056151150606,-0.22784396857560613,-0.07001321333874465,0.2289799196903023,-0.4889509092964182,-0.09918162855645105,0.05046223928518188,-0.6670689776326545,-0.13734882749933858,-0.15001543387095181,-0.7015233953654582,-0.1571455244645673,0.06000054630510053,-0.6966558299280871,0.002248604733477501,-0.020071365432594846,-0.9003396703241077,-0.10712023121974401,0.00012382528416103407,-0.7456085028563634,-0.1605253874597361,0.04775792101110158,-0.6275435579485023,-0.17396624928296406,-0.1031976773995902,-0.6422171782715432,-0.017384284822899783,-0.2004591966084971,-0.7975633230406235,-0.15918596741606647,-0.12025924563717971,-0.5994781358984578,-0.2068429481300797,-0.04811863508496126,-0.49709835367424743,-0.2073046511235215,-0.2442001865034197,-0.5738036439425802,-0.05984053269434616,-0.33678759297021027,-0.7131465700886933,-0.21089566540168111,-0.2098126084920664,-0.5278909141554532,-0.23073372390161914,-0.11240807432145308,-0.402970651434482,-0.20121356546015556,-0.3726505719328394,-0.5019441362344048,-0.1074159937456619,-0.46057540539603753,-0.7151938363968197,-0.18175753389385102,-0.5049224908834321,-0.8515684565426201,-0.19860030090942823,-0.5505803739731576,-0.9999978246664517,-0.1974006381203817
19,j,0.0,0.0,0.0,0.125332154332325,-0.30465841156492246,-0.12333446106318975,0.04547273595765799,-0.5907181962113263,-0.1620189765665937,-0.23547213930573527,-0.7249647945645631,-0.1935050044104184,-0.4550687514816267,-0.6022574492278072,-0.19675086772820655,-0.17793268032363058,-0.699732758778187,0.009422757349471565,-0.3378840860035714,-0.8356311877183931,-0.08617156595667658,-0.24436646599935746,-0.6809032274154848,-0.1409155702122618,-0.14928950919683986,-0.5816459416586514,-0.1620378598780867,-0.31379655682153035,-0.6029522862154495,0.021033059542896082,-0.49365889347462827,-0.7106235508425466,-0.12283619131273797,-0.32540043782810596,-0.5431075135369422,-0.18280796717515452,-0.20141697666739977,-0.46380300049818507,-0.18584201024654473,-0.44364078947117885,-0.4857390948838623,0.0024842241752771905,-0.6097308784766855,-0.5838245248025417,-0.1494964425445127,-0.39752521737758884,-0.46340513084691,-0.19729894293017217,-0.2350739252779588,-0.37314129482001623,-0.1837659939039857,-0.5585157791504805,-0.35320872552335497,-0.024899691675517366,-0.7561498947422546,-0.49869339094456366,-0.10586441333581664,-0.8758844960248681,-0.6055575518445647,-0.15171427026054082,-0.9999980741070169,-0.7110042590648356,-0.1724047835387244
19,j,0.0,0.0,0.0,0.13680054128344538,-0.2872299239034474,-0.07436944042663024,0.11516205089972074,-0.6057663814205878,-0.09862243119296396,-0.15148098221698847,-0.7521911369448848,-0.1254655461684832,-0.3775129032151,-0.7080962124751329,-0.1430038420238704,-0.12449742815373453,-0.7575031314546975,-0.0015531562989481462,-0.22977614072154118,-0.9723976522340916,-0.08840270043388095,-0.20492214247409393,-0.8908821488827832,-0.14086293410502668,-0.1447054548408544,-0.7673714652678149,-0.15603072575764626,-0.30884235380715663,-0.6749627799839942,-0.023873100529621136,-0.45605326714525246,-0.9087178821769828,-0.13322078471519752,-0.3821620336214898,-0.8143593004471589,-0.20167116502043472,-0.30032057684210955,-0.6996938793768231,-0.22234223411904097,-0.4698436044867532,-0.5612090808584409,-0.06480710131695172,-0.6032857988360885,-0.7329211888243811,-0.19641754746656567,-0.44452051759902816,-0.5967020726443104,-0.2491983978434316,-0.3017535083872006,-0.4554390690139796,-0.24771485072588628,-0.6145487631857893,-0.4271476539669208,-0.10872666047326644,-0.8074446851303364,-0.6343819730448084,-0.17083954416944722,-0.9118999260152311,-0.7824319548682497,-0.19937716412074277,-0.9999966877098313,-0.9227291413149781,-0.21490312696342298
19,j,0.0,0.0,0.0,0.09444313760835067,-0.1516299638891921,-0.15386958118399532,0.05607871487997531,-0.34691173466475034,-0.23057269731513602,-0.13570411545681596,-0.43083091201732454,-0.28228930787255907,-0.28281637533907733,-0.40331834741619643,-0.3141149501161939,-0.1819130548366816,-0.48700145317196347,-0.17907993653759882,-0.319644535817784,-0.6285154083521977,-0.2662438746155536,-0.2795699881361597,-0.5730791056285732,-0.29037606124523513,-0.21688560581901511,-0.5021841407822647,-0.29220177453545093,-0.3294026575075403,-0.3997068857123896,-0.14528865746477448,-0.4608243970216443,-0.5453010998933974,-0.23285560569588756,-0.3821080269951339,-0.4682448522535681,-0.24339130757045535,-0.32344758108519395,-0.4397972954225658,-0.2350097280362287,-0.4357378553342665,-0.29249531080817226,-0.12831307268485037,-0.5864637455570508,-0.44006447146598643,-0.21832285850939454,-0.5049978539798005,-0.36452664129370493,-0.21673462642985133,-0.4276941958711914,-0.29852151851480585,-0.19894669357147832,-0.5105207520851572,-0.15928525149694242,-0.12330722404339305,-0.7274921119960309,-0.24199185111998467,-0.19623258276025946,-0.8742309945968328,-0.2953425449332337,-0.22780867687892287,-0.9999979209321938,-0.3569800333659546,-0.24284148071161865
19,j,0.0,0.0,0.0,0.14345609877915555,-0.24894151548369087,-0.07505397874110604,0.15349197398893838,-0.5063536963568355,-0.11553487126475438,-0.06623496904918044,-0.6134472112372973,-0.1541453464801692,-0.27034997689259377,-0.5634729534108052,-0.18045946836906773,-0.07146189773803628,-0.7421538037114769,-0.08885246893105238,-0.1823244240956764,-0.993140261809127,-0.21656949149144686,-0.13268151109002013,-0.8845208394810238,-0.28571143758619605,-0.06470059868187279,-0.741860613748798,-0.3083255960988383,-0.24879700037243888,-0.6617594377049043,-0.11337922935837957,-0.409359456863996,-0.9222227162767496,-0.2508090121384983,-0.31367316877755974,-0.7998958025575067,-0.30464899540123735,-0.21557774565287766,-0.6923807195262065,-0.3156844274872082,-0.4093648358383602,-0.5469229250869801,-0.15536445515999003,-0.5422840975952787,-0.6924841392733159,-0.30098128794125184,-0.3812627070109666,-0.5471395184547126,-0.34655690741131945,-0.23785286741134332,-0.4259142186852616,-0.34570408895578725,-0.5415727820253546,-0.4153497695946216,-0.19961783308176018,-0.7620981082984397,-0.5798345024729081,-0.29320962027042824,-0.8858616384908778,-0.6953883551120443,-0.33530072221744106,-0.9999975934876063,-0.819506969332179,-0.35832154912193276
19,j,0.0,0.0,0.0,0.10014048577652783,-0.2537668978922701,-0.08816250095083332,0.04078926496135228,-0.5437205955011682,-0.12027746702360782,-0.21069726163879576,-0.630004459816369,-0.14580919331063058,-0.4011441670556344,-0.5415476512945177,-0.1519456763144475,-0.2153267238991247,-0.6665725836131495,-0.06981060028547123,-0.37662056893509427,-0.7928793482571195,-0.16943141542476933,-0.25366963851397445,-0.6553140567626592,-0.2231829994097465,-0.14623224509112995,-0.5674096702899881,-0.24157932681978156,-0.3585038885334535,-0.5468156455654881,-0.06927940332502064,-0.5155309429057379,-0.6667933280420426,-0.17443929169733494,-0.3411478227506826,-0.5082849439174187,-0.20621257021741302,-0.23365727676204998,-0.43709612779756024,-0.20498751927749312,-0.4701806548716677,-0.4132247355007602,-0.08487983039332513,-0.6239336374112193,-0.5232957053263793,-0.17666850890404484,-0.43787251989308223,-0.39294079078406363,-0.16896131674265413,-0.3029432590755424,-0.2966335306128203,-0.1399898551180512,-0.559824140004115,-0.26355103708014793,-0.10833687985744565,-0.7598299874254166,-0.3903851200548914,-0.15092517159405772,-0.8775640075388597,-0.4731102868585548,-0.1563090952573622,-0.9999976470921447,-0.5600367502672673,-0.1546727430316507
19,j,0.0,0.0,0.0,0.12479934250235117,-0.3205190175374625,-0.1317082426815701,0.048362595273695345,-0.6082717595887629,-0.17150316347224606,-0.23848690807109213,-0.7457179369388343,-0.20387446237626758,-0.4629219897540919,-0.6187268147996939,-0.20852324537912198,-0.16552683859554493,-0.7108975324088425,0.024850058867657072,-0.3138207784447476,-0.8556075106479943,-0.06905497783256266,-0.22155307837878074,-0.7008815258571036,-0.1268924426306205,-0.1291346494205667,-0.6018934312233729,-0.1508481993230171,-0.3072400648908372,-0.6181388885143637,0.04007090755024079,-0.4875028622792224,-0.7384266357902927,-0.10169289638022486,-0.3246744530517761,-0.5776800051617911,-0.16739739862200795,-0.2004873421672213,-0.49742015454455685,-0.17391961813869328,-0.43888288129808434,-0.4986140420302167,0.02301315686654806,-0.5998099207948421,-0.6072272274753336,-0.12972643245252305,-0.3884314009523153,-0.4866578488777574,-0.1848875785688351,-0.22592612723831967,-0.39286858722479934,-0.17478830983087773,-0.5594427049738065,-0.3563559463161989,-0.0035145076588932304,-0.751222467700674,-0.4997265335253327,-0.08472736375579315,-0.8735844093563261,-0.6055726136015251,-0.13463920003072558,-0.9999979961876525,-0.7077776115504584,-0.15771759095344212
19,j,0.0,0.0,0.0,0.18271941678913922,-0.2219445446332141,-0.0857499741820012,0.24372201866750032,-0.48187255005880897,-0.11907783472077563,0.06603397106172527,-0.6583940506334213,-0.15582739450810543,-0.13017000393348407,-0.6872176282373438,-0.1730696098542106,0.07851212680095043,-0.6900563031912764,-0.010146284104906386,0.0035626698778381087,-0.8760441483394771,-0.12308137647424729,0.019978323816525388,-0.705908235400548,-0.18530862602465084,0.061638034928746345,-0.5882151009045676,-0.20243954411430948,-0.08513490847406488,-0.6411483461938968,-0.018067066815574132,-0.17638116505680457,-0.7971139734790628,-0.14583699453443588,-0.10669371121570839,-0.5938487165539043,-0.1893738379062792,-0.03951377395036324,-0.49601106406005296,-0.18769416903966749,-0.2248155057603545,-0.5721526654185843,-0.04969175333362418,-0.3104875095182015,-0.6943488206658526,-0.1849736891351626,-0.1946478071726262,-0.5084209171778703,-0.19849143392564558,-0.10499103362705464,-0.37974083652831586,-0.1654773104161131,-0.3545702271830757,-0.496736409600766,-0.08787708310241152,-0.4382777266368723,-0.7164072873111846,-0.14781225553663166,-0.48595199165323066,-0.8574201716054429,-0.15447600591957358,-0.5341972460037308,-0.9999978419438179,-0.14565863272198842
19,j,0.0,0.0,0.0,0.09298397516894329,-0.2459409542287756,-0.07369016153606306,0.05039558565183773,-0.4918045462165867,-0.10524111596094149,-0.16825485235396218,-0.5815450176589065,-0.13526849141023475,-0.34162907282573757,-0.5616423915054003,-0.1492803449124793,-0.21081006720183162,-0.6074840060149096,-0.03328024479799727,-0.33053758443663267,-0.751935149440544,-0.12169439228444953,-0.2465817419997169,-0.6362276815198332,-0.17220331056016064,-0.1570665591923323,-0.5465984947773894,-0.19074118656561545,-0.34881737103275384,-0.5199713359773763,-0.04076281098869981,-0.4735910409780581,-0.6646781554911192,-0.14880551546381787,-0.33550848231343844,-0.5292893391799421,-0.19159223919710436,-0.23051976361908372,-0.4362940791849882,-0.19724549515271597,-0.4697815284480337,-0.4156164710042455,-0.06540853534033703,-0.6141336237321169,-0.5758608643935249,-0.17299530480251255,-0.4506264880272924,-0.4699316982110307,-0.19209726915152014,-0.3137956612984188,-0.3729108824507403,-0.17876487604308922,-0.5717692991941141,-0.2914144522753475,-0.09521396171540454,-0.7775236283814214,-0.4167120508595914,-0.15508693174198843,-0.8922618929019295,-0.5011827804784623,-0.18101674267924786,-0.9999977189401988,-0.5935628135131978,-0.19358608440480896
19,j,0.0,0.0,0.0,0.1313065226854826,-0.29190507525929593,-0.09386805508935055,0.0722056217911428,-0.5930487599269776,-0.12098479717450314,-0.20019361364816787,-0.7292243367939529,-0.14811720675033418,-0.42045337528652305,-0.6062500908138074,-0.15750882539369515,-0.2012292310605206,-0.6942757101166763,0.008002786867829898,-0.36255846181006096,-0.8536494445118439,-0.08435389694496458,-0.29240688154031375,-0.7475969816230607,-0.1367185955762909,-0.20250153550545066,-0.6465911626200875,-0.1541699752067805,-0.3436930167159549,-0.5834764069166808,0.0031657549811584264,-0.507065273363991,-0.7011580182428814,-0.1256103632927261,-0.346927516204859,-0.5512127638913528,-0.18284790272591694,-0.22088720556433858,-0.45928925153940303,-0.18945980708188506,-0.46476803533437805,-0.4594684787011786,-0.026569358335286394,-0.6118203489367817,-0.5608635659998685,-0.16658696397118886,-0.4094791354024543,-0.4482408050605293,-0.21444176982847596,-0.2531284451944447,-0.34591273916015464,-0.20651586168481,-0.571457245884702,-0.32361860700859274,-0.06267463472078047,-0.7688065959281807,-0.4728388398556132,-0.1340410828239949,-0.8826065399201123,-0.5807588229753395,-0.17305964722827774,-0.9999975025475032,-0.6775365035318903,-0.19222136047747004
19,j,0.0,0.0,0.0,0.14549799817545253,-0.3818028333070833,-0.0747575076576132,0.06409405904426704,-0.704006357609115,-0.0980202977866474,-0.20721512022484623,-0.8521585253921521,-0.12464433950208201,-0.4404285766122817,-0.7404183750994836,-0.13634762520509472,-0.18195363653162488,-0.7728977114132177,0.024754299523689318,-0.3631118925973333,-0.9474071870710087,-0.04672873774809318,-0.3021653391452338,-0.8307926051204891,-0.09179632058102945,-0.2227733624253162,-0.7190150369291725,-0.11193098313726624,-0.3291174315319213,-0.6393667375987294,0.008155619791839519,-0.5054564823570348,-0.7631449462310791,-0.10760686471875779,-0.35232913472379723,-0.6131708069178778,-0.17711862779225757,-0.2116932623197419,-0.5145713424007227,-0.2032736514054359,-0.45907559631265593,-0.5033051532804812,-0.028748693341720366,-0.6161867495776328,-0.6033918291971141,-0.16622365374072354,-0.4180573754699862,-0.5008167629725222,-0.2376199557731764,-0.2425794365530668,-0.42163508684875,-0.25478451634729693,-0.5660605719934322,-0.3641633955780606,-0.06812023275329072,-0.7877601207658326,-0.5172002999482557,-0.1358835157008396,-0.8991237909713006,-0.6262075429696067,-0.1722682326321344,-0.999996642950974,-0.7325756235619753,-0.19666063810652032
19,j,0.0,0.0,0.0,0.13984631597648384,-0.31795011794460226,-0.1260590207425005,0.07821404829454652,-0.6258467558312917,-0.17061138162825149,-0.21487649302423517,-0.7712731527994213,-0.2125477826903772,-0.4502921802129442,-0.639450471995326,-0.22632218357676487,-0.2140803110535372,-0.7672766093389907,0.02155353041068628,-0.37861218417192943,-0.9171832125701472,-0.08166910710616983,-0.2634291528014383,-0.7541704304212857,-0.13201537144718511,-0.16157427615131123,-0.6495236852753069,-0.1438982741615244,-0.35018973605903525,-0.6580356794512024,0.027193669616667065,-0.5133913146627529,-0.7814227290596844,-0.1325158304341463,-0.32730042222575045,-0.6049427265146285,-0.20033781329306272,-0.21100107177491706,-0.5134341770567334,-0.20200094148661918,-0.4784848051255662,-0.5291734561665343,0.0019185713511958222,-0.6291087033303625,-0.6447153568313801,-0.16535104002239434,-0.3994696797974831,-0.5219257343452778,-0.21592618679379252,-0.23582050888546108,-0.42682628916555804,-0.19741177418421932,-0.5940801231636382,-0.3862509297315618,-0.03219837829358759,-0.7773411185853617,-0.5565133917268154,-0.11183441174860412,-0.8809523437819777,-0.6892838025876774,-0.15179811013531047,-0.9999979468618356,-0.8153603067991847,-0.16595091467619316
19,j,0.0,0.0,0.0,0.17774837143721642,-0.32185892260421306,-0.15809107103984155,0.13217398122022883,-0.6435116808419027,-0.22914228506123102,-0.10642123159737227,-0.8268184592663149,-0.29521059343952166,-0.35734498304396095,-0.7547508545409268,-0.33350355081237215,-0.05879590559373331,-0.8536538357400043,0.002223619234486453,-0.2092358687097103,-0.9946808195054366,-0.11512093869452997,-0.13831879537504338,-0.8570088327821324,-0.1839312840477096,-0.06422404595943342,-0.7736816297999781,-0.213289176559384,-0.24402154340100546,-0.760102493900834,0.016571382399664686,-0.4128681989862247,-0.9001020868792513,-0.11650806141662173,-0.2985205733790697,-0.7400284263802445,-0.16602852168833734,-0.20301157494907435,-0.6967335700761393,-0.17409189359562918,-0.4052434353590659,-0.644073844467518,-0.008194147476275318,-0.5720101986409019,-0.8096285060567797,-0.16817545134425876,-0.43971662097396264,-0.6779447119121126,-0.21107984711805725,-0.3310060147724748,-0.6136675790053374,-0.20552711455243455,-0.5426814700168474,-0.5109223545848007,-0.04773936462111787,-0.765750258888882,-0.6357137059675221,-0.14700877489236144,-0.8824902658758187,-0.7326034174739784,-0.19578664001395588,-0.9999974697409594,-0.8489264958645331,-0.22123621339847757
19,j,0.0,0.0,0.0,0.11626930054606446,-0.27836051936921896,-0.1318194309132864,0.061066920649634863,-0.5682807275914836,-0.184553043253662,-0.19316291154772353,-0.718938082491798,-0.23098125097552902,-0.4114564932464898,-0.6027878221983299,-0.2549512926816861,-0.20971180559896643,-0.7055690154423169,-0.011706764698873984,-0.3475831832221736,-0.8308275652467388,-0.12862233382306498,-0.25468614382035853,-0.6978004474364432,-0.1985470576113451,-0.1693927655083145,-0.6166841315912701,-0.22561368785719177,-0.3454105163792135,-0.6058486089474954,-0.004860201876006926,-0.5035346613110852,-0.7071624053895761,-0.16778101180948116,-0.32524292200681554,-0.5438699061275969,-0.23558754242667934,-0.20071397736809496,-0.4523230736417124,-0.23768840943758593,-0.46365780277105734,-0.47424739486943046,-0.028229422443856216,-0.6051667208119209,-0.5782073277224994,-0.19616965891615112,-0.3931958979276965,-0.4550738398743422,-0.2387194841831669,-0.23651161858528422,-0.34992047662265746,-0.21465637744674756,-0.5627469538896519,-0.32060175394845136,-0.06148575507494502,-0.7542240693025144,-0.48486737783775513,-0.15167267322910483,-0.8747903136437828,-0.6145234360596286,-0.19623311808048272,-0.9999981185454258,-0.7297781189086928,-0.21099680084479044
19,j,0.0,0.0,0.0,0.1539482075225868,-0.30583308403547116,-0.08783965603826839,0.12378795455387229,-0.6186921926197505,-0.12563463944487288,-0.12089968257135543,-0.781683028617275,-0.15903225159157433,-0.3503469511193453,-0.6617076942000172,-0.17630844906868057,-0.13982782108459696,-0.738535419052038,-0.04231752521701955,-0.28092029070679825,-0.8978705335321351,-0.12957732886298584,-0.18828878118608305,-0.7527384137547037,-0.17982380585207716,-0.10189260545968722,-0.6308541189546254,-0.203408750835521,-0.28350536670899446,-0.6267776905887648,-0.055334185627569345,-0.43581429354400564,-0.7690119972514313,-0.17853112514173605,-0.2652283085364953,-0.5945603042689019,-0.2339876719491969,-0.15195957460808976,-0.4562429178124651,-0.24839374190468497,-0.4127932539408516,-0.5029453738473468,-0.08707892403129718,-0.5529100816296058,-0.6373704676354927,-0.2249997418884065,-0.3479272547427785,-0.5009520111407954,-0.2770953433134221,-0.20223563318455637,-0.3703140129217975,-0.28339538555593524,-0.5220357931569407,-0.3650068600441026,-0.12258232318750055,-0.7535582987429081,-0.5047966796959859,-0.205678684055052,-0.8739744823989001,-0.5986094955563798,-0.25056508342432143,-0.9999972636985196,-0.689566658689805,-0.2799068988842965
19,j,0.0,0.0,0.0,0.14084914688263137,-0.2531447070331621,-0.10147326241112804,0.14134636630196282,-0.5115091853225353,-0.1507235994053473,-0.11166293492359838,-0.6290153519892011,-0.19305312968536908,-0.3216258392549933,-0.5916328290023908,-0.22922850473418357,-0.0568095130330023,-0.7472046144936402,-0.08028310061463909,-0.13689733677805394,-0.9771998334992007,-0.17036010379993027,-0.13253117715736695,-0.9999978343827629,-0.22576778270874592,-0.12405327626373502,-0.9712949011116783,-0.258108214224057,-0.2494350525959434,-0.6866163242303112,-0.09594710163149779,-0.37669172821833585,-0.9228182021012464,-0.2161621185974942,-0.3085197446230101,-0.8206038560342531,-0.2821354358703051,-0.24894041479353474,-0.7230528136957611,-0.30884984643639085,-0.4126705615437964,-0.5720914733265188,-0.12657683276046777,-0.5389145333877972,-0.7500673694993341,-0.2707738043334815,-0.40711285663239066,-0.6126872058162933,-0.3212822035919461,-0.30125288022786406,-0.48215426469759726,-0.3274151895643864,-0.5509611969750859,-0.4174872133175121,-0.16225250358366258,-0.7680322608012977,-0.5699227214900968,-0.27224177625620916,-0.8800322903545907,-0.6708274778325763,-0.3241893624087121,-0.9833485996050817,-0.7642925950673514,-0.35317430505840125
19,j,0.0,0.0,0.0,0.13238597005903574,-0.18929733354343412,-0.09895786778757884,0.11906312411067556,-0.4503967611218134,-0.14389670507139915,-0.14042840552746225,-0.5536969007344362,-0.17963139295369962,-0.355560731280953,-0.5102986306646099,-0.20394096870564007,-0.07508785188687396,-0.7143275005884769,-0.10196585666756955,-0.1678835697078386,-0.9426920285782004,-0.20407340549018363,-0.11245540001808749,-0.8781942098427801,-0.26002754805385997,-0.06579874318340674,-0.7466088747657439,-0.28193040130299574,-0.25857085464197355,-0.6656348890145781,-0.10876561563199953,-0.3669880987643399,-0.9322625397401696,-0.21258790015541693,-0.283243250723025,-0.8401411571317001,-0.25891321954813723,-0.22759991728600337,-0.7200330221001684,-0.27021717165908804,-0.4084815621063335,-0.5553232710899455,-0.13168097663609074,-0.5580226985250396,-0.764106118343693,-0.2512624330369678,-0.4590592192196392,-0.6463098582475368,-0.28826039477998977,-0.38072175649941675,-0.5183726103903373,-0.2878260782256734,-0.5365305650073948,-0.4003511218422465,-0.1596533837864992,-0.75523684283905,-0.553924829472988,-0.2634109765001358,-0.8797924726694102,-0.6356860715133683,-0.31196605756700857,-0.9999979407594619,-0.7021211004160279,-0.33546026950085556
19,j,0.0,0.0,0.0,0.12729993850276405,-0.07509461599729883,-0.1669712810515983,0.1869038940610936,-0.2913671527817562,-0.35827873390974957,0.1075652349097579,-0.4458639623824565,-0.5108593415239472,-0.013552786846013286,-0.5276774558931379,-0.6721138094074728,0.1963425217818921,-0.1802340870832638,-0.6409327117497764,-0.06278689085059197,-0.5188207823971438,-0.8630291590792118,-0.16219986441319545,-0.5708188049447992,-0.948354229421451,-0.16737508286355202,-0.581058529786565,-0.9999983713808621,0.0192515699521635,-0.12228629850231358,-0.6499337817277383,-0.3196371688263502,-0.577707609208894,-0.8571586533669433,-0.3714392489882228,-0.5723078602961567,-0.873187390914852,-0.3356748371146561,-0.5313467282439942,-0.8903401398003771,-0.15221544225887515,-0.1033584678895534,-0.6433490594668461,-0.44005354502133964,-0.547260385436022,-0.8188067536097798,-0.4266464166097415,-0.4783283200693109,-0.7559768107660768,-0.34284665848340773,-0.37963480501165126,-0.7091927389015882,-0.2962781378042699,-0.10094532359023496,-0.6439753761738417,-0.48154566783408265,-0.4082748643431435,-0.8282320822932476,-0.4700244302819322,-0.38623369996926094,-0.8194792771910051,-0.4100943085525697,-0.33260426412684924,-0.7937004038143084
19,j,0.0,0.0,0.0,0.148580802232681,-0.2443411919784918,-0.14067252160574947,0.1694712812238773,-0.5027910312796305,-0.21597621620230376,-0.047472969225370074,-0.6067489028194324,-0.2664978448270212,-0.2511152037342443,-0.5030235630261942,-0.29137320875216416,-0.13612618942117666,-0.7251112996402835,-0.1712496347784849,-0.2532156618205896,-0.8169664052625989,-0.2775466192904611,-0.12740260946876952,-0.6359669495753602,-0.3197646562981733,-0.06468907283886538,-0.5479195021211831,-0.3404673098367202,-0.28767201733175163,-0.6283025005794353,-0.1561939296206505,-0.41800832364538615,-0.7398226212485461,-0.2713685930898817,-0.24730488974666556,-0.5409965677493995,-0.2879876783295326,-0.17348835567307905,-0.49175251123014124,-0.2895565298912149,-0.42610631057404336,-0.5010685356451342,-0.15948621127181745,-0.5583607578876205,-0.598562634485301,-0.28408453361614194,-0.35680284982108296,-0.44794811392517636,-0.28649739475963026,-0.2362047448497896,-0.3761695769992431,-0.27293599378724004,-0.5455310843529152,-0.3563859353507741,-0.17053138316536823,-0.7577351889193782,-0.488776419637912,-0.2544634416692055,-0.8645971990173097,-0.5808209245318045,-0.28308183882276916,-0.999998349731244,-0.7123214142153435,-0.30481627821393
19,j,0.0,0.0,0.0,0.11642433825622948,-0.30777772765174927,-0.09322329105050095,0.04389621207446513,-0.6323465810044626,-0.10881978120853922,-0.27581883214997527,-0.7601832999746486,-0.12469761998926099,-0.5007885534160512,-0.6988263477872599,-0.1091070704633689,-0.1725614360484629,-0.8142966034663678,0.02630678979489355,-0.365574848403795,-0.9756320923235858,-0.09296888134703532,-0.2554621901982174,-0.7737084991990805,-0.16082529014543787,-0.14909411993013638,-0.6631343476752002,-0.1804297741648894,-0.3540089776726646,-0.7001088990011337,0.0241974816579593,-0.5466477322657063,-0.8398010732015182,-0.11001308081983406,-0.36969173490517,-0.6119097831548472,-0.155077756968093,-0.2630913830777659,-0.5298511775659865,-0.147797029063645,-0.5032564739236658,-0.5630716473126205,-0.005872889726954098,-0.6981043478009206,-0.6913284741446268,-0.13355402240426884,-0.4938304814245567,-0.5030214068047718,-0.13333910795614823,-0.34573109050201584,-0.3825926276967858,-0.09027305658799484,-0.6301791029934272,-0.402597265875825,-0.045420321018773795,-0.8379149082830698,-0.599807436389617,-0.09462812264472316,-0.9199212704179368,-0.6759732759784013,-0.09141497967965233,-0.9999980924924652,-0.7422185441238498,-0.07460152686600492
19,j,0.0,0.0,0.0,0.12137134641457822,-0.23486491567379034,-0.09363696304586411,0.09929151166484936,-0.4857907000074038,-0.12613903873762958,-0.14846515418845527,-0.5865257853422267,-0.15261192024704026,-0.3510136822941498,-0.5608992032196544,-0.1739446179311388,-0.05897667860843361,-0.662433145030982,-0.03644735990807643,-0.11859301053965919,-0.8589328178588744,-0.09765523705958203,-0.1404546048141277,-0.94328609629111,-0.1507803892409874,-0.16104763772957004,-0.9663822251838383,-0.18495801173947118,-0.2537876123201771,-0.6292905437338233,-0.04017754522425069,-0.34765899147989715,-0.8419813872596823,-0.109904663033295,-0.3440845780818934,-0.8951278833472173,-0.16755523278896073,-0.33390261625960177,-0.8871173339728897,-0.20149681407166523,-0.406697980399462,-0.5338806742062024,-0.06074876335534506,-0.5510208883744016,-0.7409417903845344,-0.16267892602951944,-0.500423804154488,-0.6839234093740016,-0.22253015671789603,-0.43316942611627224,-0.576319245220797,-0.24303968208306367,-0.5301765145607391,-0.3826231041121662,-0.0872831330688335,-0.7476982289576205,-0.5194546947206982,-0.17679060588320775,-0.890566015167263,-0.6178497777667361,-0.23319564099665904,-0.999997927862143,-0.6804557077873307,-0.26687405539047787
19,j,0.0,0.0,0.0,0.12206903023618093,-0.3086286312955564,-0.13962202715358313,0.06587318198654267,-0.5745246377649034,-0.19970813676792162,-0.19709540033417844,-0.7209168877542464,-0.25200152014969956,-0.40985685232847247,-0.6350619523564202,-0.27558125586027576,-0.17488815292943177,-0.7349270996361259,-0.021955135845351616,-0.340650151384397,-0.873069515874903,-0.1285596031861832,-0.2473517578511038,-0.7138122354622571,-0.18153148363604033,-0.15782756697349726,-0.5856830370461525,-0.19927041909653334,-0.30885422640596955,-0.6285946269102407,-0.010636733438630919,-0.4874067947317033,-0.7348893233748323,-0.1636916147274033,-0.3170990134841283,-0.5581253134578328,-0.22441462325334172,-0.1987427994790318,-0.45560868581316977,-0.23102861208272338,-0.43398820999204857,-0.5034503729031224,-0.030238741352168818,-0.6081436215031998,-0.6179080177173045,-0.1982278090411803,-0.40115107681171447,-0.4869225502822451,-0.24574152145007322,-0.2431674466587478,-0.3828033828030149,-0.23537596620907694,-0.5450854202625262,-0.35948563136705103,-0.05995855457820406,-0.7609075757773227,-0.4813760507178029,-0.1614401052852447,-0.8777388093343206,-0.5765367844201696,-0.2127472626329208,-0.9999980194359518,-0.6765237896552515,-0.23632546368288193
19,j,0.0,0.0,0.0,0.12571247323795537,-0.28598974329852156,-0.1223445510658759,0.05839869382170599,-0.5679775113880217,-0.16992509201512487,-0.2102609344397375,-0.7120069475667962,-0.2081007990067533,-0.4271148627371556,-0.5959212595594472,-0.2218938091108644,-0.1938195342211706,-0.6934040957155974,-0.03546910467867769,-0.34296891152251846,-0.8210259676349169,-0.13433716093713216,-0.24517412719172904,-0.6852047888536622,-0.18562835183513107,-0.15398724449592188,-0.5879309256939002,-0.20555212666251613,-0.3266007589656542,-0.5948822931271869,-0.029323931060413342,-0.4944780608482396,-0.6973226108485442,-0.1722605655363372,-0.3230812322976551,-0.5446259455458757,-0.22805535780734593,-0.20264165162970674,-0.45488676062535566,-0.23179756206228408,-0.44809163139355324,-0.47062684969834134,-0.04924104434164194,-0.6069552450600724,-0.5766490543766073,-0.19995974399116417,-0.39399259879060916,-0.4594664415508351,-0.24006775423144797,-0.2328445736747377,-0.3567601902115492,-0.2265286018587307,-0.5507070274601502,-0.32503966817561586,-0.07777499963332565,-0.7550197000644859,-0.46662469841320997,-0.1683045461919897,-0.8748987130906697,-0.5829304228658501,-0.21771627134730107,-0.9999980306220482,-0.6926677454241537,-0.24181570579307757
19,j,0.0,0.0,0.0,0.12421847873229679,-0.27761975353926077,-0.09751234039521148,0.05155979132813763,-0.5746631291062485,-0.1300793973485429,-0.2317911702996638,-0.6850051526773588,-0.16114605103668297,-0.4452799716217093,-0.5557190402205333,-0.1726194998490656,-0.2317298934972262,-0.6719662642687573,-0.019681468357548026,-0.39283321263259957,-0.8057662002666127,-0.1150816276496308,-0.2972428062611597,-0.6688284281916391,-0.16084695769909682,-0.1997549271610264,-0.5673198211040363,-0.17332386685506732,-0.36987043363472544,-0.5538340055583898,-0.025349467175684308,-0.5347670819815498,-0.6459742890292793,-0.15566455294523185,-0.35544044937629005,-0.4977109195092726,-0.20132230601656517,-0.22804991231597238,-0.4162904223437204,-0.2006671115363728,-0.4838481673027597,-0.42396189854247335,-0.055039571227413195,-0.632748126906806,-0.5055383283050543,-0.19316001809003056,-0.4192602391150721,-0.38890088627066516,-0.22422521364325024,-0.26298556012040825,-0.2948982658522964,-0.2055794626758252,-0.5796220527237004,-0.2833373289446903,-0.09189805540260645,-0.7703323270845591,-0.42224087770703783,-0.1610703509960569,-0.8787146173226644,-0.521258287634989,-0.19078081623299945,-0.999997642077637,-0.6153746777129295,-0.2028749561884221
19,j,0.0,0.0,0.0,0.15313448682422118,-0.33502504184957194,-0.06370044668943967,0.16961030475249952,-0.6645266598128329,-0.0775345968499926,-0.052436561115615996,-0.8398730833226822,-0.10371740190246599,-0.2793284668420389,-0.8009676359511183,-0.11840373917979743,-0.10606198660260607,-0.8553497667779342,0.04057131195164123,-0.28181197364081817,-0.9999957543988179,-0.07068588684854309,-0.2034484012078053,-0.8496462291801874,-0.14907534232412398,-0.10106865501981485,-0.7160288691883029,-0.18345377991373724,-0.2616405032477576,-0.7586526809397897,0.015088351393645345,-0.42909020263567815,-0.8807020843985685,-0.13106106892676153,-0.29823920451943625,-0.6941619132081401,-0.20779518006915873,-0.17757250751557183,-0.5656616299411503,-0.22726833815212846,-0.40451856755776183,-0.6361407515434248,-0.03461251328119468,-0.5574503552841817,-0.7581435291485583,-0.1984434857456042,-0.3910855136144562,-0.5963978734734852,-0.25220809288526685,-0.23787839927329502,-0.45850624492802605,-0.24549069602828483,-0.5175963216852667,-0.4891690385063823,-0.08770293952060344,-0.7371212160069552,-0.667200339360673,-0.19325586922855958,-0.875229145493545,-0.7845560313762321,-0.2401904530852537,-0.9958862263104975,-0.8824104759207366,-0.2577708514045547
19,j,0.0,0.0,0.0,0.12449510182033237,-0.2450630009459642,-0.10668375824167285,0.11947797174655388,-0.5597719538703004,-0.14426554923028925,-0.09397930028741255,-0.7353769828345645,-0.1735534312930782,-0.30829375346474003,-0.6489811980633001,-0.1839927526733014,-0.179704355619332,-0.6947277094891775,-0.04849312386537418,-0.29022589561388124,-0.8300999248567792,-0.1393872868318978,-0.1932861650943272,-0.6909968924007562,-0.18347811604115236,-0.10545321211679906,-0.5982314385552685,-0.19509634008851243,-0.31347619386079517,-0.5929963994203071,-0.04650592950014891,-0.42891157681713027,-0.7266789598991232,-0.1871755335671568,-0.25790753657222343,-0.5532339178884887,-0.2461341031635998,-0.14661962148961608,-0.42866685895560913,-0.24819506948890113,-0.43432790966839413,-0.47925920432008623,-0.06319883737153886,-0.551293877719583,-0.6033215446033647,-0.20410833164644404,-0.34264391391351634,-0.4871254539775703,-0.24932194652687775,-0.19418505589142138,-0.37471570840669377,-0.2391154191415169,-0.5409715980852553,-0.35453294823555354,-0.08491885697811595,-0.7535037117921047,-0.4976924514734193,-0.15298944170287423,-0.8762686271288407,-0.6012743965908269,-0.19073898669004513,-0.9999978632920001,-0.7016973607885513,-0.20858946083032162
19,j,0.0,0.0,0.0,0.09978014618675551,-0.2988730969720488,-0.05609337057190297,0.04984184452831458,-0.5714199637500595,-0.088393220836003,-0.1615795048981038,-0.6875939728300964,-0.11972950456061171,-0.3463775542837101,-0.6016001770705777,-0.14374716014318092,-0.1576702740257297,-0.6669093526225093,-0.05977277280257859,-0.2849554199357198,-0.7939692054703498,-0.13589238545889276,-0.1846239284159651,-0.6746182245762219,-0.19385455896240233,-0.08486687759839476,-0.5774039286209025,-0.22851310871398456,-0.28971600951531234,-0.5651715342595275,-0.07977071617256001,-0.4294943916033572,-0.6788598476247122,-0.1566295080069683,-0.2857648899831416,-0.5516206660279044,-0.19496248571087527,-0.17509233369812782,-0.4564059309086078,-0.21788104512730702,-0.41141071753136,-0.44199238271036173,-0.11242854465903035,-0.5477170957852325,-0.5632190698626273,-0.19420689070664465,-0.37835331934578204,-0.4571227930541008,-0.22365351472089962,-0.23935044352694557,-0.3540986531975796,-0.23737602739666924,-0.5111754668053254,-0.29858281988091734,-0.1485532894887281,-0.7459695562723356,-0.4090266867259602,-0.20493923234849754,-0.877370885676614,-0.48902881915824103,-0.2385485702331934,-0.9999962012157116,-0.5678807116350245,-0.269546206785865
19,j,0.0,0.0,0.0,0.06558723643839935,-0.2568799166026827,-0.06530622721994933,0.0008789468697978499,-0.5135309766863401,-0.09272401947209234,-0.22527906148731308,-0.6033597745488748,-0.115276702071978,-0.3985179804498111,-0.5489575142973177,-0.11923937468148588,-0.21998458593268516,-0.6274061068656588,-0.06863840814021471,-0.35962645295148193,-0.7632134389430183,-0.16388818538477473,-0.2665911685022912,-0.6254192377822615,-0.22200921553952385,-0.17642021469659264,-0.5336312570091918,-0.24845564495215355,-0.35003378817855435,-0.5303080844922746,-0.07326583853381137,-0.4910582408812139,-0.6513976609605993,-0.1673246721789274,-0.34078791351506366,-0.4864251440311006,-0.19399097198687984,-0.24217469700754038,-0.41778720028768707,-0.19716392028044405,-0.458494192129697,-0.41917234070423887,-0.09175125301490977,-0.607083267736922,-0.5340218340486708,-0.17152217225246638,-0.43104792649054907,-0.4040413125234644,-0.16783212823892882,-0.29476131467825245,-0.3075039054443491,-0.14965158100090253,-0.5471146608427151,-0.2896227966424308,-0.11644309350203276,-0.7479424945882291,-0.42573277542485655,-0.16764803895434938,-0.8737851215182745,-0.5151834728494168,-0.1898412543264837,-0.999998006451063,-0.6104277098887849,-0.20356199579743595
19,j,0.0,0.0,0.0,0.193928126383439,-0.26092667570391015,-0.10957848881167719,0.25110488429979916,-0.5089042985294826,-0.17461695283350379,0.05136526065804688,-0.6639271863223465,-0.22315863411345435,-0.19366948342124765,-0.5800868988690444,-0.24116579002404434,-0.020635409741667263,-0.7525340148272373,-0.13964450304262155,-0.10329417460624743,-0.9046869558762338,-0.24358952634008355,-0.017764859256058144,-0.706465320095914,-0.285265305596737,0.036714501306243943,-0.607702046139427,-0.30451932404605625,-0.18908080468679606,-0.6891917254951666,-0.13132975668087274,-0.25927652877519547,-0.8438503155210224,-0.20472294231452776,-0.14086284972880395,-0.6047019326760255,-0.1881490542054508,-0.0658544587197415,-0.5932968889281923,-0.18009175841595326,-0.3281208373487277,-0.6121705802672585,-0.1421653964984615,-0.4329994717821809,-0.7737898899569625,-0.20730706262427873,-0.2808796157806356,-0.566464070206847,-0.1690731093828784,-0.18498043227312028,-0.4632947493928058,-0.145120304798945,-0.455645341524075,-0.5156217706455558,-0.1653641276468744,-0.6082635863334843,-0.7210605955816447,-0.20674328858577667,-0.673382868734224,-0.8441876864063457,-0.21550429065598425,-0.7577825229113129,-0.9999979741788779,-0.23142280201078305
19,j,0.0,0.0,0.0,0.1339079005102075,-0.2670108204079693,-0.11148237759975957,0.10621876035180368,-0.5704607953576009,-0.15287580443253607,-0.12111790681034465,-0.7517656984891415,-0.18205298231926687,-0.336301133235177,-0.6451841943199248,-0.19069525478362523,-0.1689699382001205,-0.6961646246354425,-0.06513721973844348,-0.296657284783506,-0.8569815072114395,-0.16149411098242536,-0.1929046341626795,-0.7213689239589474,-0.2127973292341245,-0.09935388690715014,-0.6161908820152885,-0.23210780295165528,-0.2998874103549372,-0.5912005436756063,-0.05983917267977186,-0.4374468101321183,-0.7317343818414156,-0.1842343754634972,-0.2578094321058141,-0.5735601077723746,-0.23428403742803722,-0.14190699559721734,-0.4669810401695217,-0.24054420459394593,-0.4182995102182643,-0.46871572313516086,-0.07558740540907853,-0.5442436458537373,-0.5864314218746298,-0.20715332782314047,-0.3280789400404803,-0.47124883844114296,-0.2542348522073837,-0.1737241360321185,-0.3554645754011913,-0.25410816979213996,-0.5238812607513279,-0.33192049148383157,-0.09736358910841741,-0.749322507710524,-0.4568723354676405,-0.17617114918836474,-0.8734766046382799,-0.5500394758062666,-0.22493259090208542,-0.9999974450749886,-0.6350390934079841,-0.25357254397694423
19,j,0.0,0.0,0.0,-0.30977785521230977,-0.1509202986888437,-0.08258665121391834,-0.5452769355831971,-0.427544778162318,-0.13031777858317273,-0.7380554541333751,-0.625807101491437,-0.17319196712059504,-0.8835329870513475,-0.7559184012318302,-0.19819166633854268,-0.0860389339054653,-0.842555668191254,-0.05684769030213916,-0.36679018624454474,-0.9999956145203642,-0.1467391570058491,-0.518102838762131,-0.9574049006439774,-0.23399494977957147,-0.6033654296486987,-0.8838542414520968,-0.2918178012211825,-0.04317826438841627,-0.8595369301036008,-0.0628261115177097,-0.4210299009799959,-0.9635261170227776,-0.15098203824340936,-0.48125556020459087,-0.8142631930515504,-0.20141633253711305,-0.4552661053234724,-0.7006270945889631,-0.22850753448280273,-0.05086275330072413,-0.8185820912097109,-0.08393733613098224,-0.4593859512227473,-0.9199803966751642,-0.1980546953816732,-0.49772579497823555,-0.776651334248126,-0.22729935065964318,-0.4535521385979127,-0.665566581252189,-0.22863659824225752,-0.0975055464340798,-0.7307093409914253,-0.11099668056642674,-0.5114790905806942,-0.8681932854617879,-0.22333356441247695,-0.7266492238395638,-0.9009588164348694,-0.2522706068389565,-0.8722454300674957,-0.9086233739817932,-0.2522671596929762
19,j,0.0,0.0,0.0,0.142750740358923,-0.3287957152204363,-0.08176182531164933,0.08593383666649015,-0.6507690480208185,-0.10230379455245862,-0.1830069816768277,-0.7967359337082115,-0.11923771494429475,-0.4192175269056678,-0.675526820726651,-0.11703299817620955,-0.17252652910611405,-0.737527606249483,-0.010692680375802633,-0.3524820793977551,-0.8917971881292596,-0.09109092405926168,-0.25383839269743885,-0.7458878947297278,-0.1438230347431625,-0.14859366993674875,-0.6586242521365194,-0.17151013118552233,-0.31969152635531584,-0.6225261740022033,-0.02012508304006752,-0.5075195584490162,-0.7612698349460273,-0.11656244518759579,-0.3504196995694406,-0.6334738920017654,-0.16707463713909468,-0.22691495799372707,-0.5631450696798909,-0.18965309367546754,-0.4529961716335148,-0.4906845648099753,-0.050065519739378825,-0.6032237347768897,-0.6157446821065307,-0.16744009620075478,-0.3974046398524784,-0.5001644473662445,-0.21186214367878314,-0.2278588955917744,-0.39737449988849766,-0.21874977336162696,-0.5625806652588498,-0.3507297380524274,-0.08489618359215963,-0.7676769769706012,-0.49654400417698796,-0.14869537829141172,-0.8839131878696279,-0.604135036745149,-0.1824135151218244,-0.9999967792058222,-0.7013465952206467,-0.20788693199630062
19,j,0.0,0.0,0.0,0.12185256478485737,-0.2902318104948839,-0.1278847122765732,0.039112803102207674,-0.559350526390442,-0.1815569910662145,-0.24802902256427753,-0.6608811883613485,-0.22648919034659692,-0.4563160785860244,-0.5135520191619718,-0.24776078402364707,-0.21938256377607496,-0.6645755363731745,-0.035208819079867705,-0.38027473911009657,-0.7824692806630541,-0.12801394387164056,-0.2886099372843079,-0.667918674593116,-0.17102109474969746,-0.1989125589151752,-0.5824971148744099,-0.18412268892527786,-0.3523566447897998,-0.5492136439507358,-0.027117208659629105,-0.5199927094681853,-0.6325360208992274,-0.15971173247244574,-0.330325431962115,-0.4806030337543781,-0.20268283554120073,-0.20213322202029346,-0.4016803495599869,-0.19906436677691522,-0.4632128392575095,-0.42184524767066733,-0.04685804026219386,-0.6153576142372078,-0.49256076377344643,-0.19510236676182263,-0.39464496181149505,-0.3847271483077009,-0.23317355907441123,-0.24310744337852858,-0.29660242417776655,-0.21696010497204213,-0.5585603202563028,-0.28176118736655675,-0.07566955191395755,-0.7551272517971627,-0.4080575766447084,-0.15819804243377691,-0.8661459197427404,-0.49680974727410376,-0.19743904378701463,-0.9999978662601703,-0.5767781756342633,-0.21467342590065586
19,j,0.0,0.0,0.0,0.1153416194193043,-0.28169166674914586,-0.1145293352187266,0.05936420445726529,-0.5690353423143302,-0.1590388935015374,-0.2047676963097173,-0.7101842489530541,-0.19725068504074195,-0.4162213689054341,-0.5938452721492319,-0.2128957762418084,-0.2113585814646958,-0.6934943588078838,-0.025938763921738668,-0.35774032332752626,-0.8211282304384006,-0.12586177618418523,-0.25750654507700904,-0.6870739839372173,-0.17386929143758154,-0.16568096235919513,-0.5856095184394393,-0.18838152039242512,-0.34297706864477645,-0.5931374672586728,-0.02582670496702612,-0.5036758500580407,-0.700851589330956,-0.17669122475655394,-0.32499593008827643,-0.5439907453976558,-0.23703601192850549,-0.20095882105667162,-0.44188236436297357,-0.23810187950132622,-0.45873506835403893,-0.46361157928062274,-0.05072052672357265,-0.6016559685033604,-0.5723925644110046,-0.2096896004635651,-0.3829281809762794,-0.45950839697706714,-0.25300154538312347,-0.22069771917009462,-0.35643377118729785,-0.23610145926442908,-0.556106841288652,-0.3105837994068217,-0.08281672532502218,-0.75108621316281,-0.46282125311792455,-0.17465833981320664,-0.8724054393739643,-0.5861014961785592,-0.2214468759148492,-0.9999980057944439,-0.6979890788434183,-0.24094617409407776
19,j,0.0,0.0,0.0,0.10745707838611994,-0.2675377509193963,-0.09346834891047477,0.05681336603380932,-0.5596395650265511,-0.127902782010641,-0.17548736066941814,-0.6877253016711676,-0.1672650400072402,-0.385040184510393,-0.6314164726207824,-0.18424916742472064,0.03029246302728698,-0.7579106670603065,-0.0007176480571516902,-0.07976029396447015,-0.9999972387127872,-0.10608218495993485,-0.08573993363606408,-0.8398700707634883,-0.1629662919176352,-0.04540750558044805,-0.7107610235025159,-0.17719591568005605,-0.16054389854529624,-0.7014782342667957,-0.008610435630843719,-0.2904212311230599,-0.9420117767313497,-0.1373533662079012,-0.25200194542442356,-0.7548526676631383,-0.18711205066013728,-0.17923834749725243,-0.6370764048742386,-0.18158096831400392,-0.3234336348412834,-0.6182530854417666,-0.04071377038722904,-0.45354920499318063,-0.7784576908892554,-0.16653198628334223,-0.3833873341903682,-0.6047325476334798,-0.19505406433939326,-0.30816717358815493,-0.4849313889036027,-0.169896135364507,-0.4627401554956597,-0.5181771749224282,-0.08121100000481368,-0.6022439319238523,-0.7043709897783472,-0.12416926182360459,-0.6899768319054658,-0.7993900917681758,-0.1285271784160773,-0.7663791693198432,-0.8839808891399219,-0.11901967848057528
19,j,0.0,0.0,0.0,0.14927209254910898,-0.34825720398480137,-0.11772160592379355,0.051989540208691336,-0.6668795569241095,-0.14317764329163984,-0.24727684803845754,-0.8070998502832467,-0.16428360657304464,-0.48172679966228726,-0.658223195848348,-0.15429289669195329,-0.15019518921047337,-0.7650718673888236,0.05252597688037896,-0.3322555610073476,-0.9194717246138043,-0.04205512125643777,-0.24839646969574844,-0.7482769018137057,-0.09972502163654891,-0.1558280126414366,-0.6255725539939954,-0.12164698011628908,-0.3014515784508179,-0.663265628835117,0.0643666734126993,-0.5001750448711867,-0.7675168969543268,-0.06709879978947027,-0.3286641162166442,-0.5927728583564253,-0.1253873694772973,-0.1924278516649693,-0.5236509283576182,-0.130730560263849,-0.4364922091579807,-0.536597929852744,0.042210464156564584,-0.6211387136035329,-0.6390233910595908,-0.10870040091109222,-0.4070531841457729,-0.5052935482920636,-0.16363986198057875,-0.23564121695183482,-0.42282096587288737,-0.15477682638887283,-0.5554938606332769,-0.3893111824388323,0.01116755742108548,-0.7584730193409542,-0.5320274131425005,-0.07348951714922627,-0.8785153679419823,-0.6242452821854069,-0.12198638472543663,-0.999998045558799,-0.7234805031575496,-0.1433889338733599
19,j,0.0,0.0,0.0,0.16588466734104854,-0.3187161469140388,-0.09470944334231679,0.14843168234665716,-0.6370306178201236,-0.1343676068699664,-0.089269201042297,-0.8317782884134336,-0.16720735649982613,-0.32749299853611424,-0.7624588675171408,-0.17832508449743828,-0.12240413722334047,-0.7817907437658517,-0.059465804306298324,-0.2598618053143756,-0.9565473807704504,-0.14436378628438623,-0.1665286485440944,-0.7836411637322511,-0.18337804342093267,-0.08318523736115802,-0.6367347472740349,-0.19875884447582315,-0.27622894839709905,-0.6910696352886737,-0.06341597641309578,-0.41128493937799626,-0.8551990434544792,-0.18112295496886993,-0.2642494616311452,-0.6515670057899661,-0.22542267585950462,-0.17257191452838663,-0.5083878485677539,-0.23392520277499843,-0.41988258433496495,-0.579989803211672,-0.08505786376725588,-0.5638192231647694,-0.7495821931842509,-0.20577887655927854,-0.373471307048111,-0.5863079496484062,-0.2381878590228815,-0.23463077225791704,-0.4360552163665825,-0.23628718680580627,-0.5450972566228997,-0.44317603082431967,-0.11267209004028711,-0.766301892890814,-0.6083619546202418,-0.1885525076268459,-0.8816795214539425,-0.7283816428551136,-0.23439296979064686,-0.9999971311174342,-0.8455144023444405,-0.26535936424994927
19,j,0.0,0.0,0.0,0.16290583410031081,-0.2469787803998798,-0.09973475988985445,0.14394715613439765,-0.5653962496239611,-0.13947186766169273,-0.13148060897485503,-0.730126468237848,-0.1773068749961153,-0.3706121977844483,-0.7013518254089215,-0.19100908801926197,-0.08214961089178363,-0.8038861641817027,-0.03724018936230031,-0.24098435692315265,-0.9999979779287144,-0.1581716281385863,-0.17899969686536213,-0.819496481285892,-0.2286270451812008,-0.09055911112632523,-0.6816109412269081,-0.2558588043275957,-0.28669075120963095,-0.7233561058367367,-0.04376443250591312,-0.44738965495200483,-0.9108369549544326,-0.19313000883775905,-0.33063025133154395,-0.6963513702933929,-0.24894575558070856,-0.2324800639014057,-0.56470600386131,-0.2500467349348377,-0.4559077480680112,-0.6180248676108244,-0.07312947379977876,-0.6311776832132753,-0.8276863249982699,-0.20866535949103712,-0.49690463420439474,-0.6514228433287498,-0.22532880758760038,-0.3749370509054701,-0.5123752027558001,-0.19837987504549762,-0.5924830927150273,-0.4803048684205329,-0.11150663199885046,-0.7825606796566728,-0.6720384365420956,-0.1755120642653244,-0.8908835854782768,-0.7932099532682403,-0.19662177919430293,-0.9875709629169191,-0.916108169124579,-0.20031452472270306
19,j,0.0,0.0,0.0,0.138070750987758,-0.22326738268637286,-0.10876050977599583,0.11186965167747373,-0.4995643088302634,-0.15441130080727947,-0.19164098980998867,-0.5843037050852762,-0.1928037449673075,-0.4260465508216888,-0.5343375925856051,-0.22776426534104907,-0.06054565423520587,-0.6985176103908326,-0.07520503650966665,-0.1227088095848081,-0.9302906620915049,-0.1675556403414121,-0.11653078195314732,-0.9999977703421595,-0.23385069305133135,-0.10458192605015036,-0.9762171416420553,-0.2711348014198232,-0.26098967225294245,-0.6655151919998268,-0.08056383125725405,-0.3606341731611938,-0.9359999586057164,-0.17305695154266404,-0.32825185666812345,-0.9630577846380413,-0.2388040659488567,-0.28340058809169383,-0.8979735320495571,-0.27063076928080526,-0.41378325833692686,-0.5605616832435839,-0.10338967115046149,-0.5735777762428885,-0.8007360126081852,-0.22459054568569947,-0.5235304630874869,-0.7444451531250914,-0.2856521596521521,-0.45489025968823094,-0.634407101181297,-0.3015885857270482,-0.530425142987604,-0.39827752133741323,-0.13230769489699756,-0.7331904897347105,-0.5372234054151639,-0.24812179135719764,-0.8247540635201759,-0.6114617361821196,-0.31013747980399303,-0.888327598507978,-0.6415893722745415,-0.3397761178395239
19,j,0.0,0.0,0.0,0.15999571459618284,-0.22974748242436438,-0.11406631991297557,0.14321833838877782,-0.5045176215869764,-0.164594939081737,-0.151444744827526,-0.5871149203345538,-0.20691873767439753,-0.3852414649485801,-0.5266849101583879,-0.24606633790969712,-0.03863290789349117,-0.7102041958476348,-0.09242829768410932,-0.102236515117962,-0.9310011074122033,-0.18597366415790706,-0.10709562703408251,-0.9978011231643931,-0.2459836462968212,-0.10300703620039198,-0.9999977619115942,-0.28130318680542227,-0.24163359720372618,-0.6685474996273707,-0.10047633936441283,-0.33106053282745074,-0.9199259340559875,-0.2073370148305539,-0.30886849846989134,-0.939710957133972,-0.27099358203939533,-0.2777859234615204,-0.9024343317621335,-0.30118939413566137,-0.40605754021598645,-0.5598099129771024,-0.12641470898916182,-0.5622766876647328,-0.770853182886129,-0.2637307104800198,-0.47811326746498656,-0.6556887620619983,-0.31855790115098154,-0.38258159308871664,-0.5208887933802542,-0.32712571272827007,-0.5389732273379447,-0.3964360317204424,-0.1591575028022847,-0.7308458500078255,-0.5262919123902371,-0.2739799515359014,-0.835242985747598,-0.6016603733719214,-0.3317840569454541,-0.9172753335284006,-0.652285782915141,-0.36265172380566113
19,j,0.0,0.0,0.0,0.15211277485600788,-0.2490906075879889,-0.1305771604560668,0.19652256233419294,-0.5763686910433603,-0.19873033468731263,-0.030017758017639194,-0.6959985278120097,-0.26369984171874583,-0.24876412095207892,-0.6322970875863312,-0.33059865397795085,-0.19562189861875967,-0.8023089033971587,-0.09623308482539138,-0.30176744651211396,-0.9999964558157155,-0.23603181573036994,-0.24682579799653587,-0.962001005827735,-0.33668848529954504,-0.1778105791622005,-0.8415882243199453,-0.3893106633261989,-0.3933416138262633,-0.7038625673655801,-0.10241140342593526,-0.5298903450800052,-0.9213673093342736,-0.23280798465371974,-0.4377656606690061,-0.8254288786536261,-0.311263695012171,-0.3494804421963204,-0.6801120113208945,-0.34543882357906835,-0.5407135196540659,-0.5480112511848504,-0.12955827604595793,-0.6977404940363471,-0.7197200370029667,-0.26782153745037907,-0.5636570484772472,-0.6044026017637945,-0.28590241170954006,-0.4441927259623898,-0.4686567255471123,-0.2689859465976684,-0.6508703852348846,-0.3458894060760788,-0.16581965527256914,-0.8075085542768926,-0.48131302065375703,-0.25495013718875836,-0.7332674367695449,-0.4489916886980524,-0.24355872693707345,-0.6565165654751197,-0.392007782303044,-0.218268661238539
19,j,0.0,0.0,0.0,0.12221258557202848,-0.24077947530737243,-0.07197104142553638,0.11613253179454966,-0.5118781655793517,-0.11147850996762038,-0.1108422489800301,-0.6341464216392733,-0.1508227258856385,-0.3158515609033206,-0.617190431353986,-0.17725415591165936,-0.08593042676820487,-0.738083366759638,-0.07691131948383852,-0.20404027045139067,-0.9890779439231974,-0.19664459427777956,-0.15551997887512203,-0.896298316455406,-0.2570874022950349,-0.0873718020428241,-0.7651067013496966,-0.2729311906989797,-0.2672467540267791,-0.6649143176604481,-0.10165914090927679,-0.42265322856518656,-0.9133405527297088,-0.23454761520125578,-0.32427417400619496,-0.7919517749992478,-0.2869258824053167,-0.22812741947727708,-0.6895027895254956,-0.2957233338450667,-0.42727113880313267,-0.5534028690332063,-0.1424678980918567,-0.5554826521178218,-0.71847379795947,-0.2847326130119944,-0.3971560729981439,-0.5653612071255671,-0.3205430689933694,-0.26099081900581433,-0.4401786154468513,-0.312017624134361,-0.5591563995345457,-0.41691022642036585,-0.18559706719232674,-0.7656764585062288,-0.5809242814210333,-0.26993082542726254,-0.8863222659818168,-0.6996196747955292,-0.30274354822605004,-0.9999975803217612,-0.8269365662542584,-0.3181577472336208
19,j,0.0,0.0,0.0,0.07767729958636717,-0.20127211788167795,-0.09384964458804944,0.010300873607541446,-0.4287977708327031,-0.11883984229842763,-0.2185641364319347,-0.5083312299396306,-0.1386172369429486,-0.3841325972844015,-0.457431815534219,-0.14259163313365367,-0.1816009425852004,-0.63295566564584,-0.036584752713154395,-0.30531104100417955,-0.7665426147344698,-0.1333681373711989,-0.258974056446854,-0.6638733818274623,-0.18671356957046856,-0.19345542769263088,-0.5424786409015805,-0.2006922280251968,-0.3403464435796367,-0.5573703549621145,-0.030395735629080087,-0.4825566877003744,-0.6798123720207415,-0.14549307506029918,-0.38855703276579867,-0.5207438873073678,-0.18961734344526116,-0.31090223380888127,-0.4152061089636065,-0.18535525427761562,-0.45840924002933686,-0.4472608189776789,-0.04422868960230104,-0.6050243383874885,-0.5492906352629804,-0.16373777453373137,-0.4883305913125703,-0.4089013756281569,-0.18906540158076737,-0.38139492576197914,-0.29745177051003446,-0.16695094986458944,-0.5444680952902738,-0.3080376046209242,-0.06430866341947244,-0.7454099665916096,-0.45019487257612184,-0.14555928636665874,-0.8829979334621962,-0.5328962209369137,-0.18216240783823828,-0.9999976107726557,-0.6108475155299985,-0.1906202235575572
19,j,0.0,0.0,0.0,0.07623051867777188,-0.1914721367803175,-0.11390360137355202,0.026498318905231348,-0.4020992918039651,-0.17317277943480164,-0.18837363000115664,-0.45574550129271446,-0.22396575644717134,-0.36111238377567895,-0.41807074833370833,-0.25713376047876174,-0.1964545227409962,-0.64217661677721,-0.10831111306578568,-0.34954922609770733,-0.8226617048965714,-0.2249984797119967,-0.2744972102593753,-0.7344493587685187,-0.2882426027450716,-0.1894145082953525,-0.6168528916890756,-0.3107450920526415,-0.35536760366426573,-0.5604295240165246,-0.10228513608419904,-0.5125309253105401,-0.7222697887052378,-0.22096639056225825,-0.3957649232881472,-0.6001214672983279,-0.2588580100151227,-0.3052453104206811,-0.5123964010243957,-0.25944095982123816,-0.4694846364769284,-0.442532331804428,-0.11604832355028563,-0.6510002237621959,-0.6070978590354945,-0.22305299973011006,-0.5358723716892153,-0.5034396176920044,-0.23697968374061082,-0.4322513334549194,-0.4108356871525426,-0.22122687972355498,-0.5472712156349122,-0.28191828698651233,-0.1401143038503658,-0.762207326425273,-0.3873849229421408,-0.21606132573749096,-0.890285702123261,-0.44453024660325874,-0.24655571012966307,-0.9999977385340623,-0.49345867050577985,-0.2555756949396756
19,j,0.0,0.0,0.0,0.1807876283325138,-0.26549972948405837,-0.05337976057604599,0.24970033910704426,-0.529043338924456,-0.07910841420905451,0.04201844374857806,-0.6566007192938866,-0.10964441873505604,-0.17746519048418938,-0.5849180302446949,-0.12572736342434954,-0.023175890988449424,-0.769776936044197,-0.03891095507870018,-0.12113139625362197,-0.9999977783476514,-0.15976026192513232,-0.06034601202117647,-0.848260757332924,-0.21945527674554777,-0.0035072972838071244,-0.7038809034929697,-0.23377272940772212,-0.20819012638524456,-0.6846910109769162,-0.0704908327636631,-0.3204594592932173,-0.8960818142857528,-0.21224031295636134,-0.19709842783548362,-0.6855982920816509,-0.2607980599195406,-0.11275657523810066,-0.5554824756640516,-0.26234286440873233,-0.3654622043797293,-0.5842986981675082,-0.1199664793244014,-0.4575448472067517,-0.7199397062153352,-0.26243375473468467,-0.2820319365630505,-0.5288457670922638,-0.2941237899718626,-0.16041879344246138,-0.3993559700022036,-0.27810325686042436,-0.5002493631152408,-0.4767124930285637,-0.1713187272389671,-0.6656122857216705,-0.6920526804588573,-0.24675589354600455,-0.7472814893316987,-0.8269425977344365,-0.27521770833338666,-0.8369029591874593,-0.9836819468543174,-0.28785002356456924
19,j,0.0,0.0,0.0,0.1390587274687985,-0.310475438070816,-0.13886307243451293,0.0820206256861256,-0.5863241084570056,-0.20638732478173313,-0.19320528858253747,-0.7292640241790513,-0.2676853820554519,-0.42603026050848614,-0.6283358049404404,-0.30335007660262253,-0.1744764059789245,-0.7375366396941923,-0.021964979985314246,-0.32445997344105637,-0.88293533677995,-0.13399295069560138,-0.2597843692721747,-0.760671588582005,-0.1917389105261099,-0.18642942383585379,-0.648071970260222,-0.2123125583224176,-0.3143179097581766,-0.6362005769836585,-0.012355404917358809,-0.46650872509682617,-0.7378928662528941,-0.1632207600200266,-0.29960449700160396,-0.5550925383232811,-0.21857514137925443,-0.1760870399580253,-0.4652846358212454,-0.22052667984386928,-0.43897146670466325,-0.5118594847677923,-0.0345141421421793,-0.5956538383549136,-0.6218258022255834,-0.20224859529830927,-0.3835991397359066,-0.48945690614013887,-0.2468735823596783,-0.2214216237422016,-0.38604694571385995,-0.23432374879484427,-0.550517277230902,-0.36606187044322525,-0.06670348932703131,-0.7616072596227786,-0.4911133045283151,-0.1668616385539771,-0.8786504499317213,-0.5876266554406823,-0.21539668829222983,-0.9999979164196033,-0.6881351088647076,-0.23756602056765885
19,j,0.0,0.0,0.0,0.09927312671715299,-0.24559975653116584,-0.10361470991696685,0.04708051941569245,-0.5340639452684939,-0.13832405737353665,-0.1909463520084713,-0.6537441283146478,-0.17308232627231684,-0.38985099760026376,-0.595877282757476,-0.17742424624613948,0.06729229562628479,-0.7567233585170616,0.0009867253195334237,-0.09933405541217787,-0.9999972777260266,-0.11988459832816248,-0.09535109550644781,-0.817164786241902,-0.1874957554772455,-0.03388787490612054,-0.7057345594403401,-0.21292699524320036,-0.13669251316220482,-0.7026436654016486,-0.0006652970020877504,-0.29220339329791534,-0.9481981513445003,-0.11558469359792975,-0.2584840255816305,-0.751222738646641,-0.14096899960879553,-0.18678551438790503,-0.6574928250953654,-0.12594136494211905,-0.3093065891109407,-0.6181585252166626,-0.03137210486819362,-0.458891524897312,-0.8237548209149776,-0.13252007182685535,-0.41649462509761387,-0.6826613250759168,-0.11853602360517451,-0.35332578640450163,-0.5930305902794034,-0.07387060488944741,-0.4605209415562726,-0.5068391221133749,-0.07604014509984348,-0.5793688516092007,-0.6874871048861286,-0.1069096968297222,-0.5509269148951429,-0.6423877010547401,-0.07489256509573791,-0.49880412003318825,-0.576109125860327,-0.0355317939909717
19,j,0.0,0.0,0.0,0.12901630504522435,-0.17983790138595726,-0.11091561701341632,0.12100577012065437,-0.4368131699293974,-0.16823832443266384,-0.06360003055981654,-0.5726295949992026,-0.2230703058748515,-0.24876309449174425,-0.5723267633631492,-0.27269914006285295,-0.16637589975193973,-0.6492585961863648,-0.07839560998796508,-0.20722957814119802,-0.7938904551542898,-0.21296342433669035,-0.15514518879593694,-0.7253963040132302,-0.3086280541934104,-0.09745717103247242,-0.6003150698249987,-0.34908230809718443,-0.34417834821466986,-0.5889390759302983,-0.08869011412329929,-0.45777974394334725,-0.791484708922391,-0.2292843836973408,-0.41196481480721825,-0.732975216835839,-0.3069925437353406,-0.35678514468929085,-0.6216483734474698,-0.3282860872381081,-0.4897889815727949,-0.4675488405771174,-0.12066592134464811,-0.6328174241031924,-0.6299073728616096,-0.2670117854102973,-0.5236906268589594,-0.5058920994021463,-0.3098074110322032,-0.4046742301898174,-0.37111826381826113,-0.29726849061393906,-0.5913713427214574,-0.29987542246336807,-0.15945386571899264,-0.8167339388731388,-0.42607184616849464,-0.25149129111719526,-0.9253960876314568,-0.49705478604263686,-0.2847096797762297,-0.9999972191178054,-0.5635491212619754,-0.2908246162892968
19,j,0.0,0.0,0.0,0.2503953754390767,-0.33682477590796595,-0.14029741355008477,0.2147668353634584,-0.6681002129099658,-0.20090208763196438,-0.06883803656989239,-0.8640988239779464,-0.2621094353255481,-0.3603084233519355,-0.8074602382206746,-0.30241330695083996,0.06084355647339716,-0.8033480531693975,0.04464315938082981,-0.11719076268667128,-0.9999982380473788,-0.09695030864449403,-0.11592190427954262,-0.8908590603867571,-0.19801731724928645,-0.07165878379361931,-0.7710493999928711,-0.24665369077132554,-0.132839876347178,-0.7091860938809026,0.03272105145797077,-0.32504262429090275,-0.9194397231843419,-0.16520334131191916,-0.2046630173173539,-0.7487467612575065,-0.27772473236570255,-0.07507888335383717,-0.6100697896696883,-0.3089708169786264,-0.31279145085243276,-0.5956202733569242,-0.019250256513830034,-0.49745099204641213,-0.7923190564990917,-0.2358184307792643,-0.33143638101035316,-0.6508372483024017,-0.3303610633429819,-0.17203480962323356,-0.5435940330684061,-0.3367169601505162,-0.46611264687144044,-0.4722190673384572,-0.0807526725985848,-0.6587021855380136,-0.6554483335244341,-0.21709620548911024,-0.7365854854184821,-0.7573782960715686,-0.281918098309937,-0.7991971680417236,-0.865168248341445,-0.30779600448306726
19,j,0.0,0.0,0.0,-0.2954079353457525,-0.10880867126981245,-0.043232612325156364,-0.5255752750097036,-0.3690578023671826,-0.06269517403543307,-0.6913329917644773,-0.5694598704350647,-0.09363979850940236,-0.8233584075305401,-0.703331675963355,-0.11029743038028013,-0.17910175452849628,-0.7281872834278362,0.0475267009623709,-0.3672582269564684,-0.9536757125973199,-0.04447500047490376,-0.5299996279595016,-0.9193804131285455,-0.13017923841226586,-0.6120884851384701,-0.8072567952668307,-0.1760384942016704,-0.12239449903779161,-0.7726662552113939,0.023363356663408125,-0.3665063120101287,-0.9999951592327443,-0.04757461186980294,-0.5238345601703837,-0.9445006767651412,-0.10476371615574452,-0.5869824317133507,-0.8414547151138132,-0.13155835025599857,-0.08293771894878108,-0.7692731885228985,-0.02031535524907433,-0.3695162800531894,-0.9886300917729924,-0.11517210998107581,-0.5127341488827463,-0.8957606612641831,-0.14404047017728314,-0.5512205951403905,-0.7659536254155928,-0.13999722319732558,-0.06944249029559496,-0.7257941972555638,-0.06797412333277146,-0.33112158703918915,-0.8778559390701538,-0.15009600392514855,-0.4616206673999805,-0.8204988369033579,-0.158425496107961,-0.5146860693017749,-0.7115910548184773,-0.1424869856941214
19,j,0.0,0.0,0.0,0.11034067783637531,-0.28101087539407654,-0.13024008425188935,0.02278600779254334,-0.5527642503844616,-0.17894522535084864,-0.2634353743224742,-0.6465675605447928,-0.21984879555178893,-0.4661929660905315,-0.49966631704155545,-0.2352062321743454,-0.24339340391646014,-0.6629446406756988,-0.028569281958361357,-0.4040134531044028,-0.7733572061889967,-0.13279573825448318,-0.2890282034988591,-0.6269569789843111,-0.18588758154965013,-0.18893123709595602,-0.544130822914054,-0.20352669850652907,-0.3686258180753283,-0.5433412513638551,-0.020170772585896998,-0.5343173074301654,-0.6206980422922528,-0.16724296317981613,-0.347030948279793,-0.47278710654423994,-0.22022887417551798,-0.2256527181479293,-0.40398978353741605,-0.22011005546060453,-0.47929328661771387,-0.41331094691438214,-0.0410076256758826,-0.6306429332905175,-0.4817733800795424,-0.19478032262495668,-0.40948495290217085,-0.3745670677409866,-0.23436679443428127,-0.25268870028653356,-0.2908505090208472,-0.2158855086334551,-0.571493376014678,-0.2769512621278664,-0.071830687520364,-0.7610264605088692,-0.4005942993947749,-0.15048415634525159,-0.8714367971902625,-0.4941527519655882,-0.18865717202308546,-0.9999978933186315,-0.5815305594889916,-0.20425554223532766
19,j,0.0,0.0,0.0,-0.27074926725958465,0.006114970052657764,-0.17979305158580688,-0.5214410200403926,-0.10252524451504784,-0.30345435117818015,-0.7079461596587467,-0.27841440153473146,-0.4141345667636791,-0.8133870214922618,-0.45276169878311795,-0.5113622949121451,-0.5846965280692086,-0.5574960531402307,-0.1703932306991873,-0.7332400080890741,-0.7740354987442915,-0.3312111614245067,-0.6492890527399213,-0.7284458232509834,-0.4420432478068031,-0.5480585476607024,-0.6209069550663497,-0.4976653609212777,-0.36955562754087556,-0.6865123711324388,-0.1497992612559153,-0.49445633501738623,-0.9427594242855774,-0.28288711955124574,-0.452865881898071,-0.8859032508502329,-0.3691488513570551,-0.4000863132228256,-0.7874739881480654,-0.4152602602877455,-0.1608401073847523,-0.7482961039250167,-0.15398836931028664,-0.2715011975675063,-0.9999957780129877,-0.25971232170630754,-0.2622945809961166,-0.9899000189514827,-0.29921480301969433,-0.2337468975987791,-0.9127437404025435,-0.313415131451562,0.054187047327255225,-0.7522005800604109,-0.17428583209850218,-0.0348754235555333,-0.9498360749512614,-0.2469060558338992,-0.05040046923378246,-0.9657370857834714,-0.26371901494074756,-0.049421802243318214,-0.9246888126669731,-0.26439065315902016
19,j,0.0,0.0,0.0,0.10294900612395881,-0.22338590278631348,-0.08531951599160009,0.04247436260597526,-0.47098003603713146,-0.12169847398720851,-0.15438506219040782,-0.5909343077417682,-0.15520942674898097,-0.3243956389122174,-0.5039652549259787,-0.17196603815781705,-0.19614824396661812,-0.6291981928118816,-0.05188987552481025,-0.31635295266748625,-0.7231155213129957,-0.14650275469031165,-0.21419769096738073,-0.5805397107036353,-0.20488730791095344,-0.12342778943446787,-0.48168274056479143,-0.22952396990111198,-0.33072805396867716,-0.5275849097261884,-0.05663894873812171,-0.46370221467583217,-0.6111897618455213,-0.17012445807755278,-0.3043457965057594,-0.46604039439940176,-0.212698448453916,-0.20352218281674342,-0.3828670522229918,-0.21729251006960873,-0.44356298743414335,-0.4050980972191948,-0.07939020749570853,-0.5721484324602587,-0.48325702986794955,-0.18970313654022547,-0.37342361968027316,-0.36516229936879313,-0.208794306656635,-0.22699159313672376,-0.25958915291856405,-0.1933732300375265,-0.5303557510307959,-0.2709807142140681,-0.10884711171999474,-0.7375730090331803,-0.39552647849552575,-0.1719769676464658,-0.8692633590047905,-0.4858564542685217,-0.201014326783437,-0.9999985137475839,-0.5754399027803779,-0.21540420005814104
19,j,0.0,0.0,0.0,0.09320379902636153,-0.19185792059195866,-0.10820099941411691,0.06950449243318477,-0.4363400580531794,-0.15482431173455832,-0.09678847870405478,-0.5162964978196026,-0.1904642991791631,-0.2509796526458183,-0.4025991160620046,-0.20405355807382286,-0.2401988822896356,-0.606712839569046,-0.08532736928147139,-0.3342902722381271,-0.6906136294279919,-0.1951390318027125,-0.20944454130769932,-0.5499522048134096,-0.24961737579051926,-0.13638302547920111,-0.4840591233810209,-0.2700273653271044,-0.36096471034550853,-0.49994303281184826,-0.08715907191854633,-0.47247086357608936,-0.5983981031410528,-0.21643032253834454,-0.29824599665557266,-0.4546444471678079,-0.2506935427852307,-0.2138145114114954,-0.41415638973115937,-0.24595536951727573,-0.46601955010737384,-0.36442160689909564,-0.11076438530620185,-0.5630555479139318,-0.441693444860194,-0.24575361277499813,-0.34626849487420697,-0.3316545545305872,-0.2647199489961526,-0.20515791003475348,-0.26908656295482497,-0.24272874157567717,-0.5454319288271143,-0.21605171041457544,-0.14108940643975695,-0.7369767507038365,-0.32370850687037317,-0.21917726659893372,-0.8601133418823763,-0.39184470704521407,-0.2509388651094511,-0.9999984481758419,-0.47581075278114643,-0.26458943724217954
19,j,0.0,0.0,0.0,0.12744644765816068,-0.2972285524394219,-0.10817156181932022,0.07152658179865114,-0.5876751689170178,-0.1480430215876273,-0.19185123406641602,-0.7339281959127207,-0.18554684195896198,-0.40423795590652245,-0.6267590032025314,-0.2036204579817902,-0.17863085314504007,-0.7164778696786683,0.0009818416866338373,-0.34706838172903715,-0.8751429172238485,-0.09838314375896794,-0.2899459621393724,-0.7897844254268184,-0.1636418458377527,-0.21408439874237808,-0.7125565522606851,-0.19568439392842685,-0.3153666428631329,-0.6189842508596954,-0.0018156934319885608,-0.5000194273987623,-0.7332381969084736,-0.13774683968514148,-0.32722021118208755,-0.5648265363033402,-0.19642935540396375,-0.19028306466955694,-0.46265600925395983,-0.20636409794950822,-0.4386002415402203,-0.49880581133639323,-0.03240856072948113,-0.6094895852094306,-0.6001353217856981,-0.18294250077807306,-0.40429192667883845,-0.4792677213136195,-0.22544631373137874,-0.2450314407216936,-0.3770803772844595,-0.2141675955949908,-0.5519510431433584,-0.35813384268330267,-0.07146874089933297,-0.7572189865927637,-0.5189578049266704,-0.1574199683794347,-0.8757589718003935,-0.6378116698432769,-0.19950300764847018,-0.9999981253016462,-0.7445584267258457,-0.2202705669496012
19,j,0.0,0.0,0.0,0.09850113905548774,-0.30637960767860134,-0.11562259599142645,0.021897464157273692,-0.6109135451607444,-0.14189340367049288,-0.2811958954135907,-0.7288900934854111,-0.1657418274747685,-0.49441957538222997,-0.6858194293824147,-0.15754594640719452,-0.18764606096611766,-0.8261726658183983,0.027541475360814596,-0.3890902077861359,-0.9630343116171379,-0.10889167897398241,-0.27209349150480444,-0.7582816004251614,-0.2009969054231491,-0.16226561465681563,-0.6501481695556387,-0.23301339721139597,-0.3618377723446844,-0.708576919594513,0.03831769161371857,-0.5498513936970638,-0.8326790905390642,-0.10277181362128038,-0.3688320843357251,-0.594323020230012,-0.16473590952798514,-0.26392694508430287,-0.5131201661508846,-0.16609178707278685,-0.5019740420545641,-0.5659881637271458,0.01781890240077511,-0.6907685681613465,-0.6745284414775609,-0.1142543814455195,-0.49242991867509456,-0.4885314263258421,-0.1257878325454282,-0.34514103954221514,-0.3761161239438326,-0.08707871642039004,-0.6192442011115035,-0.39655716399729696,-0.013614150330064566,-0.8371487586239308,-0.5873056791702417,-0.059865670281911726,-0.9255582307753409,-0.6411421587488213,-0.05501702665781628,-0.9999981601730459,-0.6905477358415629,-0.03390196140285722
19,j,0.0,0.0,0.0,0.1400380932862163,-0.2624335905193242,-0.08481771632567331,0.12333767268110914,-0.557944497342566,-0.11558618092605735,-0.11132174015685185,-0.7089152790944706,-0.1419877357713459,-0.3209012466137131,-0.690879216555036,-0.14450957556388028,-0.14340920528577694,-0.7555830639051941,-0.041222223010260725,-0.2658092381556148,-0.9295468179584778,-0.14301919368213709,-0.18159720489918352,-0.7704860838320657,-0.19405471935184557,-0.10759994097194107,-0.648064248981128,-0.20902808030402675,-0.30491085932215434,-0.6775903163494476,-0.04572694138702432,-0.44166814101279783,-0.8359155815176947,-0.16507505447084128,-0.29353991495743137,-0.6594304000024886,-0.20708888943665266,-0.20078851473027556,-0.5701749964089474,-0.210770293106937,-0.4490894735295813,-0.5769160864988863,-0.07025173157530126,-0.6021142286829244,-0.7382139461303732,-0.1864940964002578,-0.4143352601687315,-0.5788808934055194,-0.2043755091895978,-0.27870096089937085,-0.4536643847503409,-0.18831465201941325,-0.5746922328853792,-0.45166757067996544,-0.10100149311683992,-0.7750241430043942,-0.6251088760774139,-0.16551722751068826,-0.885090439530917,-0.7444800313554991,-0.19502761343042715,-0.9999982705600655,-0.8709944021526973,-0.20977394772480837
19,j,0.0,0.0,0.0,0.12914225687120756,-0.29865397409647065,-0.11326696774685216,0.07330710444548459,-0.597545310229636,-0.15260924872876486,-0.21560873199765154,-0.7371443270957668,-0.1890633702397739,-0.44272135248560884,-0.6267806633387207,-0.2006292470182195,-0.20035086787958153,-0.7398938110345872,0.0006092026478578435,-0.37314171561789555,-0.8878304266524291,-0.10142131151267368,-0.27844019400164244,-0.7369925715355905,-0.14972059752748176,-0.17690710004931484,-0.6241826928774284,-0.1626984970031814,-0.33699635539467504,-0.6355109806666966,0.0003496419396422338,-0.518735848749434,-0.7549417592362178,-0.15791990656633015,-0.3494170108742336,-0.585614024823691,-0.2234547357646331,-0.22247685881362494,-0.4799847108995124,-0.22619939318065216,-0.46345536819171357,-0.5054566774178788,-0.027132681078235403,-0.6250837850152015,-0.6231161675098481,-0.19353743583518254,-0.40806576888025514,-0.5000681294882111,-0.24113610440537186,-0.23627121228117268,-0.39422275680039165,-0.22427837658510372,-0.5747534709713412,-0.355185840384108,-0.0618195254968263,-0.7651357385163712,-0.514658934868788,-0.15245157727386976,-0.8806776106420112,-0.6376614916128687,-0.19687212431602685,-0.9999979692635595,-0.751221826480876,-0.21402584356438376
19,j,0.0,0.0,0.0,0.1886959979849289,-0.2948969779149236,-0.10826933358284996,0.17769000046488934,-0.6474952247143944,-0.14181081933786593,-0.039859231103407944,-0.8267295637621731,-0.16876064019126624,-0.2551783622146314,-0.7862444819217594,-0.1716623287890721,0.002785531299380981,-0.8344869714931032,-0.022869843137804262,-0.166856032427385,-0.9999974902819245,-0.11996106492878868,-0.1102251235036292,-0.8400704875304922,-0.1767554860058085,-0.03017591591778259,-0.7661810947485275,-0.2122121460717181,-0.17522549113900449,-0.7576418130194749,-0.02444291017680567,-0.37745332822015293,-0.9121255598583549,-0.13475865768990303,-0.2747004174835813,-0.7358927239059659,-0.1636084506836207,-0.16103021660361655,-0.6958815832899367,-0.1718071888326808,-0.33999891969173285,-0.6515509319583027,-0.05405965080620744,-0.5387403923207372,-0.8231362792468622,-0.18604358215416603,-0.4237072691665305,-0.6656445595081405,-0.1985344558924796,-0.3018743441356973,-0.606281411026876,-0.18711811196002318,-0.48214987292766365,-0.5201876109927325,-0.09450256204982907,-0.7256238727185897,-0.6420723692546079,-0.19884607234100668,-0.8352476409876176,-0.7153727480474574,-0.2405200648943067,-0.9272982984339652,-0.8370033888454574,-0.2643824427064767
19,j,0.0,0.0,0.0,0.17307709567943147,-0.24857832848904202,-0.11683524001654347,0.1399347975442102,-0.5885458936635659,-0.15360762618756535,-0.13700769510408647,-0.7479524720368136,-0.18226860228552189,-0.3653471981259678,-0.6505142566962161,-0.18595721573141263,-0.11947129904033897,-0.7785109294091834,-0.049102202871795154,-0.29894724011674745,-0.9088587530141721,-0.17100642514242978,-0.1987060572140292,-0.708449345441258,-0.2369133730634644,-0.08755915636958422,-0.5907769433048142,-0.26684855939829,-0.30247232779371735,-0.6753045767093584,-0.05345401081099318,-0.5000815409232313,-0.7918988407075659,-0.21100281392787293,-0.3248786228529138,-0.574562114782633,-0.26102334621375806,-0.1961766704187826,-0.4688157365957422,-0.2587882629452797,-0.4602831023940999,-0.538582159891113,-0.08411660509386473,-0.6312826783687245,-0.6387895107454397,-0.24907443142967492,-0.4204182098563545,-0.45440620836068374,-0.27159888655653985,-0.2612941366502272,-0.33366668649889525,-0.2422617862992412,-0.577352073896937,-0.37712659972571055,-0.12246003234808521,-0.7716441832535275,-0.5236570836757213,-0.22147433710846132,-0.8783855564373763,-0.6139622326228027,-0.2547262238534874,-0.9999983081741174,-0.7160942287099196,-0.26320286626714334
19,j,0.0,0.0,0.0,0.13975466681473725,-0.2966134022380116,-0.06677273086589164,0.12165393179695029,-0.6038779213693767,-0.08974506826160107,-0.1472635048106984,-0.7398411064093949,-0.11642792591123977,-0.37324955598272336,-0.6394852791223955,-0.13704584537893424,-0.14161223707061882,-0.7351676715479942,-0.0013016970100804266,-0.242460959002613,-0.9483632879677246,-0.07067727047569897,-0.1771796113389497,-0.868615925615359,-0.11691609958433345,-0.09147737869085745,-0.7543276164107772,-0.1327745114309259,-0.31917002973199504,-0.6492713628923612,-0.02354038504522815,-0.46424401072124116,-0.860593043020286,-0.12377118998068447,-0.348844221070774,-0.7582683564331224,-0.19297848528806946,-0.24342297977273775,-0.6178874495483856,-0.2162177904974732,-0.475045795859162,-0.5394475068596899,-0.06067613699369304,-0.6119407874491377,-0.7233072808494807,-0.1708709418198383,-0.4425143464332349,-0.6106402666990727,-0.2225900198877766,-0.2964784453879313,-0.46623925710701813,-0.22679437898108093,-0.6115875832153828,-0.40680869175060536,-0.10157073778543907,-0.8136361163177144,-0.6092912017686057,-0.14704286217344237,-0.9140031228661756,-0.7670516302357375,-0.172812482429268,-0.9999966205966799,-0.9001065958705922,-0.1902875313044251
19,j,0.0,0.0,0.0,0.150830785426236,-0.2406661628764524,-0.09686200974000489,0.1534452224455333,-0.5183951757547436,-0.14937265182691542,-0.10408844534148134,-0.6213254187487746,-0.1966564641614188,-0.3283319024934048,-0.5211007094467809,-0.23494356628448734,-0.09264700315207033,-0.7366039469419212,-0.09989394388825974,-0.22014748082946262,-0.9558886335643416,-0.20827508563047498,-0.15389058395670696,-0.8356234060263867,-0.27680862612466434,-0.06129119099985468,-0.6895107159695751,-0.30614121585204007,-0.28425385892372695,-0.650710468725704,-0.1141049662601749,-0.4328377805307547,-0.8630689965941775,-0.2327909387867196,-0.3139146356611516,-0.7234892125764801,-0.29150536855168185,-0.19783573135154386,-0.5782102632611249,-0.30918060666595837,-0.44650190655833805,-0.5224023047050258,-0.14336846028592756,-0.5883514222842853,-0.7177926714628106,-0.2540675179718583,-0.4437765040446743,-0.5928732661797202,-0.2925087909042452,-0.31275193471257823,-0.457001454137628,-0.2952456742228582,-0.5736588035749638,-0.35456268331628105,-0.17960401285521002,-0.7897976559204365,-0.5133048211423937,-0.24321590799426787,-0.9006340029463673,-0.61902832055036,-0.2725505595804916,-0.999996855249886,-0.7086738195448444,-0.28912207059529116
19,j,0.0,0.0,0.0,-0.24207496936435743,-0.2446082064826524,-0.20837833521314011,-0.3626048502280269,-0.5800311058316998,-0.3095124048419872,-0.29842350036702814,-0.8808612034471968,-0.3991251457320692,-0.08794111109794209,-0.9820488779080959,-0.44989707027946196,-0.040567246460444135,-0.7789429312650604,-0.0345204752462996,0.09467753868742293,-0.9445740297620154,-0.1982762497117083,0.07866699420724269,-0.7375974322365305,-0.2936388886584549,0.00999174281971473,-0.5647116940438786,-0.31942334878642215,0.14078181664382436,-0.7406983501601924,0.018618165846197795,0.29376080064595195,-0.9423724527889165,-0.18753043902127042,0.22510407253799491,-0.6592773785059993,-0.2861544118899809,0.12369345913958912,-0.4906948125220393,-0.2954261652761653,0.29114566534795167,-0.6948426249344135,0.036285860218037355,0.4333517957707722,-0.8762347807721644,-0.15313027664699655,0.33697346824132096,-0.6347159495167054,-0.17611599015528187,0.2282377497335389,-0.45939931944777956,-0.12189775997501694,0.41908535272698794,-0.6100531646593735,0.03738397602070217,0.5805536052251756,-0.813442457018101,-0.030291626322755522,0.6965279135840412,-0.895651959736759,-0.033820190844597704,0.7922996449314601,-0.9999981556732201,-0.010345864001754931
19,j,0.0,0.0,0.0,0.05376415307112834,-0.26590795780148463,-0.07043935773186251,-0.006445469697317596,-0.4909176148000735,-0.09717882590007856,-0.22747448015269953,-0.5633224896525202,-0.11330904310353658,-0.38871905048297234,-0.49422963488741983,-0.11013470355513788,-0.2438185092730029,-0.581712599870914,-0.08744115780198482,-0.3713104546074977,-0.6936502671346946,-0.17663250804879235,-0.26725975397488855,-0.5648178485948201,-0.22724885003903778,-0.1798619190124583,-0.47174554456513484,-0.248766982114382,-0.35966109423879994,-0.484392468804823,-0.08056834344966059,-0.48278684077483625,-0.5810731638188592,-0.15783429053448378,-0.3193170475266747,-0.4343847882861073,-0.17369804142277215,-0.22661081816963025,-0.38225488230634846,-0.17742211626277568,-0.45452990660805703,-0.3748719955131424,-0.0872349356498301,-0.594770111552036,-0.46072653070994013,-0.15355561100722273,-0.4072679419548087,-0.3518690223901079,-0.14987381550653953,-0.2703737779424694,-0.2674300140170164,-0.13983319958104626,-0.5348509904357014,-0.2500727350791934,-0.10026476319353476,-0.746757532239749,-0.3669069627308672,-0.15435449055052874,-0.8718912876923992,-0.4380958131457617,-0.1834985896500608,-0.99999825717541,-0.5138321856681655,-0.20496452180400831
19,j,0.0,0.0,0.0,0.11399601215139671,-0.2815671620207394,-0.1390337168792503,0.027279687146198585,-0.5652409702868195,-0.1948476905504243,-0.260297942885192,-0.6715909520828939,-0.24063339706217954,-0.47075129828743795,-0.5234970273202454,-0.2596881455896298,-0.2418163042858707,-0.6801995677819309,-0.044328477115154696,-0.3964421154449711,-0.7984216410985461,-0.1593099248318785,-0.28177127576007627,-0.6417791812600441,-0.21906468465588108,-0.1876151314091064,-0.5569055548753385,-0.24026743883097654,-0.3698445962780189,-0.559030521392841,-0.03729915215042016,-0.5301960168052025,-0.6503950757204113,-0.19281720914027428,-0.3427047477075461,-0.49481624030239446,-0.24672767877586005,-0.2249271106230017,-0.42437300499255354,-0.24556665465926938,-0.47995843789484177,-0.42397279648822667,-0.06046770005750884,-0.6201300169515002,-0.500250390795178,-0.2251053009258556,-0.3998836741813935,-0.38825394073938224,-0.26566798728671775,-0.2484754456367656,-0.30376232595567804,-0.24496814617200713,-0.5710760078125284,-0.28512869695027454,-0.09375968261524342,-0.7632208419347184,-0.4133577717231848,-0.1804031274805121,-0.8708475986578595,-0.5033116650943045,-0.2187353207056879,-0.9999979302143891,-0.589148246929233,-0.23264253538883725
19,j,0.0,0.0,0.0,0.16122909476881614,-0.26163959590261376,-0.07752838482483758,0.17453946101948759,-0.5442561161685507,-0.11852952924834537,-0.06792614784654778,-0.6854028599737466,-0.16352822890264754,-0.288735265807614,-0.6316486380909133,-0.1910900604211803,-0.03896297587317056,-0.7390998302733849,-0.0332121269152456,-0.12597103460911463,-0.9593544018775192,-0.1453497890890529,-0.07580402141347373,-0.7950530144246253,-0.20814864673063888,-0.015024013395353067,-0.6641653085735434,-0.22808523948169074,-0.21961331208287413,-0.6708917427567969,-0.05221758700401375,-0.3181083925482484,-0.8646288715163741,-0.1832498147956425,-0.21468159662926437,-0.6659546643203331,-0.23403372773003445,-0.13787699584331073,-0.5459935833149996,-0.23845155450516725,-0.37414494670567405,-0.5872542839200449,-0.0907570787668181,-0.4871127677184842,-0.7686181754458459,-0.2108800069332821,-0.3414664812987596,-0.5852252655238953,-0.22115454181837035,-0.22951142825582488,-0.4377525700212985,-0.19371872298462525,-0.5108384645664442,-0.48477771105401524,-0.13658491646509127,-0.6536710655142599,-0.7066597738315268,-0.18465479441742363,-0.7307322536876711,-0.8526408636094243,-0.1926725930824501,-0.8081394587288591,-0.9999976629630716,-0.1915967404149119
19,j,0.0,0.0,0.0,0.1302267695382573,-0.3405094816556142,-0.0989168572280569,0.05404403036973256,-0.6528436187538282,-0.13376955559701256,-0.21932329553204485,-0.7964409769151999,-0.16570205925410117,-0.44739929417909,-0.6963555126718464,-0.17807607051744961,-0.20440814582994496,-0.7316156627798414,-0.021935526807112398,-0.38412501248151987,-0.8933603288642362,-0.10795936182738947,-0.2797399013158888,-0.7512726054777227,-0.15626403448352208,-0.17893497424091903,-0.6512446221272654,-0.17710993471499362,-0.3360490024336764,-0.6091380599069293,-0.025351446636689604,-0.5099594423993522,-0.733787564994543,-0.14111612999036063,-0.340469416331261,-0.5893243770921602,-0.19642776155737088,-0.2200191569374387,-0.49863523066357146,-0.21544010219743495,-0.4561865429300528,-0.4781892580269429,-0.050721299532622034,-0.6217022981897945,-0.6043600082684435,-0.17989266658375982,-0.42591390711826677,-0.49805061952936275,-0.22490446444667142,-0.2681398003276139,-0.40618387613272927,-0.22762828791692302,-0.5579051687677669,-0.34141604289026706,-0.08246483118554994,-0.776520516680183,-0.49041289346928507,-0.1484707222069314,-0.8880847439342571,-0.6001089917042288,-0.18166171481710097,-0.9999968067239868,-0.7028398141923489,-0.20359014014243945
19,j,0.0,0.0,0.0,0.11061725079771703,-0.30166137580985247,-0.09173001266773255,0.03104142193856102,-0.5944336801895994,-0.11752953913875844,-0.24330119986013798,-0.7155093030167156,-0.14025860747178726,-0.4560195377533646,-0.5855182721512111,-0.14138671161551142,-0.21256241584949925,-0.688776363739357,-0.0017998106780050468,-0.37230583151851954,-0.8411526959095883,-0.08584558698833333,-0.2830692452998389,-0.696158247013597,-0.1303514396776875,-0.18946206397652784,-0.5952180682885,-0.14726873378807068,-0.33976310637417384,-0.5772490432850712,-0.007977087392110149,-0.5265608611685348,-0.7061349854056826,-0.13353867911469078,-0.361880030648479,-0.56455736183339,-0.18602876302579713,-0.23517985221484264,-0.4764695644839654,-0.19402362794447767,-0.4543969230023481,-0.45343668560301054,-0.03738760430189528,-0.6125963258773729,-0.5640315619370536,-0.17821794846422565,-0.4013900705539405,-0.4585956309511505,-0.2256152635821858,-0.23554821512980695,-0.3652523983789923,-0.2214605325252007,-0.5516732833008463,-0.3225663499684889,-0.07229639984633805,-0.7585267149035559,-0.4532284399437124,-0.1518828988191927,-0.8770475119267428,-0.550979208792296,-0.1954412017119827,-0.9999980448895315,-0.6452547106841995,-0.22025784683589691
19,j,0.0,0.0,0.0,0.11188894804575636,-0.3647555284326379,-0.05580195371175486,0.03496976307441975,-0.6787019340529233,-0.08804795169181592,-0.2010052302578231,-0.8408848157940034,-0.1289928198983313,-0.4271019878685505,-0.792223947878877,-0.15312274513072513,-0.1406590849679326,-0.7828279234533835,-0.010158896215377222,-0.3773201803347441,-0.965856259420338,-0.1117303344558832,-0.3190505146845942,-0.7908915622313888,-0.17264779752255008,-0.24120652134582865,-0.6567882230431662,-0.19787697920106556,-0.28911706725916275,-0.6626511282861823,-0.03310629568454938,-0.5253340340768115,-0.774697308048194,-0.1521609898624391,-0.3855648397834771,-0.5860551872198226,-0.1955913507491503,-0.25110783133219716,-0.50195184009634,-0.20836169287616613,-0.4206170984596724,-0.5313151694025703,-0.07502014901058933,-0.621208012935311,-0.6288482491631145,-0.20624363361535739,-0.4540743741025297,-0.481677524974837,-0.23480460896304434,-0.30088943466896945,-0.3922905795940736,-0.22700933613710206,-0.5325180941304405,-0.3938276727682448,-0.12009077362294966,-0.7510924372020389,-0.5493931412253172,-0.19276891381922115,-0.8770056375496325,-0.653608262631161,-0.21358281960332756,-0.9999965741422525,-0.7569358416282987,-0.22309694648841738
19,j,0.0,0.0,0.0,0.15011242528358787,-0.2850235440362492,-0.09613959128598089,0.12879557389619245,-0.6098704305518179,-0.12762033211342355,-0.09970851963147875,-0.7976813460094532,-0.15062728684528076,-0.32733737486290115,-0.6938577126964286,-0.15730783155053313,-0.14100632401183175,-0.7239708043029865,-0.03649346647360337,-0.2662299150355884,-0.8996302405027351,-0.11553989247442141,-0.18503027004259218,-0.7829497570536377,-0.16408646912810815,-0.09847972192906557,-0.6686436037829261,-0.18607082279774279,-0.2834643867808401,-0.6199064327875624,-0.037879853846442546,-0.4204293281513329,-0.7743612031912647,-0.1554223965656095,-0.2528882515295347,-0.6080255655156073,-0.215197622701318,-0.13489363941123297,-0.4632305147976281,-0.23013177338882254,-0.41367562842962524,-0.5031066131074405,-0.05775178937868478,-0.555162316524529,-0.6506986762601638,-0.18073169836978853,-0.3531888441261229,-0.5297656279446521,-0.23705976995261405,-0.1999407838933925,-0.3981282309384173,-0.24734344253866547,-0.5309248260875596,-0.37005402505792473,-0.0826128553211105,-0.7613260637726227,-0.5137915756194885,-0.15346170109810403,-0.8824254836379115,-0.6194452959800616,-0.20489291531688858,-0.9999973340483029,-0.7159449263315026,-0.2400255573465818
19,j,0.0,0.0,0.0,0.08050110794230947,-0.23246866515331183,-0.08960722293440504,0.04119331540308509,-0.47670645002063583,-0.1323631427665248,-0.1757539791520921,-0.5864213495293996,-0.17185644003466413,-0.3543588869898535,-0.5734441516153839,-0.19688449161342708,-0.17216378661819817,-0.6545108786762017,-0.044635959982266916,-0.2977883702708585,-0.8139389320577857,-0.14171229427490023,-0.24205237480017594,-0.7318671337522225,-0.20339443290789522,-0.1683027671813606,-0.628104991454648,-0.2289470417781874,-0.3202208086598292,-0.5687586499430799,-0.04862537310971405,-0.443935111582362,-0.6900609856777329,-0.166082535762863,-0.32185286531965296,-0.556131647518531,-0.2225440197445943,-0.22379963789492907,-0.45925766443736576,-0.2359462905972743,-0.4411291697512508,-0.4514882233075455,-0.07124283975189605,-0.5714345752356402,-0.5687766899736829,-0.19424181583333794,-0.4206213535393305,-0.46575407570888167,-0.22945291744806706,-0.29153595230028057,-0.3699000336884818,-0.22417466113005063,-0.5401417644938157,-0.30544534426428355,-0.09908466434660308,-0.7489403243887123,-0.41905307857766383,-0.17634453923820462,-0.8784487983119872,-0.49529658833506834,-0.21103453683086096,-0.9999974672678655,-0.5731483781429244,-0.22619223852755121
19,j,0.0,0.0,0.0,0.1289695566704658,-0.3068027470522034,-0.0994387930751469,0.06021562037989823,-0.6045841798358372,-0.13063001551288064,-0.22928303586719742,-0.7212416977170504,-0.1597873748855934,-0.45601803051869344,-0.5835957697348312,-0.16658577231893226,-0.21140216289348146,-0.7035979045850826,-0.002776619222156765,-0.4000211954718647,-0.8380927278148538,-0.09490744718528892,-0.2974572176915697,-0.6769648667111429,-0.1436228277771105,-0.1915073236494475,-0.5822547942129137,-0.16174837755055219,-0.34676755644283624,-0.584133442724662,-0.00814768409481178,-0.5401348344165766,-0.6878333074933662,-0.13277099861857278,-0.36578846197791176,-0.5274529010144479,-0.17901746564065418,-0.23713060546230136,-0.4520977264380527,-0.18403836067585755,-0.4665750058011341,-0.4520746520225741,-0.03937939430987476,-0.6268526333582256,-0.5402768007355383,-0.17930221957133202,-0.4185392351862211,-0.42618750440627573,-0.21525481831119736,-0.2582788156677916,-0.3430970035778676,-0.2026107230395357,-0.5697886652592783,-0.31318513037359297,-0.07767338625342939,-0.7674874412193244,-0.4536385498635224,-0.14871848978484142,-0.8782892199805636,-0.5577790186403321,-0.1777539654018946,-0.9999973754274404,-0.6556211106117659,-0.19152086564166437
19,j,0.0,0.0,0.0,0.18070979140930324,-0.30026530540610913,-0.11580764426826388,0.16973822806320119,-0.6253554274139355,-0.16256957389842538,-0.07078851746678153,-0.8252788642207488,-0.20026051580638424,-0.3179470860049236,-0.7600464769464724,-0.21465735062771749,-0.10979353258402892,-0.7883312854217321,-0.05983272502542081,-0.2575366461928487,-0.9523610508972229,-0.17011212141261559,-0.15800665314622156,-0.7778263741313644,-0.2326571849287095,-0.06003497264079443,-0.6292923038551329,-0.2602970769621341,-0.2624226706349401,-0.6905708567753112,-0.056870237468857124,-0.4143087962880031,-0.831609859630468,-0.20360873399124554,-0.24738681957017764,-0.6252719994336796,-0.26409020311489834,-0.13052443669467037,-0.4839860134480519,-0.27523074731814096,-0.4110389310875662,-0.5735287447791338,-0.07739279340205056,-0.5647923251256257,-0.7231871535627711,-0.2228266291820129,-0.36527938533936954,-0.5566805838208194,-0.2623901414015078,-0.2126786342570123,-0.40855325589343217,-0.2559229875670386,-0.5379408935218257,-0.4281357255815,-0.10584997638003739,-0.7627121288220489,-0.5902376115429161,-0.19604857871712741,-0.8824802975222371,-0.7062849418358438,-0.24791041498159186,-0.9999972310796337,-0.820718836055612,-0.27683106267036994
19,j,0.0,0.0,0.0,0.162071951208777,-0.2605543329688153,-0.10208400322364604,0.16344399173968202,-0.5766503405178571,-0.14357321978601367,-0.09151124482779359,-0.7477756616866303,-0.17857576056766633,-0.33037887993152454,-0.6582844526601014,-0.19165232082706055,-0.08153007620434244,-0.8196738608153665,-0.04249388298915013,-0.21878931601338883,-0.9986610740558587,-0.13717744926181974,-0.16412631045693968,-0.8684954307318379,-0.18420997961380978,-0.10553618660196888,-0.7292786327683315,-0.20069702579923687,-0.2627170466277738,-0.7521523498386401,-0.0510203817298041,-0.4217083563093237,-0.9303617051596021,-0.1836766201693646,-0.28860006629646257,-0.7400962951997637,-0.23962411903350336,-0.19663577440324012,-0.6111669970148672,-0.24899026981596756,-0.4217476712378785,-0.6518954122235345,-0.0806097377703069,-0.587712809886724,-0.8217907537943974,-0.21840455935481698,-0.4059675786946273,-0.6457167991934406,-0.25789908310214066,-0.2740477099885793,-0.5065146952545867,-0.2526374164692031,-0.5581288589478467,-0.5162424760788787,-0.11717730434557079,-0.7665347153498763,-0.7039616134690793,-0.19823086931439296,-0.8757501847735,-0.847106707496442,-0.2443822068597455,-0.9927083395917483,-0.999998118131103,-0.27237017360192706
19,j,0.0,0.0,0.0,-0.1581909065580007,-0.0947266723419424,-0.09152966288164927,-0.3691004052563967,-0.3037380489455292,-0.13695326565906998,-0.5829205303327556,-0.45814266319402897,-0.18645679096885825,-0.748458611425097,-0.4863911744263307,-0.22341119448809169,-0.5089411395845554,-0.6245205834494855,-0.0030332665403247304,-0.6470589049079728,-0.82417296319358,-0.1268653309005219,-0.5517375082102091,-0.7347583059019512,-0.22811445303161831,-0.4600073469716434,-0.6164962829919507,-0.2811695928778869,-0.4053264431096811,-0.7033616666726827,-0.015834126386513308,-0.5253226308895552,-0.9516846118005816,-0.12843907146290148,-0.45981875884341694,-0.8456503147127415,-0.20104302529991322,-0.4063075989704646,-0.7124037459098335,-0.22815694755972,-0.29780483753828174,-0.7412085672407029,-0.052510598773765474,-0.4103082547776963,-0.9999966607031533,-0.1590652485733239,-0.3685232957283834,-0.9112460426123642,-0.1882252525055867,-0.3316704884652994,-0.7858438442744667,-0.18152690323535603,-0.1878604467522791,-0.7344447719188497,-0.10007965274661539,-0.2929186634381956,-0.9222976552422395,-0.1728559296077866,-0.2728866234684975,-0.8613693591177204,-0.17505480995959655,-0.24519083965792127,-0.7594422527137697,-0.15828487189391077
19,j,0.0,0.0,0.0,0.1423712395136126,-0.2268721200475245,-0.0877111572980481,0.12892716680899702,-0.4898228476404234,-0.12499431161858572,-0.1233524016997209,-0.5742958146552526,-0.15748543975988133,-0.32405105205709694,-0.5201359050149015,-0.1894126155818658,-0.03598244675257117,-0.6674793361478675,-0.06553447459426148,-0.08036199708974262,-0.8544483124046924,-0.13830212985763313,-0.08651923283345525,-0.954421477305008,-0.19211185607825365,-0.0955347873225023,-0.9999978517837662,-0.22745001911686,-0.22245858294082144,-0.6311949624320073,-0.08311931138438361,-0.287637290217232,-0.8603874897860296,-0.16714779081982897,-0.25416808453142714,-0.9099667653361782,-0.22080746586992184,-0.22995157020320667,-0.9237869663082497,-0.24914240866674522,-0.388057263488369,-0.5315214837308341,-0.11555704531715866,-0.5144407788600394,-0.7189219031186184,-0.24641224562513503,-0.38888641024442383,-0.5835491462311646,-0.29448660796900483,-0.2774364355164947,-0.4404469054311158,-0.2975048852634863,-0.532389043586544,-0.379085948085758,-0.15203913445803507,-0.7342283709381777,-0.5164632285568793,-0.2674636165745261,-0.837421321851582,-0.5904658729768908,-0.3218498273882202,-0.930370779523632,-0.6450239343951669,-0.3502396048848012
19,j,0.0,0.0,0.0,0.14326806460516792,-0.3554226699787366,-0.09451758196842669,0.06460460639537907,-0.6748687226227104,-0.12635605045329176,-0.21151799391140935,-0.810726191453033,-0.15238486649526303,-0.4411259152212491,-0.6757290945455912,-0.1541288855136141,-0.1775675743727962,-0.7760799824853556,-0.01796133789757925,-0.35365530106814086,-0.9173499438847226,-0.10825076816572128,-0.25185266004127377,-0.7596856931285453,-0.1641772470090062,-0.14870566297835372,-0.6653538221054974,-0.19382163508580114,-0.32081392046485757,-0.6510642359958825,-0.025078758652038017,-0.4942928353060388,-0.766887073868878,-0.14162597089218382,-0.31674418991255565,-0.5945355291850982,-0.1912145666902586,-0.18464681338345643,-0.5035190190756246,-0.20617190990496836,-0.4530704996726001,-0.5154498551104219,-0.056044649447016266,-0.6070995893910199,-0.6356327343026571,-0.18250531840178075,-0.39267828855781906,-0.5109158664339161,-0.2256253589310061,-0.21826986120616104,-0.41427804722571326,-0.22856408296935438,-0.5602041390312585,-0.3674355980080284,-0.0937778636087527,-0.7730232512049217,-0.5016516254532905,-0.16062372964781205,-0.8864010627079149,-0.60503115008314,-0.19961130002093347,-0.9999966570992149,-0.7080014102550005,-0.22723026240468225
19,j,0.0,0.0,0.0,0.0815668035634442,-0.27006554017148793,-0.08489380889567884,0.007286995479385884,-0.5709950882253673,-0.10605461575981356,-0.24539321487143959,-0.6996728979394147,-0.1263491626112638,-0.4418670845277312,-0.5892387528637809,-0.1265860200023077,-0.2679525839697098,-0.6757853144456217,0.0011126609392923563,-0.4136691068569813,-0.8204735734623589,-0.08941670825725193,-0.31747821330215814,-0.6837328232949482,-0.1339637998635861,-0.21878108077566863,-0.5943142032528105,-0.14379605684806634,-0.39199918332476225,-0.5629189525235869,-0.00914532457235232,-0.5577670126051165,-0.6972736155748346,-0.14880170920050062,-0.3866852529582472,-0.5489529084979731,-0.20475814476343202,-0.2609108270096813,-0.45353141593214025,-0.20128277916261178,-0.4962920130467661,-0.43875209403458887,-0.040643208084565244,-0.6297426943030155,-0.5468357684369407,-0.18413354237409105,-0.41323269815324276,-0.4418025565446194,-0.22423284293834694,-0.25170462019551626,-0.3476689416799618,-0.20466041410239322,-0.5829210181116018,-0.30446726924935247,-0.07699412611696096,-0.7755571624082107,-0.4476555610842628,-0.14223813248772552,-0.8859414766473434,-0.5566264282053751,-0.17271600502645448,-0.9999982001663994,-0.6588353205442737,-0.1827935273499028
19,j,0.0,0.0,0.0,0.13951863041727067,-0.3047557388401225,-0.07684535870186736,0.12827500104431314,-0.6119075775625977,-0.1103520506062375,-0.14571207761870192,-0.7444401191806687,-0.14869353040361294,-0.37627211780020525,-0.6593813255849179,-0.17567416448588183,-0.13715836142475418,-0.7620667359694085,-0.010232394012313913,-0.24811499519057073,-0.9838132081124127,-0.10974601524415963,-0.19558182166572308,-0.8669475932531691,-0.16722814867674618,-0.11639285482870879,-0.7323108956116718,-0.18516070414297903,-0.3160945018220365,-0.6719488284440853,-0.03515796185073047,-0.47197019309367577,-0.887872417486921,-0.17100155680710807,-0.34960687344173397,-0.7388118653197845,-0.24188899979291326,-0.23484956891198447,-0.594336524617517,-0.25670803268326814,-0.47104378284051873,-0.5545198896820251,-0.07917899469782622,-0.6135222524735655,-0.7403245520167837,-0.22244939190728594,-0.43015533693949104,-0.6036492325300825,-0.26685196531120847,-0.27188458436201607,-0.4647872940445061,-0.2565525577786744,-0.6063299023780911,-0.4145463627503119,-0.1276255254147871,-0.79925026786137,-0.6139652053580626,-0.1930981549961565,-0.9062325808696124,-0.7655938456787658,-0.2195701721936414,-0.9999965151154885,-0.9088994376499451,-0.23173979638914918
19,j,0.0,0.0,0.0,0.16178725877356473,-0.20071151419159056,-0.11819342699064075,0.16082531179069062,-0.5028179035817453,-0.16965386412659542,-0.11427826464083862,-0.5841792956416365,-0.21295851532636037,-0.35299505981625606,-0.510002096145074,-0.23452709555477438,-0.051214504043434785,-0.7899526968951608,-0.06871310457654631,-0.14964905918929208,-0.9999983272396028,-0.20048722863770993,-0.08621998207600402,-0.8184475845427074,-0.2669232126328661,-0.032537896577433265,-0.6886290105591352,-0.2981901038567615,-0.23303165660125877,-0.7172191158029344,-0.07975273737557302,-0.3731396135331755,-0.9577244065192718,-0.20906481356965514,-0.26724049736256306,-0.7579523061411805,-0.24783310655319082,-0.1844209300721024,-0.6521450674731301,-0.2490480282440145,-0.3787194643778654,-0.5853883098533209,-0.11624527995652763,-0.5208541103977674,-0.7871167080911732,-0.2674076009962107,-0.38453362030233906,-0.5955998736038904,-0.2731988249341523,-0.2771589803548242,-0.4913666665505409,-0.24267864405867015,-0.4842908525496483,-0.41201989935963335,-0.16145800952915546,-0.5940755445773905,-0.4986890492587974,-0.2856829734761186,-0.5258920185781318,-0.4068033709450423,-0.299683150662503,-0.4793390888752129,-0.3583269460935322,-0.2857263448419509
19,j,0.0,0.0,0.0,0.12119840547694442,-0.2539643208174555,-0.10671272911063481,0.1231238494768897,-0.5599615872642737,-0.1435059355527504,-0.0927529556873405,-0.7311373671462342,-0.1707869209614957,-0.305033447143862,-0.6720488924271626,-0.17874470742942242,-0.17612881190796795,-0.6934363603321532,-0.05062943242470775,-0.28158001590979836,-0.8293557953528964,-0.14103232416529138,-0.18955818674566877,-0.6803966571480785,-0.1854795497221911,-0.11323301857217583,-0.5798951932633049,-0.1950944734737784,-0.31188532970927235,-0.60010712693675,-0.04370966230559499,-0.42661539228717166,-0.7387054012764918,-0.1706457561600247,-0.25673894823219395,-0.5558283696614411,-0.22265914397738656,-0.15271436720343728,-0.4407135410197244,-0.2229644201221315,-0.4283875366055926,-0.4908648056740148,-0.05441846803730539,-0.5444138367432271,-0.6169644117478028,-0.17956014877747165,-0.3408033943486114,-0.48623367070559126,-0.2083009183009257,-0.2011492563497644,-0.36706230657542127,-0.19059651558657803,-0.5376064272222674,-0.3619360943197172,-0.07099605757941722,-0.7535711134460324,-0.509841950754803,-0.13030871291170742,-0.8755037114398182,-0.6098099962951063,-0.15484736872809016,-0.9999978341542151,-0.7092814154145054,-0.1626869853467745
19,j,0.0,0.0,0.0,0.11680077597208148,-0.2069576995319635,-0.07438438026119734,0.11025607206595031,-0.46585578991788995,-0.10244520542106486,-0.07534582505089539,-0.5868784671726619,-0.126224633632957,-0.24819356947929255,-0.5692689834292841,-0.13502717491450672,-0.1400315237092692,-0.6981745785356999,-0.06055513298105266,-0.2514876084076429,-0.8566946313865558,-0.1657785404456398,-0.18436667504219525,-0.7097316101884296,-0.2258327516528078,-0.1270065814941278,-0.5580220329996455,-0.24578357825732072,-0.28949084333311415,-0.6221158048031882,-0.06870313689750676,-0.4174593059663425,-0.7669771454788163,-0.1857380631020071,-0.30067383844740325,-0.5796894474831686,-0.2270365488750358,-0.22769333950089904,-0.4526405126020141,-0.22762241613383147,-0.4227562008474619,-0.5119454600748341,-0.09418825103098043,-0.5453024093777288,-0.6359044687362008,-0.20697114275110173,-0.3978590429387856,-0.4867790434847792,-0.22802836654472552,-0.28815645650088717,-0.36037255335382495,-0.21431448015296445,-0.5353133035146063,-0.3718918241554707,-0.12397804371824986,-0.7503933280959648,-0.5193858785837069,-0.20343029753931463,-0.8768312856028224,-0.6090272474605448,-0.24103430076388202,-0.9999971462975001,-0.7029808374936123,-0.25765098879750825
19,j,0.0,0.0,0.0,0.13201696098764454,-0.22855611617396152,-0.10414761563545923,0.11880652612446825,-0.4802425234027696,-0.15219567826011407,-0.09202900612337385,-0.6045315943011631,-0.20390622103470438,-0.28777250816572386,-0.6010951650380694,-0.23338221801931022,0.11372314216429938,-0.750326264808688,-0.044919829066229065,-0.03663409246252055,-0.99999705893404,-0.19395996010101735,-0.05553401515655624,-0.8344710121797143,-0.27271590501044,-0.009371777015469623,-0.6839148107001876,-0.29492387075721593,-0.10944228706024656,-0.6997371456707691,-0.055023461166703216,-0.2600778999796642,-0.9530899660289436,-0.21879584410160033,-0.23595347586605084,-0.7482459655654532,-0.27522939541129166,-0.15028720180069097,-0.6267336655453644,-0.2714776650420748,-0.2886890704471137,-0.6138627014401322,-0.09201034179958348,-0.4270996165025312,-0.7783493874282037,-0.2510933137684228,-0.37906524928348667,-0.6008252012026787,-0.2821015965580097,-0.2942650507562748,-0.4888694456542294,-0.25552777654180103,-0.43964587897522917,-0.5082309363863066,-0.13702996677243848,-0.6036652558112274,-0.690740863808161,-0.21660679238149502,-0.7123417396150425,-0.7733445384019667,-0.23376441844275866,-0.7822895008406716,-0.8466463811558357,-0.2270448169835131
19,j,0.0,0.0,0.0,0.19134788051969093,-0.3380280481236417,-0.0626644274090378,0.21318432863901815,-0.6578240821240402,-0.09368617834429306,0.027985214589975792,-0.8800876673425242,-0.12191420564595906,-0.20868722432108477,-0.8263646800350694,-0.13797100203157647,-0.1094968957822232,-0.7901002812958822,-0.07168563682399594,-0.19922869388347997,-0.9913610214766864,-0.1423834886419179,-0.09179537653432783,-0.8382635091050032,-0.1881920486627056,-0.010098721616184778,-0.7017034916461076,-0.2181537258336031,-0.2510881763797509,-0.6896925236427075,-0.09179572826834125,-0.3413313724290721,-0.8754865291823554,-0.17787536393388648,-0.17086331720618925,-0.6975270380606992,-0.22670139112983206,-0.06502126242578639,-0.5707739589336822,-0.26045321158749557,-0.3911952260242336,-0.5747588881030222,-0.1226249138939625,-0.4940677086120766,-0.765473017105659,-0.22584215430930948,-0.27432158693558406,-0.6296313549928285,-0.2742128807810855,-0.1161075414243759,-0.500599634943509,-0.3030148776126887,-0.5193418256996997,-0.4479131000557635,-0.15470109001115964,-0.7527393636389608,-0.6290736580989668,-0.22647718265580416,-0.8761714649056749,-0.7497614642978762,-0.2735022141688247,-0.9999962744968144,-0.8725938998421638,-0.3188619131269686
19,j,0.0,0.0,0.0,0.1386063925352631,-0.33838659355712747,-0.0780840980972689,0.06873253188620908,-0.6662312618244987,-0.09850392604762177,-0.21918604259774835,-0.8018457040769736,-0.12077160659556789,-0.447186651574426,-0.7105405807176178,-0.12323736349285216,-0.10202218474022669,-0.7528432650887187,0.010735600253705752,-0.3004067928182939,-0.942074811288027,-0.07000136140038715,-0.24386772572979032,-0.798252638276844,-0.11642841519609128,-0.15567562816417888,-0.681294872361316,-0.13728676333744066,-0.2537507175995668,-0.6403645079664131,-0.002737624309178895,-0.4585144741363181,-0.7880135980425185,-0.11262181991823819,-0.33481736151899705,-0.6246643957856153,-0.16274493641555882,-0.20999394942875066,-0.5275230290261986,-0.1759292548187339,-0.39343383538279686,-0.5122145756543488,-0.038402798079377604,-0.5852118367935469,-0.6420657338582009,-0.1654835338082947,-0.42257226377038193,-0.5092281211566806,-0.2083624764849578,-0.27013309224738363,-0.41273750021900396,-0.20689522803670285,-0.5142668588405258,-0.37143297380043255,-0.07924959008882312,-0.7383053432224451,-0.518200495079765,-0.1518020851893949,-0.8716357820426702,-0.6221269132845733,-0.185596382904097,-0.999996236572488,-0.7250620713079718,-0.20529268793945207
19,j,0.0,0.0,0.0,0.14903213109734717,-0.33459780009082457,-0.07630843534529327,0.10965959680927433,-0.6735602427021826,-0.11081120282162565,-0.17827800081871306,-0.835785943802476,-0.14434503836168702,-0.42538041287053924,-0.7540923697312766,-0.16179488024302852,-0.08587595441120832,-0.809366493189923,-0.03301769448708361,-0.2563037789096713,-0.9999963618655905,-0.12297945996392677,-0.17503566396778686,-0.8431081995058467,-0.17673938966924585,-0.07686996914129021,-0.7257920731665762,-0.20493486650579498,-0.2592848118610947,-0.7034954776488759,-0.05714043222952645,-0.45430382707442735,-0.8856361139114842,-0.16670147084600076,-0.3199290015166604,-0.7262687088272461,-0.2159365332019522,-0.19810803931990328,-0.612993359967922,-0.23630545678343973,-0.41674003621021594,-0.577676999489144,-0.10093454563988649,-0.5913832022044757,-0.7374633582114231,-0.22228186741258113,-0.41385723617702885,-0.6074649934833373,-0.2617193752947523,-0.2598642342838926,-0.49888422397698945,-0.2682206379993532,-0.5576946240672892,-0.4326386979097163,-0.14962868994951756,-0.7760812555117201,-0.6065834994157199,-0.2153572598633293,-0.8874815049361887,-0.7283488396620849,-0.24749097137361953,-0.9978239614795165,-0.859861791183596,-0.2742911558629791
19,j,0.0,0.0,0.0,0.07578981891234235,-0.2724426737044707,-0.03552708456931245,0.037060345828267574,-0.5484103893184393,-0.04425746127693465,-0.1656028712473107,-0.7041765923419583,-0.062190461626143355,-0.36074626193891846,-0.6952826148404224,-0.07854328220031097,-0.052390967744066846,-0.7249092537549648,0.015176137861945896,-0.2242681694721006,-0.8471895929564477,-0.06758963458407621,-0.28550139371875133,-0.7825964148041049,-0.13722330611476072,-0.3122441708311842,-0.6900917745594359,-0.17420793523627895,-0.22353285591369948,-0.6563400931599498,-0.015396458049946483,-0.4505331763673843,-0.8060958722540128,-0.131184139735053,-0.4420593163960718,-0.6984968992341676,-0.20271850403696548,-0.40502239605004703,-0.5852960303659802,-0.22855169433231184,-0.3682323063116546,-0.5528919923015213,-0.05891198062300185,-0.5650946342318385,-0.6949732751828054,-0.19528018908429912,-0.4714814755090367,-0.571647851243263,-0.2468126899616738,-0.36190126150550156,-0.4448785115379899,-0.24671906509020988,-0.4839406264699128,-0.4179579473445352,-0.1025157956880106,-0.7143928766700957,-0.5937695821072632,-0.20414768962629995,-0.8707310929823808,-0.7148811130368409,-0.2513266725093559,-0.9999958630065737,-0.8273094958050681,-0.27170130933158415
19,j,0.0,0.0,0.0,0.0969575362088979,-0.2315500286431652,-0.09270578308276155,0.044168942491530236,-0.5233141725242735,-0.1223231909004155,-0.22265605887750792,-0.6388764844703649,-0.14577271340317657,-0.43239305095315544,-0.6005354745263515,-0.15441571687394226,-0.08927577303689589,-0.7272921633777949,-0.040566304402503556,-0.18479151913573538,-0.9391836110623354,-0.12526279540693394,-0.13521836073357943,-0.8885678311946025,-0.17402854290688677,-0.08693928245850192,-0.7874934067457925,-0.19348739886709648,-0.26103160482230386,-0.6770128105808205,-0.047805328881175446,-0.37969779587741365,-0.9218552605923498,-0.12672853563566122,-0.31526149628312,-0.8836527463419017,-0.1682642311591821,-0.26781465825500367,-0.8171501950999802,-0.18274675537731974,-0.40441087177743734,-0.557212277194512,-0.0760680031599898,-0.5527645185927249,-0.7441454504072822,-0.19579118223497347,-0.4308079821596065,-0.6329117443433739,-0.24704579019457276,-0.3286908659071325,-0.5127325106959397,-0.2554351017695704,-0.5216439243072061,-0.3892625096419741,-0.10866291892086614,-0.7398576406156362,-0.5202095196962967,-0.21742019678202867,-0.8701619715678218,-0.5949235502444211,-0.27651561991316015,-0.9999976398454383,-0.6501452087338168,-0.3086988116810017
19,j,0.0,0.0,0.0,0.14140100628224053,-0.20674906283481573,-0.15667725101044255,0.17239450784123675,-0.5277957086770974,-0.23502706528187006,0.04170645630336485,-0.7481702464898989,-0.2994667072262681,-0.21183491959466574,-0.7047218095217579,-0.3419751034376777,-0.1120607461359007,-0.8449025425662545,-0.12007994474545843,-0.24287096142407016,-0.9887918446070941,-0.25671748719542675,-0.13845816215324497,-0.8071622533398094,-0.3353757184273136,-0.035974433920113506,-0.6995287339171036,-0.3714660838860978,-0.2795410465882639,-0.7554853126384276,-0.1160205657968809,-0.4475671771574389,-0.9087666816250503,-0.2679413592690855,-0.2723712126748606,-0.7210611181059733,-0.3185524367521351,-0.13127208108117264,-0.6368251194801068,-0.3239728795600717,-0.4434587544240814,-0.6103610405025748,-0.13912249062583637,-0.5650015159929768,-0.757344930173414,-0.3021834864051572,-0.34023633858001356,-0.5697077349460645,-0.327461491793823,-0.17151939370712546,-0.43600261084817865,-0.3086195006540192,-0.5746749006307523,-0.42161172106312544,-0.17403676643676858,-0.7791038444028101,-0.5810270435738898,-0.2789067030813278,-0.8868994013278141,-0.6942744524131885,-0.3186773910449522,-0.9999979192206842,-0.8073992634177978,-0.3355836448510434
19,j,0.0,0.0,0.0,0.04235368354143358,-0.20065454181129838,-0.10038643142747092,-0.014807889534665167,-0.4649611687586376,-0.15119294672434533,-0.20787948151243382,-0.571820257165485,-0.1988501222056187,-0.3821362449178605,-0.5006895306622081,-0.22989240625292623,-0.3080536688505428,-0.5418713668303948,-0.042625682131826874,-0.4253238181802398,-0.6750221911486082,-0.13862088648893242,-0.33031298884819343,-0.5811198060044145,-0.18839911194049933,-0.2570678594827693,-0.5012031587110679,-0.19968318937472027,-0.41865238917684117,-0.4431277083049602,-0.041241118961228514,-0.5523361826278178,-0.5821836990058962,-0.16232348485284212,-0.3941671549643302,-0.4807097019049438,-0.21326405386918607,-0.2873977469396287,-0.39084284503279465,-0.2115686855938184,-0.5067665881492324,-0.33332352859787273,-0.056877518283155876,-0.666133606995933,-0.4707319257237959,-0.16720392948677054,-0.4839365060962482,-0.4237761313075979,-0.1816920130875337,-0.34006987651248405,-0.3590445913784288,-0.1559122601213392,-0.5738632091728437,-0.20260750220067825,-0.08027688957904987,-0.7775413181765426,-0.28869035381605285,-0.12476012094057252,-0.8901913049531651,-0.35818744789453694,-0.13545256128752264,-0.9999985080940582,-0.4323458765805661,-0.1327250571811977
19,j,0.0,0.0,0.0,0.08666546565964343,-0.26438855267694683,-0.06701914985053888,0.059276475961201884,-0.5105970591489755,-0.09758386160197637,-0.1638356573638836,-0.6042257305850328,-0.1234494671948977,-0.33612219558083467,-0.5330678934860953,-0.13152222179528908,-0.1451487733298907,-0.6828192370066789,-0.06486699977513638,-0.2709785415064966,-0.8738634556527952,-0.17083505595382759,-0.20101276065230494,-0.7424119563694564,-0.23321156198018586,-0.13363572897530374,-0.6040077830048535,-0.2588582326465076,-0.3019870700448961,-0.6055171797027531,-0.06654385682538229,-0.4285156600767414,-0.7711585108273908,-0.15084990279813726,-0.305169836083233,-0.5819178449756445,-0.16667335422398052,-0.2215422525168475,-0.5077532089114947,-0.16387539731084952,-0.4267926308682029,-0.5028292026084231,-0.08620923773025413,-0.5668951132124516,-0.6394527881250242,-0.16191988458872209,-0.4106069512954693,-0.4854153372256387,-0.16222362160230758,-0.296261850405964,-0.3827715347415195,-0.1491091562066127,-0.5383735274647963,-0.36753056285105984,-0.11238315138500296,-0.7504106325620378,-0.5203545284315408,-0.17539175110436372,-0.876617420797645,-0.613957455723899,-0.21089091400410578,-0.9999975459371616,-0.7211575328221161,-0.23377892048798488
19,j,0.0,0.0,0.0,-0.2841101697824897,0.035078642001836635,-0.12531530578817116,-0.5482338157808581,-0.08305821045896039,-0.20504683504465765,-0.7051555620980959,-0.24275621428400596,-0.28317910105038674,-0.7841380054948439,-0.3855485393036085,-0.33849988996163377,-0.6466306072817296,-0.5189572547827208,-0.0855586964416004,-0.8203769920859462,-0.6923221891336054,-0.2196655268216821,-0.6602413228002096,-0.5565980359840805,-0.29902018577538325,-0.5218535808625095,-0.4333600595009415,-0.3346591577258369,-0.46746991760737916,-0.6631025592575706,-0.0931553013160982,-0.6255460408910207,-0.8887419602392799,-0.23085819139463942,-0.4778488072887751,-0.6955671437409857,-0.28090543674000734,-0.3719860421778524,-0.5419515798416911,-0.2875379721411671,-0.2774221354887144,-0.7540919792048949,-0.12290681049875596,-0.4222618325597735,-0.9999959951960896,-0.2368888472730063,-0.3189143011326795,-0.8255867268443745,-0.2199932089930284,-0.24240818251870064,-0.6733708092111071,-0.18342918090369634,-0.08105225371016529,-0.7894320030880821,-0.16674904840431837,-0.18332227115331678,-0.9596892381574099,-0.2442241001042677,-0.1378745263715777,-0.8455876922758218,-0.2244945719986935,-0.09023809622901253,-0.7252631689500851,-0.18939590862215522
19,j,0.0,0.0,0.0,0.129626725207197,-0.32421457635650275,-0.07697191676527529,0.08343988301016166,-0.6318933445504578,-0.1040067337991851,-0.1959985526603797,-0.7667898321781719,-0.1336929912669799,-0.41682540914769045,-0.6653782063917196,-0.1464339840309581,-0.13548636486256285,-0.7454606967878724,0.004093412920043009,-0.28332861027861433,-0.9416459316400313,-0.0834097259235313,-0.1991210421957294,-0.8189211015323377,-0.13568961397561982,-0.10753428846116336,-0.7032045518510774,-0.15899110125122934,-0.288579875551836,-0.6498803768762469,-0.016036387871350994,-0.45423070393624265,-0.8107994639106021,-0.12790458701268673,-0.29868316709249254,-0.6716974948113804,-0.18455268866451197,-0.17341984408833694,-0.5733479488017698,-0.20474299318700587,-0.43423731918849645,-0.5306772753096896,-0.05893197912332371,-0.585167198243838,-0.6758998756050177,-0.19273699472820427,-0.3890863172400047,-0.5572241031162698,-0.2403902169880713,-0.2325472049973081,-0.45012765175438246,-0.2425633110355037,-0.5697860183682456,-0.39205409364161753,-0.10626970740988459,-0.7721372184653738,-0.5600781167160195,-0.17927732631284116,-0.8845534707734097,-0.6868858980593795,-0.21603380425702665,-0.9999964123625947,-0.8110244234360909,-0.2400976840689946
19,j,0.0,0.0,0.0,0.1463308333313355,-0.25644758537098056,-0.07043548910595228,0.14946639801930584,-0.5623369997771657,-0.09944058855096706,-0.09640891253167157,-0.7335025338093082,-0.12914915963958887,-0.318315600163628,-0.7219325163183052,-0.14640677984456638,-0.10370217723177155,-0.7461208117103829,-0.015182642095774194,-0.2280555072555485,-0.9332191139862809,-0.10393218032754627,-0.16665642736043235,-0.8319779614258446,-0.1709353423536239,-0.08290536149390972,-0.7203066628284458,-0.20627541132152044,-0.2863375248444943,-0.6783733359385506,-0.029608149450993545,-0.4223632937836204,-0.8550532727202054,-0.14296089313974852,-0.2984156995105522,-0.6971156250261972,-0.2047760600712714,-0.19315350123352806,-0.5566167840166194,-0.22573295259549309,-0.44681041462896826,-0.5848879383259052,-0.060657270507118805,-0.5983095799431141,-0.7895407044968114,-0.17165267345925342,-0.44832518453071735,-0.6454452637950848,-0.20135582203335892,-0.31683367718687216,-0.5007936428823954,-0.19828259027583478,-0.5829418619660159,-0.4552978105769268,-0.09756395675797426,-0.785444194009511,-0.633766865311066,-0.16308409571249807,-0.8977153994205537,-0.762284339996813,-0.1962460982505762,-0.9999976747681201,-0.8876545387491807,-0.21701188611783517
19,j,0.0,0.0,0.0,0.15333815911293455,-0.23590808686265816,-0.062200945252834094,0.2003973338522702,-0.5051369239576613,-0.09520801007620369,-0.010444393779803421,-0.6321931249528778,-0.1319753216495767,-0.22698506669415006,-0.5814790561967373,-0.15627103830967218,-0.03851394266067545,-0.7479590903873666,-0.04665426347417278,-0.1296650759860195,-0.9840445889794983,-0.16124193510203585,-0.08090027961405721,-0.8447746556768668,-0.21101233009474393,-0.03549854060551583,-0.7078951678844183,-0.21555413342244378,-0.21452270575276286,-0.6734220046857998,-0.07431439397064878,-0.3122428518357516,-0.8951233478633284,-0.2173689366094976,-0.20689459873129132,-0.6910648146765205,-0.2670931202604003,-0.13471596734888372,-0.5572083616922766,-0.2623753653820703,-0.37216547209605116,-0.5767982537989104,-0.1193957979489478,-0.43340537278839764,-0.7020433020541815,-0.2688278293193051,-0.26708834765410466,-0.5052368798366688,-0.3008747228472531,-0.15343413268600553,-0.36757812114420196,-0.276451207352477,-0.5126413803798028,-0.46685913203902357,-0.1652400375188061,-0.669053016842805,-0.6879355186715754,-0.2376484313608115,-0.7444093956190525,-0.8364123441842257,-0.2595624967696673,-0.8253471752806789,-0.9999977729331042,-0.2632222193324202
19,j,0.0,0.0,0.0,0.0853294484635193,-0.2245378907653277,-0.11883814296939564,0.05484423849040669,-0.43059069600820193,-0.17315440759508524,-0.18679110104479518,-0.4799855950811955,-0.21450917320268822,-0.3537937761130175,-0.40708243568832686,-0.2401461589715755,-0.1565237865962509,-0.6114193949795258,-0.09467621233667563,-0.2741812557797693,-0.7943284433412356,-0.19360447170592385,-0.2354961493913494,-0.7494301273740502,-0.24612031764685752,-0.19468490303066407,-0.6556701384563821,-0.2648389416412401,-0.30867977609822955,-0.530236595913702,-0.08247742895887833,-0.42757489186129605,-0.6928368707774818,-0.1844012639651397,-0.3239556182827126,-0.5629243068578392,-0.22185927707217903,-0.2606342682349956,-0.4918539415220709,-0.22637088521266635,-0.4207505341186965,-0.4249122735945113,-0.09033575787856471,-0.5544363980894608,-0.5397321576571886,-0.19675548490408243,-0.4378882447780357,-0.4518130696667549,-0.22868207377221447,-0.34927663928011576,-0.3801254420837767,-0.2266237578471859,-0.5196489548097669,-0.29434225058163394,-0.10643626958009864,-0.7359414187516685,-0.4157589704331973,-0.18407492476494852,-0.8729163994049316,-0.5001283777198126,-0.22504734877037427,-0.9999978175043098,-0.5819600501447689,-0.24638158088515896
19,j,0.0,0.0,0.0,0.1371269791614821,-0.31188954199998564,-0.12491585040684522,0.07108559452653875,-0.6000208918680604,-0.17201427767956834,-0.20135152296915654,-0.7493154685204549,-0.2141874219512715,-0.4236678704414039,-0.6420990737719322,-0.2292007790177771,-0.17060867032434507,-0.7541970025173309,0.0019345285387503634,-0.3333083252788354,-0.9016709040188174,-0.09908992853758583,-0.25115523842808934,-0.745312340354629,-0.1516000086219467,-0.1676538525272147,-0.6240447523419466,-0.17004576106638056,-0.3145026649888876,-0.6535594271247318,0.008509839645688655,-0.48561218598136435,-0.7564600077575514,-0.1323669783906551,-0.314691363998141,-0.5772368065137645,-0.18804853912941494,-0.1929029365481921,-0.48956688223958544,-0.1929171401412296,-0.4436534966879491,-0.5241246983319683,-0.015530682064420093,-0.6083955261290026,-0.6375719004228465,-0.17571936575466304,-0.39790423275961756,-0.5039399701161326,-0.22224819167925083,-0.2368752114719952,-0.40286553325973884,-0.21185316743490545,-0.5567317237007735,-0.3731505936390184,-0.048322037827840746,-0.7696588183051951,-0.5073858641990032,-0.1456072907773593,-0.883158695202787,-0.6091410506457415,-0.194258304835079,-0.999997890843413,-0.7136637387511775,-0.2161542571192569
19,j,0.0,0.0,0.0,0.17710804115780132,-0.276037214755118,-0.09341350650590206,0.14232266983759878,-0.6077322918245445,-0.11803412767493364,-0.09437173031389208,-0.7888464050579688,-0.13893742448186372,-0.30424477095210406,-0.7729559083566439,-0.13654409186695127,0.025177443420450633,-0.817465459425173,0.0015783675096442743,-0.1625567954176012,-0.9999975114738451,-0.1050489445168496,-0.14579783993043224,-0.8221602912569133,-0.16467701141059798,-0.06456394053687556,-0.7327798257181447,-0.19340525351883206,-0.15484553404126306,-0.7490479647881731,-0.0015763779212060963,-0.36472050293980224,-0.8901691244912917,-0.09754107752310559,-0.2978994595260371,-0.7011481983269969,-0.11277727285118025,-0.19156673040229405,-0.6421980169135781,-0.10787722035182443,-0.31066810275756535,-0.6484757650643331,-0.03252596115158595,-0.4990049971117375,-0.7879654125799976,-0.13012851018472826,-0.4079423098471015,-0.6168528890085166,-0.10614717220755214,-0.29256648477176955,-0.5670688043064069,-0.06909116310623994,-0.4446135197673418,-0.5197564156064506,-0.07518900364141543,-0.6003120865118311,-0.6189259542699432,-0.11270562129315517,-0.5411420834211073,-0.5347604317042577,-0.0813319914255988,-0.46918133626895064,-0.5080908114459606,-0.048893836705896
19,j,0.0,0.0,0.0,0.13476016310607933,-0.2313482017284688,-0.075110582010221,0.13360128200341465,-0.5153793460481843,-0.10741111644908335,-0.09489225926870179,-0.6431012821488442,-0.14410832101272555,-0.3082028861939672,-0.6235077407382241,-0.16979168455424107,-0.08641076669888868,-0.7544316699403045,-0.03879532077664443,-0.20307559842117515,-0.9999975805377579,-0.16398682372982465,-0.15799849806930608,-0.9210309953370712,-0.23573594544544113,-0.08703649904140512,-0.7925452446818737,-0.25265516248966435,-0.26124282036704927,-0.6820537333680391,-0.064661007818543,-0.42369318989974636,-0.9502733467746373,-0.2058780285540767,-0.33761619999430187,-0.8582877360953777,-0.27481032722365833,-0.2434966242681682,-0.755590334726188,-0.2860360505330038,-0.4115778638275758,-0.5747261434021278,-0.10950876731630783,-0.5321743251543853,-0.7285005515786823,-0.2580380613794868,-0.38357774755904334,-0.5869294382986668,-0.3054001158915314,-0.25095457793477544,-0.4636574268103668,-0.29255634305855505,-0.5355792955021972,-0.4498839605044433,-0.1582245953377098,-0.7060692224206462,-0.6600136491616616,-0.2293081463702659,-0.8069150963536597,-0.8117184104809623,-0.25366943582407403,-0.8964476026281311,-0.958185565681836,-0.2590712263794576
19,j,0.0,0.0,0.0,0.1263866062486112,-0.2966264144847548,-0.11468108592625739,0.07374875894754357,-0.5893813692476643,-0.1543804148270012,-0.1944919484664431,-0.7370778486702124,-0.18768106030876697,-0.41177187081615224,-0.6257213041928839,-0.2020489311984269,-0.18931894875245708,-0.6977870038363203,-0.011393803602461991,-0.3470091880902649,-0.8291885694366791,-0.09880742198701009,-0.2704197594620835,-0.7137453763514214,-0.1543936987720694,-0.1749496226920511,-0.616557961716708,-0.17859465447377842,-0.33454763497402396,-0.5936729764503714,-0.009086289328943653,-0.5111316348943141,-0.7067677885279908,-0.12709505936871054,-0.35947356335583147,-0.577103432221926,-0.18726840916205154,-0.23244862220661625,-0.4818500717969729,-0.20193079779149692,-0.4597050188069652,-0.46529322724049305,-0.03173997754779873,-0.607822439439873,-0.5634763314341759,-0.16967892252886915,-0.4116872063363816,-0.4666510338348147,-0.22348002450511878,-0.2515155922039627,-0.3695613361205031,-0.22433877367766739,-0.5670338270435384,-0.31652503661151493,-0.061657083712475476,-0.7741005673679157,-0.4504358457310759,-0.13494732607475077,-0.8897046229647374,-0.5515852052503897,-0.17271534574691413,-0.9999970407619487,-0.639715637161639,-0.19283201198114608
19,j,0.0,0.0,0.0,0.23104956892558096,-0.24734253469691642,-0.19311412324876065,0.23012855022410372,-0.6353424504575494,-0.27628683850654306,-0.07818780007130659,-0.8360847636304306,-0.34171416222495266,-0.3380568375339591,-0.8104671192180556,-0.3861645984488875,-0.09386711361146038,-0.8609531267807294,-0.1492997957618259,-0.28789793528109,-0.9999978669064475,-0.3281758929529106,-0.17508725714359416,-0.8065522175965016,-0.4098792407333829,-0.04473831813928818,-0.6824156094905328,-0.4366710123480588,-0.33231140488610506,-0.7411681540400437,-0.13409564472058094,-0.5386573552751971,-0.8375860914992488,-0.36528322659487167,-0.3138588638588417,-0.5832661789987682,-0.4350977855179367,-0.14621833025825165,-0.43135257372349256,-0.42420785822506296,-0.5198210988364128,-0.5732356063998874,-0.1508172865934305,-0.7075123519675197,-0.6699229265722005,-0.3883659399449362,-0.45663049395442823,-0.4285933954587068,-0.40491067922311874,-0.26621979452212075,-0.2697310829647901,-0.34624417821394815,-0.6472341953730475,-0.37303304400591936,-0.17816107821737456,-0.8655077448015769,-0.5308634061560288,-0.3189263236158325,-0.9293774801907316,-0.5688975116877942,-0.34139630651627056,-0.9991401332765689,-0.6217461725186729,-0.3238978411841874
19,j,0.0,0.0,0.0,0.11909245543626197,-0.3070503378577636,-0.10318632707599916,0.06415849419128741,-0.6056048156719978,-0.14343508685794412,-0.167560904087087,-0.7673857166731859,-0.17745031833787125,-0.3788138279332922,-0.691806309590843,-0.1935552050393117,-0.20976661712135605,-0.7249098028108472,-0.019452636429503862,-0.3733669006904497,-0.8797175411772702,-0.11633019354041212,-0.2757970582017596,-0.7667210307229533,-0.18777609908485662,-0.15771975121887935,-0.6577514526995417,-0.2255009185420336,-0.3554632401730015,-0.6258740728143937,-0.02447317826185728,-0.5534923959958573,-0.7872630158242463,-0.14806577611483257,-0.40173975662934025,-0.6827061620238567,-0.22275668190521078,-0.2601924296832646,-0.5697550893818171,-0.24852320673653183,-0.4845224974222114,-0.4986500179720691,-0.051509938552824805,-0.6769196894830396,-0.6716926731648006,-0.17488984201916558,-0.4898029372861423,-0.5999342878935435,-0.23043711264465097,-0.3058340297905179,-0.5079851381633906,-0.2409746922262839,-0.5820612056591074,-0.33730686657280967,-0.08720182656935078,-0.8023124842425698,-0.43520558986738245,-0.16521872714868208,-0.9122347400453088,-0.5239220338430771,-0.21582347320882736,-0.9999983040712098,-0.6044159017029214,-0.2458488199957794
19,j,0.0,0.0,0.0,0.13911257246380654,-0.24552724815950827,-0.09894663017002892,0.14369939182437008,-0.4870844578913755,-0.15754474657390705,-0.10728036444004166,-0.5745927054659222,-0.20699793647250106,-0.3195126938427586,-0.5139431749930695,-0.2540411869450326,-0.08594619326077824,-0.6922226402389143,-0.1231292023821058,-0.17934342950699744,-0.9298107720473742,-0.22180946061563467,-0.17895113213497843,-0.9770826053756637,-0.2876079798555434,-0.1739275577778649,-0.9528872979065597,-0.32481347153679324,-0.26939715051572555,-0.6253053393890871,-0.13614744796907016,-0.41976065792835965,-0.875623514058819,-0.24594713783071698,-0.3357486457644614,-0.7890324794200053,-0.30299379977111984,-0.26158125313637115,-0.6777958666488206,-0.3283250750151809,-0.4199428793029806,-0.5094021854059423,-0.16063204730706007,-0.5567020791793447,-0.68756282255659,-0.2798618562480224,-0.4126566314010635,-0.575133606564383,-0.3229610019072226,-0.29760208290838785,-0.45213966729087784,-0.33384721967702724,-0.5460285444898582,-0.35917520680938336,-0.19047498245539807,-0.7667584548480717,-0.4956697191619193,-0.2829448690158464,-0.8867826522458834,-0.5911760854904414,-0.33049437382698027,-0.9999976979161432,-0.6790613309767134,-0.3615356066142976
19,j,0.0,0.0,0.0,0.08008170841982111,-0.2935652605105181,-0.0894565710564432,0.004107781810553677,-0.5736175130077703,-0.11517428576923044,-0.2528892810522938,-0.6891503076357336,-0.14269216881398977,-0.4475354630528353,-0.5561909268480216,-0.15307998684056348,-0.262819209444894,-0.6682537071404671,0.029305348023411858,-0.4017589951860255,-0.8203032860878011,-0.0583201860390256,-0.32871876593408894,-0.708073825326306,-0.10749095881264814,-0.24416618971499185,-0.6134673562442323,-0.12104122635117431,-0.38128729777549936,-0.554804858746744,0.020359373852826632,-0.5516036909801952,-0.6846682103728889,-0.12338735854118836,-0.38833962108222236,-0.5404702283156994,-0.1911725428828968,-0.2599218977513814,-0.4327264978787918,-0.19518238340396682,-0.4818994381040223,-0.4310360232405775,-0.012230256504117071,-0.6237622422028163,-0.5316391359611334,-0.1622511557928138,-0.41631271024944055,-0.434464422505223,-0.21626127001986004,-0.25683742833172335,-0.3369860731618365,-0.20422506032025975,-0.5711788478360943,-0.2995402158713235,-0.050328196771476444,-0.7702680441625501,-0.4298370027726653,-0.12011174053210667,-0.8849367205596216,-0.5374956314905667,-0.15745049130919392,-0.9999981529496484,-0.6361150924995403,-0.17244569218234973
19,j,0.0,0.0,0.0,0.19579812217839332,-0.22385205859500068,-0.10400666343336203,0.2022839086105671,-0.5168555940177507,-0.1453814030634792,-0.07368356808936635,-0.6229784412811621,-0.18194797148125638,-0.31375755455314963,-0.5563723296947186,-0.2036868969283503,0.015218168100195335,-0.7676521205925068,-0.05105977203464284,-0.08540464471708266,-0.9999983308262018,-0.16275822922383987,-0.045153967538195054,-0.8649206605662885,-0.2265518932913708,0.004050656677397199,-0.7338964824633446,-0.26049544412376613,-0.16297898823217413,-0.7051238265930476,-0.06353934566610107,-0.3061682193695466,-0.9691706486995808,-0.1758341551982357,-0.23036908504772521,-0.8123769358101743,-0.22795217249277638,-0.15345326922698194,-0.7003073417048564,-0.24665745814169213,-0.31048411775009116,-0.583347987949769,-0.09856557089702178,-0.4604202979118211,-0.7958945417827873,-0.23240718348075745,-0.36396036706869583,-0.6487317591142814,-0.2672001345534455,-0.2732668067704756,-0.5420417164459027,-0.2624266544387673,-0.4243628473130352,-0.4191836697658704,-0.14132409295813828,-0.5984033398282087,-0.5572471497606506,-0.25896784194051403,-0.6234600251011488,-0.5626689846648958,-0.3014962548852888,-0.64401451601112,-0.5763401748047617,-0.31511297397021365
19,j,0.0,0.0,0.0,0.1892888938489702,-0.31753485047797386,-0.1259075630968617,0.1480691820731521,-0.6594201032782903,-0.1481074440646903,-0.15089355483138647,-0.8195956054609154,-0.16388233787880438,-0.39731235839358586,-0.7233333851655422,-0.14575337123317553,-0.06829912490971711,-0.847342629033438,0.08440616281152591,-0.23163297789661416,-0.9999974226210591,-0.007228125024908924,-0.15718275778756582,-0.831544077160865,-0.06848239332490652,-0.07235940078679814,-0.7558317610825334,-0.09260510123680867,-0.2604145422495089,-0.7568666091104178,0.09759777714983442,-0.43901229803136976,-0.8799621564851837,0.0015631477488940505,-0.3085086098689752,-0.7048060913229861,-0.039000866330475135,-0.20765154143078995,-0.6741537736786365,-0.04220008585464591,-0.42272357115861525,-0.6458331958122401,0.07212185037749437,-0.6068934142025876,-0.7856451778000662,-0.03319899153424467,-0.47897552110500685,-0.652312277731116,-0.045804180788353084,-0.3819403044742382,-0.624577889712543,-0.023607528319776444,-0.5681839146035196,-0.5119665300022791,0.031222120083298853,-0.7633313272080866,-0.6359149772686481,-0.002777997961622662,-0.8061554086820619,-0.6876909454536082,-0.0021723699078941778,-0.8638270725716258,-0.781080823972865,0.006348239410777448
19,j,0.0,0.0,0.0,0.11731914453062524,-0.2564712521156525,-0.07857971148793459,0.05183759936631481,-0.5884255145366285,-0.12226265790121063,-0.15225381252865694,-0.7843199598423667,-0.16367175637592274,-0.3575135354603568,-0.792940409071305,-0.18482074558498257,0.026121266781378015,-0.8101998559724454,-0.0912569852919199,-0.21885284117737594,-0.9999959585553364,-0.21409941810978203,-0.18352745142644258,-0.7989192709128702,-0.2844183430772214,-0.09250253188840585,-0.6814671557240441,-0.32348946447856364,-0.1392306373578053,-0.722442594004144,-0.11093853217774093,-0.40472125067699866,-0.8570067321034964,-0.23241577999918717,-0.30575422497794646,-0.6336589045456368,-0.24698711784924948,-0.17256580323545054,-0.5667226314739446,-0.24452694989477025,-0.3105402051176812,-0.595091150556691,-0.15247874947743842,-0.5546972180173462,-0.7170382521260008,-0.2859751476447708,-0.4085547562107081,-0.5419635912725043,-0.28684039036746106,-0.23953941408254317,-0.46425332244231726,-0.2660912164662794,-0.467072685818372,-0.44773798127157965,-0.19977106185536087,-0.7150138220326682,-0.6252302028600458,-0.3011404271236852,-0.8398077483096177,-0.7095374543813329,-0.32675844693710354,-0.9419817275822701,-0.8143477214861404,-0.337383543260634
19,j,0.0,0.0,0.0,0.18086810927109093,-0.2535039100726167,-0.08563024198979767,0.23110205225324232,-0.5109931234450295,-0.1299876080619243,0.014739206474766524,-0.660043718454832,-0.16994950412311266,-0.20329877499626245,-0.6027078090020371,-0.18857832824987197,-0.00840838612873635,-0.728085790470152,-0.07254721491367686,-0.08827836785065579,-0.9116820964793324,-0.18073369333878472,-0.033001657568137464,-0.7459522901072063,-0.2362074515839362,0.014946648556248963,-0.6244116097503709,-0.2550583104431494,-0.18945613596523475,-0.6667218690537264,-0.07979931428857698,-0.2852434291304368,-0.8209064354324677,-0.1893696336186075,-0.17184658020412208,-0.6134495097016264,-0.21969809993690784,-0.09917995871735483,-0.5256071601981009,-0.22426322524022888,-0.33968892440179976,-0.5882035945273975,-0.10573177595139914,-0.4500582385470368,-0.7554677678296882,-0.19996487316394201,-0.29368540351615063,-0.5637341090238234,-0.20039093768772664,-0.18212207086491564,-0.4231525351235179,-0.18285686115577676,-0.4702479259583647,-0.49249467396180946,-0.14073655791248096,-0.6133225787979175,-0.7102887317239274,-0.18509618836148248,-0.6833049072982249,-0.8477363451300355,-0.20147771278895574,-0.757863918858819,-0.9999978894477815,-0.21382701099583676
19,j,0.0,0.0,0.0,0.1518256903946574,-0.28332479862133375,-0.09592354423774788,0.108648343088754,-0.6030229356543214,-0.1402521901663977,-0.17815607399985683,-0.7519527248935006,-0.17556916030821795,-0.4082605705088326,-0.674127742003842,-0.18668650503755352,-0.07040236492084159,-0.7603725793823767,-0.06860647512821132,-0.2304491534263587,-0.9336501400828923,-0.16889949333720336,-0.13876695877251896,-0.7552155077525479,-0.2255551226816736,-0.04159996325835529,-0.6454828714683118,-0.25732463406004125,-0.24058837725484203,-0.6678046176024062,-0.07472140049635999,-0.41371013414339,-0.8021970935892441,-0.1860721134904162,-0.25537212077888377,-0.6088168107432641,-0.21374548449921688,-0.13925187366697253,-0.5231164230491218,-0.21734758399347406,-0.40220057375731993,-0.5404545199782381,-0.10268342743118551,-0.5705375529732388,-0.6843663440213335,-0.22377739888403628,-0.3674617359421689,-0.5250924713960283,-0.23675920741201775,-0.2063675036275923,-0.41532621004668174,-0.22427107990205677,-0.536327158390253,-0.38497406137646417,-0.13687861444512628,-0.7481870630641189,-0.5332995206783144,-0.2239970845619973,-0.8696376890763773,-0.6337836518964984,-0.2620137472708875,-0.9999961360617784,-0.7404941778767592,-0.28567162912579513
19,j,0.0,0.0,0.0,0.12560186073283297,-0.310481148493026,-0.09470977409054282,0.07159680437040014,-0.6087524539284441,-0.12553379512766769,-0.20703563574915956,-0.7438886595103562,-0.1564992053403049,-0.42862002230966517,-0.6061389811586542,-0.17245721162677927,-0.20594723863265788,-0.7079480780719667,0.021493680735077215,-0.3456422097757998,-0.8701084130797175,-0.05695319477024551,-0.2879908494296408,-0.7913127682024443,-0.10784240182849034,-0.2100106341725163,-0.706460439945532,-0.1283926000394566,-0.3472639006421739,-0.5999851269069035,0.01428682224210741,-0.5022893653883802,-0.7268033947042735,-0.11640894493397945,-0.3349250752332359,-0.5735978521818436,-0.18620635173586325,-0.19895788157845676,-0.45382256253465053,-0.19948175779688726,-0.4690579689869497,-0.4786920546311339,-0.016221672375439714,-0.6038477211663659,-0.5805945717181347,-0.1587597825357703,-0.3938202783083235,-0.47542825242919295,-0.22057544262797776,-0.23019411479089485,-0.3641047449343467,-0.22033696071990447,-0.5795198577051397,-0.34306027065571576,-0.052591162891700495,-0.7783313231303364,-0.5009785657468601,-0.12198250883732852,-0.8890429111231801,-0.6206586987859097,-0.163726592829621,-0.9999976693971261,-0.7170374094988744,-0.18635959207653216
19,j,0.0,0.0,0.0,0.15342693576184982,-0.19217581081876478,-0.12402271033722218,0.13198314550319518,-0.51629752982486,-0.16832513646241207,-0.18416534394833178,-0.6410105108154112,-0.20071097024094645,-0.43004740146298676,-0.6122239202921786,-0.22619882111550582,-0.055068780004580056,-0.7397589688093377,-0.07618844260549534,-0.13624689478970334,-0.9691094969598285,-0.16278407445275023,-0.09239037785999497,-0.9453028994035649,-0.22045829811299425,-0.04672041897167038,-0.840963020910569,-0.2454190417560892,-0.2402088834846642,-0.7105851408491082,-0.0661325044984631,-0.3332732107898167,-0.9999974290597057,-0.12787469421195713,-0.28346906702059577,-0.9795682024183832,-0.1701953921447191,-0.2447519126401582,-0.8549934438924823,-0.18442809190416953,-0.38047273456828223,-0.6119506934025207,-0.07457967658789974,-0.5312249430471621,-0.8971057833358826,-0.1607503308635986,-0.47195294354935197,-0.8443949069494561,-0.18689745845494493,-0.4140756577566581,-0.714058171823426,-0.18162818671010061,-0.5060350481645145,-0.4545695531197876,-0.09095220989222041,-0.6766467753379833,-0.638487337875611,-0.17486744936588441,-0.622928192823463,-0.6271810620711794,-0.18804187380285695,-0.5538515927344595,-0.5446049389213058,-0.17741703704775125
19,j,0.0,0.0,0.0,0.06027345515961321,-0.18285638257557088,-0.12664714746803607,-0.01684517874605208,-0.3685828192310166,-0.20281273358787308,-0.20404289961122346,-0.40830077860290886,-0.2696468747894732,-0.3584195805131205,-0.3633390802711296,-0.3187444846348891,-0.21386431989340499,-0.5990933307096826,-0.11612650247817173,-0.3384307708606092,-0.752068067713099,-0.2282813658171883,-0.27885047465742,-0.6764944531368635,-0.28878275588636704,-0.20858542246584455,-0.5570397747977579,-0.31171736902566777,-0.3508634398356245,-0.5129110147470074,-0.10585236351556333,-0.47224487545004545,-0.65962705619249,-0.22806096922491037,-0.3408127570454887,-0.5050122010877075,-0.2696729079256932,-0.2541893732227289,-0.4228756725457524,-0.2710681375334724,-0.4514398522042529,-0.40498868003884747,-0.1162966105590703,-0.6232116732996642,-0.55640936393989,-0.22336319365756788,-0.4955982161730965,-0.45878516415372067,-0.24978723893420848,-0.3891617539971865,-0.37301571603018346,-0.24516908875068558,-0.5181156277038063,-0.26206767777588585,-0.1376157653555814,-0.742003468029509,-0.350892128168622,-0.21072679173901573,-0.878366256330242,-0.40563789091067964,-0.25512111724676356,-0.9999979518708112,-0.46575020309345594,-0.28016127091105963
19,j,0.0,0.0,0.0,0.08005007780341121,-0.21286747803136222,-0.13212752408722786,0.00131288005211453,-0.4684665488858832,-0.18143310997592135,-0.24259890156986258,-0.5758721510414418,-0.22043143631892034,-0.4310202117802067,-0.5501566554767261,-0.23203345184562837,-0.14360427080508642,-0.7304025974817125,-0.06038852589744545,-0.2956629094871596,-0.8841374157045365,-0.17523082105961404,-0.2289126470832031,-0.7279670962990468,-0.2364999787026486,-0.16205260793048215,-0.6225215817555644,-0.2599644276288433,-0.32647729740310893,-0.6593286582341209,-0.04995175861531824,-0.4863754684668712,-0.8155200136383093,-0.17491382024589136,-0.37829254610876917,-0.6156792725788507,-0.21203528751610976,-0.2995858895111387,-0.5319421295813105,-0.2072505522232193,-0.47065978548353615,-0.541961653672583,-0.0657322198140903,-0.6336609221775616,-0.6843917261947534,-0.19846385452234705,-0.5260837597659496,-0.5249133012161354,-0.21127908231844647,-0.44066802198336347,-0.42834435483463235,-0.18387729824693858,-0.5822508501801692,-0.3922521906674048,-0.09230028200661927,-0.7782383806113325,-0.5277748203280019,-0.1728138237646925,-0.8945813605473308,-0.5934180438226656,-0.19478288587228532,-0.999997385737082,-0.663277348923176,-0.1943956676740176
19,j,0.0,0.0,0.0,0.13618732592943916,-0.3254045961779372,-0.0888169244766742,0.062153879346195394,-0.6715092072757867,-0.11644353204613851,-0.2251756918700617,-0.8284216161386799,-0.14220042795598908,-0.46975238241731976,-0.7257373820945922,-0.14499084974002227,-0.14977007975868495,-0.7887985386030324,-0.006016994824503236,-0.34971830908276635,-0.948878866308392,-0.09132573563829363,-0.2682760316447919,-0.7823353060951822,-0.13703070237845244,-0.1738435917796585,-0.6719092681148515,-0.1569140676830279,-0.3031922814246828,-0.6668036123731551,-0.01751945990138502,-0.5008656912576052,-0.8040390689343712,-0.15216487344331925,-0.34741184636139877,-0.615971845175984,-0.20751814231867424,-0.2247943293033928,-0.4948220397632991,-0.21457349106646925,-0.4434893232463334,-0.539958025522937,-0.05040233195348493,-0.6274382011406341,-0.6940909670155015,-0.18935030497976635,-0.4386501692551594,-0.5493172300214291,-0.22869583645564656,-0.28092962516882397,-0.43623850306712453,-0.22022983404622226,-0.5562468919615736,-0.4003688468705614,-0.08959900283563058,-0.7732423978716918,-0.545368401462031,-0.1634783813049086,-0.8862089351916207,-0.6432117349730176,-0.1985694265419294,-0.9999965526928043,-0.7448739337764745,-0.21765895001398072
19,j,0.0,0.0,0.0,0.08476579042794989,-0.28775198832447174,-0.08275600531368411,0.015965689973022057,-0.5776350803812754,-0.10684105680527843,-0.2377771517747184,-0.7071926634865784,-0.12761522975239356,-0.4391530100040588,-0.6727725126654368,-0.14174967188890103,-0.11508788863279562,-0.7501753145724375,-0.02040121284231708,-0.21505202005407048,-0.9532793830555695,-0.09478950562843848,-0.21476726164363602,-0.9478294773539478,-0.15534704026801938,-0.19697188868294926,-0.8850816832874834,-0.19286988963629045,-0.28307207641750476,-0.6768613084293811,-0.03209680085352825,-0.4199516534119142,-0.8988601994510724,-0.09599712813807666,-0.40283141354940305,-0.8746286692910765,-0.14422810594553928,-0.36858828900942314,-0.8195592138490053,-0.1730690416537575,-0.41452396415593634,-0.5369860376930017,-0.06380032448094433,-0.5734089305605333,-0.7230212638842984,-0.16417485955323294,-0.5228912016604842,-0.6752342182674682,-0.2146744935109472,-0.4538606496622512,-0.5961884573088091,-0.23294326630891893,-0.5212642878195685,-0.35674551291329837,-0.10186434155975761,-0.7417321836228062,-0.48970600310354256,-0.20815811025792438,-0.884178567139963,-0.5950515395190373,-0.2709672419912804,-0.9999970418245452,-0.6670864249881019,-0.30893499331566837
19,j,0.0,0.0,0.0,0.15489508410785702,-0.3671765946579182,-0.07991513930399528,0.09502895067141774,-0.7011826390747844,-0.11333284213383454,-0.18571245517871482,-0.8524252005886417,-0.1489175636172464,-0.4398198533836213,-0.724485310140884,-0.16970649974899152,-0.15779648430529317,-0.7988563589410308,-0.02454914973883452,-0.36136425998431126,-0.9741527139175513,-0.10977532713769445,-0.271089537677762,-0.8288830800847375,-0.16133350361288304,-0.17404011443782774,-0.7263809432472188,-0.18612228071904344,-0.306670075499802,-0.6613188265312059,-0.041053229861601266,-0.5120755834049225,-0.7645975105085807,-0.1594593474625521,-0.34335122662327244,-0.6099917321710779,-0.21565925277931056,-0.19978544785266228,-0.529529471044336,-0.23802356708442485,-0.43916020047366816,-0.5228703732406085,-0.07709523980954473,-0.6134748226867308,-0.6046909711408268,-0.20959003881458743,-0.41525180476170825,-0.49686185400653643,-0.26573777871566495,-0.24545325257595493,-0.4218854778221433,-0.2777602310826906,-0.5511645371705044,-0.3875326770179956,-0.11701491106037135,-0.7735150405875767,-0.5547545903757115,-0.17934383062917686,-0.8890130945482388,-0.6723725316237794,-0.2091506426407151,-0.9999966675280473,-0.7781442308594565,-0.23145325725141377
19,j,0.0,0.0,0.0,0.15312326182850095,-0.2824143779480145,-0.10392783008997662,0.1315559508500711,-0.5788014389572128,-0.14622186899047943,-0.1026150724899489,-0.7588345484840481,-0.18233659822769985,-0.32340904810069376,-0.7098621860941886,-0.1983429013478417,-0.12581806866936843,-0.7403793044945517,-0.04719163654957297,-0.26704637972600637,-0.9010783286323448,-0.1570591065054222,-0.17641925435771666,-0.7504339522019017,-0.22055132856990428,-0.0791907938266468,-0.610056313602737,-0.24495708123916005,-0.2720551616463738,-0.6471702912079147,-0.046512474663233244,-0.41688791356384747,-0.7778860196676634,-0.1880609415603415,-0.25138807308983735,-0.5990000315828945,-0.25018884724726465,-0.13427341220596922,-0.46876226884936567,-0.26267747280746456,-0.40964729323114774,-0.5301134478637171,-0.0684411082732151,-0.5533481826541649,-0.6657736672112372,-0.21368559746035873,-0.3536880529355683,-0.5187448845451554,-0.2555707612998493,-0.20330392941641837,-0.3787708034949573,-0.2491312449645089,-0.5330166799708786,-0.3876513260468952,-0.09671772765249644,-0.7493504929388326,-0.5473550598952626,-0.18837956688212731,-0.8750556269001948,-0.6667974038781463,-0.23952295384220892,-0.9999975175499639,-0.7796884250550219,-0.26641652532975946
19,j,0.0,0.0,0.0,0.1456350467399319,-0.33942804748364147,-0.08305100578070299,0.07255919591128239,-0.6736855111782047,-0.11061174380598555,-0.21215913043858506,-0.8167577926262853,-0.13829232952156303,-0.44357929068379753,-0.7355237252998432,-0.14493753722365377,-0.08628697483282291,-0.7759084883955494,-0.009926677401874043,-0.2963720888070269,-0.9598200996084992,-0.09459620486253342,-0.2476771947361981,-0.805557532148112,-0.1386352298038948,-0.16155519084445208,-0.692123591514501,-0.15790840548398638,-0.24562290305825019,-0.6645500211707719,-0.024848167512027838,-0.4607952187697925,-0.8107671172194557,-0.1418387004277902,-0.34172183841504133,-0.6314879169293809,-0.18731123963316695,-0.21395318942279618,-0.5323968659578677,-0.19585832020894978,-0.39212427138413614,-0.5357405534762297,-0.06154308744677938,-0.5814454613126903,-0.6624433915651862,-0.19680253228678452,-0.42153437624649764,-0.5149739396869754,-0.23584374043387327,-0.26888784036549773,-0.41698445079416113,-0.22996739313931674,-0.5169362197191189,-0.3936156221401892,-0.10329265726739505,-0.7404604134679789,-0.5410987468817229,-0.1812051994420499,-0.8725586530822907,-0.6443710042864537,-0.21297988312348637,-0.9999962394658803,-0.7532250960701279,-0.22997593867889357
19,j,0.0,0.0,0.0,0.11196964687614439,-0.2538395109524018,-0.18377828435522828,0.09159508461309089,-0.47144087669376655,-0.28291678871687875,-0.12482815630255985,-0.521370459881559,-0.37398226138676044,-0.2996906467947937,-0.4289662891035145,-0.44423226907339786,-0.1631935606027722,-0.6377075134477301,-0.061358617147946624,-0.27879771997468056,-0.8034661000678773,-0.2119863789572825,-0.21320970201577102,-0.7117297752370094,-0.30672211474318933,-0.13433048716695903,-0.6043174966648929,-0.33925447945866677,-0.3136121119592532,-0.5373170246969411,-0.03829802552222865,-0.4605874082157857,-0.7229664841444372,-0.21029809187339452,-0.35301543749285413,-0.604851669760089,-0.31010656726439734,-0.2721949341608793,-0.521882863842272,-0.3369613602972397,-0.44222322552224247,-0.42786829542520716,-0.04949007206996628,-0.5827727915921025,-0.5849434334564262,-0.20944554518638367,-0.46750439520395903,-0.5083637130155684,-0.28440294679552797,-0.36406653861317756,-0.41676769543957104,-0.2908427750883418,-0.5533459494044508,-0.30487164897048846,-0.07588817328120863,-0.7597084811562119,-0.41967501518105577,-0.1449396734941905,-0.8902495839849419,-0.5076876258960518,-0.1939309810701269,-0.9999982608310888,-0.5938775380795449,-0.2197051050275214
19,j,0.0,0.0,0.0,0.0850253391807103,-0.21021803709699713,-0.07750804841752776,0.013088948513617664,-0.4544384362974324,-0.10796774789781924,-0.17264557822516344,-0.5522770585191731,-0.13501371962737946,-0.34014273796115535,-0.4695363945609611,-0.14483517728802842,-0.23105147089649675,-0.5950130162446832,-0.06382311694195911,-0.34549483113521795,-0.7130528638896836,-0.16422178251528885,-0.24101519339461455,-0.567944480070912,-0.22268670628607196,-0.15547694229258743,-0.48065475234852556,-0.24580286293945097,-0.3529123956620107,-0.4961176015746291,-0.06845992508889308,-0.47754155471899984,-0.5978925579884568,-0.1787363191770327,-0.321560048564018,-0.4502962730826679,-0.21325492569305102,-0.2283632163953424,-0.3884227942159428,-0.21297961927676143,-0.4536286745819618,-0.3733225918505532,-0.08978907537920072,-0.5684323478154617,-0.4531462824459526,-0.19129863308645442,-0.3669331850323294,-0.33616924144225263,-0.19337308084662796,-0.21594013778587737,-0.24394239986191266,-0.16686435832306554,-0.5318348165560575,-0.2385835743822675,-0.11780272627217983,-0.7378809336476152,-0.36608509405707546,-0.17951752469632393,-0.8710267734408063,-0.4544244331018207,-0.2027415553261542,-0.9999984940087341,-0.5468106956783557,-0.2114445862808814
19,j,0.0,0.0,0.0,0.1109743766573691,-0.29888922370341486,-0.11955937799959619,0.054699411142313234,-0.592771109183278,-0.165275009669037,-0.2150046557809801,-0.735232818679743,-0.2061614767724723,-0.4307955163387779,-0.6124520329676448,-0.22277964157314875,-0.21381883434760282,-0.7179832612464269,-0.009065837515027552,-0.36742561428778303,-0.8461710860748625,-0.11142547185109265,-0.26844703780012996,-0.7152636666084464,-0.16011520387626663,-0.17788534502315076,-0.6307380890842269,-0.17325668691762922,-0.3498624734634848,-0.6143471515034218,-0.008664677405117019,-0.5167430855955822,-0.7293473458779699,-0.16789738166274135,-0.3357393154826682,-0.5692870040272817,-0.23058921017247297,-0.21363519937473183,-0.47560744773537983,-0.23004924192388038,-0.46857473369177755,-0.48698809882472005,-0.0355581709827721,-0.6079017324281023,-0.5902589883701513,-0.20384436282273843,-0.38380557308045476,-0.4723120704133485,-0.24907928642863927,-0.22521824203661858,-0.3744386170544808,-0.2281836481853471,-0.5703450671844261,-0.34077944967691015,-0.07042989075613186,-0.7564326620141795,-0.5079144552117922,-0.15691975879711725,-0.8711238779114383,-0.6376435783476948,-0.1982675175139793,-0.9999981156675198,-0.7577346732820737,-0.21348569027645073
19,j,0.0,0.0,0.0,0.1081365588571006,-0.2902996139518477,-0.14376260669361127,0.018371518297565337,-0.572238118446514,-0.19918952747806323,-0.2642689880117655,-0.6720522495790778,-0.24834985185049838,-0.4731914553138154,-0.5284900131666285,-0.27031160800020576,-0.2484659118460442,-0.6903860204853666,-0.010568123817459491,-0.40278771200792546,-0.8082580426628928,-0.12889406655057323,-0.30573798553683595,-0.6685020015374961,-0.18892142728832112,-0.21249812942884752,-0.5810094037643491,-0.20509998410522243,-0.3817277198574106,-0.5645514165889219,-0.0033912874214682732,-0.5479987494881807,-0.6512300161620657,-0.1688511050873933,-0.3685678331329918,-0.5036001557477325,-0.23173487975285223,-0.24671881806630028,-0.43860799306779064,-0.23010705464876308,-0.4925200506195726,-0.42574535147731857,-0.029697464986807757,-0.641835182559785,-0.5027410600043558,-0.20982935538115627,-0.42126942029751757,-0.3947024201226459,-0.2584302272870066,-0.26214062066435856,-0.31466362404870296,-0.23580040148665754,-0.5855500536562562,-0.28307690601771957,-0.06661311336354114,-0.7733277217562682,-0.4077557919310863,-0.15612118668827854,-0.8796146895855298,-0.498633819928459,-0.19305604356630715,-0.9999979099137397,-0.5885976260417294,-0.20265953116847
19,j,0.0,0.0,0.0,0.11154950852434874,-0.2887759598373253,-0.09847976810433312,0.003909160878965713,-0.5897031267268001,-0.13016860308763528,-0.28936910570357754,-0.6818849624827243,-0.15750492285935605,-0.4936985486949404,-0.5274557728066468,-0.16275454344063411,-0.2126000107193018,-0.6941893661493365,-0.02303691207337182,-0.39171972966842555,-0.7953925525954929,-0.11170682058395356,-0.3031101759486273,-0.6356095084376199,-0.1585484680530362,-0.20922695259707833,-0.5390177621108637,-0.17643184580839855,-0.357580197171575,-0.5695353133354583,-0.025455320027364094,-0.5354586307317206,-0.646417640599989,-0.1564971576999344,-0.37958978569152746,-0.47746397725574063,-0.20289679578995645,-0.26244731983114966,-0.37449535780657534,-0.20126741658070038,-0.4767179763505319,-0.4354802486563755,-0.05000670264719266,-0.6415669268386021,-0.5267553722314955,-0.1813430824797633,-0.4593197425561033,-0.3961741304489203,-0.2105781884669009,-0.3126601147344688,-0.2873083806755903,-0.19176504218407606,-0.563833905776259,-0.2934893602452809,-0.08235762837779594,-0.7682767518356298,-0.4025629587140411,-0.15095721928698472,-0.884688246113065,-0.48186517765116843,-0.1836992489720129,-0.9999971346569775,-0.5560746765808738,-0.19757223140780458
19,j,0.0,0.0,0.0,0.15810175121249853,-0.24746800241812744,-0.07305037226056187,0.19548120863819746,-0.5148496129831049,-0.1166570628941504,-0.03538869737374979,-0.6397038969822981,-0.15941816687898014,-0.25851994107413395,-0.5736985143292875,-0.183737426635638,-0.05263687494504468,-0.7509172343584225,-0.08359617267760794,-0.12958242644273743,-0.9999976560171665,-0.21143307775207137,-0.08035369246949761,-0.8091906608885494,-0.27061748063658997,-0.042133446638111964,-0.6435969792229861,-0.28089092509269004,-0.24296158333779763,-0.6734921903701487,-0.10384369313578921,-0.3385657077134332,-0.9019554129197564,-0.23308835644791467,-0.22642440147878917,-0.6760285966697565,-0.27000084309470745,-0.15568878069827202,-0.542305727422644,-0.2653863391140205,-0.4052169103075017,-0.5732902750934257,-0.14084349994767908,-0.5185967657638827,-0.7485225661508004,-0.25100021966604635,-0.3575336035442159,-0.5605886140222732,-0.25765464495163215,-0.24245303069627228,-0.4278883686926457,-0.23449566062071817,-0.5463339812789023,-0.45227430612737163,-0.18270400994574712,-0.7309970597351572,-0.6498288447656341,-0.22738944080092016,-0.8194509898558519,-0.7739700373685784,-0.23401244829110399,-0.9132959971135078,-0.9158349880900024,-0.23436593778344997
19,j,0.0,0.0,0.0,0.1442585385717482,-0.3508630298663778,-0.08440552189964948,0.05793679611158175,-0.7030517177367802,-0.10182745407522721,-0.22575110572904106,-0.862609749044177,-0.11583908659040455,-0.46665469765167983,-0.7341067977625167,-0.10330547281996999,-0.13069734101508876,-0.8089227311641466,0.012397491683102026,-0.3501348588476194,-0.9863959112124665,-0.06874535500692794,-0.27575412303087277,-0.8262522449323875,-0.11355280477256643,-0.18526567039226566,-0.710808340147906,-0.1329147827514322,-0.28575368684101243,-0.6863939219799896,0.004528850208959701,-0.5116657304251417,-0.823331451585586,-0.11918110722216851,-0.3510632665000341,-0.6368096757894598,-0.17136872854967017,-0.21724177655380753,-0.531364399129914,-0.17951815680768687,-0.42730331278215405,-0.5556015569341833,-0.026142782446379426,-0.6255658585880437,-0.6969780811125847,-0.16345337754018782,-0.42671695005431326,-0.5484269307199464,-0.20968848149490096,-0.2572708054410756,-0.44011097185452447,-0.2061254052336917,-0.5447679857122105,-0.4129066523033441,-0.061942897582582514,-0.7680534569636853,-0.5645101117964575,-0.13899546300591326,-0.8850062061221304,-0.6663554955811422,-0.18029485350077498,-0.9999965115127166,-0.7709630220880389,-0.20362947794764594
19,j,0.0,0.0,0.0,0.16523636571249056,-0.25593962579313484,-0.10666220903455309,0.17705539960378067,-0.5372316222446998,-0.16547512758423466,-0.08373106847101382,-0.6742641403748488,-0.22213876118628587,-0.3139031919431049,-0.6231419648221882,-0.26227270467790337,-0.049376973630175076,-0.7634071471534957,-0.07559593337880899,-0.1433929680376349,-0.9883330433108489,-0.21307347484243835,-0.10259879882297972,-0.8520090492332445,-0.28514735803422775,-0.04277854164235033,-0.6870899186846515,-0.30419426200457617,-0.24123011978686656,-0.6721944984626878,-0.08929263678509547,-0.3654819454757417,-0.8595955822244241,-0.2515748010989216,-0.2540138575668715,-0.693361979492386,-0.32199369124355987,-0.15731714803409555,-0.5596019377965605,-0.33358321058171414,-0.41113172160547723,-0.5595056753820414,-0.12657779587789902,-0.5387427044676759,-0.6942691933279852,-0.29485524798857854,-0.36537038209101347,-0.526343570686421,-0.34925248108582874,-0.2211509388324262,-0.38464247400520324,-0.34271228191666375,-0.5536457008981898,-0.43243943676990704,-0.16861323773162545,-0.7639423840045951,-0.6113885914049991,-0.25773529852192784,-0.8857437518868341,-0.7390537961519192,-0.29836605931687465,-0.9999975076924058,-0.8765076851752527,-0.31671942452953117
19,j,0.0,0.0,0.0,0.08027084316810755,-0.2234811450381488,-0.06424426570148428,0.020205968327277224,-0.45347361522441004,-0.08560616755534892,-0.2040117822802341,-0.5126191991936667,-0.1039814081937442,-0.3625457629047889,-0.4164330051830589,-0.113326908093765,-0.2410975793137916,-0.5367657559872969,-0.03400372529574191,-0.3489050508982459,-0.6380325806210484,-0.0968683315880046,-0.2728411533568089,-0.5590361886583918,-0.13303994288526094,-0.18874936514898993,-0.4716776898401833,-0.14603141258605254,-0.3589958350975924,-0.43935862306096585,-0.04137023259748738,-0.48149106884287907,-0.5329102007484564,-0.1327477982467723,-0.31748213171070033,-0.4091082094545075,-0.1732319005699345,-0.19371804931867198,-0.30398907592434515,-0.178537720018955,-0.45233079796844566,-0.32169902580610693,-0.06162063196424798,-0.5634073363795691,-0.39675540526638997,-0.1601382496231512,-0.37267309463665,-0.30271671913336495,-0.18773524953661735,-0.2301928009303884,-0.2062628589533954,-0.18094154495748613,-0.5290922402493657,-0.18554711014393782,-0.08463889495725947,-0.7340376077799363,-0.2937507402255344,-0.14917316519308088,-0.8648447871542003,-0.36972944745837366,-0.18317768583745295,-0.9999982430778015,-0.4395652894088671,-0.20249075291548796
19,j,0.0,0.0,0.0,0.13184398471757028,-0.3041792185066633,-0.12433071794268444,0.0737319192375831,-0.5785350256715884,-0.1752285190139363,-0.20039170923664795,-0.7115901866381393,-0.2176343798528889,-0.4190282651647878,-0.6115459504338431,-0.2325714040278374,-0.18443612349065128,-0.7294876123238362,-0.02269905850428733,-0.33317278661615446,-0.8713341002132602,-0.12437213002143718,-0.23477349855007265,-0.7087024911235946,-0.17632169624937902,-0.14488837370983423,-0.5903727199749004,-0.19634173352981496,-0.31900526631884046,-0.6270342218928658,-0.013280301626990428,-0.47661055172729855,-0.740243340992052,-0.15176655122819574,-0.30619558170745853,-0.5614258771338866,-0.20427203110683953,-0.19136575493564245,-0.4726654236536909,-0.20992540357886008,-0.444736587963928,-0.49868687043393956,-0.03218715443256019,-0.5990942670060558,-0.6170133304643997,-0.18445332521559457,-0.38746822621112187,-0.4847214053516631,-0.2266435321539244,-0.2270459954144821,-0.38193702630166937,-0.21808098040021154,-0.5537702637653537,-0.35232392486972935,-0.05917322043267018,-0.7637555299711033,-0.47302311682628706,-0.15564856784820402,-0.8784694830052713,-0.5687194543747441,-0.20706318057389408,-0.999997932973179,-0.6699537064724218,-0.23314818542368995
19,j,0.0,0.0,0.0,0.1109675609950908,-0.2171423747168043,-0.08241990716063087,0.11945071659271393,-0.4564590425250017,-0.12881798013192156,-0.03532537083039526,-0.5892724168707058,-0.1674916223743114,-0.20746955918768822,-0.5787954557633428,-0.19512544052396605,-0.14203458330315774,-0.6556602104436464,-0.0962875529812874,-0.2599951821920066,-0.8540357209699131,-0.19283871345305473,-0.21573901189492897,-0.7944570534324179,-0.25191303863112013,-0.15931479715460806,-0.6768708591770172,-0.27989224877016433,-0.2846470135609057,-0.5781503843895924,-0.10660640402384963,-0.4136431730990641,-0.7546551023863369,-0.22351498497943573,-0.3029077132564416,-0.6109546272138474,-0.27462682537690897,-0.21413171141408605,-0.4713208755878068,-0.28981218480223997,-0.4113675911292241,-0.4685431625881146,-0.13030864624552185,-0.5380475509958605,-0.629690072833746,-0.24469725793166625,-0.3904489086626473,-0.5182912141178339,-0.28019688153277894,-0.26563198511984787,-0.3975667716884036,-0.2862218700999961,-0.5173417222691084,-0.33039683968917266,-0.1583204071559488,-0.7560716270418584,-0.4508175692690925,-0.24588585642496197,-0.8854415543505465,-0.5392676388223417,-0.296021722090688,-0.9999976256029459,-0.6306779179826659,-0.32815283619151164
19,j,0.0,0.0,0.0,0.17752427364243756,-0.29025920821286383,-0.1209452678731473,0.15536049139269276,-0.6048198257506116,-0.17146558100859902,-0.12686285781422563,-0.7685865481340877,-0.21190203292131804,-0.3717072855353133,-0.7073347131904308,-0.22586879918439767,-0.1083937103300264,-0.8058346650750293,-0.0553360387902403,-0.26541160990239526,-0.9822297558368634,-0.17354356141774785,-0.18240384066052032,-0.7999508350653058,-0.24027479823061124,-0.10203373938815732,-0.6650447882351213,-0.26914781091343254,-0.2813594920408887,-0.7128326336588792,-0.05385816746234335,-0.45353270351409236,-0.8809469811365699,-0.18863980737521666,-0.3128977376604559,-0.699167533441708,-0.24125201245290626,-0.20485385463931408,-0.6031108494018967,-0.2545331904906723,-0.4394661045794202,-0.5956716119152204,-0.07845265136453268,-0.6171339328545873,-0.7548896501269987,-0.22130344182090841,-0.4370111706623579,-0.6048152832091948,-0.2529533926634985,-0.2877166238943723,-0.49620058856319743,-0.2439415583101899,-0.5781846341530437,-0.45643053521929533,-0.11200802411469457,-0.7878911619004614,-0.6115648803171344,-0.19462887722941233,-0.8934149152112517,-0.7155781869870408,-0.22943993360517326,-0.9999982679273058,-0.8365066790182808,-0.2482326339257438
19,j,0.0,0.0,0.0,0.17695251991955963,-0.27047872668499934,-0.08562974702748288,0.1976567725618333,-0.5446988206472052,-0.13006050442355427,-0.045636647615997124,-0.6865171148762308,-0.1738812432823125,-0.2699202476497245,-0.6281728397866829,-0.1973605813684312,-0.029041924855256376,-0.7625082544583003,-0.05869008012520181,-0.11949624317144321,-0.9759515030866975,-0.18272367092091943,-0.06573406272416066,-0.7743713844889221,-0.24938616969674446,-0.013752374052586192,-0.6242492037447508,-0.2685277613125614,-0.22037279675685345,-0.6883799683531037,-0.07159836002443898,-0.3250107280327814,-0.8737271466626843,-0.20399696969172917,-0.20979178320809586,-0.6375812141148076,-0.24523941029624313,-0.12922507411853645,-0.5118325868015975,-0.24419600499491148,-0.38378508200552414,-0.5960398860868326,-0.10479394098514677,-0.5037163341619926,-0.774672193202067,-0.21501132469106934,-0.34969545789103057,-0.5815783023856603,-0.2120610393785054,-0.23318801645270038,-0.43150397262984186,-0.1801371618720828,-0.5284115042358822,-0.48399607184384585,-0.14644717507451951,-0.6824163576758958,-0.7114538599398045,-0.1892466125259977,-0.7610823675068852,-0.8547503146999456,-0.19125644466368594,-0.8416549492177424,-0.9999975672534321,-0.1865685159604389
19,j,0.0,0.0,0.0,0.12740336680493222,-0.2839855655090967,-0.06273124644880014,0.1369919062208916,-0.5720436962725103,-0.08796980229512918,-0.09317431606580188,-0.7103440523074008,-0.12206126911048668,-0.30165966417446516,-0.679604516502536,-0.1507916830873593,-0.11964360196111647,-0.7607112816130549,0.005907773298584906,-0.2809874458712344,-0.9999969759761471,-0.09320545470395078,-0.20756339049615444,-0.9396107125306283,-0.1682992233057465,-0.12309242639078292,-0.8419283571945133,-0.2083711578834181,-0.2875813804437487,-0.6747236386551995,-0.019678401489104578,-0.48607011249232357,-0.8942211080417174,-0.1255158276118145,-0.3680197037544653,-0.7912087922792695,-0.1867162278449481,-0.26676226175846623,-0.6723701233011562,-0.2096299274301741,-0.41831965629005696,-0.5545880555986102,-0.06310086313094108,-0.6117818718303163,-0.7313402625575494,-0.16251408573702097,-0.47939362531247226,-0.6359559519097395,-0.17684756382008546,-0.3539855802612981,-0.5271632863594229,-0.1629292032353511,-0.5321169835372489,-0.40150596127342963,-0.11442443194833875,-0.7131716142930957,-0.5323806832414719,-0.1753103482040677,-0.6279868765522335,-0.5019396796547336,-0.17056917216944767,-0.5231185690916422,-0.4492575977336255,-0.15368028082995264
19,j,0.0,0.0,0.0,0.18234442778686405,-0.31543614968960304,-0.07878016653839255,0.15756696092513428,-0.6439643310007904,-0.08970967823980805,-0.09165670240707914,-0.8099340604136144,-0.10234204374640862,-0.3042175059434199,-0.7644142334627287,-0.09382373234861836,-0.013625438423328931,-0.8116518635433227,0.061593036027690666,-0.16515127019506018,-0.999997499732869,-0.0246932868718161,-0.12818901408300262,-0.8569583575790174,-0.0797771234852307,-0.056843423338021094,-0.74789166251789,-0.10405626090107559,-0.1990466886810507,-0.7396617287129755,0.057679083983301634,-0.38744416782405283,-0.8935100055775018,-0.036584531465231135,-0.30526293409575284,-0.7441428748953759,-0.0781689580495807,-0.2000654409047639,-0.6709834327749015,-0.088704897347425,-0.3557491408803569,-0.6392957454372643,0.025887810866627333,-0.5430089438273633,-0.8097718439426501,-0.07512955080402521,-0.4614314206400614,-0.6906391213416376,-0.0915309157924642,-0.3637164509131475,-0.6291606436352829,-0.0782667946257755,-0.49274359584842675,-0.5103506029026723,-0.015709079309546358,-0.7005224038677239,-0.6414482991410844,-0.07505854849820523,-0.7440140033351863,-0.6719026718626603,-0.09107341057672609,-0.7605284895362954,-0.7265432447040727,-0.09139456491290252
19,j,0.0,0.0,0.0,0.15682328571417586,-0.30702904073659887,-0.060296477279513365,0.14141756394582186,-0.630210833635233,-0.07475454881877444,-0.12968713119101088,-0.8011802704194718,-0.10048348089101136,-0.3621458749567049,-0.7819729610460442,-0.11081435126890868,-0.08856933595705732,-0.7915574131918008,0.05522438608554498,-0.20953078098666333,-0.9999978378176014,-0.032246349466744616,-0.1535212219262174,-0.8590860481804146,-0.09548756612026135,-0.07938601071552442,-0.7107015703983095,-0.12155055313424268,-0.27977676883489394,-0.7199893497300829,0.034687884720720694,-0.4132154836988215,-0.9307974863187425,-0.08869818718550425,-0.31146624533496786,-0.7587688167551254,-0.16460343127176283,-0.2193669926207416,-0.6111851107061591,-0.18564525990620223,-0.44427952441859087,-0.6280867619655258,-0.0063525898791719675,-0.5951261803549752,-0.8540599441800053,-0.12825018596524757,-0.4638662450710659,-0.7034446208679042,-0.1670631768893941,-0.3464744106416813,-0.5552479155836157,-0.15998009734602833,-0.5897483090019302,-0.5052158884337579,-0.05275929469439215,-0.7876667721920866,-0.6884504005309353,-0.11003718802886796,-0.8988806079158564,-0.8156644635360502,-0.13773435638494827,-0.9913097190433713,-0.945474703634775,-0.15084232981072615
19,j,0.0,0.0,0.0,0.09298397516894329,-0.2459409542287756,-0.07369016153606306,0.05039558565183773,-0.4918045462165867,-0.10524111596094149,-0.16825485235396218,-0.5815450176589065,-0.13526849141023475,-0.34162907282573757,-0.5616423915054003,-0.1492803449124793,-0.21081006720183162,-0.6074840060149096,-0.03328024479799727,-0.33053758443663267,-0.751935149440544,-0.12169439228444953,-0.2465817419997169,-0.6362276815198332,-0.17220331056016064,-0.1570665591923323,-0.5465984947773894,-0.19074118656561545,-0.34881737103275384,-0.5199713359773763,-0.04076281098869981,-0.4735910409780581,-0.6646781554911192,-0.14880551546381787,-0.33550848231343844,-0.5292893391799421,-0.19159223919710436,-0.23051976361908372,-0.4362940791849882,-0.19724549515271597,-0.4697815284480337,-0.4156164710042455,-0.06540853534033703,-0.6141336237321169,-0.5758608643935249,-0.17299530480251255,-0.4506264880272924,-0.4699316982110307,-0.19209726915152014,-0.3137956612984188,-0.3729108824507403,-0.17876487604308922,-0.5717692991941141,-0.2914144522753475,-0.09521396171540454,-0.7775236283814214,-0.4167120508595914,-0.15508693174198843,-0.8922618929019295,-0.5011827804784623,-0.18101674267924786,-0.9999977189401988,-0.5935628135131978,-0.19358608440480896
19,j,0.0,0.0,0.0,0.15877978803686635,-0.3067938181619955,-0.09458307784235825,0.13370539738249707,-0.6192538825050411,-0.12676507673911436,-0.1047344720270452,-0.7976321386277101,-0.14904478559319642,-0.32971863462755785,-0.685531060165301,-0.15226597939254286,-0.12818836616885987,-0.7263896014945316,-0.05206300490388935,-0.249470636869082,-0.8990815278232918,-0.13663279903992917,-0.15316359398473822,-0.7589360375517742,-0.1858186750604691,-0.06765729843140926,-0.6444486179333384,-0.20871911268737553,-0.273313180300362,-0.6255568419750092,-0.053250507352882906,-0.4089698261946841,-0.7828487167248349,-0.16476139923594868,-0.23786827095919016,-0.61449045748329,-0.21450556635203133,-0.1279492456532583,-0.4911544804650172,-0.2278523038709787,-0.4048489198811932,-0.5108822368085992,-0.07310028047038936,-0.5380778021679672,-0.6535064842359396,-0.1911130017584685,-0.3313876142367797,-0.5188971673715653,-0.23746537223687134,-0.18507331675306263,-0.38440976431337387,-0.24414083957698557,-0.5230717345881637,-0.3790381823897384,-0.09839497305975657,-0.7542811895620417,-0.5269789387085776,-0.17040938580413573,-0.8753208094240893,-0.6353488584695394,-0.22005382130753515,-0.9999973676006955,-0.7361000283118224,-0.2549889912949926
19,j,0.0,0.0,0.0,0.151712155683639,-0.22903279637318716,-0.0847083463821698,0.18524601869851468,-0.5122006582412547,-0.11925966369353462,-0.019476668942389697,-0.6552532008836007,-0.1537748880370591,-0.23305001586100815,-0.6350507361921702,-0.17334631156393746,-0.06759557748359922,-0.7677352715636887,-0.05774204452167934,-0.201036425016334,-0.9999974841256088,-0.18369182516485671,-0.16119398733897963,-0.8700151133201731,-0.2483195878407563,-0.09205729355106387,-0.7256637861773226,-0.2625680718310874,-0.26301608291283046,-0.6850930034683378,-0.0777471741214769,-0.42989077160824873,-0.9258297811471055,-0.22456179242834662,-0.3405247706828119,-0.7798231448357039,-0.28836527457045696,-0.2476715011325934,-0.6606678771039239,-0.29603053618872915,-0.43059662296997087,-0.5712291466457837,-0.11689675053148119,-0.5667744252782465,-0.708854116697059,-0.2704892551787411,-0.41211102512374037,-0.5443202692500966,-0.31214801921173996,-0.27027568993903156,-0.4144280230820935,-0.2967420672021031,-0.5670153324829643,-0.4387640745136705,-0.1598642618862815,-0.7481246153275453,-0.6382523352091167,-0.2397106230462068,-0.8609835299574967,-0.7782796292065972,-0.266743084413315,-0.9637374632967483,-0.9223317905396675,-0.2736596629734147
19,j,0.0,0.0,0.0,0.12253233108165468,-0.3458992710625273,-0.08362956555372227,0.047781099974994426,-0.6501971695690278,-0.1084788763173657,-0.2220156788288104,-0.7875098864398445,-0.13364770718543922,-0.4435611897169703,-0.697678094105188,-0.14037138466796695,-0.20470002750895358,-0.7363595954535472,0.002741536452087686,-0.38547158217484384,-0.8902844097715539,-0.07817577309568784,-0.2905171856039905,-0.7514602501348658,-0.12558173041970197,-0.19170154425409083,-0.649589177518969,-0.1437953845824636,-0.3373102159541106,-0.6142473401824297,-0.00375717545961688,-0.5092571598639508,-0.7304716476173309,-0.11459055249271638,-0.34273242961637196,-0.5858973642538345,-0.17211552692132537,-0.22039442958562824,-0.4955222939957819,-0.19130359565089367,-0.4551895447274493,-0.48515595879068457,-0.0312577276230559,-0.6131420115787775,-0.60005579634462,-0.1534351126864638,-0.4160657987350753,-0.49561691246377393,-0.20213851867765956,-0.25857142488531193,-0.40508996211253356,-0.20718772992472592,-0.5559370819956038,-0.3505235953905146,-0.06382184255265407,-0.7752078818980281,-0.5004854713018624,-0.12200829134208672,-0.8876185839619947,-0.6095240579552164,-0.15317921595492143,-0.9999968346271684,-0.7106480880506453,-0.17338045933408427
19,j,0.0,0.0,0.0,0.11786883072353348,-0.2143865664832755,-0.10277947638098608,0.10149441738827265,-0.5204604735414425,-0.13416502531814958,-0.08684811775981892,-0.6743439862997395,-0.1640594272472798,-0.25810141170633355,-0.7007534184716157,-0.1823995646694919,-0.1914879038688856,-0.7684218806660196,-0.03877526891001304,-0.34405877954041075,-0.9600461924400034,-0.14629051106402108,-0.26462355916874314,-0.8859838461485,-0.21809915810528702,-0.17315564825937174,-0.7931014125868772,-0.24739506772352776,-0.3740332081411375,-0.668775012719642,-0.04895274165888401,-0.5373895563089904,-0.8544399910032915,-0.16777955088638694,-0.4178712198239607,-0.744655167746459,-0.2287698976814368,-0.3180574150846335,-0.6526449355780278,-0.24251154912109082,-0.5227228690583571,-0.5200358540186771,-0.08042670811407909,-0.6845650684614523,-0.674896448824471,-0.20894251474847703,-0.5420703021434096,-0.5544679206090437,-0.22911963998356852,-0.41744223903150224,-0.4546406116972935,-0.20773143481832265,-0.642639079448396,-0.32706968990552,-0.12009843301365442,-0.8439784084634451,-0.47496875246368403,-0.19729931712161336,-0.9266115429738954,-0.5306802420677057,-0.20451783587227054,-0.9999964737366904,-0.5822683876313306,-0.19312943097723329
19,j,0.0,0.0,0.0,0.11901295201953693,-0.32637769419542906,-0.08368115386607232,0.07590477494427245,-0.6397611080564054,-0.1173441649033039,-0.21192804940136645,-0.7747014406105661,-0.15198169016002233,-0.4332919629242422,-0.6736692778492803,-0.1778423388256791,-0.11389931216944982,-0.7391790829707674,-0.003686335324157584,-0.2508801017711013,-0.9348870894012998,-0.07108099076423358,-0.24117407022982956,-0.9229122991178305,-0.11537506988715797,-0.2106037973219926,-0.8632134225507165,-0.1387321112708457,-0.2922173075514723,-0.6482718362236989,-0.02339926192909448,-0.4541434798370591,-0.8058808967416016,-0.140227561218451,-0.31068435272081824,-0.6697790033381343,-0.2082524909567172,-0.18452230269624725,-0.5323450186828947,-0.23259826216056367,-0.45104666590607323,-0.5289917842866424,-0.06123325056031991,-0.605440870462236,-0.6811862489010725,-0.19783752556375594,-0.4300674500109969,-0.5679607647243102,-0.25080256724196676,-0.2850361711896792,-0.44777284573455334,-0.2553720378747254,-0.5995683078350198,-0.38379985923675275,-0.10333164424100398,-0.8003236051782376,-0.5686295938244539,-0.17210221844807938,-0.9028938362863458,-0.7121668854422912,-0.2060281257886458,-0.9999961878409105,-0.8418239566334526,-0.23009927033335825
19,j,0.0,0.0,0.0,0.1548409484719468,-0.2231804548241807,-0.09235119689758173,0.19064498030610297,-0.49905422620990647,-0.13772181981423368,-0.005121898858067564,-0.6425313358712369,-0.1790089314022556,-0.21605318400995416,-0.5883057381849204,-0.2109249109591632,-0.07731084620542526,-0.7638715036248434,-0.07372075221915501,-0.17957921383228972,-0.986705688414209,-0.1841279446766997,-0.1261512445832124,-0.9053745360277219,-0.25894681776790635,-0.06358850761513977,-0.7529390293820049,-0.28748205238099833,-0.2614925055492734,-0.6864551826975163,-0.08576665727599833,-0.3854878931793277,-0.8905653828121257,-0.21199576432275752,-0.26367965720013864,-0.726638733616354,-0.2766788860904915,-0.15844312271975497,-0.5639822241577701,-0.2926913880449282,-0.4228425579671577,-0.5720898689896738,-0.1142531871010693,-0.5427348630089434,-0.7533945410930754,-0.23495525451959867,-0.397476080526916,-0.6026562888551046,-0.27342911525189467,-0.2726720533622811,-0.45252866957671556,-0.27046949648710106,-0.5601721913004998,-0.4230587231939125,-0.1490387045047177,-0.7731584949351548,-0.6138064737418686,-0.2156173528737729,-0.8926341168722843,-0.7373194980375111,-0.2447319257487396,-0.9999967590252896,-0.8557629744817442,-0.2592799759039135
19,j,0.0,0.0,0.0,0.13985145266151566,-0.3037862861838046,-0.09975290191531234,0.0873493077030073,-0.6129738912662015,-0.13194248930652122,-0.16953563590515708,-0.7611481418195041,-0.15581628241088033,-0.38541232599098835,-0.6182948963793854,-0.1564289243789751,-0.1650920111949882,-0.7183369045271161,-0.03770478108898092,-0.3253036155811931,-0.8645751244995467,-0.12945278364184679,-0.2154570809132545,-0.7132155563621074,-0.18006565738185729,-0.11837349956928427,-0.6216965234460369,-0.2023394736858933,-0.30653100546354084,-0.6065787976881168,-0.038127824304690514,-0.4692382349699862,-0.7240060516863361,-0.150803728635258,-0.2882900621974585,-0.5570099272679602,-0.18830800054881744,-0.17823849320046425,-0.4741921904721025,-0.1914740636401241,-0.43113133862852066,-0.47605120308165394,-0.061350938060271074,-0.5807413498769111,-0.5898844585488201,-0.18364388153956146,-0.37024412223835146,-0.4531251733574793,-0.21304893968612865,-0.22346382758038866,-0.3408050434845203,-0.20380173099161009,-0.5361595665636505,-0.33181753193034647,-0.09166017136155907,-0.7608416311093167,-0.4575504108943149,-0.1608105465866128,-0.8756939869852833,-0.5474021088096381,-0.19739412632978326,-0.9999970897586922,-0.6358435452230808,-0.2192945290659436
19,j,0.0,0.0,0.0,0.13414873843159283,-0.26880911042440486,-0.12163238337454992,0.06613055067477368,-0.5623245617302558,-0.1666366571939236,-0.20804195536994924,-0.678905939301861,-0.20009792143456212,-0.41205571038028954,-0.5558743061154834,-0.20818120884599262,-0.1832551882091889,-0.6707162315995937,-0.05913700913128263,-0.3434352607179076,-0.787161581637475,-0.16493484647552628,-0.2524073354940143,-0.6363470048256499,-0.21856750616627596,-0.16014104960998166,-0.5448295505147676,-0.23956310094494132,-0.33121233664072525,-0.5611042247183349,-0.049000295767505045,-0.48175290298930507,-0.641861901111653,-0.17723166113411354,-0.3163674818510138,-0.4849339068654396,-0.21262807644924128,-0.206123287006773,-0.4200220778756239,-0.20894058255300654,-0.4548481021112543,-0.4320435111684776,-0.06532020975318657,-0.6009046908450414,-0.5197251590627618,-0.20233053709471283,-0.3981398386287041,-0.38867674317636347,-0.2239778100314266,-0.24306538956389656,-0.2928495965282722,-0.20236537289592743,-0.5490837266147754,-0.2877841012068096,-0.09096782397297358,-0.7491324065428756,-0.4118184273511498,-0.1724735667845649,-0.8710986890885689,-0.49816105421033896,-0.21085863454142062,-0.999997147295856,-0.5863186284382398,-0.22856504104603667
19,j,0.0,0.0,0.0,0.15293298972107255,-0.20356496915172495,-0.04273833218561564,0.09096667256178691,-0.47692581491813024,-0.01617187509527205,-0.18744972832901927,-0.6173215700813723,0.023953084667303434,-0.4037162714645355,-0.598635631434016,0.06246392842496093,-0.23935312641137715,-0.5197914858064725,-0.01949440549833878,-0.6009937986608319,-0.6840742494909192,-0.03485025151711033,-0.8315256816580958,-0.765826431146231,-0.04885788449874724,-0.9999968417433601,-0.8309044673331583,-0.06648042305258099,-0.44311951960179397,-0.47520203928981114,0.006626253838613783,-0.6899255236915355,-0.7319224357587908,-0.013865118354149367,-0.6011152178243424,-0.681196144698807,-0.02328863082110294,-0.48419966992285357,-0.6158159724538418,-0.0185822219722982,-0.5972162508249163,-0.37875945657708227,0.032382913053658986,-0.8067172052215671,-0.6608547639988747,-0.01531672151499953,-0.7150856450853319,-0.6118767206466772,-0.011402373431251913,-0.6064456132258369,-0.5510035524525165,0.0067892637717957855,-0.7167832544132976,-0.243871990008385,0.062090423312092226,-0.9112080901307748,-0.44411365076845916,0.017276663126641164,-0.9217673218039746,-0.44830063531853825,0.0195835919370726,-0.9093320228694634,-0.4363665433961925,0.03213447438537525
19,j,0.0,0.0,0.0,0.09324620620407391,-0.23390967140388116,-0.10090227455398366,0.04006358593973751,-0.4707666830435182,-0.15112282801509447,-0.20122296798274442,-0.5454629714309729,-0.19162611885835176,-0.38213039914292873,-0.443601412707945,-0.21325346431415834,-0.20441750533993489,-0.5673509330003258,-0.06766761533437465,-0.30617301970142696,-0.7283060063936413,-0.1536245956029114,-0.22900201419137448,-0.6354015350093872,-0.20095445953065275,-0.15426630240687533,-0.5408371620868885,-0.2206548311813381,-0.3397184078601786,-0.4848252102628579,-0.06187957580565583,-0.4489840466692542,-0.6264705991777739,-0.1488243720507584,-0.32083976559855193,-0.5101800771364778,-0.17406201479353142,-0.23278666030764153,-0.4450191512898834,-0.1751521403695167,-0.44801395651113557,-0.37973021381573835,-0.07555616026291652,-0.5868493659816562,-0.5363632929994065,-0.17016271066305755,-0.44992458562428145,-0.4435212583384981,-0.18205736411178594,-0.3414398308190183,-0.3570776475557804,-0.1721852355374664,-0.5316075760435023,-0.24867128189323084,-0.09714514472665704,-0.7492883085806423,-0.32767550805523415,-0.16275626059667345,-0.8765332066307111,-0.39389347782125583,-0.19512548472088176,-0.9999978062525783,-0.46722001564241167,-0.214384386241314
19,j,0.0,0.0,0.0,0.08516485937886761,-0.22439831986048897,-0.1230336904705227,0.03788683218713139,-0.45018650412016764,-0.1810390928061662,-0.18881340609233926,-0.526202917808159,-0.22555203802395107,-0.35913515185208694,-0.45987227292542027,-0.2512051234552051,-0.1797704602498342,-0.6225724021089106,-0.10978927723536877,-0.2885219392377945,-0.7700525052590288,-0.21072857965610778,-0.20790247177414212,-0.6529035373281462,-0.2671405836829973,-0.13981933345874342,-0.5242809981682633,-0.2883437218155703,-0.3307634520757778,-0.5461862406392459,-0.09413751692034399,-0.4539548846690053,-0.6806589670725057,-0.20481658385145676,-0.3209612917374031,-0.5267272848008056,-0.2434515252872608,-0.23973893748842307,-0.4314217686065019,-0.24698562783273165,-0.4484424108103875,-0.4415414963022206,-0.09789432950335147,-0.5839838037239093,-0.5723455046614874,-0.1971426444759061,-0.4340512918177941,-0.43713427928962917,-0.21302337932688628,-0.33162880710735687,-0.3208145031494535,-0.20049740795726823,-0.5424743829511415,-0.30802211262833123,-0.11167813918829594,-0.7581245443322193,-0.43818358277477854,-0.17559538605519115,-0.8799449060215134,-0.5191166310967812,-0.2099457131193331,-0.999997611344475,-0.6028573137101197,-0.22803119547632153
19,j,0.0,0.0,0.0,0.01719164844198155,-0.22881095779332106,-0.11398345445207399,-0.10604762029399221,-0.4249534171179821,-0.1630358001259826,-0.3383817820210293,-0.4454757280539497,-0.19903911109866232,-0.4885399422013139,-0.36202737386075984,-0.21037764008837656,-0.3031551650465491,-0.523883235102587,-0.09754000287635561,-0.4609710331395746,-0.5824335743706879,-0.2036340283685041,-0.3302795354976864,-0.4669042394616901,-0.26479261921492403,-0.23291169091705735,-0.42323662099011267,-0.2914443641680679,-0.4020778959080019,-0.414445449018882,-0.07823562475611115,-0.5514183733090378,-0.45544117449752597,-0.17808749411041133,-0.37778071681954073,-0.33193592460271565,-0.20846230938307797,-0.2949641630077575,-0.3232822142818851,-0.21622613388476103,-0.48282063381755463,-0.29858820386149026,-0.07886099202740819,-0.6368161620149092,-0.33256758229036754,-0.16736233422544972,-0.45315598157993964,-0.23657425908457008,-0.17401905733983133,-0.324790820221588,-0.18048429310029218,-0.16143910457501984,-0.5422898257370152,-0.1733126001161978,-0.08999819202032963,-0.7491750319519097,-0.254158505610428,-0.13746033470911617,-0.8723240706703025,-0.3040026708205386,-0.16278500396087972,-0.9999984039973698,-0.3572952684368812,-0.17946339485820542
19,j,0.0,0.0,0.0,0.12644712465126923,-0.34660910196730155,-0.09289767884757583,0.03767338306561415,-0.6506552516111934,-0.12220766256032228,-0.24212361637476365,-0.7790176514280052,-0.1510742506623168,-0.4677247217075766,-0.6432116668921775,-0.15983805076260763,-0.20148577472041296,-0.7257477132332304,0.008854722613461128,-0.39439177492135424,-0.8873961995422472,-0.06986263998469652,-0.3083736766190082,-0.75579120444591,-0.11761853719900775,-0.21180605507371053,-0.6603296987576232,-0.13799669565613654,-0.3325421567792571,-0.5934064739553926,0.003245480357354759,-0.5256573505742227,-0.7060960934907907,-0.11456867995954609,-0.3660335594073694,-0.5692138778970984,-0.17680026319073225,-0.2308479681702756,-0.4861867183852642,-0.19705160039578754,-0.4540210281445987,-0.46042460293889276,-0.025265688983945968,-0.6255143806128987,-0.5527186036341166,-0.15862960784016536,-0.4298183128663405,-0.45593422272285883,-0.2174960657510222,-0.2583506840226222,-0.3769598580927229,-0.22578822272174776,-0.5573549086763618,-0.3284939959328694,-0.059230336557400634,-0.7691153799741594,-0.4708520335372308,-0.11909121470630711,-0.8880460993515307,-0.5770953316668977,-0.15115810069409882,-0.9999968266852508,-0.6707861630057647,-0.17226908691383833
19,j,0.0,0.0,0.0,0.1125460049037976,-0.29541484237224436,-0.09973507766474185,0.054219311496180984,-0.5794372973001334,-0.1331215961201997,-0.19235161962039993,-0.7183002449591437,-0.16560939301474917,-0.3963413945845742,-0.6165208947962387,-0.18031147812669013,-0.20966887833165804,-0.7032078494668113,0.004149001070704205,-0.3713903903667839,-0.8502896991792319,-0.08881002811922152,-0.310188110423783,-0.7535695239517535,-0.14639056362752514,-0.22656812201521423,-0.6735175501599409,-0.17286169577775934,-0.33641782787815233,-0.5963028977068393,-0.004040741068852673,-0.5101407459091787,-0.7020960090331397,-0.1451019885038822,-0.3436631708898013,-0.5531297596143276,-0.21187823657420973,-0.2080737785602267,-0.4597302188065738,-0.22615374804528834,-0.45082684267334705,-0.47237041711659933,-0.037657810525271944,-0.6058920915012262,-0.5574057878560447,-0.19538448574023065,-0.39729270391928123,-0.46124094166961066,-0.25366032459398213,-0.22925087775612757,-0.37540210928653667,-0.25193398379688253,-0.5530969762295375,-0.3371964601385464,-0.07750095615399898,-0.7548181947094837,-0.4870590932867286,-0.16717471902360054,-0.8776528081120283,-0.5962714041601392,-0.21411996173900083,-0.9999981966756464,-0.6924798898686219,-0.2382337535498047
19,j,0.0,0.0,0.0,0.10870038880823232,-0.3077847033118071,-0.0892450486730232,0.01638330796477716,-0.6068748862836887,-0.11740570546302141,-0.2534269724093092,-0.7136390013927538,-0.14192872404418577,-0.4673775930424869,-0.5819465751767653,-0.14593858514363833,-0.21322122619209904,-0.7050470467319538,-0.020228613205629496,-0.3909893779740347,-0.8305150182960114,-0.11068954843319649,-0.3072327197751619,-0.6912774310565142,-0.16063448628037813,-0.2073860706634706,-0.6081851974850847,-0.18020371899638774,-0.3575631884964552,-0.5806367837338784,-0.02766702476472202,-0.5374828806267363,-0.6765109185606552,-0.14465603770926913,-0.3922385309241954,-0.541596682599703,-0.19315453093888438,-0.272561362162658,-0.4644641733462453,-0.2037112593904329,-0.4810453360501464,-0.44850828012877,-0.056873757816986045,-0.6419452451783313,-0.5390874617706909,-0.18810880195913343,-0.45137890637443046,-0.4285005228273269,-0.2294556779830334,-0.2851767674422626,-0.3400374513287156,-0.22608920211970857,-0.5745795180690355,-0.3139577018713389,-0.09167992237863197,-0.7827577007003472,-0.43373275848542014,-0.1543811525462863,-0.8960854995149375,-0.5153719205182925,-0.18182810510519887,-0.9999970932997418,-0.5964764242981556,-0.19783034345640066
19,j,0.0,0.0,0.0,0.11663764586848353,-0.30987161774186617,-0.12053973358925167,0.016564739064347897,-0.6047245746125105,-0.16316847277052376,-0.2760361389229541,-0.7202674445228021,-0.197508312704718,-0.49679392761510344,-0.5892643467176657,-0.2026567752492845,-0.21671387689111568,-0.7127401474776981,-0.026100803313310255,-0.41449348011433024,-0.8441837042336252,-0.1260867560806422,-0.3090776044095512,-0.6760897679247566,-0.17722185380230707,-0.20987405989031863,-0.5922150655216963,-0.19797720559586304,-0.3513723486734885,-0.601487260685243,-0.019445576900768268,-0.5506645504606854,-0.6875980540636385,-0.14841759946491412,-0.37082512127878947,-0.5177572409348413,-0.18527140931763447,-0.2494799071308571,-0.45795858673322587,-0.18472491175420727,-0.47297851397339874,-0.47408120473753473,-0.04115468259760658,-0.6395314375649455,-0.5543474679626074,-0.1848241832077615,-0.4326608090862453,-0.4259822958305896,-0.21043142976715745,-0.28304968591422475,-0.34445631209144945,-0.1909824364816948,-0.5740351520083301,-0.33742930993007375,-0.07244347614229782,-0.7657124398486215,-0.4590911163157712,-0.15023913269191072,-0.8727005126061423,-0.5488270491126965,-0.1811018499722378,-0.9999973442318216,-0.640929983775273,-0.19480287373689595
19,j,0.0,0.0,0.0,0.13224585795569516,-0.2721195978117912,-0.10138081541506777,0.1101351128803232,-0.5623897575940751,-0.14302497032927805,-0.13140238200530385,-0.7105695073977071,-0.17632471475774955,-0.33412365002639044,-0.6983770655594578,-0.18193967497705363,-0.15171769082385436,-0.7432901938908955,-0.0663842763485848,-0.2695972357119957,-0.9094220377701665,-0.17302528052633234,-0.1771626158752531,-0.7452987172169437,-0.22372544684163664,-0.10654141735369792,-0.6403372293254268,-0.23916584073258354,-0.3094240004023516,-0.6666536588132567,-0.0630909733484888,-0.43563551687527785,-0.8186607588787556,-0.17886382589439168,-0.28509245150684226,-0.6417904760800216,-0.20968283506182187,-0.20236536674151676,-0.5726526196478917,-0.21024573628887522,-0.446245760758771,-0.5679306767362732,-0.08109198494596401,-0.5990138140558714,-0.7410839084232391,-0.19365437227897386,-0.4177439663459225,-0.5802265114250038,-0.19613604014251826,-0.29185790294111275,-0.4602114076266051,-0.1737615575998107,-0.5675387316302314,-0.4435586556870726,-0.10793631786150701,-0.7687684909886221,-0.6135899374811546,-0.17070333974555238,-0.8791088772415243,-0.7258406465370738,-0.1944907150804899,-0.9999983084893365,-0.8521278802510643,-0.2066080320062918
19,j,0.0,0.0,0.0,0.07118756984850248,-0.22945733824926814,-0.07745467607556489,0.0009911573983030228,-0.4631371260887998,-0.11087627575357434,-0.22368240328519365,-0.5360482847428913,-0.1363103495082507,-0.3963159294433726,-0.4574450248587177,-0.14701567127587778,-0.23208057906264054,-0.56624881701798,-0.06252559021750106,-0.36630332620227923,-0.695967285730217,-0.1378702769753501,-0.27752122411524044,-0.5979256017460649,-0.18812351343751843,-0.18943997307440308,-0.5114206507775614,-0.2135668978980371,-0.35880130788446285,-0.47221440905727513,-0.06325330964724316,-0.5041435778186181,-0.6083216236452413,-0.14990952925106485,-0.3724103726685796,-0.49547865153217374,-0.19088941594353634,-0.2732042922971418,-0.40556120957860137,-0.2020386585758154,-0.4630133931986486,-0.36181140812112167,-0.07693300960374486,-0.62565147621813,-0.4974623900335828,-0.16018565255598008,-0.47761866306173356,-0.41912588065840656,-0.18681876887789217,-0.3488608715222446,-0.3365744285001099,-0.1878355529626491,-0.5406270488170316,-0.2306784886871095,-0.09536796449456715,-0.7566668105781857,-0.30745953585115937,-0.15015709210214923,-0.8825586843492464,-0.35953671612906424,-0.18268667600722782,-0.9999978285633637,-0.41346963090381805,-0.20301918672348696
19,j,0.0,0.0,0.0,0.12165836434746215,-0.2667083431305986,-0.08880930270088748,0.08006931642645511,-0.5555379784254697,-0.1224801743007638,-0.17985753362779527,-0.6883429704497203,-0.1541987451870752,-0.39356960473051666,-0.6043276895419751,-0.1648826212341416,-0.1393608588946626,-0.7382488933153043,-0.01055665348373865,-0.27340886911140255,-0.9004174794196673,-0.099335930881948,-0.19895096096420894,-0.7521217807636571,-0.15358558483803642,-0.11882073543864145,-0.6270547647031955,-0.1787851624874286,-0.30379379326637285,-0.6580671050868676,-0.021310708725699668,-0.46194101362537215,-0.8045727588309461,-0.13384238605831145,-0.32975871212385766,-0.6352442556180773,-0.18487890782224736,-0.22959023311581753,-0.5387489103335789,-0.19701004444824494,-0.4455558358700094,-0.5453540820695655,-0.05407779234139203,-0.6135058506527079,-0.692064988976084,-0.17736116288341708,-0.44744475305231046,-0.5600417337342346,-0.2120850070976794,-0.3130568595609545,-0.46118920631408655,-0.20735829035606446,-0.5634497553531053,-0.40486834763155394,-0.09328216370690223,-0.7685647696553326,-0.5439167848540452,-0.165413002967016,-0.8839797413123981,-0.6514385673602732,-0.20043799279393726,-0.9999982381291169,-0.7666268101466772,-0.21964239545877684
19,j,0.0,0.0,0.0,0.2209092326746511,-0.23883494335379796,-0.11969125603774734,0.22579518785306527,-0.5753283557338075,-0.16158552626192252,-0.051514036923047124,-0.7673569993457844,-0.1932802565628843,-0.3112094622379066,-0.7113007218739901,-0.2008375794389768,-0.011617221587219794,-0.8169201496004794,-0.06494279727597235,-0.17267445445636892,-0.9999980053356677,-0.18566445404878854,-0.12447998037487577,-0.8068086263624183,-0.252729943209457,-0.04315205800628139,-0.6648128129236766,-0.2836559969369898,-0.21566125361268934,-0.7489412188971849,-0.06353680410886293,-0.386462814066587,-0.9273748253834344,-0.21454110483850952,-0.27477541426505625,-0.6979676616373914,-0.262917616298885,-0.1737768736551193,-0.5651649959068378,-0.26311426244121267,-0.40172215048093207,-0.6426655114212104,-0.08763932437992975,-0.5733410288945827,-0.8315658882273075,-0.24179410228877143,-0.4150456994168135,-0.6344824044035571,-0.2669209227707451,-0.27757120166524113,-0.48434586868098295,-0.24559874146690147,-0.5583761266830638,-0.5021117895080812,-0.12015963558314255,-0.7497691181789857,-0.701925313865809,-0.2188941448100217,-0.8579582615767386,-0.8375382717301413,-0.26392676530497755,-0.9673254984595727,-0.9806991897839226,-0.2848185751127763
19,j,0.0,0.0,0.0,0.2061126311647053,-0.3214660198196287,-0.07196970369820571,0.22626980381710082,-0.6405304001801583,-0.10799842760231655,0.04156340530857302,-0.8613722064543968,-0.13941978681045103,-0.20392404112787618,-0.8013894101024351,-0.15391913685982742,-0.06818015345017395,-0.7951678765529417,-0.07365892673205046,-0.17396885852433966,-0.9999968354349925,-0.15801910040157563,-0.08715711341098625,-0.8235243868426676,-0.20585620524534065,-0.011918318544090794,-0.6847852638387714,-0.23299338719590185,-0.21609850939790112,-0.6894977208916991,-0.089907263762051,-0.3172427559288587,-0.8781320943396347,-0.19423207928274316,-0.164406815662406,-0.6818217171384662,-0.2402985114214337,-0.06579577297481783,-0.5465351453742598,-0.264915150832273,-0.3592158499007079,-0.5761588234539898,-0.12080304919065694,-0.45834126689066895,-0.7543657527567915,-0.24103149951788447,-0.2425479491397203,-0.5963495709600056,-0.2899770107212801,-0.08421855922812312,-0.45399360628100827,-0.31082958838257674,-0.4868167038388642,-0.45589992233782234,-0.15345158816088833,-0.7098633217084225,-0.635416742488746,-0.234028926220481,-0.8319618607310965,-0.7568537814459921,-0.28699637008215845,-0.9545912785487938,-0.8820877968266951,-0.3326817488523213
19,j,0.0,0.0,0.0,0.09324620620407391,-0.23390967140388116,-0.10090227455398366,0.04006358593973751,-0.4707666830435182,-0.15112282801509447,-0.20122296798274442,-0.5454629714309729,-0.19162611885835176,-0.38213039914292873,-0.443601412707945,-0.21325346431415834,-0.20441750533993489,-0.5673509330003258,-0.06766761533437465,-0.30617301970142696,-0.7283060063936413,-0.1536245956029114,-0.22900201419137448,-0.6354015350093872,-0.20095445953065275,-0.15426630240687533,-0.5408371620868885,-0.2206548311813381,-0.3397184078601786,-0.4848252102628579,-0.06187957580565583,-0.4489840466692542,-0.6264705991777739,-0.1488243720507584,-0.32083976559855193,-0.5101800771364778,-0.17406201479353142,-0.23278666030764153,-0.4450191512898834,-0.1751521403695167,-0.44801395651113557,-0.37973021381573835,-0.07555616026291652,-0.5868493659816562,-0.5363632929994065,-0.17016271066305755,-0.44992458562428145,-0.4435212583384981,-0.18205736411178594,-0.3414398308190183,-0.3570776475557804,-0.1721852355374664,-0.5316075760435023,-0.24867128189323084,-0.09714514472665704,-0.7492883085806423,-0.32767550805523415,-0.16275626059667345,-0.8765332066307111,-0.39389347782125583,-0.19512548472088176,-0.9999978062525783,-0.46722001564241167,-0.214384386241314
19,j,0.0,0.0,0.0,0.11663764586848353,-0.30987161774186617,-0.12053973358925167,0.016564739064347897,-0.6047245746125105,-0.16316847277052376,-0.2760361389229541,-0.7202674445228021,-0.197508312704718,-0.49679392761510344,-0.5892643467176657,-0.2026567752492845,-0.21671387689111568,-0.7127401474776981,-0.026100803313310255,-0.41449348011433024,-0.8441837042336252,-0.1260867560806422,-0.3090776044095512,-0.6760897679247566,-0.17722185380230707,-0.20987405989031863,-0.5922150655216963,-0.19797720559586304,-0.3513723486734885,-0.601487260685243,-0.019445576900768268,-0.5506645504606854,-0.6875980540636385,-0.14841759946491412,-0.37082512127878947,-0.5177572409348413,-0.18527140931763447,-0.2494799071308571,-0.45795858673322587,-0.18472491175420727,-0.47297851397339874,-0.47408120473753473,-0.04115468259760658,-0.6395314375649455,-0.5543474679626074,-0.1848241832077615,-0.4326608090862453,-0.4259822958305896,-0.21043142976715745,-0.28304968591422475,-0.34445631209144945,-0.1909824364816948,-0.5740351520083301,-0.33742930993007375,-0.07244347614229782,-0.7657124398486215,-0.4590911163157712,-0.15023913269191072,-0.8727005126061423,-0.5488270491126965,-0.1811018499722378,-0.9999973442318216,-0.640929983775273,-0.19480287373689595
19,j,0.0,0.0,0.0,0.09677715276310123,-0.297514762772832,-0.09088032968724909,0.024614379990884568,-0.5938127265875952,-0.11696700718043694,-0.24105397004099266,-0.7129373662395351,-0.14035466659675963,-0.4397125614874555,-0.5720374719755132,-0.1423122976338199,-0.2514233451611017,-0.6844925655008312,-0.0075424489099546,-0.3991728635678768,-0.8283975319624898,-0.09861234152329802,-0.2868311444760463,-0.6793318089339005,-0.14230355361710156,-0.18969903336244678,-0.5950418700398546,-0.15356073068234422,-0.37470813349779414,-0.5682218321352117,-0.013926646199200874,-0.5395628977363155,-0.7056421491705156,-0.15320774853376676,-0.36029182169886476,-0.5465354795383094,-0.20401215054979674,-0.24044670755484426,-0.45471539918799386,-0.19967047553654607,-0.4817766961545374,-0.4431859664690781,-0.0421966596609913,-0.6172290409317704,-0.5546703929248821,-0.18329289161619539,-0.40001483387120185,-0.44663495317491136,-0.22036466648413755,-0.24299996043660127,-0.3514651834974712,-0.20100611732245863,-0.5731129589606107,-0.3117705961472835,-0.0761282056858835,-0.7676067996082586,-0.4547864341721082,-0.14114955998035342,-0.8784379965798096,-0.5658895890134812,-0.1730432256042242,-0.9999981832785486,-0.6677672918630747,-0.1859023444320307
19,j,0.0,0.0,0.0,0.14415138150844806,-0.25673406140071753,-0.0866512020246721,0.11552381873341262,-0.5228723066837108,-0.11001023851821078,-0.12960248001008312,-0.6466793862372165,-0.13144938313007828,-0.3209417093135938,-0.5743002457446235,-0.1363898358404827,-0.11359293791694194,-0.6763181723394324,0.03499213902926862,-0.23044128959152016,-0.852318055290985,-0.023038126589320612,-0.18948419368408748,-0.7713669595782645,-0.06852550567434076,-0.12351721300042609,-0.659677046605423,-0.08759383716115883,-0.2806328829903797,-0.6031347280072402,0.040535548128041936,-0.40386753815671433,-0.7752568528842925,-0.033378222965617585,-0.3241947787651395,-0.6524539637396954,-0.0803403903602951,-0.24641235748470455,-0.5468088440213593,-0.09122389171712011,-0.41488115712033774,-0.5053404825356475,0.023909201433991382,-0.571739505041763,-0.7023592070446112,-0.05898658883265078,-0.4971058315918439,-0.6130124617198089,-0.09419775603703479,-0.41497217135679476,-0.5061565079056993,-0.09413806241944946,-0.5274339815850422,-0.371159365880166,-0.0013122193944493433,-0.7490671615929007,-0.5175517661108298,-0.05555486515758247,-0.8880321795770626,-0.6144886850550695,-0.09135686213758018,-0.9999976864159029,-0.6975884752001453,-0.11008878139101688
19,j,0.0,0.0,0.0,0.1658378764295711,-0.2988066518346704,-0.10527522524049002,0.14679975506285745,-0.6054697583828123,-0.14779197663419086,-0.0957325878341872,-0.7887030205376344,-0.18318343599949005,-0.3273858393597803,-0.718561126680887,-0.19753998872936304,-0.12648747052603465,-0.7462709825286129,-0.04766933019187996,-0.2695159026551422,-0.9029000293075493,-0.15517968972310303,-0.16591805022324585,-0.7347596569319931,-0.2174459798712727,-0.060274227208235255,-0.5973862471768897,-0.24502605342870984,-0.269172663409861,-0.6489508458605573,-0.046001001644350996,-0.4119554190291764,-0.7873905593773126,-0.19131884473308405,-0.24450144820196204,-0.5929362553879497,-0.25333773678927973,-0.1322873751010845,-0.4543526599190142,-0.26616979483491615,-0.4071443758709286,-0.5342526162312894,-0.06675869507739149,-0.5512650028188586,-0.6724705437976921,-0.21294864938122104,-0.34939862391004395,-0.5205465137972685,-0.2568213919964447,-0.2003164548207302,-0.37924335707657614,-0.25243924401035767,-0.5279604353300102,-0.39679472391816795,-0.09362074864278395,-0.7531282270966361,-0.5518396842631548,-0.18290742501929838,-0.8763188004200134,-0.6713609215659452,-0.23629563126907438,-0.9999974182474971,-0.7884667309787331,-0.2669024963643942
19,j,0.0,0.0,0.0,0.16297354919879362,-0.31106696165629033,-0.09983281751299479,0.12557083987056,-0.6208589419787364,-0.14561165863611658,-0.13031587690895988,-0.7877390777037524,-0.18226862436059632,-0.37074251349593945,-0.6674326074424373,-0.19842806882713213,-0.15234842874426058,-0.7562603367187164,-0.05961489011358057,-0.29685304778888033,-0.8921978727846246,-0.1522233162066755,-0.1984421752697253,-0.7414207728345167,-0.1998595661673603,-0.11049429738021263,-0.6156962529174822,-0.2212226658605561,-0.2964082367922956,-0.640977779787033,-0.06332323890205205,-0.43681565968408487,-0.7565570981877706,-0.1869637940455537,-0.2502848472406251,-0.562831476154728,-0.2304037238094232,-0.1302666926699481,-0.4346881515407029,-0.23562615433270936,-0.42148408780626895,-0.5063015627663546,-0.08778357942412907,-0.5570441306976742,-0.6345707460391303,-0.2242145414636082,-0.33467804603792217,-0.4948580298229453,-0.2664988693155109,-0.17822944027786075,-0.3715119073493023,-0.26676956893401144,-0.5287540850734866,-0.3467396112371968,-0.11708524506868143,-0.7563386671734389,-0.46476986141360616,-0.20802052726679054,-0.8752020685500782,-0.5516014061206997,-0.2602234489479269,-0.9999972216343378,-0.6425664141467639,-0.2922748882311533
19,j,0.0,0.0,0.0,0.05201133080297086,-0.24351508208454914,-0.06829427440002463,-0.03005900459149033,-0.4799250911689731,-0.08768420941589285,-0.24941621290667426,-0.5786511995790379,-0.10676678155946061,-0.4220166609881542,-0.5195505740147506,-0.11686437653188589,-0.14663878102874311,-0.6379321975208964,0.008750173884577871,-0.23355651112048206,-0.8286085296184256,-0.0472733377991926,-0.22765885568135447,-0.8440878159817096,-0.09358125666299588,-0.21094511327735227,-0.767104468188375,-0.11195204430329952,-0.28640589577947434,-0.5836680539512745,0.0024847697075107535,-0.41459525862759494,-0.7841807625466782,-0.04077224292174851,-0.3898608188189416,-0.7811056741628146,-0.07511479172877057,-0.36332814633971255,-0.7201705329294575,-0.08775994669986625,-0.39510204391749804,-0.4782192341784715,-0.02214411185893617,-0.5302277151673844,-0.6228915044918992,-0.09541526840153093,-0.45077149335599603,-0.5769123959577198,-0.13940077560992925,-0.3735336085119233,-0.4807907395659948,-0.15009670120766466,-0.4885371597444819,-0.335184703348794,-0.05218186013916793,-0.7201524609378704,-0.4436497385174828,-0.1204653511824764,-0.8702051106850752,-0.5334637137840331,-0.16668889209132867,-0.9999976677099508,-0.5943525629158631,-0.19329539908233997
19,j,0.0,0.0,0.0,0.16030125995174718,-0.3166321515357045,-0.126468280707657,0.10789735083076042,-0.6299900268830716,-0.17480334550851184,-0.1640586174615049,-0.7906296625466435,-0.21343649428614941,-0.39563292544597256,-0.6766167822338438,-0.22589340689520165,-0.14816707979614926,-0.7635293692607189,-0.038366734938921544,-0.2985373429739576,-0.9020678156824777,-0.13085524107912283,-0.1973589357033512,-0.7261743622066645,-0.17894652265425634,-0.10573967510981486,-0.6111474924499088,-0.19923495361317584,-0.29308447504369295,-0.6590657027028913,-0.03065246992111145,-0.43756149615910117,-0.7669683044175802,-0.15838222338094418,-0.2767769798564693,-0.5751813004375721,-0.2048740528934374,-0.17116210075468807,-0.47126140666790495,-0.20987190985261608,-0.4290352858654957,-0.5377790791855275,-0.049608314053714256,-0.5801462737361487,-0.6552606059067505,-0.1894679156899039,-0.38683830746888953,-0.5202526788090388,-0.23236122693147596,-0.24112767868921645,-0.41183995372069787,-0.22713876341225644,-0.5440490721697963,-0.4002719063673225,-0.07734873931755767,-0.7599882606540824,-0.550348820162993,-0.15375073590853386,-0.8757914298422982,-0.6557740548402239,-0.19613546622360784,-0.9999970634928714,-0.7602704956652384,-0.22023544819016364
19,j,0.0,0.0,0.0,0.12358736343054234,-0.2623499611165144,-0.10373335174647175,0.09624300312169518,-0.5144187126142432,-0.15059006962724017,-0.10047214898054016,-0.5868015332680283,-0.1936351635266701,-0.2644096946155176,-0.45840960448751494,-0.22940647521325092,-0.1864081008813458,-0.6475310735897858,-0.060968822932099445,-0.32231608922344235,-0.824016886951799,-0.16051087766553637,-0.2705439188890179,-0.78989063488771,-0.23936747581970513,-0.18784260569432779,-0.6845021211068747,-0.2818304802343362,-0.3308616703222853,-0.5469060449021416,-0.0676862832882019,-0.500288583762991,-0.7139630269865264,-0.17916365675525617,-0.4035633684554688,-0.651459884798223,-0.2540415358740234,-0.2918166862882429,-0.5584287363746815,-0.2902796484856345,-0.44960314156590403,-0.4185140174895591,-0.09311581910106588,-0.6147696920978948,-0.559401544472209,-0.20623502815485342,-0.4803886761335609,-0.493922475495038,-0.26561739003180784,-0.33442465518643283,-0.39649233678966217,-0.28508716320789546,-0.5412741537565646,-0.26395795973904224,-0.1276989225802146,-0.7621832592485425,-0.3619840334059167,-0.2039249787934845,-0.8953594351727924,-0.4376047476240976,-0.25348108379938317,-0.9999983452284722,-0.4988962934755836,-0.2867165896474351
19,j,0.0,0.0,0.0,0.17008426542056418,-0.27864368876760404,-0.07036138019952282,0.15391085553312978,-0.6009839932614977,-0.09099739382024198,-0.12864018909373107,-0.7679084385103321,-0.11968819838558348,-0.37342377742714067,-0.7081574099326347,-0.13094611226230346,-0.062493754269486015,-0.7862810969897569,0.025291558324909435,-0.20625936437264322,-0.9999978636287034,-0.07186765728797478,-0.15177845920857008,-0.8362908588392414,-0.13683420530229154,-0.08190141318638965,-0.6872807201905619,-0.1649629653464163,-0.2515961527287245,-0.7135322685652337,0.006036012192220346,-0.4113930638994064,-0.9069645292138907,-0.11842716565675958,-0.2934335750633544,-0.7194770905292986,-0.17933370384258293,-0.19342984123326434,-0.5893692713245731,-0.19248173028464932,-0.4172755540826955,-0.6136440936545594,-0.03538058108788598,-0.5873871334296671,-0.8209489001521659,-0.1597684168294017,-0.4529989863822478,-0.6624338971266736,-0.1892290809644301,-0.33861246473064704,-0.5272999971188587,-0.176012371776182,-0.5608779173156697,-0.48276327123185714,-0.08345209673947394,-0.7618811017476098,-0.6689863743672702,-0.1474706238914011,-0.8694630176071613,-0.7966103453272291,-0.17414022177840593,-0.9712292955508541,-0.9203399488684605,-0.18528629340343508
19,j,0.0,0.0,0.0,0.12461694673881399,-0.2704477951494562,-0.1074030278142193,0.09106280936711926,-0.5316359072000637,-0.15939285658154687,-0.13863284545541965,-0.603870556367753,-0.20510964847739077,-0.31779384477525574,-0.48283975700217197,-0.23916287969494826,-0.18507112936512066,-0.6702434876917053,-0.06574634145347835,-0.327345774063304,-0.8313420078878592,-0.17519167128734356,-0.2556291305272296,-0.758757490683757,-0.2516038305038329,-0.16112309566774313,-0.6539898420760996,-0.28937519759935115,-0.3349324536152849,-0.5637068483746002,-0.07126248827462238,-0.49897761717948835,-0.7220521770111265,-0.1962227836549563,-0.3768512147257819,-0.6169319023983006,-0.2635402454035068,-0.257912827155674,-0.5197626547098352,-0.28722568107580637,-0.458145200262009,-0.4306732704861657,-0.09738941578773506,-0.615347843343798,-0.5743766414985861,-0.22519152709868825,-0.4595280260962437,-0.4848794718946381,-0.2749537297273597,-0.3092796997303513,-0.3886433041354913,-0.2812812980435672,-0.5520718646850705,-0.2712262318306982,-0.1315281255681725,-0.7634467270603088,-0.3695984463909857,-0.21196595880358274,-0.8901472206950246,-0.4400398248742903,-0.2554358557165635,-0.9999983474629452,-0.5087197478127826,-0.2806728704363254
19,j,0.0,0.0,0.0,0.032434821701784536,-0.29094386093288294,-0.05242106730259449,-0.0896938942282202,-0.6095879594895445,-0.07609042445659728,-0.34665191905865506,-0.7935735171279227,-0.11182534576796395,-0.5699717927350281,-0.8108047083127485,-0.13884788346963933,-0.16907915029817341,-0.8172898814273045,0.005132944462379844,-0.3757299301399567,-0.9999955146593779,-0.10640477400668603,-0.3824307187184676,-0.904897331781289,-0.18642752767339565,-0.34866531032839515,-0.8061218559052639,-0.22848154940122084,-0.30092299374790804,-0.7425452369175888,-0.028587907812487844,-0.5211542059796778,-0.9399411941684266,-0.16685831896079192,-0.49344688365683553,-0.8088934436483783,-0.24205265805989246,-0.4385990149362405,-0.6958388236464133,-0.26617904931758124,-0.41219875275385226,-0.6203012275358412,-0.08072507918849474,-0.6460523708757212,-0.8257375830192664,-0.2331303985950394,-0.5795088670631968,-0.7071824962358048,-0.26660100664176417,-0.48174269345660287,-0.595155224434848,-0.2493271735889893,-0.5127637835112774,-0.46046105951089555,-0.13570802504878385,-0.7555740653323673,-0.6675356513976072,-0.23776414267576007,-0.8718342443134854,-0.7726237278128839,-0.2662023753550643,-0.9472552770734258,-0.8580190811394288,-0.26866365662103153
19,j,0.0,0.0,0.0,0.17113257429394882,-0.2504329061832945,-0.1326197978476605,0.2156022576654976,-0.5759584229799672,-0.2008504015735676,0.015217455610768427,-0.7727609784075774,-0.25601086013872204,-0.2093665090908192,-0.7563864865196896,-0.29317652641072806,-0.05669142128074579,-0.8236480304097828,-0.15188685668095464,-0.22438524652318464,-0.9727764926811221,-0.3015756624199799,-0.10699194435740361,-0.8142786392793069,-0.38238059741951214,0.032912872445535694,-0.7005925900134834,-0.4180415497601677,-0.2555888133372822,-0.7357774862973689,-0.16369643485014665,-0.44766126818565977,-0.9288209878467126,-0.33075804118433627,-0.2615246481793549,-0.7698681027460719,-0.38740697046453765,-0.09669102218667663,-0.6496821072509182,-0.3962409053944125,-0.4347443332839491,-0.5935919066157294,-0.19746044549734745,-0.573993342102331,-0.7691444722092297,-0.36987110444254484,-0.349418876357646,-0.6012704200911583,-0.3972051445095982,-0.17065661322674783,-0.46174030547483796,-0.3792098139422253,-0.5772797278851228,-0.40358750133781257,-0.23946416799378437,-0.794935026769175,-0.5727239648282432,-0.3487582478829192,-0.8950234458816455,-0.6851091636094414,-0.38171652534244943,-0.9999978751193104,-0.791127338231567,-0.39275554812770025
19,j,0.0,0.0,0.0,0.11985618095604965,-0.24568229403914935,-0.09323496006006977,0.08554079982740234,-0.4977974680384601,-0.1341410101855278,-0.13816774956967479,-0.545186232387982,-0.16963533709854442,-0.30562543253469404,-0.40813164270255503,-0.19185249325930612,-0.19742448208959085,-0.6259934963513559,-0.06558090845167719,-0.32799937576035026,-0.7836868846540368,-0.16440938436709485,-0.23854117372499717,-0.6919180742814659,-0.2276841219767959,-0.14098143378672362,-0.5899281193028978,-0.256732795326544,-0.34416763458447847,-0.5202569784225626,-0.07304366169911866,-0.4963065340673246,-0.6688687406224177,-0.1759356494337738,-0.3738190154594669,-0.5753395089061333,-0.2269064443654912,-0.25830885932804515,-0.4959382018737827,-0.2450125780340534,-0.4629356373324245,-0.3907893434527098,-0.09900731319237975,-0.6155479592488124,-0.5280031667352916,-0.20360835124035073,-0.47455909980638455,-0.4586353466786903,-0.2414430259957981,-0.33216039848723383,-0.3837408717170133,-0.2459755036257416,-0.5500723138413787,-0.23963643335311013,-0.13229285791614284,-0.7708697603197505,-0.33565625949851685,-0.19522570801014938,-0.8970344046205195,-0.40317386187156373,-0.22823792344509666,-0.9999983499095405,-0.4670251573878248,-0.2485868264307177
19,j,0.0,0.0,0.0,0.12934664475238083,-0.29918988037100824,-0.11110850788727197,0.06305373077852157,-0.5980571332101987,-0.14842970024955146,-0.22197107295568083,-0.7197974990585392,-0.1815993185483211,-0.4378083365642386,-0.5786826177841989,-0.19153926877589,-0.2259015909481724,-0.712288237424768,-0.019838112094492547,-0.3816677455656887,-0.8460227970425616,-0.12439636935609716,-0.269055538976898,-0.6779541863419044,-0.17813181860106247,-0.16796298817894792,-0.57817622649582,-0.19569768713716829,-0.3626216870353855,-0.5934889244476763,-0.021141430340464555,-0.5212016200794628,-0.7051672530636404,-0.16805404555607262,-0.3368868498372567,-0.5261725407299479,-0.22056287346092113,-0.21529214868869798,-0.431986120595877,-0.21949726227401117,-0.48452381773136355,-0.46079261617501616,-0.048795878365090084,-0.6251492406314489,-0.5576087733903307,-0.20059768386046087,-0.4051557099744729,-0.4301681918319498,-0.2372521340544503,-0.24570366245580888,-0.3266138451502177,-0.21663879205771241,-0.5894629159230744,-0.3208306997992821,-0.08440010619883778,-0.7811192841903464,-0.4720632748516038,-0.16015629845809062,-0.8844578750113726,-0.5847448092322391,-0.19493874212859832,-0.9999976714167397,-0.6881890225749748,-0.2086735388440979
19,j,0.0,0.0,0.0,0.1450174569034731,-0.2758350721242116,-0.12366575677481774,0.05323398156630402,-0.6113416048807083,-0.1363402919011597,-0.262907623818805,-0.7559308524745038,-0.13994812800023854,-0.4920053928864279,-0.619346290553814,-0.11060261841108529,-0.1252160323002849,-0.7347866529331034,0.033834751776488155,-0.3010569293500266,-0.891306824862779,-0.05369261860859602,-0.2287920368293154,-0.7205916129830273,-0.0972276716439176,-0.14398896523433016,-0.6207852316995144,-0.10893678717512847,-0.289624858993347,-0.6383409582932238,0.05205064055589283,-0.48134600682479967,-0.7527777585468984,-0.07601291787658908,-0.3334644808334638,-0.5654657852847723,-0.11459375446405344,-0.21873431444750616,-0.49567569262079136,-0.10163927996815318,-0.4328857368469057,-0.5245010857638694,0.03569362458742462,-0.6238692596094296,-0.647153255933184,-0.11351353728094771,-0.44664066182139756,-0.4817721770425265,-0.14667065238780003,-0.3079257750293512,-0.37902437273133804,-0.11681298538889595,-0.5579835675912012,-0.4007641844538645,0.008989195403662642,-0.7543687764858361,-0.5763023750146451,-0.08049469398593966,-0.8735094987614741,-0.7032121691773264,-0.13138589045504082,-0.9999977928847676,-0.836753879690076,-0.1504483333353814
19,j,0.0,0.0,0.0,0.10688885801971125,-0.28225375304116473,-0.11559442726157866,0.0159696309102985,-0.5858599670296184,-0.15303043787168757,-0.25467823976535303,-0.7102594527589127,-0.1812015678839256,-0.45988423260044203,-0.5782789366187786,-0.18121434539804343,-0.2182579310404598,-0.6942160944222903,-0.03060755753526393,-0.3862344332494725,-0.8324965619484457,-0.12266759373132222,-0.2747715111423244,-0.669442015370969,-0.16993854664749267,-0.18086918293424958,-0.5852264726979334,-0.19004667529672922,-0.34413706070369143,-0.5822065598800631,-0.02626990995522798,-0.5220704570371313,-0.69100931533488,-0.15975343806185824,-0.3425073622194222,-0.5234044139128463,-0.20372710341574302,-0.2265202902203739,-0.4491396820716569,-0.2030486603110982,-0.45830164063821044,-0.460225416924516,-0.04726893875272824,-0.626808533168753,-0.5633060298006012,-0.18404893876649575,-0.4194027281472503,-0.4530039766973543,-0.21508910814150173,-0.2648383782547308,-0.3788399051504969,-0.20007016067733716,-0.5506319836506052,-0.33228067146932905,-0.0772930097886217,-0.7633403920385639,-0.4484205017043007,-0.14904062984179714,-0.8759118772322071,-0.5331722060277251,-0.1827666118867889,-0.9999982553724166,-0.6242569818856675,-0.1997198904098569
19,j,0.0,0.0,0.0,0.20475370986924457,-0.3240928041517937,-0.1480305791102319,0.19077554120435256,-0.6689907840712368,-0.2073696479085581,-0.08408657892196171,-0.8782767653416584,-0.2523487184975584,-0.3532955905465828,-0.7949958217374103,-0.2696127306134256,-0.07915973519259402,-0.8166521774533672,-0.06467429788801493,-0.2268821925857014,-0.9863701154173075,-0.17686045696495706,-0.11684425359064061,-0.8028389154017983,-0.23642642543892606,-0.01671743431913451,-0.6547890096400079,-0.26271148386246795,-0.24802267142884002,-0.7216378854909424,-0.0543600437835548,-0.42155662443836883,-0.86878910299713,-0.20532924001203243,-0.23761121532765353,-0.6650893596465328,-0.266092702879689,-0.10296887178793258,-0.5284096909715597,-0.27609890256224423,-0.4117586800601934,-0.5919729345195515,-0.07285470053420015,-0.5694486759311191,-0.7477498869871096,-0.2353546169115388,-0.3510948368342344,-0.5772539318680967,-0.2815084095789298,-0.18588864668271948,-0.4294245913409763,-0.27490646516393313,-0.5573374359393133,-0.42422764704853194,-0.1014178139647609,-0.7643150835748664,-0.5843249838667297,-0.207843337404498,-0.8782672847950026,-0.6961952232575591,-0.26478445078559343,-0.9999971660190817,-0.8034080438083938,-0.2946113063050148
19,j,0.0,0.0,0.0,0.16173008982669318,-0.24789195347922746,-0.06844619580379324,0.19982064031999766,-0.5514878492101966,-0.09192145861772547,-0.013928226148406211,-0.7317312992927706,-0.11855273077177815,-0.22897140415711723,-0.7205912577042459,-0.1306601264657814,-0.06917523833646637,-0.7574172217578227,0.006212504375522889,-0.14744023318329752,-0.9612575470986439,-0.07999165732960263,-0.10723516749500306,-0.8244460538994312,-0.13888135736147614,-0.04332127196110318,-0.6885782953005256,-0.16150909538164082,-0.2424854207381522,-0.697821083798547,-0.009387892882212532,-0.34456007177677545,-0.9057232171670428,-0.12486993080592036,-0.24938642398826072,-0.7293567268108014,-0.18718528997144046,-0.16619856411732079,-0.573253493963147,-0.19954927004494316,-0.3933346300291115,-0.6189435128839952,-0.04236360102056542,-0.5073941727511212,-0.8269250376643403,-0.15408199332721229,-0.36729589003858854,-0.6712041233841891,-0.18802237270333674,-0.24937805913583633,-0.5133710091807011,-0.1794109251763541,-0.5244583970106617,-0.5155263030312599,-0.080307327815122,-0.7143580982968049,-0.7220895372085795,-0.13347432982444274,-0.8183274630957311,-0.8650182021740274,-0.1597632498543278,-0.9067272982026973,-0.9999974939475728,-0.17267764842028163
19,j,0.0,0.0,0.0,0.2071208024649494,-0.3201864763631669,-0.09535700252433811,0.22992772633868944,-0.6357248610028357,-0.14360684451343902,0.03540115499771171,-0.8601607414979535,-0.18696573807282987,-0.211753725154217,-0.8135175530511097,-0.21582699102935418,-0.06052519566818192,-0.8062160976054364,-0.06553444128470418,-0.14164432166068494,-0.98908545341223,-0.15785193708266856,-0.054913963907054754,-0.8096443929775646,-0.22184678012755937,0.022344923781803284,-0.6545690151378535,-0.25907477375390625,-0.22413015891016175,-0.7123269856911172,-0.07870966631736054,-0.31876863984267517,-0.9037772394357249,-0.2018132847546498,-0.17356989509931514,-0.6973885769624361,-0.26833186416515403,-0.08284764680668062,-0.5231838296897664,-0.29856145530439143,-0.38023740562160835,-0.6050495156200505,-0.1098786022422278,-0.4798062908591338,-0.8020669921993139,-0.24276356742735633,-0.28404175778011476,-0.6385194278337745,-0.30113721818015526,-0.14207186369955466,-0.4712700572998874,-0.3210674096208741,-0.5161202097190667,-0.47947687936269406,-0.1459581150461915,-0.7530313099646557,-0.670886495077326,-0.23135842004223847,-0.8798755232889965,-0.807504248246858,-0.2884752414002217,-0.9999968580967433,-0.9369033202068887,-0.3331375599757801
19,j,0.0,0.0,0.0,0.1159559681399769,-0.24948717689183306,-0.11277268874450129,0.08270848729011247,-0.5368836387103831,-0.16365858508508152,-0.15400401351062376,-0.6811618609333253,-0.21301990017806663,-0.3819755462236381,-0.6233826614525011,-0.23158342445664157,0.04993812363169134,-0.7477548264687607,-0.04409704557622546,-0.056783012278990956,-0.9999971329877586,-0.16074470120617929,-0.0533538179091155,-0.8175356081387873,-0.21414307796474638,-0.005765308469311468,-0.7049308243407869,-0.2291582781019255,-0.14674275808791168,-0.6983811434113305,-0.04661447104389976,-0.26483225349693207,-0.9280313015439535,-0.18493022363720535,-0.21759346480651506,-0.7316704916365185,-0.2191070534147257,-0.14479447259376957,-0.6308154022267938,-0.2064627856533997,-0.31706650361244415,-0.6180825935110207,-0.07500855651276786,-0.4533161866771512,-0.8007288474731546,-0.20134445629827313,-0.386957507556282,-0.6491353694576952,-0.21026145961050627,-0.31266496081158296,-0.5518150827360092,-0.17921374619850095,-0.4647554643826701,-0.5145114222098921,-0.11474975805917842,-0.6186141810121962,-0.6902660498628855,-0.16500614850649964,-0.7201279980342834,-0.790073429566042,-0.17010323444083061,-0.8099142932882919,-0.8857696893432863,-0.16312277880501494
19,j,0.0,0.0,0.0,0.08152732223239775,-0.26258923850928517,-0.05595677853726147,0.048676862894352635,-0.5244212012710104,-0.07908424657084326,-0.17308651573113482,-0.6361411551088534,-0.10579404917305503,-0.35634801357982904,-0.5922375682907249,-0.12674690429854943,-0.2064522048111394,-0.6710018387348562,-0.00971553113614062,-0.3296037706150095,-0.821260333042356,-0.07987530119596713,-0.25055465895896434,-0.7595725770199593,-0.14290492277008693,-0.17282169163185138,-0.6873006768268098,-0.18253592975646613,-0.3425674202894889,-0.5875445140528589,-0.027477865342250284,-0.47818957056821687,-0.7248738709490352,-0.1014596061095987,-0.3642593747039478,-0.6337497620478176,-0.15516636293021963,-0.2795664343070488,-0.5492236309228391,-0.18553667517047953,-0.46343695855956857,-0.47553711140988575,-0.05963106911372257,-0.614643773164676,-0.6148627343009211,-0.13716130565501353,-0.49157503679238024,-0.5270751176137859,-0.16184609642317924,-0.3860922158460011,-0.42688571089635036,-0.16805143968558062,-0.5727679735417558,-0.33636602676387095,-0.09782208068013848,-0.7906370267396833,-0.47323890145937103,-0.1601062853037883,-0.904116147324504,-0.5607160611659389,-0.19298697163231415,-0.9999974265791396,-0.6299442098304867,-0.21530649320530518
19,j,0.0,0.0,0.0,0.12202321290343303,-0.2875279428704518,-0.10306607506411052,0.07132358579790124,-0.5795276505335204,-0.14133987725764302,-0.17581647317001786,-0.7190457674904195,-0.16824417220517027,-0.3778396447991988,-0.5937891246600174,-0.17232956738883506,-0.18364021176880937,-0.6899529270160111,-0.06174702938398828,-0.33615911309831453,-0.8224007595651929,-0.15672786261207416,-0.22133118306221286,-0.6781963023742993,-0.20787094694169336,-0.12299092767830418,-0.5854816073881856,-0.23030447086584357,-0.31486734147687345,-0.5765856212976668,-0.05816373364885199,-0.46777698106426535,-0.6826063550810612,-0.17390088382487473,-0.2812416538391553,-0.5271754934146776,-0.2110002180451836,-0.16995067643800238,-0.44133933456951807,-0.21492147403620968,-0.43017322532076896,-0.44754659434801075,-0.07586790484166803,-0.5739617556473045,-0.5533299255154127,-0.20064652006953068,-0.3592079474499227,-0.4357624196679709,-0.23163974250920835,-0.2085668567328566,-0.3307689087422362,-0.22553044279557066,-0.5259529014280745,-0.30564358864464625,-0.10009877850739035,-0.7487626556901555,-0.4134599552118669,-0.17797118552325553,-0.8696300264141346,-0.49076284389969516,-0.22036020581694293,-0.9999973587831782,-0.5665238750138959,-0.24603920297053128
19,j,0.0,0.0,0.0,0.09167906072513472,-0.19378485537438653,-0.06419018469178918,0.10756549704925883,-0.49309854158785066,-0.10102372473978875,-0.009477316090357298,-0.7351812719061962,-0.13557541630964656,-0.1740284111183654,-0.8327843577814392,-0.14907622649360375,0.2740396214038707,-0.6970504767168897,-0.06635356977355643,0.07097930814522357,-0.9342847000025984,-0.16241514993978717,0.02870394365047334,-0.7685861168308531,-0.22210518355748177,0.05923267570884483,-0.6468937222999593,-0.2560793431593517,0.12261224233688392,-0.6776172255329785,-0.07695447055028552,-0.13160495210437234,-0.8596391971747328,-0.16125669522583375,-0.10824854025269733,-0.6390465456330499,-0.17428472098852002,0.0032886269726912186,-0.5548533451611274,-0.17926502542282213,-0.036818594659480695,-0.6297467718995076,-0.10489297661983939,-0.2713678105476299,-0.792048589773867,-0.20484021270012104,-0.2018640712261493,-0.6001035522016582,-0.20573003226510136,-0.06797807251680558,-0.5034033296949675,-0.1947934139210293,-0.2002841519738309,-0.5618642521170649,-0.1373839839688405,-0.38028277613691996,-0.7944049055404337,-0.22265019765918787,-0.48848048526750093,-0.8904138981004606,-0.24004887514004816,-0.5624986636219402,-0.9999958999773304,-0.24480583116728674
19,j,0.0,0.0,0.0,0.19124671610331634,-0.25417160124231303,-0.1101964876614876,0.23284388781843057,-0.554953892160593,-0.15992228094638458,0.0031494056570789473,-0.7582392884954138,-0.19650058002563067,-0.23537455006812583,-0.7491779789220924,-0.21350004537843587,0.015829276093631835,-0.7911666844743352,-0.09637065251553117,-0.07648909086369887,-0.999997125230741,-0.19709606272474728,-0.013541244878236014,-0.856614178431804,-0.2554142781105641,0.0409283942243863,-0.7280851001256868,-0.285775885171689,-0.15736473150004307,-0.7367559896342829,-0.09263650563741657,-0.2575838571865497,-0.9244554263081733,-0.20152881263342579,-0.1338478555802498,-0.7354459362637064,-0.23716925109306825,-0.05869237865719542,-0.6122133597836577,-0.24754577594368116,-0.32249125720326144,-0.6417587430228296,-0.10996525137562099,-0.42860309565075533,-0.8396505679829022,-0.23063483407823115,-0.2653711824801986,-0.6774086271291992,-0.2576742079914789,-0.15328695370748788,-0.5370433181445613,-0.2594908778746159,-0.4733683501294023,-0.5111787813484003,-0.13412689442337297,-0.7232760879130237,-0.7109880083380002,-0.23487470859285364,-0.8544459205871534,-0.8548150076266174,-0.29317373282341513,-0.9833814401456422,-0.9995911980271709,-0.33211762023098057
19,j,0.0,0.0,0.0,0.16033686193564894,-0.22748230975845543,-0.08769366307033657,0.20774198206266636,-0.4915328157362729,-0.13494091125159735,0.00497028901271499,-0.6342097879471921,-0.18050229633487194,-0.2053340411724337,-0.6075408031738133,-0.20744894814829354,-0.036135212022310105,-0.7570866574050507,-0.08994780042840032,-0.1500149554418163,-0.9999976513839643,-0.22285966135475355,-0.09694184399425765,-0.8276986385843382,-0.2830732498647594,-0.03452366527919294,-0.6809373640995147,-0.2962588470634147,-0.23281138910322474,-0.6749521590090026,-0.10968860058512218,-0.3618907956806684,-0.8954467365747194,-0.2672364293926022,-0.2483351254639346,-0.6803032865306344,-0.3185845859746264,-0.15648802019179353,-0.5478575783086688,-0.3171041383910757,-0.4015075198208836,-0.5662898541657081,-0.14768720727554419,-0.5223367085990213,-0.7146142393987636,-0.2981799082131539,-0.36693191883619236,-0.5290310950481706,-0.31808958690551054,-0.24228496574444358,-0.4003933519500993,-0.29201733778877026,-0.5457641914083409,-0.4407224771827158,-0.1905584698018524,-0.7171699380710811,-0.6387583618310294,-0.263850844342602,-0.8072097227884085,-0.7679789467346052,-0.27960274433673243,-0.8981645418426354,-0.9119253339791056,-0.2795342899971403
19,j,0.0,0.0,0.0,0.15313044942976176,-0.3559243503729144,-0.0851030268883406,0.09900893382645665,-0.6964784573206823,-0.11095753525271305,-0.1779388421228884,-0.8548093319934744,-0.13688726401794812,-0.4122817430526733,-0.7656231682558815,-0.14220015762520416,-0.09792492066331161,-0.8036321292446574,0.0007196156817438549,-0.29250248547876573,-0.9999966469906002,-0.08426825156455321,-0.2423726724764001,-0.8607412262957067,-0.13038668250042657,-0.15935832888955628,-0.7297790858781819,-0.14937782267795616,-0.25489738134829093,-0.6835552377099804,-0.011147258866365379,-0.45261246877587885,-0.823105444432831,-0.1439558707312894,-0.31863012059260043,-0.6394775317527732,-0.20820503512559274,-0.1809822330610102,-0.5154210788044099,-0.22505208160520368,-0.39859647657783565,-0.5594329325607954,-0.04454397939373556,-0.5856495031203528,-0.7022933365589357,-0.1897712154139694,-0.41504333853356157,-0.561625441116526,-0.24713855002188237,-0.24599364417438344,-0.4517346059773696,-0.2515635381201851,-0.5194303686395596,-0.42472171343245985,-0.08290415420204884,-0.7354877422189036,-0.5888272965017295,-0.1661006842978235,-0.8593519347205587,-0.7015824525579573,-0.2099749004592066,-0.9683898889279818,-0.8104787096170268,-0.23502186998004426
19,j,0.0,0.0,0.0,0.11587104177020877,-0.23964168417207135,-0.1117909380353275,0.09316633047944,-0.4965862708189765,-0.1657694116841004,-0.1432976039036447,-0.5802042417542728,-0.21226863591320236,-0.3330551853393378,-0.5130603403116586,-0.24449536334710376,-0.15979107804492057,-0.6980082728225222,-0.09130839699935908,-0.28670853413616737,-0.8747190910597965,-0.19639569300887566,-0.2243387329383767,-0.789235569933048,-0.2514065794546329,-0.15588597204265817,-0.6650868549925988,-0.2695558705516885,-0.33272610158572585,-0.6096851517667092,-0.09176928722618095,-0.4779296555229772,-0.7576230115562289,-0.21035375894597005,-0.3577228677007698,-0.6178605528955903,-0.2576167628680854,-0.26650320520608417,-0.514042024665111,-0.2663396892199437,-0.4668219256934726,-0.4809933632378509,-0.11078431194861588,-0.6227993540717165,-0.6114317291946517,-0.2285594547439075,-0.4657674739077933,-0.4722679516594821,-0.2500402814464183,-0.3381911345640875,-0.35851837876586895,-0.23689530209630527,-0.5720646278871426,-0.3131991400839438,-0.13831710260401586,-0.7704859475201205,-0.4536456921347637,-0.2131749085534207,-0.8872948143663246,-0.5513488930772427,-0.24319519224588007,-0.9999973315083537,-0.6523217773077841,-0.25557456277626805
19,j,0.0,0.0,0.0,0.15453261969507287,-0.2600702499799834,-0.08086178864077079,0.16585312765378335,-0.5583841180638747,-0.11858178793970386,-0.06536309590201313,-0.6910536323954454,-0.15480760967830645,-0.2712680523865806,-0.6115253145106105,-0.18663468937557154,-0.11823639491901668,-0.7730808401259238,-0.06200418785577092,-0.26143687579735886,-0.9906244085360547,-0.15353407918700115,-0.18755960412927988,-0.9295484469002935,-0.2167485436864587,-0.08981794412768683,-0.8001142495746796,-0.24534763624141506,-0.29202816471449883,-0.6833144594687933,-0.08104876679892288,-0.4337245818031934,-0.887711281363406,-0.19239089793359354,-0.30134293120762295,-0.7541188584479311,-0.25576987849665167,-0.1837861660922543,-0.5975331984646564,-0.27847001794234205,-0.4462203879648467,-0.5530007754292174,-0.1141894792167088,-0.5764107849094083,-0.7365264103018189,-0.22479949630091525,-0.4166851809559424,-0.5991215859749506,-0.2649474250960914,-0.28194963854471383,-0.451158074889696,-0.27004581170925335,-0.5826846635731469,-0.3830846013737051,-0.15297110931239136,-0.793958036424579,-0.549216094229439,-0.21918324573440318,-0.9011571347776774,-0.6549805262457437,-0.250369428808323,-0.9999967477763789,-0.755472302626217,-0.2700273719531005
19,j,0.0,0.0,0.0,0.09778304220512729,-0.29645004751456144,-0.08905618666499882,0.01820869512746136,-0.5762264500151121,-0.11063701472927077,-0.2544012801390221,-0.6881523987722246,-0.12985593359562186,-0.4452569949174832,-0.5589573902553236,-0.12755896090113042,-0.21417556117357306,-0.6442419160259523,0.009040296061829817,-0.3638075542651832,-0.7942852465514343,-0.06304484462459124,-0.2746435751556931,-0.6553189559598659,-0.09798960932825408,-0.18182830599919148,-0.5652203089170628,-0.10954331128027849,-0.340056218458171,-0.5358310480077776,0.0048252141219922405,-0.5209071817470483,-0.6727632306770769,-0.11825541498595815,-0.3713513936143688,-0.5348219814553014,-0.17202654423327357,-0.25484044649493315,-0.44154756330921346,-0.1777556048216157,-0.4518207820467038,-0.4186546904765837,-0.020829749342163785,-0.612759107326432,-0.533334347760741,-0.15275716074967513,-0.416112605942895,-0.43900863987011746,-0.19952794018128905,-0.2577356704531179,-0.34887262417337955,-0.1937869972641655,-0.5443595683225818,-0.2971414240604739,-0.05201549629414167,-0.754033392107478,-0.4194818811937457,-0.11856602780976214,-0.8775545180711143,-0.5187490573101343,-0.15916285081317366,-0.9999981059154722,-0.6100470010621516,-0.1823807095715835
19,j,0.0,0.0,0.0,0.1901588047830165,-0.3217148885114442,-0.0831156235853646,0.2068346147147052,-0.6464349909511693,-0.12227651082119635,0.031918696585798594,-0.8628862692473113,-0.15600281168148136,-0.20048248492524484,-0.8033473310725173,-0.17582531493895986,-0.12210219032448656,-0.7801022595027297,-0.07876940535385298,-0.20206275141958951,-0.9792370367429981,-0.1631977966187713,-0.08960440551211114,-0.8213737871578929,-0.21569582269111456,-0.006193242588475003,-0.6887507244516459,-0.2462722556299494,-0.25664375826271085,-0.6773470521130236,-0.09338931696410592,-0.34245732924774547,-0.8762571414422552,-0.20235337755731123,-0.1739455937825983,-0.6977980597204368,-0.25861739235433123,-0.07059629098682992,-0.5508057800748775,-0.28791518474104866,-0.3974879218035626,-0.563351257398124,-0.12253845431766895,-0.48475540512839344,-0.7627294028148026,-0.24379363103637414,-0.2692611231240518,-0.6261264990762119,-0.2946730593394983,-0.11410892576025118,-0.4805057497012455,-0.3150897498301862,-0.5271384085732767,-0.4376272994427216,-0.15504771752344448,-0.7490102171323616,-0.6198431084655133,-0.23513514438148747,-0.8749804817328846,-0.7497577425832328,-0.28939703876992173,-0.9999964786196955,-0.8759224708451995,-0.33579089458657485
19,j,0.0,0.0,0.0,0.09601735845787196,-0.005230496265384188,-0.20165822641187292,0.0758787569216926,-0.18540715890880186,-0.2857612301167843,-0.046819372513219694,-0.3748141230901263,-0.3399768661417044,-0.1375479989890915,-0.5406000136999262,-0.38914886037848057,0.061053182022297973,-0.5531072354390696,-0.18009091458262097,0.010559481155801909,-0.7666430791134942,-0.27688802427677717,-0.058140443459939906,-0.9068285665626358,-0.3512951979851891,-0.12096070434348039,-0.9948808212216577,-0.4028496165796385,-0.0552695059947847,-0.5999904409668213,-0.13118541722694374,-0.1707042481977803,-0.8451159752092486,-0.2186029889161494,-0.2604500129778822,-0.9474290135896465,-0.27284180311355705,-0.32404627371718864,-0.9999980019771031,-0.303467984345606,-0.1589346788691057,-0.5779956801685227,-0.10535079096678762,-0.2777008851551582,-0.8174245049111644,-0.21025652453747642,-0.34950504737685406,-0.8860042662588786,-0.2469219222651955,-0.3905505689067748,-0.9341520145227394,-0.256315900107855,-0.24533385495263285,-0.5059321367795679,-0.09501939970106488,-0.3149909175120198,-0.6772457163558053,-0.19709007210441148,-0.3434823548191808,-0.7325001572827947,-0.22931711031331292,-0.3515569334288677,-0.7690309816776385,-0.23667803343870297
19,j,0.0,0.0,0.0,-0.2894289784467059,-0.007034325542055892,-0.14439099698676533,-0.5650407678575728,-0.16118482681685864,-0.24345804607988714,-0.672633252186227,-0.36348935055708476,-0.33603639055429124,-0.6384331339160515,-0.5261720721703976,-0.41153304499361393,-0.5783738018047102,-0.6232420748344542,-0.10136271991313682,-0.6644963540754298,-0.838919090095126,-0.24429838574926344,-0.6085791073826478,-0.7535831298804114,-0.3520952763039681,-0.5467118719191572,-0.6169252372740689,-0.41421509355767666,-0.351847020305162,-0.7276193001489338,-0.09966117871552356,-0.45052262627659545,-0.9994775012751932,-0.2301894772761682,-0.4053713251399321,-0.8497232135194729,-0.2980818042022654,-0.35665487229173076,-0.687583833354824,-0.32525532848191174,-0.13481842319554663,-0.7561903156972785,-0.1212909739315324,-0.24173223726329854,-0.999996421685242,-0.24144339037570692,-0.228470226948116,-0.8592483783581814,-0.24053551960282393,-0.19803628072917057,-0.703836514442594,-0.2201231704819024,0.09112801205009982,-0.7172852550574057,-0.15639043160738922,-0.0058166861581804155,-0.8844679529433928,-0.25237481779501797,-0.02614373493734529,-0.7890573012000843,-0.24294994984197552,-0.024701720596062737,-0.6689452487869834,-0.2161386220908289
19,j,0.0,0.0,0.0,0.12435105497763403,-0.2248072566958282,-0.1199678885852181,0.10831760874404982,-0.47510107205200736,-0.17300090737602253,-0.10679836395224683,-0.5742294615614141,-0.21642869388279773,-0.29052956028177507,-0.516510299470238,-0.24459936801697513,-0.16014454725249377,-0.6771390049915473,-0.09766288178959705,-0.26547101240255383,-0.8116322689948172,-0.2030808616539613,-0.18111510277828338,-0.6702128330105783,-0.2584886251583176,-0.11136573445054243,-0.5311875562512582,-0.27751539639166317,-0.3212256952995746,-0.5957055721013266,-0.09404210861494608,-0.45235891153976177,-0.7319979837100118,-0.22632207090050674,-0.31488990656412413,-0.5654493602370442,-0.2760486191508531,-0.22574416099034866,-0.44713947143447647,-0.27980670707663857,-0.4536339147601312,-0.476563638231241,-0.11059724278098998,-0.5913199980631598,-0.6090090364336437,-0.241908822138309,-0.43439740610403477,-0.4600253198583841,-0.269994155884953,-0.32370255825635513,-0.34022524638264,-0.2551853698202794,-0.5579103460154821,-0.3242031813965597,-0.1351817332485553,-0.7738102590398469,-0.46265013903271524,-0.2186376233045908,-0.8861868000187018,-0.5438001029851057,-0.2560003619852873,-0.9999974540580304,-0.6339429217152056,-0.27109891461141006
19,j,0.0,0.0,0.0,0.21255284286877393,-0.3346336668167713,-0.04630623380334176,0.2553610125033773,-0.6595405613035341,-0.05403253569159486,0.04224725069416566,-0.8563321437292322,-0.07388875018002555,-0.17401336144190807,-0.8125661337005763,-0.08602329929237452,0.06806248618250547,-0.7716778942399903,0.0525391910548956,-0.03891169882339666,-0.9637749855848297,-0.02839068550185793,-0.019842759600197445,-0.8592676051128245,-0.0997631754727745,0.027712622309974344,-0.7120252308720976,-0.13456020832188592,-0.13335466084408204,-0.7090572868944968,0.030114504124173134,-0.2564036245452077,-0.8865147396066653,-0.07957459508514621,-0.1708722729942492,-0.7360784837000794,-0.1572149990496184,-0.07771824335133377,-0.5916525160139074,-0.18600588502899337,-0.31915884379358755,-0.6191702427598315,-0.010645080001226435,-0.44419047012855606,-0.828381627831653,-0.13359557971389713,-0.298643096702449,-0.6755415159214659,-0.18762843021263229,-0.15386003655265476,-0.49173331995146075,-0.19208365925957538,-0.48085100274723785,-0.4958017828568848,-0.054117662955354945,-0.7042453975248716,-0.7049693776467616,-0.1309758332988985,-0.8678242838236304,-0.8500806488406717,-0.17861218761774866,-0.999995166585402,-0.9616053499708409,-0.20640950955201096
19,j,0.0,0.0,0.0,0.1726775520241503,-0.247175895836377,-0.06928479479436846,0.19912633212870856,-0.5648247445622258,-0.09353731746024668,-0.018902199120143227,-0.7457401718331728,-0.11738817668285774,-0.24688285971556342,-0.7121207272238266,-0.1248660030043962,-0.05868693344693129,-0.7818313249519687,-0.017987033837340995,-0.1415197261414417,-0.9886888810905533,-0.10517064785914261,-0.09194660522914978,-0.8376271032039768,-0.15895537023948023,-0.026401790544604876,-0.717586939132146,-0.18204571208263104,-0.23433924172359052,-0.7248842304112255,-0.03236011751047919,-0.3423989418241168,-0.9276338035477505,-0.14164221281615777,-0.23648836546256272,-0.7425255670292453,-0.18673074057419478,-0.15186607771645338,-0.6084752350337063,-0.19290001215235353,-0.3953978322806174,-0.6388531207050414,-0.06388116656568787,-0.5143769836198813,-0.8444390038599183,-0.17275824717880814,-0.3589752297964448,-0.6842861154500296,-0.1961000948760193,-0.23648058191582197,-0.5396608262289082,-0.18592368407151386,-0.5348763232892989,-0.5229270655748345,-0.1000520109512299,-0.7329174992765687,-0.7213584278774228,-0.15925271253545822,-0.83936290619704,-0.8602009022195573,-0.18751806794798426,-0.9401069371997933,-0.9999975817362053,-0.20441512092638975
19,j,0.0,0.0,0.0,0.10976853613086437,-0.3007688828742647,-0.05456223121606824,0.06864981821610122,-0.5867949162233812,-0.08071806489461486,-0.15377857106407936,-0.6975410985757758,-0.10486301305118258,-0.3433695626229416,-0.5967115046473517,-0.11817008198208256,-0.1395916017462535,-0.6639050277113248,-0.047706958221498445,-0.27469569634462676,-0.7973262204174801,-0.12735799533343192,-0.17090425983068191,-0.667037519046015,-0.19141109293641956,-0.08159045046343318,-0.5781614306573275,-0.23385480994248709,-0.271525514297044,-0.5645347349428053,-0.06643999041801824,-0.42665586393516924,-0.6752425328882051,-0.13555267602388962,-0.2648223481863674,-0.5262402769499368,-0.16404373334714892,-0.1505700046095018,-0.46313538692501244,-0.1846199721943535,-0.398060174418144,-0.4402219770314225,-0.10044224505672926,-0.5434774192356447,-0.5533956262791873,-0.1820286778751532,-0.35927296238126394,-0.43658401392751156,-0.20085839730017335,-0.21865145612443904,-0.3498410349034448,-0.20786915893738514,-0.5097914023958269,-0.29839228687973113,-0.1376751198416873,-0.7442551531198175,-0.4163646806959484,-0.19950924898293212,-0.8727529675504708,-0.49178888428389733,-0.22863103321676148,-0.9999961205814026,-0.5733726290376747,-0.25558353482892643
19,j,0.0,0.0,0.0,0.1424555847146502,-0.3160624461469395,-0.12167708158052892,0.08740629049967204,-0.6295908777415479,-0.16773007090615363,-0.1835864675104811,-0.7792001860657135,-0.2051133764860947,-0.4058237145925357,-0.6645857953781205,-0.21746949772151028,-0.14531707415845632,-0.747845649070607,-0.03882743094184334,-0.31664554451460203,-0.891131577517312,-0.1300243560050486,-0.23021193458107134,-0.723795732763763,-0.17710283304439367,-0.14090927668983227,-0.6088922061528016,-0.1963718185585154,-0.2934692284952773,-0.6400081490946086,-0.03308564683590802,-0.46009502827417936,-0.7507208895457294,-0.16458800578363936,-0.30877339781864444,-0.5580809615761612,-0.2117965370719799,-0.1983104525920276,-0.44280260552879513,-0.21447880777651387,-0.42875141925097976,-0.5178683926862351,-0.05200118645031994,-0.5934311293661387,-0.6438088066573752,-0.1904012641906928,-0.41491414802324084,-0.5036745963750355,-0.2255512338119978,-0.27463924010260066,-0.3894405901762331,-0.21354177971871857,-0.539735628737553,-0.37966542823913185,-0.08002996025348848,-0.7539335311534753,-0.5242703628949924,-0.15527598495591488,-0.8740634513953157,-0.6265159285798282,-0.19248929227288014,-0.9999969443175813,-0.7279098865206071,-0.211466785519691
19,j,0.0,0.0,0.0,0.20227308941394595,-0.3381109375559315,-0.07588617188526264,0.2176906320864993,-0.6617517493057099,-0.11570989147006763,0.031179563154479836,-0.8881340668601889,-0.14964724488271783,-0.21449731867798533,-0.8214808003558326,-0.16841897045451243,-0.07559826868878658,-0.8056918225304008,-0.07565109896259174,-0.16876819815557337,-0.9999965475635514,-0.15304255830892946,-0.07864280225490103,-0.8316008134670971,-0.1989526248550896,-0.015213407674406303,-0.6936617330004347,-0.22675246251290382,-0.22911807635777118,-0.7039336126728207,-0.09117020111176229,-0.3276630120257685,-0.8727161126251393,-0.19316749662635183,-0.16040092682527396,-0.6694354153297145,-0.24203632454213936,-0.050737218758202945,-0.536132071930348,-0.2679534181154809,-0.3730737889573201,-0.5869491338128261,-0.11986577238937551,-0.4790687260420679,-0.7427479688048738,-0.2374968159310012,-0.2519733764628112,-0.589135971136726,-0.2895540185053475,-0.08911439262859931,-0.4568490842125079,-0.3128023093490078,-0.4987246421917741,-0.45418257079921215,-0.15065363093803588,-0.7266245964512273,-0.6169382524468617,-0.22766237574683193,-0.8473948329331082,-0.7326913363180338,-0.27507931406642344,-0.9690057887042328,-0.8533936649880312,-0.3165702926155867
19,j,0.0,0.0,0.0,0.1443961141898888,-0.3039017940736134,-0.06418149214676856,0.07086563189611189,-0.6312376527765841,-0.10495131305363735,-0.19755317376344286,-0.7745081057800777,-0.14444263201432972,-0.43447824872951346,-0.7084087366712556,-0.1665316675868695,-0.05284484834443304,-0.7905499317744096,-0.06931906762736903,-0.26028430608681363,-0.9426038463685293,-0.18248063503713158,-0.17078464461388554,-0.7444352398865156,-0.25142540860559576,-0.07083113073304949,-0.6421832682410997,-0.29386546847603573,-0.21088228507050907,-0.683002517530789,-0.09366174134178669,-0.43394931188453567,-0.8104228446642905,-0.19856306671369447,-0.2809675103767869,-0.5871604732368683,-0.2109040051839989,-0.16266958231610917,-0.525318596243134,-0.2136716605437821,-0.3675309285003549,-0.5442862180515325,-0.1385867277408138,-0.5757068159979618,-0.6695213095471237,-0.25547903711411996,-0.3846162931943559,-0.4905241732947011,-0.25260115114576726,-0.22875704609401537,-0.4097243931300508,-0.23727941544739448,-0.5106427247469488,-0.3890105751320081,-0.18786834394993449,-0.7449056219406621,-0.5548076149899429,-0.27983998642261576,-0.8681361229725467,-0.6464108755459294,-0.3074222388661264,-0.9999959237079933,-0.7683530496965576,-0.32639578296924066
19,j,0.0,0.0,0.0,0.1966821375633378,-0.29880144805289943,-0.11492255006981615,0.2173506655908693,-0.5981374706045968,-0.1659510836647738,-0.006599421303791584,-0.8059096021003426,-0.21151393359376486,-0.25399606155515553,-0.779614948716701,-0.2390034870187831,-0.06583644299661033,-0.766143067676724,-0.05659752935839868,-0.1642033717074901,-0.9462808056707517,-0.1560983282698321,-0.07976034254686327,-0.7704770939199914,-0.21066685775798097,0.0012760284312827012,-0.6209699118253391,-0.2334041189395852,-0.23180351082252085,-0.678222081979893,-0.05933101870932553,-0.35291029078677916,-0.85850551660979,-0.20592027590902995,-0.19785888670802856,-0.6552454940874924,-0.2741381573393585,-0.09435088986213619,-0.492727259786025,-0.2921480888590583,-0.38972952747393097,-0.574460788351036,-0.08393750613845247,-0.5094091167077653,-0.7502961520025339,-0.2408868566897346,-0.3090976155778908,-0.5759755112708709,-0.2950378339770447,-0.16418615894703745,-0.40793605971728447,-0.29669027937476683,-0.5362249659517486,-0.4520052947916877,-0.1146991716749843,-0.7591575829187037,-0.6262923257730829,-0.20761057306433525,-0.8804936352206504,-0.7483966300729584,-0.2607402055134111,-0.9999972627279615,-0.8684096247663666,-0.29328682309203846
19,j,0.0,0.0,0.0,0.11607846264342893,-0.3015085143404941,-0.11403554337291873,0.020855571679054868,-0.5835011061699973,-0.14425730876134943,-0.26089430834937716,-0.7093302669462097,-0.16962351488737687,-0.47688528680070236,-0.5878109314469293,-0.16706936574259357,-0.20480382872145825,-0.6899984807689126,0.034239783550914275,-0.3739688375362728,-0.8256303871564517,-0.05421055056510951,-0.2692862438332757,-0.6679627545679059,-0.10942722433627344,-0.1751222985170934,-0.5830798450527032,-0.1317855713908605,-0.33575940148598454,-0.5857462050325831,0.044661166374366686,-0.5121050215863301,-0.6915420854800138,-0.08734528026837392,-0.3417683269918352,-0.5282847301280539,-0.14593373746147886,-0.22983366699039182,-0.46020845132550275,-0.15191949154750342,-0.4582639928135531,-0.4686150306762456,0.025254808216512617,-0.631417896859638,-0.5746288048050352,-0.11316703415575277,-0.4330437254649325,-0.4555618759218604,-0.1568570623453062,-0.2857464206520309,-0.37083810818850865,-0.14380717158533812,-0.5697245208692161,-0.3423691372074259,-0.0030763865002287646,-0.7704404759341065,-0.47794564390593935,-0.07233364064765205,-0.8822950945589426,-0.5739698896077488,-0.11190627955544671,-0.999998026640023,-0.6728843876632394,-0.1292638857581177
19,j,0.0,0.0,0.0,0.12876534038192056,-0.3381240332536444,-0.08678191957364081,0.05458058897211543,-0.6510573243627497,-0.11042458307199932,-0.21512867063657432,-0.7888975039485063,-0.1324103612210324,-0.4400580008016214,-0.6813719333876985,-0.13613934844027506,-0.20512963791151445,-0.7249381183709995,-0.006647599065048263,-0.38292073864367787,-0.8762858729614449,-0.08481788986684276,-0.2745358036426141,-0.7331100894091935,-0.1299529812602758,-0.17225958783239334,-0.635178464596755,-0.14873548959482955,-0.3352681416341681,-0.6006374544336246,-0.012255253110272915,-0.5058794216491478,-0.7239655873771245,-0.12013237067691457,-0.33267270369086077,-0.5752360177759401,-0.17381640615812388,-0.2117740500345651,-0.484883234778455,-0.19149557613714943,-0.4538077370663578,-0.4697735095037669,-0.03833954986758952,-0.6168710733371375,-0.5901758984408413,-0.15932741459473454,-0.41725721495194196,-0.4823979304493064,-0.20489920188079788,-0.2588890585247044,-0.3911824657340305,-0.2082103661470999,-0.5564069609291199,-0.334833578277096,-0.06942408123725947,-0.7752616924722543,-0.48477158469456605,-0.12939909069130529,-0.8869414423003409,-0.5962205467855817,-0.16063098619175337,-0.9999968197324723,-0.6983911783908343,-0.18125670424631615
19,j,0.0,0.0,0.0,0.22567959551551162,-0.2545532151629416,-0.09318897146640576,0.17497721809891661,-0.580222318054687,-0.26905089392194736,-0.055329586032835935,-0.8301880854172178,-0.43521494201432154,-0.26052907711050405,-0.9999976552696116,-0.6154407974380512,0.1450365551162908,-0.32208161515201916,-0.5100697439993788,-0.2823921451794452,-0.5864916693282365,-0.754084665885467,-0.42289198422167446,-0.6836038632552218,-0.8875132290100924,-0.47215689284663137,-0.7771253550355772,-0.9742914541338401,-0.0942627619637056,-0.2624976917037678,-0.5840728329725804,-0.5554736908840053,-0.6515493783413796,-0.7952264188728003,-0.5959863285375621,-0.6859034220027415,-0.8200250091073107,-0.5321795129588225,-0.6780206480987835,-0.848563212382184,-0.3257621809351299,-0.24992684508763205,-0.6502231258801213,-0.7334399580112784,-0.6681240482696776,-0.8517171744603808,-0.709025838793811,-0.6967706329599332,-0.7917445872904294,-0.5827719017565832,-0.6895649109796631,-0.7458063801755359,-0.5245080513695751,-0.23408443102767185,-0.7211592863359636,-0.837159505085575,-0.5352369729514982,-0.9132910254172355,-0.8909635755289768,-0.6445398050606441,-0.9010578312828067,-0.8718795718634893,-0.7074413458255355,-0.8797702119280331
19,j,0.0,0.0,0.0,0.13523329896559136,-0.2653054363417979,-0.09950999652349914,0.13759564349068942,-0.5745601772884477,-0.1320156944746484,-0.07953589630806475,-0.7513028648295669,-0.15777252212673823,-0.2899707837830999,-0.6755267955739297,-0.1669015690989134,-0.17245792455598502,-0.6967789968292931,-0.04089348451827036,-0.2676772116490878,-0.8531375135604533,-0.13110882846666183,-0.1733085545441058,-0.7072842240514172,-0.1771738659629929,-0.09669500526424919,-0.593003997869414,-0.18633059095262194,-0.30463252863534107,-0.6045264212890756,-0.036091398300491025,-0.4135764596178193,-0.7567541225922896,-0.15871518525867837,-0.24230103560356525,-0.57395288804646,-0.21198803011492237,-0.1375082427205171,-0.44470388527930793,-0.21369548319284976,-0.42297855097933407,-0.4971242903670458,-0.04898695938060043,-0.5354363781237019,-0.6351865583343542,-0.17012638190034132,-0.33139894808665155,-0.5035153056509981,-0.2034517277276924,-0.19219416078098883,-0.37267887643349756,-0.18923181834183708,-0.5375802871373282,-0.3702352412224642,-0.06704988760439785,-0.7574204538439148,-0.5228566444752082,-0.12138756822121427,-0.8781005947803894,-0.6286666999697528,-0.14724522886670388,-0.9999977715173257,-0.7270338758961588,-0.1573658528516945
19,j,0.0,0.0,0.0,0.17470638910013792,-0.25171728745848,-0.096659875884385,0.17727683829613183,-0.5250423649936943,-0.136505674172001,-0.005722235649802403,-0.7322492492369788,-0.179657882650163,-0.18450457843882023,-0.8094782944982699,-0.21505980431816685,0.04026836701753696,-0.784080856423504,0.006388106655805037,-0.07770101820509388,-0.9852537973312165,-0.09682954569778984,-0.056792267759587504,-0.8783146951551245,-0.19045526963925888,-0.01089493501253127,-0.7637966847996855,-0.24505543976747288,-0.11656083490883333,-0.7566802480545908,0.006128711809289988,-0.23022273986292094,-0.9999967467575908,-0.09168901694360977,-0.21447040047805657,-0.9363212170536163,-0.16850141373954053,-0.18284065081730366,-0.8292771135015714,-0.20628222738420424,-0.2425603530602889,-0.676589600197503,-0.017155134250801313,-0.34933696003222864,-0.9167545063550526,-0.1213465489318895,-0.30357652658604534,-0.8350447237071872,-0.15698337845655236,-0.23208115756768904,-0.7085976650650592,-0.15489557928333328,-0.34045867194473783,-0.5544416837645166,-0.05039652596217925,-0.40711505788478786,-0.7224979857209753,-0.12499627993022405,-0.35744271722074233,-0.6870570642344331,-0.13493695555434929,-0.2837559898466281,-0.6047655565120367,-0.12390798138922819
19,j,0.0,0.0,0.0,0.19742790623070833,-0.3378320692858371,-0.07711384667634363,0.21748116502420667,-0.6640300824114509,-0.1118044546235319,0.02168287447115817,-0.890603403406625,-0.13949732345339197,-0.21724382091724495,-0.8279156363054682,-0.1515822092251586,-0.10036984223369164,-0.8031793023000957,-0.07560863656823687,-0.20137863688184576,-0.9999962958387454,-0.1490367626733743,-0.09331133888525846,-0.8395505756065545,-0.19048100408369584,-0.013581160978172375,-0.7009358767253091,-0.216423791302537,-0.2462878952676684,-0.7030566291154678,-0.08904070542991693,-0.34074555099324794,-0.8867657147859661,-0.18247770560064322,-0.16997061522608375,-0.6924133466110498,-0.22834513042571586,-0.06256721837334187,-0.5600574670266885,-0.25569856958446874,-0.39203196955161185,-0.585973014869533,-0.11572497909733565,-0.4985122634171845,-0.7783964930068019,-0.22835728741165964,-0.2784808083655224,-0.6310742460004749,-0.2752193772319656,-0.11535453482856685,-0.49596329810102374,-0.29821575814809304,-0.5270562592538701,-0.4488841626145317,-0.14462777850781294,-0.7465943697408756,-0.6254233587952365,-0.2249260919714006,-0.8652956772628182,-0.7495477031797344,-0.27523560494532534,-0.9880608678589847,-0.8764505191121946,-0.31948303204870043
19,j,0.0,0.0,0.0,0.00966583997328751,-0.1338889795530053,-0.152349067019584,-0.1062173901875796,-0.4223780292817641,-0.21233956314068042,-0.32408831974859525,-0.6185342578195793,-0.25895589048493173,-0.5033924415202996,-0.6675565954956849,-0.2986550540402211,-0.5796837728627968,-0.6549063875696846,-0.08120366800667272,-0.7859746505569881,-0.7934702826916984,-0.20434569668343758,-0.756650381487552,-0.7171780655500833,-0.3065566866643244,-0.7397808909137547,-0.662568826750763,-0.3768827699354223,-0.5592542556346151,-0.7400677237405829,-0.06584496319070525,-0.6435069279979989,-0.9746230672222235,-0.20671756222742338,-0.4665324579060734,-0.7500337388899103,-0.27012133300218716,-0.36732672136022343,-0.5600283333386709,-0.2835177990037003,-0.4992780153430705,-0.7626376084495615,-0.07192456931227198,-0.571927051438119,-0.9999962846892172,-0.2244080224960744,-0.42561296765992085,-0.8136872634940563,-0.21913887412514316,-0.34675879801988746,-0.6479205881897053,-0.17964893908959728,-0.4298184096965025,-0.7299196215101055,-0.08922042683486588,-0.49009515733875614,-0.893978420752919,-0.2188892310206507,-0.38323899526236266,-0.7652027719697818,-0.20453860712255803,-0.3219174475606797,-0.6358749935240392,-0.1645747695589963
19,j,0.0,0.0,0.0,0.10605314105712349,-0.27297804656094216,-0.10389827700261041,0.029884039662030012,-0.580755592662857,-0.13621162870401587,-0.23623321069994477,-0.7044813617251188,-0.16405277475744665,-0.44286461042296893,-0.5665940311404389,-0.16984035778992945,-0.2540389028077469,-0.6889377593626014,-0.021621975920122244,-0.4075086760876137,-0.8250416436748218,-0.11761135578773955,-0.3016457530699738,-0.6813101155699042,-0.16125566219604606,-0.2020926689397312,-0.6038465577315997,-0.17281158791103188,-0.38238882925393064,-0.5687104419741585,-0.02647051817997199,-0.559609465961156,-0.7028745781053852,-0.17504930562420695,-0.3918324522473061,-0.5604031476878555,-0.2295029264097151,-0.26839986683577843,-0.47659013603595535,-0.22593014142116477,-0.49184575559000504,-0.4360546607563708,-0.05411108427646508,-0.6273504918075286,-0.5415297337284085,-0.20915021862619476,-0.41034136462323995,-0.4364086499991329,-0.24843469769235738,-0.24802971686582784,-0.3446159971237053,-0.22740254689564074,-0.5797247193319498,-0.2984876245959407,-0.08821297935239146,-0.7637855148534051,-0.44011253494246994,-0.164544033039173,-0.878165536347494,-0.5453757012562114,-0.19899195011013449,-0.9999981434967216,-0.6433831393274038,-0.21167479875362602
19,j,0.0,0.0,0.0,0.14400523675290036,-0.23211129955587081,-0.07975349430867475,0.16296092108477853,-0.5000092569990309,-0.11600751567377919,-0.03379678822990895,-0.6236307193860888,-0.14851247782529448,-0.22354766266550632,-0.5528848377513609,-0.1693270980233488,-0.11024942621372688,-0.7108079545323889,-0.07219018808074307,-0.21876097805626285,-0.9122569089629402,-0.17488267252357959,-0.15970879845807698,-0.8087213446513786,-0.2381486042585386,-0.07951213044039554,-0.6541608501673687,-0.26129298786017774,-0.28001894822070433,-0.6245406342624197,-0.08600732581336473,-0.41887763218290247,-0.8146074221770203,-0.19984908580198252,-0.3033284246340565,-0.6825270436648108,-0.252984060590218,-0.19285134458291045,-0.5525270709899398,-0.26768973234477644,-0.42730099928574944,-0.5104482361547202,-0.11561527248986432,-0.5571806656634612,-0.6766125969686598,-0.23024945389593343,-0.4029931732361458,-0.5455825782386352,-0.2696812437365612,-0.2618420151311363,-0.41330974467463816,-0.2720684350096142,-0.5454346032443127,-0.36902581974650894,-0.15024740801945335,-0.7620249895199517,-0.5336549181045608,-0.21923065792817106,-0.8895773332058934,-0.6440785870630816,-0.25642846315037054,-0.9999970620018435,-0.7519197859135863,-0.27928554323122823
19,j,0.0,0.0,0.0,0.09883312399077952,-0.30090227403472036,-0.08361322564475666,0.021019043757187092,-0.5875600531717993,-0.10610785495896786,-0.23888711847110206,-0.7074763310139994,-0.13017513501967348,-0.4322742576754009,-0.5907026211853127,-0.1358152365607291,-0.24639525321757674,-0.6931742330366805,0.01651192575600423,-0.40060621791614204,-0.8330664055320574,-0.07266501364547154,-0.3159689995585724,-0.7112853879938548,-0.1197071353610141,-0.21463046161893373,-0.6208789545256655,-0.13401772712577623,-0.3737729433082911,-0.5750889864216343,0.004415896973447248,-0.5432045617602909,-0.6970606274846213,-0.14591120299575885,-0.37702250370868684,-0.5460048714753876,-0.21114094375653364,-0.24438415903024582,-0.439259111111954,-0.21392047902761704,-0.4854315529978064,-0.4472706327713876,-0.030074729941944156,-0.6384256526381858,-0.5535731694384142,-0.18415846117146265,-0.4238148187352903,-0.4505387541641239,-0.23385933170038997,-0.25040570763156356,-0.3541978167483517,-0.21954089951644953,-0.580655630702055,-0.3095284418887862,-0.06966718003667076,-0.7743224648598988,-0.45626322021562377,-0.1460577841658732,-0.8883327202772453,-0.5680701578353085,-0.18549422591980674,-0.999998210334611,-0.6711843640421891,-0.20171789329812462
19,j,0.0,0.0,0.0,0.09672922695084928,-0.2746071520738426,-0.08685127907089918,0.011499613401706034,-0.5759747264329362,-0.10481344965006513,-0.2529183780215917,-0.6921030632665378,-0.12054285700607752,-0.445732850027737,-0.5619251086837598,-0.11330505386141565,-0.2371952714518015,-0.65798708929762,-0.0033518218220823775,-0.39014545835941106,-0.806473716158139,-0.0858081596780224,-0.28370133301414346,-0.6606648265068783,-0.12138404658644446,-0.19183769781500587,-0.5785876555553376,-0.12933763289382896,-0.35722206397171313,-0.5478675145546625,-0.00818069656430224,-0.5344355123340788,-0.6837610992659938,-0.13790697911364405,-0.37083818762880283,-0.5309632390582614,-0.18180261802019163,-0.25720147247297326,-0.4448828116508954,-0.17497202568794676,-0.46414144862059736,-0.42443037648637444,-0.03391687152310152,-0.6231760624450446,-0.5456350144412633,-0.1629117392476384,-0.4251687455443243,-0.43977128151829115,-0.18895187780857944,-0.2714819621076362,-0.34688522950957823,-0.16610288667489165,-0.5563724404283114,-0.2929252409112124,-0.06610744985345424,-0.7518242138288385,-0.4173105711425901,-0.12850615067860874,-0.8747678687810518,-0.5153672006519323,-0.15883910490395983,-0.9999981413687662,-0.6068473049165429,-0.17120645427545686
19,j,0.0,0.0,0.0,0.09850113905548774,-0.30637960767860134,-0.11562259599142645,0.021897464157273692,-0.6109135451607444,-0.14189340367049288,-0.2811958954135907,-0.7288900934854111,-0.1657418274747685,-0.49441957538222997,-0.6858194293824147,-0.15754594640719452,-0.18764606096611766,-0.8261726658183983,0.027541475360814596,-0.3890902077861359,-0.9630343116171379,-0.10889167897398241,-0.27209349150480444,-0.7582816004251614,-0.2009969054231491,-0.16226561465681563,-0.6501481695556387,-0.23301339721139597,-0.3618377723446844,-0.708576919594513,0.03831769161371857,-0.5498513936970638,-0.8326790905390642,-0.10277181362128038,-0.3688320843357251,-0.594323020230012,-0.16473590952798514,-0.26392694508430287,-0.5131201661508846,-0.16609178707278685,-0.5019740420545641,-0.5659881637271458,0.01781890240077511,-0.6907685681613465,-0.6745284414775609,-0.1142543814455195,-0.49242991867509456,-0.4885314263258421,-0.1257878325454282,-0.34514103954221514,-0.3761161239438326,-0.08707871642039004,-0.6192442011115035,-0.39655716399729696,-0.013614150330064566,-0.8371487586239308,-0.5873056791702417,-0.059865670281911726,-0.9255582307753409,-0.6411421587488213,-0.05501702665781628,-0.9999981601730459,-0.6905477358415629,-0.03390196140285722
19,j,0.0,0.0,0.0,0.18987914733467265,-0.2536975017334654,-0.08439378613559465,0.2381136637560237,-0.5569936720560709,-0.11421036560585332,0.019640672216017924,-0.7565866990991362,-0.1416656106011041,-0.19226551075984089,-0.7748923571750165,-0.153906321599656,0.038980278839289166,-0.7746493214007191,-0.03201142787363421,-0.08846732005489169,-0.9999972458874158,-0.13511288883694492,-0.02247239603002026,-0.8682016787149988,-0.2025757538633098,0.05458135339646828,-0.7521326848160395,-0.2373894589063613,-0.13327766679298045,-0.7279413913914442,-0.045640763392248054,-0.271931012411302,-0.9501655551560162,-0.15422690146303397,-0.17599795511948207,-0.7818749777055906,-0.2032579325458932,-0.09292256552225536,-0.666968139675688,-0.21752590129854849,-0.29831808193654047,-0.637379334424751,-0.07967964826656203,-0.42595298499720113,-0.8357339542531593,-0.20207934036687253,-0.3074826893039678,-0.677528089212334,-0.2242470182908208,-0.20380581128878952,-0.5439925303549015,-0.21285265413698218,-0.4526467014838631,-0.5045286423355514,-0.12008218091117165,-0.6561668780227184,-0.68611756936919,-0.21177366476515838,-0.7354683595259158,-0.7753451046694524,-0.24364588591680827,-0.8070572923861355,-0.8515962040328356,-0.2545969826950666
19,j,0.0,0.0,0.0,0.16778854927882822,-0.28981339793123667,-0.12830533887316617,0.1424292181578388,-0.5929072426209357,-0.1796671035998877,-0.11324598444462854,-0.7787738583209511,-0.22182426776971154,-0.3448099582532427,-0.7225899903832615,-0.24098032305262349,-0.1273961269041891,-0.73916190442832,-0.047956175108553094,-0.28154400727494616,-0.8992580349131614,-0.17087639251392547,-0.17650715814521903,-0.744205014522842,-0.24617923404265557,-0.0739059501169105,-0.6075592303982293,-0.2794618921344959,-0.2755389691984528,-0.6398684988942474,-0.03933040290645483,-0.4488153777156623,-0.7802505765021813,-0.19851017014018774,-0.27020167126067796,-0.6025427420689884,-0.27024272858588144,-0.14309125638445658,-0.4733378376565662,-0.2848210923494956,-0.41622486625791777,-0.5185895219869111,-0.05817407864597846,-0.5745193851510851,-0.6545549293027442,-0.2188630683309788,-0.3659831612578807,-0.5095952179651619,-0.26574422814984794,-0.20790358133505205,-0.3711275958714907,-0.25716751213661315,-0.5396305793259707,-0.37148257842619603,-0.08586174030475371,-0.7539463075562237,-0.51911482990241,-0.18798366987352536,-0.8761957267872491,-0.6300810897204292,-0.24556889828927572,-0.9999974145348399,-0.7329062133779919,-0.2740151020738133
19,j,0.0,0.0,0.0,0.07867720655901904,-0.25125312840636815,-0.0859729211280989,0.02245229995414039,-0.5125505051857617,-0.12244807739347544,-0.20531187784391763,-0.5938278952736793,-0.15124651089703392,-0.38057126619780524,-0.528194977761455,-0.15956198876647446,-0.21255904146420287,-0.6419948648787703,-0.07369960972788937,-0.36091846051875515,-0.7508569610918272,-0.1756017929098039,-0.2476291450091672,-0.6131260686888916,-0.23943286651947923,-0.15116132285199266,-0.5401428723563219,-0.27077137678126006,-0.3429008555586937,-0.5373998473998984,-0.07523982738474953,-0.4879390878580431,-0.6448935820485859,-0.18218874740615698,-0.32524554390789095,-0.4843251132459887,-0.2157763150969311,-0.22994479552491429,-0.42624289738754007,-0.22054452814297212,-0.4524208131559569,-0.41568572966706147,-0.09372452443064368,-0.6027442400563523,-0.5099564999192995,-0.19141707899620194,-0.4204816058831606,-0.3795718086835014,-0.19222936605000113,-0.28880473105883164,-0.2899092808171752,-0.17111316168465696,-0.5392881715308981,-0.2789646124766982,-0.11975738231988661,-0.7422686202618919,-0.40626696858307676,-0.17964310248891402,-0.8667271839515127,-0.489771128018249,-0.20110820877968644,-0.9999979269191321,-0.583107621424885,-0.21152205625730133
19,j,0.0,0.0,0.0,0.1375106300443282,-0.2731405109279371,-0.13387348883319627,0.05234816059366618,-0.5931418147205668,-0.17196076891827006,-0.2639888516895836,-0.716987811439974,-0.20563802908990347,-0.4891648770972529,-0.5651042605679599,-0.20631874254823632,-0.1437362512857992,-0.7219359238807261,0.022497517676132915,-0.30601900418715344,-0.8769399263737402,-0.08971037602813799,-0.2224642011921109,-0.6957641026622321,-0.14601880892077182,-0.1348734883009187,-0.5948000446648921,-0.15752967682335414,-0.30584824444211534,-0.6238383040782067,0.033699118169374404,-0.48054543013818163,-0.7409612172171935,-0.1297270668180059,-0.33313472149047685,-0.5510850848307731,-0.18427641686826007,-0.23216654399734218,-0.4639089128147921,-0.16966215670831158,-0.4497391097071767,-0.5105804082033705,0.010539368873293676,-0.6350881819891511,-0.6419910616279658,-0.15746884781690185,-0.4648950669532573,-0.4804846343534696,-0.18974772188580835,-0.3344146886999765,-0.3603930265030811,-0.15029878233188695,-0.5745763102695717,-0.3899601095781694,-0.024049655731242216,-0.7674861190913812,-0.5674506456404407,-0.10064071063020116,-0.8827379173743297,-0.6914771692965284,-0.1325965448020621,-0.9999977705267498,-0.8103205699211247,-0.1352135043382516
19,j,0.0,0.0,0.0,0.12649905739678655,-0.27261455201570706,-0.09184640669095585,0.12872206253239485,-0.5770686700012854,-0.12189986968897724,-0.08395333871744415,-0.7473160685258895,-0.14800953160447639,-0.2894682637849008,-0.6611823850412565,-0.15797904306942306,-0.18126257227781378,-0.6869853755661214,-0.027951156658232102,-0.276479981335465,-0.8547638052684486,-0.11738650269543582,-0.17871828124254635,-0.712395757387876,-0.16244290070570894,-0.10331834639320588,-0.5985311013531206,-0.16969131390533718,-0.30889032970342356,-0.591194051239577,-0.026994093789419957,-0.4154645954025942,-0.7508694105879287,-0.1458085732139536,-0.24663438764825002,-0.5705359011461002,-0.19954282338582904,-0.146177885407734,-0.44524226578446624,-0.2025916565986888,-0.4233302341435852,-0.4857853467938172,-0.04391213356142277,-0.5331644852150855,-0.6268193249657223,-0.16264803708666348,-0.33339977786961944,-0.5002013517919665,-0.19850032729678468,-0.19751477285229296,-0.37381321135307055,-0.18636270259215693,-0.5376742194116287,-0.36600636393230757,-0.06547590828456384,-0.7582325901771292,-0.517216439736072,-0.11626186873297756,-0.8794986201621855,-0.6251173095794368,-0.1420018019007725,-0.9999977633680762,-0.7259920167441148,-0.1527665792884076
19,j,0.0,0.0,0.0,-0.2889021828565844,-0.025579906070414014,-0.12756061179208106,-0.5389123836702879,-0.16655985663674103,-0.2145054577409923,-0.6554903459595419,-0.3575572840439538,-0.29622015229744686,-0.6488046382978039,-0.505373402370218,-0.3589395234213304,-0.5700684993590169,-0.5466898509217665,-0.10030004662740005,-0.7102447290358754,-0.7383044286966808,-0.21780415021321442,-0.5930830871516422,-0.6494794386399733,-0.2960832336080855,-0.4953870752911407,-0.5491508501981371,-0.33981570178559556,-0.3913770186079618,-0.6721128608504937,-0.1033496946414668,-0.5142001836258399,-0.9320450868486758,-0.21696928144376776,-0.4095316924357343,-0.7918455226583423,-0.26815190016790175,-0.3487755880247749,-0.6424462473409204,-0.2848343351330488,-0.21505847838106804,-0.7451384847359415,-0.1258125822091072,-0.33555473838553196,-0.999996457120608,-0.2190550939471989,-0.26033503671722075,-0.8757975060820028,-0.2166214414535887,-0.21700295077997148,-0.7354343891252758,-0.19901238345560193,-0.0392184540594648,-0.7638570935703681,-0.161906006425482,-0.13646065714659059,-0.9361209189263513,-0.2315587372534378,-0.10712273296031148,-0.8547613893911723,-0.22267697207070214,-0.08428954197379594,-0.7449190769576551,-0.20164159448210847
19,j,0.0,0.0,0.0,0.1753439328858632,-0.33246999238922775,-0.11646293451862226,0.11575699681940448,-0.6826165273062312,-0.15912418304645104,-0.17677298752485424,-0.8360931723978375,-0.19303564910455262,-0.43114702395187443,-0.7059647551570641,-0.20182691890210588,-0.10930787048224966,-0.8069581450181312,-0.038774916492610764,-0.29912930531126486,-0.9565709019678,-0.14854597789180207,-0.21661951779320254,-0.7818456029069888,-0.21343747581676095,-0.11972465579651208,-0.6640953237901588,-0.2447963552569565,-0.2849030380216823,-0.6797369916614732,-0.04270555525052926,-0.4754573806318882,-0.8242685487489407,-0.19045089667868018,-0.3118120339432983,-0.6431615533875933,-0.2505336325704628,-0.1806049461790472,-0.5219425135396653,-0.26026406518722806,-0.43432337779520586,-0.5363691803773292,-0.07360154902073633,-0.5971362471158225,-0.6840359190739311,-0.23040623928026344,-0.3826513836282832,-0.5290392623157455,-0.2771342831182424,-0.2072496835770926,-0.40277347284239345,-0.269797905637263,-0.5448512908091709,-0.3764965547406693,-0.11235314205700675,-0.7564925393256648,-0.5178469265491599,-0.20304626560205713,-0.8781837994923422,-0.6174862540549518,-0.25044012853603964,-0.9999964757374168,-0.721454968024011,-0.27705212245446537
19,j,0.0,0.0,0.0,0.17949084432625073,-0.2538945498573571,-0.10174129708429756,0.1566942412859952,-0.5742926717647046,-0.13515191281770061,-0.11860160005483047,-0.7203808617095626,-0.16304011686247297,-0.3489518567186116,-0.6507353075060701,-0.1709606761413533,-0.0950976875450191,-0.7694604041710145,-0.05372407269850108,-0.24552680099457064,-0.9635088381782229,-0.159840506881849,-0.17483829496171807,-0.780079405585662,-0.21429394723435413,-0.08346063376053393,-0.6295986684339799,-0.2309068901733412,-0.28437596197463116,-0.6877197756285582,-0.05313840562398827,-0.44199024711957763,-0.8783086563614044,-0.1904320534879329,-0.3203205391942254,-0.6662976462995318,-0.2421560303922161,-0.222104768267728,-0.5161875755701029,-0.24119479646990588,-0.44618395183404475,-0.5789179671108946,-0.07220771997804812,-0.613267213001935,-0.773167833625162,-0.20103469071878086,-0.4701189840638151,-0.6005036205499764,-0.22466847186351296,-0.34591794881495164,-0.44867307369070575,-0.2029917411460714,-0.5779177799561045,-0.4412998904735264,-0.098487098129029,-0.7758401990219966,-0.6299310144114361,-0.1672347045364976,-0.8930996416854038,-0.7511810222271068,-0.19742148776541496,-0.9999980248529045,-0.8606348080820541,-0.20775954616484762
19,j,0.0,0.0,0.0,0.13377546148059705,-0.2805400953332188,-0.09102711116998344,0.10271522920678201,-0.5809271714244337,-0.14397077590109364,-0.06279140827306745,-0.7758378849352454,-0.18943343320265318,-0.2728416179287065,-0.7604711482792957,-0.21232568610945338,-0.14852252454415962,-0.7031288788230295,-0.08168875125713891,-0.24031902850042514,-0.8885473149992206,-0.18725407482110457,-0.1398965512946049,-0.7360479304196522,-0.24848500507849236,-0.05374258233481939,-0.6014721915184577,-0.2821035061916197,-0.26497825013558274,-0.6269636714528837,-0.09335598015931816,-0.36955199648364173,-0.8092806171246544,-0.24799144191160402,-0.19655125704124252,-0.6146937414876276,-0.3133661749092417,-0.08485922182770736,-0.45997871156102665,-0.32980882890541957,-0.39344841120801455,-0.5420784116499435,-0.12258056665646472,-0.5255488301000871,-0.7500412520183525,-0.27480053404726806,-0.29394476731002195,-0.6180002621606604,-0.33136531560671395,-0.11471969269727601,-0.49258571036356363,-0.34273220124912396,-0.4952268776694778,-0.4347121050490656,-0.15591176867923343,-0.7346518013840082,-0.5679961689970779,-0.2680010970603195,-0.8697310250790173,-0.6526977024293233,-0.34133060776413215,-0.9999983100783958,-0.749309166896527,-0.39032964515644675
19,j,0.0,0.0,0.0,0.10292788375121928,-0.29168301054740126,-0.10024336561330899,0.01946062014221066,-0.5754224336501638,-0.13285084681572995,-0.25382878527546604,-0.6921414436659189,-0.1603822008467449,-0.4606866686410476,-0.5698230856017438,-0.1653722781904136,-0.22376348444903207,-0.67268607020362,-0.011484394030515299,-0.37747546582338387,-0.8144057381153513,-0.09631458611189649,-0.2775452612339134,-0.6615450875858093,-0.14386090480954727,-0.1849135305764551,-0.565681402102717,-0.1636578685001219,-0.3475769181715362,-0.5670873982608053,-0.013117837505314334,-0.5201776315777186,-0.6917612874888354,-0.13927917029020534,-0.35146402363658447,-0.5290665338725428,-0.19008536670100962,-0.2315850295565933,-0.43265228917349424,-0.1936668245466341,-0.46039753095460695,-0.4459217129615885,-0.03753873281564201,-0.6152407421412343,-0.5572972076037508,-0.1686677777235657,-0.41470339719541943,-0.44826640859084316,-0.2076845560571408,-0.2604926390546751,-0.35304487110564464,-0.19753880303508903,-0.5577678119801823,-0.31216867226280404,-0.06884623501166955,-0.7647042814861812,-0.43218795800130494,-0.13929107512098335,-0.879667421634516,-0.5246966197973552,-0.17672439690282482,-0.9999980864199529,-0.6114550344683933,-0.19567983875885936
19,j,0.0,0.0,0.0,0.18873070541444834,-0.1634510689734061,-0.0823503042187754,0.2628886311235465,-0.4566316941764052,-0.10763960369772349,0.13567110543332478,-0.6498117088213526,-0.1329924443880804,-0.06565014055814074,-0.6260376583819921,-0.1437697088440684,0.005474848855046424,-0.6773701796200594,-0.02305191556064772,-0.032495731361652284,-0.8596561905582492,-0.11620034306636814,0.016227641314638063,-0.6941589701000987,-0.1619987154518287,0.05145037693544762,-0.5701778563087564,-0.1691089147697839,-0.14744877021604133,-0.636136546778462,-0.029082737182801546,-0.22701881844647565,-0.8263128837283289,-0.15886125665426676,-0.11918927360761215,-0.6302269767121291,-0.2113703329618696,-0.041721738166679796,-0.4891000148488584,-0.20445769336311842,-0.300736941187301,-0.5641583355003553,-0.05235731571563866,-0.3622945734524385,-0.7408598548267024,-0.18324792829759481,-0.21075863335477352,-0.5634240472812678,-0.20925550076149166,-0.10781445356054041,-0.40699668509529174,-0.1784421646130308,-0.44820070001990814,-0.4689935043581582,-0.07983346140953068,-0.6088438672694046,-0.7008317276701991,-0.14604717010072907,-0.7078607215381301,-0.858031157601949,-0.1722956768762891,-0.7997966864206093,-0.9999982776215228,-0.17425418088573866
19,j,0.0,0.0,0.0,0.11857468015710697,-0.24836263938062011,-0.011104310351176067,0.07442975554472879,-0.4948639912898405,-0.009086452071667337,-0.15663861422499098,-0.5813759913327254,-0.005073893535615916,-0.31773220615641856,-0.5516923362778035,0.005487899587088126,-0.17043888045041677,-0.6205778809376092,-0.011063908477569545,-0.30066937608561667,-0.819155707581657,-0.02528864553278546,-0.24695265901241234,-0.7639632132796377,-0.03356112507696244,-0.18637886191673533,-0.6730304512317774,-0.03579759513495635,-0.3322372624741268,-0.544943172444345,-0.015570527590393467,-0.47020023985047144,-0.7420979794031564,-0.008615698023509578,-0.3991250903889677,-0.6844762369946629,-0.0095552578299286,-0.3353338835022796,-0.6050429520150999,-0.020126434946413335,-0.45616673325855456,-0.4418573000449122,-0.022533693795430357,-0.6221709786710448,-0.6387350465283435,-0.021457535366899334,-0.5497552807033629,-0.5944767365504993,-0.020588880494330487,-0.4694927818672368,-0.5205520127630112,-0.03146403773118938,-0.5514873422067681,-0.3071438138482782,-0.02869786417751682,-0.7685701273757989,-0.4151769231834549,-0.03244274518982394,-0.8913361309159968,-0.49514071827885153,-0.041555933448846075,-0.9999977620108617,-0.5719370931899529,-0.05757621843282414
19,j,0.0,0.0,0.0,0.15745914146905818,-0.22964823327201692,-0.08292832639705626,0.19483842913592422,-0.5078415741122414,-0.12872646122851414,-0.025261311072209445,-0.6470016359506879,-0.17644666005853954,-0.24440280576349546,-0.6164553613593381,-0.20405874750290967,-0.01580442097569499,-0.7634661492999839,-0.05344497011876969,-0.08110867704951527,-0.9999977299220536,-0.1801707198382907,-0.04520937942264917,-0.8317638739832336,-0.23452233248800652,0.0019672312298006016,-0.694290348609733,-0.24257275508867765,-0.20518442277539345,-0.6891695127115947,-0.07579865230831094,-0.28684569438729307,-0.9039006019038116,-0.22800730822148232,-0.18802909481859048,-0.6914615488500642,-0.27786235851914226,-0.1144410619822107,-0.5609390920750182,-0.2736822796835939,-0.3679342106655558,-0.5928354618043383,-0.1184798676332152,-0.44756019153127885,-0.7453468252707747,-0.2681653996414548,-0.2788420035072349,-0.5489322026830349,-0.2892453464598146,-0.15428848809482903,-0.412195627917768,-0.2615214952768231,-0.5053347378102595,-0.479288915652667,-0.16544764009519483,-0.6456758961068482,-0.6719668948920215,-0.22636342734806222,-0.709084769068553,-0.7966737810038551,-0.23703390454162498,-0.7736439561027627,-0.9431871797154792,-0.23535533428746752
19,j,0.0,0.0,0.0,0.172708554692246,-0.32213306333393876,-0.09421350998455186,0.15274053963085912,-0.6452466665542844,-0.12855061437095036,-0.08013543370897273,-0.8392942566800614,-0.153421198302481,-0.3138481279908762,-0.7379451269527326,-0.157090620157173,-0.09990901198528056,-0.7738212848647441,-0.04998586029483315,-0.23390214962868708,-0.9549987667338672,-0.1476624748549801,-0.13693909597469103,-0.7974254284986672,-0.21277494520333395,-0.04645930391639694,-0.6668056887306032,-0.24643884235106334,-0.2514686293570108,-0.6688811808926537,-0.053531268439703045,-0.3961588433193655,-0.8282945981575563,-0.1738851376412655,-0.22120060681628756,-0.639744587611221,-0.23086487768157088,-0.10445594030808784,-0.5046092543741435,-0.24937013757768794,-0.3924672761593481,-0.5504278810491271,-0.07757170973981431,-0.5329997567521695,-0.7031992734591062,-0.20191641404156904,-0.31926391556733835,-0.5604873332662623,-0.2531074214859326,-0.16059160776754694,-0.41631101090612477,-0.26303325867266025,-0.5178237246394127,-0.41263824465838367,-0.10719508796628811,-0.752704003781138,-0.5757090017814674,-0.18721799741182976,-0.8772607707232307,-0.6889057593824272,-0.2428403356895244,-0.9999973040430236,-0.7909134031140982,-0.2811966472793098
19,j,0.0,0.0,0.0,0.1596630308727993,-0.3095089422983819,-0.12369030143505438,0.1051828669596458,-0.6163063238370401,-0.17670704072701654,-0.17922318630620468,-0.7643775473886311,-0.22391030584777874,-0.4118031731135321,-0.6501042949810288,-0.2486698737336491,-0.15816147050817012,-0.7435871025931791,-0.04025506598747484,-0.3163592755061761,-0.8899118394928165,-0.1407320059657563,-0.23401303323126843,-0.740421493318134,-0.19043755490934672,-0.14605280285891914,-0.6196395491527881,-0.20762427693095992,-0.3104518709324198,-0.6363253900654288,-0.03703786405749624,-0.46158442996158283,-0.7417860258013869,-0.17905505767694058,-0.30805008158969127,-0.5635277809953251,-0.23313212755550045,-0.1976320423207955,-0.44442067116073575,-0.23812378805878212,-0.44622422329490113,-0.5149378710694847,-0.05970824298034534,-0.6022962396247957,-0.6317359284952575,-0.20614229829260483,-0.4185827822535192,-0.4967576306040803,-0.24548932399927975,-0.27644959563755345,-0.3753243177742311,-0.23412847496200395,-0.5598010646473156,-0.37749024235082307,-0.09155766660052847,-0.7697767995351935,-0.5292812424512701,-0.16534106419482472,-0.8822997196696551,-0.6367887211146499,-0.20105447515837674,-0.9999970336175951,-0.7396839296959908,-0.21881381901524427
19,j,0.0,0.0,0.0,0.13244977131618138,-0.17395259960935194,-0.10571527800332205,0.10851347603596896,-0.36930017701709245,-0.15015202373074485,-0.05777813339655017,-0.4413951793324946,-0.17892333028493324,-0.1770207126809824,-0.4377898207397093,-0.19195786696361394,-0.20520305316772228,-0.4892276897764822,-0.12691414597456366,-0.34697403096900065,-0.648543242507126,-0.19422224473000563,-0.2829964427306516,-0.5832150337114085,-0.21711240598098164,-0.2008203651879945,-0.4919332960524152,-0.21827950788639583,-0.35492444456089856,-0.38810925977841165,-0.10432506510321059,-0.5003002518445142,-0.5503826721910805,-0.17246249488181414,-0.4280808424350221,-0.48207252918795324,-0.1978192863679362,-0.35622056674212127,-0.40629650548569934,-0.20455797089507002,-0.459158541432115,-0.2651372455011342,-0.0915934110866164,-0.6347206950243336,-0.41293631249786006,-0.15556310400499893,-0.572477464695777,-0.3591997231196789,-0.1674912542021754,-0.4933679128934063,-0.29023282177295107,-0.16462840291497238,-0.5170862146690358,-0.12482310717966363,-0.08569048131417709,-0.7406160002859042,-0.19418022748180377,-0.13059116596365222,-0.8857855867724054,-0.23964271995151282,-0.15654987845584845,-0.9999977807499315,-0.2886904648169826,-0.17183883901061753
19,j,0.0,0.0,0.0,0.09485714270839811,-0.25316019946745494,-0.061975761228204584,0.042928601765610024,-0.5001427850589185,-0.08075968109328055,-0.18780553772755754,-0.6071595916023673,-0.09744246194458815,-0.35795943245284223,-0.5729517408825235,-0.10194636603150596,-0.19082929644318317,-0.6376321521588162,0.007225547358256546,-0.31336453839500794,-0.8229521511921333,-0.038671227752058356,-0.26154990440383663,-0.7453089869219108,-0.08364155599417288,-0.20197818120757324,-0.6529376086576573,-0.11080798501743702,-0.3366777954924487,-0.559860116943333,0.008371187809133318,-0.48900486528987097,-0.7351819752234691,-0.031120441709336758,-0.414706056849097,-0.6620577112837945,-0.06359693982084136,-0.34283335037780993,-0.5822752764222505,-0.08589000891411808,-0.45412263510647716,-0.4540313031452714,-0.005363812270838682,-0.6275569984383472,-0.636715446298197,-0.05274726639810802,-0.5502764852640847,-0.5818994673318796,-0.0687661772501516,-0.46455537667505686,-0.504358890268082,-0.07711420714173522,-0.5409607542210427,-0.31788463197504907,-0.025517853151597117,-0.7600517134097776,-0.41603340178529286,-0.05947423863450348,-0.8873606950839046,-0.502188982189774,-0.08123661001569982,-0.9999978357400553,-0.5873458450184714,-0.10111222013581848
