gesture_id,label,f0,f1,f2,f3,f4,f5,f6,f7,f8,f9,f10,f11,f12,f13,f14,f15,f16,f17,f18,f19,f20,f21,f22,f23,f24,f25,f26,f27,f28,f29,f30,f31,f32,f33,f34,f35,f36,f37,f38,f39,f40,f41,f42,f43,f44,f45,f46,f47,f48,f49,f50,f51,f52,f53,f54,f55,f56,f57,f58,f59,f60,f61,f62
21,l,0.0,0.0,0.0,-0.20272447699117713,0.0015012345093497303,-0.05010347092528553,-0.4297498434463283,-0.10318239101390388,-0.10590303939239186,-0.60993729484566,-0.15983548579025675,-0.17188806770399034,-0.7437923073108166,-0.16821525404693607,-0.24151521105850537,-0.38260723550136766,-0.4840494711761836,-0.05672005087556269,-0.4659108118451575,-0.7156757206518041,-0.1435170222035318,-0.5260632860983039,-0.8716306549372854,-0.1994070718651482,-0.5654438732840475,-0.9999982891906242,-0.23960030088716647,-0.2643835902794847,-0.5085455863885715,-0.08108562257121116,-0.35406685244099273,-0.6698251002923251,-0.1736073697312211,-0.34171389094935567,-0.47878826727096385,-0.16857929973423402,-0.2987946649955469,-0.39747268966219834,-0.14121963985885072,-0.1263391015747289,-0.5088812788219894,-0.11750124100933354,-0.21675335134527604,-0.6408225792889823,-0.19710678331319118,-0.21475821455729327,-0.45604204574134294,-0.13550147309905802,-0.17794860108891006,-0.3833864559539689,-0.07460121769263539,0.016628196338922912,-0.4803966235607831,-0.162540965806208,-0.06413346836026594,-0.6037095475837719,-0.20398643875455708,-0.0953705058561628,-0.4643046989434109,-0.1484268809449175,-0.07419985655884476,-0.38663569766066097,-0.09682033862410484
21,l,0.0,0.0,0.0,0.22608804250665976,0.014999094543309518,-0.11243937120382137,0.476446278676663,-0.12339895178437986,-0.15994856244822436,0.6380678627202266,-0.2902146403181869,-0.1954780246603301,0.74465078840914,-0.42184623951536243,-0.22803915429948543,0.3472282644024436,-0.4427075713627272,-0.10766566992978964,0.3700661002744581,-0.6923926496217773,-0.19732759370565595,0.3602704425446548,-0.8574635013644573,-0.26239282069523584,0.34350518018561765,-0.9999982794461191,-0.31259261816164463,0.1857338460824604,-0.4685353400339253,-0.10071312114684848,0.20310632477159415,-0.5929105964057936,-0.23712358131601355,0.16571611523684784,-0.38158085399166364,-0.2775059541777562,0.14888609065648725,-0.24439221522702595,-0.282381093190769,0.03731544839564136,-0.45458208101406195,-0.10537841107770284,0.04466870380867717,-0.5676761994093024,-0.2476392636790896,0.03228122403689941,-0.36354034504172106,-0.2207860418937692,0.026911036040698184,-0.2285640822083743,-0.17421840258800125,-0.09910501710086791,-0.4193160518281233,-0.1189700746189477,-0.09481896817469133,-0.5108398894670381,-0.23065138438903451,-0.09226098862366972,-0.34775528428428215,-0.21178979764059896,-0.07990853070237802,-0.23530837789026446,-0.17613616938024726
21,l,0.0,0.0,0.0,0.2575147993077345,-0.11507349849723505,-0.03669665815566117,0.4367192026476152,-0.21289227137642128,-0.054531867812853935,0.572159727541478,-0.34337668538061705,-0.07749411502191278,0.6569660164854696,-0.4402606697659114,-0.09591797966941476,0.2526736889456147,-0.5212637043484574,0.01738266167938511,0.2535955940011587,-0.7617613296329251,-0.042642549756594095,0.22432231003586256,-0.8851402633834198,-0.11636406892873129,0.1797925006198721,-0.9999982282932132,-0.1727213103560696,0.12553030955164837,-0.517247556448412,0.0034086812374415527,0.16860946493006626,-0.6741526288434009,-0.07993732182203504,0.17824205273608082,-0.488167840864194,-0.13610642016866503,0.17107653777171808,-0.36437331062502876,-0.16730452414375885,0.004242347284807733,-0.48250852656503457,-0.017217239280061872,0.05271712888406963,-0.6518565715590728,-0.09931506911667695,0.06567153174474556,-0.4660326153553062,-0.0820275210914029,0.0552661488417698,-0.3350590531017084,-0.055879731548772446,-0.11066208248460073,-0.4175054551870237,-0.043363193988747314,-0.07800689595300463,-0.5669328532425997,-0.1019908180189039,-0.03374299225635663,-0.4355583203709147,-0.07559671851945894,-0.018155510282858753,-0.3293829480919154,-0.04483354609074052
21,l,0.0,0.0,0.0,0.17656788424982917,-0.0892924966886984,-0.058513468095968905,0.3128778676310098,-0.2501773623434627,-0.08738256909022711,0.45367455959620334,-0.35447570110145094,-0.12003288495886656,0.5655309678656119,-0.33820397738858277,-0.15147493399607118,0.13635090627914115,-0.5332568320826442,-0.00824321389760527,0.10948112634921507,-0.7483732580097644,-0.043035063990706564,0.09211305871289066,-0.8863156752776838,-0.07085266573719025,0.0713540418031816,-0.9999983653040513,-0.09996431406818491,0.022051693307904408,-0.522993661580563,-0.015878564962086218,-0.0022674695711617453,-0.6897385887878006,-0.07544889179098317,0.006510979218723628,-0.5407667684712252,-0.0829943434088656,0.038681102636041666,-0.46623116622255684,-0.07503211765206663,-0.08049850694113517,-0.48399365264684346,-0.03319723281444401,-0.116553869777918,-0.6442434338994492,-0.10491046134812496,-0.092301011737095,-0.5145787445342269,-0.07482654707670162,-0.06790482611793888,-0.43806140223408535,-0.037430797954212815,-0.17988371077481488,-0.4255625748422332,-0.058066555947825206,-0.21981495922581437,-0.5683313607472379,-0.11423518210804742,-0.18543850699559702,-0.48037655564449133,-0.09181099908294803,-0.15602829202156548,-0.4085388441616051,-0.06355722744903529
21,l,0.0,0.0,0.0,-0.27512514792627996,-0.11484790510867121,-0.08862238145912607,-0.48727232608962645,-0.3069925475374085,-0.15541510978674153,-0.6435082891528455,-0.4540731032091685,-0.22979961359606904,-0.7886671965557268,-0.5270869176955028,-0.30524833204386725,-0.23564338049995892,-0.5292343247519639,-0.08453361886158536,-0.25679836109308374,-0.7518184479452787,-0.19635708022442666,-0.28292916189889333,-0.8831225451361201,-0.267287222278005,-0.2911693357060196,-0.9999985276563874,-0.3239890758065196,-0.047123077106542705,-0.5064679222511279,-0.11835418301937328,-0.06694763856662635,-0.63443168891056,-0.2982076855401693,-0.12716490086998133,-0.4556006279736616,-0.33027317806607737,-0.14100187416323562,-0.3391672774786103,-0.30974933479485556,0.13459980251584205,-0.45047772448479095,-0.16736566985609827,0.08660449349879167,-0.548939095834963,-0.3322684996108261,0.007172152642936868,-0.3896102593214952,-0.28252161833280154,-0.011924715185802615,-0.2995228935184156,-0.20755495742443572,0.3080358207995189,-0.3691969259640782,-0.22548992441434396,0.2690717408709426,-0.48587485944882514,-0.32122031650291366,0.15725483945732258,-0.3782898492907138,-0.2664240075552229,0.11267096731089948,-0.29982276437445793,-0.20408906639338287
21,l,0.0,0.0,0.0,-0.24879246698738408,0.0057328672192685825,-0.10259463490209123,-0.4992759235862071,-0.11617449803300282,-0.1783216052745205,-0.6955641313248689,-0.20539796709942565,-0.24978744072904216,-0.8236915202135492,-0.27947965638063527,-0.32107853767305916,-0.3661798236816548,-0.45990864175972823,-0.13195443109073976,-0.43495174869515435,-0.6861662134186869,-0.26979785824636826,-0.4725684181283974,-0.8555265302060899,-0.36683729965846273,-0.5046842568931813,-0.9999981645792867,-0.4333325369540188,-0.2025336667819841,-0.4979787725334264,-0.1322294753591527,-0.30248546228565637,-0.5435134567888934,-0.2778552208086175,-0.26287214075961574,-0.3347512879015293,-0.2809237428286633,-0.1993123955709587,-0.25450033639813785,-0.25190358453453265,-0.029181577403380714,-0.4931756925113901,-0.15033396040167218,-0.1351213599926524,-0.5065323443296851,-0.2776483188158224,-0.10988489625123099,-0.31677004150798993,-0.20640120051085561,-0.05000524419443615,-0.2680931272522283,-0.1309523991329036,0.14900116069636504,-0.45456463541733483,-0.1805860265623558,0.04202169901203545,-0.48586528306549603,-0.25501184595914306,0.02065344101403539,-0.3349297186485214,-0.19275872856358442,0.06176887374275841,-0.28457133254648836,-0.1276188292328608
21,l,0.0,0.0,0.0,-0.2529633577448802,-0.0685008014064144,-0.09954438773414459,-0.46871412815700214,-0.19865815699021952,-0.19256589894863158,-0.6781052889201772,-0.296382738394151,-0.2849631497411714,-0.819679477804777,-0.36521962661282625,-0.37646633074975167,-0.3111884139855163,-0.48760219708614005,-0.15422143660443677,-0.3379247250158418,-0.725754968880385,-0.2957601617831975,-0.3460672910757005,-0.8743680833792098,-0.380284581478508,-0.34977907628755633,-0.9999983357139776,-0.4352217057915525,-0.15310242286135953,-0.4960544629771316,-0.15732102649426905,-0.22008240168254078,-0.5596690601131438,-0.30367771930943444,-0.21142399990138455,-0.35384991292118845,-0.3029004689564928,-0.17632132946749893,-0.287749731602351,-0.27479887965074073,0.018112083365705235,-0.4721953248815203,-0.1765507373895894,-0.06868422068500656,-0.5116983220160167,-0.2932647320820378,-0.06894213854565531,-0.3217209858209945,-0.22397574361339848,-0.03419504756234489,-0.2797737209609651,-0.15723725278914677,0.17712042843921283,-0.4257173360024866,-0.2077664740644238,0.09216714590119082,-0.46238442705997274,-0.2720705798811684,0.0612322792966235,-0.3250176720759716,-0.21695809622267706,0.09662019696446893,-0.2905373276800783,-0.16183904061869805
21,l,0.0,0.0,0.0,0.275071059459193,-0.07656038618641688,-0.10941253993080281,0.4945676646263583,-0.12812606248508976,-0.1579890535710469,0.6935229402217343,-0.2410985261388232,-0.19251683817489676,0.8555003112495012,-0.3070290041809003,-0.2138034284187875,0.3956464067566323,-0.47960434689433207,-0.034642771728452405,0.45968017684594104,-0.7245020993676917,-0.09054363157222664,0.46878541170008664,-0.855845592857688,-0.14810605726388398,0.4710393565322211,-0.9999971947389243,-0.1962770844731579,0.2566178057823366,-0.501265542602117,-0.011173449677814236,0.3017577328303472,-0.6554263399642591,-0.08952778883598562,0.25579364450061626,-0.44099124548059104,-0.11797178256638527,0.23926895163190812,-0.3378755266994029,-0.13010297597915413,0.11426196087520386,-0.4929012837512061,-0.0014940656031984807,0.16892630969829187,-0.65444090792656,-0.09425038221212494,0.13736305613209307,-0.443882999849979,-0.057753139113273316,0.11788683253810024,-0.33209385723311613,-0.01651409347496372,-0.020238685644032375,-0.4592651700897572,-0.002097793571453045,0.024566828224136292,-0.6165130191183149,-0.07171562090050396,0.03150489846631639,-0.4587316974646144,-0.03740084181659559,0.032624848205606946,-0.3601441839483706,0.000809187129673428
21,l,0.0,0.0,0.0,-0.20093124973422027,-0.07247835275736814,-0.09119570575115102,-0.40503060025818444,-0.2120076781795925,-0.17718257123210981,-0.6053929290281894,-0.2829758929377708,-0.27180507314072494,-0.7690413602757169,-0.3106263432505903,-0.366164987306023,-0.18955558751783036,-0.5216453368759421,-0.09000689827353751,-0.19384089817777578,-0.7554279698374262,-0.18658033590200118,-0.23720047815317544,-0.8939584095541251,-0.2489545402141449,-0.2416586569713777,-0.9999984581358689,-0.29337444255843775,-0.07141642209885798,-0.501169788202287,-0.12045233767275007,-0.03297921927624601,-0.7304386414759542,-0.2567244400848852,-0.18945330029819196,-0.6548430558318699,-0.2815093778116081,-0.24448883313703318,-0.5612760743988631,-0.2614514789759106,0.040644327590658676,-0.45005090009205295,-0.1669731717192386,0.07847083987014647,-0.6548464102644995,-0.2734520765863177,-0.07779618535139936,-0.5820777382557049,-0.24929742756047993,-0.1284948044091568,-0.49446753990597997,-0.20182239528425136,0.1521904246027494,-0.37280474978965256,-0.22630272295752277,0.16679323481339145,-0.5446584908583623,-0.2762406669775919,0.04145711121193636,-0.5151305232467083,-0.24457617851207558,-0.007641857041664669,-0.4450460866086133,-0.2064893300947345
21,l,0.0,0.0,0.0,0.2332787627093524,-0.0706769050311559,-0.0925787901061442,0.4630685690261457,-0.18106525466297246,-0.1307597492773663,0.6307323108189224,-0.3300728551152796,-0.16221921254632285,0.7494655967649986,-0.44566784707072443,-0.19056344789286528,0.34166681708886965,-0.47926185774316415,-0.05398861271048693,0.39151337209880716,-0.7172821606850952,-0.12230898896849633,0.3986576368589641,-0.8652125448514882,-0.1796852974499782,0.39832914987328916,-0.999997560381978,-0.22439229985873796,0.19468379578731593,-0.5047618414832753,-0.05114782828491653,0.22108461037127664,-0.6522206526994498,-0.16592188905716257,0.189194326023609,-0.45976654048665644,-0.21021199364036677,0.17458632509668698,-0.3272250954307034,-0.21876514257198504,0.05128723000355159,-0.4938638967548969,-0.05892189304322809,0.07881710045306031,-0.6338739492985624,-0.1819956849984049,0.06310810828574977,-0.43639023456075043,-0.1663796841667912,0.04820630127004678,-0.3035727237490188,-0.12696152762264654,-0.09348079439260451,-0.4669252010908071,-0.07377572754471336,-0.06428405970370155,-0.5834897313273443,-0.16784304352063784,-0.05398725052148516,-0.43605847579234963,-0.149978937160098,-0.046434812689708255,-0.32284454189220985,-0.11459480692235309
21,l,0.0,0.0,0.0,-0.1578418629242671,0.006885732873774774,-0.052430876773849534,-0.3821434952230195,-0.1494648919994219,-0.09185180262267718,-0.5603065004130894,-0.2538177987478026,-0.14434082964141126,-0.7148109182602584,-0.3060195972311783,-0.2023714534519691,-0.2582960211416933,-0.4615407058193672,-0.026748037823516865,-0.3120976403022589,-0.7044704435839042,-0.10418338028006544,-0.3524363333090888,-0.871276090931693,-0.14830278975433075,-0.3689933969895976,-0.9999981552261547,-0.18077435537217304,-0.15159547554879266,-0.4776118141417646,-0.0571968293823206,-0.3129615731563557,-0.6232459110916921,-0.19356496264532225,-0.3582748348601682,-0.42479447587001756,-0.2094569233792588,-0.3202457355448078,-0.29848874611189175,-0.1770991083707538,-0.02443037615579434,-0.46314750877175564,-0.10044278440574936,-0.1922340215393469,-0.5478964408828982,-0.24216779685828668,-0.22590607117371142,-0.3476705731255248,-0.2037670975581458,-0.17691892318746522,-0.24075610601453262,-0.1325284281278724,0.11523046682957588,-0.4259312122637623,-0.14851807199140785,-0.03845963630024218,-0.48866459084546243,-0.23995768684376056,-0.084182378206251,-0.35167729951860516,-0.2061659489172127,-0.04483654274123945,-0.26753989376205833,-0.15425692492990922
21,l,0.0,0.0,0.0,-0.18110976591693012,-0.03293399198057274,-0.08648945489614046,-0.3733312657163616,-0.15624649557653694,-0.15235891104182725,-0.543315920864094,-0.20587096479579184,-0.22162108613426876,-0.68011542813683,-0.22118769393112755,-0.2887940435530279,-0.2825398638916698,-0.5298451536258848,-0.061596656047704534,-0.3072324819927219,-0.7464818465283598,-0.13303925761329155,-0.35068332413365116,-0.8881165652050668,-0.18225602259019003,-0.3669404096301613,-0.9999983737179889,-0.21836054270248506,-0.16357557547675716,-0.5424695904456408,-0.07873998452134356,-0.15145209337038631,-0.7741393352449218,-0.18932926953234103,-0.23556057708267242,-0.655518435388865,-0.2141818165532357,-0.25984054730932815,-0.5302703544483043,-0.19762182454356972,-0.04171892304958778,-0.5141540655309722,-0.10982699073982065,-0.024879652179898223,-0.7266265723784331,-0.20195333073299596,-0.10993488989482224,-0.6153732836723199,-0.18490187142143333,-0.13007195107102812,-0.5027034020518472,-0.14437306720174597,0.08351442392881454,-0.4486034433600014,-0.15156459781050072,0.0814216196985542,-0.6221140228928012,-0.1998964284187515,0.0019080480995111026,-0.5620109924280092,-0.17596306980517373,-0.025110548876354,-0.4711248861228652,-0.14284659964194862
21,l,0.0,0.0,0.0,0.22531763808925862,0.003136834054829814,-0.13188420700600673,0.4842084840072042,-0.10526246937450978,-0.18590752136415165,0.679449055166946,-0.2193695302901636,-0.22299289969555236,0.8167509524100338,-0.3087997196033973,-0.2558866304407013,0.38126271417640134,-0.4172887325683575,-0.10686807728122204,0.38602613115922346,-0.6862263902932091,-0.20292826529165747,0.35812487199489973,-0.8631830894532364,-0.2747205006356822,0.3407710919621942,-0.9999984272975377,-0.32567570434892607,0.22639724594896857,-0.4434750585044565,-0.08868777667457842,0.20398420432067332,-0.5820990230783961,-0.23474161481903075,0.1499696898399123,-0.38168885790569207,-0.2939697812874057,0.11983436326944649,-0.23836170453768293,-0.30735457055150084,0.08217843416630621,-0.4258356515594877,-0.08378665508587681,0.061882706311325995,-0.5403270948688847,-0.23788154230612335,0.03153454222714383,-0.3361219444923517,-0.23711962056576363,0.02410899243127111,-0.20142584209898323,-0.20137897130004884,-0.040302360403947975,-0.3928428372415582,-0.08726413579232552,-0.04852343786339877,-0.4945688573571101,-0.20612042960082383,-0.06650710632306626,-0.34207502053114147,-0.19752549210434184,-0.0567115187120466,-0.23298953758169447,-0.16442661055594765
21,l,0.0,0.0,0.0,-0.272394208024873,-0.012066052290665341,-0.1136542959528796,-0.5607730482398495,-0.13547913961688848,-0.18716903321963493,-0.7903883772860595,-0.21115631607206406,-0.25923592490982633,-0.9636249055828683,-0.21882365854532465,-0.3296329002852189,-0.4926051758790485,-0.4754388897776741,-0.10742225573099543,-0.5895066108918655,-0.7296361789239277,-0.19564195540284024,-0.6484659031922301,-0.8705478439572418,-0.24982386981003443,-0.6954328743961383,-0.9999983181452464,-0.29372891634239573,-0.33320234385317565,-0.5222331866348453,-0.11621290873683264,-0.33034672618051697,-0.6770868891874183,-0.2641432346100589,-0.2556346213863217,-0.4717397992728259,-0.29229078213148646,-0.2224150844647472,-0.33728788405710763,-0.27559570402247086,-0.15992351159449564,-0.53437833329972,-0.13897400657281797,-0.15910439862660636,-0.6538028186474363,-0.2753721295889089,-0.1275176743376326,-0.46258655520042946,-0.23783716250946632,-0.12759666846548684,-0.3485739194583902,-0.17822591803841667,0.010046288727205126,-0.5126393097084092,-0.1724563142528161,0.006719011953589483,-0.654780270733277,-0.25576246388882057,-0.007284501642962079,-0.5107603421507501,-0.21406073199618986,-0.02915143958343774,-0.4030285415439618,-0.1640532763099412
21,l,0.0,0.0,0.0,0.26841363120384665,-0.020485411198438403,-0.09801385740966988,0.5551230703144556,-0.09701186051802899,-0.13630226542584714,0.7738035745844635,-0.2031431472343733,-0.1650637588695917,0.9323142968901733,-0.29609445132899465,-0.18924822703854466,0.4338352502063072,-0.4177923687981376,-0.0703149457293335,0.47594677473001323,-0.6818228136081415,-0.14847242641073471,0.46200204941246986,-0.8477045429234279,-0.21739019664925785,0.45056195149698913,-0.9999970324382117,-0.26941737479009176,0.26000101934865577,-0.46102849932624435,-0.06653038363593206,0.2666881622556036,-0.6193966559761588,-0.17749349193869732,0.21301449229470615,-0.4310582268862236,-0.22593531408372627,0.19718652065302708,-0.29095448186031253,-0.24459248878303191,0.0928848854795455,-0.46477827677045536,-0.073481868872172,0.1024856034265199,-0.6016715528937436,-0.19568408913312985,0.06371375898603031,-0.4120259771582404,-0.1780077387292241,0.04813448127989503,-0.27988512540208627,-0.14177980020933323,-0.062063287355476164,-0.455935580061584,-0.0882385086948782,-0.0491464144272962,-0.5705474891723913,-0.17823931947965846,-0.06556198297784901,-0.4217743018542982,-0.151548189783281,-0.062044361145587694,-0.30813532374808456,-0.11326213648831064
21,l,0.0,0.0,0.0,0.23582472394643333,-0.07023448254864484,-0.10446855927675508,0.4846281548393026,-0.18763490983251718,-0.14878181549228284,0.6625688575778902,-0.3352545636176186,-0.18496866291998115,0.7780786343860617,-0.4723072617924537,-0.21588359105745408,0.3814846987295942,-0.503516864859406,-0.06912120947483319,0.36379146171415855,-0.7417811880988566,-0.16599362692167716,0.3124024119553812,-0.8746015881987501,-0.2399932150607191,0.2665258598785138,-0.9999981960958023,-0.2874244949137475,0.21122014014257806,-0.519658357808343,-0.06589950864663675,0.17708413614312174,-0.6682198961570897,-0.19695415743250122,0.14875007654307912,-0.4676385894593438,-0.25035069274848293,0.1534812186172253,-0.321452299043872,-0.26625268251642437,0.06238431554704378,-0.49662928022721536,-0.07689828902984316,0.01112063535461465,-0.6243402791325399,-0.2187087743437135,0.010323742952393515,-0.41448221589090456,-0.21561798713698094,0.03350044696113356,-0.2728689040572134,-0.1839445650590211,-0.07425388890714603,-0.45689239622720573,-0.0958405983027979,-0.11971019488618154,-0.5720721908748947,-0.20110042521218174,-0.11162111606946405,-0.41987708552342773,-0.19250262389805362,-0.07597309703847098,-0.29894717163153933,-0.16418224635402973
21,l,0.0,0.0,0.0,0.2442221415085481,-0.018206383345110187,-0.1172109360291647,0.5117178004870271,-0.11351754695107209,-0.16333174004127635,0.7231232401229755,-0.22243523552121394,-0.19941447609526883,0.8901789138509861,-0.277246136544023,-0.2324460377161342,0.443862443078391,-0.45065163098988187,-0.06449850536449313,0.48559751465543927,-0.7041689316903189,-0.13928905330287775,0.48191656935051325,-0.8646203116522305,-0.19856393896737173,0.47316300444709714,-0.9999983854214629,-0.24419070149235952,0.2842234665787362,-0.4919762062873369,-0.054120458334346526,0.2701169455014097,-0.6458202129189841,-0.19855075458328916,0.19558600722806732,-0.4496624172381672,-0.25337860523855477,0.16347837500452225,-0.3048712706522489,-0.2584919568849497,0.1266484236062872,-0.4978532176694351,-0.05760186953454819,0.10394501045245294,-0.6213795646895087,-0.21355769932208074,0.06007753316371156,-0.41404639153933176,-0.2083116617665335,0.04516479181155387,-0.27285592911728196,-0.16403896916956046,-0.025011931441229082,-0.4771601343790548,-0.06912956237691806,-0.02761296020613502,-0.5829129452329048,-0.18946272014061002,-0.047556217740460725,-0.4187579803576334,-0.18062465969540914,-0.039353317404347964,-0.2992575620062818,-0.14409111634808186
21,l,0.0,0.0,0.0,0.20812305003822698,0.040536910456692,-0.17317087861259037,0.44966231841555065,-0.04221068995193418,-0.2518438326177946,0.644106066207167,-0.15034890665478573,-0.3050483717613216,0.8003678198191699,-0.23355948061153262,-0.34928439567654246,0.41259965745577926,-0.3960178492154641,-0.19273725728443541,0.43952645457712475,-0.6642578041054752,-0.3186184365601931,0.4253129640696735,-0.8423887856732122,-0.39719978148609697,0.41303084150413,-0.9999973855916463,-0.45233465619194363,0.248812051434995,-0.4620116040909023,-0.16261399869081375,0.1871059832564741,-0.57194109677344,-0.3434143242962217,0.10964401050813274,-0.365694250545167,-0.39067225961788615,0.09349198383823729,-0.21679114280639067,-0.39045807007164185,0.09104107573832397,-0.48005417101182446,-0.1497247200542957,0.011531329379799456,-0.526968771944429,-0.3276113588002712,-0.026512131146404688,-0.33144386949887067,-0.30975869128698236,-0.006413219916831938,-0.2068949468632895,-0.2600088643436423,-0.04937252142217301,-0.4706890467119395,-0.15052184370891408,-0.10828656770177815,-0.5024230706882078,-0.289454336519374,-0.1309587142730262,-0.3380839791787668,-0.2838821163896555,-0.09988182912288542,-0.23162312608142563,-0.24963777379000668
21,l,0.0,0.0,0.0,-0.291505483952988,-0.06519966214814156,-0.1094793043521399,-0.5354237358316963,-0.23868829498283342,-0.19737472430324968,-0.7060018302149025,-0.3689388802481711,-0.292073356538162,-0.8274487322803215,-0.4610773905037461,-0.38689003887053725,-0.18263265630693204,-0.5104883635984492,-0.1324107020160317,-0.211999357090393,-0.7341419454752881,-0.2946652927118763,-0.21406825154111955,-0.8798185788967453,-0.3943434857195571,-0.21162694688258216,-0.9999982837504471,-0.46575676180402314,0.038022258731103764,-0.506654037100916,-0.16087895869767954,-0.20239356746568526,-0.5382149454801574,-0.36163314891083786,-0.2659278946383959,-0.350263334370251,-0.37602347113603235,-0.19119696582568674,-0.28357392909442114,-0.3461014796753158,0.23920494317801227,-0.4572926266337873,-0.21213804494081345,-0.0075720340028186785,-0.45949261397870683,-0.3868857935680722,-0.06552307235882525,-0.29084372825065913,-0.3024716622959455,0.020570331779355657,-0.2468567684078856,-0.21320798903257157,0.4341355246511869,-0.37338151255555097,-0.2799212805282953,0.21102646675077347,-0.3941239581035213,-0.3890506932323767,0.12614440596537155,-0.274110587269295,-0.32364817723391537,0.18444780442598036,-0.2297280470739313,-0.2493888350323882
21,l,0.0,0.0,0.0,-0.2347143871186829,-0.06780367969233228,-0.09946266132368008,-0.44572538905596015,-0.22430792958913906,-0.17563510329708118,-0.6312939488444034,-0.3291911503275822,-0.252246123435907,-0.7663202091554611,-0.38372892074341264,-0.3305351431977957,-0.2871388060257808,-0.5075946958564453,-0.11634945893663025,-0.28642980800473894,-0.7422959474075538,-0.22200286178718548,-0.28502513188907286,-0.878546373481979,-0.28784090749385877,-0.2786737853837326,-0.9999984534859334,-0.33632378042413313,-0.13116698446798952,-0.49710901011405806,-0.12726149754865593,-0.13202923077739928,-0.601017156931084,-0.27664463363540753,-0.14383446493962845,-0.4039057977936348,-0.2981455067625626,-0.15136773598839956,-0.30013628882665716,-0.27987349441432624,0.027055213308705018,-0.4548981632968589,-0.15182457106052266,0.011917324338864008,-0.5442687396270491,-0.28484233395488906,-0.022957930199131008,-0.3641618105669071,-0.23556238556625825,-0.04424197428188697,-0.28535126268260413,-0.17050477693234717,0.17809801683605375,-0.3901471895088161,-0.1860262129529328,0.15961410704247256,-0.49302048404953364,-0.2612818960114904,0.09938084670580598,-0.3645790146289542,-0.21092884088659766,0.07066981444735455,-0.29973595359875826,-0.15593747858205356
21,l,0.0,0.0,0.0,0.246465925305494,0.008956520765492245,-0.13951067226321318,0.5451297917400318,-0.06570483124227942,-0.19483873444718658,0.7881331815860211,-0.14601902269483022,-0.22977985126339212,0.9623521699897073,-0.20235239199100635,-0.2565682851477307,0.5102749190172239,-0.3362844232744403,-0.15382794921432885,0.568114792352644,-0.6364041263629913,-0.26425896030079277,0.556092778250366,-0.8217147507556104,-0.3434845487649611,0.5610659196165482,-0.9999968719129121,-0.401863468076923,0.34775538877672,-0.42004101374636726,-0.12951978172250866,0.31501894413483894,-0.5920748254990711,-0.261591860838494,0.2203355381654012,-0.38991848412653807,-0.30218415071583377,0.19498077686729537,-0.2679063863808417,-0.315625434256197,0.1898497136049202,-0.4471567813131189,-0.11815321573823316,0.15515593240314032,-0.5881567963059188,-0.2483300106922852,0.0908071412447001,-0.3980407409905951,-0.21508008682712718,0.0761990861740667,-0.2795437571869612,-0.17157744043443163,0.05677376069972738,-0.4460104025896918,-0.11884930963353199,0.04076118893013061,-0.5619882804435455,-0.22260081415447494,-0.01030911155171683,-0.41891896655476213,-0.1947628382466328,-0.017210130611683822,-0.3212952674295229,-0.15512560760543434
21,l,0.0,0.0,0.0,-0.2665335861327102,-0.0857851092827585,-0.10467745428439003,-0.5207247563664955,-0.25272883494836157,-0.1830401066688066,-0.7455225527911148,-0.357106357899783,-0.26372335071724057,-0.9329774226407213,-0.4019295465545299,-0.3463000657747846,-0.3410020587354293,-0.5019119862760191,-0.10837699770251144,-0.38317322360747624,-0.7363792019870059,-0.21708336705803716,-0.4028644435106997,-0.878057587763467,-0.28316629766161056,-0.4126093933262162,-0.9999984150193845,-0.3317394188476557,-0.16305496622675725,-0.49992447999429906,-0.12712910482734716,-0.1957849566634983,-0.6126837660566036,-0.31146426623565227,-0.19884982398888848,-0.4231226855977279,-0.34926531215835177,-0.18697003848551352,-0.29097968666456986,-0.32875926947350287,0.01324056316674095,-0.46452257937537605,-0.15953792518884377,-0.031905531490046025,-0.5320421960602907,-0.32499112742438924,-0.053766116672627595,-0.3539789499736466,-0.28529003286519766,-0.05872723012819568,-0.2461955150311344,-0.21256825688966366,0.1833510916686181,-0.40580744168962074,-0.2006302765070445,0.12919546608832194,-0.4940235097917165,-0.28881469641994095,0.08523802073453907,-0.37230929774129756,-0.23796694429837245,0.07830442207809492,-0.29145525975241937,-0.17566429542245626
21,l,0.0,0.0,0.0,0.21164873605734844,-0.04990929474568144,-0.10007432943447651,0.4371570068630675,-0.1450084732698481,-0.14884647539707857,0.6169518531591376,-0.2521948512723437,-0.18688926879309242,0.7489652195696888,-0.332502564751559,-0.21981664537022336,0.34107646245564605,-0.4628935902122787,-0.08828049864539057,0.3557240878116599,-0.7089090924185966,-0.16724357409389293,0.33554880942680093,-0.8607768526077331,-0.2328308117328163,0.30975951463878654,-0.9999983345551893,-0.2827675789656706,0.1989799239237504,-0.4753303131859486,-0.08178375797450899,0.20234303284128946,-0.6284324243841214,-0.18738244584940897,0.170672690067482,-0.4348357181908006,-0.22765945725712436,0.1621126899178817,-0.3044876758807433,-0.2403146696409747,0.057402756856672614,-0.4508581094902896,-0.08531118065679187,0.05790267174520907,-0.5750274479779223,-0.2001024803981152,0.0476364489776253,-0.38911772734182015,-0.18596928791166414,0.05068864974764723,-0.26447651724524035,-0.15418858366499524,-0.06756861942721303,-0.399688902162141,-0.095987368873203,-0.06916053465954324,-0.5125023999763081,-0.181518012886346,-0.059931218359038,-0.3702567605384192,-0.16096272324599092,-0.04035556981615772,-0.26374689563468773,-0.12902367373788898
21,l,0.0,0.0,0.0,0.22893006918391812,0.028620188239582293,-0.12801987487536134,0.48878617982843714,-0.07935705172626227,-0.17407673094930418,0.6708113209311038,-0.1832655692130928,-0.2052937761754133,0.7933278163482247,-0.27639727902452843,-0.2355472349641324,0.3397488318464838,-0.4170393852772447,-0.10492252335813086,0.3605151282322594,-0.682377431820733,-0.18951539599310044,0.3679388659806502,-0.8605494332861103,-0.25242360528835406,0.3657469320089674,-0.9999986945028329,-0.2999121749882149,0.18852281806803364,-0.4463342182516237,-0.09019065955854941,0.21301849140935744,-0.5930008163910105,-0.2377586029061168,0.1762181384932461,-0.39447481440229354,-0.28608732706983,0.1513769334397118,-0.2298975268526295,-0.28372103206129656,0.03703289914332472,-0.4317832129324173,-0.08904334526078485,0.07061810690664495,-0.5422395972178263,-0.24594680184664444,0.0437140997081171,-0.3354287711329377,-0.23884396777602782,0.028224349973617936,-0.18776257826884515,-0.1909490160545435,-0.11423416135918606,-0.39382927198939,-0.09591374982473043,-0.07489941640013012,-0.4894104401957851,-0.2200163995987252,-0.0691321765888043,-0.3299945739357906,-0.20941628737102808,-0.060811013497113584,-0.20878947271884615,-0.1703008408576285
21,l,0.0,0.0,0.0,0.2821077349162309,-0.1221172770258608,-0.08291679147765271,0.43441068454613196,-0.27705139592026834,-0.08993831672979435,0.5516847255412547,-0.4484095560513322,-0.08264681575253391,0.7072397423948843,-0.5059419928458132,-0.06104388772416058,0.26506616622643514,-0.5425418472511053,0.032876254128036485,0.2870088131803871,-0.7584349572770003,0.014814743795673024,0.28563516886271045,-0.8846215042836244,-0.003972680790018402,0.27809552796586656,-0.9999987839202457,-0.024870916521709054,0.14089962150233393,-0.5461257462349692,0.04995354157483297,0.17366597826364297,-0.7015436958412384,-0.008600455294067947,0.167284341779189,-0.5005522274416763,-0.024212247602185946,0.16311683785501732,-0.3941225541944171,-0.014590885427868482,0.01414764491884756,-0.5167840411056199,0.052717170822336866,0.04256391055550855,-0.662284004748737,-0.029076114391929843,0.052183189947337456,-0.4549292020751696,-0.0023198031811209998,0.053418063643611964,-0.3858848923604603,0.043842700790767915,-0.11731753139618892,-0.4641385481949485,0.049081173962195766,-0.10046768289109338,-0.6340925844855885,0.004050879724845667,-0.05443758737060689,-0.4899599590519933,0.04294717453956294,-0.043379428059502005,-0.4239967992848223,0.08558952184549447
21,l,0.0,0.0,0.0,-0.2173595818144844,-0.0679006589245148,-0.04762114819727539,-0.4117653665749942,-0.20563012685907142,-0.10168733898934185,-0.5697925980852085,-0.29931509079833607,-0.16642778082868448,-0.7139077223139854,-0.3517493377368015,-0.23354633555863322,-0.2201654927149645,-0.514243305589897,-0.05263996505955392,-0.28038024384759,-0.7456264049000968,-0.1336638603847283,-0.33685130244625294,-0.8865434622569541,-0.18780470924190448,-0.3828815326073571,-0.9999983258815678,-0.2285869345669002,-0.1103302386852589,-0.5206779065416212,-0.08531517643007258,-0.28583939423982196,-0.6119848885583998,-0.22766050350383785,-0.3151326969170776,-0.4229908063111349,-0.2599224169063654,-0.2791246961349603,-0.2867792713632282,-0.24768672651021342,0.003881146694435305,-0.5007265973000186,-0.12678930633425706,-0.1839794251819481,-0.5532781916742124,-0.25200590543763235,-0.19664835811982947,-0.36289455014443406,-0.2244496391755986,-0.15448266041162256,-0.24290959109871527,-0.1734448656134317,0.1237092433515784,-0.45539341689425517,-0.17426170754274517,-0.06171572062941681,-0.5149887511839522,-0.2518718439751314,-0.11019947013549525,-0.3818705086117788,-0.2215408247520786,-0.08645547380980877,-0.28719826956273803,-0.17737348513316273
21,l,0.0,0.0,0.0,-0.20541641391656876,0.05902672607937833,-0.0684245777750587,-0.45785549929259195,-0.02555903681942209,-0.12722312654263604,-0.6450262121170081,-0.06022275058238268,-0.19202403601569418,-0.7849720029919001,-0.05561298295911218,-0.26464230430529667,-0.38498289987676343,-0.4509916374728973,-0.0920066571964759,-0.49669065778732535,-0.6861837044867034,-0.1912182403272139,-0.551127506478217,-0.8554568946369866,-0.26493813253333626,-0.5882047768049126,-0.9999980958472738,-0.3211404452734173,-0.2509460409333375,-0.5042415129944451,-0.11958906432623893,-0.41361950363711036,-0.5607382352582302,-0.2694368439812234,-0.3820911264556164,-0.3472730576609528,-0.29778318083452593,-0.3048256509353294,-0.2202721209990316,-0.2797381980317606,-0.10472438443764431,-0.4987199724688321,-0.15660920342934367,-0.24353955307939876,-0.4737178054751825,-0.2857396294859016,-0.2131602129133172,-0.2605661615360518,-0.2405611034180837,-0.15071588483788012,-0.16436824690296742,-0.17658207774067047,0.04837078106722497,-0.45283158349970076,-0.20213440408858563,-0.08859133271966595,-0.4447075717410369,-0.2809796210735011,-0.09281436154107772,-0.2835521226762547,-0.23222520816691214,-0.05042392998156817,-0.21087802837105002,-0.17420709574781792
21,l,0.0,0.0,0.0,-0.26378674147649167,0.09666271776728369,-0.1172928697096812,-0.6035635943736368,-0.05552649746412339,-0.14830853448257897,-0.8256199149013673,-0.1885414831199821,-0.17512480513373016,-0.9999974919095344,-0.2659040974973653,-0.184815201479094,-0.4619287190830419,-0.5123757895553034,-0.02575132976111747,-0.5018724270143654,-0.7279215411752029,-0.1708564756644265,-0.49289831172273224,-0.5278349476813702,-0.24529603696339386,-0.47891562952000066,-0.38560389095177755,-0.2699270907330984,-0.3010498753399446,-0.6062359462802375,-0.026706153932853534,-0.389747038015745,-0.8152373807576385,-0.16863643606132825,-0.3627447129357642,-0.5344183574633616,-0.19713308289194634,-0.3191327251272776,-0.4268339186403368,-0.1728587588009801,-0.13517248077311425,-0.6525993682373582,-0.05659803846328123,-0.22895706836128468,-0.8187680515539095,-0.19502434145367603,-0.20260623744157266,-0.5458276526824154,-0.16133270889189186,-0.16132717577307576,-0.4598928372056621,-0.09476978187894536,0.03849952267770335,-0.6670589357937514,-0.09650730207923895,-0.04527047248357204,-0.7854284583015937,-0.1795597454891329,-0.04262981327132135,-0.58611078638035,-0.13939130159755023,-0.011871604923191358,-0.5036263635071039,-0.08095566332561446
21,l,0.0,0.0,0.0,0.24976145234677433,0.010370690291659743,-0.10631152942064162,0.5243945655058901,-0.07121583181328892,-0.15161506815066622,0.7320000910134445,-0.1762063418193668,-0.1893942630397409,0.886017447366511,-0.2516001504311021,-0.22353556777387606,0.4931649799911744,-0.4140446785463663,-0.07954195817323148,0.5397262590556858,-0.6822669434123766,-0.17588802500913187,0.5280305188627561,-0.8530813794046294,-0.24749504336343392,0.5192498697846871,-0.9999984340202589,-0.29517527834626206,0.33756551629614356,-0.4530564587298889,-0.07510412374410494,0.34251298530268165,-0.6097561637401648,-0.21464902484451157,0.25846061589625724,-0.4164086922720259,-0.2722765380582333,0.21294651454676045,-0.26964868164476546,-0.28711325135820975,0.1861344154139413,-0.45857796668351136,-0.08399185675421342,0.18251666329198282,-0.5883426908904257,-0.23414768111214293,0.1298854123953013,-0.3816576811708625,-0.23481193284660248,0.10716653764402566,-0.23483849319523595,-0.2015619869222317,0.046906449150091616,-0.4435052907074001,-0.09996167859939303,0.044205152540645054,-0.5531955462459409,-0.21545701966490768,0.011267917832935983,-0.39518362553849645,-0.21126569529419575,0.010093704832233241,-0.2674695737978333,-0.18310307619869437
21,l,0.0,0.0,0.0,0.2388100904465115,0.013323962558092662,-0.11575966265723361,0.5265252189616386,-0.09239881105028486,-0.1643470027681986,0.7238176367029602,-0.22106698285473014,-0.20083811519014796,0.8730207212664086,-0.327430768078458,-0.23819756746148735,0.38548481857256345,-0.41763871256746243,-0.1180209994057144,0.41774312154119597,-0.6882936965378835,-0.20058464557887665,0.40139802975813105,-0.8613662065417008,-0.26428208328425395,0.38359622146897326,-0.9999973737752554,-0.3123443163068383,0.2195725413671234,-0.45341717895636313,-0.10821043012079251,0.2136387618059305,-0.5758431968693981,-0.24524752121639345,0.15465301384306676,-0.39188147269946844,-0.2952331217223139,0.12745251949557823,-0.24627478419528104,-0.30661820024606395,0.06337984736567183,-0.45074527974698225,-0.10795206878473983,0.05213028918526477,-0.5687238197563949,-0.25122767432851373,0.021492908140186034,-0.3786974526039211,-0.23882756291263005,0.010169621883874222,-0.23456407333628496,-0.20107737923265417,-0.08236694013625392,-0.43432192036741546,-0.11593143068120654,-0.0838712433410199,-0.5298548790520213,-0.23069242893222547,-0.09840224877236443,-0.3665988475366618,-0.217036631331864,-0.09477282378737964,-0.23777993234135386,-0.18320426916308322
21,l,0.0,0.0,0.0,-0.258134911938634,-0.08094717350927393,-0.10948698765855014,-0.47677368739177806,-0.24771168454062875,-0.18319623649906647,-0.6373425782189533,-0.38561559888053165,-0.2585632536059595,-0.7839274516309921,-0.4502099206494033,-0.33350560023273096,-0.2968538945922931,-0.51974901502646,-0.09514742579195506,-0.3142096448490105,-0.7474784800375633,-0.19873134056991992,-0.32237812099747504,-0.880911201313305,-0.26172488992222137,-0.31504811205193584,-0.9999984669632331,-0.30911779568739883,-0.12114635779983232,-0.5092481636213835,-0.11274672765296596,-0.10976692507870014,-0.6477716993761771,-0.28055903713762775,-0.13861198783112663,-0.45518726884148575,-0.3072243912724232,-0.14783001000103857,-0.32975911781346245,-0.2812547291656871,0.052388117987139125,-0.46468508466607916,-0.14662317614565815,0.05757206756825971,-0.575089723629829,-0.3050316615588443,0.0025276460077726425,-0.3978338643090369,-0.25586393472792796,-0.021741849316658485,-0.2950299817104282,-0.17815141847034935,0.21874107101043205,-0.3927544489999462,-0.19071352078597398,0.21495005887933266,-0.5151961545622753,-0.2821753663372514,0.13459628184083003,-0.39638509605463607,-0.22993477508279786,0.09065113384234598,-0.3141887197193821,-0.16723247566520916
21,l,0.0,0.0,0.0,0.2382339829417414,-0.0954149450580054,-0.06434307157081369,0.44340538925836614,-0.19199944244517717,-0.10245412575227104,0.6024237191621025,-0.3157639982644934,-0.14242634095309262,0.7278116359812911,-0.3903806035853134,-0.1807756131645655,0.2852053183808385,-0.5048729459075881,-0.024067677106192398,0.3145721885881047,-0.7373018179821652,-0.08919756614453657,0.306544851546051,-0.8686746038989173,-0.15218554356272748,0.2833128956564163,-0.9999981605107293,-0.20138000972407635,0.1551288858871574,-0.5139015346483339,-0.03579508740554158,0.2031970809401085,-0.6484496107337203,-0.12382030880151917,0.19793557562727115,-0.4571194236946772,-0.16281707246137417,0.1920434637501514,-0.3464776024418684,-0.17717329440926002,0.026289325974832443,-0.4819978750682428,-0.056699612094661664,0.07449002351112444,-0.6213699844693378,-0.1578514363676477,0.07613229777403045,-0.433336516229711,-0.13279366533210102,0.061060016946633544,-0.32198300807630986,-0.09465378212978023,-0.10405463325393499,-0.4281755527267401,-0.0838366976744566,-0.06883895980084376,-0.5508064091850757,-0.16055802024462132,-0.03460880440444251,-0.41020861069728815,-0.13032667686408125,-0.02742138070424491,-0.30837773860770606,-0.09128916060449371
21,l,0.0,0.0,0.0,-0.2561931262496159,-0.02668842204695784,-0.11849124501061757,-0.519318797589698,-0.14279218819044825,-0.19840037118732476,-0.7358199912900214,-0.22126035565234625,-0.27599459304195817,-0.897191671655408,-0.2541276324347553,-0.3516660800960587,-0.456157941610853,-0.49439492795845597,-0.10772964395413281,-0.5472659449161981,-0.737950892078931,-0.1933641703469234,-0.6012811135441338,-0.8735460107588849,-0.24542076897563747,-0.6368167572042509,-0.9999983386117615,-0.2864525542283779,-0.303325362041436,-0.5324757495852787,-0.1124176925325917,-0.2960681092024355,-0.685835397465636,-0.248208462732572,-0.24187489100698992,-0.4846134412481493,-0.2751572500884148,-0.2163317099212394,-0.3437643006599777,-0.2594049879828849,-0.13627426687037328,-0.5332366688715664,-0.1317587724223944,-0.13009877903441894,-0.6486394267345218,-0.25701790575284744,-0.11380714458081677,-0.46222341105442505,-0.22719648469761655,-0.11663454794652295,-0.3492294717285529,-0.17477010890467692,0.028381180282226172,-0.5033967298691028,-0.1620941655397875,0.024535784951002358,-0.6443841113895568,-0.23834151619091884,0.0024339712568538846,-0.5038155127506373,-0.20118651765588758,-0.016543854836498402,-0.39548294675169565,-0.15540197003582973
21,l,0.0,0.0,0.0,-0.2815902687224342,-0.08913000884796442,-0.09957004745328228,-0.5794511566215191,-0.24911414888134686,-0.1106686838787753,-0.8097762401066563,-0.3671990797046733,-0.12192318244247856,-0.999998357131812,-0.4373923314330492,-0.13436495550415783,-0.39149817494058836,-0.4276997591383463,0.026902016159762197,-0.36923870901430905,-0.6724855343702372,-0.021539944964202282,-0.3627690624226184,-0.841062527222502,-0.07389628451210892,-0.36565885552630367,-0.9734082163755698,-0.11844155753727738,-0.2793407913350919,-0.38757745296985013,0.04394903589094547,-0.2673697565709183,-0.4847720713071646,-0.0019989661598205006,-0.25104381113952934,-0.4262816444107,-0.039439619394930486,-0.25924668730443773,-0.39726366029719373,-0.07322687355074094,-0.18043047156544137,-0.3158201818774385,0.03848794285797551,-0.16847530025837862,-0.40491993264980264,-0.035658831843602024,-0.16169837262709716,-0.3460762990261857,-0.0477092481550193,-0.17289670035385482,-0.3159914484606903,-0.049653825245369584,-0.10835896693063106,-0.2411776221197804,0.025151338007754726,-0.1123134721896608,-0.325723777320745,-0.04708591894531637,-0.10437390982827681,-0.2778011546921708,-0.055468584017561065,-0.09851099150978714,-0.238119891800385,-0.05284848192508134
21,l,0.0,0.0,0.0,0.2678769319396654,-0.08440044641153847,-0.0742477443332049,0.4578243667129829,-0.15316752974628772,-0.12221622440783741,0.6202623305279829,-0.27362042708960566,-0.17213224681601852,0.7469886272051935,-0.35153347309334715,-0.21636690780410314,0.2854568346448443,-0.5035152275117728,-0.02285695719825226,0.2831003755515112,-0.7416345555469496,-0.10287304768580349,0.2736670613769939,-0.8725647700801858,-0.1840541222397978,0.2528383939571141,-0.9999977189693513,-0.2456409698919844,0.14215537982163598,-0.5125242784390742,-0.027080376819867417,0.1750908792795977,-0.6421477472152831,-0.14236618789769034,0.19041112642678004,-0.4521078596273183,-0.20006502930140121,0.19179832652655376,-0.33467150728191075,-0.22767900253127504,0.0040036147542915354,-0.486256938237547,-0.04074549977420392,0.04492214283700218,-0.6295519349597322,-0.15379630442106043,0.06148513256107189,-0.44442360314990376,-0.12525493938676016,0.054304675943474205,-0.31565511896914983,-0.0846302803931071,-0.12635573763850322,-0.4320655849720265,-0.06303906419741692,-0.09662087304761716,-0.5610457589063184,-0.13786836696260188,-0.05167942388755628,-0.4260218900945257,-0.1032133981072251,-0.036320020254170374,-0.3230377481387776,-0.06276379189005561
21,l,0.0,0.0,0.0,0.21560339369671824,0.015426500181348415,-0.1664224663559219,0.4685937668927043,-0.04381653598830572,-0.2392833503137603,0.6736958551830727,-0.12431934760614563,-0.28503976462430314,0.7728735778375888,-0.24855160290569892,-0.3188918135319475,0.3475475038476327,-0.40619139488281225,-0.17996131789721181,0.3592732419016392,-0.6849765853298704,-0.2832276241328564,0.3390575460614887,-0.8457671948440474,-0.3530614078921905,0.32310482035818355,-0.9999975359756499,-0.4027209858225248,0.1905675866319349,-0.4499061518349147,-0.1380354229701228,0.15082896798737777,-0.5843208636409664,-0.25841973675322144,0.11793399817323642,-0.376396353087633,-0.28547957710091204,0.12503650061304344,-0.2595357345480055,-0.2911057694802364,0.05023493056283934,-0.45804744666009717,-0.1119452005113405,0.016749187050101557,-0.572538361377014,-0.24490893686548823,0.0012044586953858009,-0.3733522346411921,-0.2155271796415583,0.012762033695348026,-0.2579829800598984,-0.17403413935292508,-0.06459774435212196,-0.4477024814904548,-0.09900564097182134,-0.09669397637637724,-0.5353957690584707,-0.2103387619551093,-0.10729838262459529,-0.37518660716958724,-0.19547123870274985,-0.08973356804555518,-0.27288318128564204,-0.16428512495406694
21,l,0.0,0.0,0.0,-0.2638086155163372,-0.11049709600923116,-0.14246866244508857,-0.48716664637548457,-0.2926008352476588,-0.22854448080804912,-0.6679982084514652,-0.44546554817164985,-0.3048626528772217,-0.814866494040833,-0.5565350382162524,-0.37052445717940474,-0.25740778603926634,-0.5408841084462416,-0.12337541488382327,-0.2618199571051009,-0.7482813275503146,-0.2752672534914769,-0.2584923729869889,-0.878765174430977,-0.36163659627158556,-0.25533405509214196,-0.9999985255368695,-0.41137513762133704,-0.08040532298433742,-0.5133127411243105,-0.11390393265090172,-0.06386961247563472,-0.6112412488045811,-0.2811736647673363,-0.104888460580193,-0.4140451319674619,-0.27994490272134465,-0.12248810509660411,-0.3506304114812456,-0.23300995403609048,0.09579378464646605,-0.45926118479200523,-0.1308739041802214,0.1101191911493975,-0.5284010320774247,-0.3094703018231691,0.049387858822553476,-0.3548422929713683,-0.2501393706565621,0.02559259595644628,-0.32623928932451696,-0.16063795459527336,0.25413126301965744,-0.3925022699508144,-0.15808252677913776,0.27257530518566897,-0.4732074560471873,-0.25232943917536205,0.19455939553369372,-0.3499499190789916,-0.18595154910621978,0.16605016502299177,-0.31076900686599174,-0.11011318438175928
21,l,0.0,0.0,0.0,0.22424506888240575,-0.020660461260388154,-0.11715469059401205,0.46126825047053904,-0.11977549629955496,-0.1634603259596384,0.6535659341955881,-0.24558165414933567,-0.1966407522510303,0.7967858492964662,-0.3299076158832975,-0.22176085956571473,0.3859284512155022,-0.44761746336438746,-0.0785027109143024,0.41016806944035056,-0.7063728433933439,-0.1604629616667249,0.3941959544064507,-0.8685388960010724,-0.22623369564718665,0.37125354541019195,-0.9999980394955926,-0.2743702835282381,0.23618708285553627,-0.4704276507371754,-0.0598863934696003,0.21155202673954768,-0.5967512432742991,-0.19740142097218197,0.15769733567095584,-0.3996880304837848,-0.24617643246094856,0.14090524791775016,-0.26065608777669325,-0.2525330322906846,0.09159832630760831,-0.46339402127333956,-0.05460608086843362,0.06393251453422831,-0.5689953361657923,-0.1988068965146432,0.0368665203421789,-0.3763893300779261,-0.18717308804916113,0.0324601456379487,-0.24398564625418406,-0.1450342523814287,-0.04676777564779387,-0.43989345356341913,-0.05808046256718949,-0.055631941330516,-0.5199372576375604,-0.16854273702903375,-0.06400414675268841,-0.3612212954603784,-0.15690108466034752,-0.04594055790802391,-0.2467879500566171,-0.1218244203314246
21,l,0.0,0.0,0.0,-0.2852411580958311,-0.039017524646267315,-0.1389912771694416,-0.5672853106643713,-0.1896392629231569,-0.21581866363091837,-0.7687458366747004,-0.3252907426847429,-0.28863514089623676,-0.9554801517645184,-0.3919713361592022,-0.35064905392769163,-0.3978706949853991,-0.5165082758648367,-0.09429672671464757,-0.4192665820574439,-0.7375473113301937,-0.2274475045760427,-0.3866320203044925,-0.8708544251646239,-0.28696446579456564,-0.350453244346418,-0.9999984930293662,-0.3150076183170396,-0.20544738524568304,-0.5045423088118159,-0.08796597311999672,-0.15373758922122321,-0.5880018256410121,-0.2570755293054784,-0.14990199099051796,-0.373563213218766,-0.25037728961506217,-0.18791341438199322,-0.34573442197158544,-0.19771301778855488,-0.009136739544455522,-0.48109918847495375,-0.10850778343271732,0.04550423246854361,-0.5466949064065706,-0.30365843956786165,0.020839796288327467,-0.3491140814495611,-0.23913955806987341,-0.02977470478916923,-0.3283650956574924,-0.14215591293156016,0.1714684508938144,-0.44676285059725546,-0.13795859969745808,0.21235140816748294,-0.5309649296149497,-0.24761590051134305,0.17905269922428674,-0.38465951931750625,-0.17966364571068802,0.13678988948422097,-0.33875890038012973,-0.09599373102177454
21,l,0.0,0.0,0.0,0.11450545034944562,-0.08423977184358743,-0.048949121712542,0.23232118794910028,-0.25613176907538826,-0.07519510196827732,0.3470889437421704,-0.351240023595157,-0.10046667351861502,0.4551311035462724,-0.3375984025824265,-0.1208931202812173,0.17216944761821865,-0.4854942310692841,-0.051922639590612954,0.196175795750941,-0.7214694468144506,-0.10513244090750198,0.20307419305440294,-0.8607417200470416,-0.13376597251491512,0.1989370167554561,-0.9999979172952742,-0.15820160839597355,0.08199260992191623,-0.4803906336257007,-0.06165125195790824,0.10527038699518172,-0.5936019361995734,-0.12424456732728614,0.10532600121134064,-0.3915163851484954,-0.11917182615290814,0.10854963952655208,-0.34030661628716513,-0.10616017113920433,-0.013421646925601922,-0.4474816660469144,-0.08034382389305213,0.012085167793532976,-0.527154865221703,-0.15424789383744156,0.03266230363345648,-0.3332784938589575,-0.1171225571159118,0.03681785248595582,-0.2970440940871689,-0.07772911003749473,-0.11231141986642625,-0.3983959133429035,-0.10412057717580593,-0.0807378141698307,-0.4808477129647568,-0.15087196815688872,-0.04990146925396684,-0.3540651761204798,-0.12052862526713672,-0.05431001313443911,-0.31541366830665934,-0.09109850225525203
21,l,0.0,0.0,0.0,-0.2562625523944254,-0.028850114803306178,-0.08783572155495696,-0.5066969009002574,-0.16850719712919757,-0.1668342231222138,-0.7087585052768125,-0.26534431718952717,-0.24541491790364287,-0.8605495866501819,-0.32552987510247067,-0.32313261489679374,-0.3319393089888812,-0.4691099571073855,-0.1385537263556375,-0.3592627010535162,-0.7103972926558166,-0.27356823604878866,-0.37479292224371585,-0.8633763224110612,-0.35667909651991725,-0.3888622481390489,-0.9999982329580105,-0.4125804464041927,-0.15658848015393803,-0.4727673825471237,-0.15381421301210343,-0.23555023684206314,-0.5455259822267444,-0.3162091213362244,-0.2200497696564632,-0.3478880347358129,-0.3218465836236497,-0.16779194245579437,-0.2739012529406637,-0.29150676743606807,0.026948280958858935,-0.446523507898929,-0.1837969679790002,-0.0651604274820093,-0.4995832186890478,-0.32078818365118195,-0.0629500999049162,-0.3169687263949307,-0.24789811340079476,-0.013461554272174029,-0.27084970329370295,-0.17108805836831037,0.2169671494560267,-0.3993653064388244,-0.22310260050216618,0.12650254725162197,-0.46364459408904296,-0.2943614930260531,0.0838376217817088,-0.3207597552146147,-0.22490743102542296,0.11205136952026722,-0.27261682785714847,-0.15662716450625006
21,l,0.0,0.0,0.0,-0.19592588973726738,-0.03670367571774982,-0.07617153158439595,-0.40557318689363764,-0.17021964352072408,-0.14669318966441483,-0.5904027452203651,-0.22646867072854648,-0.22205506115707394,-0.7401331427826431,-0.2279450558939159,-0.302977272445572,-0.26002086678602193,-0.4740511383841932,-0.10793254539593616,-0.2834208271259685,-0.7233703758861401,-0.20920127149219053,-0.2990963773060355,-0.874950103326322,-0.26977327047021815,-0.3043918551727594,-0.999998312005396,-0.31324312462405174,-0.1187639884028928,-0.47492163616603705,-0.13316078248608787,-0.1895688512953893,-0.6186546340198166,-0.292673464269843,-0.2235952835173031,-0.4286164262574484,-0.3162095782301409,-0.2138996265022716,-0.28997959326694467,-0.2895235944066686,0.023983059033274787,-0.436483705909956,-0.16850717287079117,-0.060432185584581605,-0.4886198524456676,-0.301958346340489,-0.09052533012335726,-0.3009423115181817,-0.26133939254465766,-0.08152746984503145,-0.1979140897681291,-0.19616432967755867,0.1694128333366504,-0.37405657926915625,-0.21129422152341315,0.08114524364609195,-0.4336673155772857,-0.27981435472860555,0.0327296903516764,-0.30683477257822156,-0.23234453207738076,0.03399277740129121,-0.23914360942030802,-0.1774178525749182
21,l,0.0,0.0,0.0,0.26561268842640123,-0.09017898389071764,-0.09481710007123549,0.4846889853045694,-0.18237813625862553,-0.13507299313829607,0.6534820518258241,-0.3236111748177394,-0.16925808521097283,0.7732683885679306,-0.43347199216382726,-0.19773943548520992,0.36029441433175585,-0.5025982660289564,-0.030030275372141133,0.4174070346880044,-0.7315194337277741,-0.09736697712029628,0.42614543092835966,-0.8726783143924228,-0.16062217831420056,0.42378700098889077,-0.9999974966538964,-0.21041290028045845,0.20978731184389668,-0.526489044931153,-0.026107332546910635,0.2399471932329201,-0.6787363213510036,-0.14725810880105444,0.2037867892565412,-0.4833099021263117,-0.1995094889310175,0.18887344270522935,-0.3507666916090654,-0.2132154009717685,0.057037119562286055,-0.5104268478598525,-0.03337504400961385,0.08753988795630122,-0.6557834831421829,-0.1594671168840366,0.07061547480217009,-0.45998090284717597,-0.13393493244274104,0.05426119709019451,-0.32664448636015764,-0.08769331665986875,-0.09390769355618377,-0.4710058092983639,-0.04901782046168698,-0.06432719869474211,-0.5951130743842707,-0.1429297478815638,-0.05029188459811865,-0.4430619358965619,-0.1137721451278071,-0.042438757548631974,-0.33350118198260564,-0.06976271740596121
21,l,0.0,0.0,0.0,0.22510115636649655,-0.04828003147727494,-0.12184546038372347,0.4738164373191169,-0.17252962480522438,-0.1627214954663501,0.6447956125378718,-0.31747738077817095,-0.19235643364073896,0.7879578527514699,-0.42118305435671316,-0.22238434415236696,0.3602114547016162,-0.476700625223752,-0.06360200302382955,0.39801330355278386,-0.7148282110943963,-0.1448735776487774,0.36906962419534295,-0.8745343900460693,-0.2072165219680211,0.33546379907580237,-0.9999974122336243,-0.24643848515888475,0.20466998817376553,-0.4904237698872792,-0.05324354662533342,0.17901260794976262,-0.7171452478719474,-0.1793570737647673,0.10930638736030635,-0.6304406889740085,-0.238259157929011,0.07458800823487596,-0.5250118137659361,-0.24712662055719706,0.05959313089721024,-0.46615056540829986,-0.05909361332818053,-0.0006530644199275496,-0.5786394464333122,-0.20602563185153358,-0.018304158662546584,-0.4070317314150285,-0.2281023596562272,0.0032082522282694927,-0.2747726130048878,-0.2007521443727634,-0.068024818784631,-0.4165906263834201,-0.07219637860537373,-0.11046151240537895,-0.5259963461684863,-0.18071456548885384,-0.11942842314049659,-0.3919563392858649,-0.18055268756993226,-0.09095055732773714,-0.2755956530957554,-0.15240318560152172
21,l,0.0,0.0,0.0,0.2678769319396654,-0.08440044641153847,-0.0742477443332049,0.4578243667129829,-0.15316752974628772,-0.12221622440783741,0.6202623305279829,-0.27362042708960566,-0.17213224681601852,0.7469886272051935,-0.35153347309334715,-0.21636690780410314,0.2854568346448443,-0.5035152275117728,-0.02285695719825226,0.2831003755515112,-0.7416345555469496,-0.10287304768580349,0.2736670613769939,-0.8725647700801858,-0.1840541222397978,0.2528383939571141,-0.9999977189693513,-0.2456409698919844,0.14215537982163598,-0.5125242784390742,-0.027080376819867417,0.1750908792795977,-0.6421477472152831,-0.14236618789769034,0.19041112642678004,-0.4521078596273183,-0.20006502930140121,0.19179832652655376,-0.33467150728191075,-0.22767900253127504,0.0040036147542915354,-0.486256938237547,-0.04074549977420392,0.04492214283700218,-0.6295519349597322,-0.15379630442106043,0.06148513256107189,-0.44442360314990376,-0.12525493938676016,0.054304675943474205,-0.31565511896914983,-0.0846302803931071,-0.12635573763850322,-0.4320655849720265,-0.06303906419741692,-0.09662087304761716,-0.5610457589063184,-0.13786836696260188,-0.05167942388755628,-0.4260218900945257,-0.1032133981072251,-0.036320020254170374,-0.3230377481387776,-0.06276379189005561
21,l,0.0,0.0,0.0,0.24491682536950282,-0.06080323407322067,-0.09238782644217419,0.49248669736110245,-0.1731549492300006,-0.14121944443987827,0.6743310513143028,-0.29634988351659913,-0.18459661663478166,0.8250478190496123,-0.36735254568082343,-0.22667479052714995,0.33605817518742864,-0.4624431155497339,-0.07102124092141442,0.3469277286765374,-0.7108766051112437,-0.14314793431751816,0.32462252635783595,-0.8664504746032763,-0.20132759617343257,0.30029648880850535,-0.9999968665444395,-0.2479481435445188,0.17371077230267642,-0.48110222310204503,-0.07382361480025695,0.17241291795723815,-0.6406417482735552,-0.19396896374478362,0.14921216065416826,-0.4521949408787678,-0.23829564367611167,0.1521405040535245,-0.3131794067880191,-0.24618997487095767,0.02597426961128091,-0.4614325111659137,-0.08589509366111338,0.02614068034977357,-0.6144616597690994,-0.21275411669231392,0.015920520954648004,-0.430577046660687,-0.19156152938058696,0.01923921053071544,-0.29854179869836106,-0.14829619650144524,-0.11331189204408719,-0.4203468017662589,-0.10509045444862261,-0.11116741606274855,-0.5395955042979624,-0.20309015390687538,-0.09879138780744254,-0.3928841739338242,-0.18064319429242096,-0.08097031053977398,-0.2791038664776836,-0.14149939875674622
21,l,0.0,0.0,0.0,-0.28753998398799385,-0.11141385561430606,-0.10092833715546812,-0.5307190290799711,-0.2918102117112092,-0.18176087547145225,-0.7146381519899757,-0.436520202923916,-0.2670755917168699,-0.8691978678087584,-0.5246769379073171,-0.35054131659390825,-0.2692201761243016,-0.5366882363179948,-0.1003355001839151,-0.28649644021331155,-0.7583058057347747,-0.2138752130103771,-0.2968366481489326,-0.8871044718327141,-0.2715998305622332,-0.3039609120146828,-0.9999985468930311,-0.3147925261649884,-0.0868814610041985,-0.5120157036137315,-0.12502485725455034,-0.1234778573811604,-0.6351896397511387,-0.2935210488666494,-0.1578293592819643,-0.4263570730683329,-0.2936787258755559,-0.14452542120118278,-0.3381809370138003,-0.24969604290766165,0.09340221297867701,-0.45496551146649067,-0.1675245600213339,0.03249610124999725,-0.5400294212309741,-0.31989907863305433,-0.009820666305340835,-0.36067032954421285,-0.2406451617360248,0.010865292729081792,-0.30633364569168997,-0.14942760463988075,0.2597125253148069,-0.37512456059686267,-0.22072095457929072,0.19021217213446107,-0.4564589608839988,-0.29684692512193894,0.12171348586320774,-0.3411176875444184,-0.22398265139838158,0.13875533477803192,-0.2987263471219183,-0.15199306067582388
21,l,0.0,0.0,0.0,-0.3054680988027358,-0.08501784373078448,-0.13467710303628094,-0.5566695415568939,-0.2615554101337013,-0.22849362128089656,-0.732818760771511,-0.4033075479661274,-0.3168381789839472,-0.8790087195806289,-0.5050334972396455,-0.40353207760780735,-0.2772062973502534,-0.5060710779717118,-0.15367357329187475,-0.2652466354761762,-0.7428710066115625,-0.280565890892658,-0.2480558488818225,-0.8826004263678792,-0.3534858525337754,-0.22725725083775483,-0.9999984604478589,-0.40402939509055547,-0.0841379143383919,-0.47095447147055625,-0.1663693811224591,-0.037590117479562264,-0.5879393360762167,-0.37469583064522194,-0.07323712255074899,-0.396046409895292,-0.4052102201423135,-0.09916416088605083,-0.26760947851765254,-0.37057030706186206,0.09709404646713495,-0.4067315552055001,-0.19517796110081193,0.12100272553810527,-0.4810380089909504,-0.39032272145588076,0.06307705347198009,-0.3037850468697008,-0.33364775307664835,0.026243992774901803,-0.212976682279728,-0.24115911242850963,0.2636340586472561,-0.3245288615320542,-0.23337987222507972,0.27382872292687305,-0.42271976857143534,-0.3478998287703162,0.20237265675081878,-0.2972099398904836,-0.28348627184276187,0.17028189150367862,-0.22618617607834235,-0.20478553931616986
21,l,0.0,0.0,0.0,-0.19845908184604663,0.030298408720202712,-0.06308763776803258,-0.44045152205153065,-0.06471385617316242,-0.11728067876960119,-0.6253072297787204,-0.10924018140139381,-0.1818131416998552,-0.7660334250477179,-0.11635753945066767,-0.24871215961281282,-0.3768558585392208,-0.46870348067852613,-0.050534584355706964,-0.49360618766887043,-0.7085362576086612,-0.13465172016085972,-0.5857713223537868,-0.8684980694815543,-0.18902641647288795,-0.6416867350483567,-0.9999980986966858,-0.22907395058693703,-0.26903747151535373,-0.5086641641895083,-0.07175244804420601,-0.42504427323123256,-0.6738883774864598,-0.1806211593160577,-0.4320692135127021,-0.48241768812284297,-0.18732388400180724,-0.36904437562446385,-0.3781603599802945,-0.16200385214335816,-0.13468600568444472,-0.5196131481595033,-0.1068704490217297,-0.2818028527659959,-0.67116706803424,-0.20481607143081296,-0.300320574269219,-0.4827100138519064,-0.15524909642432455,-0.24793579228839505,-0.3851679046426862,-0.09378603240051656,0.022217888673909905,-0.5027912445317235,-0.151638202210827,-0.10019423282790904,-0.6309633558254573,-0.20965171355492151,-0.16300250375811656,-0.502784898247239,-0.1667002443199627,-0.15209154083177368,-0.40683950288164733,-0.11825224817698064
21,l,0.0,0.0,0.0,0.24039202199175919,0.04419198710290296,-0.1329619833632876,0.5100769516991271,-0.04481633334439382,-0.17608918928746692,0.6998683826431487,-0.14691602829312814,-0.20254825698007572,0.8077380828543603,-0.24770165631502017,-0.2260607238853362,0.3987772452632005,-0.39331027694142595,-0.11753865981383627,0.4476424899710192,-0.663461354857191,-0.21411194036265202,0.45773110663177974,-0.8474640209157144,-0.28612727046999586,0.45346032821167526,-0.99999863751408,-0.3377205988411655,0.24229640796508914,-0.4348685266668848,-0.09723491070134709,0.2688886202548525,-0.5803785171540748,-0.2586988946801089,0.20869240082145446,-0.38089806576173507,-0.31201985439471713,0.16678851925367183,-0.2166984963006761,-0.31147275963114224,0.08864575621796067,-0.4456882813625234,-0.09057144793856768,0.12750132086058708,-0.5813067936516505,-0.2542305717448605,0.07111302066371164,-0.368884273242392,-0.24211282979925466,0.038743981430372436,-0.2102241524647791,-0.18908367967520798,-0.066182772465508,-0.43767166912494154,-0.09345489741919911,-0.033309416093815734,-0.5356865982792394,-0.2225717791480352,-0.05066848301676556,-0.37396017245309743,-0.21340766269709932,-0.053099803249709664,-0.2449921495510892,-0.17242986494368207
21,l,0.0,0.0,0.0,-0.22261325132935703,-0.025424660011280884,-0.08520980485713858,-0.43325300145805756,-0.15303879296954997,-0.16142004215288114,-0.6139013557250202,-0.2526374430831865,-0.2352618225024008,-0.740284879422576,-0.31085252043036293,-0.3119699664528167,-0.3312711480911803,-0.45904104837641396,-0.15087000374532542,-0.3684229452983207,-0.708770448649132,-0.26498992999448234,-0.38433221675937096,-0.8640059083652992,-0.3364428086071033,-0.3948170581968538,-0.9999982336315713,-0.387512961321999,-0.17668589457271588,-0.4852838685078987,-0.15172818485583842,-0.24428749314453688,-0.5416294220802123,-0.26372647219979617,-0.21669667235689083,-0.343392046559664,-0.2632384819595253,-0.1771063979210744,-0.27526976713924334,-0.24785241815738038,-0.017125351562506212,-0.476340433998719,-0.16376222422006678,-0.1007384521289919,-0.5206161517274748,-0.255713140771547,-0.08456197047812346,-0.3336787771773753,-0.20095972774070398,-0.04943088452913156,-0.27632113079390236,-0.15417230792629097,0.13276440406367782,-0.44279302640876794,-0.18540592058358352,0.04900959155255253,-0.49545791227779157,-0.2493254959236694,0.032757568801922626,-0.3489714542819754,-0.2101508291412444,0.06205614486299121,-0.29069246969081963,-0.17091687443992998
21,l,0.0,0.0,0.0,0.23486118892561242,-0.018116739946447837,-0.15759824883519183,0.4784346114684867,-0.09597851209277357,-0.2185150484129893,0.6683604003085628,-0.23601037181350487,-0.25626517469324644,0.7743021898904046,-0.38397822079095995,-0.2814367427224488,0.41605023384917245,-0.43815425834781085,-0.11449736506994303,0.422934890425676,-0.705231338971414,-0.21028270735619134,0.38068078975232555,-0.857162471506725,-0.2801267468062024,0.33595859743874384,-0.9999978638203387,-0.32314073041954977,0.24991458710708275,-0.4715801948715826,-0.07299851584497719,0.20818328793366989,-0.6102333661750406,-0.18606352361080422,0.17131585074214073,-0.4031669202668706,-0.2181453567044972,0.17363777187045568,-0.27743137696467035,-0.22213598357022243,0.10055569906805491,-0.4727240937209345,-0.05115010273179214,0.053050473684603486,-0.5621669504333392,-0.1784919579398108,0.03827795716627544,-0.36568691658332986,-0.16373764907235733,0.05077305307363586,-0.2623940218881664,-0.12775076825520545,-0.026729086136359225,-0.4601847519486865,-0.04224481867634554,-0.05177638376518674,-0.5413368885278876,-0.13878673739955824,-0.06051433728088683,-0.386049563898847,-0.1261450730858131,-0.04095028007925385,-0.28811506626246874,-0.09615785196851998
21,l,0.0,0.0,0.0,0.23985481159144742,-0.08319317522567561,-0.08458740514719251,0.4628976549889492,-0.1942036795346433,-0.12497548685353403,0.6232451763879596,-0.33115565755697784,-0.16081275353674218,0.7568013988379745,-0.4161979796971132,-0.19122358000683526,0.3222769278893163,-0.4969336224829479,-0.04278949221062081,0.3002346523158921,-0.7364431150174483,-0.12523899649324238,0.2577413224018515,-0.8710324878869005,-0.19701415928368005,0.2181973268631361,-0.9999980172852815,-0.2487534896727838,0.16734023230218917,-0.5033077253766847,-0.04382990325276899,0.16842352016512743,-0.6478966671560472,-0.15318373731790033,0.15558508470620314,-0.4531630138668251,-0.20266968950086486,0.16236536884522643,-0.32555704530379104,-0.22299005263268548,0.02457030179063291,-0.4734996118396615,-0.056484814100811076,0.023911542463737844,-0.6068923927237087,-0.18086115722989082,0.02194090753061228,-0.413978282507822,-0.1658757489877906,0.03189680929762658,-0.28860371085572106,-0.13166582199624696,-0.10183493852176916,-0.4182448991789244,-0.07564783544975522,-0.10843916548588245,-0.532741034194643,-0.1680380998141853,-0.09104176803856526,-0.3861101955412449,-0.14775165405722568,-0.06499978308018346,-0.2813445062929202,-0.11483886722704154
21,l,0.0,0.0,0.0,0.20347354732163164,0.06900019864123069,-0.17099888521867643,0.4767455238471147,-0.03431574825300675,-0.25528367150586523,0.6871176570141931,-0.14421989561697657,-0.31882332619701176,0.8594232067449975,-0.21851369453405906,-0.3793983862780238,0.3677550057153555,-0.38999388684894937,-0.16838948906789067,0.4055221979191001,-0.6789753388040222,-0.29049954531521416,0.4032360534782633,-0.8639656999052858,-0.3697004366410338,0.3941233427966116,-0.9999986633977177,-0.42616528052495734,0.1939629362911592,-0.4408717541361617,-0.14917391764245524,0.20592089936199567,-0.5562050165408935,-0.33995379056153113,0.13688114570561039,-0.340040085263203,-0.40018576167423875,0.09983164001550111,-0.1692396974685824,-0.40103509906912865,0.034037229958987884,-0.4278463234962295,-0.14804899970014027,0.05157061780942087,-0.5055982584512059,-0.34332962986094634,0.007429531260346301,-0.28273343258244016,-0.3456690719959189,0.0003242077223998249,-0.12352286339736844,-0.3001642934364626,-0.10292796517459446,-0.37855926092725767,-0.15751771547664611,-0.09513419317046834,-0.43037402041631834,-0.3112740942110466,-0.11842082411635889,-0.2609123687237267,-0.3138920944738902,-0.10713557514011493,-0.14041249636369976,-0.28091207486707737
21,l,0.0,0.0,0.0,-0.2146984485257451,-0.10151234836437419,-0.04897923165495225,-0.3840107571333057,-0.2903639985544599,-0.11161072789108092,-0.5511979734547242,-0.42865167047756136,-0.19363237958994056,-0.7024536347458266,-0.5185187318582556,-0.27766297404933926,-0.14128456338491588,-0.5017230430535542,-0.05934500716819562,-0.1208570635386053,-0.727995125757044,-0.20337383095420805,-0.11948528388994517,-0.8784543798985494,-0.28291545658018635,-0.10552742947034721,-0.9999984316574009,-0.33272411237886335,-0.004961758164951611,-0.4747383532890001,-0.10183507434759416,-0.1357183602843115,-0.6144753469384178,-0.2777688874598086,-0.23610571752927445,-0.4334861081967414,-0.27277233117742783,-0.19125293062382837,-0.3522324806296025,-0.2233928443703348,0.14746166157591475,-0.42505856036440254,-0.16266401816859052,0.010144410759681673,-0.5465586295463557,-0.3225950557918821,-0.08532872315636111,-0.38315050279981594,-0.23183649421940214,-0.03287428866702839,-0.31658929944880443,-0.12861940033795177,0.3012955151536399,-0.35352653123959954,-0.23120776772296436,0.17684538824212748,-0.46212245823744474,-0.3132290571848729,0.06984713652965832,-0.35430139113313897,-0.2333727761841023,0.1019432934855247,-0.29145837480897374,-0.15080720817560833
21,l,0.0,0.0,0.0,-0.24927310387679058,-0.07891680497659759,-0.0954831071984111,-0.4702966020003028,-0.21963048803452073,-0.1737565947464928,-0.6739450942388231,-0.3026292954032482,-0.25806867117005666,-0.8384250674590846,-0.32757644526790547,-0.34576010568942095,-0.29400387737591205,-0.5133981196143079,-0.09129436029601572,-0.28673260289588376,-0.7486102596015716,-0.18231180373594186,-0.2787252182730644,-0.8833717533676189,-0.23894554794527428,-0.26918703659340815,-0.9999984511345249,-0.28428530753042086,-0.13653853021315943,-0.5033746139212758,-0.1114955569146916,-0.15576149705986797,-0.6233883092289332,-0.25805678502458923,-0.17337385657590218,-0.4371288554510245,-0.28332506853591344,-0.17258360100152567,-0.3272644974190949,-0.2674292761444193,0.025741929098279628,-0.4628378726203012,-0.14597118336353126,-0.00610370879671762,-0.5629518524261137,-0.2747150447979496,-0.04347762756844548,-0.3884862245391628,-0.23106551817816198,-0.05739683474833974,-0.29997483062170055,-0.17116040669757662,0.18592276428261062,-0.40072807733461235,-0.1909661754904408,0.14728932952943197,-0.5063271324553789,-0.26161865892302316,0.07957107381486934,-0.3867826513950075,-0.2134811314937909,0.049943044465677953,-0.3146794927579961,-0.16186810666983684
21,l,0.0,0.0,0.0,-0.33803137807069583,-0.0730645471654185,-0.11218487401290643,-0.6410291246084602,-0.25114204626769165,-0.18019332504501584,-0.8309068444075602,-0.4033150557786494,-0.2479764694544935,-0.9999983375402423,-0.49464521951122514,-0.3190284178356933,-0.3764522636705791,-0.5151740590628392,-0.09445462388317084,-0.44859066312915763,-0.7398610203577296,-0.19786941611991596,-0.49452859020068635,-0.8769399229620498,-0.26285787898214086,-0.5238315806106495,-0.9908230195079626,-0.3135782518728609,-0.16723424320283636,-0.5132355550678773,-0.11284564544762522,-0.2206540346812347,-0.6753979591622883,-0.2954083317854427,-0.27083317622602204,-0.49388618763465164,-0.337818147895431,-0.28046663836813696,-0.3454601796094316,-0.3171304417829663,0.039226390838090305,-0.4703475786027447,-0.14595379097682007,-0.02785240716699193,-0.5861951160357463,-0.3417925864457516,-0.10076465250547918,-0.3846842913700857,-0.3124086144690614,-0.12859159345937982,-0.24493403751216553,-0.23682313516083117,0.2458954118289431,-0.397956845635851,-0.18557385528314038,0.1577765672942778,-0.5013325281606137,-0.3284192573211776,0.057663929116194675,-0.36012039476286467,-0.29532742453645805,0.013551790796859803,-0.25001083113675654,-0.23494133560338493
21,l,0.0,0.0,0.0,-0.197657010360843,-0.04012935052316581,-0.08602441455026266,-0.4159193321066936,-0.18928891144386403,-0.1563638937937465,-0.6144499834550862,-0.2548068559597232,-0.23684492156798612,-0.7797032544736988,-0.26604731823148314,-0.32312220261624786,-0.19824353516454465,-0.5021454100756533,-0.08249950076041467,-0.1874255445091919,-0.7275303666678428,-0.1883203109276069,-0.18796678139076722,-0.8769206649305582,-0.26100538105207755,-0.1590980416434911,-0.9999984493770373,-0.3147501294530415,-0.04762006526719491,-0.4792594821142605,-0.11567560712964373,-0.034641471029091805,-0.6836218776797294,-0.2668472226273013,-0.15028612108967387,-0.5540647317297672,-0.2966155977051843,-0.18372468945249132,-0.46153489848597773,-0.27560336509743844,0.09670755163561441,-0.4232720111125682,-0.1639038013878812,0.08549648030107113,-0.5942557292816234,-0.2939792860914456,-0.03073423244155827,-0.4712782714463038,-0.2556540585068641,-0.05781465381082882,-0.39164985812434083,-0.19201285934757054,0.23274470605937564,-0.3389995062252098,-0.22300856022116033,0.2289775827574412,-0.4869538538713619,-0.2946361227048567,0.12736673552050617,-0.41645220458632515,-0.24829035789953327,0.09513707740546966,-0.3479160511215719,-0.1939925885148081
21,l,0.0,0.0,0.0,-0.2580004244029211,-0.0798303145118821,-0.10112945898134425,-0.48448039814416777,-0.22965326009995582,-0.17626456863344914,-0.6666803675207192,-0.3406690844166568,-0.25503425658461626,-0.8191198456416343,-0.39884310147705654,-0.3352802307356678,-0.2886844114837915,-0.5255383388095086,-0.09116375256385513,-0.2826664193947266,-0.7527114371583308,-0.18618084298088852,-0.2834684629154013,-0.882854175554068,-0.24314918753425416,-0.2729416767813352,-0.9999984307804796,-0.28705889565424364,-0.12191136340473324,-0.5109871648570973,-0.10720324336896107,-0.10943614932886711,-0.6434071690381111,-0.26018653271840597,-0.13224926010556287,-0.44935874869147086,-0.28448964393769394,-0.1399209116051851,-0.33005255358777,-0.26371779237909787,0.04473850201348204,-0.4666807374842866,-0.13846602293512308,0.04166725990912345,-0.568802998166777,-0.2820562485726055,-0.006415319304904718,-0.3841028042594785,-0.2365096935578419,-0.02753155853033742,-0.28853634910557246,-0.16882096172377967,0.2078493679341149,-0.3980296469581868,-0.1796383191059409,0.19705989500963308,-0.5122600523524748,-0.2629023269056282,0.12009215098757602,-0.3815524461628911,-0.21474627769912308,0.08025719808370244,-0.3023096109925084,-0.15951532777052863
21,l,0.0,0.0,0.0,0.18909311097948198,0.030480734635566633,-0.16191687921169298,0.3451693009960314,-0.032829947214080134,-0.27635965638617505,0.4264589771780666,-0.07669878540360213,-0.37745114964088355,0.49106261676323326,-0.1047114665543166,-0.47375327605653156,0.40077181873821,-0.35452366617552944,-0.2603682615284986,0.42078114240990416,-0.6393304501948536,-0.4485232733272199,0.4157495907254715,-0.8342383468716312,-0.5759769638849521,0.4115907463557087,-0.9999983576445178,-0.6650074022154858,0.20644784793153953,-0.40816467266502177,-0.266398238348001,0.1784962513982512,-0.4567727080358624,-0.5041161487059106,0.09395430879834976,-0.20375664959825326,-0.5734747460868279,0.06461196040645067,-0.02234052411942819,-0.5855971058854629,0.021784008013550647,-0.3917486711918231,-0.288133153515976,-0.0011835144626313966,-0.3949139116082601,-0.5117541731845553,-0.04410696051626731,-0.1447649634550827,-0.4917461221090575,-0.04286767207802928,0.032183664130350405,-0.4352355580347557,-0.13152883725457937,-0.32798846920880964,-0.3222976625719961,-0.16753371619459204,-0.31196354633595935,-0.4865913733236139,-0.18583541155477737,-0.13315252316313486,-0.47175280378183315,-0.15123097578287098,-0.009072240391962557,-0.42962933127564334
21,l,0.0,0.0,0.0,-0.3307793297356556,-0.12917992389274383,-0.13058230187624237,-0.6047213425531834,-0.2968833053348408,-0.2131840921347335,-0.8214727294896019,-0.4475950674141843,-0.2939434797841035,-0.9864865877365966,-0.5525974285570008,-0.3703536872319359,-0.36919901085474943,-0.5349203007727786,-0.09001354994115005,-0.3924916497734016,-0.753354608251198,-0.21307126877397645,-0.40922014227400766,-0.8790617075167529,-0.2932158720220384,-0.4154975153554839,-0.9999983938380201,-0.35444937488640615,-0.16320317972881201,-0.5306961501080664,-0.10096566707026865,-0.17284299531193373,-0.6545505433158778,-0.29508004231181467,-0.18963113053952463,-0.4532652430704577,-0.33396482660646887,-0.18556355399998686,-0.32589082802132646,-0.31207637660924553,0.04304778441063199,-0.4798135324169968,-0.13177816009259918,0.025252902927868366,-0.5595348924933092,-0.3155959676443511,-0.023646570157276572,-0.3648250832295752,-0.26414439854642613,-0.04496286163471675,-0.26140287141300006,-0.1789485206361121,0.22510380994951018,-0.3973396557035982,-0.1741176631866076,0.19736812294198705,-0.4773606654355487,-0.2868088262700952,0.11310233171440093,-0.3432834322347637,-0.23429560705836855,0.08506479315281164,-0.26593964378713286,-0.1660444385008199
21,l,0.0,0.0,0.0,0.24843440255918628,0.025947353359628614,-0.1115331747083707,0.5159668043983467,-0.04746120312439808,-0.17266730920591417,0.7175830331815042,-0.1500158178335665,-0.2295740421371966,0.882917567577824,-0.21794273564823263,-0.2860337701911022,0.4094624088593902,-0.4388791362924081,-0.10226265934878169,0.4842927040616637,-0.7005404066102412,-0.19285513546109245,0.5149965955276442,-0.8619277162667912,-0.26129475657495527,0.537657922460056,-0.9999976819419271,-0.3133949176648668,0.2523970329225794,-0.4805206060298995,-0.10525636752192076,0.3095764902962797,-0.5867220012764249,-0.25038486352168243,0.254916370511356,-0.3783969342811015,-0.30547283477972476,0.20820430901284068,-0.2302831237551525,-0.31731682329675337,0.09400594435199049,-0.4737508361583801,-0.11929058840243985,0.16148962234079312,-0.5767404006717313,-0.26638412178091037,0.12790757351428805,-0.372254857217842,-0.2563171166820266,0.08901742380560587,-0.22875762159886853,-0.21678274593435856,-0.06076765509118005,-0.4480698688287592,-0.14183278081494796,-0.0002611356829432743,-0.533249288930239,-0.2514947937994623,-0.0016562081647836133,-0.37653789691919576,-0.23844973657880117,-0.015992142657285335,-0.25778167833827537,-0.2049889638611339
21,l,0.0,0.0,0.0,0.2369608251578766,-0.031599787887064634,-0.11470231930931504,0.460754260029582,-0.11443804510508095,-0.1585382351037613,0.6538271868997781,-0.22974493009707625,-0.19137424932992236,0.7916360969629761,-0.3144734070690671,-0.21513006023793593,0.40011573192211425,-0.4462939339116954,-0.061396440247451334,0.4283610322457891,-0.7056821381504904,-0.14525290183294115,0.4209642932085269,-0.8656892113244408,-0.2165426355540793,0.4060727951467604,-0.9999980538431973,-0.2681667178348407,0.2533895550195615,-0.4714477766377453,-0.04108665539091314,0.229012970192346,-0.602474167583736,-0.18015473079022185,0.17435389330661052,-0.4044224633615628,-0.2316181385918962,0.1527825361142749,-0.25989367417300446,-0.23969256404095277,0.11216966540032658,-0.46701704121443677,-0.035493429743910926,0.09132760011306844,-0.5800822844981975,-0.17804904106429223,0.05680194460682611,-0.3878451375192187,-0.16545748920317155,0.04401874627064958,-0.249792627487727,-0.12261019778004886,-0.023370864958117018,-0.44529024404233275,-0.0394981624726667,-0.027934536364122985,-0.5305162449495674,-0.14651899816814978,-0.040274382758004906,-0.3771803309073185,-0.13498945516880118,-0.023603444927845097,-0.25952235822133385,-0.10030643843304052
21,l,0.0,0.0,0.0,-0.2525631735331416,-0.08543082242210345,-0.10696719335375707,-0.46615886678370433,-0.2600693944136908,-0.1853008293109388,-0.6229912723909261,-0.38885123783135556,-0.26382201335484584,-0.757893805973195,-0.47579764421333437,-0.34367140290656895,-0.2657586244598228,-0.5307725753538782,-0.1163865426884323,-0.2934073560525683,-0.7492174225486494,-0.2221499910474028,-0.318087797641759,-0.8795819347821021,-0.2911529852912475,-0.3256611486141317,-0.9999984821347027,-0.34427215842170517,-0.08902237280648338,-0.5193593288461074,-0.13096024134939843,-0.07429627436158638,-0.6307053975181202,-0.2921320034935995,-0.1050241239396709,-0.4420631445792244,-0.33028758964676574,-0.12334493928271308,-0.32839190484938113,-0.31997321388736194,0.08440052931470966,-0.47118611450925324,-0.15830182110691374,0.08025420571865616,-0.5718855044201536,-0.30926625827493237,0.029761520048748973,-0.3954342390056877,-0.27216654613679214,0.0027690710518090697,-0.29641916300244003,-0.21007564431931197,0.24721859589240272,-0.39607812696189787,-0.1944794557455879,0.24102272364382912,-0.5164303940850635,-0.2927591315448093,0.16284113689226853,-0.3929298885046544,-0.2502468295738436,0.11959732500561675,-0.3074752719934005,-0.19513259444558373
21,l,0.0,0.0,0.0,-0.21519996307012054,-0.035098399526809966,-0.04488255123384445,-0.43292609901498214,-0.16470408858174046,-0.08909100517972972,-0.6090211182380998,-0.23195586355393413,-0.1455027962857316,-0.7411920769518541,-0.24992506590178865,-0.20685846584683457,-0.30861749857429804,-0.48200437717601513,-0.04494890250625522,-0.3509120091278805,-0.7240907631387554,-0.12593669555369422,-0.3773821839287604,-0.8763761912747386,-0.17580582005908169,-0.3838047693375455,-0.9999983202683957,-0.21240674253833033,-0.18764774347032806,-0.49407917614947394,-0.07516029162753915,-0.29379456111710545,-0.6385425942940396,-0.19925631894849233,-0.3160466885084838,-0.4512060732393876,-0.20937241159031791,-0.27615835724264287,-0.3314302968769797,-0.1827008833454211,-0.05006971453588677,-0.4809057124893746,-0.11636792034410143,-0.15725177097246348,-0.5943769446937879,-0.22791993096521096,-0.17555282041594567,-0.41884645099448875,-0.18321069339548474,-0.1332860931084144,-0.3179318443279356,-0.12197561814021479,0.09948304362632629,-0.44609295476791255,-0.16367159998100525,-0.00033620230717081007,-0.5598738575310154,-0.22804448000336477,-0.04900769369809214,-0.4329072764915312,-0.1847283469535432,-0.028144978908787352,-0.3431840616938146,-0.1349726581878891
21,l,0.0,0.0,0.0,-0.22721011061181212,-0.09175493845229582,-0.08652483651014703,-0.4263637216487709,-0.27904628653490415,-0.1473235565868769,-0.5872258496821766,-0.417573351839045,-0.21077854338986937,-0.7346419726593616,-0.48681306642350336,-0.2755231783633326,-0.25041792563116916,-0.5305278733269683,-0.08617306460048599,-0.28075376418113795,-0.7499402309582577,-0.1778038291740001,-0.3148687513059719,-0.880888960967832,-0.23742759099617242,-0.3381882334415524,-0.9999984718896174,-0.28521023238385834,-0.09291705977031771,-0.5183036941521335,-0.10698467613468729,-0.09873331347397188,-0.6458285427865404,-0.2551736225399035,-0.12000817617644984,-0.45860618967990213,-0.2849382601089455,-0.12402063251494175,-0.33777499224554447,-0.2704541197558766,0.0659103768199271,-0.4720360275965393,-0.1397377297586159,0.04571347522715909,-0.5706540761964648,-0.2763360894663458,-0.0007635444007349695,-0.39950869102179953,-0.23671006601670327,-0.019269226569329438,-0.3011781442590349,-0.17535872009160355,0.22094431934525355,-0.40069722625801457,-0.18066215668178545,0.197157766270037,-0.5178861720797288,-0.26052915830665946,0.12310133707934375,-0.4005345529549354,-0.2160056300941016,0.08918468204714967,-0.3154362862172184,-0.16454727566895766
21,l,0.0,0.0,0.0,0.20873494459271522,-0.062109056142059464,-0.0675947233162054,0.45562751826976955,-0.19200210577001559,-0.11535673892489917,0.6401108539453897,-0.2958284440072882,-0.15277086594629968,0.7575378647018153,-0.3993104435062964,-0.19846688450752167,0.3639878417279757,-0.3165604524671175,-0.16689919193891514,0.39010734323348567,-0.6355612801351773,-0.2646379489220538,0.3934406214758213,-0.8425402103855105,-0.3316993157925638,0.3968906606959901,-0.9999976255464904,-0.37871786472043345,0.241024237695388,-0.34711991399213454,-0.1809227514905112,0.2857555805959638,-0.6313498178110782,-0.25821473292982117,0.2856468867402354,-0.7026270874610564,-0.2941338240853541,0.28810169784389167,-0.7250858846366949,-0.32525676347475974,0.10039108874096264,-0.35254285991653905,-0.1965346672349551,0.13895971646727454,-0.6044717237707976,-0.27497226846843825,0.12316075317455331,-0.6248252143697605,-0.2688881900436393,0.12669740781100564,-0.5995404477094143,-0.2632058047647009,-0.0305051853613819,-0.33989863671641224,-0.21491330511338508,-0.01887296140003822,-0.5290292716024796,-0.27372089153403983,-0.03125882440012329,-0.5189702072158082,-0.24963745380713898,-0.0332100772502881,-0.4705734187820187,-0.22948008626882135
21,l,0.0,0.0,0.0,-0.16917080804752585,-0.00013591080610990855,-0.07472909410427081,-0.37697015007742474,-0.11837820171490167,-0.14985949193405357,-0.5490152066977864,-0.17847561955193514,-0.2332558558154514,-0.6848849690691317,-0.21161566447018734,-0.319724469116076,-0.2406221881293422,-0.4533755949691174,-0.09489136834487137,-0.25840077893865687,-0.698803681944242,-0.20390587031311447,-0.2957683013272165,-0.8665974408210076,-0.2623132494209224,-0.296405072711651,-0.9999981476807872,-0.30007696671421424,-0.11607892430414464,-0.45696790195400616,-0.12181510858346477,-0.20296413017110085,-0.6276384763623745,-0.24848551177264755,-0.2662572184609761,-0.44132667694118355,-0.236365933374356,-0.22923107398670717,-0.36934782823532974,-0.19164230760936551,0.018079339010649672,-0.4238103023499932,-0.16463025570867856,-0.07345841061704703,-0.5531357827562206,-0.28007734933397227,-0.1323272212644858,-0.38721573816904975,-0.2061437753279768,-0.09232081006013741,-0.3363190734003909,-0.12577645039322957,0.15597404542517962,-0.3602621190824437,-0.2177534121862845,0.07231492709236764,-0.4587550572899128,-0.28080998144741165,0.0029912522095335114,-0.3453166779039872,-0.21741276571723384,0.02347768089915006,-0.28653784882192584,-0.1533208840218304
21,l,0.0,0.0,0.0,0.27398482887349335,-0.08111586511647087,-0.10094658976899694,0.5049597899391168,-0.15541764630903518,-0.14299851537948108,0.6866373728794334,-0.3009717262050615,-0.1810929400642833,0.8350107131007521,-0.3934379899855191,-0.2140885474426025,0.38214249400187983,-0.48014131779774183,-0.010810270500551318,0.4368398660068502,-0.7218581343729127,-0.07635503813339628,0.44944610581290206,-0.8697322754334252,-0.13666408979895311,0.45550047197513804,-0.9999974198483833,-0.18327261107660656,0.23259820417785676,-0.5112291531521251,-0.0030883261342542333,0.26083448351262567,-0.6659791244283075,-0.12599570699398835,0.21439265992146833,-0.47892746105829537,-0.17757686168673803,0.19897161967172095,-0.3494690938453056,-0.18660258551562114,0.08168042461102402,-0.5062548472814301,-0.009860655137596307,0.11211665588520528,-0.6503586198188666,-0.13938161868713111,0.081687037538909,-0.46445799037339347,-0.11632910586908875,0.06622831897911927,-0.3332581931858538,-0.06706355245922839,-0.07240025684758952,-0.47775628077206017,-0.025916817009117268,-0.041543489496629296,-0.6004881469083643,-0.11812087291243756,-0.0335177018795644,-0.4543573581851589,-0.09207592372011471,-0.019089215968647325,-0.3420832223428786,-0.04847028205242059
21,l,0.0,0.0,0.0,0.2623531990117524,-0.07159355471172497,-0.07756092415269658,0.4672228079885487,-0.16103742510535088,-0.12512909271835834,0.6239112131179992,-0.2740885180441461,-0.17921869088673154,0.7525668214846959,-0.3580298954432703,-0.23322519841983402,0.28456871006488227,-0.5155728076638704,-0.030288215828726418,0.27943971531510053,-0.7486368627744087,-0.11056688804213172,0.2732688019972592,-0.8760556808922556,-0.18513336014560194,0.2595687999262312,-0.9999976605336094,-0.23999951673280864,0.14265987520157716,-0.5260345932002671,-0.04125587247395768,0.17279129006514707,-0.6617579778063947,-0.1584803524929859,0.19495450996958547,-0.47610951440482807,-0.21627901412919082,0.19637306425128656,-0.3455687752670396,-0.23974456252217213,0.008741964516701489,-0.5037951676618024,-0.06379066456580591,0.04322916234473583,-0.6407372497793324,-0.18152689191150279,0.06406139821114838,-0.453999282864397,-0.16952438253967883,0.05320631351506046,-0.3200912726370069,-0.13652683752518302,-0.12744747366732986,-0.4638685748253541,-0.09504265695785452,-0.09283798427288917,-0.5856571701028291,-0.17459543869671043,-0.05279530508634583,-0.45749909458554855,-0.15414665382365214,-0.048861685995650196,-0.3481707828259251,-0.12241859845632103
21,l,0.0,0.0,0.0,-0.217545398954086,0.07934467498862523,-0.08415761814342414,-0.5076066268810279,0.01655692562153394,-0.159284209431665,-0.723270042213325,-0.020782459558818113,-0.2433391108397043,-0.8936680326503146,-0.04292880282559169,-0.332829078700482,-0.47330782415890127,-0.41350807850809296,-0.09142012014587304,-0.600895045035153,-0.6730915419856461,-0.21773721799192622,-0.6945392713184156,-0.851937088720576,-0.29276676638551696,-0.7642390689222803,-0.9999978769556906,-0.3424983156708597,-0.336165571642243,-0.47094652614531346,-0.12300513057799309,-0.5321481184946494,-0.5913908205304623,-0.30194080777970644,-0.48298060434173234,-0.3466835345385121,-0.31095739767049796,-0.386311834963761,-0.22311899868658724,-0.26171784874297027,-0.1740671451116134,-0.49153708278678937,-0.1710417905134167,-0.3390005212348693,-0.5018263819365122,-0.3415500950738438,-0.2793792016397501,-0.26135760057029167,-0.2716159076390216,-0.19305705552726551,-0.1768881749410299,-0.1712026745038789,0.009462275400108532,-0.48230150971204755,-0.22802594769679047,-0.15371632475560063,-0.4893094145000156,-0.3274230855713568,-0.13988798908144,-0.29758264543404916,-0.2599692575793043,-0.07674560211075389,-0.22409679878042393,-0.17856464745058323
21,l,0.0,0.0,0.0,-0.2227797932412546,0.012028688096140609,-0.12282455790556054,-0.4748100347930524,-0.09816881444920222,-0.2094872119291667,-0.6601652399823406,-0.19037692252455074,-0.2806548843778593,-0.7954175816165131,-0.260667885539474,-0.34885177983299825,-0.37992323049161203,-0.4217017028695377,-0.2039411808327734,-0.43344263803309824,-0.6697042826713494,-0.36956845219302653,-0.4528199073234471,-0.8429055535969358,-0.4775197122606489,-0.47781726177372097,-0.999998155961381,-0.5443887455391264,-0.2005305452450804,-0.440548036124429,-0.18624895061883212,-0.223913108935614,-0.5392734513568953,-0.325529778352492,-0.19115587784662671,-0.31597778019773987,-0.3031805642401293,-0.17507787508693307,-0.25179052071682567,-0.2586640149937029,-0.01624693945082257,-0.43198936481897543,-0.18689298740586527,-0.04789547541722202,-0.5103175156448426,-0.3276847928187376,-0.0299667530705219,-0.30081865234880606,-0.24484118516466033,-0.017060077798884927,-0.25231788457111104,-0.15887396611949214,0.16219790873913756,-0.4107848424240898,-0.19671202040298383,0.13016500607860806,-0.4936893969846283,-0.29032483376767143,0.1073804255163028,-0.32468884624766337,-0.22230543449931633,0.10984786844353338,-0.26528050569556816,-0.15083787744121652
21,l,0.0,0.0,0.0,-0.2963296228831045,-0.10759566904919105,-0.14143808395419113,-0.5401065018072329,-0.2797147761265722,-0.23630489712254335,-0.7351329484302339,-0.4338960618668719,-0.3300573630152767,-0.8999011040285938,-0.5381904408920238,-0.4143063327221117,-0.28818095294226004,-0.5423882312457508,-0.10001255764625824,-0.29754977651496956,-0.7520948488158643,-0.23893139723143542,-0.30099915153470097,-0.8840933051325163,-0.3104095836424045,-0.29770466648378147,-0.9999985268580142,-0.3542248518734839,-0.10746966728884803,-0.5103211783659278,-0.10615416662006412,-0.07900670378535882,-0.6249761070140988,-0.2929295833355868,-0.1208410443413314,-0.41879437771381767,-0.28840436401717756,-0.13104139172619997,-0.344571174904045,-0.2290658106209973,0.07600882775634778,-0.4513764133981087,-0.13919842461562043,0.0915323324367106,-0.5290832795115249,-0.3259553252188,0.022350253713915327,-0.34790894836461544,-0.24624061885916543,0.006561486791046435,-0.30354096265554364,-0.1374359804807042,0.24230050707854836,-0.3750009073482471,-0.185505641075797,0.24693693282864704,-0.4484208599115962,-0.28261260749205924,0.15998166921521154,-0.3294072362227098,-0.2089618126792734,0.1432521476858514,-0.2903941058129537,-0.1252680299971275
21,l,0.0,0.0,0.0,0.22443407109977295,-0.0062231587041937896,-0.16800987850175575,0.4685843884047485,-0.07765975931941486,-0.233060829949749,0.6667961654798831,-0.19667865737198137,-0.271293605293827,0.7623027186458678,-0.34790458834981436,-0.29524615618289113,0.3954941187474927,-0.43201976476633475,-0.14746167442863334,0.41037071082773174,-0.6926055110469973,-0.25009445153370813,0.3769769366330316,-0.843573198552204,-0.3217486604485741,0.34874146864907185,-0.9999977527974477,-0.3681218815028653,0.2346001307913616,-0.47316057525240096,-0.10028166855239565,0.193487180596948,-0.5992326811792155,-0.2095889360635475,0.15288160917551574,-0.39210922725540936,-0.2331065549837053,0.16224226533966596,-0.27756471883099537,-0.2378169199427184,0.09288594448241035,-0.48073361866464803,-0.07296201557021517,0.04639046630693678,-0.5696915299114589,-0.1966649418998419,0.027282592431956274,-0.3717453632129933,-0.17344188194064836,0.04201104276908094,-0.2680702529006867,-0.13740420959982044,-0.021151252140877243,-0.4687799462211563,-0.060294268280710536,-0.04763225844112633,-0.5412003633853605,-0.15879399874500952,-0.06062761111626431,-0.3896166687584691,-0.14700035554888297,-0.04197233303692898,-0.29268227564528765,-0.12039628846519233
21,l,0.0,0.0,0.0,-0.3159060767962356,-0.11578317538415012,-0.14072720078361334,-0.5702017428746324,-0.279184527309832,-0.24024996860656697,-0.7814692348715673,-0.43036633007897734,-0.3374731120362342,-0.9595384102311797,-0.5295860726103705,-0.42523807335060637,-0.32630794664344986,-0.5420387821753657,-0.10628413962297911,-0.3502534576001375,-0.7530470620701913,-0.25219305035095124,-0.36623866883786144,-0.8785410400083263,-0.33213944395844863,-0.37330520198916384,-0.9999984902421708,-0.3826068388915723,-0.14221453085000754,-0.5181684116822299,-0.10824558693599255,-0.12714009402139548,-0.6339001585934221,-0.2885845217292012,-0.15126630204492397,-0.42255244177821594,-0.2852503548848177,-0.1554147755416199,-0.34449157886868537,-0.2326396344717389,0.047466005854266885,-0.466323741545919,-0.136968265348714,0.047854756515996306,-0.556708630352326,-0.3124145773388983,-0.0034222656633263685,-0.36136281765626765,-0.22947543355613814,-0.014209916549159617,-0.3082837741803867,-0.12505836689287436,0.22144668510515622,-0.39517980577493034,-0.17934439343456055,0.22369603962844062,-0.48057833742460376,-0.27284749899264615,0.14341371865514788,-0.348322392681144,-0.1989272130819951,0.1299542168671368,-0.3012686245077527,-0.11817716522023675
21,l,0.0,0.0,0.0,-0.23712474038746723,0.0889870298104809,-0.07952399052836502,-0.5522972272600424,0.02511820730810493,-0.1520926907223109,-0.7848632613613037,-0.0013898541948525855,-0.23257771074435654,-0.9708476468010819,0.012706483127539478,-0.31821849799047475,-0.5133345042495979,-0.4188608448099984,-0.10130291808187829,-0.6853361493189893,-0.6733641136813729,-0.21353292708234767,-0.7965355738264612,-0.84840247863262,-0.2800353840277739,-0.8767790875021891,-0.9999978367303057,-0.32988948881118496,-0.3632123928878652,-0.5091676494243956,-0.13077557313862337,-0.510228317446184,-0.5609748223485834,-0.29333615586336376,-0.40093560681814283,-0.33898052547542934,-0.3043773025168687,-0.2885773257770187,-0.26770804419076927,-0.2740848894328901,-0.18939332552731067,-0.5640693399985848,-0.17463154771539538,-0.32754675371539077,-0.5631763596454489,-0.3214796395465247,-0.23342845545595767,-0.35466386766193175,-0.2538409713168174,-0.14413151614020464,-0.3131817679826661,-0.1766716832135405,0.0031965099190549235,-0.5945293762807551,-0.2277222469268905,-0.137375914430314,-0.5974198449221884,-0.3104219239845832,-0.094227962513327,-0.4214238035103495,-0.24759193013538505,-0.025430889043193298,-0.37453089146391655,-0.183615796550936
21,l,0.0,0.0,0.0,-0.2148094896055645,-0.0038928647316935736,-0.1248543258596776,-0.4312795152756644,-0.1361436163993912,-0.2097377412404899,-0.6166273854120534,-0.21872550474530453,-0.28391478123112834,-0.7505281374610128,-0.26625419150963003,-0.35825175289385947,-0.3408767223318079,-0.4678998646252506,-0.15864396187490024,-0.374795778680363,-0.7165542955594352,-0.26122451563976123,-0.3643800055300294,-0.8679361061522912,-0.31533429588955225,-0.3454146518313976,-0.9999981145660374,-0.3510462726748695,-0.1885054565562094,-0.4887472565935612,-0.14419448297887208,-0.17499061919474568,-0.5667562650665721,-0.2637492305891274,-0.16556222218565514,-0.3514933196529133,-0.25481806164023835,-0.1655918906697535,-0.2855780393911171,-0.22244527835922234,-0.03426687437235973,-0.47123695099289714,-0.1459263245478029,-0.038520031376853815,-0.5119357054804132,-0.25958271904387514,-0.03959618820914878,-0.3205149270293647,-0.20533447182071407,-0.04364009249625218,-0.2839992040384738,-0.1465259594494234,0.10987161182718773,-0.43476421358976236,-0.158509414175708,0.09171730907453256,-0.49770977973587244,-0.2289171378805075,0.07046264973359903,-0.3425125346595946,-0.18291723494948697,0.06523492797872255,-0.2959865078010476,-0.1349183195692957
21,l,0.0,0.0,0.0,-0.17881636480902882,-0.004614659781720665,-0.05551165665712902,-0.38333575441221635,-0.09630785742157973,-0.1197742998240785,-0.5469790592315132,-0.12907049265431647,-0.19475888450968898,-0.6797152761384687,-0.13503534005488946,-0.2767823569218057,-0.2587065643880375,-0.454363110787495,-0.07580614623520117,-0.29787869329361527,-0.7001345308530458,-0.16644703494950153,-0.3185188438846869,-0.8699590501447853,-0.2264203614833442,-0.32811266360218494,-0.9999981580428262,-0.269589270259645,-0.14926402076746553,-0.4660772893830948,-0.10757703501150015,-0.2933677294141556,-0.5917844446972151,-0.24906730774563426,-0.3164325745541257,-0.4171288711045846,-0.2754788571615415,-0.2742092390125637,-0.2939204082622043,-0.25658064951303095,-0.03143984002004019,-0.4487690764201529,-0.14836084197024485,-0.1843057151712826,-0.499842354934089,-0.2701019858377911,-0.1899751747211057,-0.3178633474480014,-0.23631438605287508,-0.14324367492476134,-0.2176183394165938,-0.17999864564699694,0.0977411005725236,-0.4029386166130687,-0.19563686876631298,-0.05482148190535084,-0.45116412788423355,-0.2688745151006246,-0.07904224266941319,-0.3165215038085793,-0.22927669228395176,-0.042849792734046224,-0.23866152617198536,-0.17804493305544308
21,l,0.0,0.0,0.0,-0.3040757704878734,-0.0895163579013644,-0.14309802690156417,-0.5568255973861445,-0.2725231324500276,-0.22139224530471566,-0.7433648433247267,-0.42242882449560876,-0.2949359650118317,-0.8936891039561425,-0.5293019719961664,-0.3643338950294719,-0.3036867259768357,-0.5094880879009293,-0.09772249226821537,-0.30235227418932636,-0.7333864339096104,-0.2304418291463857,-0.30139130877174447,-0.8784897554158786,-0.31088933749625497,-0.30118759720480964,-0.9999984735538364,-0.3655883497668573,-0.11362356107678087,-0.4845836892143546,-0.10918064239824117,-0.09028325597983418,-0.6153335792386779,-0.32318993594699863,-0.12001322594246522,-0.4167360915650387,-0.36028106750771177,-0.12767329036559094,-0.30091237277873645,-0.3260052771133445,0.06948829916183757,-0.4313765752996317,-0.14404831315649802,0.08924368100716891,-0.5341128494722853,-0.3523811711549566,0.031848515668784626,-0.35163564311269946,-0.2967247873063856,0.004847498246860933,-0.2697628816605371,-0.19865675157051993,0.23928639387445788,-0.35378139281997567,-0.19061504640087606,0.2483301320403014,-0.4508584614012354,-0.31543017659333744,0.17590170814175124,-0.3204035391750375,-0.25615390916729364,0.14032751808510818,-0.25740789795336855,-0.17800214783691048
21,l,0.0,0.0,0.0,-0.27652164888283615,-0.11626531534056711,-0.112472649045248,-0.4854071216931971,-0.31393402796996783,-0.1890214363060914,-0.6437171721306958,-0.46367028624687867,-0.2716017920710598,-0.7911249683975111,-0.5550467879704507,-0.3564172602759555,-0.2099630062336135,-0.5314036256961894,-0.099812706726817,-0.1721006866529301,-0.7512434155728999,-0.2285588374255767,-0.15462875137868545,-0.8816292614056115,-0.3093253290009872,-0.13459234154687022,-0.9999985119753898,-0.3694269530563931,-0.012789645005057797,-0.5000104535014561,-0.12508107171372987,0.018904596183438736,-0.6029741868117771,-0.3253657785506503,-0.04417984597831769,-0.41996548093157365,-0.3661493409986445,-0.08184712925990385,-0.32413711381605653,-0.34842578317754275,0.17780534318846253,-0.4389409429644797,-0.16861320249751832,0.1920975393272204,-0.5273930088663219,-0.3511332533118389,0.10961181918350565,-0.36733273159470065,-0.29797985284500883,0.06807547338463017,-0.30012458880073534,-0.21667275417452217,0.35574088796267983,-0.3551532069632172,-0.22288254053380793,0.37122538649741965,-0.4708170051685058,-0.3188435482974833,0.27358439689684094,-0.3637842062238131,-0.2534761215528083,0.22852914924863246,-0.3053911010354308,-0.18220584227902645
21,l,0.0,0.0,0.0,-0.19081374987055735,-0.07101125031654776,-0.09477728011041882,-0.3583953331904063,-0.2197383166667125,-0.1751073286347981,-0.5156638175670291,-0.3269001228163075,-0.2553495927543253,-0.6361834633341523,-0.3895791401448411,-0.33659429098861043,-0.21225957324562938,-0.4947559060306495,-0.1437212633852104,-0.18680662235438475,-0.7291128078621292,-0.2618275456946518,-0.15325561718616015,-0.8781894986448441,-0.332255071135901,-0.11591710531164331,-0.9999982491680848,-0.38069682638795577,-0.05383590114984743,-0.5067904376511773,-0.14931019295686468,-0.1213137036157236,-0.5090387202494485,-0.2925228280987172,-0.1660841022975739,-0.3174139022228494,-0.30057582593252025,-0.15969041821159685,-0.24157005486950492,-0.2780295504594733,0.09346824776495576,-0.46459109997812803,-0.16791444708278824,0.003973993941861824,-0.4171465870445416,-0.2844195037571618,-0.04020307895496842,-0.2552306883952621,-0.22910741055876968,-0.030053352013580066,-0.2081028489459151,-0.16926884063395514,0.221714173451635,-0.391527081241171,-0.1989320121982402,0.12802745281165692,-0.35188523807405553,-0.2657351942196063,0.06965934830581132,-0.2327633073542748,-0.22437828419576547,0.07747501060772063,-0.19854065593639955,-0.17770094395461625
21,l,0.0,0.0,0.0,0.18903686898634675,-0.07562745706894981,-0.05572211293540279,0.3650472027371806,-0.2776621297662099,-0.08010154040932156,0.49001699709067076,-0.4574266597283994,-0.1058272669165317,0.6217655721510111,-0.5255256123074182,-0.13064176572692382,0.24228466550881111,-0.4957360915667012,-0.023768255425200866,0.2569434893595166,-0.7328212806723137,-0.07501804112904245,0.24528406766803898,-0.8648822688104324,-0.11474007104995518,0.22657511290260218,-0.9999971645000341,-0.14659745876924282,0.13885979640770454,-0.5047479032663276,-0.029747871944231934,0.17597010961639445,-0.6558760606780526,-0.10772222715753962,0.1685430105074031,-0.4523167580783642,-0.1372828991922089,0.15366396797109025,-0.33101268374135984,-0.1453458100396921,0.032491129097918674,-0.4776768072751513,-0.044162380127531244,0.07131924945972698,-0.6398259550008545,-0.1319270155519713,0.0734774939840601,-0.4314155034814953,-0.11765214838790926,0.059532564015170035,-0.30966397790109457,-0.08846016941743988,-0.0765955404389874,-0.4399844271798676,-0.06281986638061092,-0.03844108982455514,-0.5932919552369549,-0.1271853738806549,-0.014015068690706681,-0.44894376159485766,-0.11372557359201664,-0.014773580940135584,-0.3444107006890485,-0.0917875123534025
21,l,0.0,0.0,0.0,-0.22933121212765042,-0.0072135274640673245,-0.1042024012692158,-0.4571841005452341,-0.16320629364620004,-0.16908401087378983,-0.588551430775003,-0.3005168688744349,-0.23711274319071562,-0.6716434660336263,-0.4085564468260064,-0.3046817087174184,-0.3063529238330312,-0.45409665176230596,-0.14313553590616415,-0.42549042725793795,-0.682008568487202,-0.3303784749086919,-0.4901882022548663,-0.8473950190018893,-0.46450866530879253,-0.5504214584291273,-0.9999977492484957,-0.557427907570607,-0.09277150379947853,-0.4855189625300198,-0.1576850578025666,-0.34198640124532265,-0.4782171609154716,-0.3611390984747199,-0.3485728200218173,-0.27632250725950674,-0.3793488952760634,-0.2768188145842848,-0.19811348810687174,-0.3525747283210941,0.11375150577075681,-0.4469329629713445,-0.19395723156162192,-0.11718822773115749,-0.4159710059230457,-0.37922661277125597,-0.13429838753713008,-0.23827299452115513,-0.2968485181818144,-0.06621077783754122,-0.166806483771283,-0.19785831512934893,0.32841753741236446,-0.3685978378894511,-0.24387109868166323,0.14110783940659502,-0.39464427972392885,-0.37155192665631026,0.025736274910599658,-0.28894544246778314,-0.31255554829192167,0.002917809477026823,-0.23179383286215205,-0.23384068002278677
21,l,0.0,0.0,0.0,-0.3206384786123058,-0.04435752406147078,-0.16428317219395638,-0.5752300740881605,-0.24620521407534685,-0.26803879703583366,-0.730628244437816,-0.4249338113819454,-0.3574892202408545,-0.9039671576407514,-0.5450811442621387,-0.4497805592431468,-0.3062679529388013,-0.471147397042571,-0.2170416774065883,-0.2682766825512376,-0.7135170825424586,-0.3482802464488816,-0.23164622582421857,-0.8735572366237646,-0.42080560693005786,-0.18945124376726172,-0.9999982945645238,-0.4722330697752527,-0.09518010742006884,-0.4402815165369481,-0.2150463527376683,0.0317464907051672,-0.5559561160585997,-0.4367051801184584,-0.013525493630469577,-0.37997694786110575,-0.4792138090380141,-0.06969994659495529,-0.23267179159856946,-0.4499965186531586,0.09846793568903559,-0.37057963855635373,-0.22415619053782482,0.2108728518015403,-0.4516497540604423,-0.4632646297342519,0.11538321441984013,-0.27498753608390664,-0.426971657234693,0.02668402398951416,-0.1446505175275602,-0.3361025550388619,0.26056720099128905,-0.29187333577074626,-0.23870082046150468,0.32164950816842575,-0.36388027168564346,-0.4163920349631975,0.2370382479210239,-0.22462360598865191,-0.37733390272676304,0.16723024538215595,-0.11481203253005147,-0.30175619054677405
21,l,0.0,0.0,0.0,0.22784795991619541,-0.023387019557461,-0.1345061228736187,0.4772942701351078,-0.11681788862088116,-0.18733647692928196,0.6722378056891143,-0.2240427602300232,-0.22177569846295236,0.8125808239691517,-0.31639415746001553,-0.24699290739289628,0.41320103984758916,-0.42935792386241034,-0.08812125481908835,0.4114016127585143,-0.6903203932769416,-0.17826841661899748,0.3699215551455902,-0.8585034061106774,-0.24331836416606145,0.3479550819976278,-0.9999982810808546,-0.2845991200910607,0.26048569244254416,-0.4420106226411932,-0.06059376894922849,0.21991933355878768,-0.6040409226544159,-0.16994093074682753,0.16752335267812413,-0.40207631213826595,-0.21081032757812776,0.16073741323778368,-0.2683835821304351,-0.21980063692148052,0.10992334628158157,-0.4175334758715385,-0.0494543676819474,0.06848473194472261,-0.5494978317246606,-0.17874985531919466,0.048350727805565624,-0.34984999767333474,-0.17555420221037626,0.06046271733976652,-0.22635620688898306,-0.144175379632705,-0.017379639955979527,-0.37803132294201663,-0.0467213750892933,-0.03766399763685589,-0.5015805421870635,-0.14666618968172204,-0.055883260948467656,-0.357327819544497,-0.13552850134341923,-0.044139957765120044,-0.25219867651857125,-0.10449111193629641
21,l,0.0,0.0,0.0,0.22320102444811515,0.020401649475401407,-0.12498923657944525,0.49680866516074007,-0.06513259535706836,-0.17827712735966456,0.706224639028426,-0.15923931633208485,-0.21909483786012723,0.8650569163706185,-0.21623007239559106,-0.25777507595552174,0.42263770450019045,-0.40226191635199826,-0.09903237416008744,0.46972843629107736,-0.6727679796786743,-0.18087354200490394,0.4692681335620911,-0.8563864850333911,-0.23979959942762316,0.46664694116480493,-0.9999983840555954,-0.28519222446234577,0.26761161735288147,-0.44191460295702384,-0.0859868335286841,0.267124971707725,-0.5882182471593104,-0.23639382637441742,0.18732852223407548,-0.39646425948531755,-0.2903844036077271,0.1458033214306358,-0.2423956675103986,-0.2952870996286121,0.11620900554862777,-0.4460979736262137,-0.08550036847938801,0.10602773332274631,-0.5539662436403593,-0.24659431399984538,0.054227350446017446,-0.35439505579145847,-0.2438515203898902,0.033080971801224664,-0.2122454053317368,-0.20182025386643906,-0.025669606643806374,-0.4322180981793507,-0.09270971910736343,-0.022304407460570396,-0.5244814892469937,-0.2177176379081688,-0.05235199487273307,-0.36296767641069355,-0.2110736125218639,-0.053601332955528665,-0.24290499599562124,-0.17694974778572833
21,l,0.0,0.0,0.0,-0.23828771319368078,-0.1384475546929021,-0.07615583677511284,-0.4392475360568394,-0.3145620819227409,-0.15934462896325927,-0.6614774662927856,-0.42413347617352554,-0.26082016244207545,-0.8395854669544184,-0.46727365017873423,-0.36815013636430466,-0.1181360623678348,-0.5387685872135933,-0.0798785291394415,-0.03774847710936609,-0.7598722116485879,-0.194860826027083,0.007347806634148699,-0.8928576223863265,-0.26762657450799426,0.06436631884604027,-0.9999985039170496,-0.3210479394867487,0.046811446704245085,-0.502096523335951,-0.1140485297157278,0.037720298285637756,-0.6251735105934678,-0.2629838903650192,-0.08950548572491941,-0.4676446119088288,-0.2684562000983631,-0.10882519046294072,-0.37058006754529094,-0.23803829684565994,0.2043777090823721,-0.43236329782506966,-0.16580704313397232,0.2021866271905085,-0.556314720353093,-0.28776977415875366,0.06689518992867262,-0.4290051132592933,-0.21652454519713907,0.035339633548057595,-0.3477883036911734,-0.1373429311087622,0.344543012767296,-0.3398430346551898,-0.2297213749850125,0.3667324988509668,-0.4631482168808105,-0.2854144346931318,0.22778013301526062,-0.4034649331832423,-0.21485771426951245,0.1670527168903663,-0.345651439282939,-0.1464809959312748
21,l,0.0,0.0,0.0,-0.34848447387542164,-0.06358001170720788,-0.12367572241241839,-0.6532873382909471,-0.23710330217808678,-0.19728095269802287,-0.8321571982284048,-0.3826208156035756,-0.2683948998665343,-0.9999982921174985,-0.48635595981436225,-0.3399960891440982,-0.3741279328026805,-0.498627625244926,-0.10905988430906327,-0.45227194211933425,-0.7249311553678718,-0.22335960964496523,-0.4950122279716135,-0.8706619095878946,-0.30042642083412885,-0.5218510467412474,-0.994743238810025,-0.3599775583389404,-0.16692883353333937,-0.4977091552276529,-0.1309772791059824,-0.2064489517983203,-0.6670483045087322,-0.3347293799965606,-0.2519091711935776,-0.4867578063528145,-0.3867825548128426,-0.2689984650865916,-0.32425590159488804,-0.3687516573684547,0.03738908458899369,-0.45637001332857363,-0.16879998384984746,-0.0227688946326889,-0.5811660898611811,-0.3781114496364706,-0.09267095255244623,-0.3845433675288978,-0.34877235137537105,-0.12637913302899023,-0.23563904363240032,-0.2700408928093764,0.23998254916822828,-0.38688369733738853,-0.21447467833711276,0.15295129264536875,-0.4891730083915857,-0.36712528593803484,0.0627235874062582,-0.34821532067778577,-0.3346624734386385,0.020792288112833936,-0.2299865210888567,-0.2723277279108484
21,l,0.0,0.0,0.0,0.23593520935680887,0.011540102493722032,-0.13014619052271673,0.4927332281174231,-0.07931309730309258,-0.1851803066632747,0.6734760092789416,-0.2190251831653767,-0.2251996365219464,0.7699634554425246,-0.36261651886593504,-0.26104056489001304,0.4153698914147623,-0.42990392842112085,-0.12067741055868014,0.43171059705033316,-0.6869478533841271,-0.2222458638183617,0.39941420917582476,-0.8561073394754259,-0.2965011899091082,0.361384073017524,-0.9999977771436028,-0.3458017068200105,0.24572097778486646,-0.46958942669832593,-0.10442405892799327,0.2111078911485443,-0.5902578260872157,-0.24623306322754612,0.1521269042763684,-0.38491382528121604,-0.2960502845840593,0.1293083721066637,-0.2354534663870365,-0.30386476236971915,0.0881855944740982,-0.46974285308968905,-0.10185392672988478,0.05155669969322113,-0.5432134257123492,-0.24660652664780078,0.02695302893627003,-0.3494549723501904,-0.23426795770541725,0.02299911953708634,-0.2252135134429229,-0.1935507398172063,-0.058332038284182215,-0.451143281697339,-0.10963553807840513,-0.06949023095657068,-0.525506324244198,-0.22073735314723558,-0.08059509537116669,-0.3685745770638706,-0.2057526426778186,-0.0728587881994138,-0.26102347167370016,-0.16895202096990736
21,l,0.0,0.0,0.0,0.21349892428437797,0.06272062982347482,-0.17052914528642668,0.47226573504470853,0.0010299059545614679,-0.24287758886373498,0.6670877561865854,-0.09060946084940008,-0.2889372674765462,0.8080464327838726,-0.18506903595152752,-0.3257226774607387,0.424991029232725,-0.38939224917018617,-0.19026836921924892,0.4670940989026527,-0.6586871790894081,-0.31195850332896236,0.47570680307495894,-0.843954231667608,-0.39420789582696214,0.4757444309375095,-0.99999736962176,-0.45385715136974597,0.2535936067906685,-0.46831496625965835,-0.15882192177839183,0.21633402694480344,-0.565416644443879,-0.33706195142742607,0.13519471518558093,-0.35866251452169223,-0.3869285898381019,0.10529200959939657,-0.20822710395828123,-0.3900179549405749,0.09176792866767602,-0.4931935682815373,-0.14394344357222377,0.041123334198766966,-0.5359095017627575,-0.3151231045586914,-0.0006545680256194441,-0.3435875385218453,-0.2985660807204787,0.004083563783301567,-0.21584094516263025,-0.2518935774920651,-0.05439562201691988,-0.4889010130783194,-0.14314143115915678,-0.08276656003177443,-0.5142399292854004,-0.27751779912779784,-0.11049280733492907,-0.35429000011055434,-0.2724906382996602,-0.09198146678765055,-0.250652048635777,-0.23987831505508753
21,l,0.0,0.0,0.0,0.2568848983115782,-0.07726995349836657,-0.07736183308013878,0.4656711124938562,-0.1698929135732672,-0.12129235887328318,0.6319238412779793,-0.28274322805504054,-0.16750600931304457,0.760710634894142,-0.3616984122524542,-0.21245416437938655,0.28814188880706304,-0.500719691897192,-0.0403793010937605,0.29437350151288894,-0.7388055184466094,-0.11081732799514203,0.2886096626744656,-0.8711936139681201,-0.17918740049638887,0.275656519478439,-0.9999978016965791,-0.23380581393170677,0.14849062127591867,-0.5050897742573068,-0.047785073704813566,0.18389907208732761,-0.6423850731546048,-0.15363579348453885,0.18908710356992445,-0.45615165223402504,-0.2035920770867147,0.18833617582928464,-0.334693905504761,-0.22529368897183571,0.0164195834058497,-0.47562100332915436,-0.06512279844919451,0.05941239129481116,-0.6279992578392002,-0.17376964225384148,0.0661615689239536,-0.4447680410465927,-0.15323258420345634,0.05275296859540842,-0.3146131071400983,-0.11852228916487306,-0.11505605825876344,-0.4272159731768886,-0.09113516108257239,-0.08476671762623879,-0.5603907346245669,-0.17193793740576846,-0.04911206314624457,-0.4307339078208543,-0.1507448985723532,-0.03831939317505469,-0.3184430875726409,-0.11919961950098998
21,l,0.0,0.0,0.0,-0.2803919786064667,-0.04330630442203349,-0.13843778385319613,-0.5454392087591499,-0.16933696731723855,-0.23702252180691058,-0.7634335656795821,-0.26697482416794666,-0.3293190483561618,-0.9275015575918908,-0.3418870381149663,-0.42001629588718653,-0.3825309802037287,-0.47798235399259476,-0.13567787272289214,-0.39695976282847656,-0.7136924163878253,-0.2572343098716406,-0.3801482081121318,-0.8700706341478681,-0.3322899428897178,-0.36872457379699725,-0.9999983342521747,-0.38128805827837486,-0.20514109906486244,-0.4809635246589679,-0.13149381120984907,-0.16989525422382004,-0.5933595464592655,-0.29388639632772245,-0.1622297555737166,-0.3825951191583173,-0.3069876962007859,-0.18083183955794166,-0.28255979584251517,-0.27127830841201056,-0.01752165038696027,-0.4611678206870276,-0.14677675393726822,0.01033540674273784,-0.5538421068144073,-0.2982152048661848,0.00426385047183758,-0.374324569750841,-0.23906687651969138,-0.029063584337377005,-0.3106049012384529,-0.1583302795640754,0.15415053088062453,-0.4222976284801927,-0.17358821455281495,0.17145355281866206,-0.5331140051295545,-0.25636734183531307,0.14418347633838774,-0.3915762606679462,-0.18795095937234493,0.11470497452233314,-0.3292243603264752,-0.11351973794158607
21,l,0.0,0.0,0.0,-0.24395328403689395,0.00875042636295247,-0.08841749211862893,-0.5092446826615996,-0.1265048559017978,-0.1515010084126175,-0.6984163954564433,-0.22092257922103753,-0.2132859019695617,-0.8408354804173683,-0.2776633739602135,-0.27660238632078443,-0.36214222705127874,-0.4499650558165089,-0.1121555124182602,-0.39345605128469613,-0.7060880178099534,-0.21651680405612,-0.39292608538798024,-0.8639841831649245,-0.2781955047981497,-0.3906384214488868,-0.9999982136911457,-0.3201471367040393,-0.1929073202238244,-0.46543787731836644,-0.1256994550298356,-0.19699223666649684,-0.5860794631079996,-0.2740986900754254,-0.1801300580604212,-0.37348770289703515,-0.28388112586989833,-0.1703971052695643,-0.2673776169632795,-0.25361847608285,-0.022877491169372408,-0.453681045723346,-0.1524428757291591,-0.035488070939745237,-0.5383225884960148,-0.2862292394599934,-0.03233638424789446,-0.34728029039772007,-0.22639643575575907,-0.03251323474602507,-0.2762156700330119,-0.153380018337179,0.14172592363915815,-0.42115061570010953,-0.18672650533989893,0.12267227882129847,-0.5194472847885517,-0.2590612338275451,0.09951061307064335,-0.36971964803319274,-0.1955992018357778,0.0897085597540268,-0.30469701154411233,-0.13064508027478108
21,l,0.0,0.0,0.0,-0.24867555080816822,-0.08552493558888026,-0.08433734639755247,-0.4606522484506186,-0.26116015838250994,-0.14921137880637317,-0.6095840232220927,-0.3919169497840185,-0.22031392691197024,-0.7513600093483577,-0.4717835001935221,-0.29509736160153816,-0.23834635593412704,-0.5190284733670477,-0.08970277256627422,-0.25198918556692684,-0.745933735859337,-0.18933036358219807,-0.2612020337397325,-0.8809299129425798,-0.2561115388192669,-0.2619787047965447,-0.9999984923778686,-0.3082564454902,-0.06580263081115695,-0.5014198856549656,-0.11601658768777066,-0.08584349383212905,-0.6216866754190215,-0.2761389675786408,-0.12403975046367942,-0.4353918378189315,-0.3119387136913753,-0.13130898897690027,-0.3162013615551612,-0.30093964789369576,0.10671602301424858,-0.45618888352451253,-0.15467894355428607,0.07408891930945252,-0.5700132484272888,-0.2967571668685305,0.02034351581737886,-0.39569381944939136,-0.25211630623962195,0.007416880598878911,-0.29539263388297304,-0.18915760526833464,0.27872435462148487,-0.38946005248397186,-0.20180868086682827,0.24515271898586002,-0.5148794881345964,-0.2865819493004997,0.1648125996223589,-0.39531289747671666,-0.23634634774490315,0.13683860293975347,-0.3143282930016273,-0.18030014723157087
21,l,0.0,0.0,0.0,0.22817796033380344,0.011957478940247426,-0.11247996391055028,0.49342157153016153,-0.09744381704626959,-0.16549604168715287,0.6885118370162878,-0.21911556111295855,-0.208929397530276,0.8274691369585784,-0.3147890600802045,-0.25174372559958375,0.359607761228726,-0.4347378614259007,-0.11581153806522909,0.381585243567583,-0.6939449920350538,-0.20604418447782152,0.3742800708559979,-0.8625756593605898,-0.2724688706783403,0.3638062007777775,-0.9999987117883067,-0.32349063400117817,0.2093997351549307,-0.45572207369751927,-0.11298788610402448,0.2311279401844734,-0.58772218329872,-0.2599773247967913,0.19138577355168085,-0.3871273158397796,-0.31621198995442235,0.16178607984109444,-0.23567036936720057,-0.3285621392041826,0.06690490878230806,-0.4361341675617024,-0.11989855530241282,0.08372385193383672,-0.5463110526753975,-0.26916791390456063,0.06797811036933585,-0.34478603110432615,-0.264869463976522,0.0576680192841132,-0.1974064367584088,-0.22924436568423454,-0.06653339229959833,-0.3999307175019477,-0.13440573262925537,-0.05573722389830789,-0.48572618557787567,-0.25134389523798606,-0.04618210559726287,-0.33014297595259673,-0.2469990489402714,-0.02935951523421645,-0.207337064278983,-0.2192751737008225
21,l,0.0,0.0,0.0,-0.22296056872517178,-0.009761641754987746,-0.07036643669239823,-0.44711941380966547,-0.16097859727425787,-0.11559345521853494,-0.6266081036352333,-0.24118970988586544,-0.16691887395757815,-0.7620491364393125,-0.2861415442630642,-0.21671131013045056,-0.33063379436754514,-0.5205265639233282,-0.03128506306507282,-0.3838321900339126,-0.7748280583464169,-0.08309376877304829,-0.42804072338268223,-0.9065400205774802,-0.11819869597149686,-0.44090995629196794,-0.9999983721007888,-0.1443906937944422,-0.2119232203882022,-0.5503872187949991,-0.04371064287292267,-0.2874390341595663,-0.8249758196764079,-0.13613849261593497,-0.3366070314879173,-0.7022241497624968,-0.16331021805413745,-0.3155859874303494,-0.5638523636246683,-0.152583354721847,-0.08018501144632498,-0.5540248867743487,-0.06793256367376621,-0.15280810778279014,-0.8141810229673759,-0.14701108341145522,-0.20887899005520366,-0.6726246035740062,-0.13249184932882088,-0.19136864975850099,-0.5304744554432228,-0.09681934913781544,0.06816721989523593,-0.5311622065938665,-0.10112369448775363,0.008212164028601128,-0.72965094374433,-0.1493066639177488,-0.07030688475110759,-0.6528623343016104,-0.13445991600327137,-0.08918190846460308,-0.5346093554727239,-0.10931015760128326
21,l,0.0,0.0,0.0,-0.23699232307515244,-0.033456661750037524,-0.09249750965578846,-0.4463608730748686,-0.17739651987265126,-0.14670748622839,-0.6309638190305411,-0.28919013640962726,-0.2008843127297796,-0.7731043441312593,-0.3260189499819256,-0.2526037573257948,-0.3945368475313044,-0.5155397812008354,-0.05937677272375932,-0.46347346212473595,-0.7347132804559978,-0.12184759957217291,-0.5006197790296871,-0.8786909155272327,-0.16917391930933254,-0.5261742748888846,-0.9999983505737753,-0.20800380513207684,-0.26587037932692703,-0.5680729909184485,-0.06206053366965073,-0.3292647198459498,-0.7833588808585188,-0.15292573910431215,-0.3117548460872266,-0.6391350934512786,-0.17976148060740638,-0.28850439999679145,-0.5118699362089594,-0.17326057652189242,-0.11880749570035011,-0.5722473314518971,-0.07707660038451125,-0.16723587250370828,-0.7824072556817383,-0.15564096035874941,-0.17041238053219945,-0.6687291666628644,-0.14561750942910573,-0.161526662167078,-0.5538441815573995,-0.11505236955319265,0.029156529139137653,-0.5441084941374863,-0.10255602162460456,-0.0024424013912660433,-0.7394328674619319,-0.15282651624056237,-0.03972031086805672,-0.699188988240247,-0.14114441885630172,-0.05971844924909799,-0.6107037244241234,-0.1184003731308079
21,l,0.0,0.0,0.0,-0.2249867932462582,-0.03953991802065769,-0.08324964334449253,-0.4394737160702278,-0.18011474165214308,-0.1447255246058254,-0.6292026199095019,-0.2735471094321974,-0.20750344291155415,-0.7763328734831668,-0.3066835146273953,-0.27152913776175075,-0.35499030807003756,-0.48977233354644695,-0.08373199984300365,-0.4189293826496077,-0.7228540686803238,-0.1636086207716037,-0.45753141391701063,-0.8706771861543712,-0.2160859984553453,-0.48538889583545464,-0.999998351393091,-0.2572357121974665,-0.21912221277956268,-0.5208478838060656,-0.09457849874474182,-0.2486009628149275,-0.6979389736858763,-0.20079456046782376,-0.23146007395843926,-0.5179786548984971,-0.21519503306252627,-0.2139509875363954,-0.40303670024534005,-0.198659270075637,-0.06778598741521319,-0.5084915488769022,-0.11648540022133559,-0.10212190893887049,-0.6609724097743114,-0.21118212670203274,-0.10328840835192382,-0.49450352978012446,-0.16815516548396423,-0.09572075446451109,-0.3914177922258944,-0.11469535032071115,0.08103638307301489,-0.46209197362210863,-0.14730052464745708,0.05866044609670387,-0.6131308993508594,-0.20055064309202966,0.01935803368478596,-0.5056602992485137,-0.15617874617738678,0.0019103626559826387,-0.41431413867836836,-0.11025563154335322
21,l,0.0,0.0,0.0,0.25341611171361855,-0.06504798389311499,-0.07174397688169874,0.467063670531827,-0.16023847592257856,-0.10951997612322267,0.6352506550809518,-0.27276032693792207,-0.14946472644872535,0.7612021511861587,-0.3492461819361594,-0.18690233368790948,0.32139028746844855,-0.4898359974266706,-0.047120325601905495,0.35598539253194866,-0.7342404436675365,-0.12049536308487713,0.37085923437259327,-0.8689039316129001,-0.1892605209840639,0.37732998928835476,-0.9999979070915752,-0.24406343400370398,0.18065439316691848,-0.5028972020653436,-0.05770776479036001,0.2276336381835197,-0.6321626039047219,-0.1731851933974959,0.22160561059509018,-0.4303949574101201,-0.22463474942422446,0.20272177440756284,-0.2995157028139951,-0.24422487229688053,0.0448009741723613,-0.48053155059656427,-0.07689790179821639,0.10242700679273917,-0.6225212152568856,-0.19017904920386142,0.10132449224808993,-0.42826683488529055,-0.1707658332602199,0.07454678664770237,-0.29566039482549267,-0.13427142297258304,-0.09682948131944706,-0.4445627308729966,-0.10385130584044366,-0.04356791182606289,-0.5750606336968889,-0.18709458450569885,-0.010921792504622892,-0.4398455454247769,-0.16683311971899573,-0.006925645081756468,-0.32569923815231383,-0.13378179074948413
21,l,0.0,0.0,0.0,-0.278168521882963,0.003008863190909449,-0.1455717640802668,-0.5382945963650075,-0.11733078763557951,-0.2576587317476998,-0.7433659696400708,-0.20910185312064045,-0.36102473743487606,-0.8949197795726764,-0.27148326963452146,-0.46522716620628884,-0.39751176713719155,-0.4596172245058033,-0.2038214447514922,-0.4036362431472216,-0.7096221282539351,-0.3595177790530089,-0.36065577661668036,-0.8660310021283321,-0.449461977961872,-0.3135379102671994,-0.9999980947217335,-0.5014379460750109,-0.20781211319766785,-0.4599293536048867,-0.19262203179550025,-0.16247952081658437,-0.5396535532011659,-0.3587581532411956,-0.1780010303219224,-0.3198229081915661,-0.35070085597079637,-0.19869013034015506,-0.251188234733196,-0.30684907399084005,-0.012509920792006156,-0.43022729162603773,-0.20115754468759867,0.021802362364354014,-0.48686841722801466,-0.3683639731104038,-0.020051668461690868,-0.2887234481540593,-0.2916070440972336,-0.05280835969545894,-0.24001393349160638,-0.2007620884186217,0.16693552285036076,-0.3841349598697067,-0.22057792821362746,0.19898800722823792,-0.46739478664674383,-0.32256284639039245,0.13937572149552827,-0.3087202654769991,-0.24743458736976529,0.09964941517391362,-0.24770036097654752,-0.16575584750631325
21,l,0.0,0.0,0.0,0.24102706040355018,-0.07852256613814604,-0.09836509111421618,0.48279340280717403,-0.19986982219653462,-0.1429669418584426,0.661400574612622,-0.3485473766820531,-0.17949360517424232,0.7901298751981822,-0.4637328577735517,-0.21010544466425268,0.3677890975702233,-0.5061157532776314,-0.0680154151985746,0.36596614098358843,-0.7410357612172979,-0.15781353723488603,0.3166690889172309,-0.8720857501904857,-0.2268144538761203,0.26974264103516216,-0.9999982276230637,-0.2724615783770956,0.20948133333267369,-0.5181549152228148,-0.0653539722673113,0.1926919834576086,-0.6690272857748566,-0.1819589569355268,0.16176806459656828,-0.46714297823116496,-0.22974963477216867,0.163103166899645,-0.3290252821973988,-0.24586042032786062,0.06592466419605068,-0.49393703838559205,-0.07561302201799401,0.029434896313021153,-0.6258856173405785,-0.20183093738534885,0.020740568132675097,-0.42136697061500106,-0.19121337204698038,0.03464541881211129,-0.2881536996817521,-0.15887167289267934,-0.06660093080414893,-0.45174408701356905,-0.09340466260268311,-0.09893501053657867,-0.5871598858718732,-0.18620698930994975,-0.08995486820201723,-0.44013837377463055,-0.16986441222547646,-0.0596881475865411,-0.32108291304484987,-0.1385178069265189
21,l,0.0,0.0,0.0,-0.23055659826745775,-0.09900485109364396,-0.08349396071136948,-0.4319377828764083,-0.2919225379149955,-0.15068895758267928,-0.5912410978551393,-0.4212731592198974,-0.22316226320739965,-0.7359541608375394,-0.48413864592895806,-0.3002461973680913,-0.22665203176895657,-0.5142530627879025,-0.11882424800478168,-0.21103451297996542,-0.7507427490646486,-0.2241600621023389,-0.2022496236359229,-0.8833174199019814,-0.2845821417168514,-0.18326239703717617,-0.9999984329975115,-0.33074294969239515,-0.05555394555075431,-0.4998851509834094,-0.14068329869762955,-0.11114838027317915,-0.5828395246830363,-0.3132374072853168,-0.17416807141690657,-0.37870012616727583,-0.33799198248128864,-0.18678154584963721,-0.2525265271792661,-0.3163168959977869,0.10530715178024144,-0.4505402455935017,-0.17364525548773554,0.022217674074106044,-0.48810532384420874,-0.33444941346168483,-0.047305269204544434,-0.2936285937621321,-0.2919509141091627,-0.058204001531856196,-0.1878317424961501,-0.22415709663244146,0.25495008664064245,-0.37601364394176445,-0.21397201514351846,0.16619576752507517,-0.4255014989908227,-0.311433117329058,0.09195740020730618,-0.2947907777600474,-0.27362989083044575,0.08752824908899537,-0.21930625928096795,-0.22371622232430358
21,l,0.0,0.0,0.0,0.20214125179480735,-0.08360092065417307,-0.10933159709841109,0.39671316007861973,-0.1930431481571839,-0.16349704268226598,0.5609018306718851,-0.3204547322642268,-0.20584992382588135,0.6928047797245995,-0.3982706360673099,-0.23814529463833675,0.30033150044264206,-0.48246489416214505,-0.08235522505571881,0.27684888388567463,-0.7237822362796844,-0.17753098085265892,0.22697318913356498,-0.8632280397363871,-0.2521154223591886,0.18730818690409817,-0.9999984433853943,-0.3035659200377592,0.157229365185844,-0.4804395212675504,-0.06948294556533044,0.12548010605059529,-0.629698587860332,-0.18727673387845462,0.11029716227188975,-0.43481474830591665,-0.22880883542838165,0.1279512474727366,-0.31460198494688457,-0.2402565135793696,0.02393673541596982,-0.44614837484643804,-0.07010403626040033,-0.007558627252293449,-0.5715383900987717,-0.19565558403567268,0.0003386987219916928,-0.3827722353224979,-0.17926323391779123,0.0246107927273709,-0.266836047827803,-0.1428990133336432,-0.08924027061209036,-0.39193607462497027,-0.07915458939945626,-0.11752692563701718,-0.5077974802624058,-0.16762550454240668,-0.09627950724783553,-0.37082690061211177,-0.14681486647677416,-0.05991942703636765,-0.2707376938097766,-0.11252584243157346
21,l,0.0,0.0,0.0,-0.27855952099824605,-0.10638048325435721,-0.09749826735881563,-0.48946069873503456,-0.31956018498685335,-0.15872756921401487,-0.6376684923983598,-0.4778529677832331,-0.2233241044377689,-0.7772219240668978,-0.5740090749419876,-0.28717786840705684,-0.23789771533063533,-0.5307689859947109,-0.08964662847528622,-0.25892283592545495,-0.7542947347245078,-0.21641218992409053,-0.2769396280128927,-0.8857303447997374,-0.29312578180415827,-0.2870975578353821,-0.9999985175751643,-0.3491241957948759,-0.03881681709614557,-0.5006276046116205,-0.12014451797066893,-0.03969051490006058,-0.6167761318106582,-0.3198117360868439,-0.09615977407409254,-0.42882180338403586,-0.35283966462636096,-0.10368481450417122,-0.3223383814219965,-0.32456589182260404,0.15360858562011095,-0.43925802115489,-0.16809566535355822,0.13534831919016838,-0.5244365324638475,-0.35455920493153276,0.04716731109460754,-0.3594472995646759,-0.2962759492475975,0.03217148290957194,-0.2843466644566113,-0.20740178370389117,0.3341719148351557,-0.3540126659554934,-0.22471629523454123,0.32206685296817056,-0.45675132794304635,-0.3323582636347362,0.20715199979201532,-0.3451734560839071,-0.26896882834258956,0.16657188239500728,-0.28251267663116025,-0.19527600155626104
21,l,0.0,0.0,0.0,0.2352835419673694,-0.03279908740163912,-0.09087365926227904,0.501122533916333,-0.12912315487686982,-0.14533307820592534,0.7070327066715184,-0.21847627371735195,-0.19522283980198848,0.8673306840769371,-0.273056048135951,-0.24594016474439337,0.39352811218499,-0.43115985697604625,-0.10096822878503656,0.4185704831663176,-0.6909113690638989,-0.1888469649500431,0.41090753271154623,-0.8599938345610734,-0.25566160980895414,0.4009490025392725,-0.9999981137507705,-0.3051577286150327,0.23408420331341426,-0.458835376393742,-0.108346121991302,0.24906056179266448,-0.5904392819056734,-0.23915399352495068,0.1999952155249153,-0.397629529958253,-0.2904012535735583,0.15984128993296823,-0.24920463983204047,-0.30518164793058267,0.08346149067238175,-0.4426224089756727,-0.12360597776369622,0.09719134644186861,-0.5541063756240914,-0.2598911687803278,0.06433626929102211,-0.3573229254919613,-0.2488233557555349,0.03247664041222799,-0.2177703306746349,-0.21256839102744288,-0.05410745928522523,-0.41043533000738763,-0.14482603649868314,-0.028347789910437654,-0.5167910066448214,-0.24793013374747208,-0.041311777865465416,-0.36380660590770436,-0.22936916649027814,-0.05234816692458873,-0.24503272894079947,-0.1938628960140118
21,l,0.0,0.0,0.0,-0.2754727493159325,-0.113415075269846,-0.12496628328511078,-0.49338466670037856,-0.2921584787196642,-0.20561068204091307,-0.6776687077080292,-0.42317705825565227,-0.287452518538829,-0.8369332270301227,-0.49615949956146116,-0.3695888546423921,-0.2407268852559368,-0.5525551672255381,-0.09292927789022223,-0.1978900157255333,-0.761478484879792,-0.1957967797491596,-0.17063265993385954,-0.8857791807823868,-0.26362517923011825,-0.13076570242325716,-0.9999985150248716,-0.31720932605158403,-0.04850921207379553,-0.5246680527159503,-0.10479356923891969,-0.00022021640058607749,-0.6481813510704689,-0.26507796134065664,-0.05368677580718909,-0.4696830357288592,-0.2948065558398719,-0.0807626831980584,-0.358341827168793,-0.2755522915556308,0.13612338688622977,-0.4624104510574945,-0.13564519657199195,0.16556573546924916,-0.5579775092771876,-0.293388735738269,0.07863513431506503,-0.39423391405338265,-0.24949318117273284,0.029276212657014532,-0.30374595061786613,-0.1774971663956143,0.30824587095781636,-0.3752664488816813,-0.1783374605780958,0.3414546457844609,-0.4949213576323621,-0.27443711410985744,0.23418677679962438,-0.38941499857367673,-0.22488678651681202,0.1598866660583151,-0.3133795330293567,-0.1643669737252801
21,l,0.0,0.0,0.0,0.13389994889979454,-0.07205571894331997,-0.03171566731153244,0.2595230176991683,-0.22383727010587479,-0.055745810474029,0.3796442042293554,-0.30537026390059197,-0.0861896539222365,0.4742237483760277,-0.30957946630164956,-0.11652463221529445,0.14928791344781925,-0.5148598573519313,-0.0046233934934982734,0.15211039901052378,-0.7406783481491654,-0.042550121898214395,0.1606772107942566,-0.8805232104466604,-0.0730482688812481,0.14727190595975698,-0.9999979006273302,-0.09745425686970084,0.07689796596495399,-0.5195582021569884,-0.022339088818262225,0.11402354908437179,-0.7112334519902719,-0.07351431654364149,0.13149271508118626,-0.5479230183312,-0.08643341958465431,0.12689829270297023,-0.45361757662401636,-0.08265869238684222,0.0015974397363666436,-0.49245703514286593,-0.04696457656682385,0.03606527404797,-0.6649003793924482,-0.1105449242001185,0.056903378633394765,-0.5106130526760204,-0.09577592688191813,0.041946244808565285,-0.4287561537616428,-0.0687114392914775,-0.08193566973640821,-0.4439058037257798,-0.07453513071325704,-0.06186944412746611,-0.6087389105347794,-0.11902883579386675,-0.02395064696380358,-0.5040555537989699,-0.10041189320439813,-0.02633373023649938,-0.4207578182995701,-0.07723436871992698
21,l,0.0,0.0,0.0,-0.20582836639945018,-0.04242909418157091,-0.07905327555878536,-0.42735814905909064,-0.1518178648158328,-0.1543625260051987,-0.6260364957922985,-0.19750943524186176,-0.23641341537387547,-0.7787214257296703,-0.19066312913768635,-0.32406718364321946,-0.29304929002096247,-0.4728265408734212,-0.10710903696959008,-0.32748183852961105,-0.7226551454678851,-0.2001837188833766,-0.35280411031893566,-0.8788468590159335,-0.24890058300021584,-0.363138233291358,-0.9999983512480074,-0.2859307153305578,-0.1648785307174788,-0.4902087249873668,-0.1270298409391264,-0.29029360906515644,-0.6215575437905049,-0.2723254434969965,-0.323715269511614,-0.43223633624803737,-0.28796212223607,-0.2916157285950925,-0.3077374596603176,-0.25991003993106687,-0.029656123297867303,-0.4709328639653971,-0.15807084353835021,-0.16755524909534572,-0.4906822547718092,-0.28279751758177973,-0.1713138088412805,-0.3079848134981181,-0.24912476891300184,-0.12065305017195307,-0.2273707531417662,-0.19423446353433532,0.10422863741406778,-0.4238385899224252,-0.19803813071433862,-0.03735308288634988,-0.4442661646122943,-0.270437589280625,-0.05926448578319148,-0.31094539423613077,-0.23812695736545608,-0.016556295495401496,-0.2504650714719032,-0.1955918631706561
21,l,0.0,0.0,0.0,-0.28727370225298443,-0.09834593348393648,-0.13698214489213892,-0.5185689439303082,-0.2895300219206775,-0.22449724085314654,-0.7125246953339945,-0.44354318812464044,-0.3056787629643071,-0.8777863575331133,-0.5501443005936602,-0.38413707660394936,-0.2926426766400112,-0.5081807797185847,-0.1263066039095025,-0.2667610640870378,-0.7304939544488599,-0.2660352743637209,-0.23887534915261113,-0.8794891063374765,-0.3488805418789956,-0.21150977359558665,-0.9999984222580574,-0.4038389894810541,-0.1000184481878052,-0.48001040343984475,-0.13808185739970374,-0.011242383346533344,-0.6016415314437795,-0.3426473095073059,-0.06425202452698543,-0.40035676136206927,-0.36592258272838607,-0.10499978661141639,-0.29183213943266545,-0.3232105445192963,0.0868479473842339,-0.4170226627294919,-0.17012350335711224,0.15635637952284379,-0.5048127103275777,-0.36601624731343263,0.08601446423436669,-0.32665815561309797,-0.2977836189830901,0.03359050883269976,-0.26147578596576543,-0.19643161421262828,0.2413169290939405,-0.3306091836011969,-0.2121122624179427,0.28546868413512916,-0.41395853303614616,-0.3241716879846261,0.20918329952985665,-0.2846600277427442,-0.24801960613969848,0.1640409192488281,-0.2338873338358892,-0.16085467090401304
21,l,0.0,0.0,0.0,-0.32284301605388704,-0.066909563439736,-0.20237123205681143,-0.6095338116262355,-0.27440766275199796,-0.30269952582912324,-0.7969690245935813,-0.4587714384067406,-0.3913624661714181,-0.9522432301905989,-0.598113496934688,-0.4667287340982177,-0.3509640038291619,-0.5378334641116312,-0.13062263153395412,-0.3477821229783781,-0.7458957563139251,-0.30785366662880786,-0.32838159596676963,-0.8756903860728444,-0.39464163293613,-0.299683785994819,-0.9999983116764501,-0.4406549015823595,-0.12544383362009698,-0.49966774974973893,-0.12431267017552998,-0.06088241552879666,-0.6140855948781616,-0.36791407027457135,-0.13627887303323105,-0.3905402255741153,-0.3783522676896958,-0.18995171552705822,-0.33377043557458363,-0.3121187495251287,0.08317258827968388,-0.4409869594859237,-0.15392680930264127,0.13909133408569016,-0.5251743704178018,-0.4174605006653469,0.04461194392636554,-0.3277327213114721,-0.34485089338834474,-0.012711019767361316,-0.30317158789896886,-0.21847810130644324,0.2703205977317971,-0.3704707981540448,-0.1980147753721826,0.31240627780168156,-0.4543155070638051,-0.3541645793525352,0.23406251246468587,-0.3171828727750615,-0.28041320224938443,0.19508696268273978,-0.28197387533076007,-0.1803915842698796
21,l,0.0,0.0,0.0,0.2403108456772275,-0.0009660133727918426,-0.1603409840755713,0.5228133133994993,-0.08895723145970098,-0.22627300280350554,0.7484668422473619,-0.2048137973196873,-0.2709454060261368,0.9248951580113369,-0.27672091933225873,-0.3090129076886961,0.4556614724054792,-0.3970525851169817,-0.1300990369468719,0.5096182193437366,-0.6681796295433197,-0.22477267823662686,0.5002634316149597,-0.8487349897808915,-0.29503176477675697,0.48367550578115637,-0.999997026781322,-0.3462280367921313,0.2885498425770046,-0.45752367539966315,-0.09603173622982727,0.25040835254843163,-0.6044634183881601,-0.25022159698878466,0.17319143551190327,-0.4084124132603187,-0.3040509244416197,0.14162826439693016,-0.256626919646444,-0.3118944887184644,0.1306343906866908,-0.4789808331965611,-0.07830778438488971,0.08351115606816435,-0.5846141562675309,-0.2291902488839571,0.04211860837606789,-0.39754622486196645,-0.2175214417797941,0.031166026376681675,-0.26476688043145136,-0.17572126028015247,-0.016912056903118387,-0.47528478203109664,-0.07372689660329723,-0.037976323185160435,-0.5632585441801559,-0.18975956695810908,-0.06730070381426316,-0.41106607024879516,-0.18015712864913758,-0.06851375858160129,-0.2993664986440974,-0.14678237232930427
21,l,0.0,0.0,0.0,0.2135504471794921,-0.0943771700343353,-0.05492061751101755,0.3800714559221621,-0.27112368090576544,-0.07159336517040427,0.4266106541126855,-0.4594601895564098,-0.09115854341780008,0.427517101832313,-0.6117123604522596,-0.11111967759288646,0.19327043474599265,-0.508458326597279,-0.037241758496585085,0.13915305086195384,-0.7449850120387547,-0.11955415977272722,0.0860636239713718,-0.882527300813201,-0.19044414600388837,0.03190401752520048,-0.9999983973370022,-0.2412324790805583,0.054626060678960975,-0.48045913186006595,-0.054078996230818056,0.05537364839671887,-0.6376493364760868,-0.17219288230593047,0.084369372021186,-0.463228696515974,-0.22883222842349812,0.09738939639570252,-0.3191542334854578,-0.24758484922447005,-0.06503430434925839,-0.42509178818981935,-0.07887986770880327,-0.07226993323778025,-0.588558825639783,-0.20123061355867308,-0.030889434193957618,-0.404202318864,-0.19527630091794268,-0.003157999279498903,-0.25903255289816407,-0.16478261965858848,-0.17990312502162834,-0.34947509598300663,-0.1085745741474196,-0.19346612008202985,-0.4676850873441268,-0.20388764978056248,-0.14454301883879664,-0.33899702269072085,-0.1955696975735303,-0.10532446781801218,-0.22600275959302787,-0.17006778349859955
21,l,0.0,0.0,0.0,-0.1993341491560428,-0.017685514811918226,-0.09344613461532227,-0.3853387877758912,-0.12568384330646992,-0.16812886913522931,-0.5444096411967331,-0.19248225571703342,-0.24264719584303304,-0.6578015430220796,-0.23047817703618098,-0.3210925652410839,-0.28563278710632845,-0.4699179740733315,-0.12997791944571743,-0.3048129286342737,-0.6991487135247205,-0.2487716333006835,-0.2983628583659797,-0.8638793136230037,-0.3302852068070477,-0.28521034606368234,-0.9999981097787385,-0.3873174797139679,-0.1375842423863516,-0.5040526637101092,-0.13699346020155398,-0.22492323787438742,-0.5267090009787673,-0.277006710416629,-0.24021899486377823,-0.32150146230567306,-0.2911020678623812,-0.22149734748786615,-0.2248813824677084,-0.26931920166809953,0.011845249089116182,-0.47441779645571963,-0.15721897290277348,-0.08493847806567568,-0.4231932006406946,-0.27296276270254516,-0.10445903981241147,-0.24065461782454398,-0.21961387824934656,-0.08686641809014832,-0.1762661304445713,-0.15651067013577644,0.14808183751317647,-0.4023127606742659,-0.1897370185814423,0.05126425423535082,-0.35559790184671036,-0.26281496723624986,0.007801892871358216,-0.22015921379977232,-0.22021768333210456,0.016925808197552922,-0.17321975536733217,-0.1678989460634117
21,l,0.0,0.0,0.0,0.22284941789822746,0.014870270827749063,-0.12490926123817235,0.48357147013196033,-0.07387671801335739,-0.18331544369438443,0.6826723923962398,-0.17788408570206918,-0.22969779696556059,0.843111625973933,-0.2395136308722402,-0.2745781074270948,0.40418594547233644,-0.4098142103589566,-0.10758834527520235,0.4414467618070694,-0.682870948822109,-0.19455730563173726,0.4408684165599891,-0.8615587802172937,-0.25596673923900554,0.4373883784710711,-0.9999984225291606,-0.3024598064637562,0.24656923603252354,-0.44701997529681664,-0.09599399690667605,0.23818402915886644,-0.5945313920313863,-0.2520944775769782,0.16330764171501688,-0.4008932043647522,-0.3069212262006014,0.1249343264429642,-0.24729844373269114,-0.3122453920601741,0.09516068813213,-0.4488271749101325,-0.09657459874389286,0.07934264944702944,-0.565109405683498,-0.26173354935755105,0.034012924956112654,-0.36318553617068755,-0.2571573255975088,0.01713551122649035,-0.2196949399488015,-0.21355969857942583,-0.046831062116140985,-0.4307897328134394,-0.10461226723037381,-0.04635172476130191,-0.5314999872511774,-0.2312411870882253,-0.06958148673761028,-0.3691451437090247,-0.22363621976042802,-0.0672556945035382,-0.247201645418292,-0.1884718579340665
21,l,0.0,0.0,0.0,0.2325035220506438,-0.007866933715549779,-0.1132633310063212,0.5031845035149282,-0.0859998454780068,-0.16157811898308846,0.7183124511649333,-0.17862237452342614,-0.1994771622166653,0.883455113757789,-0.2280008157799824,-0.23410989312442643,0.4489224738391065,-0.4177805318951133,-0.08503320219053258,0.5027160055381521,-0.6846397578801342,-0.167842411179003,0.49883619080041697,-0.8548283065553758,-0.2301281393586157,0.49396045858444315,-0.9999983926192736,-0.2767485502712154,0.29482457919322913,-0.4605640258141705,-0.07674616518951939,0.2997633526502497,-0.6108682844401266,-0.21450806711604697,0.21574317459435427,-0.42012321339370823,-0.264800582415942,0.17627849543286608,-0.2759539309832671,-0.2731723969521698,0.14170200344378955,-0.4683479424546944,-0.08108557979572933,0.13338290690586865,-0.5817116625523204,-0.23229283473934642,0.0802917389425584,-0.3847541550420795,-0.22296136580958528,0.05803444436611992,-0.24835278944350755,-0.1813317158212144,-0.002231065927440663,-0.4560540381843608,-0.09306542156115587,0.0008159433577123891,-0.5542640043988176,-0.21002313311014875,-0.02934943419419924,-0.3942553706569844,-0.19846353235326164,-0.029321171023821133,-0.2778254318990839,-0.16375937706069754
21,l,0.0,0.0,0.0,-0.20250245212311715,0.027184472388831524,-0.064366948885787,-0.43633696528770227,-0.036232781053203766,-0.13324217363463217,-0.6138356254399688,-0.048171476285792596,-0.212542058689565,-0.7479711377388096,-0.034137755328596205,-0.2994404803754054,-0.3465792458668547,-0.4403327844393801,-0.07595860699757336,-0.42165218700164375,-0.6953649239713188,-0.16384894036324685,-0.4730011403566975,-0.8675895939652761,-0.21727989771305073,-0.5070576447572248,-0.9999980428365105,-0.25730434985745776,-0.23667193789311286,-0.47186555218830323,-0.1049491772774236,-0.4022823857117451,-0.6255912581903292,-0.2423343475669076,-0.3977858205317317,-0.4453040230240056,-0.26835552597913764,-0.332839556444759,-0.32559725817937957,-0.24985522044280895,-0.11076402989152781,-0.4782263391285534,-0.14378738337043007,-0.2672426433250451,-0.5304181323332808,-0.265023042203959,-0.240753907526311,-0.33098280067073393,-0.23348734347216765,-0.1769197837447866,-0.23789000187793882,-0.1802307577300177,0.034346686286487633,-0.45735068341657686,-0.19012298531238328,-0.12582140755196108,-0.510306340335583,-0.26315199606570067,-0.12927419286277655,-0.35184194955382064,-0.22380037218260496,-0.08048863921107637,-0.2719603300185611,-0.17496013601470622
21,l,0.0,0.0,0.0,0.27390543831700936,-0.08002145039832699,-0.10676467765452152,0.49407186423114946,-0.13067405889534914,-0.15616563721750915,0.69300423833371,-0.24095154321526663,-0.19237996924985673,0.853403317197929,-0.3089290866717935,-0.21513463865562601,0.39798886833733116,-0.4884149724259865,-0.03224103540148177,0.46231028980804184,-0.7311312653570461,-0.08646267899132191,0.4689163502855281,-0.8585742803537711,-0.14236746987888477,0.4687456851037394,-0.9999972010883494,-0.18931181217124143,0.2590907663001971,-0.511190015717705,-0.010036771764073919,0.30168098811794974,-0.6588956005906713,-0.09237934826909447,0.256440034068095,-0.44393291956084024,-0.12383334374562432,0.24095070907459318,-0.3420054336243993,-0.1374940968350556,0.1145203408554412,-0.5009419302317839,-0.0004763469210758182,0.16576293705079737,-0.6562414483818081,-0.09549116218520666,0.1365534994321896,-0.44709539709610635,-0.060191731283641026,0.11946195703311734,-0.33575655218328604,-0.01951462152721356,-0.01984103688691131,-0.46365142118282116,-0.0005136553696884756,0.020912240339760926,-0.6148192320420593,-0.07087265757839654,0.029739951086924506,-0.45702417353222924,-0.037092155136156955,0.0355652558940578,-0.3598926628118793,0.0008184052140213392
21,l,0.0,0.0,0.0,-0.3369190069559047,-0.09910850615030964,-0.12003629297406063,-0.6318189031888264,-0.2672948434726577,-0.1977104851386514,-0.8325508328788339,-0.4102393340221408,-0.27508561935380504,-0.9999984037033798,-0.500752145206749,-0.35287389240330336,-0.37983768208786073,-0.5181426295932553,-0.09479271572071676,-0.45103652334026545,-0.7326939504147291,-0.1998335765529271,-0.5057473941626199,-0.8599795550302947,-0.26832958569726767,-0.5346523886160026,-0.9748770602172,-0.3241868790235847,-0.1742185425118844,-0.5155338024178755,-0.11529211235434478,-0.20787725604095633,-0.6766829951792163,-0.30523194513741836,-0.26325244107384,-0.5060994369267217,-0.3534173227403755,-0.28398271710470196,-0.3669004910938947,-0.3390956997899063,0.026043647954779828,-0.4753807086380175,-0.15222111286853562,-0.02701385878330555,-0.5890234905976525,-0.3400563721624587,-0.097333068858921,-0.4065417432387568,-0.31097052763235533,-0.12742007067944852,-0.2802167158490506,-0.24141201536727858,0.2278540654099476,-0.4070124339290301,-0.19878114708831235,0.15185631040267852,-0.49811315652968824,-0.32975246104397354,0.07311604711636406,-0.36581772172754945,-0.29943727366695766,0.05062936313271355,-0.26743299647089436,-0.24586937628094455
21,l,0.0,0.0,0.0,0.21713972276894714,0.01950756648520372,-0.11467977078130219,0.47551963491641214,-0.08189561408317429,-0.1556203984400883,0.6555020280797778,-0.17326343759337953,-0.18388620051162172,0.766421441103791,-0.24995896948773083,-0.20985319971270094,0.340504793114374,-0.4260741999394576,-0.09693804647325978,0.35558425829765894,-0.6892115182658918,-0.18579195189729747,0.3633288399820809,-0.8651428460658686,-0.2574316204133788,0.3637126608318294,-0.999998676373011,-0.31231894865921367,0.18939353838942935,-0.45482975820421334,-0.08972297385578405,0.21904470493503708,-0.5995695079290162,-0.23813748277787336,0.17594008506910774,-0.40297717873667777,-0.29075713196111136,0.14910252653266368,-0.238805048810291,-0.29368371663149595,0.041976431140049855,-0.4387511753968348,-0.09533799084042328,0.0689337118017752,-0.5537335273788693,-0.25064106825117344,0.04505520294695342,-0.3510920948107462,-0.24225476019638062,0.03392952643481881,-0.19638215473319556,-0.19582533659755785,-0.10615810157637756,-0.3987510468849864,-0.10877830825704848,-0.0760238256837123,-0.48857672319066253,-0.23139590426263235,-0.0704542814107429,-0.3315463434763589,-0.21894227861525273,-0.05862920678287951,-0.21007126537688794,-0.17960261387394283
21,l,0.0,0.0,0.0,0.22197173086830016,0.03863689883236893,-0.18640855316418897,0.4827914459462139,-0.015775197127812196,-0.2844644244085582,0.703406890814422,-0.10714862367436381,-0.35146834079586337,0.8837334439681414,-0.17586159781463415,-0.40969090252308116,0.3643567803599522,-0.4036462952255185,-0.21917444478164333,0.3837735125017103,-0.6782309002438166,-0.32643108968040147,0.36994976221574816,-0.8439329994450062,-0.3977503320070753,0.3616724675707749,-0.999997380602834,-0.448985140267835,0.21193190454898145,-0.4625779914079473,-0.1612588311695609,0.16658367729483764,-0.5824822920948037,-0.2567848589998353,0.14149980238442034,-0.3813049689369059,-0.2587559389675643,0.1650527618609821,-0.27736977664896956,-0.2579364218483652,0.07465443422240506,-0.4805809823581739,-0.12033637106686298,0.03618349970661239,-0.6028342323798278,-0.23822232396205484,0.01029447147485575,-0.41107222259082066,-0.19291285554289697,0.021090504913024014,-0.3031719975806167,-0.1500525024809763,-0.03965485494156663,-0.48288028291341234,-0.09375100113736425,-0.06787097455485573,-0.5852472451187051,-0.19763930616394423,-0.09118935135441296,-0.42031220394887864,-0.1758730977545868,-0.08796124391365044,-0.31352048942568445,-0.1453395764685117
21,l,0.0,0.0,0.0,-0.20449943930150036,-0.06726766898079488,-0.06927596803630737,-0.39718436068165225,-0.2285787999626519,-0.13495405355795603,-0.57232103460155,-0.3249105662851286,-0.21090315368455065,-0.7242097018664269,-0.36511364592967327,-0.2927694086911591,-0.165158780559008,-0.4928536569026198,-0.08993991182706051,-0.10685579829298174,-0.7338014366144574,-0.1950629564195463,-0.06596711774279924,-0.8827940594553007,-0.2507867088528159,-0.02144554600191555,-0.9999983762740706,-0.28809057447569014,-0.025320971900342375,-0.4729964906386105,-0.12098764499058776,-0.10420495007087274,-0.604931984285103,-0.2929059917343665,-0.1907201579717169,-0.4303257703544487,-0.31136459118765497,-0.19173917151427206,-0.3155769480835882,-0.2757420640364342,0.10988893386366068,-0.42059399262075214,-0.16389450029869693,0.004193643823008583,-0.4640950990949722,-0.31755123445300876,-0.06883901515582817,-0.2931859425606145,-0.2712665437823598,-0.061907129319379285,-0.2118393563940431,-0.1956140429888313,0.2455783924915027,-0.3442255619854192,-0.21343723489753316,0.13507508898512763,-0.3961553786335521,-0.29021231765105693,0.06329226768209648,-0.2774455755234709,-0.23608543754172828,0.07262782151578155,-0.2195458822147841,-0.17230639466835304
21,l,0.0,0.0,0.0,-0.2436412870615925,-0.07660723563556673,-0.08308956453553706,-0.47135323025119397,-0.23615979207121654,-0.16146632492751756,-0.6810093243078212,-0.33146262954482425,-0.24898488530316534,-0.8465297708701834,-0.36546131924387615,-0.34008867551774885,-0.2609454596848793,-0.5286019271269815,-0.07201122408448536,-0.2494191888813018,-0.7422803652090775,-0.1669169671857332,-0.26395164842873364,-0.8875023481868907,-0.21361555223878884,-0.25846173878528345,-0.9999984220421465,-0.24770763717984765,-0.10987409413818744,-0.5109193768011832,-0.09987560753766468,-0.12574018695252523,-0.6872624320290815,-0.21847379778826248,-0.1914135014664478,-0.5121491748745587,-0.2028773096679961,-0.1764508877001652,-0.43386294108925666,-0.15561556682448538,0.04983355671243667,-0.46055164256913067,-0.14510207712900067,0.012039615446955119,-0.5993819298205503,-0.25063310440663,-0.052927262347214926,-0.43544379428930996,-0.1693265032946614,-0.037426285675345415,-0.37454332464032697,-0.0867813512445546,0.20498854221628665,-0.3795586397307388,-0.20225587390490402,0.1503800714593292,-0.4880623256376449,-0.2543386523355329,0.07803515765384428,-0.3791113207267256,-0.1840162087335639,0.08772145754162916,-0.32324055637160565,-0.1189254740820747
21,l,0.0,0.0,0.0,0.2408193025093922,-0.07576772520049631,-0.06654151450848102,0.44249513757332154,-0.1810894133486099,-0.10316864804124015,0.6040564154096584,-0.29535364831520805,-0.14173944518157894,0.7306161978077853,-0.3626921778736519,-0.17824232381453192,0.29333654231499484,-0.48890340181005626,-0.04982146943503794,0.31326504289216706,-0.7367392043316803,-0.12532446331934347,0.3148201498752372,-0.8731707292845414,-0.19455964284506655,0.30984637513737723,-0.9999980939241848,-0.24802067739680517,0.15669003700059692,-0.4913762014184733,-0.06015231747747524,0.19300078527873224,-0.61448039249595,-0.17397833362348158,0.1879371442621165,-0.41911399956076784,-0.22367370410957105,0.175522759754003,-0.29144702143620094,-0.24318533762817884,0.026475616859088863,-0.46281997002589126,-0.07840231535474602,0.07080911752738205,-0.5969306216424796,-0.1908850805774923,0.07374902864667676,-0.40847910370518414,-0.17202004970395834,0.05717421034838,-0.27771327271166474,-0.13677788362319585,-0.10350340134868737,-0.4202332948557128,-0.10335099365110482,-0.06689141357861676,-0.5398305992587361,-0.18453402843029465,-0.03749741487940412,-0.40813628259754137,-0.1631687466972635,-0.030002669481050622,-0.2993317364955267,-0.13027274659538826
21,l,0.0,0.0,0.0,-0.2340624105239917,0.09595472840689784,-0.08507826970439974,-0.5542539451306064,0.026396237315850835,-0.15990364813770863,-0.7809144155506442,-0.018401690029009998,-0.24140724733532834,-0.9597390767766757,-0.026256823585350135,-0.32841734298881975,-0.48659417549156064,-0.4190447311321573,-0.09873283491156551,-0.6364356050122754,-0.6700317445282141,-0.20976731437529514,-0.7477437975746103,-0.8475064117381969,-0.27020543959730337,-0.824622991940827,-0.9999977892492723,-0.31344186398077517,-0.33329678764396325,-0.5056970849599464,-0.12394936753707418,-0.4735412684886558,-0.5835411396174285,-0.27454818389095087,-0.3927917289061498,-0.3564191741712603,-0.27234752563675113,-0.29397980965005843,-0.29002826054773795,-0.2326894254360092,-0.15740686450757863,-0.5574413870781624,-0.16603589218593878,-0.28508335567284704,-0.5803986645276547,-0.31222746233588433,-0.21309876259776064,-0.3623178376296711,-0.2416701799180295,-0.13115340108302978,-0.32283812243617427,-0.1616645371113509,0.03898274082243504,-0.5856106033579895,-0.21715571500778508,-0.09535767395236222,-0.6083272669399069,-0.30309866312208944,-0.059269546946476265,-0.4306180473288928,-0.24039394472584433,0.012725324267531733,-0.3842945410947391,-0.17586778857602778
21,l,0.0,0.0,0.0,0.24223391128334376,-0.07783003388775782,-0.069240333262843,0.45612118154695425,-0.16728058169637933,-0.09520611057962512,0.6223876555178707,-0.2693620072386132,-0.11453415849086718,0.7182426586442802,-0.35693734739749844,-0.1254313583277431,0.3432589622960514,-0.48517847631426003,-0.05347007387882584,0.3631910609665292,-0.7320866626213226,-0.1320411623317058,0.34054915768309774,-0.8733529131329071,-0.2039411956296881,0.3101706558237432,-0.9999983470412555,-0.2557193729969923,0.20207355074188868,-0.4935275987150352,-0.055705577707546416,0.22781216246008407,-0.6483459757979803,-0.15569137273899358,0.19769130090988,-0.46007554156533376,-0.20184272023785865,0.17860778961328858,-0.32752447944635943,-0.22277907423191978,0.07026535972463305,-0.4693976871757341,-0.06602493417418626,0.09461951193071291,-0.6110868520379986,-0.16791574037105542,0.07815043399688106,-0.4233738667036976,-0.15363199906712363,0.06858828387669465,-0.2936356653213371,-0.12656685995986455,-0.05261015112852117,-0.41569914121157814,-0.08264183508271855,-0.043184850870441834,-0.5365749100552384,-0.15579804962034452,-0.027639731184874932,-0.39706105700396155,-0.134740658869193,-0.009206971032428325,-0.2886793160318066,-0.10584015276229805
21,l,0.0,0.0,0.0,-0.16230176569091098,-0.04766504170092374,-0.0842364529921632,-0.3448952538242134,-0.16968236516993732,-0.16370645971026634,-0.5219801653735963,-0.21569614116757976,-0.25073274249588745,-0.6688571246326914,-0.22844089708363646,-0.3399962970813097,-0.16926995428466823,-0.4936570701440954,-0.09435202391248139,-0.1747801530307926,-0.7338629371720293,-0.18412436490240502,-0.20537298715951918,-0.8855089578922223,-0.2414325526006282,-0.2010404781741517,-0.9999983990961353,-0.28227792897084913,-0.0525419292379942,-0.4807599264020843,-0.12061441254158642,-0.020055554709619297,-0.7159285980985813,-0.2552080733212657,-0.1506723894226818,-0.61464327097863,-0.28112025382906153,-0.19767296485808694,-0.5038064619536193,-0.26129740782986566,0.05606688770924036,-0.436872900476371,-0.16007705069175324,0.09456031972496967,-0.6499332666142549,-0.26446620627583023,-0.03414975873753987,-0.559213320488078,-0.241784370956479,-0.07937220584310996,-0.4604524594441748,-0.19612113705471734,0.16029996981941216,-0.3653274364292878,-0.21053177006156273,0.17460276482262155,-0.5281586949481392,-0.26464726820428885,0.07056825445059066,-0.4893828635767981,-0.23852294227754936,0.027349941038520554,-0.4182974256467631,-0.20427771452318585
21,l,0.0,0.0,0.0,-0.2241203400892282,-0.02512619407811921,-0.07455720641920606,-0.45923527919399365,-0.15335039229024933,-0.13202568033121762,-0.6547138228028836,-0.22363937851672722,-0.19883214805062635,-0.7998747182176423,-0.2564247457939863,-0.26884115399423436,-0.341907691805166,-0.47608708927966376,-0.06231813405513185,-0.39165566402942015,-0.720813359935125,-0.1410452677150119,-0.41322582392244533,-0.876861690513723,-0.1914113089259642,-0.421768853559604,-0.9999983535612753,-0.23012715761289268,-0.2112069978242441,-0.487294936509248,-0.08005416858655323,-0.3114951893192327,-0.6423502350225252,-0.20984863125932163,-0.34370695521080147,-0.46377153877531824,-0.23228809901800831,-0.31949351844462504,-0.33202825435443495,-0.21350277630589448,-0.06176003901854877,-0.4713117718753209,-0.11041681829166006,-0.16260534515281266,-0.6042234072452779,-0.21901764204942675,-0.1970824685101257,-0.4325866616604584,-0.18127171454221946,-0.17601093456076045,-0.31651481479024385,-0.1253683468491293,0.10137739624773061,-0.4303775848439345,-0.15044893250226996,0.019837186946933615,-0.5590349036233434,-0.21313042608217242,-0.0498560192945099,-0.45528375936572907,-0.17680944904897195,-0.061954543372088236,-0.36664247285902074,-0.13258745640177094
21,l,0.0,0.0,0.0,0.24991390518597675,-0.08400893224682932,-0.10388517650300731,0.4746661826482677,-0.15150461182368505,-0.15103771321885723,0.6646401773637909,-0.25884376075445037,-0.18141734489756964,0.8137164509359948,-0.33173128735107515,-0.1973572557251564,0.3541312531883054,-0.5010664383992366,-0.049005109872996375,0.40789663178963026,-0.7343868072118378,-0.10248250725483089,0.4181614070741838,-0.8652448964107001,-0.1548056841973467,0.4160184497603015,-0.9999972734068153,-0.19808663479573912,0.22088907115952308,-0.5158935707801513,-0.025043311634580796,0.26029878099039677,-0.6494264155691246,-0.09978348575284901,0.2337027727682789,-0.4401424024916364,-0.12512638156495975,0.21940154739993223,-0.34344645111945576,-0.1355652843200876,0.0810657381808192,-0.4956139723078705,-0.01149043038106212,0.12287843351473127,-0.6388244162267593,-0.10255839282518968,0.11094557739674162,-0.43760314596571837,-0.06666326869129428,0.09771030508631658,-0.3392316379496634,-0.026222676596643887,-0.048189236602491456,-0.4508906676904019,-0.005861621246904585,-0.01227056772865607,-0.5960744005297488,-0.06574147891808721,0.004676606981971671,-0.44422321988520425,-0.024019440482427688,0.0016932710642605937,-0.36085062537252527,0.01716874027405973
21,l,0.0,0.0,0.0,0.26245670466204934,-0.06754821394081462,-0.09177810094081792,0.4934058676646353,-0.14425649835818127,-0.1428993134159373,0.678727562315546,-0.2678348551006469,-0.18542696372304057,0.8276866372919912,-0.3410563174592549,-0.2210243137073517,0.3541752849033097,-0.4892703211994614,-0.05638695629720528,0.4045912807409757,-0.7289058426104701,-0.11596340632065429,0.4123391375317896,-0.8656930468472421,-0.17315360956597267,0.408251477978635,-0.9999972533023368,-0.22244768054140207,0.21421616621553669,-0.5078511797846705,-0.0473216415361991,0.25390631234057365,-0.6590968752745293,-0.1397896212538229,0.23062443243851666,-0.4462149939579917,-0.17497466287919866,0.2206318664145523,-0.3287463523254338,-0.1889030623878257,0.07475032365054705,-0.4861636475499636,-0.046760607479357674,0.12342618277760431,-0.6463863790971006,-0.14687707864535532,0.11425858136787999,-0.4385811653183623,-0.11566868693456632,0.09918165315700563,-0.3142157442014257,-0.0772729148323893,-0.058211493966591386,-0.435809536337061,-0.05403705957355084,-0.013577044640054695,-0.5774722012231819,-0.13118462966684832,0.0054413447908691955,-0.4193441332515349,-0.10193846556952683,0.006665612579177828,-0.315452945548878,-0.06649014313438346
21,l,0.0,0.0,0.0,0.2378083864295117,-0.04180815224711605,-0.09415742197450036,0.4699030922485531,-0.15287312986013038,-0.1412491981850994,0.660380149553511,-0.28612879948492664,-0.1823138295868728,0.811076800288844,-0.35809470765000917,-0.22027623652045594,0.36806687539656213,-0.46971675253154305,-0.0756942562588605,0.42710858870609064,-0.7205210329674974,-0.15238865673572952,0.4346479300914567,-0.8668379196000905,-0.21498565897552901,0.427266951440449,-0.9999978168563676,-0.2637436678241284,0.22530631869824574,-0.4933330995290526,-0.07396108218359104,0.2513856811731058,-0.6427939483841871,-0.19281074468070755,0.2131317768522551,-0.44567905916274964,-0.23343499885671892,0.19525071129833294,-0.3167517540679147,-0.24220749081520668,0.07901207390277543,-0.48267959466080657,-0.08246073349847488,0.12013420451017297,-0.6341979879330938,-0.20684329975420684,0.09301305727666606,-0.44133403856869796,-0.18435076537785125,0.07058983099512367,-0.30810712667955753,-0.14315721213625407,-0.0652165586944985,-0.4492782003867583,-0.09850258895974032,-0.03520467346282269,-0.5512496176339821,-0.19556185801661963,-0.023410748706395142,-0.4019726361113442,-0.1792301317368455,-0.015367821633299425,-0.29040550419110805,-0.14672627810391226
21,l,0.0,0.0,0.0,0.2614048937691203,0.04075489196859079,-0.12313569169414554,0.5912132134016906,-0.02055847661618515,-0.17833958945386286,0.8333826751215003,-0.11104207510404118,-0.21886062314010785,0.9848824997020346,-0.22959747787812163,-0.25902069686316437,0.4872289216726874,-0.3606547522204739,-0.16746190440460448,0.5482874377080612,-0.6517642501247177,-0.28262935878154216,0.5553196245388361,-0.841031775765457,-0.36507807682472265,0.5576941677247507,-0.9999968881249859,-0.42336027203329846,0.3056047467275558,-0.42943637629952147,-0.1672065070012257,0.3136023684343411,-0.5733900428597659,-0.32112120555458185,0.21477429651671426,-0.3689953305239438,-0.3752516598319032,0.15548546619738574,-0.21361837141636902,-0.3913935269283722,0.1295023770194713,-0.4463790628152364,-0.17602868984947198,0.1359796010934694,-0.571651518154128,-0.33792417759952736,0.06489465899515237,-0.36017899036514883,-0.3179006548472757,0.026485189506321786,-0.20645170998711043,-0.2740874395447564,-0.03200105931281517,-0.4393761821728207,-0.19280553208881562,-0.01568214945185967,-0.5412947585869098,-0.3227787672778224,-0.06278999241722916,-0.37557716656145196,-0.2987627168818658,-0.08407064399782288,-0.24661342986473458,-0.25580230238648904
21,l,0.0,0.0,0.0,0.2816511695938841,-0.04054519668839538,-0.06778678484793686,0.5219812182529004,-0.13597348668850048,-0.07854052544754499,0.6869456610772623,-0.2810173443620725,-0.08820249625293541,0.8044866786394019,-0.38871227878074976,-0.09234723421502894,0.4204141447754085,-0.4362148128974026,0.01893199043934366,0.45205705028338705,-0.6982112497507614,-0.04152855050451309,0.4520398711487788,-0.8582127254220342,-0.10196324155648874,0.4546248006871157,-0.999998220876222,-0.14844959539675065,0.26281286992341363,-0.4624368530841537,0.016570386337037717,0.2863193343135726,-0.6155844903109815,-0.08054095348854345,0.23534396390503454,-0.4259991662717814,-0.1312245967408637,0.21556558381294627,-0.29594834530553443,-0.15055533842576033,0.11305641507706145,-0.45849583235217345,0.001235879430114288,0.12261310403320341,-0.5917247932209456,-0.11418920482991221,0.08765038378420198,-0.39417047160433594,-0.10217411675935545,0.0733155624380706,-0.2701864302117783,-0.06940687930888359,-0.03504209421353398,-0.44014687290793597,-0.01979947868349575,-0.02664611030587682,-0.5594981152684092,-0.10753095136320244,-0.044637913420728065,-0.4039646992118512,-0.08791845066192247,-0.03930999570125444,-0.2970853495109023,-0.055307296783990795
21,l,0.0,0.0,0.0,0.24937843591577427,0.10575518412408581,-0.1508188120396386,0.5678314668084067,0.09254553119505182,-0.21675756993516176,0.8152614709705114,0.026712243994046644,-0.264699296608943,0.9999971932116609,-0.038315839752666545,-0.30939490570024114,0.5992359072043912,-0.27704620027740634,-0.18515875061471107,0.7124689604329738,-0.561916659385491,-0.3095381124646031,0.7501375256864391,-0.7642888969292503,-0.3985411792521466,0.7766978634397841,-0.9347213416868869,-0.4608063845972873,0.4352777131173644,-0.40976942645945164,-0.17188016060934544,0.4037800879459715,-0.5472331980561692,-0.3458795056833918,0.2618889520828124,-0.3635211699635367,-0.4123413091377407,0.16862077880988519,-0.207261008651451,-0.4302170182152879,0.2604608995821192,-0.46977891614386463,-0.17029124098907658,0.19886593033478805,-0.5359682963331225,-0.34242288586813024,0.09864679181759523,-0.3374906637788065,-0.3354074064784125,0.04691125697157647,-0.19276918674803642,-0.29565044409834035,0.10123120548098657,-0.48983589344038597,-0.1805866948175131,0.07776118939971338,-0.5401959072389938,-0.31519019988449903,-0.005713297437315258,-0.38664638564603665,-0.30227685195608484,-0.039146556094301045,-0.26841698893886895,-0.2645374779841427
21,l,0.0,0.0,0.0,-0.2609035801944251,0.031156190603197898,-0.1454313978068976,-0.5315132425232778,-0.07252390608842443,-0.23264077280866957,-0.7213105882940659,-0.16630515994856068,-0.30092659417114126,-0.8482395538559417,-0.23201283693826152,-0.36769232851711764,-0.47626885337699065,-0.44601363034509744,-0.2069631670760984,-0.5369017366268516,-0.6819337349988455,-0.39418111055782046,-0.5622329960727873,-0.8445307374112306,-0.5302245482402955,-0.5918191274371403,-0.9999979900634861,-0.6183323600055877,-0.2721548627456717,-0.5041616497055607,-0.18995501562428108,-0.30518618723970936,-0.5598304957503428,-0.35848710672092987,-0.25734691172066765,-0.3205156344202734,-0.35814034112886267,-0.24201171406561087,-0.2435868648704129,-0.3242270675598895,-0.062939302727656,-0.5090515297499935,-0.19577849418772605,-0.08716173890968501,-0.5241799499264156,-0.363605538176061,-0.06643043975250666,-0.29871941926797146,-0.2825320841851727,-0.058711386158423466,-0.24538137231680246,-0.18932530871693845,0.14145771907010235,-0.47953775852300745,-0.21413764774068067,0.11197024428376541,-0.5249239774646893,-0.3231886876085188,0.09159259930789036,-0.3477095084948721,-0.24910307843949672,0.0895054166701309,-0.2876026738595446,-0.16749355742929464
21,l,0.0,0.0,0.0,0.22433044592466383,-0.0026179697112570025,-0.11795653617097548,0.47672317868394304,-0.08477308345318188,-0.17449210387124706,0.6756114732756002,-0.18152204590347423,-0.2206435543181348,0.8324910623922461,-0.23961494634323974,-0.2647621397961261,0.4009935882564216,-0.41503012260840916,-0.09875197875696036,0.44723443640831706,-0.6866750366282421,-0.18154861372578857,0.4469119219755045,-0.862165403484536,-0.24377843269056038,0.4411808640456245,-0.9999984201768459,-0.290137151628229,0.2469488303805998,-0.45054545903212895,-0.08897762565238758,0.2469118236150245,-0.5943803045306847,-0.23721851266835206,0.1796798528797286,-0.4081470054586035,-0.29140129049885694,0.144042949701918,-0.2626840035219322,-0.2976864847231877,0.09796039257529493,-0.4544773572509043,-0.09061443348131036,0.09237260638542204,-0.5735254854922466,-0.24583887617464217,0.04861295357583168,-0.37515914637535736,-0.2392634425019796,0.028352879400939376,-0.23600570380447383,-0.19609495629361476,-0.041758227112593305,-0.43946673514702483,-0.09984128890968445,-0.033643622735832046,-0.5407296755143206,-0.2186429290219199,-0.055059663969762945,-0.380298896456815,-0.20668199868647627,-0.05605470338918791,-0.2610711488634756,-0.1688381198284494
21,l,0.0,0.0,0.0,-0.25413437053363835,-0.08312297352249749,-0.08033267122193001,-0.48091794776852453,-0.27253847210366394,-0.14141598658381752,-0.6366330734057895,-0.41190744236474985,-0.2065521596950951,-0.7796104384450706,-0.4849604395236434,-0.2753712240827716,-0.26049745840001703,-0.5159827852442196,-0.09884650472483945,-0.2696440449654126,-0.7443409648365136,-0.20159189165754365,-0.27878589023461503,-0.8795982472555871,-0.26400398882445075,-0.2894867273671557,-0.9999984991367857,-0.3125362321259572,-0.087178034185449,-0.5032902906061169,-0.12627495911335815,-0.1217690998755103,-0.6081678518556151,-0.28571315403933745,-0.13801260171618812,-0.41080012605761723,-0.3104086425531236,-0.1283921539067401,-0.3028288243129206,-0.2926130595119551,0.08058226497193414,-0.4609581195674447,-0.16564771147256618,0.03535056766514255,-0.5424502213871485,-0.3123254904560164,0.003918189282283161,-0.36770013341092117,-0.261730090007772,0.004670266208609208,-0.2905578130146996,-0.19507960951331554,0.24500567565199033,-0.39681446524745484,-0.21203209168709264,0.19789186267338077,-0.5032679260014326,-0.29476824700696924,0.1417371135219046,-0.3744792923828479,-0.23653130843016873,0.1350104666417768,-0.30499327075427407,-0.17608849298183693
21,l,0.0,0.0,0.0,0.27556444683498643,-0.000775602412979672,-0.11439351140361975,0.5836182386102202,-0.09427894339341912,-0.1591373790025116,0.8026957267296871,-0.21792895459535966,-0.19454995574591108,0.9663752186049797,-0.3145374253671133,-0.22749202255288833,0.4614404575204554,-0.41609256030095715,-0.08342916161286433,0.5018069634649139,-0.678298130550541,-0.17775383168291378,0.48286880896533335,-0.851577855730145,-0.25419615235888765,0.4609410399274355,-0.9999969575755875,-0.30795419922932343,0.28113619903017006,-0.4566935422613106,-0.07704563481769751,0.2828723733350257,-0.6311127338337035,-0.22047492428988819,0.22317528744752435,-0.44275926552243955,-0.2773836859543417,0.20206936319233026,-0.28716502531511645,-0.2903527892321927,0.11294254515667722,-0.4618978036241577,-0.08385731722067832,0.11329960878799752,-0.6266201062723844,-0.2320173597904387,0.06755647531432829,-0.4358212779801928,-0.21744915456543865,0.050432653791568305,-0.2870102493835106,-0.17374620497581827,-0.04433283186839851,-0.44886770122036185,-0.0997116723553713,-0.04530936191139489,-0.5793801707606665,-0.2090559604500666,-0.06376460099695515,-0.4243577945255977,-0.18952414686132507,-0.057905420738976844,-0.2946756928714361,-0.15026285622109997
21,l,0.0,0.0,0.0,-0.19913954896416147,0.018440654180715197,-0.06740438165243685,-0.418902060012578,-0.11340914693552936,-0.1026892903974425,-0.5854808168868032,-0.18270790008439838,-0.14327407870983155,-0.7111109166563689,-0.19725741316947312,-0.18382395885852265,-0.3251666398013754,-0.4695714263030579,-0.017135960683993947,-0.3629971835227341,-0.70915748819994,-0.05792549960404841,-0.38991914039508285,-0.8730676516869694,-0.0872328972704324,-0.3967830473766077,-0.9999984020141813,-0.11200260273966946,-0.21026439498282004,-0.5093779244855238,-0.030534916707049622,-0.2668229542215289,-0.7579844130401275,-0.10947692804177461,-0.2924127336544197,-0.6549225363486616,-0.12859985109039937,-0.2708535851008955,-0.5364587063591449,-0.11284643497094231,-0.0807049599194068,-0.515876081539081,-0.055323299591634956,-0.13519884176526328,-0.7336617332763082,-0.12461465320989747,-0.16467695249617081,-0.6262838883756036,-0.10966270805075919,-0.14601880092990513,-0.5190808700355198,-0.07511540094678255,0.06083097558478012,-0.4927975944501468,-0.08915586442508056,0.010990880582802719,-0.6760166872073061,-0.12706720173404307,-0.037743487618712296,-0.6099810139496458,-0.10665537927291877,-0.04022306258610289,-0.5115172281983144,-0.07922020572104627
21,l,0.0,0.0,0.0,0.24675378908114026,-0.03507577124433272,-0.10242513268322787,0.509931586812254,-0.13495504855235357,-0.148122967464178,0.7059457345011834,-0.25059253381699,-0.1877692809660998,0.8596675517040461,-0.32967366519320196,-0.22589925292463958,0.4021804818815213,-0.449725774854468,-0.0661290996178635,0.43937438042095067,-0.6981516817766112,-0.14515090179893467,0.4276332303812857,-0.8574396845089896,-0.21085659101851031,0.4189945824669041,-0.9999980999690345,-0.2604998526671597,0.2523707958491564,-0.48092101186544306,-0.06548507136595785,0.2723257905372078,-0.626560808200676,-0.20004695605845793,0.21733466233958726,-0.43454384293598,-0.25654697956785844,0.18821542337418867,-0.28206087482048636,-0.2680873078556103,0.10842200190427456,-0.47516017674557043,-0.07625234349698162,0.11869412086826467,-0.6014072679730414,-0.21746962327946678,0.07776589471141998,-0.4016688719763938,-0.20988904806926437,0.05289910518213247,-0.2578954466951733,-0.1696637829821185,-0.029596760418629357,-0.4543934578748956,-0.09483209989924261,-0.016846037274535198,-0.5631935471434797,-0.20255384459358258,-0.03149852230725209,-0.4039422093157577,-0.18874746947839652,-0.0337358459333165,-0.27917773924445194,-0.15213563691763693
21,l,0.0,0.0,0.0,0.2585361707649848,-0.0030312818212989995,-0.1534668618415355,0.5405358109672916,-0.12968390072429706,-0.1916998319306352,0.7298207428690614,-0.28923179429598045,-0.20848006605938996,0.8796407581107695,-0.40604631652623435,-0.21617863699493547,0.43771920319877616,-0.43916794564382733,-0.036269782793104985,0.4173293645768707,-0.7007284633511618,-0.1055277080354404,0.37514047369801995,-0.8602884698447434,-0.15857772892964733,0.35743743834373476,-0.999998448693839,-0.1932997316205196,0.2802823792443358,-0.46669146307832526,0.0066501989170199656,0.24641705370821163,-0.628999762099545,-0.09990134827875821,0.19747816775277435,-0.42424926418771697,-0.15290018976631875,0.18620972918045806,-0.28260584108753506,-0.16358500048438707,0.13825961826562294,-0.445119643688288,0.028823137948688602,0.09748817041149856,-0.5705476554338788,-0.10837076568392173,0.06533996713576645,-0.36307956339189523,-0.12385342617059017,0.07722593356226161,-0.2375080458845787,-0.09720268636813449,0.025814069773476504,-0.4082599298868755,0.04154797911776224,0.0018193423761058817,-0.515717636043472,-0.07169204644402219,-0.038545120548742734,-0.3673014252312232,-0.07527165180665106,-0.02875080607843233,-0.25923446684266077,-0.04889420402545875
21,l,0.0,0.0,0.0,0.20946866709718212,0.06812643431612136,-0.15287759927150837,0.48905236283693093,-0.0447416425710126,-0.2206634756810132,0.6864616913354128,-0.17675624199348403,-0.2694373137183582,0.8462328441388443,-0.25759563884664455,-0.31652148544142483,0.386431513298134,-0.4002571587314761,-0.1485964662618287,0.4280584556000994,-0.6806281092175644,-0.2495118162882643,0.42216679920290245,-0.8634643915294998,-0.3124231203533883,0.4074784347491826,-0.9999984522244183,-0.35957364620738647,0.212404808561338,-0.44586534888933665,-0.13007519937110554,0.22153635473842567,-0.558990354875733,-0.3025584728882258,0.14736659744012087,-0.3462060108334738,-0.3517710046775519,0.10760458215488407,-0.1786045631797396,-0.3480431571819436,0.05048165544687651,-0.4363565735966713,-0.12668584558513138,0.07163231721107427,-0.5215286161294579,-0.311393558864064,0.025284498751216827,-0.30347616462426186,-0.30931559288055926,0.012417793900382067,-0.14941640270278186,-0.2636143870083966,-0.09798076535888652,-0.4027764477234535,-0.1322769133871141,-0.08598171515026458,-0.46232781569255926,-0.28535446349977117,-0.109974326417991,-0.28598173771175767,-0.2899966003448372,-0.10285346954733912,-0.16221211762834467,-0.2593653009451644
21,l,0.0,0.0,0.0,-0.26176864012095125,-0.0918476627958149,-0.08328434469975418,-0.5192643093785098,-0.26081082655594445,-0.1561982649639219,-0.7454695315734089,-0.3599555639376771,-0.23635670252919955,-0.9361453872083205,-0.40321088108801273,-0.3205194808723714,-0.3100043975782269,-0.5083303967119962,-0.09249954319881173,-0.35760411736825326,-0.7465894220316402,-0.18952068925027857,-0.3868850106975779,-0.8828692190913009,-0.24771980032567353,-0.4024557587550843,-0.9999984042259118,-0.29370854808486374,-0.13268171856473912,-0.5114695426894245,-0.11931247935754218,-0.20268619095437276,-0.5983939296224472,-0.2906829938502369,-0.2155350649420662,-0.4052323718225797,-0.32286650456882876,-0.19547063039280568,-0.2831065767379254,-0.30530948230827903,0.0391200735999647,-0.4771017747553204,-0.15789542357038783,-0.04754693066107115,-0.5260274528375987,-0.31105370046298514,-0.07079269493315016,-0.3466155132618312,-0.2728757463626622,-0.057564880603551354,-0.24801474169720622,-0.20999763992977089,0.20727142616075633,-0.420258726043014,-0.2037333299604216,0.10738925793796139,-0.4818250226213688,-0.2861559931379124,0.054365193580033125,-0.3554894133969726,-0.23976500172763845,0.06452686311503818,-0.2826988163850769,-0.18604579727902928
21,l,0.0,0.0,0.0,0.22422432073059673,-0.04719535410222712,-0.09973554155894972,0.45437942268748394,-0.16358241573917648,-0.15193289095035864,0.6291945756689986,-0.2868028170567649,-0.19871317481805045,0.7825564010742277,-0.34602958778563864,-0.24223105124685732,0.3115685389183296,-0.48014571409543505,-0.07995537572724801,0.31563520626790015,-0.7214151628736147,-0.16302539144814263,0.2946752646258053,-0.8704035208361549,-0.2304790375998186,0.27233317627317666,-0.9999973392342048,-0.28187261277466713,0.1631083782729934,-0.49288319121035434,-0.07723318901319669,0.16277770978286568,-0.6058165513079699,-0.20040711733270467,0.14722677510685983,-0.4300807601560997,-0.24615882990087423,0.15318768919316197,-0.3119195074404651,-0.2581728210117641,0.02435639074740658,-0.4744418808832322,-0.08536254399414879,0.02720109132650522,-0.5859115769542824,-0.2097597227043167,0.020208364675804585,-0.41193427607509137,-0.18897074539428788,0.02450737223546489,-0.29114543796644204,-0.14917866824829495,-0.11065452291073541,-0.44084897557225844,-0.10261908775593837,-0.1061009719809768,-0.5289507972982839,-0.19485208494105927,-0.09405448892432439,-0.3915408322012153,-0.17504603359491006,-0.07545918382314278,-0.2894118469517725,-0.13990097871746185
21,l,0.0,0.0,0.0,0.14949897506113255,-0.03243164439198459,-0.05876410746012605,0.33076271437154325,-0.17249457905851473,-0.09479838632120383,0.48652976403606557,-0.2573138070594349,-0.13091351709355498,0.6112323591351586,-0.23268215133957093,-0.16646964748976517,0.24968695347352998,-0.46690391480851956,-0.07399149065024467,0.3176356677317757,-0.7098839329434479,-0.13514016223914796,0.349210475206758,-0.8632238838756812,-0.17469976530053066,0.37418433823371194,-0.9999976082958102,-0.20730295883568098,0.15656529578660106,-0.4850865202214526,-0.08538050408354396,0.24173728028883099,-0.6161740151220858,-0.18859631507204497,0.2171597248285132,-0.414723965002032,-0.2168705077663344,0.18515967078112963,-0.27883373559781216,-0.21587392966508928,0.05750543965066942,-0.471932316534403,-0.10182613655530616,0.13516425951821467,-0.5755606865509058,-0.20273702879491032,0.11871571354433265,-0.3720507637027553,-0.18427574289480902,0.0876801979846685,-0.246699179324126,-0.14642295312727108,-0.04749254365592562,-0.4493150579621475,-0.12279982354028125,0.02830726584373535,-0.53692112647392,-0.19471835817774663,0.03757965117125205,-0.38848662213223784,-0.1795391012313597,0.020100776802455433,-0.28607262118278176,-0.15214157865198916
21,l,0.0,0.0,0.0,-0.2045364145142668,-0.0683582133321735,-0.08417118418023714,-0.40210799076983134,-0.21881125463542683,-0.16359356997600566,-0.5961722090573557,-0.30758656772266096,-0.24839118867382173,-0.7490208399380387,-0.3365403075332366,-0.33868545337244466,-0.21131257408430107,-0.4988624223187754,-0.1282705641225933,-0.15428838278617435,-0.7339832240234385,-0.23314385979751784,-0.1029679809944509,-0.8823380776983161,-0.2902474271367651,-0.06116393775753159,-0.9999983094776425,-0.33240839805589223,-0.050992821328781066,-0.5036595968712186,-0.145661260230494,-0.13291373238843715,-0.5455431924844816,-0.2917999832035188,-0.18056525314780275,-0.34136856746642963,-0.29564399030311567,-0.17126175639797117,-0.2546599031933907,-0.2658418765436801,0.09908810227233561,-0.4625847753538669,-0.17466667885679762,-0.0121379091252047,-0.4411706762476578,-0.3035541868833576,-0.05510526101935868,-0.2684659435286881,-0.2472518364161763,-0.045001151975368754,-0.21498498182112002,-0.18133820866269537,0.23108781362744443,-0.39414569972654995,-0.21342426661262115,0.11421736212143166,-0.37687895468508326,-0.2835550016069354,0.06177587136302194,-0.24843537058256224,-0.2340130413026981,0.07421294578951115,-0.208727902766265,-0.18040805295645757
21,l,0.0,0.0,0.0,0.16590300376933007,0.031462374321946956,-0.19614016214188917,0.35616546371073915,-0.027306081973579397,-0.325257091143117,0.5405262835889312,-0.049483737581163936,-0.4371382214308092,0.6925714667748349,-0.08223017861219784,-0.5514714588213723,0.3036108752413543,-0.35439263219658806,-0.26006473936804403,0.3264138294361162,-0.6501763153009583,-0.42266901277212204,0.31313662518946894,-0.8435168764580114,-0.5203845840150364,0.2934994505884911,-0.9999985855777994,-0.5866314579760419,0.1344534018265064,-0.38008391450200046,-0.24434259403981623,0.14728201314038156,-0.510109094548706,-0.49302471472871345,0.1077691618886584,-0.27833315667052444,-0.5576581379196771,0.08309503307580288,-0.08991754902788844,-0.5484788018713483,-0.024335049546625624,-0.3559925939853775,-0.24511070721600237,-0.01871402244652302,-0.43982458912128697,-0.48337870208212125,-0.039412906331256825,-0.2025255035632148,-0.46528757549799,-0.04010978082520421,-0.03751791523063955,-0.392116133011112,-0.1699909659970414,-0.30472316820480644,-0.25891944055359023,-0.18418575819337693,-0.36543041263695364,-0.43857403917898463,-0.1812280461354098,-0.18675629433633636,-0.4256436703627874,-0.1630500420814004,-0.06082502009970644,-0.3722864453558238
21,l,0.0,0.0,0.0,0.23432709566756335,-0.045978748548823944,-0.12120136177586954,0.46014202543990723,-0.16677504806512247,-0.15632487992697644,0.6307394022376864,-0.30048030597087555,-0.17384023191167172,0.7532582110985416,-0.40803964552778,-0.1790335967837464,0.36898504940680626,-0.4679315616235977,-0.05384194293702629,0.32964895401620214,-0.7130907267371509,-0.1375350542303371,0.2766334453140379,-0.863275918814206,-0.2030929448912642,0.24476814490905663,-0.9999986548635572,-0.2444762038325061,0.21430761485531252,-0.47011524550501393,-0.025870593827020647,0.16798178275814626,-0.6215939231180835,-0.1270533054540258,0.1452448839038613,-0.413344996758401,-0.17078178363797353,0.1543666308150306,-0.28551089479582414,-0.18260355031675088,0.07661919439893677,-0.4378828174567295,-0.014744690476463967,0.04142184382404156,-0.5655358811536199,-0.14015677174098057,0.039170691518987055,-0.353534138982605,-0.14365091850684303,0.06851207957468637,-0.23351466841060967,-0.11709521868061451,-0.031958986504828306,-0.39120332734807384,-0.011056519376892199,-0.052137898048397864,-0.49664801488660726,-0.11043813377402284,-0.056327915659016625,-0.34441126960211793,-0.10445243585019275,-0.02555521887035202,-0.24261420646456233,-0.07678891392854856
21,l,0.0,0.0,0.0,-0.2536060353041699,-0.04411260438505947,-0.07306128843474695,-0.4877601922960864,-0.19239754242988058,-0.1413763343125774,-0.6682462254507249,-0.3061004391648816,-0.21157558023350836,-0.8104459155582397,-0.3713337383586043,-0.2828921503675956,-0.3200689238945273,-0.49794411434764996,-0.1259411746049956,-0.36369708700300074,-0.7300322581848576,-0.2323931526279584,-0.387969679793098,-0.8753272836210442,-0.2972715166824228,-0.4128859006265203,-0.9999982769607936,-0.3457271211933991,-0.15560496178632358,-0.5231293608168613,-0.13573526880504308,-0.2593884689306825,-0.5335128568584028,-0.24766242431942706,-0.24321694205050762,-0.3338050986458737,-0.24493088210332406,-0.194660253942652,-0.2770173249850688,-0.22790762899524017,0.008860386787267832,-0.506434622979814,-0.1567078043818566,-0.11523365722419211,-0.5046273396716262,-0.25130343647930947,-0.10738713608934256,-0.3198980291978474,-0.19295192242578504,-0.06019863256632448,-0.2750652844202882,-0.14432397256452872,0.16201536153233695,-0.4620313743690309,-0.1871576781681918,0.04478694006919424,-0.4718412845446125,-0.25101302333115044,0.02218344620364135,-0.33096058517595583,-0.2089506161252657,0.06350761194113107,-0.28772504852505887,-0.16758934960101177
21,l,0.0,0.0,0.0,-0.30280120901146385,0.01935668604492946,-0.13127174876753858,-0.642454380467254,-0.1637994693178211,-0.17602609022182053,-0.8421391329760577,-0.33963302170400983,-0.20975981497411436,-0.9999982926427375,-0.4233210468334316,-0.24105036960223084,-0.402439798003541,-0.4343492705755489,-0.1023754591368824,-0.4160601143092885,-0.641822512746019,-0.21655252018542073,-0.42486789646505885,-0.7847318286719254,-0.29480578581222205,-0.4316312929465028,-0.9079775819039436,-0.35190575551849157,-0.19649050801949328,-0.42880931003301437,-0.10883484751041975,-0.15430476380590055,-0.5800377766340161,-0.3234470551469074,-0.17443894532356896,-0.3901851870962434,-0.3808852710020665,-0.20320587074921828,-0.24351015733192125,-0.3560958607829793,-0.006674757926894796,-0.3867906662862066,-0.1287876812620645,0.03329268179523668,-0.4748187240629973,-0.3609813360167373,-0.008602621046733412,-0.28092264923486626,-0.33307230153810236,-0.05232524178248635,-0.1641788545432623,-0.2413691783643019,0.1542156164192357,-0.3273162315121777,-0.15270857866372284,0.17547808227018385,-0.3941373879050511,-0.3103964018362548,0.1441952873318313,-0.24980715829614494,-0.26455841334603997,0.11260698959123233,-0.162798291247035,-0.18412579432623172
21,l,0.0,0.0,0.0,0.2532627421944538,0.004059382017814635,-0.08223907679189595,0.5141000873232316,-0.13186189544131244,-0.10205520534932702,0.6762633843980008,-0.29221192015762937,-0.11855061196447339,0.7956201388090592,-0.4062919064973119,-0.13224933200010655,0.4097237093109288,-0.4448362525202855,-0.040228017803150384,0.4386425829595306,-0.7044057820135862,-0.11092666328559199,0.42633726665603805,-0.8607528340863263,-0.16876654088381038,0.4097908823113463,-0.9999983279288762,-0.21275984808123327,0.2642765230195918,-0.4743053667257201,-0.04276751725226301,0.2881787495628263,-0.6231714992771815,-0.14984975440476261,0.2497555939975793,-0.4373054017331178,-0.1934025128607601,0.2267857167405557,-0.30602653604320396,-0.20521332525502156,0.12087791391457928,-0.46477776361901896,-0.0576681599722497,0.1268529224027584,-0.5877012648237616,-0.18082231297896395,0.10789448916176776,-0.39036512830038855,-0.17427176193768948,0.09557781125286334,-0.26465683781127336,-0.14394442295503593,-0.01914485326663011,-0.43927992915785435,-0.07890055873850284,-0.013931869646689224,-0.5440894434606833,-0.1770761101261153,-0.01988664650417877,-0.3947478177564146,-0.1697107002598573,-0.01423783568716677,-0.28697910355982037,-0.1457359811926188
21,l,0.0,0.0,0.0,-0.27278865258905993,-0.10476316027389845,-0.13196635992606398,-0.4801850011841126,-0.3031706199609274,-0.21764920138487442,-0.6389650169088321,-0.45156701667014615,-0.3042632419247366,-0.7930876122519127,-0.5495133657424548,-0.3889764788906966,-0.2020973211064279,-0.5195321385023184,-0.12233510545588426,-0.17407033405445582,-0.7479317655707263,-0.2577852929644896,-0.1489950706568748,-0.8818919564057828,-0.34235499803536695,-0.12708959826685448,-0.999998457604095,-0.40328531026324976,0.0024202534315102575,-0.49040171409519545,-0.14242913408114274,0.05708363445617827,-0.5941929945107329,-0.3599602134784296,-0.006421495173499961,-0.4127274007782358,-0.40878075465745917,-0.05705605426817199,-0.3136112839986212,-0.39109298251829777,0.19380018928058151,-0.4294151612672698,-0.181668398389009,0.24069542648536338,-0.5147000895636198,-0.38047456416890363,0.15270074471739734,-0.35879167704713316,-0.3345939101469124,0.09303606433363225,-0.29038499640498056,-0.25305501491953414,0.36396020427950826,-0.34647914564945387,-0.2322316282224498,0.41914181703681413,-0.4432257565434897,-0.34269857822745503,0.3119136314928752,-0.3452752704429802,-0.2845043815342243,0.23168001462987367,-0.2936186815147558,-0.21439018846911345
21,l,0.0,0.0,0.0,0.22660771153164694,0.009524109290265224,-0.1484308906079093,0.4740964004695469,-0.07697021300207216,-0.214569791044049,0.6532040214675208,-0.22350868536404186,-0.2596229357245777,0.756138372656459,-0.3712529010677626,-0.29810493379191133,0.4151914173415209,-0.418704638188287,-0.15136826177624998,0.4255136539900425,-0.6832813575459353,-0.26129510858908156,0.3803057783874384,-0.8532699853327854,-0.33870775532146313,0.33676586528411173,-0.9999977925560362,-0.3891300366832265,0.24453584138800383,-0.45647490361820425,-0.12842541424432005,0.1833518665071985,-0.5835021487986372,-0.27306883575597535,0.1270537573239688,-0.3857399783688145,-0.32291411616757154,0.1156672192905253,-0.2448361588451783,-0.3328935369849133,0.0854298235465455,-0.45171916452091143,-0.1200080635961342,0.021718445364594875,-0.527939932512659,-0.2692937499282052,-0.0005729386055930693,-0.3332838274548046,-0.25831908758370037,0.010910437828060924,-0.21441600693558388,-0.21971743948893271,-0.05446456091402721,-0.4292918646982542,-0.12262336649475315,-0.08606552290879671,-0.5086669856881619,-0.2380197820015377,-0.10170104311234468,-0.3477118280687716,-0.222398044165411,-0.08591125249541794,-0.23914085043279992,-0.1848769139403831
21,l,0.0,0.0,0.0,-0.270814179856275,-0.10745513876411354,-0.06939556313607771,-0.48672582203425796,-0.31811877618132445,-0.11449324346003546,-0.6450911574017358,-0.461851739584329,-0.1675503264294384,-0.7985879010846977,-0.5395011043998132,-0.2241567852549119,-0.23091763741497343,-0.5363959150493259,-0.05868574927998525,-0.26414025499346566,-0.7536146506541764,-0.16981700066853303,-0.2877149788324593,-0.8861144449143039,-0.24258426048804052,-0.2987574010818491,-0.9999984822376886,-0.29926569274864684,-0.03333289524657898,-0.5121179109874394,-0.10015066700418174,-0.054698537562184096,-0.6380643259079122,-0.28569667704349155,-0.11265121622260352,-0.45040430247027596,-0.3206542681149985,-0.12237211576862057,-0.3322484303430431,-0.29620039876454696,0.15964452013101102,-0.4531880220147368,-0.1559624978829308,0.11976362825294079,-0.5485542767365207,-0.3253014676557695,0.03677972825049504,-0.37849729214260236,-0.2722358356792835,0.017979692716629494,-0.2889283045784639,-0.19116306847188852,0.34568321759042664,-0.3682702370978606,-0.21832747062891553,0.30887146448800157,-0.48266843613295257,-0.3159999217852374,0.2007379235639351,-0.37006254321774157,-0.2558157487283626,0.16489750050437102,-0.29850084040367514,-0.1874124064702125
21,l,0.0,0.0,0.0,-0.20214582321945856,-0.013403546702229612,-0.07339176700951618,-0.4175215970263355,-0.14316346456271054,-0.1315217866185712,-0.5931178906421145,-0.21277709558246882,-0.19358655632337218,-0.7342507374934147,-0.22349178941941583,-0.2577934454775149,-0.3393978832409657,-0.5002437209399114,-0.059236322203882585,-0.3920205462453788,-0.7283575069161762,-0.12293920661965753,-0.43043255978722433,-0.8776578622779155,-0.1602054411136736,-0.4489581849891701,-0.9999983338332293,-0.1909286265074313,-0.21021585771005374,-0.5223512556790162,-0.07566098627446831,-0.2599560108561168,-0.6920818279417,-0.16666655840917266,-0.2603854824799733,-0.5092331295911845,-0.16741507992910779,-0.23163883980648475,-0.4135714909241521,-0.14108351375390762,-0.06810251060616124,-0.5049085206577921,-0.1041959779926169,-0.12002115595731533,-0.6544334684758505,-0.1858597291973498,-0.1279587092023967,-0.4819054961204878,-0.13514771587992364,-0.1078446497565446,-0.39822084729572743,-0.07947061657321894,0.07826116059480843,-0.4526227711656772,-0.14186667008221826,0.027101253411364747,-0.589029642551543,-0.1885904045247891,-0.007106913711739751,-0.4701741030699367,-0.14145390758096874,-0.0032438042895189556,-0.3927227762956249,-0.09478203845359252
21,l,0.0,0.0,0.0,-0.2338757897990943,-0.015312242067578337,-0.057773544807401433,-0.47037097790811006,-0.171084979182479,-0.08093299840943087,-0.6261799833775582,-0.28815963921757864,-0.11294185335433649,-0.7497117480784493,-0.35057228150188385,-0.14197015691696313,-0.337080942332725,-0.4798189099899689,-0.023540163262710162,-0.4432942333481043,-0.7258842108078652,-0.09990252463012404,-0.529013331820424,-0.8810893610352163,-0.1489608565337549,-0.5824612342499446,-0.9999982738098774,-0.18529347809106006,-0.19523949753321035,-0.4968874664181875,-0.04583285463552908,-0.3254038954470079,-0.7048786087434488,-0.16931320379940165,-0.3885319503164403,-0.5600935882777275,-0.1904558153606247,-0.36237863407434584,-0.43203609881852933,-0.1682551581527497,-0.040738776495673215,-0.4949357659432616,-0.08277599027910403,-0.1500948104604231,-0.7117631141036806,-0.19040476958076688,-0.2348024076744268,-0.5748540369114385,-0.1571695298074107,-0.21656446689554293,-0.45328642224831095,-0.10079790927885422,0.13364446228269702,-0.4723600785160232,-0.1287667524717792,0.03942128350282036,-0.6483457612316982,-0.1967257778891748,-0.06939329736744393,-0.575034504128109,-0.17217351658357263,-0.08810282964439427,-0.47846741219944816,-0.13422070274524803
21,l,0.0,0.0,0.0,0.2514610624628946,0.03655209021262921,-0.10330614517394349,0.5411826930380699,-0.10830867388614313,-0.13549631486091618,0.7222506371119399,-0.27088711549387273,-0.15700151680037996,0.8278172285397739,-0.4114805751934797,-0.17580787803326425,0.4438535081469004,-0.4156847125945575,-0.09807871136189011,0.4644488160970971,-0.6867181257225747,-0.1895652560628536,0.4418402520409173,-0.8546467711172671,-0.2578577646325755,0.42605403091108424,-0.9999982823883776,-0.30656115820016216,0.2824913639796555,-0.4550278217729285,-0.0934741046628681,0.29561986181880356,-0.6000883246290246,-0.20930139813975135,0.24379548618201305,-0.4037831082806625,-0.25103245275494107,0.21032511621724806,-0.2660573483921256,-0.26370380887899936,0.12864660447298149,-0.450313946149034,-0.10117173154073313,0.12868156643383544,-0.5696561644191138,-0.232923718291454,0.09928592854505483,-0.3618978601565674,-0.2223443210769117,0.08348373650484626,-0.22936725313343154,-0.19145771936191847,-0.007169300716490393,-0.4272219549211048,-0.11593207762301964,-0.004311736290850937,-0.5195429285003706,-0.22512039290858407,-0.023129051930210674,-0.3581006738371719,-0.21606990322959996,-0.02195048064660644,-0.24117313436270443,-0.19022877828405316
21,l,0.0,0.0,0.0,-0.2260849008298365,-0.0902154290136288,-0.04842274128056165,-0.4044347499366743,-0.2807964614475036,-0.10246150528263968,-0.5734671825905282,-0.4175128187460306,-0.17422602265782214,-0.7266851159634287,-0.5061200560959088,-0.2457994233038389,-0.16948092182722652,-0.5010069442899673,-0.04815184591800654,-0.1585454483853757,-0.7233401002899927,-0.18848285414880067,-0.16493621557374188,-0.8761543215719662,-0.2644937115551074,-0.16156304062278937,-0.9999983930806758,-0.3124254951013004,-0.02602645169436735,-0.47741919138637956,-0.08922396301387811,-0.17396370640413125,-0.616065512773205,-0.26360338990831944,-0.2655655967160312,-0.4312150848736718,-0.258510511596852,-0.2066305754802221,-0.35074583083616667,-0.20687257443206533,0.13455374394122233,-0.4287394629485974,-0.14902338547308086,-0.016246179089686123,-0.5382742156055152,-0.30810457848018846,-0.10670134508162814,-0.373976564328383,-0.21993280424333497,-0.04066621104762961,-0.31518822994127016,-0.11698972899417373,0.29717797747300934,-0.3576651591571023,-0.21624803347748137,0.1650279247853819,-0.45592609603262024,-0.2958796208437589,0.059332747085767384,-0.348545001316518,-0.21736619145553684,0.09821869795924303,-0.2935561580171822,-0.13532680627435992
21,l,0.0,0.0,0.0,0.2801791503052582,-0.03434419830849868,-0.07030430444222378,0.5127348804532782,-0.09403073969711995,-0.11148292096715058,0.7075593194892399,-0.17330125152517345,-0.15438095409688946,0.8538084586434919,-0.22588873882024238,-0.19222181816083517,0.39583794445821824,-0.4646479785173547,-0.04253625869500933,0.4555123015673231,-0.7204545311801854,-0.12477134092015997,0.4768525879833474,-0.8608301630974172,-0.20576726309445903,0.4866870812793541,-0.9999977031652894,-0.2692102589286108,0.2507141398840261,-0.4935509377076336,-0.054248752469815545,0.31161623428193574,-0.6290837292231228,-0.16518584311517215,0.283116656884862,-0.4230235362957527,-0.21972437239331888,0.2558326324970766,-0.29833372678478726,-0.24773871770375042,0.10235492994115346,-0.48307998693441306,-0.07501396057232779,0.1720954185590948,-0.6191418362947491,-0.18671705650670936,0.1535842123251794,-0.42176841860354,-0.16403620842708797,0.12129340737024726,-0.29507805991758507,-0.13000762916249642,-0.04390926843497281,-0.4506554287088339,-0.10341978575685813,0.012902467497848527,-0.5623478291731343,-0.1798647511861175,0.02686688394186783,-0.4189639123334895,-0.15050905702549092,0.019469246549153624,-0.3157909243895201,-0.11579252801252675
21,l,0.0,0.0,0.0,0.21837499379943853,0.06436349838568176,-0.19348101373699905,0.5048183833209775,0.005806032599530832,-0.2783566827220343,0.7293724590622146,-0.09836474809314487,-0.3315156304977676,0.8628551931003429,-0.23425911581461262,-0.3719940904222262,0.39895639374358566,-0.3799887602307189,-0.216286017947608,0.42874541456907683,-0.664251581042127,-0.337305908667307,0.42282984005632124,-0.8333542643946467,-0.40211963365230113,0.42985592683425483,-0.999997389476791,-0.4463502153033258,0.22814429638724854,-0.4488411430689886,-0.16941573292672507,0.19200262259126247,-0.5594064329461612,-0.3124020837333007,0.13661860470315065,-0.3213687435225277,-0.3268546143100875,0.1446607549659676,-0.20413633447226462,-0.31620899586639273,0.07400746573044836,-0.46937044904219705,-0.1423013377909066,0.04286574231600873,-0.5478102388765725,-0.3019282469262539,0.007130260515013149,-0.31848284314670366,-0.2603474631502302,0.017791458339477265,-0.20622587758688915,-0.20397323071236925,-0.05958364322609052,-0.47073318778654744,-0.12990007289883906,-0.07735518485407236,-0.5253946802853705,-0.26409797053397,-0.10276875312291442,-0.3435961047500289,-0.24841153744031877,-0.09284867480511175,-0.24233705391839785,-0.2109004341297143
21,l,0.0,0.0,0.0,0.25104421318694836,-0.043349975093148606,-0.07240346936350729,0.4903017688417136,-0.10866132307156938,-0.11325537459741393,0.6805704562931203,-0.19604312467053378,-0.15462391265693978,0.8240220794349044,-0.2622806261817416,-0.19621920471534168,0.3546675553645074,-0.4480677735786498,-0.031126506275543177,0.3880785327644553,-0.7047759232635509,-0.09497332234439353,0.3847027099146522,-0.858468226558097,-0.1607766308933699,0.37157158391163814,-0.9999978342354354,-0.21021936209095624,0.2171814220906098,-0.4765929667554572,-0.03570642674540527,0.26155791790195787,-0.6329962813179746,-0.11084836940229983,0.2538102166362517,-0.4553095080492123,-0.16073338586814395,0.24033377587956764,-0.3267177146576465,-0.18679593622036747,0.07750644509214107,-0.4639539304126263,-0.04893730272405016,0.1277148230068716,-0.5829299019935382,-0.13480107081390502,0.11523701960883834,-0.41272884259138937,-0.13073826523874,0.0941166656469904,-0.2960879732830516,-0.11092712214320107,-0.052846324453514,-0.42353002990693084,-0.06803435023839288,-0.0056827835835735595,-0.5503697543287076,-0.12887724462330707,0.01567199714188734,-0.4182072772945668,-0.10421448571541717,0.013359485554132654,-0.3035761398525883,-0.07292175614997938
21,l,0.0,0.0,0.0,0.2671614918590577,-0.04113053241425623,-0.08075427342547743,0.49655669833991517,-0.13675833631430392,-0.11316851208617824,0.6717596638485841,-0.2615975513871678,-0.1402444258616579,0.807513113632775,-0.33784939022476995,-0.1619008402518668,0.384404629793114,-0.4817658970138607,-0.045257443590596254,0.42572474202043953,-0.7236746198865956,-0.11193378131787732,0.42559845007909847,-0.8655007538146942,-0.1737883743178658,0.41745968653527443,-0.9999980954362436,-0.222880776417434,0.23692765518539835,-0.5072003561144454,-0.044857598337773516,0.27942997350452203,-0.6477206597492892,-0.1437929172310141,0.23891268070116406,-0.4433157052980343,-0.18481952131062068,0.2136495813178417,-0.30568200973907356,-0.19793038439493552,0.09061597206340465,-0.4868132608753485,-0.053850748149928296,0.1369359396781044,-0.6123450666305689,-0.16327400259699384,0.11063350018786265,-0.41954966207330513,-0.14379626609597548,0.08936815092253214,-0.29519631622196,-0.10783725387362987,-0.04617261755639805,-0.4341923754555579,-0.06937542627107318,-0.009226066208241492,-0.5449624979817611,-0.1490067168430624,-0.0005138237298830231,-0.39798910184756353,-0.12365343933758026,0.007019930464388589,-0.2942930308491505,-0.08879049216996426
21,l,0.0,0.0,0.0,-0.20534754217716272,-0.016301086899761216,-0.06274327861415009,-0.43599914090686803,-0.1567904271765937,-0.11372454691018068,-0.5950180400932471,-0.26760922713897317,-0.17036938426434475,-0.7156647160556664,-0.3392998827559353,-0.22864807385724864,-0.2862639245057757,-0.4790351047534909,-0.06928059646083011,-0.2924595507344231,-0.7191992942006752,-0.15712522838121898,-0.2874083050924269,-0.8734656097622164,-0.20688169739876125,-0.28795164991085953,-0.9999982207839598,-0.24067690201143158,-0.14362511912649312,-0.4795743136398618,-0.09101332207464123,-0.18101585385731447,-0.5869187715959794,-0.21846924016061456,-0.1608408833091629,-0.37893929193392106,-0.22571580407493888,-0.13595216978021585,-0.2875557669778627,-0.19788428209063985,0.005196321412781044,-0.4625669898281551,-0.1249738314078604,-0.03373069997993652,-0.5531063074206664,-0.24410938096175977,-0.028131920562675702,-0.36394272042628256,-0.18805912361006374,-0.014461074355169337,-0.2965571458875434,-0.11946873350303894,0.15333056093254827,-0.42773130666569503,-0.16505586485361887,0.10761292236674753,-0.53623414374775,-0.2288286762239493,0.08923273423435764,-0.3957931090364092,-0.17235533423223434,0.09874887761142823,-0.3362383385843078,-0.1135264596255647
21,l,0.0,0.0,0.0,-0.2171000298966117,0.03753125773206145,-0.10230329722187154,-0.4663665858404336,-0.026009488032853502,-0.18872504228991627,-0.6593476008615262,-0.06985827781200861,-0.272962486322854,-0.8160966152557809,-0.07414753401975663,-0.3628169555873184,-0.4588923858269214,-0.44245049309614376,-0.15402229983565108,-0.5733557135914898,-0.686559553206664,-0.27961678401522305,-0.6488497488177857,-0.8562232553191528,-0.36786229469229365,-0.698417674906733,-0.9999980171995184,-0.4302188946832706,-0.30196686345189155,-0.4903614482996124,-0.1629955324334647,-0.3846822733164916,-0.6168045683141046,-0.32450305307742766,-0.3390438805250249,-0.3892144569795347,-0.3465587800685361,-0.2840628559007862,-0.22898882037539592,-0.3238170533623897,-0.12470983173458058,-0.49064993573253646,-0.18342028904513427,-0.201290067646721,-0.5806162367190019,-0.331191328703826,-0.1761156095021612,-0.3564869109224554,-0.2809629011233775,-0.14956129268365434,-0.21387673534443868,-0.20919278837464036,0.05397078678047179,-0.46041707913792235,-0.21216593146728333,-0.02370785232773426,-0.5639606080101648,-0.30984952242571884,-0.04595967631723648,-0.39441916736812244,-0.26076446709837303,-0.046937058976098414,-0.2754985255794938,-0.19976267074825022
21,l,0.0,0.0,0.0,-0.31309507420699756,-0.06816577301886569,-0.1563870531908708,-0.5810274938836565,-0.25485713127058424,-0.25199111174680183,-0.7578679552391479,-0.40099693999797964,-0.33562268271445755,-0.9345215446398046,-0.495379013572146,-0.41816439881299217,-0.3629274677532768,-0.4824682740419638,-0.18668101620641692,-0.34693235894446506,-0.7115008125179965,-0.3395221317960889,-0.320174843483827,-0.8701794851064172,-0.4408623234475712,-0.2858404151556717,-0.9999983926218146,-0.5091731006723544,-0.15212871715944326,-0.45574376416371004,-0.19073356520285256,-0.025912016869807424,-0.5743398155963992,-0.43079389629066633,-0.06282404226172558,-0.3993612235740418,-0.4836327678572923,-0.12091482533009183,-0.255809071667014,-0.4527881649025422,0.052648646359589824,-0.39803438958147375,-0.20883044458802089,0.14722702889835812,-0.47072609500043444,-0.44647643409068655,0.0741922378755714,-0.30258061660367774,-0.407480122937463,-0.009342639669671193,-0.1874465106475176,-0.30987751409348085,0.22748798260837533,-0.3295834943182667,-0.23480842471899394,0.2826205265844949,-0.40669286999481385,-0.396053125651082,0.20580575806565926,-0.27710375606243154,-0.34123451793643605,0.13965912190818228,-0.18084884323007172,-0.25318348032608595
21,l,0.0,0.0,0.0,0.2162318379329741,0.0618986087038033,-0.18533213091132594,0.47994394500087995,-0.03704059206621388,-0.27459093380450794,0.6739243813162143,-0.1596486680660785,-0.3410310510629801,0.8403162718579551,-0.24814505224801575,-0.4057039871358628,0.35204880211686085,-0.38600824662547883,-0.16809597581628613,0.3943126629330329,-0.669294365447185,-0.28778208951805934,0.3974576861438217,-0.8581492457077671,-0.362467766785922,0.38520402579532115,-0.99999869944705,-0.41375522640054296,0.1876153902645527,-0.42461983867665354,-0.1376231807364438,0.2086552087249367,-0.5674504503558184,-0.3370832798829689,0.15328443596476107,-0.35625095188419315,-0.3977647240617617,0.11705457632441875,-0.18295366912591676,-0.3904837523067313,0.03517091138737888,-0.4128445480561305,-0.12582180497356715,0.053749850541408684,-0.5116024706526142,-0.32846277986680544,0.016652282012698697,-0.28795640580946574,-0.32925281472058654,0.010444948360486225,-0.13531809068131023,-0.27455523630657674,-0.10510537183503858,-0.37415396414742724,-0.1254128341272898,-0.09187160005311001,-0.45069505859875175,-0.2797659469790868,-0.10226829283821687,-0.2771673118636033,-0.27887430410052094,-0.09042598704513893,-0.15608364693174695,-0.2393381623567265
21,l,0.0,0.0,0.0,0.2503700176117225,-0.06616133879298475,-0.09220748546868696,0.4737440156177311,-0.14376910412458085,-0.14206385240857033,0.6578217600882824,-0.25677835776907315,-0.18791324095916098,0.8026011244794384,-0.32167782057881134,-0.22979535293630254,0.3328711124407955,-0.4984137480512004,-0.05227126562336936,0.38907703578774167,-0.7370631668522971,-0.11603715709862392,0.40574033029440654,-0.8695416517557286,-0.17657384413643226,0.40922619149687733,-0.9999974516080727,-0.22641473667176637,0.19316856790977202,-0.5165115483400838,-0.047680123715590966,0.22932786534459626,-0.657063343382372,-0.14422492420512698,0.21894334371105584,-0.4588722584308859,-0.18449189758081103,0.2093160236154612,-0.340173436480108,-0.2008888804332325,0.06015673819187475,-0.49451116018486724,-0.053311800660562736,0.10685609875970911,-0.6361559228633217,-0.15626892857733327,0.1115346473194417,-0.44362881174286656,-0.13367808271331427,0.0924039542606423,-0.3241180297477378,-0.09936844180361694,-0.07500996406725968,-0.4562806849023681,-0.06762882892481495,-0.01695918790604667,-0.5892009213349331,-0.1470866542552762,0.013227027346749583,-0.4451009117839902,-0.12424936663193509,0.013084624850897198,-0.3358990831646028,-0.09204461498743073
21,l,0.0,0.0,0.0,-0.25375777842546005,-0.07781220417899908,-0.0809015678049044,-0.48587625233585485,-0.25191106014030384,-0.14226919602321586,-0.6691005560767231,-0.36935745086367366,-0.2102087175304291,-0.8249493441088465,-0.41134946316401527,-0.2811465354228604,-0.2907014319757515,-0.5103234753589424,-0.08423235877331435,-0.2930410958523618,-0.7467262676413264,-0.17936696116628373,-0.2846709063775482,-0.882480959256435,-0.23667147235784305,-0.27216206140116117,-0.9999984571859595,-0.28113370715870445,-0.12959075666762782,-0.4988021768253545,-0.10926840601807508,-0.1489185827036727,-0.6182919858842715,-0.2652391200339814,-0.1560446604525686,-0.43015762955314163,-0.28791213435103064,-0.1495718586073551,-0.3110768536050889,-0.2656439460259558,0.035775223984949596,-0.45867656201109647,-0.14710130196541168,0.010102602868601956,-0.5526881050525443,-0.2878094162789004,-0.023078001237068515,-0.3806270119554921,-0.23933388892349464,-0.03680139315854079,-0.287497860374318,-0.17097446016752155,0.1989695956193035,-0.39534089300401437,-0.19344872834903673,0.1735160205618764,-0.5084333984605279,-0.2726024517005998,0.10650926099301146,-0.3855978493673097,-0.21963648013732312,0.07412851525026744,-0.3066655859953416,-0.16175847886780387
21,l,0.0,0.0,0.0,-0.29235383508873,-0.06626235634017262,-0.05721604086039633,-0.5856678623680437,-0.29145420531341465,-0.10046648851126518,-0.8070016905917647,-0.4450357262868866,-0.15983075687875287,-0.9999975779053101,-0.5034679903340674,-0.2024200663334431,-0.34197942887371097,-0.6971951742257817,0.01272818121395419,-0.49614065992706397,-0.8438771274536093,-0.13831587764761533,-0.5117627313363351,-0.6054660696211,-0.22140392926248262,-0.4671670663007342,-0.4364865365196357,-0.2535458070251116,-0.18972580562524108,-0.7126427767939282,-0.02520285597446114,-0.39512269562753305,-0.8424347458303764,-0.18508454415917924,-0.41864220704546384,-0.5429416919606135,-0.2062574604915898,-0.3521879855088868,-0.3961261260621522,-0.1748701947542474,-0.023169779711166547,-0.6782628146141367,-0.09032854591987509,-0.22934438063372228,-0.7517120312062328,-0.23762520044427182,-0.263786421093765,-0.4808512847895114,-0.19059774510191052,-0.1993031849551648,-0.3629987014624997,-0.11435447354116357,0.14681051301518505,-0.6091881678104893,-0.16308255795720403,-0.03575506827140322,-0.6544848121246016,-0.23318543041554765,-0.10329962983495115,-0.4774111374869375,-0.18885778474572915,-0.06461569386448511,-0.3914875792145422,-0.1315598117870168
21,l,0.0,0.0,0.0,-0.3071547434311666,-0.06735623452668499,-0.12388558680447431,-0.5810578098593449,-0.2325723734386099,-0.20896030383882602,-0.7784605362988123,-0.37110313287661667,-0.2920896572151168,-0.9466966885483993,-0.4568287021751142,-0.3733410509688942,-0.38155266583105235,-0.4861214894448536,-0.12944816631289907,-0.43153502184360426,-0.7304248768574005,-0.25401419075919707,-0.4468053337059128,-0.8740208438845223,-0.3316491385348202,-0.44684191987181515,-0.9999984577537488,-0.3863033778717769,-0.19428348002117315,-0.47946119856242875,-0.14545529184234193,-0.1568578546539597,-0.6134567901917048,-0.35788514245091524,-0.15573931076777967,-0.4275660663184802,-0.4079876215094292,-0.17233628480672777,-0.28300327768362527,-0.3863221305799278,-0.015760180400232058,-0.440190453793226,-0.17556678649918614,0.003167553026790921,-0.5139750982890479,-0.3691676541549088,-0.03054154297501662,-0.3343309106934078,-0.3332139784899848,-0.06673914173346289,-0.21375614508505308,-0.2523139682014378,0.14264560000154042,-0.37745781896370906,-0.2152435411886129,0.14060633491516483,-0.45735809848021863,-0.336917523443497,0.09134434947822516,-0.32519990454957565,-0.2940277128325013,0.058676580329034944,-0.22712590674627908,-0.22715130403312464
21,l,0.0,0.0,0.0,-0.19011746193071394,-0.05146180734000339,-0.05837630539071643,-0.38612296431520604,-0.1796256680325376,-0.12970692514077822,-0.5756307192335236,-0.23826619109143346,-0.21396044150608615,-0.7150334530955964,-0.264665336024047,-0.30335744464328634,-0.22913202534017452,-0.4912945517145697,-0.06702671552436894,-0.25800926876266195,-0.7241830695118868,-0.16864678557523882,-0.29104407815540095,-0.8816371322669647,-0.22623745575379006,-0.3033953001644821,-0.9999983383388168,-0.2668038700930318,-0.11047369109464004,-0.4906714739343576,-0.10288540631910482,-0.22664956897041993,-0.6382070020810172,-0.24037716652230923,-0.2744056927709804,-0.4488424134210523,-0.2455321670109317,-0.2345841292417983,-0.3573618980086285,-0.21102847973091232,0.021435222620349994,-0.45832238684511534,-0.15234467500138338,-0.10262361426731208,-0.5499780097945627,-0.2633128616590744,-0.14505549832365677,-0.3768516243904304,-0.198660965193641,-0.0991354285510047,-0.3181658388064102,-0.12588354170353536,0.15509367654334458,-0.3945020283344134,-0.21135232467954507,0.034344748467780406,-0.47032829639501517,-0.26361679902007046,-0.025366426443617893,-0.3516589188856922,-0.20229624173626173,0.006740748790884561,-0.3005749595398883,-0.14165966112792946
21,l,0.0,0.0,0.0,0.23182504988840882,-0.08846854479933074,-0.15226035339619967,0.4207471976946591,-0.24276519416381775,-0.20010523580464554,0.5659675475701379,-0.417586233611368,-0.220387603756547,0.7442678277893304,-0.46420021536278167,-0.22056342566237763,0.311023353398123,-0.5388294695513282,-0.043877229393362804,0.346722271460192,-0.7540139188766606,-0.092584837005374,0.35715255430612475,-0.8806987028516721,-0.11188345487723388,0.36047136771668653,-0.9999987642219976,-0.12224793341017062,0.16735254915857178,-0.5430046689644622,0.006402259525177488,0.160656400969965,-0.6871113450631473,-0.03859862690598831,0.13523754004082428,-0.47852520754333855,-0.009588814626775024,0.1582455342381721,-0.4135989728629708,0.031683010349312035,0.028792660117960805,-0.5258421086275306,0.030547809990206336,0.017400623344742516,-0.6584001508135773,-0.0476657145277582,0.020778768361984896,-0.45307655190916707,-0.008363240947193228,0.05430716610144634,-0.3999277332275333,0.04383802313399822,-0.09843452375611247,-0.4850692517371652,0.04139570899335716,-0.11094483793792763,-0.6252066764950677,0.002310759461176271,-0.0797429683956231,-0.4856453686355541,0.04056016823559016,-0.05756988886211704,-0.4160078139967703,0.08237479938124559
21,l,0.0,0.0,0.0,0.10354735764789116,-0.17010794015203864,-0.03457463929770061,0.17615354567983738,-0.38320369583320435,-0.07150283545600708,0.25361942789946845,-0.5155693470848467,-0.11442645773888649,0.34044468791446497,-0.5938668128679826,-0.15547612575302983,-0.003755336061208057,-0.5604774516700421,-0.06979518419145501,-0.05499149147277667,-0.764381272859392,-0.1354500262864761,-0.09246768559664807,-0.889748501880632,-0.17933847891773316,-0.12339001223291401,-0.9999983273399992,-0.21168590559052752,-0.0900474095401029,-0.5177324015140279,-0.0904412575687694,0.005929556700569443,-0.5711119209395048,-0.18819394409185533,0.07486325796291203,-0.4043897850805252,-0.21001182149910066,0.0968874111635744,-0.28384566096896896,-0.20911530941434747,-0.15363917591260587,-0.44178871301788225,-0.1149998226919756,-0.036354887285514025,-0.4593528625363256,-0.20371475192106214,0.02571219290587405,-0.30864043007057834,-0.18149285959436376,0.04050273557421501,-0.2072923173366487,-0.14683585937063826,-0.20169854452792488,-0.35014254145591583,-0.14367109868245098,-0.11079881417683976,-0.3966013534798781,-0.19750347273463084,-0.053907970292082455,-0.30638076798367786,-0.17757089027833578,-0.04007961596703188,-0.23555379590597061,-0.1508603808558318
21,l,0.0,0.0,0.0,0.22200654621318536,0.04103148849084277,-0.19395497156165167,0.5052624803723591,-0.0044912316002439535,-0.2765230984329229,0.7046815953323242,-0.08892258305914261,-0.3286813590161094,0.8183000829227255,-0.2030124309032635,-0.3671173694771204,0.39369360802761316,-0.3874106784022691,-0.22522974919568617,0.3969597328302202,-0.6721757589647939,-0.36261857395838903,0.37537520276923547,-0.8330661744626109,-0.44990003470308576,0.36509753219321617,-0.9999972261968466,-0.5094224932593283,0.22836569368383447,-0.4626188439214951,-0.18293585097586815,0.17769124244371032,-0.5501900068775494,-0.3406015778912075,0.12944848766507663,-0.31906509492842977,-0.3825076289573269,0.12982015299315866,-0.20642487412907007,-0.39369726837218094,0.0813062544698388,-0.48520131522816623,-0.15874734897658632,0.03353998522302557,-0.5512889657012866,-0.3205308855163514,0.0034294723756252655,-0.33230964019859144,-0.2873117261692792,0.012824768460553046,-0.22015235286156615,-0.23860974233952725,-0.04624092035140182,-0.48152682149301357,-0.15119378437757303,-0.07567266451355267,-0.5302290326536491,-0.27954430520822227,-0.09929432728804392,-0.3616445827372583,-0.2603226523503588,-0.08861457037844117,-0.27009355867017615,-0.22226727645410616
21,l,0.0,0.0,0.0,0.2259782102063651,0.0493734547758352,-0.21140310816050983,0.522130383194149,-0.019593136602584178,-0.3008962238068876,0.7578802505396849,-0.12971734092469578,-0.35674652216568764,0.945927194708439,-0.19705541388657352,-0.3968827384166995,0.44608011935171843,-0.3918500031506624,-0.21692419088704173,0.46660832258514895,-0.6788783653972629,-0.35202359229260677,0.4348978969417127,-0.8335702786740736,-0.4284234323646167,0.42771083144118566,-0.9999973796868482,-0.47872719019484244,0.2772352299676699,-0.46577079213452033,-0.16224641563626738,0.20173082513222246,-0.5807069895911526,-0.30601982121932164,0.14974630572727604,-0.35198839536861415,-0.32764954293959053,0.18232588884535064,-0.24745538034292275,-0.3295270948859274,0.11579489068135133,-0.4921788105427415,-0.13160504197292372,0.03618678186636701,-0.576764075839853,-0.2958503664003837,0.005025416978023514,-0.35648411826303733,-0.2618671095790516,0.0454998862031051,-0.25627354127676255,-0.2145700274980196,-0.02290085476550031,-0.4950081406832286,-0.11776893155284048,-0.07546168883017998,-0.5560131558842599,-0.25394233398207,-0.1037089943902571,-0.37913812605842695,-0.24389235903161335,-0.07961013919183434,-0.28107764006489416,-0.21370530171131347
21,l,0.0,0.0,0.0,0.20976704763539664,0.05074791699078794,-0.17061543773236884,0.4733778037368102,-0.017533897781342785,-0.2594795073377585,0.6862723660275277,-0.09544783224906964,-0.3252901653128096,0.8448684207063605,-0.16190744350122682,-0.3822708602841275,0.37556787251890356,-0.3986677601115451,-0.2071521405694423,0.3914583291552933,-0.6705874335010228,-0.3342995108722167,0.3857507126347689,-0.8430612518688949,-0.4120341943377416,0.38378748379287003,-0.9999974775988408,-0.4684013990893192,0.20892856339192367,-0.4681455838771898,-0.17919576862640926,0.17279510953306876,-0.5556396180390349,-0.33587176279549424,0.11920616376215043,-0.3305965812413519,-0.36619596568007046,0.1194157472363124,-0.20328860294268541,-0.366441669978958,0.05480013979376541,-0.4842510364734444,-0.16784894339077203,0.02400986175144018,-0.5379616879992652,-0.32835092597779486,-0.00662157487018769,-0.3260206252732071,-0.28903549432623366,-0.0038926296481547043,-0.2104590940712414,-0.23512072819201313,-0.08248342552239318,-0.4733916356447176,-0.170989406666403,-0.09746849357814921,-0.5115083144732071,-0.30375065224426423,-0.12017296902082947,-0.3421880207613948,-0.2863061544437848,-0.11677873909781604,-0.24743569292514675,-0.24827600021312907
21,l,0.0,0.0,0.0,0.12451157316275105,-0.09479842492321955,-0.0491756515815266,0.23086882963852293,-0.28039995276858454,-0.07991938490763231,0.3270840749700839,-0.3957205472172226,-0.11459280706383157,0.4313334170948573,-0.42489060042336346,-0.14817932574921722,0.10287376944048694,-0.5053716549654858,-0.05018490750890493,0.10669994983097081,-0.7338459115418104,-0.11308290364299028,0.10058880117962982,-0.875340391970344,-0.15160869136040797,0.09446014170203906,-0.9999978238302643,-0.18120279840889716,0.013984794392176012,-0.4886280623251166,-0.06403883684888803,0.06834566282156866,-0.608154497819298,-0.16593909757882455,0.10196476299338847,-0.4165402710790629,-0.18716539688421938,0.10950492477653367,-0.2952931050587387,-0.18099208479969175,-0.07306385767219754,-0.4471135251620176,-0.08509310444667499,-0.002742843939832251,-0.536568813302228,-0.19219964593492836,0.03279129207459057,-0.34147940095544865,-0.16779221319416107,0.030020171393110563,-0.23463845654571128,-0.12457059746390296,-0.16303876336764153,-0.39302426910423227,-0.11002903986562473,-0.08664175234625883,-0.468631606716663,-0.18257572825551813,-0.04774307320522537,-0.33766178141335357,-0.16154979820085894,-0.05075558386930387,-0.2604852143492965,-0.1300757174965863
21,l,0.0,0.0,0.0,-0.27449442308065003,-0.11525291379326122,-0.14373381059580767,-0.4891575264788779,-0.2908401683708381,-0.23794510810089875,-0.6711102537670132,-0.44106543382134833,-0.3264273957746274,-0.8190062582685993,-0.5546356651637573,-0.4066385056908488,-0.2320106484906001,-0.5275066473432157,-0.11485228176254542,-0.2218325340211625,-0.7430630271735902,-0.26653830188112815,-0.2095640559919924,-0.8811092243491437,-0.35240432785662973,-0.19024963315858964,-0.9999984693400419,-0.40328272040566726,-0.047380874556539096,-0.49004473582055996,-0.11582987022439852,-0.0004135657304585933,-0.6016505071346798,-0.30890782813983747,-0.05964679802130308,-0.40108303395708333,-0.3145129758104203,-0.08186238491004508,-0.3159196044277017,-0.26195773981488735,0.13449872832547163,-0.42618463998361417,-0.14307913504091285,0.16062736047769677,-0.5083316307388315,-0.33268817696175734,0.07968689961492371,-0.3339611243113232,-0.2586209997196977,0.05233764184879928,-0.28974964307276363,-0.15392532512407192,0.29167021933393367,-0.3451032219062904,-0.18205036076396774,0.3201481383953379,-0.43611560034676183,-0.2817206939790572,0.22026311913138777,-0.3141435435243623,-0.20330767808417774,0.18422286831794688,-0.27003917152197265,-0.11567237676704044
21,l,0.0,0.0,0.0,0.3118911184255787,0.04616468876034723,-0.10508166753791323,0.6250634632933318,-0.08398479756032344,-0.12139186671460576,0.8299510858983663,-0.243116596264862,-0.1250704075783934,0.944871612722414,-0.37751228947584364,-0.11998591573006878,0.5534643645714132,-0.37172830491649256,-0.0017664745054057484,0.5560330454881011,-0.6601637794446121,-0.0648241718450918,0.5467245409436551,-0.8454268721503084,-0.13084853287047843,0.5619576524618372,-0.9999981668588807,-0.17892920202682142,0.3840818802196766,-0.4237251635390221,0.02168748935557489,0.3862379266779922,-0.6101449220401183,-0.03932365050076689,0.31789701761089395,-0.400350265534516,-0.08230808195832184,0.2761966261364385,-0.26241595731788336,-0.10498091955425831,0.2114932703781969,-0.43219965806870453,0.029034211516200774,0.22097266338891966,-0.5844730820035985,-0.0668679498257224,0.16603928751867894,-0.3675397892731088,-0.06489873067960304,0.1392641570165394,-0.2403738582338655,-0.04418407659353662,0.06954231835798431,-0.40869866972527047,0.029486122869305628,0.09355083670516223,-0.5277005244782407,-0.048704794935549627,0.0433250884369247,-0.3674760885212934,-0.027323193363367176,0.027824881742391262,-0.2589994991570516,0.004336867329173062
21,l,0.0,0.0,0.0,-0.2993425449239786,-0.09494462123521266,-0.14984115879337112,-0.5545309914368592,-0.2716436419098096,-0.24668552060858728,-0.7554376327882824,-0.42253926830639676,-0.33915776244703205,-0.9137406607845868,-0.5276538030722627,-0.4244163072425154,-0.310110588826796,-0.5374071423809047,-0.11662524897242316,-0.3261048593849606,-0.7507215052204864,-0.2505919926068947,-0.33301524823218076,-0.8840408214100431,-0.31899205510315987,-0.3338487539822798,-0.9999985013496938,-0.3627827285711352,-0.1275859605534198,-0.5101799727143161,-0.11960622007173179,-0.09676429175662168,-0.6331825002441231,-0.30339830232519105,-0.13369839560515887,-0.4177293032302438,-0.3015355317582968,-0.1499433163760314,-0.33108347292925056,-0.24489932520022611,0.05619388396691723,-0.4550728798425206,-0.14823797109109885,0.07197680798079562,-0.5362719809756686,-0.3293135334051646,0.009547039712687303,-0.3442683351339305,-0.2491816831910763,-0.015564342021541836,-0.28701119760968513,-0.14250654714093827,0.22391282034581098,-0.3792326999089028,-0.19090854583812805,0.22383599953935024,-0.4584622852847838,-0.29112664745731315,0.14778688487746308,-0.32741027713567833,-0.21894883247682187,0.12784348890810157,-0.2809392274711167,-0.13674861554622278
21,l,0.0,0.0,0.0,-0.21283410418249973,-0.031317055528572155,-0.08694263190420706,-0.42026421442392486,-0.17881744155338208,-0.13259858997905896,-0.5845782818313561,-0.2896367088529918,-0.18001194268656368,-0.7090369354859175,-0.33134233008014974,-0.2258178339853031,-0.34704666368594556,-0.5021021755892542,-0.05196687212675975,-0.4179631679334726,-0.729517723004104,-0.11111744271346542,-0.4654141610933484,-0.8757823470873131,-0.15295155679440198,-0.4972799656243119,-0.9999983293597889,-0.1874463552359966,-0.22233752178286711,-0.5385964363544693,-0.05714000711607297,-0.2955032422153989,-0.7518808816635516,-0.1514598422661257,-0.3049996395726653,-0.6109537334733116,-0.17573565620063708,-0.28062799434093005,-0.490723556457601,-0.16604494498690076,-0.08548604791887623,-0.5397224136433212,-0.07511067808486181,-0.1475236872572301,-0.7460279904756811,-0.16150859832525027,-0.178012503466764,-0.6204275266435721,-0.14749752495037374,-0.16495559813335903,-0.5055641512171885,-0.11236821602595234,0.05763450303426801,-0.5140784613746936,-0.10326508920197439,0.00837978039254918,-0.7010910658637571,-0.1570693401320173,-0.053468860060618704,-0.6374984177840626,-0.14241699742324335,-0.0730713205678551,-0.5376969988252582,-0.11777300659035755
21,l,0.0,0.0,0.0,-0.20905019108291983,-0.01938823013385783,-0.06548836228573589,-0.4058418437751099,-0.14948376335896094,-0.09910403379937399,-0.5567955558431564,-0.21895080911506445,-0.13742498394413027,-0.6756027275044126,-0.23055359713952261,-0.17283149914040818,-0.31138199909736064,-0.49003563002999767,-0.011224762933200159,-0.36096558136411167,-0.7270977859363654,-0.055216586209129524,-0.400060850885387,-0.8807399966392458,-0.0913936498001765,-0.41808643287051644,-0.9999985069834725,-0.11911024886280298,-0.20792396902892826,-0.5320950469405803,-0.022099426802817464,-0.25138943931180496,-0.7896683178828063,-0.10178778255454035,-0.3078707812582953,-0.7339498488815053,-0.1324529611924352,-0.31065040639016894,-0.6136682122321354,-0.12837838760189466,-0.09769272179306822,-0.5433594477531304,-0.04538446322160436,-0.13461452647015226,-0.7767272206714756,-0.11302569750412023,-0.19998617480729014,-0.7061033400537812,-0.1178017626908918,-0.2039906237106555,-0.5879101598635467,-0.09742804932635145,0.02557566588842941,-0.5268287986216608,-0.07776920397560688,-0.009009331478333821,-0.7161658322051792,-0.11679109508651565,-0.08263780576746893,-0.6881519318335763,-0.11437243856169059,-0.1144738798006776,-0.5930891972770961,-0.1000998844489092
21,l,0.0,0.0,0.0,0.2443102879713153,-0.05348702176872716,-0.07460554297070476,0.47859224591845373,-0.15897786893228033,-0.10680619065045632,0.649780704441623,-0.2911355624483193,-0.13514032838546486,0.7750000039666533,-0.39550594534979944,-0.15897321023781807,0.38198297631107714,-0.4654413734597654,-0.06453357085787892,0.41342705534755214,-0.7207123765787871,-0.14806679208196777,0.3953062452446872,-0.866574123127167,-0.2179465128886009,0.36869547287651827,-0.9999981071119781,-0.26803820977697757,0.22984934897561546,-0.48283604238946526,-0.07068978494919252,0.2504371323261249,-0.6161079947970793,-0.18464711269196132,0.20644071702170752,-0.41141290490887245,-0.23028037780567517,0.17938045017965892,-0.27550073659180596,-0.24689544065412522,0.08723983710515185,-0.46500451537671766,-0.08589541071397708,0.10111685073700523,-0.5864735146226918,-0.2019469240717329,0.0834657307683675,-0.38367918613043134,-0.1840910973922404,0.07086330023676979,-0.25202243525094503,-0.15069600756190124,-0.048742226248703925,-0.4248260953022421,-0.1076542109414448,-0.03880827426855326,-0.5393156322870037,-0.1939904262256361,-0.03108202387415572,-0.38753847528041324,-0.1735149036686784,-0.021307098616126893,-0.27447730175933543,-0.14221880861546207
21,l,0.0,0.0,0.0,-0.2446016848625866,-0.17180423041418785,-0.0964982330195052,-0.43036160262233614,-0.35155820345166344,-0.16215678774654438,-0.5753609656118206,-0.5055610815199368,-0.23304879049402427,-0.7115472291649877,-0.6014011983600048,-0.30322430468424527,-0.13431198884918322,-0.5629510548601865,-0.07399535439264406,-0.08759272175393303,-0.7806463387093397,-0.1693546777600112,-0.050457855929640034,-0.8944202674584673,-0.23494995473030825,-0.006438064928423267,-0.9999986523331096,-0.28748934963791983,0.05471423393567003,-0.5232044704147141,-0.08637275772798923,0.12243818187221973,-0.6195994072685143,-0.2267258344521912,0.028829113022800282,-0.44885565663155164,-0.25848580608669625,-0.04266587593947381,-0.3595849798657676,-0.2513487137274778,0.22375488714521802,-0.4464702599140483,-0.11267366230143236,0.27008922626800475,-0.5233782583254871,-0.24155807235441293,0.13676437845671882,-0.3664110252004928,-0.19469819248458062,0.05463077396835167,-0.3048285741468039,-0.13523348789709116,0.3570100109414584,-0.35125810100902494,-0.14909083466037232,0.40849822394597096,-0.42932200791874214,-0.22297318835670346,0.2714263529436365,-0.3338671001963597,-0.16785944706063127,0.19295599037017444,-0.2880503895908006,-0.11238430362263298
21,l,0.0,0.0,0.0,0.16799372864054865,-0.009927433063949212,-0.11075652955427018,0.3303107106398378,-0.11553765695712186,-0.17982189665415954,0.4717111461279049,-0.1857134693299876,-0.24164059965726653,0.5999541286567808,-0.19296687698865136,-0.30064991853106016,0.26160905714377986,-0.45720901068002756,-0.13052363188043095,0.2705151087002265,-0.700324523720418,-0.236260569738786,0.27186817595501084,-0.8580375541517153,-0.3046174403529203,0.2737675529699173,-0.9999978190227606,-0.3521064480977519,0.14942108174381372,-0.4716742271577979,-0.12681692340791165,0.141819803789353,-0.5481805379348391,-0.2745082977787081,0.12289356675638198,-0.3389548845016346,-0.3185138901970263,0.1251223545820319,-0.20622832704673555,-0.3241053592171936,0.0411446972259594,-0.44908560229093736,-0.13607248646437217,0.028976256677240318,-0.5058076349709537,-0.2831025855321297,0.032328603160055175,-0.30451650519597506,-0.27971010266896085,0.051056725719635085,-0.18317841004809787,-0.24689331437733666,-0.05562785320328874,-0.41736226224643924,-0.15383708402748208,-0.06903067431768055,-0.4520664191379571,-0.26270319709424633,-0.05282747132284831,-0.30459632296937544,-0.26642630948416135,-0.020963020214789817,-0.20783352226814852,-0.24792031822799815
21,l,0.0,0.0,0.0,0.2112528128424667,-0.025698225983818768,-0.1304301139961159,0.4416669480596946,-0.14365127362367455,-0.19012789918095085,0.6116514144955228,-0.2594582162312476,-0.2336819782276499,0.7419685030777203,-0.35953005355883433,-0.2756237859567362,0.26541258363731085,-0.4638890117480754,-0.12886880867858735,0.2871611147478412,-0.7042966845330467,-0.21198061100921495,0.29228026110869293,-0.8609358406931269,-0.27090082812484084,0.2812157422120395,-0.9999980143568253,-0.313564355838864,0.12170379018538452,-0.48308045510285735,-0.11023117120106285,0.16347466579111153,-0.6277398643171669,-0.23194221054175687,0.1570553464400131,-0.4279325504683546,-0.25653356448078624,0.1465260815007025,-0.2876683780891726,-0.24553745393954332,-0.02727599723983605,-0.46288738560302445,-0.1047554699583448,0.02864741907083899,-0.6109366773703943,-0.24099093167136465,0.02280341635581437,-0.41058020302140047,-0.21619942707482032,0.010807691679973742,-0.2802698605918992,-0.16284435690191512,-0.17620613534828375,-0.41810399775777785,-0.10757886800945328,-0.12586983535917556,-0.5315058777523791,-0.2125091779906397,-0.09275921492363372,-0.3823809296906342,-0.1902649821872731,-0.08644173880753662,-0.26980876730088704,-0.1472248238694347
21,l,0.0,0.0,0.0,0.25447412131543634,-0.07362071119871327,-0.13529370500113658,0.5398369520902492,-0.15930417231917754,-0.13381709640921569,0.7479265767304109,-0.24206075859319157,-0.11174500031633057,0.9218445317364137,-0.36636134429206507,-0.08041902196945999,0.5675704246093087,-0.1598860226095208,0.1257465569562988,0.7761655624142036,-0.30886603927479284,0.21571049717649535,0.9122925590359767,-0.406655102992624,0.25118861688868466,0.99999844383421,-0.48379144955396064,0.27082335111252853,0.4915797378377338,-0.19042773670205934,0.21737544420529528,0.6831580039517839,-0.33024330984162,0.3406697340648679,0.8244400290426163,-0.425845588537112,0.36609108676088276,0.9355943970624456,-0.49833529519010544,0.37510464156352447,0.4124224052966196,-0.24584886091387062,0.28522252259111514,0.5921895650147758,-0.3475048684551374,0.3943852614966051,0.7199092748014277,-0.4290443274360086,0.4248119133724736,0.8154401323708932,-0.49067139097126933,0.4338972371313011,0.3448295443798351,-0.29653717609256125,0.33319463205645644,0.4912685457886183,-0.37988154895830256,0.4127469837150582,0.5840410638181144,-0.435857810104229,0.44866643033326586,0.6607682229801445,-0.4885750417903274,0.47183947844611424
21,l,0.0,0.0,0.0,-0.2615192818806163,-0.07996432422390125,-0.12119330636326849,-0.5087415430141699,-0.21699555348326713,-0.22255427026928337,-0.7544448546905793,-0.29615720861189465,-0.3294587546999492,-0.9347691549484483,-0.3151905972939761,-0.435992738438917,-0.28749145677907,-0.5145819068232009,-0.09935464357945277,-0.2967232750575144,-0.7395494503806663,-0.20103601439809274,-0.3293529558946932,-0.8828585156354392,-0.2656931270407798,-0.3294519298754185,-0.9999984918184804,-0.31639155982646305,-0.12220625738714438,-0.5144112868273638,-0.1151103843857614,-0.13253613849443507,-0.7048443274181508,-0.25193309182856055,-0.2165897691517557,-0.5648956130929812,-0.26583529538820677,-0.2170924598876467,-0.4626535582693173,-0.2388903707663846,0.04803168629911493,-0.47794912849675864,-0.15069048543151248,0.05081841963470518,-0.6556562816267015,-0.25855392076080436,-0.043771669975234725,-0.5386525407459211,-0.20644578295946325,-0.05586375539147947,-0.45397342329669604,-0.14248717401680427,0.21524539505389273,-0.4127156564740349,-0.20312300798257865,0.22266727497818312,-0.5662105017542612,-0.2577783773682408,0.1194651006257846,-0.5068022462964703,-0.20997354015210526,0.08450607029854726,-0.4389621897641086,-0.1603148061108124
21,l,0.0,0.0,0.0,0.23612576712665592,-0.0002464028824279211,-0.10032028105176434,0.5054701185806298,-0.08359914962374092,-0.15501788143072498,0.7066550408829976,-0.1876727756092263,-0.20534410404661244,0.8692486104851069,-0.2511528402347246,-0.25575264058331093,0.3876916963001048,-0.42889190182606945,-0.09143385506420229,0.4505244313192247,-0.6898308029572205,-0.1732038186099194,0.4706844711978709,-0.8564366709988649,-0.23697876847832336,0.4859397599881882,-0.9999977397734383,-0.28781643873925034,0.23590334440446428,-0.4611824000642426,-0.09572914128652572,0.2787457867466106,-0.5974704074871511,-0.23011037233064588,0.23423793574805427,-0.4013902954750834,-0.28583693039974534,0.19884564419931772,-0.25392551258204504,-0.30192967239831453,0.08604337460782499,-0.45511245568443265,-0.10931967818043954,0.13532853157345434,-0.5861648396957522,-0.24583728216561038,0.10185788612365267,-0.38537855387731235,-0.2397138034252729,0.07120639142162936,-0.2385488410705316,-0.20661633237914828,-0.05983737050960517,-0.43400533419645443,-0.1304362048085104,-0.018803274745277324,-0.533099708932877,-0.23462947057517464,-0.02300195830664889,-0.3833568108173912,-0.2267600206176333,-0.028988241565634496,-0.2627642224291369,-0.19950432878907043
21,l,0.0,0.0,0.0,0.2119298841125417,0.020635539949131622,-0.15739399946044894,0.4741811637331359,-0.04075190996428634,-0.22569722065296274,0.681200321399071,-0.1257491399988261,-0.26858169729723463,0.7710665274763846,-0.2603934598963574,-0.2990590343056576,0.35391143462891256,-0.40507560232380735,-0.17622982233067777,0.3661387362314098,-0.6859753956563823,-0.29427718476351383,0.3533547625778087,-0.8455660213219424,-0.3766219823440272,0.3467741664705354,-0.999997542261252,-0.43355894907835324,0.19800927402617344,-0.44854077581296764,-0.1386016665942126,0.16143555403703444,-0.5924722899272975,-0.2774700286647849,0.12297464254833071,-0.3777460809601513,-0.3107015006460444,0.13053622665302958,-0.256431859296883,-0.31682760332212034,0.05935720834598402,-0.46438813041305804,-0.11653755783814528,0.024423986242183737,-0.5939536968001364,-0.26247749527159026,0.0005086957098574481,-0.3882929654315399,-0.23026804753994462,0.008310893984013728,-0.26393023182525255,-0.18370783238138855,-0.05572638813898133,-0.46357319182877094,-0.10666214071682015,-0.09007100279506175,-0.5563951800048011,-0.22340180908644866,-0.10842931457724334,-0.3924265483962764,-0.2069343328083769,-0.09466398669460403,-0.28303799997939405,-0.17299596056853792
21,l,0.0,0.0,0.0,-0.2514752223014272,-0.08344830006998365,-0.11509508134411332,-0.4745538229601451,-0.2581390559674995,-0.19119951817129482,-0.6536635148584853,-0.3942317624140012,-0.26424265828184673,-0.8130484702938421,-0.4584113266484157,-0.3369081135339217,-0.2948517841163823,-0.5094188825095258,-0.12576340498068553,-0.3281756764020551,-0.7381634044314216,-0.23077966403756753,-0.3502337689091572,-0.8735860039230118,-0.2956963737103572,-0.3561017550451169,-0.9999984459839483,-0.34598723144946464,-0.11668373397678565,-0.507640035455051,-0.13219582272810732,-0.08669643616617308,-0.6180818498136766,-0.2873228155712051,-0.08873987103137497,-0.42569145225658195,-0.31267118926600057,-0.09345938026721048,-0.31412820795765434,-0.2961662451673379,0.05864873883048583,-0.47066239530242954,-0.15225820621263914,0.07946091128084391,-0.555528391412001,-0.29727783353407433,0.04063768662665196,-0.3777084782535413,-0.24841738483193693,0.011404739640671282,-0.289347264659678,-0.18087586959762883,0.21703036320832628,-0.4059952447786164,-0.18281889725581932,0.2413884661926429,-0.5131822076143845,-0.2661169338649411,0.17163611671594528,-0.38535665452930945,-0.21304236967535936,0.1259133237629836,-0.3066245291384709,-0.15549672072337808
21,l,0.0,0.0,0.0,0.2449767164848164,-0.07544155356783103,-0.08753228714957767,0.4676078314734328,-0.1721680413007649,-0.1313507043893496,0.6415218372250499,-0.3130256059398936,-0.17302417450882898,0.7746798115184735,-0.4112770798093132,-0.21161834432493024,0.3691628140367262,-0.48312968263550793,-0.03605792108437754,0.42150816857498086,-0.7191573132233895,-0.10382083768389128,0.4328071405817847,-0.8635540316804192,-0.16638593021843268,0.43442207553747103,-0.9999976027152206,-0.21602599721622806,0.22714684578002992,-0.50738035582669,-0.03888660917055843,0.2567785159654355,-0.6569830318760042,-0.14746513537164246,0.22385296145880523,-0.47138332420627854,-0.19314429289868093,0.20472222649666888,-0.3448549136778081,-0.20623177464770623,0.08429668974494957,-0.4991852253618627,-0.05338461379001577,0.11119317280225854,-0.6368119913091186,-0.16908916372509367,0.09356849114333701,-0.4494010187749195,-0.15135272476638306,0.07579677638678664,-0.31807660007797145,-0.11406851947041617,-0.05935636131012739,-0.4679043267869215,-0.07615239514170391,-0.033266774173430755,-0.5799870569743,-0.1635733149467232,-0.0187342171332539,-0.4347646526526947,-0.14400599063547476,-0.011267679248416363,-0.32039612220995306,-0.10988120189160006
21,l,0.0,0.0,0.0,0.2233332346669314,0.06003377119448087,-0.14628392951598645,0.4990293106209177,-0.047258835408262506,-0.21826892407730994,0.7004225425612524,-0.16432146495774544,-0.2750681714959896,0.8585538870696714,-0.24886936476467517,-0.33008036496484366,0.4024026545588995,-0.41236642402081264,-0.15267666428456153,0.4394133299250828,-0.6833755395749402,-0.25821594977445145,0.43671404072756975,-0.8632661367497632,-0.3281304621229116,0.4306386533139326,-0.9999986111825958,-0.3794995712837537,0.2332671205603858,-0.4576714866236377,-0.14247255353297011,0.25068013517534127,-0.5793140006843329,-0.3033254447028063,0.19191529811078797,-0.37065831658881493,-0.36082585914568965,0.15853348959310748,-0.20527867529974558,-0.3688808881047735,0.07352938938236596,-0.443611391833758,-0.14565642631583317,0.09525838597045494,-0.5234916603633639,-0.31417311796834874,0.06383966300461523,-0.3076380924877259,-0.318750291435608,0.05700224459528051,-0.15562592599603162,-0.2842350595956646,-0.067234469493514,-0.40201859689722563,-0.15804069239043128,-0.04805720680992513,-0.4586865345916181,-0.2936600142456723,-0.05749639961443392,-0.2929740350511013,-0.29631278110115267,-0.04654626544346269,-0.17123822796643665,-0.2695227414376787
21,l,0.0,0.0,0.0,0.22481016539171736,0.04149352892651245,-0.19432334109803673,0.4939107964852819,-0.014453558232289616,-0.2924032328181824,0.7215223108459005,-0.10674152012358915,-0.361597438728215,0.9077417767320372,-0.16117191574389172,-0.41808017406491255,0.38090679790735027,-0.4178955559915922,-0.20638029033198468,0.3986564223121899,-0.6950879137186858,-0.3172316505790532,0.38399974559749755,-0.8440947814862493,-0.3815193987566254,0.38575721684205705,-0.9999973562741251,-0.4274557702371351,0.23604628904394648,-0.4845469398995132,-0.15199928567314686,0.1886731970333309,-0.5636649767297041,-0.25442634034796174,0.1601545111809492,-0.34226315207897107,-0.2537077043208109,0.19883053935854003,-0.25656306791754663,-0.2495470648794381,0.09716509035491802,-0.5033339025275156,-0.11862839828106835,0.05504629056868963,-0.5844109533012519,-0.2482727682250006,0.029990861509361588,-0.37544962356807293,-0.20129767971083856,0.056932818475070486,-0.28828075168401435,-0.15472888725335998,-0.023954192818621173,-0.5038069527091857,-0.10116306490188022,-0.050922780524070996,-0.5708381004205129,-0.2143805230408861,-0.0697570166545721,-0.39905233789561634,-0.19573971432477544,-0.058382066483338504,-0.3099588041464946,-0.1652862421988788
21,l,0.0,0.0,0.0,-0.2403318503888158,-0.024499324214324134,-0.09521170369126998,-0.4689805074248014,-0.144421193055363,-0.17962599027254889,-0.6563265920401005,-0.23664234855805355,-0.26185920824698644,-0.7951743014536962,-0.304177965271774,-0.3429740284651815,-0.36762463350185026,-0.4820547585456427,-0.130577457275139,-0.415377145840257,-0.7217154539626937,-0.23834271842451177,-0.438853505946049,-0.8689619059648999,-0.298036861606058,-0.4486569472340331,-0.9999982259158766,-0.3379516807479201,-0.213559619204175,-0.4914165085909828,-0.136431994331209,-0.24699787746342922,-0.606998922232116,-0.2633504052553098,-0.22980168583890417,-0.39132702066800895,-0.26146449362261975,-0.20308793089491026,-0.3003065843561787,-0.23103979732202065,-0.04705962704575046,-0.47344257239148835,-0.15653637436320536,-0.0937533810487553,-0.5736494357703719,-0.2699264709163059,-0.08851441745633075,-0.37358651358465933,-0.20687788788956674,-0.06976067468061448,-0.3003994272843667,-0.13999626923975406,0.11450853396321328,-0.43659334108603604,-0.18624016330284546,0.0645667578847823,-0.5424981483874127,-0.25762713572769014,0.03563317928476604,-0.391807414088007,-0.2064839266887346,0.0427483525296286,-0.31976468561100724,-0.15232202712390625
21,l,0.0,0.0,0.0,0.2463421180539259,0.08794560179306155,-0.16307246848460713,0.5649827387647612,0.030792238726029098,-0.2308022050398689,0.8026060450618571,-0.0891671713528599,-0.2764522232986204,0.9679865658750204,-0.20041719614527145,-0.31733779203099427,0.5459399220139182,-0.361881523516419,-0.20064290750731326,0.6161913656358672,-0.6376223618175548,-0.3310519807966118,0.6316033080026878,-0.8270474518825738,-0.4130371496373115,0.6443529458142142,-0.9999971758941211,-0.47048635237657016,0.3659882663234192,-0.47652911755162647,-0.18286731978203888,0.3145537408235066,-0.5856915158205959,-0.3716054137376563,0.20301528287128875,-0.3608870308942213,-0.4284367197617944,0.1471234676981393,-0.19192327303828166,-0.43511680481013637,0.18922460924019882,-0.5244647392524527,-0.17948879285100433,0.10359876080301175,-0.5607448670219635,-0.3680834066697149,0.033963404350535256,-0.3322785350232651,-0.35255085598132946,0.018509884516266572,-0.1790701123827046,-0.3031198131322251,0.02710160725316443,-0.535588479257986,-0.18900677150618594,-0.020282060942552513,-0.5641660024406409,-0.3377874463582752,-0.0763762085686271,-0.38391152139006507,-0.33004174933552183,-0.07552378632102909,-0.25621685073774164,-0.2928191428605804
21,l,0.0,0.0,0.0,-0.2728851301755883,-0.08148340569842216,-0.10329441079141596,-0.5305785490815906,-0.26381560615691785,-0.18023400563954925,-0.7359293078433727,-0.3872972566645348,-0.2579581841892805,-0.9210525781070106,-0.44257650021305045,-0.3382567980294398,-0.33787315088119296,-0.5059733434396124,-0.12037254800549646,-0.3855414840860725,-0.7418210528033021,-0.22631300316487213,-0.41574887177746384,-0.8788951606391194,-0.2895103371800164,-0.4315824444480947,-0.999998464582966,-0.33695870690340857,-0.15944483318941438,-0.4981709317084113,-0.1388815918240806,-0.1726691822948511,-0.6059863501844236,-0.32349403156440176,-0.18873049747585482,-0.41096316744807937,-0.3613914926580882,-0.19101387124873126,-0.2752533411223107,-0.3409971897493424,0.015821538055354977,-0.45835447570664634,-0.16860566158696366,-0.017655650030594126,-0.5251153828542615,-0.34194186128950566,-0.052930068343066176,-0.3365317717473633,-0.30322298050449853,-0.06514149636961726,-0.21597576824460868,-0.22918744585607012,0.18517172903769555,-0.39833844419273834,-0.2055140992360908,0.14098830925555605,-0.4889027221402052,-0.31145767744676905,0.0854726747469065,-0.3550454029050403,-0.26506457875069533,0.0664888241725947,-0.2581136695017958,-0.2023096655636684
21,l,0.0,0.0,0.0,0.2927099323282625,0.0039036331154373096,-0.11433174866646299,0.6049955631184707,-0.06942435850238077,-0.16056354386440377,0.8342180467300413,-0.18079377459763013,-0.19627059618687898,0.9999969930167144,-0.2785717187816582,-0.22861285969990824,0.49209686559266724,-0.40754852760544047,-0.0937521316105605,0.5366882566542884,-0.666263604632754,-0.200772656438143,0.5238786763622635,-0.8365249182556976,-0.2904118033832487,0.5063607194888547,-0.9921656651354381,-0.3528437208177969,0.3052900980019331,-0.4638118354512704,-0.08817813491560104,0.32756321053124937,-0.6295621049106491,-0.23751929975946506,0.2636456094051429,-0.42866094555001977,-0.29989269854331585,0.22975551413890347,-0.2699938524323344,-0.31925334320432563,0.13653897779637583,-0.4762397002874826,-0.0955097130718457,0.15310809014668425,-0.6308193597497912,-0.25044107813827904,0.09931842750024404,-0.4242810978713264,-0.23476811664091765,0.07243515652302694,-0.2699865039953403,-0.19074914193661635,-0.019540927808851402,-0.46828568935443793,-0.11182644693819292,-0.009068150480971105,-0.5907798325230865,-0.22662551076087026,-0.03759603750351661,-0.42457198843819305,-0.20482536424796804,-0.04196477291163343,-0.29141087205183047,-0.1637301601146061
21,l,0.0,0.0,0.0,-0.27170249674077274,-0.061472111676929446,-0.11465805310140904,-0.5457135772456623,-0.2345309661619245,-0.19730599069440508,-0.7803822818073167,-0.33318072121681713,-0.27633969823199184,-0.9999983187581784,-0.3620265191912542,-0.36219691799148573,-0.38240047864145027,-0.4593737469855504,-0.15859922059684992,-0.41169381367896046,-0.7006027376203374,-0.2852325683215042,-0.42167721715156564,-0.8524487762388837,-0.3648004944178107,-0.42251907986246506,-0.977951807281287,-0.42153102807304355,-0.15958273789184602,-0.4592296452621516,-0.17779854557121147,-0.10904341753695174,-0.5444219227507048,-0.3860952318133822,-0.10443887644623419,-0.3510145621101891,-0.42155091972262254,-0.11822925103978564,-0.21652356185761598,-0.3924090017254849,0.06215403951262408,-0.4232793717786172,-0.20729333992873406,0.09891941968470222,-0.4770685467515122,-0.3945664941311493,0.06360227185376426,-0.2960427609281905,-0.3306626408194096,0.01778624122813246,-0.18686035236873932,-0.237429877983507,0.2636476312840299,-0.3662702047145454,-0.24477109919603246,0.28346061615315044,-0.4321284000711984,-0.35764403506378073,0.2272038244293278,-0.29140394807850045,-0.2818416934321175,0.18405327484728773,-0.20733151534584554,-0.1942937586157711
21,l,0.0,0.0,0.0,0.21744564455461568,0.04501578785532287,-0.1935549420968303,0.4871996417101544,-0.02429628173888763,-0.2919937806322061,0.7038035510133405,-0.13810736152510183,-0.3590588067758689,0.8816270232977333,-0.2140047124920753,-0.4155089962727883,0.36007017169602856,-0.40759276418597107,-0.2211602940932328,0.38898003164041917,-0.6833637728421309,-0.3480965716797376,0.3744872170100811,-0.8480108063932044,-0.4281968775473236,0.3619633221843639,-0.9999974057179889,-0.48312425841816065,0.20415756205321825,-0.46184537290590777,-0.16435360223162682,0.16138771590073184,-0.5805419499643355,-0.29742510691528407,0.12640471330916567,-0.363370157367152,-0.30775971306521405,0.14699432916911134,-0.26266995266098164,-0.302090293303053,0.061271553454991294,-0.48653789724271745,-0.12677424417831062,0.01465169824765122,-0.6007075669155975,-0.2757628913361243,-0.014654481610290282,-0.3921933464915874,-0.22513389218082366,-0.0005466214960602313,-0.2835944998251611,-0.16922110429122256,-0.06601200660745819,-0.4979190670738419,-0.10406123188727609,-0.10483009633750749,-0.5879779352014762,-0.22781434771786924,-0.12754728367250062,-0.40601954576987015,-0.20535042705412354,-0.11814694025284189,-0.2966937775608755,-0.16832466823237244
21,l,0.0,0.0,0.0,-0.2675539196805971,-0.09344871519402134,-0.07236111732653223,-0.48411585890440706,-0.27496076865755625,-0.12720771424566302,-0.6304140656944445,-0.4191586839048192,-0.19364269783689644,-0.7735414367044171,-0.5012265105339083,-0.2627685506292107,-0.2667493059452796,-0.5187909768630307,-0.06526499247274142,-0.27827832785122875,-0.7511507433723286,-0.16729336041451195,-0.289283402539335,-0.8793469603788968,-0.23583118251416219,-0.28616546177787716,-0.9999984738931169,-0.2896630751436335,-0.10198177780016657,-0.5024212193462602,-0.09800187526277246,-0.12539257635352208,-0.6336200586966787,-0.261180722218124,-0.15080492604948395,-0.4409745361877484,-0.30268300432167417,-0.14630525642708303,-0.3235956233754614,-0.29537046129577377,0.07009313121726836,-0.4626670425631437,-0.14319251609821282,0.04130013944645798,-0.5843977645459908,-0.2881656867536128,-0.005338349023184004,-0.40318329672883996,-0.24635226550793912,-0.01091347488804245,-0.30532514726660176,-0.1833001980680205,0.24266806416812028,-0.4022189063809981,-0.19660006605906663,0.21362592457965862,-0.5395981397885538,-0.27643295307780974,0.1381569675590411,-0.41523954052274337,-0.22493562734867442,0.11579297188466733,-0.3320882983835646,-0.1687918062500895
21,l,0.0,0.0,0.0,-0.30785541257148774,-0.052471558182247066,-0.07700578185994157,-0.5779752678849323,-0.20708691768964504,-0.15190510486988285,-0.8089065478011525,-0.2970004085569735,-0.2342258595442655,-0.9999976316332292,-0.3604529611053543,-0.3112003530487658,-0.4062176681944739,-0.6704228235163177,-0.0400635535544013,-0.5804954984143016,-0.8271579265754443,-0.1726619800077734,-0.627776112944167,-0.7952770033206387,-0.25994922493501404,-0.6233130194351465,-0.762055570957734,-0.3081093897557018,-0.25467075605735756,-0.7134521636101093,-0.06985593086835555,-0.5055171226347168,-0.7409599158813641,-0.2236909663096852,-0.5270227933707826,-0.4750208933396145,-0.2635970867570851,-0.4720081358222336,-0.33266887705449716,-0.25190609970358996,-0.09060689658963071,-0.6871033108252635,-0.11892934486978238,-0.3488185108987203,-0.5955593565840361,-0.2547075322278343,-0.34464184251399776,-0.3383548886767718,-0.22637007878947218,-0.2829852700759571,-0.23661369181416286,-0.17288660986437226,0.068490190293918,-0.609854567734647,-0.17748705756064845,-0.16704541937423054,-0.5128775707340045,-0.25168092283005833,-0.18431308524627005,-0.33242395463426216,-0.21641482940087894,-0.12831506770961887,-0.26972127407221475,-0.1667547088590343
21,l,0.0,0.0,0.0,-0.26597934054930544,-0.10899396059402673,-0.10971909414946336,-0.4884918857527863,-0.2740156985925729,-0.1940019047890974,-0.7277402913661228,-0.37701919011170876,-0.27615363973790263,-0.9399359678797746,-0.4303742812297437,-0.3621700592496062,-0.33709670536271163,-0.48480932582769476,-0.1428451413760314,-0.3512035662738142,-0.7211474573998645,-0.28135430296854147,-0.3559521039285464,-0.8747523647804294,-0.37626312036412385,-0.3574138266444035,-0.9999983131353875,-0.44124895151532684,-0.13525218337229844,-0.46890230784514464,-0.15542449802726468,-0.09570774769549986,-0.576813449427724,-0.34416501973380315,-0.11799836557004097,-0.3968064896950096,-0.3754144705785143,-0.1372202505369831,-0.2623920972519916,-0.34962541574788797,0.07592572672291457,-0.41490754965335247,-0.1810517383032183,0.10040802376654717,-0.5012758262736089,-0.3569170372279175,0.04295220620978408,-0.3189123439000293,-0.29866812097926554,-0.0017605423548395325,-0.2093960522075793,-0.21137100996300637,0.26140806366964925,-0.3447311851768362,-0.21387020591064024,0.284204623813154,-0.43233088626830324,-0.32161554884426863,0.20134038953083783,-0.29742256667975986,-0.2510327564788974,0.1586134040449167,-0.21261489874943154,-0.16933114877479932
21,l,0.0,0.0,0.0,-0.24116628059089792,-0.000747038114474506,-0.1259428956033575,-0.4909052473567266,-0.14030426841943874,-0.2242336726549363,-0.70904074408644,-0.2497921409614202,-0.3140854901350567,-0.8723175364354427,-0.31570678340364117,-0.40407934092083003,-0.36260224231022353,-0.4446243148869755,-0.17931711601835154,-0.37776265188798613,-0.7055516748837796,-0.3068202901849907,-0.3516028124268127,-0.861727988621876,-0.38082984215631166,-0.3353316215921495,-0.9999981039001805,-0.43029543427330147,-0.18645743589850694,-0.46628604686325603,-0.17454974706481477,-0.18858191736233323,-0.5365198353903291,-0.31695234778866427,-0.17155617282550834,-0.31836944875568646,-0.3121631666783811,-0.17422686233884374,-0.2462820789705958,-0.2822910224569654,-0.006170919081170496,-0.4503984900497099,-0.18553367958038186,-0.012616015842479442,-0.5067329055014873,-0.3191035011125535,-0.008643038856664497,-0.3127850845631881,-0.24734125113015792,-0.02245182932246677,-0.2581346693269519,-0.17478031455850498,0.15747642564571926,-0.4160434390433099,-0.20731633905779515,0.15048161732785903,-0.4895276344828405,-0.28808884629223436,0.1256146284734225,-0.33644076411188517,-0.2223666989587091,0.10614677000367438,-0.2770070446158882,-0.15778624285550483
21,l,0.0,0.0,0.0,-0.2281864009938793,-0.004278954119113542,-0.12493846652609107,-0.4467647031261757,-0.1105451178199298,-0.21998333350473595,-0.622804613366473,-0.18890347889232784,-0.30680830583268887,-0.7532017039167658,-0.2298723666244324,-0.3954937432713445,-0.3694558719028319,-0.4451335817626561,-0.16937542818018575,-0.3919715359720275,-0.6987636478852068,-0.2832185531362293,-0.37865957689183066,-0.8642492855285434,-0.3524248322119417,-0.359639849394343,-0.9999981523411358,-0.39811899957163355,-0.22111330767589077,-0.4590683206221186,-0.1559071822115273,-0.20251317185992426,-0.5604810970776234,-0.2807934013202773,-0.18062700544206067,-0.34791639173521205,-0.27682919602682976,-0.17087315078244805,-0.26016545435260563,-0.24714429597876164,-0.06132354451241598,-0.45255787662194935,-0.15753245296925142,-0.057925787989021975,-0.543300304461511,-0.2710333519015871,-0.05681877077572787,-0.3398368840913492,-0.20920431504844092,-0.06402418414761343,-0.26196386174348235,-0.14371496024993052,0.09211832512908516,-0.43119333645068025,-0.17126008038355361,0.08452790059746261,-0.5297511274070369,-0.24744753631867464,0.06401977898560271,-0.37202699977491416,-0.1988032870249283,0.057855305396850444,-0.3005509885054405,-0.1461129377227289
21,l,0.0,0.0,0.0,0.2521576611346616,-0.09284604668097488,-0.04493996419064206,0.4272410275507983,-0.1852219734570085,-0.05263049964318327,0.571899986179389,-0.3045304626660369,-0.05686601238524288,0.6580688275438353,-0.3927806920944728,-0.051156054013287454,0.2743913663359522,-0.49852869071211364,-0.011131510894171946,0.29882403836533655,-0.7408364714141893,-0.07585386676557525,0.28578294342650246,-0.8748341585621369,-0.14604063776312856,0.26699541813445116,-0.9999983629507697,-0.19989574891902165,0.14897600199810415,-0.49740052003114005,-0.017049032680597216,0.20040456311434526,-0.6462604069012077,-0.10464358211850625,0.18947812956610613,-0.4551778394777024,-0.15261890128148142,0.17362617034714692,-0.3251408978925241,-0.17610113683637843,0.03040508779145246,-0.4660656330337546,-0.029095984837493552,0.09046188110244967,-0.6241169592574245,-0.1195746459176109,0.08163898531069111,-0.43123782734870164,-0.09999381158142212,0.0636485562211025,-0.30408854214933306,-0.06921857022845147,-0.08506994340482647,-0.40200677083501035,-0.04626460971825185,-0.04273202590499291,-0.5354402262788645,-0.11192784269107546,-0.00987847012377483,-0.3962331168509342,-0.08514235738743245,0.0009143822393533512,-0.2958541256325228,-0.05177443110416004
21,l,0.0,0.0,0.0,-0.2858243291209975,-0.10267822563756672,-0.08919412353585748,-0.497999029679732,-0.2728772799256875,-0.1581179804808737,-0.6327376400745474,-0.41787309800117045,-0.23671848187735564,-0.7703081260895808,-0.5021742484238041,-0.3154446759223062,-0.2588197651436824,-0.5229303478135922,-0.07377919643601923,-0.27359922383764834,-0.7547772429299104,-0.18022509924093788,-0.2878233555511941,-0.8842481116313008,-0.24805165912935562,-0.29021391764245025,-0.9999984198031375,-0.2981975394713413,-0.07546729778404726,-0.4964994772958665,-0.10189280730724752,-0.05892060704570795,-0.6103145236856993,-0.2742995948052018,-0.10350876724430785,-0.42792163422235346,-0.31212943224518236,-0.12199505236999353,-0.3148692676534082,-0.29829339836454394,0.10518831112403206,-0.4458536284254182,-0.14557196806757813,0.11049028981837,-0.5451559068175299,-0.3016750203811269,0.02999679308874165,-0.3772259132969301,-0.2554828072415421,-0.0020525246874691363,-0.28846750094113544,-0.1845288833391948,0.2824494179333417,-0.3715656469781826,-0.19864646592679067,0.2952045138745648,-0.48958496882400404,-0.2791616727766678,0.1900323087399581,-0.37979081565968525,-0.22268992962019435,0.13196494238550302,-0.30675872463933634,-0.16155207647031397
21,l,0.0,0.0,0.0,0.10451989075626711,-0.1261757637142908,-0.03374090045474951,0.1767302514424927,-0.31365843206366306,-0.06519037221979213,0.2595567101859603,-0.4318083788985917,-0.10362469905962177,0.35198472643818973,-0.4910231728115366,-0.14019620049373935,0.05442235665885274,-0.5225961528667827,-0.039806236155634896,0.02975863683202745,-0.7501060010278883,-0.10114320308938374,0.015611095486793647,-0.8867627706410025,-0.14201924207287403,0.00296948488886434,-0.9999985032390148,-0.17041048620316693,-0.014669799555821508,-0.5084914788037812,-0.06345292580839244,0.0799085394927515,-0.6467933751623327,-0.15431630856262266,0.14906573264550543,-0.5078815679297322,-0.1854881271340656,0.17490386434185184,-0.38798316234177943,-0.18896430240677567,-0.07536237722846582,-0.4701002813120351,-0.09288413087474319,0.0427950189676832,-0.5498905231643288,-0.18852334036878754,0.10419604427447117,-0.3928291279399701,-0.18380561976166618,0.11716935217799752,-0.2802233793450437,-0.15605420661942568,-0.13004720120121488,-0.4116996089058749,-0.1246651187296346,-0.02832818104990184,-0.48703312543548094,-0.19189306114717172,0.029883625515497447,-0.37997719555668713,-0.18222441478047316,0.043417642823455595,-0.2865543550293871,-0.15873977940153924
21,l,0.0,0.0,0.0,0.2334376014451635,-0.04881230651437099,-0.10563758773631571,0.4809044096675641,-0.1593063486687349,-0.15095715507369062,0.6685508181854508,-0.28919437184393365,-0.1877198457327619,0.8141085180938261,-0.36833230105382214,-0.22072219650551755,0.36681203138090873,-0.4727517397694433,-0.07679419260286027,0.4007448052588989,-0.7198122666821045,-0.15789235499331605,0.3858119470103109,-0.8686734882667119,-0.2192942672039465,0.3701616960358669,-0.9999981741728279,-0.2644761197874492,0.21232256349728834,-0.4950166520409523,-0.07215203481855915,0.22298518289977498,-0.6370653090105381,-0.21253081112465658,0.17579419265206092,-0.4334223051083111,-0.2613306160477984,0.15540041081623227,-0.28195362432844484,-0.26624584993910105,0.07012856702749307,-0.4802893694688118,-0.07920171476102364,0.07077092299902901,-0.6000821468726298,-0.22616483702571577,0.045430809733758556,-0.3959837531249319,-0.21231760390013554,0.033320889684858274,-0.25654897618962574,-0.1665513733448996,-0.06812482994186497,-0.449871950540852,-0.09401298517239036,-0.060082239343228885,-0.5575332599953269,-0.20407621215435787,-0.06204483952801148,-0.39797900164371885,-0.18826594353287499,-0.05092639496893386,-0.2767638451551105,-0.15008630157454161
21,l,0.0,0.0,0.0,0.23635591242827578,-0.010996061381167788,-0.1523251014604691,0.495187242719904,-0.08771313094282182,-0.21587097097891694,0.7205121288205644,-0.18638346412016701,-0.2599390246631421,0.8956838591529209,-0.252881986654835,-0.2963674654006959,0.49406654161646596,-0.38298008967130326,-0.12271162499334226,0.5445413417499588,-0.6606616274367174,-0.22365580859356485,0.5292313351039969,-0.8427938263441938,-0.29858490170529717,0.5177598498775292,-0.9999972198366873,-0.3498598356962424,0.3300862455177027,-0.44979371100061677,-0.0925454206642433,0.27099101183372193,-0.5993461610809728,-0.23451702293600388,0.1838035979174648,-0.41475717755360936,-0.2844057666537128,0.1547203023074474,-0.27330275821010996,-0.2957390699146875,0.16565256508964674,-0.4785469110024649,-0.07928982211730436,0.09963824906455229,-0.5764405583788617,-0.225399581728487,0.04481163878350098,-0.38684040204083464,-0.21406909554850567,0.03642104589994612,-0.2593040199112581,-0.1762977357303276,0.016612740894768337,-0.4851194095260655,-0.07874678832816248,-0.020996118920517698,-0.5685843823308218,-0.19347304355671419,-0.061068598919866025,-0.4117555777551287,-0.1828191539470918,-0.05813717758025064,-0.2990219619820532,-0.14971611161161438
21,l,0.0,0.0,0.0,0.23770505531301797,-0.07016904693356615,-0.09398301279549971,0.4595618970304263,-0.1720800880578547,-0.13753224162174926,0.6374320653303063,-0.29148048070471455,-0.17167524254548774,0.7620332385307628,-0.38477036837519435,-0.20070579085860044,0.29671147173224655,-0.48886862547563853,-0.059771389143189496,0.3231509414072462,-0.7258663592209998,-0.12998284800827858,0.3208666721895016,-0.8685875345676671,-0.1929309076078821,0.3048738838859093,-0.9999981262563893,-0.24253382539800736,0.15852167202919415,-0.5071900214744332,-0.0544458298391149,0.19143048295351978,-0.667216549246413,-0.1579765376755257,0.16945842201290595,-0.4662155165865669,-0.19883602218688853,0.1585389830216525,-0.33214070731659523,-0.20916130324344287,0.01827862109484925,-0.4824748941740176,-0.059165281039503,0.06144299444965101,-0.6384437532347184,-0.17279668772627677,0.04799790957968144,-0.4430613940706043,-0.1527724764096486,0.03792199057739393,-0.30927886136362276,-0.11405450825039913,-0.11364194684750445,-0.42471855477792575,-0.07107113947037043,-0.07660270520166351,-0.5525547057335566,-0.15984879131228405,-0.05278032253489785,-0.40681915610173647,-0.1378584002643333,-0.036983232208951534,-0.29685610228214043,-0.10211044697206215
21,l,0.0,0.0,0.0,-0.2755280803053041,-0.08032400611926956,-0.09126378172819981,-0.5281588822320268,-0.23346014090709602,-0.16444251658141443,-0.7427052686134454,-0.34008508003121984,-0.2441051761925367,-0.915891372755627,-0.38629602870476876,-0.3258202601680551,-0.3602865985548691,-0.5263100679070915,-0.07971078912651532,-0.4145042286774657,-0.7538801783530232,-0.17780003850266077,-0.4552840238979107,-0.8841652266069073,-0.24023489839495657,-0.4799558864971824,-0.9999984054103808,-0.2899524116120271,-0.19081347282163055,-0.5291475873016926,-0.10565658668385151,-0.23365574340970333,-0.6560233732773827,-0.2635087210955518,-0.22699052635414405,-0.4582290391284928,-0.2935229651666665,-0.20482338326469243,-0.3409237566507566,-0.2760026170984594,-0.011221386719060391,-0.49552225300569464,-0.1463016200489105,-0.05710176906410197,-0.5983929166910489,-0.28701031901359036,-0.07707166304992134,-0.4127945601561344,-0.24039675994108883,-0.07663093962689414,-0.3166927125194599,-0.1737590599788014,0.16743194043392173,-0.43296385844247376,-0.19686188493765547,0.12224605152257861,-0.5479598813455754,-0.2771905839012235,0.059945228767941665,-0.4177316699704859,-0.2259522802353709,0.0386941288855498,-0.33782148955401137,-0.16899039357321852
21,l,0.0,0.0,0.0,-0.2937540701105429,-0.08938038860165042,-0.08776336168609096,-0.4980725581477623,-0.2985990989832093,-0.1339488715772392,-0.6070424214185168,-0.47206810696729345,-0.18560842791116647,-0.7387521740727901,-0.5668544118706959,-0.2376204637214287,-0.3483529026288657,-0.5089623241123229,-0.07720830406383929,-0.38421890075984116,-0.7466203100901729,-0.188563986841159,-0.397595864507505,-0.8809943675597265,-0.2561831965740175,-0.40419016384735473,-0.9999984979841102,-0.3079258005059345,-0.15998658128487,-0.49746323654483227,-0.10455644545999669,-0.15385236183298048,-0.6373183011910214,-0.2823875170578277,-0.15523868934126311,-0.4508500891571228,-0.3097739760628676,-0.16069859049852012,-0.32870590678287614,-0.2829322224593304,0.03652509681460327,-0.4549002962268488,-0.14691869953963638,0.03227166317440257,-0.5668940276228699,-0.31687770711753854,-0.003306236672965941,-0.39343276373497343,-0.26022899443290826,-0.024576985958911727,-0.2959184778496608,-0.1757741531606735,0.2238353562091187,-0.3879182510323466,-0.19796874402549605,0.22074299983433082,-0.5180577874665508,-0.3091160188500651,0.14352513954929133,-0.39664992092,-0.25656767080613374,0.10035381766317514,-0.31048069118609783,-0.1911320052350535
21,l,0.0,0.0,0.0,0.2571365859428841,-0.06258403185279134,-0.08808959030498323,0.49818619320977164,-0.15806897606251305,-0.12674174391166487,0.683924431281413,-0.2852910928327627,-0.15979458374674216,0.8255836297343183,-0.3682731730099066,-0.1886883350772684,0.39609736777403665,-0.46665853137855684,-0.05327651688346373,0.4273707080514054,-0.7159414434162246,-0.1304521740978911,0.41236557537751534,-0.8615512661247011,-0.19914723518890642,0.39389246054438526,-0.9999981992793238,-0.2498395609402419,0.2469873366786171,-0.490891956957661,-0.05179166862168089,0.2641105455473152,-0.6287795866233232,-0.16511482267969116,0.21517911078673402,-0.4309727470246372,-0.21712129965073396,0.19143704797340622,-0.29235714270653335,-0.23531656053893096,0.10638460037152592,-0.4802702352392771,-0.060946473116302434,0.1136029533830503,-0.6015962134828426,-0.18061060704938753,0.08071771139829191,-0.40148378987986616,-0.16911012359565006,0.06270188163802998,-0.266148391583229,-0.13571135492831038,-0.028605137421139463,-0.45140417538834243,-0.0774000553193533,-0.019912427783995334,-0.5650855342979108,-0.16769771055591906,-0.023440193486384573,-0.4116565983680492,-0.14985593194136532,-0.014089435549333288,-0.29430644040654375,-0.11663658098554616
21,l,0.0,0.0,0.0,-0.22365044464829867,-0.011876136563004083,-0.07143856248024436,-0.45075945008730384,-0.10450340070194127,-0.14241352617055816,-0.6403020919834086,-0.12379009266134194,-0.22140325491230584,-0.7935858825492068,-0.0978304769347782,-0.30836137682581294,-0.39574497278100773,-0.45414603678538934,-0.0931465014729671,-0.4636647133546568,-0.7008407351285696,-0.1922936159070822,-0.509380446354709,-0.8620641420815953,-0.2562284851377332,-0.5388063857919692,-0.9999982749644309,-0.3042587764313133,-0.25301608007795556,-0.4795180354557683,-0.12244874829105132,-0.3359794856207954,-0.6518903321759285,-0.2734394699709756,-0.34861376642943004,-0.4584551257106122,-0.30157332021548927,-0.32148179555420153,-0.3208336688501489,-0.2807245591009139,-0.09771500992618756,-0.4662819998227555,-0.16149791951962753,-0.1865573107643817,-0.5432657977506377,-0.2865805512117948,-0.1886145359717562,-0.3415245753565865,-0.24530554261136275,-0.1619130215804678,-0.23541944263342968,-0.1827092886833311,0.06482973854722852,-0.4258029475716131,-0.2083128254391687,-0.03286563273368672,-0.5092549543832176,-0.2707206486222151,-0.06030030607845293,-0.36748984619042757,-0.21866916477389642,-0.04224437110287236,-0.29317813786116836,-0.16311525449592196
21,l,0.0,0.0,0.0,0.21423048943327452,-0.05727874569520874,-0.09400252257542191,0.41547189914053856,-0.19107458917552994,-0.1339417142052581,0.5665324884345426,-0.33410116061217765,-0.1652785024639421,0.675473794252622,-0.4377187820467257,-0.19299596763825164,0.2541810178883977,-0.4836976164896758,-0.07513472100045436,0.2546474367036296,-0.7316639827922181,-0.1425512840034881,0.23684924979928257,-0.8745792942926075,-0.1952835836315154,0.21101504768500007,-0.9999987588883094,-0.23767853875136746,0.11852245818800675,-0.48628951435316203,-0.07000717941429203,0.12576323116737234,-0.6250180049676385,-0.18353822576610546,0.11817521474332814,-0.4236998821261325,-0.21879203511347753,0.11603745567551339,-0.2875177201459301,-0.2208968933457531,-0.011129581462873779,-0.4494335508272667,-0.0744772406158267,0.0069372863513736975,-0.5911146463858117,-0.19543074043218156,0.011878218799931194,-0.39099256785908276,-0.17428539747337124,0.01522145412525771,-0.25865656718602353,-0.1321235592911083,-0.1374917964759135,-0.3897928987192547,-0.08595025113477314,-0.12281395514426909,-0.49609755118087157,-0.18348910568786375,-0.09207063027065186,-0.3533152485670463,-0.16850082398221128,-0.06603232831319333,-0.2490572906908413,-0.13577626405516138
21,l,0.0,0.0,0.0,-0.2536974901561711,-0.09451426111900195,-0.0890760831840841,-0.5011460057745591,-0.28333728272869463,-0.1552831694017926,-0.718299779046349,-0.3928533759269897,-0.22465767477453005,-0.9100283353056323,-0.42075204200616145,-0.29802168529420886,-0.32470883331551814,-0.5091546629209245,-0.09355988340951646,-0.39464993225555445,-0.7431105930661333,-0.19402212480514427,-0.43772764369957556,-0.8805496565613634,-0.2543497011418542,-0.4605967439135547,-0.9999983993832733,-0.301040440867963,-0.1454626752486001,-0.5081603604379813,-0.12047993503247116,-0.19187376143861923,-0.6293329377435487,-0.29945298667593545,-0.1926875591914023,-0.43481681411736134,-0.33598492114267664,-0.17483161532169209,-0.29770343668057936,-0.3131438697609739,0.03661336194411521,-0.47018405421528947,-0.1585078906992911,-0.021451632440007983,-0.5446966357954319,-0.3218662456633264,-0.039049221759362186,-0.3592530691561915,-0.28220028350855203,-0.03593589678086639,-0.24573467472378138,-0.20925504968709607,0.2149655827374603,-0.4069724330231056,-0.2034051508820084,0.14307776127156954,-0.5002656158961672,-0.29813271192196983,0.09459640412781159,-0.36758691148900013,-0.2473085856027396,0.0898302015330243,-0.2770185677269861,-0.18380425242576584
21,l,0.0,0.0,0.0,0.22584209547489956,0.03023328771607876,-0.1693604777391112,0.4714461237597821,-0.07517509319521974,-0.2548902726246371,0.6635637764341358,-0.19309105036902222,-0.32123765114418357,0.8234209266968243,-0.2733006031701864,-0.3859610608849768,0.33389636200526,-0.4032126788630921,-0.14383666556512098,0.35046383195106723,-0.6757664075109929,-0.25632704229195924,0.3410465955240759,-0.8617656357598341,-0.33038702420246785,0.3203380965780231,-0.9999987355088364,-0.3825373238599662,0.1737303850252735,-0.429330450170458,-0.1182396412977774,0.18182036373618954,-0.5750493663446262,-0.30369944028022644,0.14148269543653463,-0.358874884930608,-0.3604740196285465,0.12080197016841333,-0.1888249832909249,-0.35372369692412564,0.025372630284652763,-0.4104643597916659,-0.11069292627893805,0.03439653189019222,-0.5241857379023454,-0.29972041812045236,0.011654807527209604,-0.3019990654387832,-0.29566570609347964,0.012397009137604349,-0.1498504109267657,-0.2411335026539752,-0.11358021094984987,-0.36640829722446794,-0.11390300948165195,-0.1057445290892483,-0.4529111694840892,-0.2595153060109251,-0.1060420126897792,-0.28232520194403216,-0.25522862536182567,-0.08752933011511412,-0.16258500026370573,-0.21515081241654888
21,l,0.0,0.0,0.0,-0.26563614646714634,-0.07080012948765878,-0.1002429217810093,-0.5257921872127123,-0.2438670910341461,-0.17460120917479266,-0.7489454604622244,-0.3519699468804739,-0.2516814199137617,-0.9431461529794912,-0.3993216604057112,-0.3313735836923821,-0.35377632359981254,-0.4982058097625073,-0.10652028786644997,-0.4006075045185173,-0.7304417633441743,-0.21899754379258624,-0.4154117089976438,-0.8761417036212036,-0.2900241643811694,-0.4234474311109896,-0.999998365814376,-0.3428716658416196,-0.17602076979744144,-0.49115689824736153,-0.12991650689576414,-0.199255966097494,-0.6023772515372479,-0.32103807956059766,-0.19843776364710605,-0.41129975465917623,-0.3623348514403301,-0.19432649114401385,-0.28264306882878154,-0.34365178291604304,0.004793010473361866,-0.45047986602127116,-0.16619395983568588,-0.03524202504433482,-0.5235966286016445,-0.33644568399562186,-0.05235648258516383,-0.34193849262355686,-0.2925007852744508,-0.05620067043123653,-0.2391058346082636,-0.21678379478775536,0.1798658342889967,-0.38742256165073,-0.21036645764026618,0.11826220293864481,-0.4705529046606815,-0.30080459044661567,0.07537729036220402,-0.3482788797786881,-0.24691129962799999,0.07262053253471834,-0.2767210363789379,-0.18285342619543532
21,l,0.0,0.0,0.0,-0.19492945285647525,0.0006905851619425035,-0.07406252794871154,-0.3915765899928668,-0.12835485719547798,-0.12280456271163061,-0.5490593980963163,-0.20096415504803614,-0.17575343073345537,-0.6728849151475336,-0.2445828186209726,-0.2290646321964289,-0.3083398629685236,-0.48789815871752756,-0.03638662230502069,-0.34936921947645244,-0.7195570340629398,-0.08942190491609804,-0.36794823244739616,-0.8790651656114805,-0.12540237944860821,-0.3746912491806802,-0.9999985560697372,-0.15286934136273395,-0.1967464560891435,-0.5247903730601303,-0.04646472579375291,-0.24843672103455974,-0.7377900444170715,-0.13902571878540737,-0.24746091662701936,-0.5827109658293477,-0.16055163869023595,-0.21974227928171086,-0.45638659597598435,-0.14596917003003476,-0.07189900381697598,-0.5326011546004482,-0.0683196827620475,-0.12248755133242883,-0.7244428337154851,-0.14938928357741046,-0.128805579340679,-0.5751397030459696,-0.12719119641002322,-0.10941161735447688,-0.4613717791299944,-0.08684375402028492,0.062099648565384066,-0.5112975834949565,-0.0988264909983623,0.020803361613815567,-0.686102576582543,-0.14498437183517845,-0.013867129066902285,-0.5954196176315033,-0.11867156242204217,-0.019899937829554543,-0.4970136418733075,-0.0855059281570409
21,l,0.0,0.0,0.0,-0.22014175673884298,-0.01887981571400664,-0.0824397204699497,-0.42742967389437675,-0.14939750979268873,-0.11878377235147829,-0.5913640800568711,-0.2217618411059672,-0.15520616201158727,-0.7188269229657241,-0.23763133519440094,-0.18763889115712828,-0.3203400751773032,-0.5118200930032246,-0.014853224271098186,-0.37563701433286156,-0.7405784498776241,-0.04432510813661489,-0.40426284519013544,-0.8925400970400654,-0.07901132886294285,-0.42260110698567344,-0.9999985088187976,-0.10795830461579971,-0.2093591631327264,-0.552616666013906,-0.0135217236813362,-0.23925297498472772,-0.777618831396442,-0.05887251472320358,-0.2745540156174478,-0.8201053494963739,-0.09338113389521345,-0.290073183960002,-0.7659704447951171,-0.10667165854264156,-0.08796958121992862,-0.5604011147360927,-0.026584267727931862,-0.11618229167460242,-0.7823003663718403,-0.06843585096641296,-0.16314309571835742,-0.7990964482823709,-0.08872093043802158,-0.1811112556730118,-0.7223976191305167,-0.0905988428662188,0.041400477179241314,-0.5445158886529815,-0.051108830900771174,0.01574186050449792,-0.7374096528480417,-0.08521430104392592,-0.038209104292890365,-0.7534489769298637,-0.09538057487127646,-0.07519297950879227,-0.6748644415685509,-0.09390233399006004
21,l,0.0,0.0,0.0,0.2790440599007574,-0.0604852530385939,-0.08132433299129418,0.47912583601768105,-0.13299283324003824,-0.12834692344199966,0.636719466964751,-0.2528144177699007,-0.17999724652183274,0.7661929857338523,-0.3335525889344716,-0.23018812506989259,0.3001025114451185,-0.4975336277396467,-0.0295626075978315,0.3190476613248447,-0.7427447082759793,-0.10788639620725493,0.3174783394293437,-0.8756116589258859,-0.17961931085529104,0.30501833814951745,-0.9999975849520809,-0.2326483056042471,0.1607625038334722,-0.5127207252688094,-0.034250863644230634,0.19533695972364695,-0.6516835169542807,-0.15735685963204474,0.20401443748044276,-0.47090949591381476,-0.21707373584868422,0.19986873296838745,-0.34660313718515573,-0.23959523962340645,0.029781992684624135,-0.4927038100090656,-0.0502104652565129,0.07368730663646343,-0.6497710228519485,-0.1721648339230607,0.08567386270309006,-0.461188034755155,-0.15689104366673187,0.06961688696676244,-0.3232606615611842,-0.11922599565178543,-0.10423409543471777,-0.4545234548818427,-0.07517954961079551,-0.06349722252506076,-0.5927261287660671,-0.1642897227270356,-0.02318701170476945,-0.4632465641778858,-0.14732350798224042,-0.013952454904166208,-0.3490266469478281,-0.11437787852238157
21,l,0.0,0.0,0.0,0.25219294246121,-0.006720093361056935,-0.09747976422958168,0.5271012881056623,-0.10650071537048977,-0.1447269593660666,0.7241425438359554,-0.22770273293115095,-0.18704291518333444,0.8897795076627076,-0.29475602557850666,-0.2282246364320491,0.4304072966638699,-0.45006522369752405,-0.09111859570594062,0.49086882522621095,-0.7008536458394876,-0.1763729744120167,0.5095530694518361,-0.8591302404318033,-0.2412909862679837,0.5235611443683192,-0.9999979097009871,-0.291347424504198,0.2716744478881886,-0.4874268596146167,-0.09688374171031307,0.3244869286407633,-0.6122586022227902,-0.23072389580479494,0.26424929105808037,-0.41015594017216817,-0.2807973563588143,0.21615982602997955,-0.26198147602650723,-0.29262900413108067,0.1160927680927593,-0.4783466288981543,-0.11228248392528546,0.1654926868348523,-0.5917721415137179,-0.250680702345309,0.12653808590917937,-0.3875826959248134,-0.23605167881655897,0.08932197289928799,-0.2472930067639401,-0.19653295859030342,-0.03546024457565561,-0.4524109084354334,-0.1350855683978624,0.0072010166673898745,-0.546224592883494,-0.2416066389095885,0.0006542924205200604,-0.3914381808249359,-0.2264395668579372,-0.009193733600418122,-0.27323645190152956,-0.19305791392745753
21,l,0.0,0.0,0.0,-0.1913118764029604,-0.0658093235489609,-0.09103344338594366,-0.3877541239006326,-0.2161921402159505,-0.1706968728344233,-0.5673625399293624,-0.3064157537740822,-0.2547559068002299,-0.7280964688745903,-0.33617440076495975,-0.3443276375184492,-0.23882800317654812,-0.4827741954433544,-0.13464518919828256,-0.25004762927827845,-0.7289796399305325,-0.2487408843661664,-0.25537708635812373,-0.8773728100932441,-0.3141087437218619,-0.2555176890151037,-0.9999983714731471,-0.35972440499987063,-0.0843728540486621,-0.46918567908117037,-0.15971773211941567,-0.15282542989463443,-0.6025308705075025,-0.34149728710522864,-0.20901359075492498,-0.4177509266518831,-0.36904713284636986,-0.21792227605165,-0.28480662509322596,-0.3410409472770429,0.06697782529885711,-0.41667774544679487,-0.19580101131292402,-0.015074429702224909,-0.4664213347478576,-0.3543796840140467,-0.07490020503978417,-0.28604103585526536,-0.31158835494785525,-0.0867953742490409,-0.18302757950183332,-0.23879022515066245,0.213757583612765,-0.3404948869659799,-0.2401698007546166,0.13773168370726008,-0.3995087875206739,-0.32494982980870957,0.07311551712039624,-0.2820255365705248,-0.27679803051189267,0.06267461715993043,-0.21337707797564975,-0.21803818056402008
21,l,0.0,0.0,0.0,-0.27314104658975674,-0.13050143417173296,-0.10093363933272673,-0.46802920177253815,-0.3373078915404569,-0.16473069948686125,-0.6176332131385692,-0.4860843191570261,-0.23470508726921124,-0.7687285152953571,-0.55911499480025,-0.3066719664175613,-0.18760641240970322,-0.5446254810842514,-0.07802792328155564,-0.12884320752762185,-0.7638599707057775,-0.18344556189474515,-0.08506395070246148,-0.8886015018589359,-0.24964811925925,-0.03880627641793118,-0.9999985743350115,-0.3017560263216399,0.007146757991681702,-0.5044999483042302,-0.10277815517231557,0.05897445585252619,-0.6146533083090947,-0.279273178671459,-0.008691966216367386,-0.4322973237798718,-0.3127690764608613,-0.04774713808580013,-0.32563444843389355,-0.2909111866796009,0.18819393823820502,-0.43254214037112343,-0.14389468104056186,0.21309512513532441,-0.5185601194907948,-0.3070591607244124,0.11940030614398943,-0.35814755334369824,-0.2578235360642773,0.07331224446485249,-0.28160978018369515,-0.18037403141809355,0.3519928931315593,-0.3369057839008169,-0.19493369303276556,0.3836366909505955,-0.43686828152371626,-0.2825690889499849,0.2761592332222021,-0.3396128724629491,-0.22288397667516185,0.21385651238197992,-0.2842242446276516,-0.15625644243633444
21,l,0.0,0.0,0.0,0.23787351676258353,-0.023597453303929542,-0.12545347495092576,0.4818334790543497,-0.11213951403515515,-0.1773996165776312,0.6794646203005075,-0.2319233374815589,-0.21387872995755844,0.8316088388042595,-0.3074386855545028,-0.24369626907467135,0.40776471076080945,-0.42651290251362395,-0.09202476670241981,0.44008195483957435,-0.6941319785866111,-0.17123805427915154,0.42523256755697303,-0.8599271794980186,-0.23276247823848845,0.4076869254441526,-0.9999980948597675,-0.27883269149501455,0.25473112787741303,-0.45698317115381437,-0.07149959210162109,0.24872996230853595,-0.6062149824912068,-0.1988261640211932,0.18464133403008554,-0.4068127774622192,-0.24417286027760385,0.1604592985215583,-0.26401744557896517,-0.2516857295369834,0.10850960829464039,-0.4518430947180889,-0.06441779260164875,0.09352838341694619,-0.5651331501085245,-0.20262472763260517,0.06243412891539904,-0.3691125623603872,-0.19097067031410145,0.05575151855052531,-0.2390318934271331,-0.15196469808369653,-0.025650872108463375,-0.4296465720004301,-0.06634637874790912,-0.028143636008099868,-0.532910554294626,-0.17384819167941493,-0.042636005720527344,-0.3773210140390098,-0.1600031434233412,-0.02947978334889218,-0.26441000592886693,-0.12605721959667066
21,l,0.0,0.0,0.0,-0.27192237443514083,-0.06385909561054906,-0.0949068740362962,-0.5300197123910113,-0.22667289402684887,-0.1719329311189006,-0.7439258805384069,-0.3247681720830314,-0.25231256117082485,-0.9293496477959694,-0.3740734467001115,-0.33559496785492277,-0.36649660080249535,-0.4810953279168481,-0.11333854347375534,-0.4092480902785324,-0.7241105288613231,-0.2279964039986113,-0.4244806266211023,-0.8725860338971316,-0.2970161246190535,-0.43126547808153265,-0.9999983907639889,-0.3465932786393313,-0.18748159075948626,-0.4782528956591802,-0.13905814797626964,-0.20412575143681008,-0.5887917040932904,-0.3333759062945143,-0.20338670370294593,-0.3909980714363346,-0.371412285616189,-0.1976368068237478,-0.2581994905628225,-0.3478375981058448,-0.006454989662019082,-0.4457628034078704,-0.1766973670743193,-0.042508817085812965,-0.5167474030456011,-0.34839713541350176,-0.058190153473386165,-0.3314774402061113,-0.3024546958419,-0.059141851282003985,-0.22745318647525703,-0.22398262184789355,0.17011641492116866,-0.3915235099160371,-0.22149985788874058,0.10914962889750347,-0.4758292411310453,-0.31626141199447755,0.067926975479878,-0.34411482074239585,-0.26083659673384124,0.06351580530042579,-0.2659298051657187,-0.19331003069783292
21,l,0.0,0.0,0.0,0.24099688671116284,-0.0493686534543927,-0.08206889009972737,0.4682287731777671,-0.1525741103536908,-0.12776418403324905,0.6497015667517894,-0.2630719680415008,-0.17333397609769655,0.7991124780203648,-0.3268462817422971,-0.21801972777491113,0.3434296847334221,-0.47138224540182616,-0.06539056816156104,0.36197672017804117,-0.7203444168602195,-0.14638266416743667,0.36211516384460973,-0.8674695157805581,-0.21548695460163364,0.35818324436607346,-0.9999979976730191,-0.268809890363893,0.196045421656227,-0.48014107492406927,-0.07486178582669026,0.21596734592745817,-0.6018612239631242,-0.20089491755281186,0.1967921820197784,-0.4105912136936003,-0.2557088229789216,0.18121798561874294,-0.2744983444529461,-0.2761815680537137,0.05513244520720591,-0.4557364998817322,-0.09383673602454419,0.07857155469720972,-0.5742072805880317,-0.2210968471233777,0.07436489614932784,-0.3874528611344179,-0.21123351164229065,0.06147113622024401,-0.2512885024486994,-0.1794413259536787,-0.08218732135441825,-0.4192981268408802,-0.12003106841974406,-0.06645916604831945,-0.5171336403491551,-0.21487295395670225,-0.05267268316584507,-0.3773738041642596,-0.20195004328144653,-0.04376610083393653,-0.2650457450740105,-0.17365831917472968
21,l,0.0,0.0,0.0,0.24222927952097814,-0.07337654300754243,-0.11661049281101415,0.48827451922106796,-0.18081166528183928,-0.1576528757619471,0.6715963548478444,-0.31671058391161133,-0.18418892089549818,0.7911515235071809,-0.44059476178813206,-0.19915108730327952,0.3974315629025952,-0.5028541892477864,-0.031548006140673275,0.39054015174710693,-0.7371736468482518,-0.11168557218674412,0.33024846532304836,-0.8683321798102588,-0.17746823649554666,0.2884240169344358,-0.9999982332646694,-0.21961638123307237,0.23864636070501388,-0.5217806651434611,-0.0101747547130982,0.20144977891660068,-0.6858648467326284,-0.11101439357933758,0.15991081409576618,-0.48496097221121814,-0.15565333242555132,0.1694562430892143,-0.36287320310737364,-0.1675259763919084,0.08680822368932094,-0.5039774844220719,-0.006564994067481295,0.03692162878381403,-0.6386218970603502,-0.12432930347866686,0.02595573212317387,-0.4321174478179124,-0.12224371227789611,0.055887646944225294,-0.31207734672419085,-0.09327922713287959,-0.04256264086744831,-0.46560063711257565,-0.01137645651185208,-0.07711052275230697,-0.6001761798676645,-0.09626222634614802,-0.07767901520551596,-0.4525120948319793,-0.08226028276022608,-0.04478801213121402,-0.34249108746348955,-0.05077022961242442
21,l,0.0,0.0,0.0,-0.22094746666671547,-0.0703741079392828,-0.06557224383077066,-0.42884405589620983,-0.259658111187559,-0.116245768267172,-0.58776163384315,-0.3903289164346461,-0.1716885852242315,-0.7314495951186498,-0.4524046405590629,-0.23136432899461432,-0.29318134491320347,-0.5018104106091041,-0.09151142393664642,-0.3398534558301137,-0.7372490346502587,-0.18511324123900075,-0.37076995543202823,-0.8763805265339331,-0.2399117419523894,-0.3913611772142575,-0.9999983409051043,-0.28278599156346307,-0.14230088403018493,-0.5168328037844794,-0.11247710416353691,-0.2383231889509476,-0.5851263205782303,-0.2626352247807442,-0.24582664741476642,-0.3646679626738809,-0.284893159332506,-0.2203337073594723,-0.2303945539558322,-0.26624094327920567,0.012878117023178762,-0.4945621371758727,-0.14298876144144587,-0.0914956260697102,-0.5174207034189853,-0.2836804247374239,-0.10319215877280595,-0.30195069121912654,-0.24311300132467276,-0.0777880217236996,-0.18593292588671168,-0.18226388108444477,0.16594532721113064,-0.4407377253396567,-0.17955615579137257,0.049912332855382886,-0.47303284711224347,-0.27391241544849554,0.01178528626440256,-0.3157387918313252,-0.2429012041771197,0.03349861017493098,-0.22834733810494223,-0.19885237905783779
21,l,0.0,0.0,0.0,0.25641045995180994,0.029493728314494153,-0.09297323826394424,0.5422942653225983,-0.0856224356228844,-0.13580266886767298,0.7379710910633354,-0.21251824138512945,-0.17573409539461324,0.907224868484056,-0.2811085494768717,-0.21645537519762698,0.45754913009850473,-0.4465645497974618,-0.09349427201185555,0.5150070336721987,-0.7021964088603126,-0.18176142047758403,0.532075040243397,-0.8618490066015078,-0.24726055315546164,0.5401179893553252,-0.9999978424716671,-0.2946425549121138,0.29506568895675517,-0.49402969062005037,-0.09940523937464445,0.3413778137465735,-0.602030359341144,-0.23252569690274946,0.2744084923928492,-0.397030127134219,-0.2824521045085405,0.21631003864525067,-0.24611542593313526,-0.2930264870747487,0.1351701682525996,-0.48888381324426394,-0.11461231812744968,0.18646394986568954,-0.5908393138113912,-0.2537485348920558,0.13984357396829256,-0.38434489319438836,-0.2432834130047281,0.09596987361583456,-0.24180994112640455,-0.20530368087309694,-0.0191381243034667,-0.4661601640113211,-0.13625294117547365,0.02509989619407696,-0.5646109639381308,-0.24563435816969362,0.009625099039562886,-0.4065819249091511,-0.2340011259760237,-0.006478352908192018,-0.28091102185849837,-0.20178436820436946
21,l,0.0,0.0,0.0,0.2498260159189661,0.03850247293852421,-0.15597894137994933,0.5555504308988549,-0.03264465409049434,-0.2208582609616713,0.7979131226953458,-0.13074489209872123,-0.26407495442404294,0.9778332565347472,-0.19854712676138833,-0.3019571474217299,0.49414389115787516,-0.36521227560440994,-0.14953362797766795,0.573978166963861,-0.6424957591884639,-0.2479468440942567,0.5921436199361809,-0.8365455627783054,-0.3198551303596056,0.5948484632629181,-0.9999967161342544,-0.3743204165594285,0.31923806199640636,-0.4534860971185212,-0.12416790467681046,0.31088473696166,-0.5913776162919819,-0.2783238259680991,0.21766580261533583,-0.399288721353858,-0.329676849246091,0.16756797030945006,-0.25216601171975794,-0.3378167022674338,0.15043520808116828,-0.489245558668313,-0.11301233435711967,0.13255552623968522,-0.58613939231701,-0.26484311113840575,0.07155963569904522,-0.39938639244583585,-0.2453418983297805,0.04442370948956174,-0.27160598436224576,-0.19982827046989388,-0.00827875051361695,-0.4956445810620718,-0.11430209678537918,-0.003866131079652024,-0.5808484181230238,-0.22866580717659055,-0.04267698238573354,-0.4268049580477362,-0.20668413520568932,-0.05436560883791964,-0.31805710301154,-0.16548313135068107
21,l,0.0,0.0,0.0,-0.17510664325716482,0.034231599323428466,-0.1276570754460878,-0.36169004755075385,-0.1185782253625863,-0.1998490179896391,-0.40363196551572494,-0.2982988922039471,-0.2553520801007406,-0.3711800946350592,-0.4133159259925129,-0.30933584936768915,-0.33970491533026825,-0.4437401318819445,-0.16552001280955547,-0.3792426789474185,-0.6732604838518985,-0.31362508350776697,-0.3814314841092108,-0.8467702534196272,-0.4263919475290279,-0.3739143354222243,-0.9999979211968876,-0.5020559930017467,-0.16353379286874692,-0.48653105595892243,-0.1437707207829463,-0.1875136309990606,-0.534028499688779,-0.27769593660902886,-0.1814217767234014,-0.3354761784514554,-0.2856009120809805,-0.16746484481117677,-0.23674471002023992,-0.26765552862308795,0.006893404266694245,-0.4681880261401195,-0.13982600816861793,-0.029970460941654457,-0.48690804094079354,-0.2783133927835265,-0.04331715422258406,-0.3044466282304112,-0.22424165002861463,-0.03365667399363982,-0.22027656869878542,-0.15867926872931815,0.1673814558570932,-0.4196117300726617,-0.14574337136762303,0.12579093621869117,-0.46407656659420427,-0.24296093687965234,0.08039252752100802,-0.3159902367270554,-0.19377906415622997,0.07308354145342777,-0.23125033202480505,-0.13583323539000253
21,l,0.0,0.0,0.0,0.35258998675647185,0.006114915412070485,-0.11247887132022626,0.6593650570606588,-0.11601551748400984,-0.1595008464794595,0.8626779924538751,-0.2742544822407766,-0.19038782556785777,0.9689322301083638,-0.4175811919888329,-0.21085072498415033,0.5808440502883746,-0.23995665385481268,-0.0854503671481023,0.5902520084744259,-0.6114358065923992,-0.18009091146983908,0.5674035024737183,-0.8243641381400453,-0.2477773553714631,0.5868696560167299,-0.9999981223460468,-0.29202384045155994,0.39443537875154705,-0.2795358406048384,-0.07110620230798644,0.389025931498999,-0.6232441583828665,-0.1371128924990509,0.3209787234802622,-0.48636195930821063,-0.15644863487796581,0.3306671454099104,-0.36260985057624867,-0.17562415422937594,0.20733091986677765,-0.30630031882759556,-0.07273445326156015,0.20201397192950607,-0.6165618243035828,-0.16323007136944231,0.16562531207591338,-0.44664186918500515,-0.13960153257666183,0.19470221722213413,-0.31043654350271727,-0.11575211879307028,0.05669200774376182,-0.3126452234627673,-0.08306475356888121,0.06807960796038537,-0.5475643858718333,-0.14683691799152102,0.02894327637133856,-0.43265796483596614,-0.10932678787787369,0.03331267990112277,-0.32123148779187977,-0.07385588854758451
21,l,0.0,0.0,0.0,-0.25171069761957804,-0.09094922668975162,-0.1012553230362851,-0.4916857295098101,-0.27139021608777264,-0.17883393041525367,-0.7196187920944774,-0.3768037029252408,-0.25687548776071595,-0.9083800560387192,-0.4105341911154638,-0.33759561808319544,-0.31024865409129565,-0.4999757401227137,-0.12254152160561305,-0.35778682436022924,-0.7339489680892015,-0.243448751246226,-0.39481259798924706,-0.8753021423926911,-0.3189590291376615,-0.41768720068204,-0.9999984820790844,-0.37597808900989294,-0.12835816252384594,-0.5010264731259382,-0.1427580326305208,-0.17259299506679418,-0.6033685100134804,-0.3263765653859597,-0.18370650851675205,-0.40682471049961105,-0.354535798210504,-0.17366141595929677,-0.2858828854284984,-0.3287381247924191,0.05324172290364963,-0.46144328403770085,-0.17608106604139032,-0.009343095969689408,-0.5148308076245809,-0.3380299892157981,-0.03287088391385184,-0.33858103370922016,-0.2843031160089203,-0.025623011166160427,-0.246673132468113,-0.20513128670544292,0.2257394476512123,-0.3959523132896836,-0.2185807777168813,0.15434216948652474,-0.46689739671978503,-0.3079337289462514,0.097815656259969,-0.34170676874132944,-0.24930948181264667,0.09535581823597376,-0.26991320947670444,-0.18230716913908035
21,l,0.0,0.0,0.0,0.22726875567275096,0.01814118670558544,-0.16018246186860147,0.48373880589901225,-0.04706665898416256,-0.25054926598144445,0.7027109707098619,-0.16253321554921737,-0.31590234898830555,0.8844145427507227,-0.22995062210698974,-0.37229033190094696,0.3752241040763275,-0.409092976656797,-0.17648371490725584,0.39544480730079334,-0.6731448212249516,-0.29060505066913866,0.38074144437556,-0.84865182476913,-0.3684090598726824,0.349094585304346,-0.999997497956267,-0.41880087233240554,0.22307698784756233,-0.45583445020138563,-0.12631431631359308,0.18822323810912628,-0.6188225972724651,-0.23579351993965517,0.15913931156338693,-0.408657805314134,-0.2323900527727595,0.1720362958429706,-0.2892775402002426,-0.21410068336485963,0.08743148541785858,-0.4713608059485812,-0.09344966163252322,0.05717365509426733,-0.6157975748205884,-0.22232941851705856,0.030404204783092203,-0.4176175925299841,-0.1675404815019046,0.033158102663015096,-0.2948713859479967,-0.106418677357791,-0.0322702367999088,-0.4711526156832085,-0.07215862313547454,-0.05993038650932065,-0.5946637276169843,-0.17060301101090258,-0.07951026339402535,-0.42203895126745156,-0.13612621465320626,-0.07078401912629392,-0.30494564727067364,-0.09242444388230497
21,l,0.0,0.0,0.0,0.2393350527082291,-0.06339440018535782,-0.095910906907152,0.46725506835220404,-0.15798166074091904,-0.14420136371536077,0.6427863477064202,-0.29001711254433976,-0.18674372097820083,0.7843011231377037,-0.3685074706085427,-0.22535129557061634,0.31796363509284925,-0.4968733173707537,-0.052486653413463806,0.3598073597299746,-0.7361858817698579,-0.11181751819677534,0.36767296813108113,-0.8707378756306975,-0.16654141293281496,0.36499714582049764,-0.9999975968712124,-0.21268801411229443,0.18231444092693663,-0.5113622341408652,-0.04493124849775975,0.2074238555847696,-0.6538597630046692,-0.14122835911588036,0.20434625170033102,-0.4535290352406851,-0.1770654402715199,0.19940970975332872,-0.33163237314927296,-0.18772101347578246,0.0498969743436687,-0.4868015628732065,-0.048068815238296404,0.08586738288298525,-0.6259192564369447,-0.15263601048943862,0.09443485570900802,-0.4327558535900945,-0.12926551865844962,0.0817117725369305,-0.31199162826263893,-0.09269677964924437,-0.08349192989873833,-0.44268809462848485,-0.059810514687764396,-0.03645698679471252,-0.5695987902289156,-0.14051342425652058,-0.004614543737367284,-0.4238271354416965,-0.11867187782780403,0.0005922876320466141,-0.3165031841384726,-0.08634790564179308
21,l,0.0,0.0,0.0,-0.21161847629054584,0.06343701134784392,-0.0912810292858982,-0.47053859372536533,0.018738856914947324,-0.1778172346937715,-0.6579368643770049,0.009949115738617847,-0.26785316690130595,-0.8059983971272918,0.04498084959818825,-0.3695772616730855,-0.4493518946322476,-0.4243151709240198,-0.14114198226752087,-0.5423685758358644,-0.6736359072679751,-0.24465016226275557,-0.6046928879600157,-0.8532814161931039,-0.31724411514214285,-0.6461705641722469,-0.9999979843443051,-0.3717055249563661,-0.2909181344993284,-0.4702952452097265,-0.15567227948575096,-0.3789663250269415,-0.5971437376365556,-0.2963595142186494,-0.3490746452501051,-0.3767682589850403,-0.3105014209585129,-0.292319956508943,-0.2305830207822039,-0.28615470532850923,-0.11533794544481434,-0.4739209638862052,-0.1795999683147576,-0.20341551079942014,-0.563603452048099,-0.3083588607246715,-0.1840634468620977,-0.3420166972994861,-0.2542795639462367,-0.14998516341976256,-0.20849339116858065,-0.18590851276754308,0.06803858700693272,-0.4487032455895746,-0.21192543360408692,-0.021187960588755453,-0.5495748396307472,-0.29416526269927173,-0.04068023075552769,-0.37806171251225235,-0.23808347675619843,-0.03122441988248041,-0.26352259416222096,-0.1762858090251861
21,l,0.0,0.0,0.0,0.18668724596041328,-0.13442746624266957,-0.1061152851433366,0.3251877686198548,-0.3118014347740179,-0.13790071181754418,0.4797407962718832,-0.4496492841747938,-0.15379735942727443,0.6254623599137336,-0.5086239334847026,-0.15128519580291103,0.1805112964845166,-0.5266274128516876,-0.03907342087658235,0.1681717181345142,-0.7556251277353373,-0.08777283875998168,0.15108523850024955,-0.8836507313985819,-0.1165991879116728,0.12518212914359536,-0.9999988120379454,-0.13959361737986048,0.049012239024991675,-0.5083287346981143,-0.011293550626755917,0.03335909146976576,-0.6187161931606973,-0.0615109449822091,0.061141588255929455,-0.4261466387337376,-0.04688053571523171,0.08456974362178994,-0.34285161714494233,-0.025285328757726624,-0.07494112251412802,-0.4407209193396107,-0.0017944079967534264,-0.08467861100830455,-0.5204673597844235,-0.07040899069279817,-0.032617447888397266,-0.34314830290071224,-0.02613054461065182,-0.0012588964324184188,-0.28828154757126007,0.02041422394999317,-0.1783379494094036,-0.35263530789583486,-0.0029866819311502274,-0.1965477988563865,-0.43533763064962483,-0.032494206243719376,-0.14749427873458962,-0.32716260530921587,0.010266034346566127,-0.1162519232989493,-0.2920047767860317,0.04673688431655568
21,l,0.0,0.0,0.0,-0.2529354361394045,0.009569289118039427,-0.09823668115700546,-0.5146474695762391,-0.10331290338053409,-0.1787857139564728,-0.7278953421732486,-0.17627043852542745,-0.25607331980736375,-0.875794149393958,-0.23318087123040276,-0.3341660660191673,-0.39377479185725783,-0.44366352294419364,-0.1405895496670272,-0.47401482066049666,-0.6859928027452273,-0.26921395991909947,-0.5204890551495841,-0.8545046083708783,-0.3545383740580663,-0.5530455706572109,-0.9999981289867901,-0.41395630243559234,-0.22905626417001507,-0.4779706405697178,-0.14792009496974592,-0.3131890477130104,-0.5611781894912042,-0.302330339117274,-0.27579569578197943,-0.3596116479431021,-0.3143975609754475,-0.2151581171376985,-0.26872576129781534,-0.2884024995980079,-0.04932298465953695,-0.4748928261055807,-0.1697133209404596,-0.1417205395136531,-0.521289386164019,-0.29652764651979235,-0.1162877116496634,-0.33046182255788153,-0.23259190170188554,-0.06135956610160011,-0.27471377404623926,-0.1618390546231966,0.1394272200709111,-0.44403923745511553,-0.2022476855740193,0.04402361456618658,-0.500069434293452,-0.2729558824012062,0.0256945678334565,-0.34938973747810065,-0.21402598420002572,0.06503273583927728,-0.3001042239006859,-0.15275971942009378
21,l,0.0,0.0,0.0,0.20911756576559343,0.0053696446834470436,-0.154576845083962,0.4656744178295593,-0.10452386992383697,-0.2300111309679347,0.6726430198814449,-0.226346558092064,-0.28474363170782485,0.8346331463214557,-0.30088130210980746,-0.330839736696535,0.39964248010181797,-0.41292741390616616,-0.18523004785479383,0.41359297180705945,-0.6808057012816717,-0.31165986430529613,0.3925052286409926,-0.8446632760830542,-0.3851462519439593,0.37836832385171265,-0.9999973495825627,-0.4361313757631067,0.2273198555588106,-0.47523456545131515,-0.16991838518739436,0.17345216145052855,-0.5718395127788841,-0.3408190372972951,0.10952526977771311,-0.3499943567347795,-0.38024283744209575,0.10183904758211344,-0.20864395015038384,-0.379606070884055,0.06260967786373686,-0.48267702884295605,-0.17012732976813705,0.0011127913253957333,-0.5275844147193924,-0.3397135129226331,-0.022642080737129967,-0.320645670356391,-0.30887575329974365,-0.0018800865365608494,-0.1981250389633488,-0.2545663747157531,-0.08276409179209246,-0.45598457093492584,-0.18297537765391883,-0.12003770389996377,-0.49681835699355215,-0.31325916613402405,-0.1326280120004839,-0.33240865191359803,-0.29485134801679497,-0.10913364432404246,-0.23127434057546392,-0.2543873075710433
21,l,0.0,0.0,0.0,-0.2607685319292872,-0.045202208465863494,-0.11498094594581494,-0.5075369306383354,-0.17854997318950308,-0.20146777851527037,-0.724386722171393,-0.2669522426651172,-0.2876716286258108,-0.8937926469967593,-0.2960906141732993,-0.3745063938626463,-0.39233346795393975,-0.5038927105660211,-0.11468707106371084,-0.4711732435797545,-0.740415762186603,-0.22449920085261646,-0.5238140091406547,-0.8785080165015459,-0.29326729553876385,-0.5612313574192241,-0.9999983555047324,-0.3442278098663004,-0.22917354529240497,-0.5218079899120697,-0.12668192020203667,-0.250159532287106,-0.6538051921798173,-0.28824420986368815,-0.22790654450822231,-0.44543615067370285,-0.31791781715881356,-0.20690360013028872,-0.3319245055303092,-0.29902834594801214,-0.05638918042151615,-0.5007845594468783,-0.15426403521552062,-0.07978262573745427,-0.6039104934972451,-0.3002848341347862,-0.08976464328803518,-0.4109006263588779,-0.25650775650223756,-0.09631411399803956,-0.3196405967205804,-0.1897681642803917,0.11279649446093991,-0.4490176872397906,-0.19269111970043076,0.09015515320016451,-0.5657876004527351,-0.2767577636587802,0.042151153738240604,-0.42418815740512583,-0.22660774853704668,0.016240174139388407,-0.3435648179336522,-0.16885359678486866
21,l,0.0,0.0,0.0,0.2367778607634847,-0.1066139678623723,-0.08943885302129506,0.4281928021352061,-0.19581268892399317,-0.141466185990427,0.5857054525910287,-0.3029175050426291,-0.19659082310047896,0.7101956082988221,-0.38542086472931697,-0.2505074747896609,0.24407830361009952,-0.5136683065947064,-0.03879719516253554,0.28341569067010364,-0.743058006968293,-0.11436244789152678,0.2990943151069072,-0.8803163837743216,-0.18021267438012378,0.30330367805831393,-0.999997413609542,-0.22808704801146723,0.10995856533214872,-0.5194195096324892,-0.04388882085596393,0.14760118470834802,-0.6651887234698229,-0.16405048578884943,0.1483274366352507,-0.4912856877734376,-0.21190499193620232,0.14189129678761267,-0.36439794490938143,-0.22205985845019963,-0.022203483873474147,-0.4931111068068603,-0.06193885882135784,0.020378219000935935,-0.649989308142503,-0.17889035939328285,0.031836072580879365,-0.48045388154546864,-0.15590924947814477,0.01548931487063151,-0.3467246327879688,-0.11182964236944268,-0.16548839505701127,-0.45371205539305426,-0.09007124987470007,-0.129399871557506,-0.5916582209853016,-0.17123582826507078,-0.08410655580509671,-0.4798524228545727,-0.1472408889280414,-0.070162703801627,-0.3689841541429605,-0.10904218233626703
21,l,0.0,0.0,0.0,0.2586235007303715,-0.09080449800089727,-0.1100020915030777,0.5108368381017422,-0.20937341543184426,-0.14944742205367803,0.6993125973119216,-0.3591734783131863,-0.17693398957011353,0.8279068141055832,-0.48289427202867286,-0.19261663376845772,0.4161167217109148,-0.526863421753256,-0.03462306889094616,0.4236431577293521,-0.7492591982672012,-0.11382159871317071,0.37257110073444955,-0.8717410009392135,-0.17348086096537157,0.33217559781380984,-0.9999981658148452,-0.21335953910138722,0.2534321577762216,-0.5395652391364717,-0.024213406803348943,0.23278901237686397,-0.7069549735052115,-0.13661561611044365,0.19476194693666446,-0.4971297139030082,-0.18468693530073638,0.20416157386120698,-0.35874830967574944,-0.1977351793025888,0.0967101767423993,-0.5091441990096579,-0.030257355545930502,0.058243730290665034,-0.6285835696911248,-0.16559542584351866,0.05605999901052042,-0.4141315263643226,-0.1677873975674912,0.08530108410934352,-0.28322572158661247,-0.13852232908737785,-0.042372826798500775,-0.452705986859201,-0.04343269780287682,-0.06835747435065048,-0.5664051982944294,-0.143386336467713,-0.054836040285803446,-0.4107484346992458,-0.13689252508769947,-0.01439046607795723,-0.29802430145308906,-0.10997419971891055
21,l,0.0,0.0,0.0,0.21651916247059624,0.03743469459258247,-0.21728122350421747,0.47583418771416175,-0.06497045573700917,-0.3059290376031755,0.6818381629225573,-0.1822191275136259,-0.36210696821130106,0.8511324457110963,-0.2735330469053842,-0.41495756888263474,0.34464691932759045,-0.40910786303677077,-0.1613731572203296,0.37649539486726247,-0.681545124653579,-0.26218918084690923,0.3855213906041103,-0.8601709530174305,-0.33000456289343544,0.38851956396755727,-0.9999986798156995,-0.3793595962973984,0.19063174158917245,-0.44625361119442086,-0.10504728123748257,0.17062627313186954,-0.6056526982678268,-0.2962607026102402,0.11590816333645028,-0.4095322334407987,-0.35967870077241776,0.08122520746744565,-0.24168032215343377,-0.35121057152534485,0.048043541575420005,-0.4381714520626375,-0.07041306835793558,0.019595281766482123,-0.5507789610727104,-0.2759403006373577,-0.0215881623250601,-0.33417292581775543,-0.29181842658506124,-0.019052917032611843,-0.18821004469149746,-0.2405116276857698,-0.07413998042192799,-0.40833120145921553,-0.0483626025567371,-0.0948242408684291,-0.4942893035304932,-0.20801382923094155,-0.12386929860741495,-0.33632672561909943,-0.2161040343248632,-0.11617027678273564,-0.22613017244233105,-0.17835237997195724
21,l,0.0,0.0,0.0,0.21891533245383885,-0.05393782061808323,-0.10383346141654239,0.44844835585605775,-0.1778462847918601,-0.15611923877593076,0.6254715183556955,-0.3037514225829671,-0.2012255048403156,0.7725603227457579,-0.36641415424977947,-0.24294919484484037,0.2942886037028758,-0.49597409704245526,-0.0737101639750156,0.31383914750936676,-0.7302343617860908,-0.14926238848637194,0.2960356545245338,-0.875149811489159,-0.20899933682826166,0.27251708082320336,-0.9999974100336664,-0.25414333769296626,0.1528963551465151,-0.5041113061844907,-0.06787608983168514,0.15477693949832547,-0.6293203715045492,-0.18763588238242335,0.13737049650141372,-0.45339048583790453,-0.23007974650238397,0.13863991409498921,-0.3284645424765737,-0.23708014533685656,0.021968812881446625,-0.4816120641589939,-0.07381192540149804,0.021763186682414327,-0.5906394899829831,-0.19554253392066404,0.015589769490746546,-0.4207136732044488,-0.17774286169290768,0.015381827681364788,-0.3022995348938539,-0.13806702994281259,-0.10480560503484869,-0.44521283070176504,-0.08889710892453195,-0.09811441736904103,-0.5394220484034488,-0.17718429788311144,-0.0866117001450963,-0.40283561756636316,-0.15811479318159197,-0.07261306371247728,-0.29966035659155954,-0.12350405032290011
21,l,0.0,0.0,0.0,0.2390811638303217,-0.06075515046503594,-0.09488317053311192,0.46988888089222075,-0.17830701621994255,-0.1453924837412503,0.6539503224080759,-0.3012757279980129,-0.1916924451038871,0.8114955484538746,-0.3793783117046571,-0.23674684675888033,0.3272718016285722,-0.47233818284132123,-0.06845226411886227,0.3377673444877905,-0.7186849948796081,-0.1482330200254784,0.31430511010310885,-0.8674959034109577,-0.21657551160843513,0.28637683681969134,-0.999996812807892,-0.26836308336063913,0.1674176625377595,-0.49305513975245513,-0.06887129958887811,0.1789553887905064,-0.6469185290592857,-0.19022206605432243,0.15774697572934357,-0.45936522225789456,-0.23945505605257705,0.15331570160658572,-0.3264378269480052,-0.25200552012357064,0.014764581360745042,-0.47957533533127156,-0.07980920878723682,0.030084449279872194,-0.6387212608436893,-0.20428542716080197,0.015425112104328552,-0.45375194575188205,-0.1823959901855166,0.0084370121898277,-0.3211891056611289,-0.13943462276514357,-0.12894255410269706,-0.4478797381548415,-0.09875477688084287,-0.11465119163245144,-0.5763581919968038,-0.1920398435261353,-0.10406009313215683,-0.43318430640314576,-0.1671034781556837,-0.09572604547008935,-0.3203600702383511,-0.12681940217496132
21,l,0.0,0.0,0.0,-0.20622383744907072,-0.02766969451359357,-0.092554545410642,-0.3970269744061639,-0.1508064841620191,-0.15589990700631673,-0.5703347057389027,-0.22992431412481085,-0.21599053113533578,-0.7160632619791812,-0.24002317800028483,-0.27579713588583765,-0.35467672261547034,-0.4947918521455061,-0.08331769092915972,-0.43213576655233954,-0.7190054958390851,-0.14865528505994363,-0.4743009355162378,-0.8680861860920052,-0.19626551461077663,-0.504963531254032,-0.9999984221673968,-0.2351838930078486,-0.22864439302152292,-0.5376735117170974,-0.08706985024859673,-0.23463508586981924,-0.7465501559938249,-0.1831844942839482,-0.18991256692236855,-0.5977132333664402,-0.2127756574812857,-0.17469886201056198,-0.4716588029268135,-0.20651902562716093,-0.09384056693898608,-0.5295798998908762,-0.09990141903558886,-0.10556059837965183,-0.6901341736435995,-0.18097633766212898,-0.08345401588507367,-0.5532409712290008,-0.16619177709687744,-0.08342345088572993,-0.4476261082197449,-0.1328543089530541,0.03456261911944106,-0.4867967066402476,-0.1217504091203132,0.019591224117816435,-0.6425739061109246,-0.16912541748965818,0.01054135101981946,-0.5610012364700717,-0.14462583066184506,-0.001928604435513821,-0.47543969334563363,-0.1131469260819625
21,l,0.0,0.0,0.0,0.25032178764570784,-0.046594960979231034,-0.07917728831775502,0.49409087251706196,-0.1458088131519403,-0.11505998605220356,0.6614984674198067,-0.2708127377179778,-0.14851564505264375,0.7817682884941498,-0.36979524822401677,-0.1807450845396696,0.36919210325405644,-0.47031596345328963,-0.0673251474627041,0.4035944537116809,-0.7198335773877101,-0.1431771922984124,0.40073986908322917,-0.8696665488709308,-0.20554337793666433,0.38940389243246726,-0.9999980288120307,-0.25172977531602864,0.21462073982264904,-0.4876904393211769,-0.07426948030837761,0.24345279651854743,-0.6035385680219955,-0.19389171507938402,0.20580725677908773,-0.4080378233515847,-0.24268387849167392,0.1765344877461247,-0.2648077237090805,-0.2565153402856314,0.06906077463922457,-0.4635515989153471,-0.08976172031147743,0.09900471648623231,-0.5629481510838269,-0.2115414452335038,0.08270229599545685,-0.3724961533704956,-0.20065746014784128,0.06159827288271678,-0.2408853034911667,-0.16716805158226597,-0.06883160657379013,-0.4259548770847251,-0.11159080098781869,-0.04279039511875151,-0.5135044800740789,-0.20142897109461144,-0.03577389283744964,-0.37152848959868423,-0.18533365955402545,-0.02904430591928075,-0.26333272965962445,-0.15431293327856846
21,l,0.0,0.0,0.0,-0.2007365213703035,-0.044063355965684274,-0.05609999458764358,-0.3808596765865166,-0.14686249127541343,-0.11483888370565609,-0.543831459753046,-0.19574987136343186,-0.18253847180666044,-0.6820413873127453,-0.2189630595343747,-0.2541609378080468,-0.24703534599961463,-0.4960425435942218,-0.06410130918415397,-0.3196163488466265,-0.7301341436821788,-0.14329977721207418,-0.37175002707745974,-0.8810475998595104,-0.19363483355188307,-0.4100954773347658,-0.9999982893983749,-0.2317013345352963,-0.1447748643250025,-0.5179350464470366,-0.08999615485820432,-0.35178711348161823,-0.5986209359321493,-0.214568876028924,-0.3851515215211746,-0.43103307565990906,-0.24172191840731816,-0.34869084918776705,-0.30691073005304864,-0.23069613833518082,-0.041793526848710016,-0.4927787593453266,-0.12498917319107437,-0.2531881612443532,-0.4682240350767021,-0.2350603747294135,-0.2562713746835205,-0.2924880062303196,-0.21680039375021487,-0.20772770108877855,-0.19009732188827527,-0.1771786871585972,0.05627294032147218,-0.4286017931961228,-0.16722440264796748,-0.133985783933714,-0.40982008390897534,-0.23848530644571403,-0.1564110777330182,-0.27591576585723343,-0.2178582776781264,-0.1197150821760918,-0.19195808827875144,-0.18262219354925657
21,l,0.0,0.0,0.0,0.28501898751530147,0.0006390954844126418,-0.11166069130155416,0.588259045026443,-0.053645355934008626,-0.14991433149242264,0.8198467198458008,-0.17632039302833935,-0.18163614188499072,0.999997091089803,-0.2509679939765606,-0.2111466056122851,0.5157062763198587,-0.4051822891959198,-0.03076544597460744,0.5787452608904674,-0.6637637291958587,-0.11251347241837885,0.5741828196053794,-0.8394542161214116,-0.188325404862848,0.5625976101432297,-0.9860338257089171,-0.24038292667875694,0.3397297915642628,-0.463759395525651,-0.01758834682115806,0.33318573815455405,-0.6289787121266619,-0.1553799329452549,0.25747841078182654,-0.44377578479546553,-0.22147299983007593,0.2226912264056424,-0.28007978158354263,-0.23930243745331242,0.17640205715562052,-0.48137474656468277,-0.019440402752345966,0.15252145507772524,-0.6182550071919607,-0.16321180016681247,0.09956530276567545,-0.4349553655108644,-0.16465647282186657,0.0772957900098535,-0.2865568218612043,-0.1304254410916914,0.022483122532489443,-0.4827294001240197,-0.03062106811051525,0.002429117671356786,-0.5981284842390332,-0.13178627147594213,-0.030286207917255788,-0.44413711821638685,-0.12068306025123118,-0.029043907552140057,-0.31046377839206507,-0.08755416914330358
21,l,0.0,0.0,0.0,0.25037461772215613,-0.004271063283766504,-0.12087319860860346,0.539747898011223,-0.09589654761331036,-0.17375164948340124,0.7441489256631312,-0.2095721040151731,-0.21465889067547383,0.8716483610715796,-0.33216930458735994,-0.253431283257998,0.4356157190671887,-0.4144186177746506,-0.1089467958470455,0.4314822557519734,-0.6797113074663086,-0.21052304295647137,0.39791601013841715,-0.8553721227698905,-0.2875029727993552,0.37833608103944755,-0.9999983331809429,-0.3398641819151135,0.2705485117395253,-0.4535231379346959,-0.10444737622557868,0.24349208586557167,-0.5970599738654855,-0.24394890679705805,0.18000226817414883,-0.40251795912273225,-0.3056860138421355,0.14453664624379686,-0.24343838710528146,-0.3232294634065472,0.11313712822167264,-0.43882865349532,-0.1117678684152793,0.08227668415576422,-0.5452041590024492,-0.25874025764028763,0.043796629412562724,-0.33847068769590083,-0.2592197463393637,0.029768337456306103,-0.19444534703921507,-0.22709762978203,-0.02583988319170845,-0.40471618071418647,-0.1274855228735149,-0.0439294108984607,-0.49033197399848644,-0.24152319818178422,-0.06892864272995537,-0.3347988052138184,-0.23076206100227759,-0.06607182894245349,-0.21379985063013937,-0.19718466333350843
21,l,0.0,0.0,0.0,0.2258869203209578,-0.031506977640480986,-0.09872156609909748,0.4709375119628994,-0.14660412432657877,-0.13927852038107688,0.6420748083439782,-0.27369830132780554,-0.1707475977373259,0.77339174380839,-0.3619335353403853,-0.20030052639587503,0.34809506472402785,-0.4312313500826441,-0.09463553990501228,0.36082174257381494,-0.6879558424172233,-0.17385695391731995,0.33894825841298126,-0.8573830657107716,-0.2354386501760089,0.317461671390273,-0.999997428265905,-0.2830127616077077,0.18707994172606057,-0.4547462346218641,-0.09144228767117105,0.1727391486367883,-0.6037074577174423,-0.22166680205119574,0.13704144957823652,-0.4151870752596208,-0.27148145642328775,0.1283025407650313,-0.26407446494788167,-0.2823435475899696,0.042828777411456874,-0.4422556192097605,-0.09712601778348529,0.027450995756646408,-0.5722317506855895,-0.23297239169049302,0.013057471837138354,-0.38044083045477123,-0.2235387082027421,0.015784606141571497,-0.23760236187113576,-0.1869202506717518,-0.08828213992552204,-0.41185322983288164,-0.10994407402331396,-0.09437485012721414,-0.5113233497189265,-0.21694449944735764,-0.09521593752693448,-0.36176338644049655,-0.2061544149885341,-0.07782671995830402,-0.24548240195814575,-0.17452457757934967
21,l,0.0,0.0,0.0,-0.21896401838999555,-0.010045830862817429,-0.07111493738521037,-0.44428724792064933,-0.1516453103253972,-0.13408352852322947,-0.6208155356880247,-0.25465009646508663,-0.19853048007488885,-0.7532636015993629,-0.30750323024367054,-0.26646431325152015,-0.33342001124691295,-0.45718860466044775,-0.1271092855500553,-0.37839715563583975,-0.7070988223999938,-0.23460184253212524,-0.3968473110726015,-0.8623261994346387,-0.30392136958508015,-0.4089407072874377,-0.9999982114621656,-0.3555227188968164,-0.17990218124596993,-0.4901391942712914,-0.1374824075867347,-0.26182707580563735,-0.5251702902293,-0.2532034839044948,-0.2342530642520848,-0.3229751572616607,-0.2544529230577722,-0.18782459718380243,-0.25428763891331574,-0.23965511378349477,-0.021752356943719308,-0.48293732262534694,-0.15852224227702788,-0.11486418402330882,-0.5016171055816718,-0.25361119534765597,-0.10005017076436402,-0.3181370951816551,-0.19367041735451662,-0.060406322736840386,-0.26199998937886454,-0.14224442020909478,0.13121709610242682,-0.4475699939854897,-0.1887418608173759,0.03782532386667542,-0.48320133030974716,-0.25002782272517027,0.018219248655251288,-0.3394696409962939,-0.2039557766913444,0.04799684221582753,-0.2857720877272461,-0.15988770782380776
21,l,0.0,0.0,0.0,0.22197812192149682,-0.07325928798858401,-0.11526569513943027,0.4689871008910917,-0.18533440045450594,-0.16278722083571415,0.6406053604513225,-0.34326353346039556,-0.1958806577167332,0.7723438507638878,-0.4572787557884994,-0.22170485088885497,0.37624134896649775,-0.47985680081840454,-0.06519877327881357,0.3474537277275335,-0.7153154385580869,-0.1604459480255147,0.2771304182348258,-0.8644457909359918,-0.24020710738124196,0.21587624288097398,-0.9999979856648171,-0.291249502048903,0.2135899292445733,-0.48971535400199373,-0.05003995032033002,0.13100072868897208,-0.6367572577755468,-0.16891200203331422,0.09903099830140102,-0.44140813123670075,-0.22441269328399,0.10864173993999712,-0.3052808912584838,-0.24312639701822578,0.06952242436146913,-0.46155518583189287,-0.04940985960133148,-0.018384248850775973,-0.5817568721004457,-0.17953864794105565,-0.01790756581467673,-0.3814147451434945,-0.1743094971680288,0.008511978385687034,-0.2525656485983863,-0.14239457587459017,-0.05875414827264122,-0.41716762372726707,-0.057510075662568605,-0.12027243382324625,-0.5336741084840697,-0.15724817055974624,-0.11980556599732298,-0.3830483923270936,-0.14227797898184238,-0.08868846820993044,-0.27240774131165857,-0.10708537780829766
21,l,0.0,0.0,0.0,-0.16918146103898338,-0.005065849727713563,-0.05252377752915127,-0.3770993428035749,-0.14357096706814831,-0.09874804337240833,-0.5435547307154123,-0.23167876650525077,-0.15320549202042935,-0.6792331768749045,-0.2879608827726429,-0.21183799462979616,-0.25171473333608196,-0.45470921221713567,-0.07042181104782061,-0.31050219718751687,-0.7075476928794934,-0.16716962858558224,-0.3568347098899274,-0.871201760319945,-0.22644523443325915,-0.3818506291236038,-0.9999981997277038,-0.2683858507160971,-0.1380867903935275,-0.46395870697998925,-0.10009218091494143,-0.28666582366728866,-0.5965050930933606,-0.24475472405176144,-0.3241976430575163,-0.39967215111582394,-0.25877146669251294,-0.28230346283631075,-0.27922854248474627,-0.22944125908449953,-0.009043738210155196,-0.43729920333031225,-0.14091399258921347,-0.15092031213859877,-0.5239935866985004,-0.2728070681150829,-0.18467243462543761,-0.3366658999757895,-0.22229427705906607,-0.1387708571593435,-0.2499938359624703,-0.1510605537304548,0.13215247096085206,-0.3855630997009088,-0.18756460975080227,0.00897946276031617,-0.4548486545327714,-0.2663721459405685,-0.04981417110508492,-0.32526360686169137,-0.22073287454648025,-0.026965482690104358,-0.256424385474913,-0.16473341198410849
21,l,0.0,0.0,0.0,-0.2901423452356224,-0.08931671648277303,-0.07298718944017374,-0.5540727139331245,-0.26459494177183207,-0.13160336790545565,-0.7587839924495272,-0.3665671172743536,-0.20118630451142455,-0.9308693344871075,-0.4150074978944057,-0.2777839853008726,-0.31586899861631124,-0.5154224809968108,-0.08410711385322374,-0.3145468301077622,-0.7452298793882206,-0.1980787323395429,-0.3131554038064924,-0.8821149600620726,-0.26743935095941623,-0.2996062882441841,-0.9999984180354687,-0.3186727206186552,-0.12851945593569242,-0.5009261036432541,-0.11981869951303926,-0.19635296144187253,-0.6297884540149284,-0.3117978121146924,-0.24579274756913558,-0.44060883663040323,-0.34066082043271967,-0.23860639115590604,-0.3055741506799693,-0.31055666437999657,0.05912427913878416,-0.4575578073366639,-0.16930778879669278,-0.029385105524690834,-0.5503036567641242,-0.34320355735225955,-0.0942702752067865,-0.36681812373347195,-0.2924673209778015,-0.09827355478166593,-0.25152167297734523,-0.20980218136923104,0.24647127592368692,-0.38946688348585823,-0.2259169940587409,0.15537478975050856,-0.4919423920006915,-0.3313237714671175,0.06902130729638072,-0.3675481357569484,-0.2813192208068382,0.05397195196404887,-0.27899792246958227,-0.21659790780180221
21,l,0.0,0.0,0.0,-0.2761982762028527,-0.002265012769534044,-0.10337459882514131,-0.580647458696872,-0.15878983890540765,-0.17691881713656568,-0.8184158475682699,-0.26521316597746286,-0.250863345966239,-0.9999973968620033,-0.32624050448451175,-0.319177829311906,-0.4703096222973353,-0.5874593317695167,-0.08619960963176965,-0.5612032286480662,-0.7841648606972795,-0.22021847028558497,-0.5616462855026629,-0.7501369150549648,-0.3003558648962154,-0.5365921224702106,-0.7367304692510735,-0.3478938250520847,-0.2786317141923709,-0.6486871358539212,-0.10375395316533946,-0.4069636635463124,-0.7515778001819875,-0.26392101347315006,-0.39629949995154196,-0.47738487796871165,-0.29434618384611394,-0.3392532340325671,-0.35011840626159785,-0.2729648310288166,-0.07448366796660565,-0.6456105633302396,-0.14120872363991432,-0.19964936282804843,-0.6241801414426336,-0.2875136940059838,-0.1996767484119519,-0.3695623259921724,-0.24681902664366837,-0.15422769542941028,-0.278921318681639,-0.1820367987493119,0.13225887141067103,-0.5977098411620967,-0.18933449440779082,-0.009630260827967497,-0.5664874050685098,-0.2681289092933424,-0.0399931930006862,-0.37864378902826146,-0.22106625969322535,-0.010696048793026365,-0.31190519863507893,-0.16369745676269623
21,l,0.0,0.0,0.0,0.2318135411318908,-0.09270978939638706,-0.09732816722254464,0.4396181774087602,-0.20521723722398266,-0.1431329286575933,0.6003142463809279,-0.3424604582572278,-0.1839950750938682,0.7332826265793508,-0.42605504874226696,-0.22206215519089195,0.2595589242183407,-0.5106900998526087,-0.03943934811435151,0.2720146692154388,-0.7361162568847822,-0.09626184399414213,0.26658391674469356,-0.8738078798325689,-0.1540321216091895,0.2552294237244691,-0.9999970607791464,-0.2021374831288795,0.1134547067265704,-0.5193921978792179,-0.03459321146509681,0.12283532032849474,-0.6795134644752924,-0.1290397151726105,0.13272714189550294,-0.5166662225753437,-0.17576531448153654,0.14143694833556775,-0.396978737996207,-0.19276626415585427,-0.02533878136734199,-0.48872953068222086,-0.041488707572647075,-0.015049450933721292,-0.6494406660988702,-0.1367634031123451,0.006683720039723886,-0.4995528439388626,-0.12488332549796387,0.012875503148003127,-0.3819690554682684,-0.09667695957785227,-0.15935795847274672,-0.4391943898599124,-0.05808822573955613,-0.14775294201521247,-0.5692628298780635,-0.12194958436266692,-0.10861504941490432,-0.46500128215347236,-0.10197052637787835,-0.08535806525424208,-0.3707990387973357,-0.07363004610803385
21,l,0.0,0.0,0.0,0.26699859991407304,-0.04240073538173858,-0.08148122949540253,0.4927836346560579,-0.12184707695798218,-0.12754304840248593,0.672284574307942,-0.23854456864539036,-0.17070597285230377,0.8109097429297841,-0.32916692521559826,-0.20976861272115377,0.3628378058005936,-0.46087059673250774,-0.058158732245975425,0.4194328627386651,-0.710833974098712,-0.13512986664508705,0.43898030360038676,-0.8617799864133053,-0.20565420034571869,0.44685100090454777,-0.9999977519852105,-0.2610180874107544,0.21327780800616086,-0.49058803972881954,-0.06247199730642851,0.2689090596035985,-0.61645474638424,-0.17506190602942,0.22849314953964234,-0.4095903373526512,-0.22258422232802863,0.19912837381102808,-0.27779246937328306,-0.2393065230216805,0.06681195631570645,-0.4790464942233511,-0.07557541780622212,0.13164672486464069,-0.6077064006745247,-0.19068264073099372,0.10301207221417374,-0.41209331021001805,-0.1692620904840287,0.07238763653737396,-0.28111788588153414,-0.13157122009776456,-0.07172571544982619,-0.4454842812500969,-0.09572816808353024,-0.026228020129526596,-0.5546524875627108,-0.1806890224772985,-0.019101113100057396,-0.40478269997993593,-0.15520085660385105,-0.020668887935047793,-0.2929729729547883,-0.11823114019800188
21,l,0.0,0.0,0.0,0.21346558692094675,-0.07942258656200449,-0.10869416364737351,0.43279147676622554,-0.20621861070212413,-0.16440524989675676,0.6016767284243844,-0.33958852651520116,-0.21028710531698272,0.7267214421701664,-0.45065680843360284,-0.25003453470044734,0.3308774424966115,-0.4990681662074439,-0.0938681859496035,0.3061690846129375,-0.7437293852416197,-0.1965252191885969,0.2508566247438424,-0.879291144291553,-0.27020071356210873,0.19268494540491474,-0.9999983344417681,-0.31613451462962433,0.17812408161271007,-0.503226696965814,-0.08847829764482637,0.15054955500872994,-0.6542903972345787,-0.22007775539663604,0.12928167175949637,-0.4557698683820164,-0.26858526101452873,0.13180504388144368,-0.3186304805620805,-0.2818237817166264,0.04019357126386557,-0.4741638394604162,-0.09654267324591059,-0.0010719715230461566,-0.6013729965411875,-0.23469235178625214,0.006490103567247868,-0.39959182972893914,-0.2237278243891086,0.025759580930306312,-0.2686456139310176,-0.18838077208986895,-0.08490087926030566,-0.43033094572356034,-0.11278665170749336,-0.12331544240294627,-0.5539302153708471,-0.21418603193266292,-0.10816637419566026,-0.4091889431829045,-0.20076843152773738,-0.07736049575898973,-0.29907926072982355,-0.17018715038449633
21,l,0.0,0.0,0.0,-0.23800830496758385,-0.10401121944923626,-0.08122238482017022,-0.44988421343690993,-0.26915621082178254,-0.158994650454593,-0.6629405447433305,-0.3551130530246697,-0.24890719020293126,-0.84083564799855,-0.3788000151674014,-0.3463316821917055,-0.16256710135485303,-0.5280092982391721,-0.09960892250260436,-0.12267463520121234,-0.7550863921921199,-0.21211728590881004,-0.09266265986983005,-0.8898694197890326,-0.2810239583838672,-0.05095480072522598,-0.999998510065535,-0.33305117041476906,-0.00015541227542246102,-0.4955054868871734,-0.13372248310255216,-0.045951502333782535,-0.6148083861678345,-0.31155889602204606,-0.14438102330596023,-0.44022427483522963,-0.3369874525266691,-0.16497794537822077,-0.3211048508465815,-0.31243890693074894,0.15064085214594788,-0.4255395021410831,-0.18232863801720983,0.08188424132368795,-0.5121519177252095,-0.33559280496878163,-0.023630036846419827,-0.3553451945606436,-0.29097198694067344,-0.04729533007760692,-0.26510403555592454,-0.22090351889981888,0.2967722617082377,-0.33330471446724474,-0.2396617583415563,0.23716739134702655,-0.43165057923173783,-0.3179190545866958,0.12396677726258196,-0.3424465085426665,-0.2667337108517574,0.08733104194567984,-0.2825920904706342,-0.2089672344982722
21,l,0.0,0.0,0.0,-0.17621871048288487,-0.01563422041885516,-0.052133975251577425,-0.3595984594700843,-0.13187049836559164,-0.09787871619306697,-0.5036408392599193,-0.18502900586396742,-0.15100213357511716,-0.6193025727516756,-0.2034738611035784,-0.2101845050362028,-0.26602889800696977,-0.46158793609397614,-0.05224167557505253,-0.3101079074868759,-0.7041008254730173,-0.12214299639551432,-0.3350812371203958,-0.8679880897745055,-0.1675817425306689,-0.3495898762239979,-0.9999985632349944,-0.20126609184703972,-0.15866337577597317,-0.47742931451500703,-0.07491703613095425,-0.25290729262897316,-0.65023792510263,-0.19300850326465183,-0.2773640546440043,-0.4691304912992799,-0.21779188810742106,-0.2557300880269547,-0.3209493618161207,-0.20064628777893428,-0.0411990936241109,-0.46073254225158977,-0.10552784772483115,-0.14176013061332246,-0.5473771259929435,-0.2145522503879883,-0.1508263547622852,-0.3474024281671251,-0.1892697466422919,-0.12371708824936614,-0.22282622082812387,-0.1393863844642799,0.08608232832040083,-0.41802862001473295,-0.1408867277937005,-0.01524234153586373,-0.5086542513158818,-0.20916275963564104,-0.04647361553895467,-0.36405646713451684,-0.17687942442679186,-0.032020683868347714,-0.2665231141419662,-0.1331742028303073
21,l,0.0,0.0,0.0,0.28777947268952436,-0.061205194728792704,-0.06385232922158636,0.5219139627198488,-0.15421075971741582,-0.06418364168556238,0.6785827824711095,-0.3055349242653813,-0.060624347678380354,0.79320358468258,-0.4142764703057008,-0.04756799406857917,0.4251289949816628,-0.44060877182755953,0.050299583608057204,0.45819423675772225,-0.6962906190318991,0.0020475028215497385,0.46008831412951207,-0.8529221907133862,-0.058053833638080816,0.46296157292712736,-0.9999982519750708,-0.10607190928694571,0.2633605758595758,-0.46363688303688344,0.054585182416323506,0.28510386309012054,-0.6139663417886843,-0.030269840691997257,0.23109791277293246,-0.418711595368887,-0.08519557739228255,0.21098385090476612,-0.2933016162476709,-0.10981803622592412,0.11240691239165229,-0.45758795279125297,0.04615066307539907,0.11655244022424888,-0.5906326922168116,-0.05873752456353596,0.07992086507677218,-0.3925727754290413,-0.04881851986842515,0.07004226021118508,-0.26972270246251956,-0.01941366772388654,-0.03266629671546301,-0.4380177648369842,0.032421985062133986,-0.03481011848794485,-0.5636693615073053,-0.04497995976049538,-0.05347744448802232,-0.4077127873643595,-0.023156021016635258,-0.03957599599168047,-0.30227095144916155,0.009480942029893484
21,l,0.0,0.0,0.0,-0.19803837221790602,-0.046762232261536696,-0.008303819258880947,-0.37267844941641953,-0.2255125327549102,-0.010365339202395192,-0.4805620621875311,-0.35787781574394906,-0.035814306988555734,-0.581912675760169,-0.4300821982956363,-0.06096366834984595,-0.2407373528311005,-0.478920649412514,0.041467602432829306,-0.22734526789372347,-0.7302533641129771,-0.018703522746886025,-0.2386900617826176,-0.8783703184645709,-0.04986812451771703,-0.22368119114832102,-0.9999983876144051,-0.07060546374866576,-0.1407257555408591,-0.4776201955304557,-0.0060531205585208185,-0.2285839738824054,-0.6888216328726401,-0.12711944830942576,-0.32690785949080625,-0.5499125147707646,-0.14059771600693552,-0.313010066514602,-0.4303799336632317,-0.10629465892481295,-0.03959971689405348,-0.46325537704785064,-0.06568798886018463,-0.10882530418472783,-0.670624504668204,-0.17673788103588475,-0.22168743095837606,-0.5344552631301684,-0.14156552413654402,-0.21758866826473802,-0.4237013584001792,-0.07509365863288395,0.07638387400865009,-0.43138731330271995,-0.1295175250556889,0.0018746372112056302,-0.5984369886617114,-0.18867623555976593,-0.10230309284778176,-0.5260618263333239,-0.15717027395513145,-0.11010706551384962,-0.4398373082867271,-0.11035392218782422
21,l,0.0,0.0,0.0,0.2380483850897551,0.0628119268682599,-0.1821759338466841,0.5266099620305352,0.011089149472658641,-0.2950890958220114,0.7649270731404613,-0.024701041011067956,-0.38945420976899814,0.9551410018174533,-0.05441405501456763,-0.4814071586105853,0.4645125475192805,-0.3331855780434645,-0.29100100631643,0.4686152124106415,-0.6284788765199837,-0.47838135751564315,0.46369338634202284,-0.8284142690581316,-0.6000114575627782,0.45974720475210684,-0.9999983560712906,-0.6824752178507081,0.2591171419787713,-0.4114158624147177,-0.29009118378997883,0.22341538366758956,-0.47714698184193216,-0.5255945840403903,0.12869007396849771,-0.22683944799279054,-0.5922094862712262,0.07569465717454447,-0.04313461714403406,-0.6032902089662241,0.059877105576318194,-0.4090131529377398,-0.30507908973176484,0.037437772495090095,-0.41415338932503165,-0.5346967777292653,-0.013440857347631415,-0.15748892957448238,-0.5171007841014665,-0.031599338384287606,0.02612320672000547,-0.4618330279198107,-0.10130593715165728,-0.3513507711065133,-0.33286746691185604,-0.13114256022514625,-0.34068570411892296,-0.500608894318804,-0.16400478842200386,-0.15992750184941196,-0.48428955750661395,-0.1551064051695757,-0.028864849033363033,-0.4416613799014144
21,l,0.0,0.0,0.0,0.17509236567821568,-0.030952411617299263,-0.22711077596444798,0.34858540555241063,-0.1669323355836265,-0.3832368233269236,0.5097063429411746,-0.2828836154803616,-0.5234150173051135,0.6491138709461028,-0.368703705420905,-0.660735641518912,0.13004418503172707,-0.4794500167190793,-0.2561439807063991,0.1946881639609158,-0.7750672615509868,-0.4204090164963746,0.22085389463770935,-0.8910796378572666,-0.5255486980348011,0.2170469837231845,-0.999998665328568,-0.5917374694493349,-0.045149351686642976,-0.48926569587023827,-0.22286047854133234,-0.042212985055514414,-0.7998561353160668,-0.47084366503618497,-0.05213403164735313,-0.5980635647064658,-0.5691903486435864,-0.06444847837390714,-0.406860640654874,-0.5807424227571588,-0.20420999563452794,-0.4642188727458498,-0.2091753004545426,-0.19414351691547696,-0.7328053317481125,-0.42463612433175285,-0.1951698053340116,-0.5308753737696523,-0.47934429965872455,-0.19839796101873258,-0.3664722545254225,-0.4551046969349229,-0.3400210293958245,-0.4079723884717855,-0.21039563759310598,-0.32927090532198955,-0.6014845261015812,-0.3480400011801367,-0.31963668568928316,-0.476890888595843,-0.37587864383130115,-0.3105591354911985,-0.35718281593303775,-0.36009445006750496
21,l,0.0,0.0,0.0,0.1094915114114015,-0.105976842432495,-0.04437718429244294,0.21353628936849833,-0.292585281824834,-0.07648302281061378,0.3232526242759447,-0.4181590398961068,-0.11241571381921343,0.4340499118266137,-0.4605389060199337,-0.14721409841523822,0.11192021043208336,-0.502208184951603,-0.04213431009415399,0.1206474714985315,-0.7295498952880041,-0.09062581341494996,0.12654799322080065,-0.871323488362014,-0.12530199055271019,0.12442415581643469,-0.9999986638638487,-0.15512113798373972,0.04408834152195048,-0.4932707541345129,-0.0576342844065486,0.08736642649102788,-0.6720850335909068,-0.1389448763975202,0.1343942774848228,-0.5204896482007523,-0.16867042701178506,0.14793839987301483,-0.39825614768212375,-0.17508028584668442,-0.023287031362915208,-0.45960811444713007,-0.07891026342524843,0.028898141613477972,-0.6104123568653717,-0.16097749936999864,0.07631646713830657,-0.4458852800769597,-0.15402010612551884,0.08162765344763481,-0.3265117287494286,-0.12997583848691505,-0.09375314992897327,-0.41002390163982294,-0.10440959223441124,-0.03706704719612493,-0.5375493156069782,-0.16571348635230448,0.017015307970413958,-0.42564073260331226,-0.16192557280558714,0.030207660829016797,-0.32376494788559995,-0.14678449081818645
21,l,0.0,0.0,0.0,0.2506668901610211,-0.09239416243992765,-0.07607365505183421,0.43867616145691357,-0.1814430047158012,-0.119368526348641,0.6034284623083935,-0.30419977895424155,-0.16093935141614218,0.7370325602869296,-0.3726876042209797,-0.19858509027924057,0.2864938930680627,-0.48503955373400837,-0.038075990112485476,0.32063627024109415,-0.7290220740287778,-0.10358505476605069,0.3173935785536646,-0.8672919709003145,-0.16593846274948074,0.3051368390751708,-0.9999980697083855,-0.21530127868119894,0.1561117769946777,-0.4976980629887051,-0.042192415289720786,0.1935100771049277,-0.6593519503026292,-0.13391584684700006,0.1778858119736034,-0.47211526894007083,-0.16968129567893614,0.16970970498439655,-0.3506125870729398,-0.1811984082942224,0.02665216666745398,-0.47299290349129536,-0.05626268451511522,0.08316398505991802,-0.6346039905885105,-0.15253861519817985,0.073883816566575,-0.4493585547920302,-0.1226674580385706,0.052567985520561196,-0.327884981674435,-0.08231865394343356,-0.1038661737515852,-0.4256099571271953,-0.07810388965941016,-0.04959032151912349,-0.560450429107758,-0.14932304757281784,-0.018018143381200242,-0.4257494029945372,-0.11790037536661416,-0.014477000720268274,-0.3226796929530794,-0.0792122872742109
21,l,0.0,0.0,0.0,0.09983521273237922,-0.1202241376005479,-0.036279107589103944,0.17380362742313576,-0.3090739285281853,-0.06776339320823228,0.2570007858646103,-0.4245070792853831,-0.10493064375366522,0.35112578023219165,-0.4801320495415159,-0.14041876645677,0.052462348044550806,-0.5201492950018999,-0.04732677482270043,0.027333091934420982,-0.7513600364820904,-0.10961346638913003,0.013872929030114403,-0.888016706184008,-0.1495681965847408,0.0025834356708353897,-0.999998479678057,-0.17715956185710208,-0.01785741345421318,-0.5042611973426495,-0.07026959947605567,0.07310038248019385,-0.646419029108105,-0.16200907409303156,0.13956180015795994,-0.5001038586079077,-0.19053213089612678,0.16497070418559642,-0.37714209838524854,-0.19165960315459019,-0.0797435157220919,-0.46435242192674236,-0.09909625573268996,0.036294511849544395,-0.5456682095842522,-0.19732772934256304,0.09700728902478652,-0.383378038523674,-0.19167822520483246,0.11078914671430008,-0.2711481069537688,-0.16254188674467118,-0.13678208535902361,-0.4036743968501275,-0.13011223190279703,-0.03714333299124404,-0.48270492818630156,-0.19909630306064424,0.020946498956444324,-0.3723119191490528,-0.18837261872305092,0.03356146544902543,-0.27803183164770195,-0.16388799818426367
21,l,0.0,0.0,0.0,0.23055628864504307,0.015135443883656723,-0.1118724912532161,0.5028041993431456,-0.09286715949416156,-0.1686352913014513,0.7027566133352039,-0.20767430441180815,-0.21631969052546388,0.8429721474604986,-0.30252259076231264,-0.26490292215934647,0.3724209301636871,-0.4326993732454385,-0.1274795633664883,0.3955999131589822,-0.691256279511535,-0.22423390457354458,0.38631737647553377,-0.8604731332757172,-0.2940204292618281,0.37328371640458524,-0.9999987015472618,-0.3460531805892047,0.21708570179592893,-0.4578477192373154,-0.1284836320152407,0.2382407204587116,-0.5863813536507867,-0.27702323848025917,0.19324852310762,-0.38368362628080066,-0.3346596502291562,0.16158423710913233,-0.22989499719946052,-0.348406068632142,0.06950007083341053,-0.43834354932870184,-0.1390313060312512,0.08402534188577546,-0.5351468421232508,-0.29056644007556304,0.07109759524958376,-0.32969424323928104,-0.2904102013131112,0.06467259297467871,-0.1794054398306764,-0.25765375315683786,-0.06482788366290639,-0.3997909042895882,-0.15640001614374507,-0.05283137809628833,-0.48349889284016423,-0.27318758169917984,-0.04635812077821859,-0.32717228840918533,-0.2674454443955705,-0.03202563771706979,-0.2020200671326965,-0.23911596110945277
21,l,0.0,0.0,0.0,-0.27917415205935425,-0.1037860692627919,-0.08500997966943583,-0.518505594516449,-0.2909851699621334,-0.15978598404329625,-0.7162796294149048,-0.40975289303420265,-0.24419394540994577,-0.8925241894804158,-0.4592834121048934,-0.33740586042399684,-0.22407909998878597,-0.5079893401130806,-0.11918098764954414,-0.20561304082570275,-0.7387557804835194,-0.25060229295506137,-0.1891260369161749,-0.8815660243713203,-0.3370509141849128,-0.16773300751915549,-0.9999984605416605,-0.4010805042411484,-0.039411259407423814,-0.49244240580076504,-0.14893736755209946,-0.144501680971277,-0.5805645481952194,-0.362875552784896,-0.20715821427443448,-0.389873793191542,-0.40712062345111394,-0.20632724597064195,-0.25570783105188954,-0.38683039800276176,0.14627593043264323,-0.4494253899373086,-0.19040519551637247,0.0182422134058944,-0.5019841351521868,-0.3748894724833644,-0.05664173954061321,-0.3157578619657437,-0.3286430032793626,-0.06051194505268938,-0.19986751345974407,-0.24959296835262743,0.3294440640841042,-0.3803279346910842,-0.24097960934281584,0.19744168428048575,-0.4433212230378502,-0.35619351147783945,0.10556398907885685,-0.3143879020744426,-0.3118288331278767,0.10642854112814278,-0.2286282293612598,-0.24841531210782294
21,l,0.0,0.0,0.0,0.2550490194088335,-0.08170418814649362,-0.061267234321017904,0.47690279814909653,-0.18742775129152445,-0.09431099284538398,0.6561757488573451,-0.31196849795599646,-0.12742970263284334,0.79305159722761,-0.39415103312282695,-0.16001074913153931,0.3429989527238188,-0.4804913808095362,-0.03270482309998448,0.3836668053093965,-0.7215076153308465,-0.0976735740756982,0.37421137948730093,-0.8596637666705745,-0.16253010447422742,0.3614486848551988,-0.999998269283743,-0.2143672490890388,0.21310550599653902,-0.4965485525694102,-0.04266492398395171,0.25960141406215814,-0.6486345363864185,-0.12297265243359387,0.23202244400566446,-0.4527185755036975,-0.16535095409345466,0.21065981888026847,-0.32774353059561573,-0.18708493774372342,0.07834982737729286,-0.4736252390526671,-0.06073269803118788,0.13495637392398313,-0.6232214869766778,-0.1529764199639992,0.11401649326469465,-0.42497073460996176,-0.13985439769364208,0.09329257540184249,-0.2997869995957464,-0.11472023790423354,-0.0531217931456789,-0.42638380286197264,-0.08374004722648218,-0.005059471379325441,-0.5472001068216263,-0.1552078592976814,0.013747138370526693,-0.40234936668919147,-0.13500916120206402,0.022041615871105993,-0.29312160472297816,-0.10763036420924836
21,l,0.0,0.0,0.0,-0.2542515738265719,-0.0017009398378222363,-0.1396385485648279,-0.491072368408754,-0.10543168228693309,-0.23486091926491898,-0.6778046963414759,-0.19108214698796974,-0.3139625812641393,-0.8058706865195767,-0.24851986683004856,-0.3923591676173321,-0.3898715868493817,-0.4553568769027464,-0.2059532506650802,-0.4431088477152334,-0.6904185851092377,-0.3703716771214744,-0.4662716132382689,-0.8538202710351932,-0.4890794260882073,-0.4879472014599114,-0.9999981257694035,-0.5683626493951526,-0.19672398099752816,-0.4966100860431088,-0.1865160248692543,-0.26188167312140287,-0.5361560994261088,-0.33449478847697384,-0.24023596808684936,-0.31821460874397933,-0.33415763909890034,-0.21535276883385318,-0.24739134363014836,-0.3078001095221383,-0.007913179654021944,-0.48713549589957933,-0.18639497003333155,-0.06848545032425352,-0.50303011175832,-0.31778279763081785,-0.06793269514774332,-0.3058703389371123,-0.2424488190310663,-0.04900418173773662,-0.255348649859498,-0.16656862045646703,0.16770288196370614,-0.44209505361118523,-0.20048645672569043,0.11627978190806824,-0.48538886550654436,-0.28807002849284,0.07703628691997318,-0.3346398606351419,-0.2255483406805516,0.08294935972673587,-0.28164261482521835,-0.15859119195020369
21,l,0.0,0.0,0.0,0.23278201846870009,-0.07350006604224064,-0.09392990982854701,0.4308557716016599,-0.17017548822767173,-0.1461700979222973,0.5855561431621072,-0.2926810886238376,-0.19513249674477667,0.71955675798488,-0.36307839112512164,-0.241311372393038,0.2744532454785777,-0.48280477326158955,-0.06277540902000354,0.30869030264570657,-0.7244068272989568,-0.13671456194559,0.31388706875458183,-0.87035972773616,-0.19767243950477548,0.30405838739453606,-0.9999980675724209,-0.24458107735158963,0.14134045088647154,-0.497345190762771,-0.06398264958875143,0.17637617767989017,-0.643661834880364,-0.1756869243009096,0.17008403399010696,-0.4555693788061569,-0.21286145932775402,0.1610404308205416,-0.33021026797997916,-0.21887261735942734,0.010373490609014683,-0.4737224690544653,-0.07676197551195306,0.05715210276007201,-0.6277028400619942,-0.19347771063957067,0.05269480290455414,-0.4447879147595422,-0.16386423245101311,0.03256415874598201,-0.3223886270350039,-0.11739908718601688,-0.1294447194668071,-0.43288089553725645,-0.09821048502427447,-0.07723517689331133,-0.553095763091246,-0.18715700189825593,-0.05065551162485121,-0.41610848784019344,-0.16076431965612664,-0.05195406965294332,-0.3111093478564561,-0.12073251639763238
21,l,0.0,0.0,0.0,0.2158433302181888,0.021660054358681357,-0.151863740143985,0.45989616713040143,-0.08076805538718562,-0.22567567669998112,0.6446553296189523,-0.2037231620533268,-0.28073482520904913,0.7952785990249317,-0.2922757512113243,-0.3323302172574003,0.3417959378962558,-0.40993968009027476,-0.1580722986956924,0.35437662747858784,-0.6883792940324949,-0.25992779233336233,0.34069371894562567,-0.8655996027028575,-0.32552772870516244,0.32863959654208613,-0.9999978442334561,-0.37237900489011716,0.18381293488859288,-0.4498354317273982,-0.1365377666192909,0.1549700827518486,-0.5618972280674063,-0.3038845712679089,0.09844531904946557,-0.36540607687888654,-0.3536254458809946,0.07538930914407804,-0.2132157625658881,-0.3543515637744442,0.03593300595777708,-0.445454310563877,-0.1287437724998849,0.010075062450449647,-0.5251550330397302,-0.301004641990633,-0.020639685894359397,-0.327521058891674,-0.2927194325213913,-0.023112932614075942,-0.19221089757876922,-0.24670346175067176,-0.09502918556596682,-0.41957285270961964,-0.13100041899724887,-0.10831646199948972,-0.4882064771313464,-0.2662138807707466,-0.12118125115046752,-0.3294596433295566,-0.26121600591339755,-0.10989937587834404,-0.21659938714352192,-0.22671846731479095
21,l,0.0,0.0,0.0,0.22161720706746937,0.07237099055609737,-0.159199241476281,0.4958960404703931,-0.03748019465651263,-0.23651964699647848,0.6955712237425131,-0.16354254130671678,-0.29548024676622153,0.864814809536549,-0.24365658352163502,-0.35291041642034976,0.3774994919672558,-0.4017476240722552,-0.15569798866834353,0.4191095237135726,-0.6777580444864958,-0.2728910593848538,0.42007080884591197,-0.8626610163681141,-0.3469335256142945,0.40753291128090346,-0.9999986123138613,-0.3986543795271686,0.20678263042229683,-0.4348861548256853,-0.14025859725730036,0.2367040983139327,-0.5649607626910059,-0.3329062026750546,0.17865122730729913,-0.34833409939782906,-0.3916659557211182,0.14218992706678393,-0.17295886763661192,-0.38751353810807115,0.04978081062425742,-0.4177925333057535,-0.14090520253367816,0.07595678591831918,-0.5117939281651946,-0.3378377930869246,0.03936136729524607,-0.28787081956942356,-0.3350198595837694,0.02982527320837043,-0.1324541235536449,-0.28203710181428415,-0.10005136219401314,-0.37773394066004673,-0.15126575453467148,-0.08151734315755028,-0.4484907960107059,-0.3042495542570421,-0.08986862147449003,-0.27137123950711184,-0.30266455454359037,-0.0770316353671877,-0.14564139726509942,-0.26453415661523816
21,l,0.0,0.0,0.0,0.23414879121773371,-0.05544539250233135,-0.09918368491876706,0.46202363767665783,-0.18248393062993332,-0.14936720206087686,0.6330130701202555,-0.31356810764368737,-0.1923099315532566,0.7887622748846557,-0.3891532621938496,-0.2334762280092467,0.3100874851224466,-0.47605528945581793,-0.08006198285030341,0.31652193941070256,-0.7155948426660711,-0.15315396227764644,0.300902308282162,-0.8666634069817346,-0.2114682843277368,0.2794870279713019,-0.9999968093565812,-0.2583442936584415,0.1476316825429685,-0.4943879880572041,-0.07871457167488843,0.14602145246498,-0.662333825110684,-0.1902306651496251,0.13173762576159492,-0.48046568814940854,-0.22986521526747666,0.13629579211440332,-0.3499961637413069,-0.2383988689037422,-0.0034444888593986043,-0.4742535509700658,-0.08782705923589802,-0.006452711296344669,-0.6329387108477277,-0.20447549364758114,-0.002377975303551245,-0.45946651548123635,-0.18265669304531296,0.007840243911084743,-0.33424797284747515,-0.14308591170896906,-0.14518391221891155,-0.433146566018218,-0.10517152595804627,-0.1497949478243101,-0.5647522088255051,-0.19147751420464013,-0.12648645381008683,-0.42885217539685755,-0.16865941578919483,-0.1042372466193425,-0.32070945046387717,-0.1335210104953712
21,l,0.0,0.0,0.0,0.2268682539667814,-0.014076779194390744,-0.11709470261328452,0.48009830011217225,-0.10403969185006653,-0.16764879997498916,0.6858334731085858,-0.20874158598305192,-0.2078249830607211,0.8450533680803125,-0.2655800364720267,-0.2439934418034684,0.4070918235560449,-0.43432308751490406,-0.07837044555495909,0.4511747008131128,-0.6915570767971719,-0.1603400027349741,0.4454959004186477,-0.8587750109137561,-0.22301329976774933,0.43281174743019935,-0.9999984667525895,-0.270109512703,0.2552477251410135,-0.4682673974155362,-0.0674431197468335,0.24647354489233886,-0.6195747473406209,-0.21286927193844518,0.17602791587565542,-0.4241945272175326,-0.26707316992783614,0.14460227764452968,-0.2777886942247551,-0.27387908960270546,0.10622735376678076,-0.46871597868875,-0.06970225331313167,0.09403811610584376,-0.5878984528423857,-0.2237870876133847,0.05141028351445244,-0.388945369925855,-0.21572089536992287,0.03350546152048081,-0.25176896982767555,-0.17178637619055764,-0.03576678270300136,-0.44572469194711684,-0.08017630275526332,-0.03071678203357396,-0.5479903012941248,-0.19730326871682505,-0.049581870448711714,-0.39044953600018034,-0.18667624035750274,-0.044445964432066026,-0.27513380774670737,-0.15060817206573343
21,l,0.0,0.0,0.0,-0.26540069504132713,-0.11322066221304325,-0.09744489698893907,-0.48372642647750547,-0.31266754983020495,-0.1655464563522731,-0.6522362980940747,-0.45521048805182485,-0.23862784888952923,-0.8032860450474665,-0.530731415416182,-0.31323254403085854,-0.20789395404352584,-0.5342807140397622,-0.08804264768708703,-0.21581774761975933,-0.7532278663992411,-0.20216799630319018,-0.23257202290959755,-0.8865994200977116,-0.2728078580146623,-0.24054583116547346,-0.9999984603539751,-0.32711960162636883,-0.008964007142741925,-0.5058470933528693,-0.11883630165583743,-0.026609461430759564,-0.6240174652194811,-0.30863362541019496,-0.09076838424614193,-0.44323486303417264,-0.34418564273348284,-0.10518913059295615,-0.3256054756381887,-0.3202318690216827,0.17865739126574928,-0.4445715856464146,-0.1659392092425479,0.14089759291646506,-0.5342010117475247,-0.34021271059632574,0.052326367312523867,-0.37190961667149025,-0.29058149212614887,0.028362177699550482,-0.28233736331426507,-0.21103511721101006,0.356814360424911,-0.35788678528051027,-0.22206580892112404,0.325568584076324,-0.4690272956706998,-0.323381463173368,0.21044075659295178,-0.3606731076718936,-0.2667928815697368,0.1645901431684446,-0.2878477880001554,-0.199578520678473
21,l,0.0,0.0,0.0,0.22686398864562962,-0.09226051598627788,-0.05992048000759542,0.47959120794758264,-0.17338838144794808,-0.09357680698321841,0.6687611193880971,-0.21891017729282145,-0.1328772451976591,0.7731471413838682,-0.2653566308768823,-0.16772467305440997,0.4633614738621875,-0.3668875868190757,-0.06010931996425071,0.47383521185940203,-0.6571855158641403,-0.17132065842753977,0.4400187016065722,-0.8429035977414496,-0.2525763946623939,0.43267607765307603,-0.9999977696524166,-0.3022814674808996,0.3553093909831479,-0.3827972700803613,-0.07690411158978193,0.291670059712166,-0.592308854148548,-0.19342094884937155,0.2299330866106576,-0.4672308650613336,-0.24018615710155644,0.2110147926636669,-0.37074853638693167,-0.26146604725411055,0.25071172997928437,-0.35144558322517006,-0.10635431268818218,0.19267604661603466,-0.5241321128243596,-0.2090384818750045,0.15748700687887715,-0.3982026489589846,-0.1937454198977393,0.1439269553063658,-0.3006251681811499,-0.16602665886126433,0.17322214113411671,-0.29141049616737935,-0.14435923468643305,0.2000564917364921,-0.40746232084978984,-0.20724018176682768,0.21890898084114252,-0.3592980950024969,-0.18846464776946964,0.25390705359643784,-0.31528695234132803,-0.16309831014235307
21,l,0.0,0.0,0.0,0.22079786641826826,-0.03489180867715616,-0.11342143337122022,0.47844750955386595,-0.16565098489002061,-0.15778391131393538,0.6593811535247556,-0.3142214055953161,-0.19011370133727926,0.7998297994904771,-0.4132437224774904,-0.2199884086313851,0.3719037027738211,-0.44527102218543096,-0.09478686375673379,0.38640336812788567,-0.6983987368393048,-0.18024016441321722,0.350483918992473,-0.8611813319426692,-0.24341965890034245,0.3180073758576149,-0.9999973956275018,-0.2889780883537106,0.21592713006498815,-0.4697709331529914,-0.08461018648034711,0.18406034096638857,-0.6183537724740966,-0.21628655508711014,0.13637518474742696,-0.4304556135244036,-0.26486810251848897,0.12820901345633304,-0.2818685829204626,-0.27410029555232646,0.0681791321916931,-0.456131567409147,-0.0864846116020871,0.02676832637790822,-0.5807593625313444,-0.228767244571818,0.01054635424372945,-0.39150074421969366,-0.2233649914618807,0.0203609415508696,-0.2542031667829978,-0.18784951601794167,-0.06796397967278925,-0.42587904313311686,-0.0961559094272787,-0.09419225149567112,-0.5294873996011329,-0.20788190756429464,-0.09829210227256124,-0.3808188718309404,-0.20084720800207903,-0.07684530800182696,-0.26590569415861465,-0.17139958466730523
21,l,0.0,0.0,0.0,-0.3232028347335212,-0.04773904644661323,-0.1243510038318119,-0.5462711774422874,-0.2370673226066802,-0.20402220856950998,-0.6569109711967114,-0.4010979192727131,-0.28689972040166856,-0.7496338816986746,-0.5084263398792673,-0.3679861706447622,-0.46491360112722496,-0.5215919110729251,-0.19476847392416535,-0.7749853100876047,-0.7282367575016929,-0.36421998758495,-0.9308247656992749,-0.8400537122210143,-0.4600946540641658,-0.9999966352357484,-0.9375847922881352,-0.5203035945433518,-0.19874616554598037,-0.5531023009835382,-0.2174306024291955,-0.5632076948907342,-0.4002890786267584,-0.46231254806204625,-0.6112709394291367,-0.15503146732692177,-0.4981365374825418,-0.5438209398073282,-0.036110031813575846,-0.47336210749143254,0.05776391728925414,-0.4769061227453338,-0.25576108532427094,-0.287996907465436,-0.3438735967659884,-0.4903062961907368,-0.33251021799597286,-0.13109836798539853,-0.42682499062359613,-0.29103101252676167,-0.012498423063539202,-0.32754982911155,0.3174939199288039,-0.3638928540034187,-0.3059681937828356,0.04768399394046035,-0.3570320482366283,-0.47200635178435246,-0.13759376148912683,-0.29943729957739224,-0.4327188176712021,-0.24778942491613531,-0.27283009243700024,-0.3604184816739678
21,l,0.0,0.0,0.0,0.24464236394974043,0.029587054513886754,-0.16612787134671828,0.5352341364176549,-0.04501739369670808,-0.2460101379085606,0.7589016759681501,-0.16562139899039682,-0.30358720226514724,0.9395941408404497,-0.23537782824811895,-0.35331826166990543,0.45920621744937945,-0.402166491223479,-0.16694216802568015,0.48686337554849923,-0.6704828699428234,-0.28650474855048264,0.46447496040734854,-0.839033918156397,-0.36709474609083215,0.44464981057104225,-0.9999974884975948,-0.42380289299942664,0.2795430705842111,-0.4719749402612299,-0.1393217699473757,0.24008303606387657,-0.5988953444280868,-0.28770350508572945,0.1836333413861303,-0.3791352014194973,-0.3316503017700027,0.17740144658728232,-0.23537573248719693,-0.3424741958705168,0.10919056616094877,-0.49357684626778664,-0.12959698082148124,0.05664452559489018,-0.5717283698389076,-0.28419608077336195,0.030839571059213703,-0.362575696191331,-0.2620791602323688,0.04563654135195755,-0.23587646965035203,-0.2203323511516884,-0.040520489546878806,-0.4849224015402873,-0.13333812925703215,-0.07071845836953564,-0.549229178763307,-0.2536215299100289,-0.08703410684470352,-0.3845553631040826,-0.23956056465608846,-0.06755677847284891,-0.2753734793812394,-0.20706221753924361
21,l,0.0,0.0,0.0,0.24897421628374994,-0.08333649076235555,-0.10435375217293742,0.49336442441429623,-0.19310353769155666,-0.1416674496699731,0.6767290992434444,-0.3392367558539105,-0.1689991282790274,0.8026831780290233,-0.45815877298651103,-0.18740037814864638,0.40526843950339997,-0.5149640510636924,-0.028204583621764787,0.39841753837023763,-0.7419927598695214,-0.10520050259437877,0.34312136560684053,-0.8715483055464092,-0.17042596624610062,0.29808091472989406,-0.9999982205098527,-0.21487821553773964,0.24463930384529342,-0.5274022905240632,-0.0179298162810756,0.21298595777431192,-0.686188902780539,-0.12128622827892446,0.17636777401476395,-0.48509589978722173,-0.17187474659170832,0.18887941106278863,-0.35026166748843274,-0.19036860523115423,0.09448226446498693,-0.5023931231898028,-0.02349913666723976,0.046605187743800645,-0.6257538382225929,-0.1456588279874581,0.0410107430027586,-0.42522160552685623,-0.14646519382580814,0.06824389966928118,-0.2943601767586478,-0.12084293919958818,-0.038453971977918534,-0.4536345329556238,-0.037067249523321036,-0.07742411355167139,-0.5736484983033922,-0.12783421852243235,-0.06957322331966473,-0.4268451559231238,-0.1186180217908925,-0.03125321254580223,-0.31003745600481714,-0.0916771362806262
21,l,0.0,0.0,0.0,-0.25208710782352095,0.013616411097013396,-0.0981519508113966,-0.53578550705376,-0.10685314444867011,-0.17664633528370882,-0.7431337677631971,-0.19729296191961615,-0.25485908263400786,-0.8910514047292114,-0.2657845973754027,-0.33400392686243235,-0.39699867673973804,-0.4495667130441935,-0.12386776545198665,-0.46782780288613107,-0.6855120543675948,-0.2531253472524123,-0.5007772959353253,-0.85979013494473,-0.33538691359117007,-0.5266619125455293,-0.9999980483920369,-0.389682490976329,-0.2255066356652214,-0.4756211640074933,-0.13493285161210694,-0.32618635954130554,-0.567377488527181,-0.28797742127465326,-0.2872317680489293,-0.357495148047184,-0.28400728154001315,-0.21997224592738357,-0.270579160753179,-0.24082308762492807,-0.03603361510647601,-0.4703629877432351,-0.16387554804274376,-0.13257682556058079,-0.5252018605709518,-0.30487416545297885,-0.10962278214047602,-0.32948899792207403,-0.22995444513863703,-0.05409642915741909,-0.27824555324686717,-0.14340219126438314,0.1620565213485964,-0.44306106855897615,-0.20314504557835614,0.06659204984889898,-0.5040005425722665,-0.28268801177491126,0.04649657450617672,-0.35114183101770574,-0.21376914404492403,0.08315473799742795,-0.3001860578186675,-0.14088679618078628
21,l,0.0,0.0,0.0,0.20179106857513232,-0.08575738695817894,-0.11374149795047264,0.38878513351233507,-0.1867360120554499,-0.16555776795731916,0.5596359203575926,-0.3101862185257312,-0.2030376845993937,0.695090114694425,-0.386165323722477,-0.22694768896621462,0.3127377256366439,-0.48786949148513464,-0.0708253084726489,0.29553912956337575,-0.7284709463416079,-0.16053976238090636,0.25009945532710576,-0.8631559268144047,-0.2331126989346591,0.21098041302906942,-0.9999984493521,-0.28291910022611294,0.17207838654992835,-0.48659484703948525,-0.04905989500308491,0.13906785893954443,-0.6287834174854563,-0.1552553971524157,0.12254129098347712,-0.4332102495526879,-0.1894450355730974,0.1407399343993547,-0.32227948973174275,-0.19796302199700866,0.03656078810246461,-0.45280304399591487,-0.04246488258482046,0.006960495871032632,-0.5721212618803647,-0.1598782592536445,0.013891045777277329,-0.38569210353817385,-0.1417144141579603,0.04295910394009411,-0.2766142040755735,-0.10577700353314329,-0.07596907699557454,-0.39753499320526403,-0.04462997757197221,-0.10351266372872406,-0.5083277612810598,-0.12592424890080614,-0.08359818122856989,-0.3706823356689423,-0.10405688975481905,-0.04517344166969084,-0.27501634654701235,-0.07046424124096104
21,l,0.0,0.0,0.0,0.22947883760689541,-0.06562346441068867,-0.08331988405693923,0.4527476314654631,-0.16838246668170456,-0.12015905528034665,0.6201400686581644,-0.2983127960985735,-0.15044985748809528,0.7381860494679663,-0.3964424506614827,-0.17549315386446157,0.33399569149750846,-0.46845816330614615,-0.0764292851939623,0.36410509371566413,-0.7172035162781137,-0.1537829262523721,0.3460491507234099,-0.8650252831147814,-0.21832346962104449,0.32821053263075367,-0.9999981383166797,-0.26754203887257466,0.1882949646370292,-0.4829794835313116,-0.07853921480223028,0.20557148965901226,-0.6077447263504854,-0.18808882956024967,0.17128863932427305,-0.41416533228731195,-0.2280745027517862,0.15608865732431004,-0.27635660075323343,-0.24091288658474336,0.04874236306995005,-0.45919547315090514,-0.08943526081268614,0.060886425196296626,-0.5710305224925954,-0.20260965044303664,0.04805005260347488,-0.3807163837245812,-0.18222528781070013,0.03904868495962176,-0.2482627108219541,-0.14725531462197294,-0.08198083882016487,-0.41540980445937786,-0.1078618198794111,-0.0762304952136852,-0.5171131969423542,-0.19235181253941325,-0.062596034793887,-0.37241065549639296,-0.1704476181545399,-0.045897554057444195,-0.26017690900675505,-0.13769987112674506
21,l,0.0,0.0,0.0,0.22652234598313753,0.03562359934545235,-0.1897900399113641,0.49416083115826176,-0.03482623530778615,-0.28320260880348747,0.7119091887981239,-0.1469315725048865,-0.3473133957183419,0.8835621031783646,-0.22457529595578413,-0.39962872970003976,0.39051529641993454,-0.41169689799773745,-0.1925449705064533,0.40004174430916006,-0.6808121368866518,-0.30138943739973445,0.377653107082882,-0.8422593592590526,-0.3674686349064782,0.3518431405931239,-0.9999975579502208,-0.41274509883825594,0.22804509586996574,-0.4711910555748493,-0.13990583474727453,0.18006810346231705,-0.5775599713180568,-0.2503137985327315,0.15508395750335466,-0.3581908308086413,-0.25633380240473,0.18182367258577306,-0.2575060813733751,-0.2493899086298332,0.08044213935198405,-0.4895839936047099,-0.10763231426434616,0.02996599728301557,-0.56340552241065,-0.24083785909934205,0.015119422417393629,-0.3597149634918108,-0.20043156749236604,0.03690486932383072,-0.2647287905579378,-0.15302501496489515,-0.04705335723039222,-0.4907423402662191,-0.09095549017549182,-0.08002176926421845,-0.5430156809063932,-0.20470302539074747,-0.09302616828816397,-0.37250088069382553,-0.18878807659924654,-0.07971151343247593,-0.2799428981353354,-0.15753531454186465
21,l,0.0,0.0,0.0,0.2548605750599694,-0.06305471775387768,-0.07746057908905139,0.46860320072819245,-0.15234141560924808,-0.12124595332468986,0.621562433175154,-0.269517483645834,-0.1677654161869032,0.7426886983534171,-0.36201031959209945,-0.21304269384930552,0.3014931932630867,-0.49042039163786316,-0.04081808924024369,0.28618456167874595,-0.7322265124464856,-0.1281385937449567,0.25793788268124906,-0.8716324688991244,-0.2095782154018362,0.22332823378917802,-0.9999978288130427,-0.26887185668458835,0.15320401680987214,-0.4956644582272696,-0.05261795083695856,0.17811042132093768,-0.6370399484991714,-0.16257269413674325,0.18315655099093006,-0.4514740541952688,-0.21900881930884655,0.1828981135747353,-0.3200604398398083,-0.24712930462308505,0.014328394123666113,-0.4645673322948173,-0.0760885200287046,0.03797671183376144,-0.6111474182437873,-0.19146394607400583,0.04732898862702525,-0.4291220000702085,-0.17727415308841912,0.04653128795931138,-0.29706170981653807,-0.14816924057322087,-0.11722731551621195,-0.4129781380982257,-0.10823484428219957,-0.10993451445721135,-0.5326392559517772,-0.19392608982053244,-0.08168505308392672,-0.400073867433005,-0.1759458436520144,-0.06396681936095869,-0.2924070539492443,-0.14834190963809712
21,l,0.0,0.0,0.0,0.25731329944067044,-0.013214455857397708,-0.08877515362241672,0.5125169281261869,-0.08656421586896151,-0.13184589055637527,0.7044729940602418,-0.1907562444666301,-0.17133249910254603,0.854022057229072,-0.25760826321394636,-0.20894528969023035,0.4020370679100936,-0.440574731825395,-0.07304095281950208,0.45783664760889603,-0.7015905458042273,-0.1546262757583112,0.4620862013961372,-0.8586359316688096,-0.22629616749352702,0.46408480919413025,-0.9999977961830611,-0.2821901605577457,0.24942145863254514,-0.4769279824395643,-0.0779397914256394,0.3045568936697207,-0.6322322216487146,-0.19537964895291582,0.2555981616149461,-0.4337123415143365,-0.2505934552932447,0.22010517274701782,-0.28977803297695015,-0.2729133331479697,0.10025109978718617,-0.46990967050798543,-0.09211922576631146,0.162013532090793,-0.6135926917159232,-0.21827400340169592,0.12716353929063834,-0.414308835048313,-0.2122665712686994,0.09648835773174669,-0.26747401656761505,-0.1835354183727324,-0.04010725738084331,-0.4358374468022716,-0.11323878135228205,0.004323836581179054,-0.5389532615524898,-0.21406477643627428,0.0031709098218635568,-0.3896784733151227,-0.20576873148615757,0.000714520349469824,-0.2684714157795875,-0.18023098342259675
21,l,0.0,0.0,0.0,0.25916773182966746,-0.0024464874103885164,-0.12920151936033747,0.5326961222795411,-0.1512320678381993,-0.19004749475881771,0.7118786227330683,-0.29539606292301407,-0.23497082874846628,0.8576194469527412,-0.4221510506233993,-0.2843130283651321,0.3217229631743728,-0.4230040013489419,-0.13230734902192814,0.31533712980675915,-0.6974101874302985,-0.20446561263448704,0.3013864987021861,-0.8686041416640152,-0.2540481888803166,0.2983220050774823,-0.9999985476363991,-0.29575166201551745,0.13615861146359173,-0.44854188105955595,-0.12007005336250855,0.15878301475651604,-0.6149021592898098,-0.23450503004589215,0.13950955733135045,-0.4453962735781757,-0.2764588567280603,0.129406943348577,-0.31282428831831033,-0.2856524674535964,-0.024926106364688037,-0.41010949516587686,-0.11748244991624517,0.01026947306361008,-0.5413318047166248,-0.2415463101219647,-0.007834109591944007,-0.36045396406122754,-0.23633879186657294,-0.008199554785070758,-0.23060539601698876,-0.20590862987611397,-0.145493890093558,-0.34212630113031905,-0.1213771594462037,-0.13033481834621508,-0.4617021498253283,-0.21395392116855133,-0.14112811205736986,-0.33424198232079516,-0.1934294101913854,-0.13861933924689732,-0.23520040510171408,-0.1599538860194729
21,l,0.0,0.0,0.0,-0.30998600769057016,-0.07102025979124851,-0.13340757301852288,-0.5878636271369367,-0.23804249608886782,-0.22337889228806107,-0.7921448619564341,-0.3743199097415939,-0.3083822228924765,-0.9620294794219476,-0.4572826962809691,-0.39143503946190333,-0.3820462805452075,-0.4906919888592575,-0.14856944749906947,-0.41613391775053155,-0.7356704858976284,-0.27124369702841417,-0.4307771177066569,-0.8777071802284692,-0.3442334377274467,-0.42881936301674756,-0.9999984719744455,-0.3958898637865382,-0.1930395032825315,-0.477604710014298,-0.15727664242749845,-0.14538725047200446,-0.6089490518079419,-0.3637202032077698,-0.14596877980116968,-0.4205080930194145,-0.4071469874075493,-0.16469047218089453,-0.2737749004289443,-0.38324057625621544,-0.012609668852454806,-0.43235380446967075,-0.17983464098533863,0.021255557292286387,-0.5057812860204339,-0.3700600113634255,-0.01704340875427028,-0.3236729402713517,-0.33109863923840077,-0.06138235608857159,-0.20099529810809763,-0.25061598193355933,0.14528114527725466,-0.3669554806065947,-0.21277053590181522,0.1594769274057333,-0.44309483788806403,-0.3346458542995331,0.10524697221750211,-0.3064052989080909,-0.2919441829821575,0.06665318856115565,-0.20546637975227142,-0.22639109581249037
21,l,0.0,0.0,0.0,0.25101086923273136,-0.0935218496243728,-0.0739875763406285,0.4551791020024151,-0.1709528711707151,-0.11346059125894244,0.6245955818988855,-0.2898985050678465,-0.15360519370508943,0.7550180946950942,-0.35801726362974373,-0.19116505500834524,0.3041185608172639,-0.48092654930780576,-0.019262392015395816,0.33398576099243826,-0.7224531896726887,-0.0872376909175424,0.3294707147467351,-0.8614031091289666,-0.15479587571882367,0.31520916645772457,-0.9999982196181607,-0.20730640900815014,0.17317266897943528,-0.4916623990406963,-0.023825455462748474,0.21121198931197324,-0.6481659973634742,-0.12190430980127086,0.19793947035546444,-0.45999340390451904,-0.1695244405811898,0.1931261235246044,-0.34212275575183426,-0.18667380595446761,0.04429089833758218,-0.46683468534311606,-0.038889480808961666,0.09236822968085061,-0.6190338306294559,-0.14564207497158438,0.08627784647795984,-0.4352216679937301,-0.12984026206384022,0.0720903692698598,-0.31424210376383094,-0.09497008698883083,-0.0842250800178832,-0.4194362504756717,-0.06112055145151839,-0.04367275500476857,-0.5549130002942402,-0.14062744687608672,-0.014738659434818299,-0.41780928661180355,-0.11901923854682962,-0.0020885285722068063,-0.3070511601309642,-0.08459839132984731
21,l,0.0,0.0,0.0,-0.21503556944762686,-0.026997100371493412,-0.10163960839983029,-0.411696999053527,-0.14543629907771055,-0.1711628887178153,-0.5939398954794453,-0.22924412022073984,-0.23692551658071032,-0.7407053230313186,-0.2492379579993693,-0.3020759787738572,-0.3679279420709067,-0.49332232283274025,-0.09156014357301862,-0.43734963951819344,-0.7233392248872623,-0.15838443069536573,-0.47707925213133584,-0.8707752085494261,-0.20765555557534687,-0.5038542893151584,-0.999998372033181,-0.24717348767990113,-0.23606709292822364,-0.5356037941922065,-0.08896587473625935,-0.250331826609644,-0.731481477078938,-0.18253654357591861,-0.20377434105262826,-0.5922185540253542,-0.213184429221274,-0.18128958212079588,-0.47141972168741925,-0.2105435171690795,-0.09864340810523078,-0.5325256209473348,-0.09617147827825621,-0.11763682138532994,-0.6958125108481668,-0.17345376135920615,-0.0950332438503501,-0.5589812209391921,-0.15879090772973461,-0.09124997025450161,-0.4506264176194211,-0.12828706962735384,0.03227945816499414,-0.4996052991935392,-0.11359431727832756,0.01156203498524533,-0.6498915708498667,-0.1619252760122117,0.005893383309237416,-0.5655404541910983,-0.14053627786114106,-0.0018469524641150075,-0.47864194236766766,-0.11153956568098242
21,l,0.0,0.0,0.0,0.28443814294368824,-0.026287979686261155,-0.10136552462344992,0.5771843269939638,-0.10181975584936233,-0.13998630926628067,0.7922330852323087,-0.21823439039333914,-0.1697481944993565,0.945712353598829,-0.3142831628745596,-0.19616169596192876,0.45419891355116604,-0.4247791541457296,-0.07450618253623005,0.49640167776221106,-0.6853215815762631,-0.16108499875001223,0.48069448569163253,-0.8544269593539473,-0.2385992828507747,0.46261674413981013,-0.9999970855033941,-0.2937590082639387,0.27174251805813426,-0.4656771259521415,-0.06950430641049261,0.28056980087653743,-0.6178374439349343,-0.19306813410043147,0.2318792078895861,-0.43417874938286044,-0.2513942524515995,0.2126446812728653,-0.28706188573204877,-0.27413281375009424,0.10595206171079352,-0.46820006914087636,-0.07553807012220838,0.10703519054089436,-0.6016071015080048,-0.20744310811055455,0.0752606899498899,-0.415939624241116,-0.20023350469183107,0.06176179518295883,-0.274597565744214,-0.16831569799188012,-0.04493412501227603,-0.45750206561852,-0.08958725861031858,-0.03526604932495741,-0.5720225710207159,-0.1856310909991403,-0.05294736746213828,-0.42446620200660745,-0.16561095940287252,-0.052760968547190694,-0.3034957382511135,-0.13060016628075863
21,l,0.0,0.0,0.0,-0.2801443642639345,-0.03478307220526803,-0.039978749650732046,-0.5705492180588608,-0.1604915995458642,-0.1111578619911391,-0.8057202176080072,-0.20248032132750868,-0.20841438835993215,-0.9999974942327835,-0.20766444604086812,-0.29985877871037314,-0.3685003843803552,-0.6748497448257293,-0.018494887053218174,-0.5216891040073366,-0.9470926128685296,-0.17518603082489503,-0.5665785310070885,-0.8216981798601777,-0.26048133011921004,-0.5416989143331785,-0.6839664709728286,-0.2910925522656961,-0.24255020005945896,-0.7114167921862472,-0.06797819453238037,-0.49723388060260004,-0.8416715474770003,-0.24381104974277606,-0.4940468611501074,-0.5705152397133613,-0.2852054118500669,-0.41066146225301714,-0.4046940433287901,-0.26559546317472454,-0.10282945110094413,-0.7233076448797578,-0.13814353866456167,-0.3688642140490888,-0.7174095268448134,-0.2932625176919367,-0.32608323673468675,-0.43895317691422336,-0.27193016561049693,-0.23087972120675962,-0.29460748972828454,-0.2120213577594945,0.04791842847625111,-0.707514435213886,-0.21374747638029207,-0.21755311539110767,-0.6897627286489568,-0.29513537795868283,-0.211345906428641,-0.487324152145919,-0.26087301456348505,-0.13099712613165643,-0.3776616184261748,-0.20542569416251732
21,l,0.0,0.0,0.0,-0.18437213016920695,-0.031659401499012814,-0.06736398064954331,-0.36471717954463184,-0.13713082787310185,-0.13349780118663174,-0.5347881596020776,-0.1857766482039241,-0.20749241340622118,-0.6780047548357314,-0.20528414375134557,-0.28644301141141093,-0.2407950281330955,-0.4682468431573718,-0.08955211624095909,-0.3040362709661823,-0.711295041827597,-0.18982372241898252,-0.3375911749913686,-0.8708180251309063,-0.25590425349938073,-0.35711819320684585,-0.9999982199129409,-0.30205122536979573,-0.12757814236007395,-0.48787794690199404,-0.11062765869342882,-0.30049120909075494,-0.572709138575601,-0.2554431630933847,-0.3332185217527085,-0.39413359624637023,-0.28319272590840683,-0.3017089885614606,-0.26857822510993107,-0.26631214327978003,-0.011728242834490256,-0.45951914952188444,-0.1419117130262421,-0.19196294669481748,-0.44462022380237287,-0.26372727306325217,-0.20544769914704086,-0.2651892384774929,-0.2346847048446357,-0.1665709051997121,-0.16391953589511932,-0.18142219792445646,0.10349868198734712,-0.39547705289268476,-0.18140422699020678,-0.0604045142834212,-0.39424659429788855,-0.2511995557515877,-0.09160566359040807,-0.27125887841660745,-0.2187975634189408,-0.062024365224764115,-0.19939381527426475,-0.1726922231076474
21,l,0.0,0.0,0.0,0.22292715294668078,0.028250715398316077,-0.1329316014827801,0.49715468285014786,-0.07562860097956388,-0.20356237092184465,0.7001625161600082,-0.1867731970908339,-0.26214874793628307,0.843939739318228,-0.28605512598314287,-0.32035868307085213,0.33119572144420756,-0.42474109165894675,-0.13549570762655164,0.3536042763623885,-0.6896593896173255,-0.2393228153898312,0.3465093421626695,-0.8635751885707341,-0.3136487352146158,0.3375682600838986,-0.9999986967971668,-0.3681496546293288,0.18023512888787188,-0.4466634665975347,-0.1306452486641451,0.20847046425168414,-0.5703479175075855,-0.2957247226046047,0.17069628390241343,-0.3649471683243682,-0.356021526461293,0.14661367437004533,-0.20800129552237573,-0.36502509963985336,0.03258862305934156,-0.42216346001766014,-0.13776309756173594,0.062165788756670115,-0.5186844396857078,-0.3049543939419125,0.04847693663273537,-0.3120570939123399,-0.30465619216181067,0.04435772840173769,-0.16197832883936086,-0.26584418961053535,-0.10367125868889773,-0.37445350550962536,-0.15306191111314088,-0.08268970687106864,-0.4488236623528439,-0.27879880044079663,-0.06139927269362118,-0.2888854407165553,-0.27262206595249694,-0.037648537895685216,-0.16370967019822769,-0.24062939981094292
21,l,0.0,0.0,0.0,-0.24718337667925094,-0.08474792303283445,-0.10479169414816376,-0.4637361521570852,-0.2647014941245278,-0.17534721394814323,-0.6197500097055899,-0.40572280795175963,-0.2469306730534719,-0.7480921830426718,-0.4902637242362092,-0.318685472512679,-0.2678754148123476,-0.528250879167316,-0.09849279410310263,-0.2975708298977162,-0.7480578647053567,-0.2010541390756401,-0.32477293323796824,-0.8795584446483431,-0.26899820933883356,-0.3352627374554643,-0.9999984666680215,-0.32201208923796637,-0.09332302906990478,-0.514170718831971,-0.11533644883253241,-0.09872659065556064,-0.6402722383294154,-0.28063571289166334,-0.1287440314707016,-0.45770891990874557,-0.31789210658285894,-0.13753446108357542,-0.336097801764512,-0.30349830589044113,0.07772385961247079,-0.46570541238112495,-0.14630164239855714,0.05528396251271296,-0.5743873825472585,-0.2994843856333473,0.004202008507944307,-0.404338193277132,-0.26134871592690917,-0.014282734488896895,-0.30100599949955736,-0.19550747779184577,0.24615323250069873,-0.3928947871114468,-0.18687160636323794,0.22179717492118886,-0.5145557148264838,-0.2834343938632882,0.14232714712565298,-0.39920387755493836,-0.24133038651156943,0.10585557405258914,-0.3134592147437878,-0.18606337753167124
21,l,0.0,0.0,0.0,-0.18186434025571818,-0.013267182530436118,-0.04025731167947133,-0.36094198103426595,-0.15052323702867076,-0.06785976074104733,-0.4858825339133186,-0.2681998628755004,-0.10283029172398578,-0.5826556070925709,-0.3387238094642986,-0.1415105548525226,-0.2349294979857055,-0.4975644250730516,-0.026022601065417962,-0.23723152171692097,-0.7392529307917347,-0.08344244321267562,-0.24820518621080148,-0.8908120338445554,-0.113659954807275,-0.2555091538006357,-0.9999985729812346,-0.13397895360935405,-0.12285863526139748,-0.5082298857209324,-0.04783505897419912,-0.162638748502163,-0.6423721755180887,-0.14147176888487364,-0.14544920740780976,-0.42220915886051125,-0.14194672687467974,-0.11417474629842225,-0.31160093538991124,-0.1133853484551817,-0.0065139586698272495,-0.49467806011870435,-0.07994923415676211,-0.04156784014437308,-0.5993164342068678,-0.17136222588768343,-0.03883215357092509,-0.3928170505078222,-0.12576424939593456,-0.025177579177206047,-0.311523873796293,-0.06846169812000669,0.11294350446793548,-0.45655613205187684,-0.11606228194276676,0.0759416062739172,-0.5778660716938452,-0.16788581026266397,0.05708439615608018,-0.4270831345429726,-0.12379190638973493,0.06079007214853761,-0.356860417130553,-0.0762068720400249
21,l,0.0,0.0,0.0,0.23741104717829214,0.050412339617124206,-0.1858972445820114,0.5357354780881906,0.0022898779248558135,-0.2703921380469435,0.7732240812221388,-0.06892214582468148,-0.32770076373244933,0.9473243698314466,-0.14330403723942237,-0.37176023354280524,0.48767209127577676,-0.39610255725547033,-0.21253000817635193,0.5424298241045009,-0.6700021078539,-0.34464070746507264,0.5515165413481471,-0.8317431568451026,-0.4148426072614677,0.5707852822143828,-0.9999972920436626,-0.463126152915744,0.31783939781224946,-0.4910820515196244,-0.1811360876924184,0.2772436568778493,-0.5846162288120352,-0.3493657697644813,0.19129164357071118,-0.35022106723506335,-0.37711526648722077,0.18296708912125476,-0.21948303169323738,-0.37142402322931584,0.15089419086008526,-0.528377992334496,-0.16987146847446052,0.09091042945231119,-0.5593812478940359,-0.3515055797397611,0.036451864082085686,-0.33455072902314037,-0.3173011032488653,0.051607153273199854,-0.22145235576183298,-0.2598706961512002,0.0018665886559522842,-0.5343329339119705,-0.17360107466145583,-0.038410051083167716,-0.5522358506434258,-0.31706700289676387,-0.07280115415830363,-0.3738847531929957,-0.30522789661289756,-0.05538124720270863,-0.27694222972449284,-0.2682492008153872
21,l,0.0,0.0,0.0,0.2045368689043572,0.013204408704892803,-0.20441616582470312,0.39434169292124416,-0.08983949294025967,-0.31050411280222706,0.5642476565016505,-0.19139305241098312,-0.3969095518622485,0.6993092998386834,-0.27703468182109386,-0.48104615110015336,0.28710519516583516,-0.4198317338631948,-0.18143826210252756,0.3339158103152895,-0.6891163189814438,-0.30439991598819777,0.3315043449699324,-0.8571915840251427,-0.38597641409634575,0.3200454106491289,-0.9999988670174192,-0.4416586136685572,0.15208042376804912,-0.4443937803524987,-0.1369292899702249,0.1513758388264158,-0.5899974217629113,-0.35123875910579344,0.09378359176398958,-0.39258080458086714,-0.4308186011851111,0.06775090527658496,-0.23335986978322643,-0.43280391200186547,0.017817334792909506,-0.4434589483836455,-0.11159442688064938,0.007058747841966876,-0.565324286738697,-0.32155789474297314,-0.0339306254851142,-0.3697633545723371,-0.3462796521046557,-0.04929484517345328,-0.2208227351290624,-0.30106617944450015,-0.10662768868893469,-0.4282644003937637,-0.09967749715330378,-0.11923541014620814,-0.5247808882958395,-0.2576596006349997,-0.11920959641218415,-0.3777570694452057,-0.2725225544130011,-0.10804783236364376,-0.2515694078822912,-0.23885833881859886
21,l,0.0,0.0,0.0,-0.27593776954782173,-0.08775966133725567,-0.09182143953010821,-0.4976487972836608,-0.2677227343688993,-0.16562613197021953,-0.666352794088671,-0.41330780823305874,-0.2451451143942422,-0.8099219482110833,-0.4945547666177561,-0.3257227847394718,-0.28703412218291363,-0.5017374289117275,-0.11693948847570763,-0.3153329899475798,-0.7379200707101824,-0.243510068999529,-0.3413092424884212,-0.8754401901336577,-0.3242669993408862,-0.350122004919442,-0.9999984983229683,-0.38438962950135064,-0.1085671574200368,-0.483659088510847,-0.14230138785293864,-0.12009421738323554,-0.5998851298248536,-0.3156893939813053,-0.14841778905948885,-0.41449449105850356,-0.3469196359505291,-0.15536379504100917,-0.3153363017038433,-0.33475360841905877,0.07273565528058096,-0.4378131039513507,-0.181392788180618,0.054036763361461744,-0.5518561608461557,-0.3357194105277672,0.0009242485182941217,-0.38363975302075115,-0.27877978091769173,-0.018230502175149314,-0.30303491732346827,-0.20635287977848746,0.2455265383286,-0.3716681121559093,-0.23025306392328268,0.23413740853842965,-0.49996161149908414,-0.3151882447024046,0.148424681092794,-0.38441085518859,-0.2548139434426458,0.1083821466039111,-0.3126010595509719,-0.19256525526794155
21,l,0.0,0.0,0.0,-0.26840109530678824,-0.03864327367189906,-0.1210966245363684,-0.5383778808906409,-0.1701537207246735,-0.2003112468692849,-0.759297565115891,-0.25829739123887546,-0.2778436342008487,-0.9311142466011504,-0.28831004803211724,-0.35364602884380664,-0.4441691528503702,-0.4957541088554209,-0.10407736145394514,-0.5153949338686705,-0.7367048280514568,-0.19588273993399608,-0.5582053490208585,-0.8730834492890298,-0.25302942938915857,-0.5888646752754217,-0.9999983821483398,-0.29800374269892027,-0.28024702680650776,-0.5267758728031511,-0.11010624512351545,-0.2710702220619207,-0.6790892887721152,-0.26177422113244525,-0.22201726725667892,-0.47405104856553976,-0.29235112258503054,-0.19933513821630605,-0.34676892876299287,-0.2750974345905177,-0.1067990140839718,-0.52171013463701,-0.13139150400050395,-0.1011641373612069,-0.6442238145062305,-0.27406407492044293,-0.090274131058338,-0.4532809627818151,-0.23674400982010493,-0.09668084529503333,-0.3408974092042478,-0.17344954874247523,0.06283050515073095,-0.4843147324479966,-0.1634861886303141,0.05974585517626738,-0.6236815480786603,-0.24995924413572068,0.03091207314661873,-0.48627397891092533,-0.2068253496056617,0.004339609170651785,-0.38534479683491224,-0.15311530911112278
21,l,0.0,0.0,0.0,0.2355910547015819,-0.08095526495016006,-0.07907041236654261,0.4477562087140284,-0.1898351369684467,-0.11120311508357861,0.6066063593092916,-0.32032225158571914,-0.13778577802819233,0.7224120607496836,-0.41678922298692905,-0.1582490768738223,0.3291052734151902,-0.4830037911952608,-0.05635861590104755,0.34998300480041794,-0.7309397320966793,-0.13162232177777863,0.3278212452925701,-0.8716191466705326,-0.19570790938053387,0.30136843356549836,-0.9999981916124102,-0.242528115313395,0.18290499601434518,-0.4925038207957009,-0.057429741921048716,0.19494877559839674,-0.6239466942682322,-0.16793502781806127,0.16208051204927054,-0.4268661355684615,-0.2111821055032167,0.1472440454029765,-0.2898105097432692,-0.2236086143931565,0.045685531973297125,-0.46773234486469956,-0.06826185975232904,0.0521098224359438,-0.579035190076554,-0.18262077947401292,0.04364035677089686,-0.3850927799402217,-0.1662386959747665,0.03841208528399769,-0.25636606383700006,-0.13101198400310324,-0.083642858419995,-0.42418759631581854,-0.08595070123193801,-0.07757399987628555,-0.5308454125315606,-0.16688843037305726,-0.06351678874415577,-0.38805340117371634,-0.1445079414576269,-0.047514618581462546,-0.2822517474241209,-0.11064474474299497
21,l,0.0,0.0,0.0,-0.26001684268574665,-0.13230079110929802,-0.08298514648955387,-0.4558091268220054,-0.25380164729550864,-0.15428170322232782,-0.6431631515512133,-0.3634506837097705,-0.2301881976762584,-0.7674234883830064,-0.42237829975842595,-0.3043626279052989,-0.2891496830237896,-0.5390458257670045,-0.07398544397369385,-0.29263480280931475,-0.7641976051548709,-0.16446558107566245,-0.2908415245869354,-0.8863837705016123,-0.231367447132799,-0.28153433549041945,-0.9999985596066506,-0.28173049087986485,-0.14277697009335044,-0.531564238974291,-0.08136783168053924,-0.12470252854857906,-0.6380417807542594,-0.19033975263817687,-0.13408870344830698,-0.45011004355786355,-0.20635144129770866,-0.1553152795201715,-0.34596150979597273,-0.19588249552443948,0.014441008742889084,-0.4867170872331024,-0.1016113296260007,0.022751688906925985,-0.5937138748150553,-0.19578569498843792,-0.013583755215637962,-0.4126366887442444,-0.1451380984462411,-0.05026433295658443,-0.3275297433458013,-0.09007706283191075,0.15421488708564193,-0.4141596552259577,-0.13143518842448057,0.17167401205256566,-0.5328446246005965,-0.18206244826870369,0.09877354985331963,-0.41034738826310757,-0.12702639620734582,0.053236946489638295,-0.33861119397403205,-0.07464847935235425
21,l,0.0,0.0,0.0,-0.16805727421578925,-0.05855228012701735,-0.07693356081409407,-0.34940220284281936,-0.18814788656034964,-0.1533211487052227,-0.533075241699298,-0.2373637654740405,-0.23874733448510144,-0.6825396606896628,-0.24527114029645145,-0.325891167984749,-0.17368426848112692,-0.5074711839799807,-0.07857836112140014,-0.17722466465923492,-0.7419554660492935,-0.16763619624675932,-0.20964504462013686,-0.8903510744861589,-0.2249871801821816,-0.20314583832181352,-0.9999983984579539,-0.26536058839712146,-0.05745927062962368,-0.48970023371285837,-0.10979296426771279,-0.021040576013845392,-0.7227010298350754,-0.24094158684837352,-0.1583739737436393,-0.6288692669125328,-0.2643323003354686,-0.20649402710926631,-0.5234137536874235,-0.24227811313422581,0.05195384383982582,-0.4401906741250425,-0.15494254954064682,0.09282982164004104,-0.6519256101798029,-0.25491824294518756,-0.03745423758763214,-0.5718321652350683,-0.23007024710113072,-0.07773120799953773,-0.4799481070531432,-0.18317770544965087,0.15603097185640968,-0.36268832990454414,-0.21092389473000644,0.16680842733809031,-0.5309305566007876,-0.2572617459939771,0.060788892574522496,-0.498047771573914,-0.22631840847440027,0.0219800868848802,-0.43125400891785887,-0.1896618530363398
21,l,0.0,0.0,0.0,0.2086896750520872,-0.01997850585089919,-0.13788005626285119,0.44469914843247677,-0.1349147136137205,-0.1963075101492076,0.6152903295337373,-0.26716030573046984,-0.2363221842357154,0.7521598760904716,-0.3658233721479925,-0.27103128527637715,0.35235551392366576,-0.43988863488428287,-0.12610067585666662,0.34896149387606185,-0.7017813719875536,-0.2179923687154257,0.3036715441786588,-0.8649623545774469,-0.28364733760094835,0.26461508541689677,-0.9999980221532668,-0.3295460358576016,0.18922398570716498,-0.44856690483163664,-0.1039490732214238,0.12424376840187738,-0.586908057927247,-0.23886030174595857,0.08917796516743179,-0.3964415826649684,-0.28752213785901215,0.08637315360186762,-0.25562264167909965,-0.2988058398510718,0.03704197405966215,-0.4198689268796276,-0.09546211477662309,-0.024254452399931542,-0.5294546901523299,-0.23937308877972255,-0.023405534777048743,-0.34047184609182607,-0.2345015972228582,-0.0005811920401072349,-0.21339968835399475,-0.20107095657326096,-0.09266735729626221,-0.37519070243498653,-0.09629116075989928,-0.12631979108469452,-0.48010783139281527,-0.20921816671479868,-0.1209701718165391,-0.3302020766431645,-0.20150994518570503,-0.0902797543777446,-0.21901862470442704,-0.17234876719828296
21,l,0.0,0.0,0.0,0.3045217099840061,-0.05839103939056453,-0.05821815572504398,0.538264933598159,-0.1177871679007252,-0.09569210092066627,0.7430424704127033,-0.2150836780377924,-0.13275088558755682,0.8996342495668459,-0.2662817366013036,-0.16089671819888737,0.44809600742431305,-0.4525619390295698,-0.025000520325175513,0.5025782021022438,-0.7057823712763256,-0.10613198547239563,0.50525623738589,-0.8568891738800347,-0.18657017855040645,0.5022129235370458,-0.9999977377787419,-0.24680606684064557,0.28887298208291545,-0.4896634002065693,-0.03169353960000355,0.3333459507832851,-0.6173021674171861,-0.1322663925847598,0.2787986289193113,-0.4101745235104174,-0.1813959887969315,0.24586341990454436,-0.28393026014671,-0.20828569597683227,0.13400174722258115,-0.4834275058526704,-0.04534531822156686,0.1882195228283992,-0.6012055047085697,-0.14283867207602546,0.15024646303735767,-0.40546028608094065,-0.10913570725084254,0.11592403147598418,-0.2877092550039412,-0.07162161377438314,-0.012011785819214178,-0.45175020888468537,-0.06509971348410534,0.03281904530715601,-0.5601120032210304,-0.12792947651924597,0.028540472345805742,-0.4072189897818921,-0.08537118641103963,0.027418747582467907,-0.3099975849090609,-0.04266817203188126
21,l,0.0,0.0,0.0,-0.238831481344765,-0.07943965434657892,-0.09617455768924571,-0.4361306318542369,-0.23295010956496154,-0.1648639846515329,-0.6190663851573468,-0.35136555855922164,-0.23501830247855182,-0.7608050365742551,-0.3969718112150647,-0.3059170398264346,-0.2899622961547114,-0.5208275939842595,-0.07720445432634483,-0.2993314512937577,-0.7410100926617044,-0.15119396912114402,-0.3013056279149118,-0.8794075408635502,-0.20176673677245743,-0.298405030180609,-0.9999984723051777,-0.24345832753765986,-0.15118065272172215,-0.5361312986041196,-0.08148069499010069,-0.1662889930307644,-0.7008087068038378,-0.18009288536492044,-0.16652706340626344,-0.5408822344777715,-0.1964103809679967,-0.157679805516088,-0.43134427453248037,-0.18357900692100668,-0.00221771045908567,-0.5115382053967286,-0.0990867083701507,-0.01819870230516949,-0.6686280024989532,-0.18616467019271224,-0.032047122648408456,-0.5235158451453499,-0.15399830747671303,-0.03344449422324437,-0.4266508871297847,-0.11069926362392911,0.1392665712527331,-0.4546753534468022,-0.12789816368615245,0.12849489977839357,-0.601880153498639,-0.18298699523758455,0.08936093789328958,-0.5109236569307721,-0.15213169277220012,0.07627093719339796,-0.4265099297990245,-0.11613296156845083
21,l,0.0,0.0,0.0,0.24313043617818636,-0.016394263543706197,-0.09622241467400564,0.49813453883138487,-0.1157059296282046,-0.1455842264484918,0.6768300840813959,-0.23250930737089148,-0.192130414367266,0.8230242813255855,-0.3210208556276672,-0.23852368103124,0.37677355839338283,-0.4514169910903795,-0.08640390963993562,0.42422659296348275,-0.7063674484341533,-0.17321676471845535,0.43467991153339164,-0.8656812967413582,-0.24033440296196226,0.4398370567766724,-0.9999978442660034,-0.28949523756374446,0.2227614085584475,-0.4753384303739858,-0.09319605630263296,0.2692839058091374,-0.5942030729161721,-0.22619504129872084,0.2284385599508103,-0.4036063639547013,-0.2784720580422223,0.19073136832500875,-0.2582257765291398,-0.2919378337813161,0.07029758442068008,-0.45669234875203324,-0.11035499839695448,0.12160485779677586,-0.5681840056652407,-0.2452796974174251,0.09859725190389641,-0.3790487619717856,-0.23610732925546474,0.06766427430966265,-0.2424432622505138,-0.20091546018288606,-0.07721134050263165,-0.425772734300746,-0.1352486063299195,-0.034462967446138054,-0.5135649856900739,-0.23704411448666102,-0.03121424605490602,-0.37004457346101866,-0.22539349364397843,-0.038554594777073146,-0.25727031180846416,-0.19537548980483355
21,l,0.0,0.0,0.0,0.28501898751530147,0.0006390954844126418,-0.11166069130155416,0.588259045026443,-0.053645355934008626,-0.14991433149242264,0.8198467198458008,-0.17632039302833935,-0.18163614188499072,0.999997091089803,-0.2509679939765606,-0.2111466056122851,0.5157062763198587,-0.4051822891959198,-0.03076544597460744,0.5787452608904674,-0.6637637291958587,-0.11251347241837885,0.5741828196053794,-0.8394542161214116,-0.188325404862848,0.5625976101432297,-0.9860338257089171,-0.24038292667875694,0.3397297915642628,-0.463759395525651,-0.01758834682115806,0.33318573815455405,-0.6289787121266619,-0.1553799329452549,0.25747841078182654,-0.44377578479546553,-0.22147299983007593,0.2226912264056424,-0.28007978158354263,-0.23930243745331242,0.17640205715562052,-0.48137474656468277,-0.019440402752345966,0.15252145507772524,-0.6182550071919607,-0.16321180016681247,0.09956530276567545,-0.4349553655108644,-0.16465647282186657,0.0772957900098535,-0.2865568218612043,-0.1304254410916914,0.022483122532489443,-0.4827294001240197,-0.03062106811051525,0.002429117671356786,-0.5981284842390332,-0.13178627147594213,-0.030286207917255788,-0.44413711821638685,-0.12068306025123118,-0.029043907552140057,-0.31046377839206507,-0.08755416914330358
21,l,0.0,0.0,0.0,-0.23725225375169265,-0.06095444161556492,-0.07119370850212448,-0.4474226525076952,-0.1921035576546795,-0.1243887111134028,-0.6270051621477232,-0.2742584480019638,-0.18812838127527987,-0.7645630374373488,-0.318679327552942,-0.25092345426472606,-0.32840786200470834,-0.5022891496464768,-0.028100351943777222,-0.3920498124615185,-0.7366936698664007,-0.0892934063984148,-0.4331030960441438,-0.88033375753513,-0.13359431154636212,-0.4512994231767194,-0.9999984674320174,-0.1707075658521027,-0.21349743613678845,-0.5205879694260119,-0.043929262787364594,-0.30926452839171303,-0.7058173489030329,-0.14157357421296424,-0.354262911074669,-0.5672155467244098,-0.1670606956904188,-0.33483954964593854,-0.4457910828398282,-0.1602127458561277,-0.08041845298003253,-0.5121210902269047,-0.07367685435885979,-0.16713673251761763,-0.6882873609979505,-0.15543440300283493,-0.22239031752760377,-0.5588894807296594,-0.13725703061557498,-0.21292527687276713,-0.4381360605033361,-0.10185990012773884,0.06932257344269051,-0.478113719381906,-0.11454864054582738,-0.006385419793026002,-0.6365620533876916,-0.16511454576144008,-0.09304925582117439,-0.5732986497481728,-0.1492216198329577,-0.12282336976295986,-0.47724385643121664,-0.12376798887840115
21,l,0.0,0.0,0.0,0.2105857130547239,0.011186871140791067,-0.1692422751351218,0.45506275340299285,-0.10605570733838106,-0.25050457277571947,0.6552718909683528,-0.2288409320751841,-0.3084449702216306,0.8254288443918707,-0.299018851097036,-0.35916268794429945,0.3668200169497279,-0.42341191147468193,-0.16913381311881204,0.38621360102627245,-0.6860273476462098,-0.28008674188381466,0.36800707130105065,-0.8576661356589952,-0.351206538210799,0.34665129307071424,-0.9999973901890636,-0.4013700846418171,0.19757462668945872,-0.47099939751761294,-0.13715068230618463,0.1578037169929591,-0.5679596956144998,-0.30827129099436656,0.10122286700462459,-0.3549955182652241,-0.35521885502999123,0.08766748720792468,-0.2043643722439779,-0.35346343482410875,0.0392221051163048,-0.47785152137050463,-0.12160593451779529,-0.0036120301451598217,-0.5345854393029751,-0.2872246625663444,-0.027548496579983796,-0.3415852730131165,-0.2713477133943688,-0.017607480281250653,-0.2184668454954809,-0.2232572925985063,-0.09954471966586557,-0.4593732338216999,-0.11888157983652309,-0.12457661746512605,-0.5023640148349379,-0.2446758380193497,-0.13460863452333027,-0.34228932333340045,-0.23514129177958737,-0.1145038445112271,-0.2406092747354673,-0.19943449933459428
21,l,0.0,0.0,0.0,0.31193719583412133,0.030459271970256753,-0.12143739941926199,0.640745929417273,-0.05398357829031799,-0.15655698981126445,0.8614969533839647,-0.2063076309509336,-0.1796293121099911,0.9876433364799553,-0.32706224857692795,-0.18785807417138697,0.5761495108214726,-0.3363601705773668,-0.03877347135902736,0.6088081555116276,-0.638264114549101,-0.1499529440424927,0.5853865331482924,-0.8244878418685122,-0.2407811924760362,0.5976665786031945,-0.9999979442113106,-0.2996616651209178,0.40690760235020085,-0.38439677933095184,-0.023172626513854534,0.41063485843097774,-0.6082589556380645,-0.13729700852464116,0.32687035946447823,-0.4015681591350042,-0.1926123842548942,0.29734173743614734,-0.26813721930464246,-0.2176823414462461,0.24216026134039587,-0.39013176408828626,-0.027893136206325775,0.23888858873349397,-0.5992730066135498,-0.16126484398177196,0.18657025503972266,-0.3729538899528419,-0.14945229848617625,0.17820984491626535,-0.23673982278463135,-0.11542218579404563,0.10340838101257686,-0.36986834733432516,-0.04248092662162739,0.12524808227647002,-0.5426046962326991,-0.13693246822480848,0.07238011983819467,-0.39048343825988957,-0.10863306689742185,0.05803855303728059,-0.27714338653066056,-0.06877280604951726
21,l,0.0,0.0,0.0,0.22928063794438372,0.044321762118866626,-0.17110779945122231,0.5063660995349056,-0.014351982744477328,-0.25282697464276455,0.7147022940417421,-0.10243862259145761,-0.3115186500777082,0.8403135119574111,-0.22212975705143023,-0.3593500240241915,0.40348869627483763,-0.4067439973080423,-0.1990860759283577,0.4334117870516569,-0.6796853851214855,-0.32446354369435043,0.4230134377520648,-0.8409004982071236,-0.3967502783437587,0.4247793110904205,-0.9999974233398482,-0.44698348499196205,0.23810355423781362,-0.47411671866797733,-0.17209899146649282,0.2039122963061637,-0.5659154091836006,-0.32588197861213775,0.14530075171260876,-0.33594119983584114,-0.35544730265198543,0.14585610029423116,-0.21397368908250372,-0.356208987190303,0.08332332782844648,-0.48912702599628327,-0.16268972244461666,0.04771912549665112,-0.5528707071710839,-0.3297253793566747,0.01430391191868977,-0.3288454544906759,-0.2939844900122565,0.020355307055051803,-0.21093094403297313,-0.24082506783230628,-0.05286462361733295,-0.475579423283954,-0.16702022425253524,-0.07226534850726475,-0.5288779129806794,-0.3020848849001991,-0.09462020225989194,-0.3536220488708785,-0.28426660014558774,-0.09032247077929738,-0.25185534277405525,-0.2456489291258137
21,l,0.0,0.0,0.0,0.21827618565300078,0.039140822750292945,-0.1836827261584516,0.48380394394509973,-0.023972510796783482,-0.27066855527287276,0.6839021077541173,-0.11009814875587016,-0.3306244881440707,0.8227200866516079,-0.20961883128348713,-0.37800537720242816,0.38292269320414773,-0.40845512562382824,-0.21105998631437387,0.4105294542710969,-0.6830433835389663,-0.33713285037235713,0.4053503279183785,-0.842817618532717,-0.4090618549872201,0.4070862823633038,-0.9999974757771981,-0.45895343097668173,0.22260117668037324,-0.4687287638863215,-0.1723907096053967,0.19187005870552679,-0.5742076308456847,-0.32476974180219154,0.1421328123461468,-0.3407095711155487,-0.3469654871258658,0.14817796000108308,-0.2169267511395205,-0.34198007210508025,0.07893657787177327,-0.48270005265003846,-0.15276211900643138,0.04425239462686542,-0.5552917004755152,-0.31622270885725245,0.014626822956518109,-0.3334666479938027,-0.2745660460782874,0.022844697092574758,-0.21943785182298417,-0.217942136185589,-0.04749500948186895,-0.47563775124012575,-0.1483339719930733,-0.0666475309739525,-0.5285226750949368,-0.28312707137574666,-0.08685105868678711,-0.3547697790227005,-0.267687206225948,-0.07858767179118896,-0.25576275124243797,-0.23088829705794708
21,l,0.0,0.0,0.0,0.2645993472760397,-0.04140372402558588,-0.06603581841284377,0.5013641021204154,-0.1406450547087317,-0.09855784131334855,0.6746277297510107,-0.2570441429507297,-0.13479379501056726,0.8030714561789798,-0.3441334713437055,-0.17059003472703757,0.37063664638773797,-0.4589727052078732,-0.047936615068283804,0.3901264342862424,-0.7144234264832785,-0.13201982461461714,0.39582006291464283,-0.8640172408411525,-0.20572554639354748,0.39442804502428347,-0.9999978505122116,-0.2606082059159718,0.2193329497689586,-0.47720500064490706,-0.06307454137583093,0.2589556852355122,-0.611270352566957,-0.18751384615907923,0.238706148962426,-0.4116889387452838,-0.24483687703620732,0.2108509292983325,-0.2706873275902686,-0.26726279452473495,0.07569387149098546,-0.4615800642586513,-0.08732576074026412,0.11764863729719127,-0.5966650548719508,-0.21453401523827723,0.10794538217116657,-0.3997676795955221,-0.2061319573231799,0.08493269358870341,-0.25849368647687104,-0.17454452181374938,-0.06605544480973957,-0.43253064314439305,-0.11745794340029148,-0.036737100957159714,-0.5434230290444181,-0.21035245243058742,-0.025335750560189475,-0.39887391826987584,-0.1974217561012671,-0.024600985479544188,-0.2825092941615646,-0.16960508437852304
21,l,0.0,0.0,0.0,0.26889940758811537,-0.069044894491491,-0.07994925552601197,0.48854718866217384,-0.13913238203650763,-0.12023076462745523,0.6704303049517751,-0.258147609580634,-0.15818939179615762,0.8152294438538938,-0.3207568310200055,-0.19139982627474125,0.3360495926338979,-0.49203230203942966,-0.024201815334974897,0.39711869598031657,-0.7359686002986109,-0.08372174104223562,0.4130364496154067,-0.8701330462446416,-0.1450444831108983,0.41775966129139036,-0.9999974434655278,-0.19594437084238545,0.1994976360239326,-0.5106489575844174,-0.020579458761305066,0.2438800695487528,-0.6571162148959112,-0.11607838293401655,0.22512680414225011,-0.45623000401079006,-0.1588515172424842,0.21063183497672572,-0.3356758774243434,-0.17676529485945103,0.06749990019600777,-0.48991016346007793,-0.026674942877224637,0.12718538107443278,-0.6436277244089219,-0.12801346958092438,0.11920029466828697,-0.4473203438904865,-0.09956208496215606,0.09338308798989192,-0.3241863252121493,-0.06060795057061196,-0.06754363363745206,-0.4499438932331569,-0.04070129183668056,-0.0025441586702227154,-0.5935179624401836,-0.11771464412178216,0.021217042925638783,-0.44417504087706616,-0.0892361737217709,0.018863360916758807,-0.3364812127485005,-0.05277637882967531
21,l,0.0,0.0,0.0,0.2301777904704239,-0.028788471205353716,-0.09466850320030325,0.48788968472239436,-0.11051554384906695,-0.13754763167941408,0.6839476687959213,-0.1786188153320163,-0.17280913408066959,0.824210656502334,-0.24307090345199472,-0.20983689951221632,0.35255783317669626,-0.4045530594637523,-0.07157480862044063,0.36045358902971614,-0.6798887612921405,-0.14084580187164433,0.36055579370528157,-0.8580633899049824,-0.20681909097436094,0.3562158575487412,-0.9999977045382622,-0.25853176648413845,0.21248502552254042,-0.4336131187293435,-0.06554465580072776,0.23134992896516163,-0.6254194840734753,-0.16108090812421805,0.20988544207442353,-0.508895550364812,-0.2231203946765945,0.17924770929618836,-0.4061925756984252,-0.2555567826630863,0.07751396879540466,-0.42036372599519917,-0.06755192330506506,0.0914302230940817,-0.5971661850079799,-0.16604195659710885,0.06748532313329565,-0.4736914440296874,-0.16800890062858564,0.04922666991481158,-0.35786330935393984,-0.14986926386546634,-0.04139207268291322,-0.38281171693578975,-0.07666430131432629,-0.018692783654319596,-0.5411899019004051,-0.15196618706934897,-0.029072783542468814,-0.44750789225952825,-0.13459837005248013,-0.03459115192209503,-0.346441081733368,-0.10702345965180718
21,l,0.0,0.0,0.0,0.1574338750608444,-0.027829837720657804,-0.06305921075657522,0.332449032128811,-0.19419780352013907,-0.09304553504582132,0.4628199511635968,-0.32702990173649726,-0.12219279252609037,0.5867082382280583,-0.35325329388699167,-0.15121479843133528,0.23237634666670576,-0.4831420215124981,-0.06136514339302204,0.2644793369679476,-0.720220323535633,-0.11318987647500729,0.27242356562296605,-0.8699757348767201,-0.14700338336186217,0.27827319249949595,-0.999997529068593,-0.17562247997847757,0.13244195617506888,-0.4981837719160147,-0.06668534372708841,0.1784335023976473,-0.6364154860586727,-0.16109769723546702,0.16758993956942358,-0.4435074046433166,-0.1892822011709907,0.14876238275920972,-0.3031826351515523,-0.19062183244309797,0.028986861456546286,-0.48105529915990947,-0.07800587416295807,0.0769151263816366,-0.616849840596167,-0.17565988884162875,0.0775619757003767,-0.4162736786297628,-0.16245763459815288,0.05986522696604774,-0.2757289479682493,-0.1303818724999625,-0.08087545839004308,-0.45108859059098205,-0.09401799979888963,-0.03199120554875468,-0.5688182594604445,-0.16785667981837119,-0.00975134184740026,-0.4269589165450435,-0.1599714363983608,-0.013408573696888906,-0.311115081487468,-0.1385820812424246
21,l,0.0,0.0,0.0,0.22494378526274145,-0.052303361404770814,-0.09039199931326357,0.45247311480630276,-0.16198350143478152,-0.13660410334676953,0.6352043732775721,-0.2825190110383795,-0.17835448230694428,0.7795790930891139,-0.35769442144879243,-0.2181238673643737,0.32203184464663664,-0.46994410580886886,-0.07718056236449508,0.33850594319512656,-0.726303674974721,-0.1559448796391435,0.3274972606605818,-0.8716317649862354,-0.22029693530280453,0.31321587178111265,-0.9999979967564941,-0.269430843776193,0.17538244526911353,-0.4760454601639818,-0.07924490675696656,0.1806689364606329,-0.6047257805197535,-0.20221637901222603,0.16132821986956772,-0.41253652130829643,-0.25010647041840744,0.15141242949362388,-0.2788861863988697,-0.2656299002511473,0.037578152995801,-0.45017676366523285,-0.09120474308039532,0.04246876480877329,-0.5681658930465733,-0.21837756807605152,0.04216870603082462,-0.3782636715720159,-0.20547336898761298,0.03870865697893588,-0.2467108824454082,-0.17164551788168161,-0.09377427853852739,-0.41041724424908,-0.1103555945842,-0.08894730832071891,-0.5124940643975885,-0.20706519990904948,-0.07636716793636023,-0.3683842989944303,-0.1927999900842608,-0.06300207474410877,-0.25669747857356995,-0.16320579758944198
21,l,0.0,0.0,0.0,-0.24427979721629584,-0.06853754995200943,-0.11092209327556372,-0.4758798632508402,-0.22755984716212316,-0.184917789343605,-0.6629223046428315,-0.3402130233272003,-0.2577427356809284,-0.8184396612047493,-0.37780715094598244,-0.33022803806209294,-0.32852753298704185,-0.5157355727391022,-0.10891112823378016,-0.3643236890764193,-0.7485241079471868,-0.20214358591795753,-0.38025408399703825,-0.8825592486212837,-0.2585444446093623,-0.3859749194004992,-0.9999984404830445,-0.30302317415895513,-0.1619703477234945,-0.5214837832293104,-0.11936064967432748,-0.15914880822221245,-0.6402839909701283,-0.2700776987922359,-0.1515048845940604,-0.4516018330069234,-0.2987787111121519,-0.1506974822053098,-0.3324582050352468,-0.28217953213253416,0.00780659392291531,-0.4903464579047253,-0.1438342212318565,-0.0004439504730224393,-0.5738465610007395,-0.2842577845798159,-0.023780259141941287,-0.4000798747505121,-0.24990384008519584,-0.044892818404219464,-0.3035596877388747,-0.19146465288456696,0.17170230725522762,-0.43218578548734465,-0.1786712500246963,0.15859851785364193,-0.5319034662900755,-0.2645050560273043,0.10100960828374055,-0.40613595039286654,-0.22560712599599478,0.06219136345825148,-0.3232853665452285,-0.1768596722870654
21,l,0.0,0.0,0.0,0.23261007973319542,-0.039973882630348984,-0.08638024053222651,0.4672190449417571,-0.14708063501846017,-0.12997051443032104,0.6444754420436022,-0.26366321315823127,-0.1705692991630866,0.7885567622322927,-0.33175064954164024,-0.20943449367708442,0.3429725477084537,-0.4669872199099585,-0.07254014561571201,0.3605465235004917,-0.7225223855514383,-0.15467726569938145,0.3502644226059966,-0.872261145399296,-0.2209243629246318,0.33583829230635087,-0.9999979936143242,-0.2694500001068947,0.19241232479976314,-0.4772482729810868,-0.07665420280079845,0.19886491774055473,-0.5966033038999069,-0.20173856933509451,0.17197142020333644,-0.4070412251127162,-0.25016334738081203,0.15811405949421636,-0.2716180944918285,-0.26436805697043714,0.051005513257522776,-0.45240227421581775,-0.0904802459034175,0.05655717564528126,-0.5591527682754647,-0.21958008269445903,0.04928748467520734,-0.3735419399657695,-0.20549472383051615,0.040520707473216684,-0.2447094090366126,-0.16929484448898366,-0.08378606307245526,-0.4155744432292786,-0.11136486642106948,-0.07807690077916221,-0.5067086482498113,-0.20653733852408232,-0.06872520934940426,-0.361813399164334,-0.18954844139593163,-0.05859947225634154,-0.2531452809701035,-0.15719780234250905
21,l,0.0,0.0,0.0,-0.18014743511562753,-0.00454826931100596,-0.06557249575812021,-0.39566683358327476,-0.13935542362558206,-0.12002504202768849,-0.5707288377897994,-0.22904938409573306,-0.18206931531134907,-0.7030049493438563,-0.28843167093582095,-0.24773185165421985,-0.2819148249040009,-0.45852361071971476,-0.059787567095280394,-0.34664489257360753,-0.6995291530118083,-0.15301946262707386,-0.39724256565039,-0.8706004018950185,-0.2089262932485762,-0.43362164577841816,-0.9999981740297521,-0.24843556001262226,-0.16938357867332474,-0.47804721182894677,-0.08299906609402999,-0.3212982224778536,-0.6083822278299577,-0.22461667959031284,-0.35103061485862674,-0.4139091592566652,-0.23862500079202564,-0.3075179677595391,-0.29277021268132536,-0.20775105158579635,-0.039522762466237114,-0.4614385735566775,-0.11959160143110842,-0.18607629299351816,-0.5353426168814327,-0.2511000360867403,-0.21078719579613397,-0.3476655050518071,-0.20418399600949663,-0.16350152040787086,-0.2570884467786051,-0.134218561811989,0.10302678912630842,-0.4148159833748586,-0.16377643517289614,-0.03328203414779401,-0.4697501847254476,-0.24303635402757703,-0.0810386986588946,-0.3343926996195075,-0.20167820327243166,-0.051183321250089994,-0.26063868714531996,-0.14810529925313565
21,l,0.0,0.0,0.0,-0.227425374802085,-0.008578862536033353,-0.03503758339694939,-0.48409666422850745,-0.1425196442027716,-0.0686957164665874,-0.6693976157151443,-0.21709150227307034,-0.11824133864461295,-0.813644859108433,-0.23778573417393026,-0.17624058191361114,-0.34738895711115003,-0.4668016028231204,-0.03018365449929863,-0.38302972468753804,-0.7100915185278314,-0.11215777025968546,-0.4016413515742056,-0.871599842144426,-0.1658892824792845,-0.40636411991039273,-0.9999982776144056,-0.2070368494720818,-0.20935929474798268,-0.47576806642545977,-0.07039324205430723,-0.3330460750629241,-0.6079690321020808,-0.2071414109039538,-0.3640148407518836,-0.42165980966524985,-0.2241466441381542,-0.32509565907102855,-0.3025413424344078,-0.1986480531323489,-0.05418479141652859,-0.46112443551648863,-0.121126248607337,-0.18656012880845108,-0.5616494983978819,-0.2474951040798763,-0.21430360807187696,-0.3725796385690496,-0.19802362324606287,-0.17269760310752902,-0.26931431673868544,-0.12954013301767742,0.11510160405474498,-0.4265892369728246,-0.17669656882557813,-0.020529510430620766,-0.5145171882026369,-0.24948287490389515,-0.07168987397974781,-0.37456481717298523,-0.19910994311975294,-0.04567163267666418,-0.2922338540860422,-0.141959934249011
21,l,0.0,0.0,0.0,0.22958135059991522,-0.09073122649960223,-0.12080668793164416,0.4434332793815192,-0.19901811531863756,-0.16667828882049626,0.6237400989145925,-0.33384414235458554,-0.1989381942670787,0.7446623381607895,-0.4491307353221025,-0.21859580204110668,0.3595155699539871,-0.5024949635687228,-0.04986415256457976,0.3456055152810997,-0.7367641954516757,-0.13906156257522342,0.28978941954668563,-0.866831131217978,-0.2108565298734423,0.24403136801014833,-0.999998304179806,-0.25722706815781676,0.20916283455344317,-0.5136675021773022,-0.028253121939324066,0.16964033173776993,-0.6759625920246181,-0.13691678499596546,0.13880120198034382,-0.4816523210441709,-0.1820424751734281,0.15842968643656988,-0.3637765956324177,-0.19709379749364386,0.06876984425641648,-0.4942232843010427,-0.025095479904744908,0.015202195004759122,-0.6373512131539906,-0.1474709237492321,0.009818538075424382,-0.442528776095271,-0.1412935332200566,0.041869804325970955,-0.32535463835853023,-0.1118219485496613,-0.0550788272570274,-0.45811208856561647,-0.031884818621488016,-0.09685159597314215,-0.6000883260240835,-0.11952368259273158,-0.09169971264109937,-0.4625339810910118,-0.10690861109184836,-0.055237369292506014,-0.35537442368523303,-0.07851412800827949
21,l,0.0,0.0,0.0,0.3350516134677292,-0.006060388075008989,-0.07021879858099049,0.6293163556564761,-0.10294754454348877,-0.08454463579723402,0.8329130240614545,-0.26644423278302903,-0.09065507453466852,0.9385758906848238,-0.3914700376992893,-0.09010645875308469,0.5125216218515474,-0.30855968269457124,0.011484474167442821,0.5047896648366774,-0.6391412283862755,-0.06272249342095136,0.4940150345929224,-0.8338241121497587,-0.14669910963512112,0.5147641271867598,-0.9999982028661862,-0.20735676338154616,0.33351517328260294,-0.3461054990928504,0.01641274551486018,0.35687975442527636,-0.6277725243622918,-0.041870989780682266,0.313723389988063,-0.4479485548610167,-0.09021579896425823,0.3071031521812896,-0.3101976167323421,-0.12863284234275152,0.17156622612682115,-0.3518432491898484,0.00838404116192907,0.18836514584047573,-0.605176725679175,-0.07565230813448064,0.15545264432263345,-0.4190946827149696,-0.06890374353565641,0.15766205034336866,-0.28766989123482495,-0.05529307311149571,0.047762739260721374,-0.3347881043621824,-0.005249004690043997,0.06326387662955789,-0.5356443851869965,-0.06737950805325905,0.023492265229588815,-0.3966954446857871,-0.03587246542238581,0.017445748873753938,-0.28257227545276503,-0.004185405099971716
21,l,0.0,0.0,0.0,0.19598848085339204,-0.04803725017713372,-0.15859560364572153,0.38173840782626556,-0.2298771467055901,-0.2260607547624973,0.5411718164421561,-0.3889877114061406,-0.27160061409385866,0.6852906758587037,-0.4883255849807158,-0.30926239254448307,0.19422594408204405,-0.4849822188507797,-0.12028913368544127,0.17225388803954222,-0.7221729004267856,-0.1890741229317587,0.15938802664202603,-0.8744819136013097,-0.2232436256507039,0.1384234216965486,-0.9999987952797815,-0.2521797143289821,0.05651567281814676,-0.46413193052301166,-0.08603044677102177,0.022018407409795437,-0.5755667210850899,-0.1910726890513547,0.044880582040944056,-0.37723018982919254,-0.19871459697000238,0.08081700175339823,-0.28284609619445833,-0.18093667545355538,-0.0711475536226635,-0.40683180299998656,-0.07190330129983917,-0.09516467076589627,-0.4746602612319009,-0.19232013682899418,-0.05180488749785881,-0.2959458327326024,-0.16376265013995767,-0.009137179331255506,-0.23143126388968838,-0.1180976492975956,-0.17782628460097027,-0.33514666686571415,-0.07053616484923753,-0.20430027553498634,-0.41036377000706703,-0.15897905260210857,-0.16318287878568571,-0.28489280885436474,-0.14172473817533476,-0.12357572519195295,-0.23326463818827903,-0.11278227663284693
21,l,0.0,0.0,0.0,-0.1955040643250713,-0.04484147271197631,-0.07078707557186703,-0.388091416661255,-0.2179484047855921,-0.10751820157053728,-0.5510692609814118,-0.33143731704413465,-0.1501059071735293,-0.6870955610805427,-0.3857711331856978,-0.18811943236940493,-0.2471841182022403,-0.5075446140531017,-0.026798537177177183,-0.2340521634783496,-0.7275140966851954,-0.10502694176379797,-0.2522491813692695,-0.8789738933247754,-0.16077531648384466,-0.24447120405188735,-0.999998415955359,-0.19872935933629804,-0.12068400981859598,-0.5054157598653041,-0.04540871836332312,-0.0745106046960526,-0.7355401531412155,-0.16288119207587975,-0.17849419126751534,-0.6478942419384286,-0.18135421276109967,-0.21673156598872612,-0.5371324062929586,-0.15342362929432174,0.004796448457447911,-0.4704913628398747,-0.07916498661210268,0.052137029340920626,-0.6727616381456416,-0.1818915365966804,-0.05647277288610073,-0.5953910657279978,-0.15698076784738862,-0.08509775370207173,-0.5000087204318062,-0.10149199106899177,0.12838886162013605,-0.40808248812128173,-0.12209416099331596,0.15232644494159986,-0.5841537180585229,-0.1695879089111009,0.05413072642616443,-0.5463891335511006,-0.13575485946078977,0.01694293181710144,-0.46298629617909876,-0.09153791004756383
21,l,0.0,0.0,0.0,-0.23898889697997241,0.0996092139755829,-0.1213535353770742,-0.5362289579195487,0.01554554564433376,-0.2037779131720984,-0.741555722879096,-0.05218710661279389,-0.2794066585190499,-0.8694838957001207,-0.09480529374916484,-0.35674900209066374,-0.46930645424754325,-0.4238906809134445,-0.14396552096976856,-0.5997410815423645,-0.6666042871325522,-0.27208531966696525,-0.6776185004033906,-0.8403016244720648,-0.3512674902277771,-0.724088313006331,-0.9999976341100427,-0.4047584848049201,-0.299010683330315,-0.49726574660623934,-0.14380685805822188,-0.41197056781478625,-0.5948598834352421,-0.302327288512336,-0.36082840480786793,-0.3640487630609824,-0.307439368389866,-0.26678961456339095,-0.2766023542145182,-0.26942987964396387,-0.11071389031297589,-0.5213333643777089,-0.1619411421971388,-0.21571612733731763,-0.5771508391672452,-0.3044912101900905,-0.18221588401588648,-0.35589559410158883,-0.2394708634767563,-0.10698149559117938,-0.30755341459891655,-0.16115824534640738,0.09536132784335748,-0.5143859700879564,-0.19184962102767214,-0.020728522336688874,-0.5671953892692697,-0.27376725934378426,-0.023476399678671565,-0.39121158558351316,-0.212123624624862,0.03411635109660936,-0.33706355274784433,-0.14581437311291745
21,l,0.0,0.0,0.0,-0.2945342681004287,-0.03763174458353582,-0.07853785190838533,-0.5739458838129667,-0.21491604508684603,-0.1486318384958032,-0.7847896752269056,-0.33741575861025525,-0.22629449858263506,-0.9445583585235192,-0.41249716795593905,-0.3069252136283605,-0.32674064948769294,-0.473574997754,-0.11747339059323923,-0.34085014307226386,-0.7209719800827269,-0.25612871328280407,-0.3265668786609712,-0.8718134436069659,-0.33777563889223583,-0.31419104142646526,-0.9999982789901449,-0.39591185377307236,-0.12292424160274083,-0.47694034575415284,-0.1506029679650304,-0.24377318356238442,-0.554555485572107,-0.34307834183700064,-0.2534804999667024,-0.35365645803660306,-0.3552616617166955,-0.19536046710942867,-0.2681025354259575,-0.31848161473148534,0.08971262573114408,-0.44597877486409515,-0.19929944684385328,-0.04560073723955042,-0.48011935685540363,-0.36272865261163023,-0.061170870022285655,-0.303021547121267,-0.28253739106158116,0.002905686208806918,-0.25341161737511825,-0.19185470302568672,0.3047884907400872,-0.3882038217359192,-0.25726789183856036,0.17128520635435002,-0.43446522663160964,-0.34674222380909375,0.11929356996426708,-0.3054581341620702,-0.27282661257615226,0.16408900149237787,-0.26280129424877285,-0.1957869219289195
21,l,0.0,0.0,0.0,0.20780733403543206,-0.04105570753815795,-0.10741727760808892,0.424893711790583,-0.17887083567467185,-0.1588071436574833,0.5945831642367604,-0.31448059154646557,-0.19932543237918657,0.7217002722349681,-0.41130730632705587,-0.23744514510265166,0.2780173686081359,-0.4709153790102439,-0.10975077204459706,0.26809239229567805,-0.7169242927278002,-0.19305829924663578,0.2421635318755949,-0.8700019626571097,-0.25480027273739203,0.21677317750790387,-0.9999987199444094,-0.30237643938152875,0.1315747753417911,-0.4731196068160825,-0.10076338413368036,0.11110139781547324,-0.5823519506834897,-0.23591075000586145,0.0988192939906035,-0.3814121329098622,-0.27966013226486164,0.10206764978269696,-0.23888114750609044,-0.28583477404546964,-0.006224750005304544,-0.4413451556181477,-0.1012470038455455,-0.02102042887169214,-0.55207284946017,-0.24014467563810446,-0.017696195455752833,-0.3512799802069318,-0.22364575584127067,-0.007134137032573175,-0.2111547236694078,-0.1818049876590083,-0.1351960339861184,-0.39497053727942105,-0.10924580817459127,-0.14682186693968594,-0.4837430082353125,-0.21843308897353794,-0.12160867480685669,-0.3333690461163734,-0.20641552681913528,-0.08781341441316412,-0.2216098133357932,-0.1731172095461204
21,l,0.0,0.0,0.0,-0.19762584303787992,-0.02170024900087938,-0.0653784023364624,-0.4355419308642116,-0.1646158748021277,-0.1207965560434759,-0.6333507646660463,-0.2373062615886459,-0.18430134799915832,-0.7990835104332903,-0.26893733838947603,-0.2522034139104133,-0.3025268399295316,-0.4845535379813889,-0.05683593586410391,-0.36737237567039865,-0.7129738367006292,-0.15250604596832712,-0.43769878772104515,-0.8730893075341556,-0.2112482392342158,-0.4870697280055312,-0.9999982009519057,-0.2521426940041201,-0.1615056215888207,-0.49705846088168215,-0.08964957640284137,-0.25228319508457325,-0.7139196196118985,-0.22397863002496346,-0.31798524341090106,-0.5478448585843945,-0.2395163044833347,-0.30327322563858944,-0.4404275108211666,-0.20612219236359622,-0.013669672784897325,-0.47207177711157566,-0.13548663154501442,-0.11362943650746832,-0.6068216612365636,-0.26035985324341376,-0.15040881074060605,-0.4170696753982462,-0.20800208334322512,-0.11026150570507061,-0.3411337090907088,-0.1336319668046005,0.142666526741965,-0.4210037891679344,-0.1882200472230988,0.04057623152590704,-0.5166253367510759,-0.25306110604372256,-0.006746263072186929,-0.384310200232871,-0.1922729200148086,0.01941600097640549,-0.32442627166937726,-0.12736661075183706
21,l,0.0,0.0,0.0,0.20277557408632432,0.06031944211057669,-0.1654377135185616,0.440968422875675,0.01162509005151532,-0.24480032662515433,0.6204235628051963,-0.044226100358439234,-0.30239276923423253,0.727253222594858,-0.12240071193936626,-0.35213694217032315,0.4133451235100927,-0.3747653211125265,-0.1944651551526379,0.4517853566070687,-0.6491116257251692,-0.324586341668291,0.4691071272593562,-0.8450195140026303,-0.4167521693205628,0.4723374055224561,-0.99999737490549,-0.4830526723052555,0.24491627126285048,-0.45653337278017436,-0.17020839796792625,0.21643740582593707,-0.5445709337587523,-0.3562555665142537,0.1428275865941346,-0.34855508268150726,-0.4152297764927403,0.10450626904474669,-0.18945061757560255,-0.42410795651192734,0.09187493440568013,-0.47839771735032655,-0.16145150985143117,0.048634424881790005,-0.5112237283907132,-0.3320484291887906,0.012481907865452597,-0.32992790095878904,-0.31877645659557147,0.008740449215549716,-0.1953533663029188,-0.2746848403333848,-0.045413065284759205,-0.4691883340609328,-0.16738090700532451,-0.06523660000334383,-0.4906094052806678,-0.2976290476031148,-0.08952541353386088,-0.3442922732361261,-0.29013670311680617,-0.07534254393442141,-0.239760030532301,-0.256525477851252
21,l,0.0,0.0,0.0,0.2369608251578766,-0.031599787887064634,-0.11470231930931504,0.460754260029582,-0.11443804510508095,-0.1585382351037613,0.6538271868997781,-0.22974493009707625,-0.19137424932992236,0.7916360969629761,-0.3144734070690671,-0.21513006023793593,0.40011573192211425,-0.4462939339116954,-0.061396440247451334,0.4283610322457891,-0.7056821381504904,-0.14525290183294115,0.4209642932085269,-0.8656892113244408,-0.2165426355540793,0.4060727951467604,-0.9999980538431973,-0.2681667178348407,0.2533895550195615,-0.4714477766377453,-0.04108665539091314,0.229012970192346,-0.602474167583736,-0.18015473079022185,0.17435389330661052,-0.4044224633615628,-0.2316181385918962,0.1527825361142749,-0.25989367417300446,-0.23969256404095277,0.11216966540032658,-0.46701704121443677,-0.035493429743910926,0.09132760011306844,-0.5800822844981975,-0.17804904106429223,0.05680194460682611,-0.3878451375192187,-0.16545748920317155,0.04401874627064958,-0.249792627487727,-0.12261019778004886,-0.023370864958117018,-0.44529024404233275,-0.0394981624726667,-0.027934536364122985,-0.5305162449495674,-0.14651899816814978,-0.040274382758004906,-0.3771803309073185,-0.13498945516880118,-0.023603444927845097,-0.25952235822133385,-0.10030643843304052
21,l,0.0,0.0,0.0,-0.32758894379996384,-0.014890552655422823,-0.10466383745125571,-0.6511814619415843,-0.16102442351918592,-0.18211251017084976,-0.8672236595545546,-0.2780954113113743,-0.2574772854725122,-0.9999981717843052,-0.36074687051297105,-0.32977794283026945,-0.4387847516283514,-0.48303976223733686,-0.16150212811752823,-0.5345099314659802,-0.7113037246340893,-0.30942041238193174,-0.5780770135365775,-0.85669125896064,-0.4019715642610773,-0.6052072838075104,-0.9817079684809118,-0.4689583196400019,-0.2178142701444562,-0.5228070007948865,-0.17243356376870728,-0.398913882460948,-0.485922567477803,-0.34421784944252665,-0.36750792328729415,-0.29685767329183055,-0.35414846239930364,-0.2776495054696057,-0.23647676995527928,-0.331962767036281,-0.004247765302536715,-0.5043064306225943,-0.20065342654009088,-0.19894374632289602,-0.4364968689057581,-0.3387926889435459,-0.17130379543162771,-0.2730742848751544,-0.26229986830078916,-0.07910736862369847,-0.23833373023132473,-0.19106725459690144,0.1993955365526058,-0.44753679795960355,-0.2442989534953027,0.008180388939776588,-0.4029645752525271,-0.33369566479989893,0.001155192528980573,-0.2746920556784037,-0.2799903816423759,0.07685555501978195,-0.240843094777817,-0.22057826377699105
21,l,0.0,0.0,0.0,-0.22691516186759245,-0.06902606853685214,-0.10006719772136105,-0.4561479848497964,-0.21392594453031633,-0.1788307901119294,-0.656081559494379,-0.30755427698135324,-0.2644807554513483,-0.8128571649152562,-0.33875658430366484,-0.3507600819709446,-0.2772640562817855,-0.5447094548698217,-0.05805799612743352,-0.2819382980132205,-0.7533756522967945,-0.14193068907626127,-0.2980396481618519,-0.8913304430361152,-0.18995568954602648,-0.29498803565222487,-0.9999984035185936,-0.2254384997971379,-0.12815992247235133,-0.54248761756628,-0.07897935177273749,-0.1265316789458233,-0.7522920914858205,-0.19986748284561934,-0.19901301898590493,-0.603396353054979,-0.20806520036686202,-0.20703871516210168,-0.5030919461878264,-0.1737763933405505,0.02688976003563925,-0.5016795203410461,-0.11849254886684081,0.023206776139271905,-0.6858091602506005,-0.23033191351749674,-0.05002126642857934,-0.5458621001761647,-0.18390477747626158,-0.05680058695692006,-0.45687184952785725,-0.11748032065206661,0.17917739493676857,-0.42660855845940443,-0.1704127943934176,0.16509281723283564,-0.5838607136775379,-0.22763592914880343,0.08660616945412629,-0.49986562412792723,-0.17948151419735522,0.07106377567711698,-0.42329792667099714,-0.12683363336857295
21,l,0.0,0.0,0.0,0.23902013952650558,0.06200145767333493,-0.17546291379830478,0.5321002489627169,-0.00019338264393792433,-0.27485869608464264,0.7684132111142624,-0.06128083112790345,-0.3547985047552278,0.9439771668637552,-0.14109971950847394,-0.43062446369288165,0.4722638146286666,-0.3388654039753731,-0.26184994083622903,0.47478299856481476,-0.6352405183356629,-0.4451610810495373,0.46459650267582264,-0.8310910140309102,-0.5644344748876733,0.4586479878778306,-0.9999984930690256,-0.64124690536862,0.2821638253530736,-0.4128819148369516,-0.25604282530773037,0.2623614605778472,-0.5057695358279838,-0.4737725956136786,0.17133904348092321,-0.2708067492006718,-0.5368823433211752,0.11874597029647159,-0.09939158319734388,-0.5480026088183321,0.09495649192886044,-0.41554058936577765,-0.2677898553610409,0.08278869968533759,-0.45613558535813264,-0.4876821789539243,0.03511336599844531,-0.21251971134034614,-0.4757196705156593,0.01996633134118488,-0.037668388148681356,-0.4248314723728174,-0.05943960919660596,-0.36902366532071884,-0.2911633095479463,-0.08054845202450259,-0.38829591195171775,-0.4545996899971689,-0.10938177728962148,-0.2166450580442128,-0.4429238423615643,-0.09856591206199815,-0.08609883929381149,-0.403387510806169
21,l,0.0,0.0,0.0,0.2663516191592719,0.037112165769932905,-0.1592961311034872,0.5791022349823125,-0.01769885286481392,-0.23110282802960688,0.8212629204693151,-0.10306702694479118,-0.2854112414619039,0.9999975216382545,-0.17258006483779767,-0.32919203414093523,0.5387987597620324,-0.33851397495619456,-0.17099010835819464,0.544630080638393,-0.6336496439374174,-0.3231068162979818,0.5004467643248343,-0.8163574464224057,-0.4227186655995087,0.4851725443974274,-0.9886798843163561,-0.4823225203541675,0.3572491706103209,-0.4176315934885733,-0.15379277124702848,0.30467000787071014,-0.5537247992383795,-0.3187013438555376,0.21216612878927363,-0.342092241848863,-0.37316820746022233,0.18700783844166938,-0.20373253942506062,-0.38997999048684634,0.18149013109844392,-0.4406751713851189,-0.15511613763261117,0.10985547475688742,-0.5202409780755439,-0.32677475036663384,0.05171753799378195,-0.30303974929714417,-0.3045830845028678,0.04651968543276142,-0.1722284867836941,-0.258026283949899,0.03269963960812587,-0.42259755964185053,-0.16995779098987981,-0.007887646257720057,-0.4814614755423056,-0.2941173776789829,-0.05566950429080687,-0.3215961276258536,-0.26946331747441465,-0.05685814832960703,-0.2166242271484298,-0.22710130104470308
21,l,0.0,0.0,0.0,-0.24155605580806117,-0.09579596604472833,-0.08397808174367702,-0.4535439541483909,-0.28865991661003626,-0.1488665111740447,-0.6134483688728511,-0.4203034845832255,-0.22005710385995034,-0.760762861843593,-0.48260449311558484,-0.29424736147255687,-0.2510520088661568,-0.5121592638713611,-0.10996167209613868,-0.2411938188716241,-0.7536451096516854,-0.20729828018283952,-0.2339993505227428,-0.8838966936149636,-0.2609064681643852,-0.21923605395708715,-0.9999984294282657,-0.3028848331181714,-0.07861126604248383,-0.49779546236352823,-0.13356190699620918,-0.12188910159296641,-0.581167810806904,-0.30634253656415633,-0.16578768740201316,-0.371520012691044,-0.33352828056403544,-0.1736817284672646,-0.24173555944564173,-0.3130283098587415,0.08546797735126571,-0.4516039106619659,-0.16797467339449698,0.021104198203997355,-0.49167736054653816,-0.32820079046604755,-0.038728600206615234,-0.2956665965380641,-0.2863030500274459,-0.053929539278497286,-0.18769068849491535,-0.2187570013730043,0.23843980713030316,-0.38232617848007977,-0.21012236153184188,0.17606568655572713,-0.44068648538230976,-0.3040027873898254,0.10270313496011042,-0.3104530156061877,-0.26349490125696007,0.0850630059112795,-0.23263222086265062,-0.21235501701053147
21,l,0.0,0.0,0.0,-0.2727331100200816,-0.020786985319989404,-0.1421331465949712,-0.5383782075299782,-0.1563236820974448,-0.24122576837769907,-0.761066731400087,-0.2581216355853107,-0.3277326243570857,-0.92732837087225,-0.32289299826851553,-0.41021957182525376,-0.41325284048360034,-0.4700934529343131,-0.18071994447397702,-0.44970496515940395,-0.7144701686413281,-0.3086811502770977,-0.43821988463640754,-0.8628707157601241,-0.3771347181844724,-0.42936845532515744,-0.9999982850636425,-0.4216889874133307,-0.2287579322923817,-0.4928115439671809,-0.1661898484817038,-0.20432012272714747,-0.5635730959890529,-0.30667136212601853,-0.18407131608481553,-0.34093777667767555,-0.29150453636062795,-0.20129753136943973,-0.27998262724265,-0.24905026281998702,-0.033532467017697194,-0.477400876751543,-0.17008401586360547,-0.017987842887136226,-0.5196052779697654,-0.3149012027309372,-0.02148850863713341,-0.3201784924824051,-0.24314478679169182,-0.0542892979768302,-0.28244250756132555,-0.16348829884894434,0.145520856766096,-0.4416373959031617,-0.18467407559125965,0.1618743332948153,-0.5120645922831311,-0.27204145525495005,0.12853914734983962,-0.35460536850855484,-0.20517275455601014,0.0934570528386406,-0.305575502155943,-0.13573271739866993
21,l,0.0,0.0,0.0,-0.26334746040810036,-0.08441734143199058,-0.10792003023716056,-0.4814018478793767,-0.23219014039469543,-0.18874689359357916,-0.6774178049386433,-0.3415833760657165,-0.27462592274508224,-0.8352706708629359,-0.3935436796535584,-0.36220760926730605,-0.29221598789367814,-0.5181268522555553,-0.08107315149909866,-0.2883288502827788,-0.7458845296342494,-0.18102138049486033,-0.288040469130811,-0.8808343107090554,-0.24431688669516918,-0.27520946394194906,-0.9999984372632826,-0.29171271557850004,-0.12518005452118608,-0.5100218142848426,-0.09769066129270451,-0.10902232683796687,-0.6486435415763833,-0.25589470066356124,-0.13255454553618698,-0.46001600091397116,-0.283990136590339,-0.140225800876178,-0.3414817533794126,-0.26219521406803603,0.04376556566579045,-0.4708432880309483,-0.1316532005787032,0.044388901153183384,-0.5825748235238116,-0.2769308295943856,-0.0033307277881345744,-0.40484410374127855,-0.23077768967865503,-0.025015947176803794,-0.30633884004527956,-0.15957729376354146,0.20978815971261788,-0.40559393199494165,-0.17676891118962584,0.20220185385925302,-0.5289636868751412,-0.2559349631806601,0.12688239752291847,-0.40676729677896567,-0.20330938495372194,0.08764253438641083,-0.32522845752373897,-0.14344936127443908
21,l,0.0,0.0,0.0,-0.20118877053966175,-0.010378466208317344,-0.0556919399071736,-0.4264016741828242,-0.1647386929256825,-0.10220125484664427,-0.6016337128781948,-0.26714999256896643,-0.15897647998577177,-0.751818891816813,-0.3146888944835174,-0.21992444882204806,-0.28313343906693184,-0.4751113870484931,-0.0504114554361736,-0.351107039473658,-0.7119715464871615,-0.1406844345916866,-0.39574562837621097,-0.8720840589475573,-0.1921376660940092,-0.41751588938932516,-0.9999982577543818,-0.2297046845823054,-0.16182223187138559,-0.4920640795451511,-0.08131984361037518,-0.29673097337301213,-0.6023264431236309,-0.2259955675352919,-0.3183097944119913,-0.37963860522013826,-0.23030634194609442,-0.2728994225488895,-0.25904606379134093,-0.19139280519111943,-0.027093091907739265,-0.46738384784843884,-0.12582721019813756,-0.1607286303701019,-0.5184851844322079,-0.2634506141482905,-0.18354171222415153,-0.31935199217733956,-0.20700513229252115,-0.1388749810742481,-0.23303971955342728,-0.12963163184849383,0.11629685063949907,-0.4151758251760571,-0.1765228466902591,-0.014308307782059384,-0.45398808618664627,-0.2549588727406637,-0.05926030370492132,-0.3164148138597717,-0.20653458041685013,-0.027801528850266766,-0.2541807780695063,-0.14965155671078442
21,l,0.0,0.0,0.0,-0.2678943896367878,-0.10144745468801278,-0.10163703066313957,-0.4853814867504508,-0.2866670314428805,-0.17626011265352667,-0.6451824299681407,-0.43364649947865486,-0.25783545379681244,-0.8031530601972648,-0.5082920561763359,-0.34180693840574855,-0.22954943669122513,-0.5299540961701237,-0.10064784916317027,-0.2210676972816493,-0.7582115259098516,-0.20416977028462827,-0.22210771577695845,-0.8841795995585644,-0.2725368335128592,-0.21253976300771119,-0.9999984803505538,-0.32751977264015025,-0.05332119210456492,-0.5060223032182533,-0.12371032949472907,-0.048171551666155964,-0.6246804698279212,-0.2931597834375333,-0.09934359563988998,-0.4438137173902959,-0.3308973418503561,-0.12370540843207393,-0.3315874610177517,-0.3221068894085004,0.1224579659379616,-0.45647111022556,-0.16117947083661152,0.11185352722185642,-0.5700295902550461,-0.3177704597391984,0.03668624029137794,-0.4014681533237119,-0.276237834707225,0.002958282882494089,-0.3018328054130162,-0.21177466776389228,0.2997447975438413,-0.3890258836313114,-0.2086051792441889,0.28023706863631315,-0.5211982672319984,-0.2961387181417423,0.18140976853929566,-0.41560033984828304,-0.24654101326110778,0.13095229571253028,-0.3337507393423875,-0.19173730567863406
21,l,0.0,0.0,0.0,-0.20953587003472934,-0.0014129418146040735,-0.08463370597193501,-0.44053506527106145,-0.13812070409132612,-0.14130746819878595,-0.6097257031807426,-0.25163540776491694,-0.1994521468653548,-0.7457719945704862,-0.3051817421087249,-0.2574368120906721,-0.33399245030780483,-0.454169402979603,-0.08816404179095592,-0.35517427805607044,-0.7059829391672149,-0.1875436120752831,-0.346263899700284,-0.8630068336140586,-0.24374803585487045,-0.3375483877426664,-0.9999982056445371,-0.2793730786823422,-0.19232693178129306,-0.46490363242648347,-0.10161102647370585,-0.18358516312732506,-0.5858198902450117,-0.24491835723904312,-0.15740873419284324,-0.37400893896887305,-0.2610507442041325,-0.1616862762316813,-0.2863682576760745,-0.23654380800226102,-0.048343765149227585,-0.4576060890237081,-0.12861531006015042,-0.042972960584548706,-0.5497486974834228,-0.2665254258210734,-0.033664667610547566,-0.354249785659928,-0.21905315839164763,-0.04863756207336031,-0.28742558435680843,-0.15082782009208967,0.08822389011234562,-0.4310170395820169,-0.1624017558005635,0.08818356923852035,-0.5456024924022967,-0.23989934427709578,0.08190474287337302,-0.40150584978315274,-0.18842531033445117,0.06880708989919554,-0.3374990829075644,-0.12934198151133508
21,l,0.0,0.0,0.0,-0.30259745265478066,-0.07979510166067882,-0.1171163535082205,-0.5574215099807339,-0.25336134973587915,-0.19797253751549324,-0.7476323583560088,-0.3859890693017541,-0.28059512362019295,-0.9224323008523522,-0.4691323722988928,-0.35995462014843754,-0.3152641374205547,-0.5040350354892089,-0.12605913771317867,-0.3659249231014814,-0.7307013235557576,-0.24030724216859373,-0.3880051533666918,-0.8759789719972688,-0.31095653248844074,-0.40187759006633045,-0.9999983890132486,-0.3611267642797337,-0.13271644416465578,-0.49026279805237094,-0.14326521636909312,-0.13360080948367256,-0.6037484254870132,-0.34670532011956534,-0.1561567341886668,-0.42192445225385367,-0.39410045963048435,-0.17600463818498446,-0.2760586192562472,-0.3735805916273828,0.04459726594151823,-0.43800472953765657,-0.1737047033643795,0.01372244987789011,-0.5106178437894473,-0.3602931467425954,-0.03266918465390677,-0.3454140811939268,-0.3315801765847592,-0.057934282335094185,-0.22273177460870802,-0.2565749069572893,0.211380403213172,-0.36163445500329383,-0.21297521661829713,0.19969199356902045,-0.47852920991933806,-0.319626769417355,0.10589578533601215,-0.4124249668021349,-0.28247000690319646,0.02733812296590545,-0.34104948388550244,-0.22419153265865432
21,l,0.0,0.0,0.0,-0.2811085242397874,-0.12461462612227797,-0.07279589299900334,-0.4846377426126697,-0.34235848280539183,-0.11298318476655012,-0.6120426889928487,-0.49053475192379603,-0.16074176628261289,-0.7541325711998346,-0.5653604087869804,-0.21230589588295715,-0.1832602918169285,-0.5412530884740193,-0.060363596483966116,-0.1912073600561985,-0.7596520929586694,-0.16034147237934193,-0.2035417590363489,-0.8885220106702018,-0.22419582568049526,-0.19963975649894233,-0.9999984808850558,-0.2756884689717644,0.019001595175371564,-0.5102051221198499,-0.09907735463504008,0.036970600270068675,-0.6396085613065536,-0.2722719078207149,-0.03709510144166876,-0.46021563806475024,-0.30525550520803907,-0.06020930986364097,-0.34052229425348046,-0.28255986972498637,0.2115214239460015,-0.4455604466996676,-0.15160099212832956,0.20015107149241554,-0.5472554936860493,-0.314959307615163,0.098711319817544,-0.3836485946326838,-0.2659822218143619,0.0725676130687386,-0.28859769980648897,-0.1894298921571209,0.39274750243844453,-0.35134583756139887,-0.21106921442716517,0.38322891250150826,-0.4724594907382824,-0.30887914576232456,0.2555103589883569,-0.3650443166507531,-0.2520220412623042,0.20054956578784244,-0.28460379276786485,-0.18698384027527068
21,l,0.0,0.0,0.0,0.22009086349005438,-0.10776200855245559,-0.050044615598355276,0.3748531573565955,-0.2790433974970049,-0.05908438768672103,0.43210510961390924,-0.46249181788909033,-0.07069518582276037,0.4290411812324882,-0.6118940846314394,-0.08124472234901964,0.19290148089950038,-0.5190484390421052,-0.021900700641565202,0.1419792587432606,-0.7598304777824573,-0.09899783018152336,0.09230569521478645,-0.8895456505886472,-0.1681082039962774,0.03937343950035062,-0.9999984305502316,-0.21646395464986454,0.06235528779665503,-0.49121957260532656,-0.035516529059931946,0.05905375131555425,-0.6441460164891062,-0.14015196231196872,0.09010987831565974,-0.4678814057059985,-0.19175282921629472,0.10386214868334244,-0.3294119179437942,-0.21069863733202585,-0.0501270769407762,-0.4393539340375632,-0.058238516883835655,-0.05591479864439179,-0.6014968593405333,-0.16709031288067608,-0.01576950700606587,-0.4170815423664442,-0.16096783504135032,0.008528259848582824,-0.2806666162945019,-0.13432491600012367,-0.15985786504671964,-0.36562442134643725,-0.08632409244543308,-0.1753928977607197,-0.48330974864138254,-0.17096366401150312,-0.1237999004553644,-0.35664695122436546,-0.1628027144792165,-0.084566967791911,-0.24870290119081664,-0.1400163666661082
21,l,0.0,0.0,0.0,0.23818359743860365,-0.04055383679930948,-0.09237650064308728,0.4822600644336357,-0.1600436946927576,-0.12537103691806387,0.6454228104596216,-0.31431302501428626,-0.14946177061192503,0.7715780066329786,-0.4146396176286448,-0.17009066997651343,0.3772169140361089,-0.4734508362522866,-0.06044985658930707,0.39182184266324555,-0.7263912854513305,-0.125898188983083,0.36250299148592535,-0.8708318188479145,-0.1791867301903146,0.33470491400847563,-0.9999978436148708,-0.21976786366934942,0.22472747504282617,-0.49260317643295753,-0.054513194257857285,0.22961819174784404,-0.6348935861954744,-0.14151689444502122,0.19789813246868307,-0.4383164909214557,-0.17299526805431287,0.18916743646537837,-0.31093781225578404,-0.18511266423578054,0.07987557955813905,-0.4741601964660785,-0.060462862276321576,0.08061231678326224,-0.598318156117944,-0.1691611047643018,0.0690485499641576,-0.39841905974125025,-0.15291537095158078,0.06843455943303174,-0.2792973133992245,-0.12353208579307261,-0.056338033402807845,-0.4361486943340643,-0.07320772461582484,-0.04678628412070222,-0.5530877345426215,-0.16418176623152358,-0.04507888403372798,-0.39669263712997066,-0.14849491546819926,-0.035642169611441836,-0.28838673822236843,-0.12159329051496008
21,l,0.0,0.0,0.0,-0.30562690826370825,-0.010307193752626549,-0.13245880589497375,-0.6074340632386129,-0.15868712946714822,-0.21424553464632393,-0.8204175695154883,-0.2694206582218739,-0.2896894006453494,-0.9999983384800105,-0.3347054610355979,-0.36420897944073477,-0.43085792092608277,-0.4705468114697078,-0.13878997021957634,-0.46254117505262166,-0.7053125920964444,-0.27373031889189275,-0.4484684492952367,-0.8538664320571454,-0.3557367428779344,-0.43206485204691886,-0.9868816404222227,-0.40831041788681266,-0.2235795583495723,-0.4731693885170879,-0.14634294556990593,-0.16224275825449366,-0.5959500943121672,-0.3376300278633247,-0.1587241682986238,-0.3863900802961767,-0.36564661098382306,-0.1853588514332875,-0.30120621478936,-0.33396835808987646,-0.013238609291869088,-0.45133722563418965,-0.17180033360062943,0.04242857566111171,-0.5411049436390337,-0.3596225272921025,0.015099662022053068,-0.36091657443170283,-0.3075457816859956,-0.034154457232982126,-0.3057651601587347,-0.22196667025292494,0.17896004667580306,-0.41024665300155555,-0.2057302924349453,0.22341526043134247,-0.5188025658581517,-0.31134285611809354,0.18572309962090014,-0.3832775310062154,-0.24116674879480227,0.1333151337691515,-0.3245214659630666,-0.15960211686013095
21,l,0.0,0.0,0.0,-0.32652903001561195,-0.03789917648513332,-0.2018146470508148,-0.6322585596666246,-0.20271256943782912,-0.3132942841960586,-0.8304522432453895,-0.3631737608949531,-0.4035815754715625,-0.999998383058936,-0.465700835812021,-0.4816877286303276,-0.38612521951930434,-0.45548890069381837,-0.2027631311952296,-0.40460323413332605,-0.6756985094384661,-0.408734285971568,-0.3721924499279289,-0.823315222621102,-0.5222947188631819,-0.3333145629997394,-0.9495761462537795,-0.5815833687288839,-0.1746366388324104,-0.432439763779557,-0.18582430861772473,-0.06519184960451387,-0.5608589101898396,-0.43790111007821303,-0.125894738469862,-0.3575152628612048,-0.44461286631747,-0.18182657053825754,-0.27468012155230087,-0.3721287324231084,0.01789184849736315,-0.38125412319109697,-0.19863087451205166,0.12075889397946109,-0.458919591613193,-0.47436065217209555,0.02769495154274997,-0.28225055043482805,-0.4019914480860397,-0.0465887373878248,-0.23689467016050147,-0.2699937199464495,0.1811873969628416,-0.31781566394507854,-0.22140332453874936,0.26515429570481386,-0.3749047934039437,-0.3853114464730673,0.19058089691783073,-0.24805418588689004,-0.30222331502009425,0.13027652776514015,-0.2086345627302004,-0.19182223509476592
21,l,0.0,0.0,0.0,0.2657661416572377,-0.09821346373559824,-0.04775815665663475,0.46461647567552133,-0.20374152107148896,-0.07707362779905808,0.6260549041906599,-0.33371856747355827,-0.10879355155648235,0.756202745389,-0.40414715009581414,-0.1419186098232268,0.30272760653021774,-0.476181203803016,-0.009736604005863313,0.31479899864664984,-0.7212142464329421,-0.06310145406162779,0.3075996302438415,-0.871597838749453,-0.12264939176895266,0.30350063685333933,-0.9999986289659384,-0.17279262944912063,0.17487528008175712,-0.4792803530153489,-0.022756237313778946,0.20577303936713262,-0.6463519044474934,-0.10093940166797058,0.1988243879188501,-0.46591929674707544,-0.15223929398788402,0.1833870716559099,-0.3369086710439052,-0.17906972638206592,0.055407548030226524,-0.4448981347260534,-0.04113044007134492,0.1013722276866295,-0.6077358547706397,-0.12379283841398654,0.09431889292063265,-0.4207811740126253,-0.11774136018111508,0.07754382028690113,-0.2984622720833474,-0.09811900958455128,-0.057859107116698956,-0.3914275140935358,-0.06323335524624785,-0.011548956167839033,-0.534267982834744,-0.12575785706108214,0.017137909425809318,-0.40050962953523606,-0.10620643942296959,0.03094344076437808,-0.2960721255755341,-0.07949033841379138
21,l,0.0,0.0,0.0,-0.2929400750560887,-0.11550155387748214,-0.17586716567666713,-0.5184922908853078,-0.2853459508891114,-0.29054329488204067,-0.7078162064776364,-0.4414180902864358,-0.3964031455442016,-0.8627448974411347,-0.557558764603936,-0.49631073368021267,-0.27287924383455153,-0.518113975576044,-0.14630376735758,-0.2562829989849904,-0.741288400899731,-0.3211468408075618,-0.21748902134291387,-0.883474561664539,-0.4234392201538018,-0.1748770488171659,-0.9999984494741273,-0.48103778375081635,-0.07412179779693147,-0.4817512525671187,-0.13935921847839422,0.03540360336081473,-0.5846751971374169,-0.35547205838942314,-0.04628671866644668,-0.39742552334333386,-0.3645392879361517,-0.11508511591887874,-0.31402139183885514,-0.30741850510622326,0.12024687643017856,-0.41711797424907143,-0.16202694577567608,0.20349223287631718,-0.4909143663530951,-0.38972054547525026,0.09245763689744504,-0.3183071169729686,-0.31709562772847627,0.013121400019217324,-0.2648891062071624,-0.2019830403974371,0.2847154715829435,-0.33693444416079577,-0.19691945148434556,0.35437872156875566,-0.3997176880679858,-0.3293427714274764,0.24092072653295982,-0.27462761784717005,-0.2498549912419651,0.16306789970212293,-0.22798665890213332,-0.15351451630001747
21,l,0.0,0.0,0.0,0.2476284981899015,-0.05043346897421165,-0.07024835303841138,0.5146112876016619,-0.14114993753712518,-0.10516990068945496,0.7280440582610342,-0.2201511638834487,-0.1399672606991369,0.8733301068745865,-0.2813770305125974,-0.17375528511928195,0.38883110325685716,-0.44195273663349416,-0.066473933658118,0.436854314547736,-0.6922866016722526,-0.13908334393997066,0.4305863313027943,-0.8545876139911285,-0.2024056005543878,0.4217232752243874,-0.99999770489734,-0.2532441307125684,0.23181702174089894,-0.4791450414132092,-0.08294522909183526,0.26873381378015015,-0.634132791018482,-0.18726900378065126,0.24035955828062325,-0.4503956836622663,-0.2399409453717422,0.22161196964265575,-0.3080251590214725,-0.26404795106553364,0.07561908173914492,-0.47738704030710155,-0.10656113571972851,0.10959264805293463,-0.61727692429288,-0.22214340715255762,0.08843357054262528,-0.4283316138309348,-0.21542800640176712,0.07058160350933344,-0.285262936622635,-0.18929355730721262,-0.07230608891463985,-0.44835163630972874,-0.1356511395296821,-0.04438737334845187,-0.5585399746448628,-0.229176830864318,-0.04552629158118855,-0.41790590530251875,-0.21571143637155288,-0.04571452670079046,-0.29661449928583716,-0.1882841020187443
21,l,0.0,0.0,0.0,0.24707262664752513,-0.07415038668454026,-0.06569180031820154,0.445705066638266,-0.17176972852007102,-0.09549422305308959,0.5975300820770155,-0.29507402961652035,-0.12554241226128235,0.7137625738612012,-0.3713144982817888,-0.15089587517872005,0.30069077632980595,-0.4901365913296943,-0.03367587712645759,0.3132856936176683,-0.7340937861847201,-0.11329010457863899,0.2972516091662183,-0.8696816642173725,-0.19114589781000357,0.2712949736158135,-0.9999981095098337,-0.2506804297150184,0.16543181704000315,-0.4934550760768407,-0.04160903817098375,0.19634657304403075,-0.6395231684007613,-0.1465674921383408,0.1944482194774713,-0.45027398348181596,-0.19885019115913416,0.19038254042274158,-0.32356071399638797,-0.22468222859377815,0.037072150928410263,-0.46442098256618747,-0.059399025019679655,0.07335417570921472,-0.6192729744315106,-0.17012346595982314,0.07414317503687243,-0.4308730173664488,-0.1535205487133243,0.06758215320708132,-0.2987160243707655,-0.12292641524027843,-0.08750996398918137,-0.41119676913776143,-0.08426999067796681,-0.06453004869566507,-0.5281778637544656,-0.16853719926313857,-0.038272552219118273,-0.3903002875872796,-0.1508094762591997,-0.02275759371775671,-0.2827531549400353,-0.12253564816752766
21,l,0.0,0.0,0.0,-0.1944740441283939,-0.03299813578451231,-0.06975275902045389,-0.41851862760973924,-0.18431494119454997,-0.12995928440725704,-0.6081870113486523,-0.2661293130275974,-0.19944269502195025,-0.766972296073394,-0.29701419312536476,-0.2724896581160382,-0.27658932014008963,-0.4808989531569179,-0.06330505087311512,-0.3237365819100123,-0.7192448957965938,-0.15189762080966224,-0.36593119441923344,-0.8783358342562401,-0.19294687288024526,-0.38654174536939956,-0.9999983399097663,-0.22057985302202304,-0.14388127614186094,-0.48116522515453136,-0.0953539618656892,-0.2056582101463243,-0.6883060884455008,-0.22933664947122262,-0.2535391299341975,-0.5082181038953397,-0.2298480678360183,-0.23557066807517812,-0.40891245218338845,-0.18541120713433357,-0.002104251319675905,-0.4481511090921987,-0.14138666728514057,-0.08081874610284061,-0.5606469711712504,-0.2658057461254058,-0.12246290483178539,-0.38461787823837074,-0.20838217622610855,-0.09753391880475407,-0.3196826377471645,-0.13062837814484984,0.14191258507366422,-0.390253919379978,-0.19492105562286322,0.05985559007519564,-0.48601422524485005,-0.2539254485314033,0.007991821044684651,-0.3683312540394911,-0.19233802676901696,0.021604445071321234,-0.31327053890311113,-0.12842637749420316
21,l,0.0,0.0,0.0,0.24144060307482418,0.019874547364925235,-0.12197015299993567,0.54557811296255,-0.0686124108857735,-0.17269468241268504,0.7638720782122768,-0.1726347176734725,-0.21153557944181614,0.9221036007968463,-0.2500483276362855,-0.2468575491571198,0.5100328679359926,-0.4038580764327763,-0.11559243674088454,0.555063346402249,-0.6762237863166596,-0.22174703428387318,0.544542927428555,-0.8541547881243757,-0.2963264547972737,0.5398962176037668,-0.9999984520916841,-0.34599633128318735,0.3475199951268683,-0.4532484205326275,-0.10724323177534605,0.3510585397601401,-0.5953805015004423,-0.26005081348908776,0.2575755657638239,-0.39796628382890953,-0.3214700457858445,0.19891620545234126,-0.24596534184115057,-0.3357789024426164,0.1882562394091137,-0.4598755454632269,-0.11168972038739261,0.1824775606612788,-0.5760007580587626,-0.27054740566561997,0.12779139373981044,-0.3622537668439623,-0.2732003915153207,0.10118731004119001,-0.2105590441777122,-0.23956013698013234,0.04444498048062967,-0.44720614774997763,-0.12373363584310827,0.04572904417665241,-0.5450964103178987,-0.24721195258247258,0.012321844780400881,-0.38256905229230054,-0.24504371404075845,0.01156644535441301,-0.2529925170815006,-0.21640616428427265
21,l,0.0,0.0,0.0,0.2195771966614454,-0.09467810386797947,-0.0977837900533746,0.3894336796527811,-0.19343106126503798,-0.14889375832201998,0.5172803700344498,-0.30324050265186514,-0.20014457047713616,0.6314045403988112,-0.3863641249439115,-0.24880115237541967,0.19810221371408912,-0.49680671923572606,-0.047619877463420196,0.22473560062275244,-0.7264810423357222,-0.12366113837462828,0.2307459013961919,-0.8719877873059125,-0.18607958246013265,0.22106029910342737,-0.9999975800106965,-0.23117542752636439,0.07141090658084243,-0.5016392791573095,-0.045585331043355326,0.10545418023790641,-0.6412871059656982,-0.16763955402729952,0.1162384784361929,-0.4661163648807308,-0.21269728298574153,0.11525676328154115,-0.34337788203459496,-0.21903521280111418,-0.0556612010237943,-0.4800080093498203,-0.05779725237252212,-0.014084929556840502,-0.6310429963148949,-0.18094816989587442,0.0026627184476742945,-0.4617240333828906,-0.16216424906764249,-0.006455289203075173,-0.33360515720973966,-0.11789367903816404,-0.1914449127457936,-0.4460456557929267,-0.07984477928620201,-0.14874261140008738,-0.5866764959393923,-0.16911658024963855,-0.09535445743250519,-0.4749528109708161,-0.1519190756276436,-0.07339085266816645,-0.3643180134107716,-0.1167362403326521
21,l,0.0,0.0,0.0,0.24348368744659848,-0.05856978903136941,-0.10072967783062585,0.48154070892445205,-0.12846653697061788,-0.1548640923192941,0.6791452349322038,-0.22417290170742463,-0.19892162177533496,0.8105623829728362,-0.3173120834863159,-0.23774680439976054,0.3623398977910283,-0.4670561262614907,-0.08743217420010917,0.3979466105946338,-0.7100469390048787,-0.1652440295866184,0.3964877651897635,-0.8653674813930884,-0.23121425662319256,0.38434244577951626,-0.9999977729422687,-0.2814023051329328,0.19943385708368616,-0.4913439111078082,-0.08418606894910476,0.22538710179098692,-0.6415372888871218,-0.19926376681910687,0.19651988307752466,-0.4462454775350893,-0.23985486255839525,0.18559062215262936,-0.3101076570912992,-0.24795176982001527,0.04535150807357285,-0.4765301258421099,-0.09090077328680406,0.06948882874642165,-0.617410587653071,-0.21534801860112351,0.05642877742671476,-0.42718079729005826,-0.19262029568571956,0.05164060521569747,-0.29982757573442204,-0.15023396722476215,-0.0965706543119761,-0.441290314648974,-0.10491379479207985,-0.07245802383433257,-0.5511578337658516,-0.19927755549667112,-0.06575662698087696,-0.3991557664447671,-0.17190993428446644,-0.05661262646090452,-0.28970061341071296,-0.1305383678685836
21,l,0.0,0.0,0.0,0.22513025754842883,0.0014032294029342762,-0.15555341691081176,0.4900908897594491,-0.08542182976018346,-0.21910772974185358,0.7001125826312856,-0.21038408186786678,-0.25962570462979867,0.8166708091411649,-0.36025701386946507,-0.29185283195075357,0.4456734297244507,-0.4204605990961375,-0.14477183030056873,0.44098142423991765,-0.6805339140528278,-0.25783913304710937,0.39689948926629676,-0.8440419376214028,-0.33878751804620716,0.366888019780186,-0.9999977004998252,-0.3922076856512715,0.2786889937143807,-0.46882774282954937,-0.11696405152024913,0.20348101008834102,-0.5919012958580733,-0.2548536384522603,0.14173843664611405,-0.3900432237810767,-0.3056461945817114,0.13381775628072332,-0.2638459159838212,-0.32047762213652864,0.11712874246902301,-0.47157965140076585,-0.10556531398267045,0.03085151568757438,-0.5434413619013965,-0.2536987119861389,0.003885196549157693,-0.3429389590981275,-0.24461894193006012,0.023869908017456566,-0.22687154763922573,-0.20891447700659546,-0.02068180316036019,-0.4495317623389556,-0.10592520161743843,-0.07164357809246784,-0.5191340240500402,-0.221143101107086,-0.09542131266066935,-0.36374768064363294,-0.20766006146615734,-0.07574039665746168,-0.263059460590772,-0.17262118136241572
21,l,0.0,0.0,0.0,-0.24465121783239194,0.030756058148298494,-0.09705607747732635,-0.5232778252529224,-0.0799738354573666,-0.179107635600443,-0.7335830850912685,-0.17047902584998859,-0.26349469093752775,-0.8864302081042899,-0.236792563218897,-0.35049229728390185,-0.3686186351088995,-0.4303062248850309,-0.12144658178547875,-0.44671317199129246,-0.6684005208473379,-0.25575933325349076,-0.4976096436237979,-0.84884193859753,-0.34209107725752813,-0.5352970220602343,-0.9999980228633523,-0.39993492576755135,-0.20751518437513738,-0.4670734576342915,-0.1362292060099552,-0.3202769288857004,-0.557807447060168,-0.2998002599150783,-0.29046140387384545,-0.3521241280326621,-0.30372466712930024,-0.20869029102468586,-0.2705002054964229,-0.26487193384347074,-0.027661054795032534,-0.46968529022456806,-0.1685118333454291,-0.1395909795908247,-0.5302728415892057,-0.31704350490415795,-0.12323906681293292,-0.33876009611448565,-0.24323532611456652,-0.05275959577157169,-0.2869210584929363,-0.15686248313404322,0.16900588533224495,-0.4487680029690643,-0.2111641891036121,0.05649379869031435,-0.5092443661349506,-0.29621074307054546,0.03849073821480199,-0.35913175394739405,-0.227897409052235,0.09293288778358857,-0.3059187436610415,-0.15488755210195596
21,l,0.0,0.0,0.0,0.24596202826450891,-0.07341302574549752,-0.10031386293436904,0.4713491878886308,-0.15893223441308024,-0.1427741695911571,0.6528468346969672,-0.28553104811083047,-0.17494536438163377,0.7943893013655191,-0.3627864842203198,-0.19946053631915084,0.32906008693070005,-0.5056836866269252,-0.04337824532188944,0.37580193321456906,-0.7485328386692969,-0.08979152706234335,0.38090672408947834,-0.875367013891202,-0.1394885331760713,0.37157711448821656,-0.9999975789631338,-0.1833742399463634,0.19128932115536387,-0.5195612139444737,-0.026285594895364296,0.21244920243764157,-0.6595544216778163,-0.10608541525768873,0.202456655471593,-0.4521603691804983,-0.13574042615728807,0.19451237427737375,-0.3347568170895352,-0.14665164608045217,0.05805002232148077,-0.4939101268275726,-0.02063318893220889,0.08683252885846751,-0.6287945031448188,-0.11169244179454184,0.09097754689637265,-0.4337324709609424,-0.0861632202859478,0.08285216287394108,-0.3228164406611679,-0.05263370467902035,-0.06819625415768563,-0.44626565250349,-0.02412776101056,-0.03364861687176599,-0.5822311621983989,-0.09481189948744849,-0.01013411021264323,-0.4333409713809105,-0.07071503630112173,0.00019495611228275455,-0.3319370965610341,-0.04063000088470219
21,l,0.0,0.0,0.0,0.24596202826450891,-0.07341302574549752,-0.10031386293436904,0.4713491878886308,-0.15893223441308024,-0.1427741695911571,0.6528468346969672,-0.28553104811083047,-0.17494536438163377,0.7943893013655191,-0.3627864842203198,-0.19946053631915084,0.32906008693070005,-0.5056836866269252,-0.04337824532188944,0.37580193321456906,-0.7485328386692969,-0.08979152706234335,0.38090672408947834,-0.875367013891202,-0.1394885331760713,0.37157711448821656,-0.9999975789631338,-0.1833742399463634,0.19128932115536387,-0.5195612139444737,-0.026285594895364296,0.21244920243764157,-0.6595544216778163,-0.10608541525768873,0.202456655471593,-0.4521603691804983,-0.13574042615728807,0.19451237427737375,-0.3347568170895352,-0.14665164608045217,0.05805002232148077,-0.4939101268275726,-0.02063318893220889,0.08683252885846751,-0.6287945031448188,-0.11169244179454184,0.09097754689637265,-0.4337324709609424,-0.0861632202859478,0.08285216287394108,-0.3228164406611679,-0.05263370467902035,-0.06819625415768563,-0.44626565250349,-0.02412776101056,-0.03364861687176599,-0.5822311621983989,-0.09481189948744849,-0.01013411021264323,-0.4333409713809105,-0.07071503630112173,0.00019495611228275455,-0.3319370965610341,-0.04063000088470219
21,l,0.0,0.0,0.0,-0.22531556910203338,0.05135044697121063,-0.08179290865251897,-0.4892107849201615,-0.003752076438471979,-0.15865515383905604,-0.6859195180702496,-0.004769784935260115,-0.2384715773524957,-0.8419216244638812,0.02100409034913996,-0.3267099403728044,-0.4467408901743487,-0.4287299072152286,-0.13255314317779654,-0.5449866806977851,-0.6900138630848993,-0.23571650434765162,-0.6107046102412516,-0.8583848374947249,-0.3020696451440762,-0.6550894131964842,-0.9999980178412728,-0.3519901431526968,-0.2968815418342934,-0.4750523614592438,-0.15254634795395725,-0.38672869712309105,-0.6001893918025312,-0.3071445713168659,-0.3451558248711097,-0.3668247810857796,-0.3236770768985996,-0.27985063791337916,-0.21625962933734114,-0.2967444564888949,-0.1324132798431354,-0.4804584209602634,-0.18182428196590725,-0.21695243670037406,-0.55677090389202,-0.3206147064941565,-0.18514166205906857,-0.3279996272584328,-0.2686034992262879,-0.14819225108629067,-0.20247011634556913,-0.1988371981785981,0.038604634566927164,-0.45534899803085943,-0.21805637030828706,-0.04949697461253727,-0.54632793165086,-0.3043012728859739,-0.06026360745585081,-0.37224419106974993,-0.24985407506307558,-0.047602269346343706,-0.27002675001435644,-0.1883283153119859
21,l,0.0,0.0,0.0,0.2340185953918102,-0.04480666930340106,-0.08707061990665142,0.47743589165682176,-0.14969190162575932,-0.13318806538309497,0.6542638798848655,-0.26245466643031007,-0.17579294047284172,0.797651914398588,-0.3321466454551872,-0.21871006062812923,0.33092266967835227,-0.4526436334528854,-0.08963833796902611,0.3547029304288329,-0.7097562968535336,-0.17047944069044757,0.34590471040478094,-0.8666534710673889,-0.23501483551840718,0.33617535320321007,-0.9999979129072074,-0.2838404937866657,0.17936177607463105,-0.4647002737963433,-0.09596243570010023,0.203059310542807,-0.5897475805220694,-0.21611629622687104,0.1798616169803453,-0.41106440876318534,-0.26379700408796986,0.16421726839378156,-0.27634297862437446,-0.27978653275246557,0.038364033517814124,-0.4383364650294681,-0.11072627808192392,0.05978759042600906,-0.5578241923830499,-0.2335782905161768,0.05265042707033684,-0.3764706411114575,-0.22158905965275466,0.041787097799070035,-0.24503089417143756,-0.18940713633148018,-0.09275382732376487,-0.4018845282367115,-0.13250397189861612,-0.07641208995735194,-0.5071112397243723,-0.22425668680607055,-0.06390400047331733,-0.3699774365533039,-0.20879910990686787,-0.05461769538366815,-0.2580897043348144,-0.17936694911919743
21,l,0.0,0.0,0.0,-0.26703397485909236,0.014445126879060056,-0.10128094896425714,-0.5675441277245943,-0.12688968128943745,-0.17343963755190658,-0.7835806906573167,-0.23678115808518438,-0.2459340206414381,-0.9218723574705291,-0.31631879423175135,-0.3172888068443313,-0.3742642980827849,-0.451794777323532,-0.1298464641338384,-0.4622476421399037,-0.6918772053583253,-0.27416356146460746,-0.5121937901054792,-0.8605998379731414,-0.36347779013673637,-0.5513606625950781,-0.9999981219951505,-0.4232361268520693,-0.19605219343002206,-0.4841874532793096,-0.1394809516071479,-0.33237957551938596,-0.5391360460913874,-0.3096752166432567,-0.3151710398770682,-0.3344924576885791,-0.3120725048081256,-0.24093505834830792,-0.2579254271951629,-0.2736499627989933,-0.008206888588786996,-0.4739768778568728,-0.1678293004254606,-0.1402167173339773,-0.4894672800237888,-0.32136180405387826,-0.13508179408704893,-0.3138860497649518,-0.24193400688527322,-0.058551479195947664,-0.27134632309501094,-0.15167514901044507,0.1872574634218545,-0.43262162114393,-0.20782151838691484,0.06664911648028538,-0.48527319408618036,-0.290774992833607,0.022165869550610114,-0.34857736868882994,-0.21579060908647085,0.06420590582806984,-0.2940682437264118,-0.13711086433057942
21,l,0.0,0.0,0.0,0.24630822532040125,-0.08827871353318288,-0.15356922956741934,0.43111734705757987,-0.2526592064378313,-0.21903084763107944,0.6031089851836259,-0.39713886225238104,-0.26295294544570386,0.7670316762705821,-0.4870806828718408,-0.2925329123942885,0.20161288738463237,-0.4928700863897836,-0.1005281976591518,0.17740766992306983,-0.7313522221098496,-0.1782745502597261,0.16701167879693124,-0.8764471052539557,-0.22902683217352812,0.1448445637982717,-0.9999988408330847,-0.26880242422481226,0.05000538301556659,-0.47750567425381096,-0.0681773413357347,0.04593992185412079,-0.5739642270562975,-0.1793573904329501,0.0744178756737903,-0.37809918451267727,-0.19048057204070823,0.0927360284539166,-0.27501273093002143,-0.1731580311218777,-0.09687614323202652,-0.4145962702325058,-0.056146043909071394,-0.08650136326767958,-0.47704953063769195,-0.1802332663223079,-0.04311365545591371,-0.29907903946395487,-0.1424209072055995,-0.013767149470501743,-0.23354926240645937,-0.08727115244763316,-0.21428510562877157,-0.3356858428545494,-0.0565772713192584,-0.2199775734464091,-0.40553668593684,-0.12708654133667624,-0.1680039397092143,-0.28682866079088726,-0.08538569089413801,-0.13268286436350896,-0.24335172100695876,-0.04104723766468701
21,l,0.0,0.0,0.0,-0.19957251011329954,0.05080602888207381,-0.09367473666127259,-0.4661622924221713,-0.02977471674121778,-0.16773306736648902,-0.6781962012178417,-0.04740573973884727,-0.24278787137794372,-0.8484098815625235,-0.039651703542160105,-0.32212427265767024,-0.4065142194474031,-0.4466341317798353,-0.10849335474218853,-0.5115900387237565,-0.6866765671719832,-0.228269095910351,-0.5847328519843404,-0.8566007906411939,-0.30497492488535305,-0.6345297273819588,-0.99999808127992,-0.35874342652048263,-0.25134640684883514,-0.5101329761706395,-0.12952461684851946,-0.38089711442126867,-0.5759912772180393,-0.29267918336778653,-0.3568269625464814,-0.3300437385828752,-0.30543218326241833,-0.30337116239762474,-0.20883221383034017,-0.2713647615883574,-0.08607482239043147,-0.5098834325506165,-0.16555030406137594,-0.20716769384059544,-0.47220823570554415,-0.3179123091527538,-0.18853832481593122,-0.24088267231987845,-0.2554124397944427,-0.1490243734691504,-0.15659799946391909,-0.17211287525973548,0.07858679832031316,-0.468090823157481,-0.2107858606042772,-0.04425670968507548,-0.4367839063020302,-0.2985859448979203,-0.056069317828312606,-0.2612406055264106,-0.23595891636797175,-0.03567970561960524,-0.194748552888563,-0.16470756540739057
21,l,0.0,0.0,0.0,0.22540429750955812,0.04858507709320248,-0.18216641983247833,0.4933722137215738,-0.014737230084569059,-0.26598111445278727,0.7033912493595406,-0.11870359130073203,-0.323598285072686,0.8212201632923736,-0.2607440021830201,-0.3691057755340589,0.3846988180876925,-0.40041471763603437,-0.19785380056436858,0.4136274326247987,-0.6760338033910626,-0.31699813550009087,0.41062204600453983,-0.8418887052185872,-0.38116374182291096,0.4099968894687083,-0.9999974751116429,-0.4247988478257986,0.21618963464667243,-0.4642190605346216,-0.16065811539544636,0.19660134635892748,-0.5888100943630369,-0.3079100766178909,0.13992881450427844,-0.3518556761905688,-0.3240855881210785,0.14570195602354474,-0.22332942192951263,-0.3122475139466744,0.06666104038610612,-0.4818686712839502,-0.14306828881411462,0.041009606572222614,-0.5677918018857226,-0.30632160111579615,0.009288932181718803,-0.34291702129270835,-0.2626432277792418,0.016418711542163036,-0.22382786161335325,-0.20209706560083227,-0.06305186753047033,-0.47713876161504115,-0.1401335878487483,-0.07982138308924945,-0.5448672635583579,-0.27402808603942913,-0.09728257400640161,-0.37000703751535774,-0.25687330309217415,-0.08592230287886747,-0.26660127044844184,-0.21800509092253859
21,l,0.0,0.0,0.0,0.2206360473369568,-0.043050482850456304,-0.10724531235524065,0.4637325329038689,-0.14996617400511458,-0.15571987030944695,0.6499339065449732,-0.27479888742861874,-0.19571749172000402,0.7941157170945876,-0.35491878776307373,-0.23160015428062677,0.36619328471711715,-0.46879390401836574,-0.07688031094250829,0.3904508510674253,-0.718203406017393,-0.16250823642030882,0.37042362343965285,-0.8690352542489894,-0.23055734215241494,0.34731749326878963,-0.9999982185638608,-0.27884750201964886,0.2155078878273225,-0.4901759591942411,-0.06961157805962419,0.21275114107254198,-0.6232588445089852,-0.2055070883373222,0.16929084930152427,-0.4273993804944065,-0.25648533510877103,0.1544913797758169,-0.28490761365100165,-0.266841518175141,0.07522688057208934,-0.4792091772944242,-0.07466986326357461,0.06348958994522129,-0.5928623203541121,-0.21476042670171114,0.045081848172197514,-0.3978747687507759,-0.20288516600976872,0.04104948554303833,-0.26141381347910986,-0.16299991156130106,-0.055822781238218856,-0.4502795025586717,-0.08831147260680709,-0.0629614944234148,-0.5475804786330412,-0.1929846358855827,-0.06434976926002059,-0.39187140519198305,-0.17939222856555662,-0.047843266929181616,-0.27400024050647787,-0.1455624066095313
21,l,0.0,0.0,0.0,0.217433605851299,-0.011899157253364717,-0.12116532636213248,0.46805561684749525,-0.10987150032405725,-0.1753146154914874,0.6481315709380651,-0.21311229800286655,-0.2168216057773629,0.7734736977765141,-0.30580695699018456,-0.2556774996420549,0.377927990082176,-0.4294204706455995,-0.12515936771060926,0.38240822499236415,-0.6957314640342371,-0.22373150004915832,0.3460691921472789,-0.8634502763004196,-0.2922069466916198,0.3137246086610095,-0.9999981116475614,-0.3393891216164456,0.21686768144159105,-0.4416207113906048,-0.1175221668706543,0.17591042177575633,-0.5891703063541578,-0.25986635889280957,0.12789520229298482,-0.3912604173103262,-0.3117464211397712,0.11017798643536092,-0.24331631855679178,-0.3235155497188489,0.0659687999506553,-0.4125806177103451,-0.1218555954400236,0.015982074509163627,-0.5265773558108954,-0.27001619292109846,0.00631296107631287,-0.33000101338723486,-0.2620050928132886,0.013085932706022022,-0.19402382974200633,-0.22585236593064748,-0.06694948797408123,-0.3633598261606718,-0.1344603714016243,-0.09286394107009462,-0.4724891978858011,-0.24774257084376575,-0.098625834940773,-0.32349389566677994,-0.23453326425278126,-0.08259930137396523,-0.20923321708477272,-0.20159295753272471
21,l,0.0,0.0,0.0,-0.22466515519662208,-0.05931581640636065,-0.05605577013978834,-0.42967567763569947,-0.23898853255208452,-0.10345192503855251,-0.5899384673530434,-0.35784017655983474,-0.1558821144333254,-0.7264369548793498,-0.4153395286553102,-0.21296529115716106,-0.28647732538458326,-0.4867135051132129,-0.08856140771368214,-0.3287725568962423,-0.7362374807792718,-0.1836260499626536,-0.35508519737346556,-0.87732761691258,-0.24079014690379924,-0.372237988541824,-0.9999983259975775,-0.2839824353990899,-0.14189030836847139,-0.4925740346123613,-0.11199403429761072,-0.2316171098462577,-0.5796013336495545,-0.25863243120614804,-0.2319297153220063,-0.36267353814640935,-0.27515547150946107,-0.20136217806690698,-0.2403115930718504,-0.25330322125962046,0.009137997856841534,-0.46760151674757966,-0.14450590178034334,-0.09346444744612491,-0.5190235709442693,-0.2792148776143845,-0.10075953973734987,-0.3066908165109974,-0.2305238558073263,-0.07227711991903846,-0.2018028490160432,-0.16591517370740372,0.16189022400147987,-0.41660581531114343,-0.18213195693056167,0.05554070367895928,-0.47751419347889046,-0.2739823029705261,0.011382610937735444,-0.32020958149606826,-0.23527295460287959,0.02598686426326884,-0.23311647865700594,-0.18568808119071142
21,l,0.0,0.0,0.0,-0.2610765622553783,-0.11007929684104041,-0.10815961846584857,-0.47268915477972046,-0.30831702113999376,-0.1846602249286879,-0.6388357516190054,-0.4547300770569504,-0.2664908312337288,-0.7978447668619496,-0.536343353368952,-0.3517340178451706,-0.1917649379242848,-0.5283079009353727,-0.10600328744583293,-0.15803613104792233,-0.7503648577975517,-0.2187400929727377,-0.142291496129519,-0.8830339267970945,-0.28883958201704324,-0.12470434280485508,-0.9999984936980174,-0.343792343331645,0.0018057075424769526,-0.49549563967592436,-0.13050659604291978,0.008815663180602102,-0.6058666850580984,-0.31801259558721356,-0.06418081839782329,-0.4272881168018521,-0.35376824453653827,-0.0974507464332152,-0.3196094269750693,-0.3357047945475526,0.18436505647783738,-0.4313848965931818,-0.17116463278204294,0.1792841696671615,-0.5293306144703944,-0.34469342389664026,0.08442383065317587,-0.37281091144516676,-0.2955111695017918,0.03803558815644782,-0.2898359923035508,-0.2199340219156503,0.3575158179778961,-0.345163528613637,-0.22171171728861389,0.3648659598669384,-0.4653282838706242,-0.3196152597920159,0.253253266092825,-0.3650573763586131,-0.2626304939052627,0.18971026324699836,-0.29872428960317954,-0.19833702079687243
21,l,0.0,0.0,0.0,-0.22196138674951021,-0.027788465913495642,-0.03719818807944764,-0.4605783784780024,-0.16402288743808818,-0.0724841268742598,-0.6431440143307664,-0.23538134569675218,-0.12269096081952272,-0.7887109260428313,-0.24939681035222847,-0.18047204397098274,-0.3412847865107122,-0.47308204784091906,-0.031674218714592,-0.39143825025114604,-0.7145888451734667,-0.11599903606671072,-0.42189231314435727,-0.8722229371186411,-0.17043118106368127,-0.433338606032638,-0.9999983218396076,-0.2114045319590936,-0.2131235258938961,-0.486962927306099,-0.07011553880414052,-0.33564666229752826,-0.6272475078349943,-0.21103936147713565,-0.3629714569738491,-0.4373073437475307,-0.23071140517122113,-0.32067989890380344,-0.30389666055223274,-0.2053754305162026,-0.06907986246903133,-0.4780526975280179,-0.1195911753115434,-0.1995036146646754,-0.5834645097947415,-0.24741507271723204,-0.22259450229167352,-0.39821572237222336,-0.20599155411544387,-0.1763299053821103,-0.28696463329648825,-0.14122739508322307,0.09034522277124055,-0.45009008608029266,-0.17405765428589726,-0.044077825129363486,-0.5483175698442739,-0.24950671962491458,-0.09050866550698505,-0.4134541067873155,-0.20727664012981198,-0.057944850972205246,-0.32254803737022464,-0.15526276494335858
21,l,0.0,0.0,0.0,-0.2755214841729821,-0.09269526068645532,-0.10331637564099397,-0.5154586198253731,-0.27531084170382814,-0.1772316264123264,-0.6977614043395162,-0.4032525058902323,-0.2541037424814182,-0.8583748216482948,-0.47753044839060066,-0.3318978211620775,-0.26338344824623067,-0.5256583763170437,-0.0977650649625278,-0.2999004191352999,-0.7520668859360624,-0.20866684773305602,-0.32642558151784407,-0.8855044466100742,-0.27969465162358437,-0.3400629796161902,-0.999998413826659,-0.3331924498206771,-0.0660486101652833,-0.5088531159144147,-0.12359477865890144,-0.06927679109403664,-0.6393357257924627,-0.3012100355238048,-0.10720576614684676,-0.4528944501995442,-0.33681742897341577,-0.11321304733627387,-0.33379022084445414,-0.31652742076561213,0.12373420377134163,-0.45731018950129715,-0.16468291803252846,0.10824460791123809,-0.5675619516406047,-0.3255270918972262,0.03746429474047089,-0.39390661719935355,-0.2739950615992657,0.014252024082174663,-0.29880957855670987,-0.19735348936367117,0.30619208656674457,-0.37922253024283703,-0.21554468361546777,0.29605600498664275,-0.5013364982353966,-0.30681912397559313,0.19478736890170414,-0.38662555414865557,-0.2462094952321945,0.14379695352527233,-0.3112672653758355,-0.17870699822191577
21,l,0.0,0.0,0.0,0.20818210313623553,-0.06632344457841317,-0.022139098601162994,0.35611944715782456,-0.18071361727565596,-0.03223246221721752,0.49561838672252184,-0.2594262418313355,-0.05961214062010091,0.614637648152178,-0.2846169551636607,-0.08804164728754246,0.20636478802535901,-0.4970934230901944,0.07629517519893902,0.21688060860203956,-0.7485118455817926,0.037095502181810604,0.22266126487183624,-0.8838936112776455,-0.01141473202854836,0.21654095091227446,-0.9999974132953122,-0.047664396150328234,0.14073129721984584,-0.5237964071669865,0.04992209213320996,0.2185765843566541,-0.6943223751744799,-0.02488242129217201,0.24612539779615678,-0.5137092059173813,-0.08437932255261463,0.22803288262554272,-0.37266777640386206,-0.10894778623506207,0.0669585104087093,-0.5375786770470548,0.012677850252474481,0.1451698199492862,-0.6965834963044162,-0.0684444354460019,0.157725745179154,-0.5106923734091501,-0.08511537603011735,0.12502532829520258,-0.37451985901770823,-0.07221332238480704,-0.01614399320817599,-0.5482297131452623,-0.028228831997899374,0.05887996117102393,-0.7003721519606111,-0.08421616197604,0.0971205141268449,-0.5782888790608226,-0.08309898612881705,0.08810809896682313,-0.4613448752363584,-0.06788605951935976
21,l,0.0,0.0,0.0,0.29055637278052854,-0.09636204738300744,-0.030644963770722275,0.47784523960733594,-0.1723951574978472,-0.04938284155207566,0.6380810767074409,-0.27685361553804366,-0.07531793677495618,0.7534702120363655,-0.3489611038826947,-0.09742294942456033,0.30370457365601433,-0.516184484564424,0.01064241269529413,0.33077669455241987,-0.7487140892900324,-0.05041615549901075,0.3261183087686289,-0.8741715355232867,-0.12058202099847219,0.31517668213257094,-0.9999976448773692,-0.1767021111203936,0.16893060151361178,-0.5228581468559308,-0.010697918988049978,0.22114059898775917,-0.6647475804357805,-0.11612306599525107,0.22691666045666517,-0.47874420909835286,-0.18026352671562243,0.21886467888191005,-0.35793184799940886,-0.2139970796229437,0.037145801192214056,-0.49697494259040714,-0.035933246292391245,0.10128679709703022,-0.666657539663572,-0.13697883532147412,0.10574276033146975,-0.4734231070486202,-0.11735778037698315,0.08652258485668078,-0.3424550157370189,-0.08489260583032346,-0.08989484345797684,-0.44570743124409984,-0.06529335745857924,-0.04172318988101487,-0.5977827759298874,-0.13559517296729323,-0.00028664829804131686,-0.46341147305434655,-0.10639296533948896,0.006770065679694726,-0.3612509040027825,-0.07043933575240309
21,l,0.0,0.0,0.0,-0.171344452958919,-0.018036399978307804,-0.06448700077345988,-0.3780770992810624,-0.13762447015362206,-0.12555703900030682,-0.5617123281856111,-0.19054627962745946,-0.1955574027073894,-0.6974136992565796,-0.21842286335883848,-0.269425980151979,-0.25029208766166267,-0.4583308013293851,-0.0812754739423008,-0.30101037146436854,-0.7105196988904277,-0.1787706325078098,-0.3318513390421008,-0.8720800430537017,-0.24054944913128953,-0.3402023894915842,-0.9999982618352463,-0.2848261060117287,-0.14503579237892952,-0.4672665335751462,-0.10793833917831029,-0.29563214848069375,-0.5834516179045428,-0.25679828824967427,-0.33680903869608814,-0.3988144214581759,-0.27787330340365807,-0.29727373314659616,-0.28328830205572614,-0.25498262515935516,-0.027594991612608262,-0.4403329933541097,-0.14678466092064427,-0.17645677963176776,-0.5181360773092006,-0.2746826253757651,-0.21386646873504195,-0.3490347780513726,-0.23289041286772566,-0.17299945417352666,-0.26453248497927845,-0.17037829638528365,0.09793852628893782,-0.38467348272555646,-0.19387914268826956,-0.02552247154640155,-0.45047082764332086,-0.26805694826990883,-0.08450068723035728,-0.33959615833522394,-0.230076408329833,-0.06542235497152055,-0.2744975099770585,-0.1815511604256223
21,l,0.0,0.0,0.0,0.2254835492958887,-0.015431942289649211,-0.15376833238212415,0.4848441254057955,-0.1365187903574892,-0.22006621736661783,0.6846390206159081,-0.2564928335637427,-0.2667574221126502,0.840049393216691,-0.3449964722679044,-0.3099145771698567,0.33374896713581326,-0.45744149240145293,-0.11543380669482121,0.33444463723261153,-0.709755784983167,-0.21861540441584792,0.3035001715877443,-0.8715808427894307,-0.2922432477602141,0.2772372300054024,-0.9999986810478608,-0.34449786754270756,0.17523862128868076,-0.4773634116645949,-0.09385951372043598,0.14218882790144077,-0.6236226839966915,-0.2593752334645462,0.10176199519272587,-0.41295984012723513,-0.32864413250960184,0.08370360151349501,-0.25504850640605514,-0.3408194008612478,0.03090940305438557,-0.4461546794324989,-0.08906628661250576,-0.006483238072969629,-0.5666347324226876,-0.26543736668120443,-0.01954472126060633,-0.35017465084919147,-0.27912962272697883,-0.007749775884526633,-0.20394257954020395,-0.24341975009572106,-0.08867234793997696,-0.39147775351117087,-0.09295303569454243,-0.11346631635091833,-0.5010379714973568,-0.22680904439422955,-0.12383438724887758,-0.3602621424076239,-0.2291418662424459,-0.10484555741718528,-0.2585678942717311,-0.19892620720085227
21,l,0.0,0.0,0.0,-0.3026882271026917,-0.07027620750085803,-0.19370006705582585,-0.5817325665278543,-0.238527803602226,-0.2891301270383272,-0.8033571530173579,-0.3829142780114507,-0.36305745408028206,-0.9708457571732948,-0.4890296375798268,-0.4254357304831613,-0.3845008311119694,-0.49382583746091746,-0.16771491638977065,-0.37524615919643334,-0.718535567355588,-0.34860098659019617,-0.34665502776365437,-0.8680363958747175,-0.450527971092697,-0.3232734170863125,-0.999998409729713,-0.5051168954737503,-0.1707096254359749,-0.46599807712355173,-0.15129425056845724,-0.05888303489821463,-0.5960259047380984,-0.38951442135387515,-0.12230108273353144,-0.3897226742418281,-0.40529556779114856,-0.17342225398362957,-0.2965359499165126,-0.34145851183175224,0.030022612190577613,-0.4120620016181003,-0.16482292620366118,0.1287359214439456,-0.4963894126718195,-0.42554312471561967,0.029222321365647556,-0.3084206904710792,-0.36648577561308826,-0.038350262399633066,-0.2625947278723955,-0.24628098943427043,0.1976651038455402,-0.3469606226493081,-0.188101704296768,0.26891970787546704,-0.4134566100401299,-0.33978707652896833,0.18463068575744568,-0.2723023892291659,-0.2642174139453635,0.12922047512119805,-0.2300313368635957,-0.16269888060962526
21,l,0.0,0.0,0.0,-0.2937514169400447,-0.053527952179079435,-0.14285263693690262,-0.5647470493047017,-0.234274856791371,-0.22306526645254396,-0.7418396030505984,-0.4075474380329518,-0.2941832624717976,-0.8956494236895186,-0.5192855733055741,-0.35836920272920897,-0.34002381049002,-0.47869477828771884,-0.13879682458070888,-0.3535021955037361,-0.717297193540695,-0.2930945913342521,-0.3434281115007255,-0.8744801687104216,-0.3787173736506662,-0.3294594235912665,-0.9999984494029053,-0.4283670576512563,-0.13883344706079323,-0.45405578696329124,-0.14093650456927495,-0.0739575475776619,-0.5728052074336419,-0.3518675136844311,-0.11204054263829073,-0.36157698973469976,-0.3608109434979846,-0.14232333157412977,-0.2626881175509449,-0.3063624603402814,0.05157468895596359,-0.40345320090222364,-0.16541570844433828,0.09948851123890652,-0.48859344383717246,-0.3855746824818898,0.0422028333039151,-0.3006812776606478,-0.31151147255068257,-0.0009334701690863076,-0.23841410382035114,-0.19965993451593456,0.2210062715087268,-0.3425648826512932,-0.19824896200738445,0.2491285853284706,-0.4155527303265735,-0.32238776325667606,0.1937695528533577,-0.27277772858251065,-0.2412215847210342,0.1626848113772056,-0.22279973572962972,-0.14762741772171947
21,l,0.0,0.0,0.0,0.22536821688354966,-0.06373192858590761,-0.10658893374188065,0.44513568687992616,-0.1702943484914565,-0.1588112654153245,0.6082324379083235,-0.31096157626070675,-0.20420302345424388,0.7220950314909994,-0.42685850297898936,-0.24805884891923421,0.30685595972601143,-0.48138346736047577,-0.08048257393605081,0.34446547868121763,-0.7207314383699133,-0.15699469273694716,0.3451535525065994,-0.866649740841802,-0.21586229390020414,0.33829307269839765,-0.9999976064766345,-0.2613965565508441,0.16353772888331236,-0.4978774087193518,-0.07710051025627268,0.18754042031009047,-0.651006077181642,-0.19935035890433325,0.16652984423469763,-0.4564177151088502,-0.2417824400712466,0.1605885557300278,-0.32538744418546844,-0.24794123936920331,0.02366229247439146,-0.47736188057555234,-0.08517769162170853,0.04829028507816484,-0.6239534197013861,-0.21319417101355906,0.04390946754633878,-0.42788547777310304,-0.1937377351467551,0.03703129726450083,-0.2977572070075019,-0.15110401468003892,-0.11838550556403135,-0.4374540980312963,-0.10182157401116225,-0.09746766181011854,-0.5639449078205662,-0.1988507456892209,-0.07033076058242575,-0.4199674215046992,-0.1802791545007238,-0.055555791133569336,-0.3058260602971433,-0.14437155897489584
21,l,0.0,0.0,0.0,0.259988286867099,-0.07459454049873358,-0.0797996486997453,0.47869850900678695,-0.14853800101481374,-0.12188580929056174,0.6651349912577222,-0.26238493214058406,-0.16204256437998707,0.8080205709998418,-0.32471726572017545,-0.1980698864249725,0.3338992535577972,-0.49841504016355476,-0.02869236398135238,0.39423667686706343,-0.7374282618778419,-0.08604209240242208,0.41116565902231356,-0.8701115326219083,-0.14477457835668947,0.41583123078340734,-0.9999974761299671,-0.19386814145604978,0.20048667695515776,-0.5169387771469262,-0.026058208682858595,0.24387465903393335,-0.6617473595272756,-0.11848016304349714,0.22414850007705242,-0.4644437235501595,-0.15859274683904387,0.20913545014432405,-0.3451231624084842,-0.17456628265884397,0.07079238684310178,-0.4965295709023286,-0.032733783513234256,0.12545422198565148,-0.6437111051418221,-0.1302456732591444,0.11921089448101119,-0.4523931777991304,-0.1021133071434876,0.09282605870523253,-0.32809376530674117,-0.06404950322837193,-0.06209547465336961,-0.45721753304490315,-0.04746212463524281,-0.0020052150251337964,-0.5972663717443019,-0.12177019106986671,0.023239779477871036,-0.45385306820847887,-0.09383608806064204,0.0211938719538214,-0.34532301447802094,-0.05796692425745716
21,l,0.0,0.0,0.0,0.2687984485087556,-0.10606480324024149,-0.14347385482173636,0.503834320058845,-0.2880707087342689,-0.1815584207911284,0.6864677414691794,-0.4505642002231689,-0.20416369670533036,0.8116658345151128,-0.5751957022713818,-0.21862835047307042,0.29026751588100264,-0.5138008989069811,-0.06316839190602654,0.29081021686067643,-0.7459285099767999,-0.13406090117441977,0.2683524895661792,-0.8804178680099098,-0.1779053970571061,0.23908352829586232,-0.9999987981769325,-0.21522359309600486,0.11461990108210891,-0.5062806292531241,-0.04061394943727087,0.07994900199801197,-0.6431541716884565,-0.20174647101128187,0.07440633872560343,-0.43560374799244483,-0.2441384126070474,0.09294212736030018,-0.3015607966158927,-0.23266305555020833,-0.050315279192782385,-0.4624548746776985,-0.036657859154970475,-0.09647906781322939,-0.5715806088658624,-0.21617224529687862,-0.06977196176150711,-0.37550924929845564,-0.19161036974123474,-0.03481312886170284,-0.2609205449265695,-0.12627900537840156,-0.1990802124250145,-0.3989023406428592,-0.042927027904969925,-0.24350948544734502,-0.5042198913396124,-0.17805899876983913,-0.19936649865327036,-0.364633309628452,-0.16102654414183173,-0.14513622932167855,-0.27659769769869225,-0.11629808177430191
21,l,0.0,0.0,0.0,0.10502055767891001,-0.15200733033617211,-0.028477241862303534,0.1782443654568599,-0.3470026677734584,-0.06569960085217565,0.2505736194304268,-0.47669665834445923,-0.10785142638851755,0.3416014454455663,-0.5520435083867327,-0.14687039140951913,0.010026489977267834,-0.5455063088474531,-0.06275588972978756,-0.029166148577262636,-0.7597172102904773,-0.12545416019377853,-0.04171476147312702,-0.8824012752289553,-0.16757689479913296,-0.06709084751275111,-0.9999983514804042,-0.20020241381949866,-0.06848701568130099,-0.5128311196877953,-0.08810341298283304,0.0395894101123181,-0.6126952683959771,-0.16799707666490543,0.10042172181483511,-0.44278315478236985,-0.18159363860986585,0.08839938639879008,-0.3579922966336966,-0.18001609582535977,-0.12593881012920544,-0.43781564955603164,-0.11726105597862689,0.0008577065200416589,-0.4896550130421994,-0.20163510992925893,0.04514332758652072,-0.33422589649295237,-0.17583901397785592,0.014782442661774234,-0.2760476701166864,-0.14235408117994075,-0.16714036262602616,-0.34374802084215583,-0.14862349922148366,-0.061239891797044775,-0.4042787743696233,-0.20434512943314012,-0.017769922216745778,-0.3042739672946824,-0.1791650095340714,-0.04650864229564878,-0.2558937777327679,-0.1508298900429873
21,l,0.0,0.0,0.0,-0.30863292747755305,-0.04161430015809266,-0.1318752782986541,-0.6081659877622976,-0.18927921601107794,-0.20779829474613934,-0.8277787894424464,-0.30365724981754116,-0.2810252553921914,-0.9988496398101256,-0.37213677623267033,-0.3515294178847511,-0.4249107108197816,-0.49743621205533844,-0.10714146356643588,-0.44677174717199963,-0.7312003972802761,-0.23295346517775598,-0.4287928372129963,-0.8743243017359122,-0.31055945566711607,-0.40866745951826927,-0.9999983729384702,-0.3623007669391298,-0.21726291750401117,-0.4936555756763755,-0.11303417599808002,-0.14574344270212936,-0.6066044089668057,-0.30882365153898833,-0.1452342954734414,-0.39479072453569836,-0.33799972735129635,-0.1816229024371303,-0.3078336148187253,-0.30576377367499846,-0.007654083024183885,-0.4694949879883415,-0.138834193517383,0.057824966036968954,-0.5563536140842227,-0.3319855833056102,0.02982535975441579,-0.37216742204681613,-0.2784827438478668,-0.026912164782500282,-0.3135912456415773,-0.18997723255058233,0.17960745525492222,-0.4265104029221068,-0.17407566752973186,0.23510809145761244,-0.5337633334298867,-0.2831742203738463,0.1964174601572826,-0.3963865374210431,-0.21578203847834557,0.14770196237514888,-0.33891370730547715,-0.13491822095601355
21,l,0.0,0.0,0.0,-0.2687303929599152,-0.08868463072877669,-0.1249656751902481,-0.4987984085503363,-0.27198750231565966,-0.20190613640473004,-0.6739654779582741,-0.41038281326047854,-0.2773461777850203,-0.8451181514267472,-0.47845086622981875,-0.35154632056878127,-0.2854352780263334,-0.5321818035303888,-0.10565987370012093,-0.31391049684741323,-0.7518863377917475,-0.20690973378143443,-0.3315362921305631,-0.8814771875916732,-0.2687920585785038,-0.3383902796452551,-0.999998510095504,-0.3175806075059261,-0.09320215268877123,-0.5223105695813981,-0.11521326263662747,-0.05822230612085123,-0.6382962808062288,-0.28246821913487474,-0.06977861927548167,-0.45281324086633096,-0.317115800941377,-0.08461957140660743,-0.34217737860306846,-0.2999878921702913,0.0917130666218322,-0.4781219760670737,-0.1412983886458133,0.1160129300272827,-0.5667606944928562,-0.3030716093179192,0.06625180844160662,-0.39892534032486665,-0.2652192688377133,0.028188821960042222,-0.3103636160319585,-0.19708974044913177,0.2632258896933868,-0.4091164507059371,-0.17824322849875,0.2934919547469268,-0.5209383955974223,-0.2723097446751783,0.21452359284388162,-0.408733167340902,-0.2258701606383266,0.15287109597746817,-0.3346855031340097,-0.16877267263887377
21,l,0.0,0.0,0.0,-0.24907754137066163,-0.07656819427294108,-0.1027864442965817,-0.4650475947454917,-0.24425191178582067,-0.17689879960108218,-0.6463433743580044,-0.36762850944729,-0.2546073607434771,-0.7944272497830406,-0.4110342479285379,-0.33379928327740405,-0.2834058120854483,-0.5215096098348828,-0.10474069647266178,-0.266393844778574,-0.7552205984957794,-0.20096143858009552,-0.26040004773945863,-0.8805694768655518,-0.26200430690905235,-0.24779577380493983,-0.9999984819644704,-0.3114400125963221,-0.12066892475421077,-0.5062704557367609,-0.11807018338468023,-0.10597972006061078,-0.6074605127950081,-0.26365300147751963,-0.12583716431276384,-0.4185238928708378,-0.288297507375442,-0.14260709235390992,-0.31615757022213575,-0.2749837190849577,0.044275360680467994,-0.46205449646861085,-0.14500390570605684,0.04772181886050066,-0.5602032736017528,-0.27863211039818253,-0.00259791827947225,-0.3857149501300605,-0.23050934331478162,-0.03696233654067329,-0.29841885174429733,-0.1671996980905577,0.19983313718528567,-0.39442854466021293,-0.1829635118830067,0.20328629103098708,-0.5042068787222449,-0.2638693891051791,0.12242789422178324,-0.38099477727950226,-0.2159679409167207,0.07022776081251553,-0.3020714278485651,-0.16308195418624932
21,l,0.0,0.0,0.0,-0.25795365469121123,-0.058088803510933415,-0.12650414004079846,-0.5136055365616397,-0.2334229444951746,-0.2068403131696767,-0.751849542046852,-0.3379036438066699,-0.2838058914803306,-0.972242950012173,-0.3770521395790784,-0.36466079703810356,-0.426096095235143,-0.44382300074688175,-0.13929922985523974,-0.49055277965033917,-0.6957904187082022,-0.26370737901163793,-0.5135069997272269,-0.8610367892497824,-0.33882745072973625,-0.5203954488422944,-0.9999983351724522,-0.3906270390720371,-0.23859201019647652,-0.44637314989851556,-0.15442687904925192,-0.17355928718735714,-0.5799921735372516,-0.3679656758255224,-0.1406485798822374,-0.3932843216902544,-0.41344146683726435,-0.14183548731064677,-0.24938928553949088,-0.38640444298466115,-0.038923736527751135,-0.4189520258930392,-0.18233199207058298,0.009221182149683883,-0.5053347436683383,-0.39139293224646404,0.006481600151228417,-0.31848692585463495,-0.3464912696231444,-0.01947387526988155,-0.1940039437775404,-0.2548908379259283,0.15140655956923219,-0.37363609675464965,-0.21747474969570085,0.1740191257479498,-0.47263267049650426,-0.3486624042339531,0.15295407410363934,-0.3240165986619347,-0.28683086314220096,0.12204625447806268,-0.21509231481368066,-0.2041255762466654
21,l,0.0,0.0,0.0,-0.1963643694749668,-0.011096866416667158,-0.06891700376874403,-0.4337494368930988,-0.12815436153533696,-0.1312614844628008,-0.6293209136547552,-0.17792653714396475,-0.20162077639095388,-0.7832491304655878,-0.17806130872984044,-0.27854559322997907,-0.29122263396731557,-0.45367570840792987,-0.08989936853131505,-0.3180503505883525,-0.7115581621114282,-0.17837040809635107,-0.335781338232056,-0.8740563285422269,-0.22800362572627847,-0.3456514402356738,-0.999998307565863,-0.2646205662678674,-0.1651509776430483,-0.4661178696369009,-0.11591645070800419,-0.3081684964217449,-0.6032242521855453,-0.2695615185704051,-0.33916449845758395,-0.4255967647169761,-0.2941895631736187,-0.30989112141141995,-0.28744237168505143,-0.2684535871874167,-0.029956112145869504,-0.4451075745728034,-0.15133433016496517,-0.17711725192862976,-0.4773331655758869,-0.2902715786551145,-0.18303328069005534,-0.2877871690507124,-0.25857879440629655,-0.1462022540720258,-0.18220089465648268,-0.19755368315211097,0.11308859296695394,-0.400169522591981,-0.1931918275076328,-0.0305141633532529,-0.43425140052432437,-0.273287963007561,-0.05870240720385958,-0.2971128382332441,-0.2354020410554009,-0.030985258642204534,-0.22242052885455907,-0.18445273248600724
21,l,0.0,0.0,0.0,-0.21580964322805019,-0.02210070328772418,-0.09410786421887113,-0.43938626917612295,-0.1587568158026383,-0.1704172789168024,-0.6033631243231372,-0.2659451079654322,-0.24488994911401232,-0.7365231119574206,-0.33356494955844795,-0.3208874513230759,-0.2994039179924911,-0.47673807317666744,-0.1312995140874953,-0.29707243017973645,-0.7253173169942838,-0.2302472046359707,-0.2779888066700849,-0.8745800500779556,-0.28745539439247425,-0.2671007013528711,-0.9999981883250133,-0.3274327542983159,-0.1499539402296791,-0.47395369944446974,-0.1399807184134988,-0.15566463298284594,-0.5741935834490763,-0.27424354913201465,-0.13847386528671748,-0.36368953008273136,-0.28205183582537696,-0.12375420903086871,-0.26615762095767437,-0.2571248339227122,0.005627922830121314,-0.44896468758967334,-0.16083929244022807,-0.007805965032115767,-0.5379498597685997,-0.2830971772996659,-0.006340402872201602,-0.3501769217065997,-0.2273847852914036,-0.004386427976560073,-0.2746188343825369,-0.16251146895305454,0.1582680791141789,-0.4049472321739224,-0.19010970409623926,0.13802621660310976,-0.5186506457157511,-0.2637265586654555,0.1097274336768096,-0.3728700265570478,-0.20953231714394785,0.10164438107452438,-0.30025407794570397,-0.15217165363488028
21,l,0.0,0.0,0.0,-0.23670155414033964,-0.15769252641333786,-0.08146359010442553,-0.41199274766698996,-0.32111306072491763,-0.15635398600072062,-0.6159823960314479,-0.43125980847363776,-0.23797899336548192,-0.800839159923471,-0.49581165740477406,-0.32623994739344286,-0.20531613102283425,-0.5038960109807972,-0.09539388931842001,-0.165712453322728,-0.7348317455609964,-0.2226774535444166,-0.12860287689387329,-0.8818416973930209,-0.31472957733297985,-0.09109875596380022,-0.9999984602562645,-0.3789290757229897,-0.008134463205626581,-0.47842820472629694,-0.11975752850797008,0.03984119367339145,-0.5766500078278761,-0.277011297390673,-0.017434847170378104,-0.3951673841050304,-0.29593314323073955,-0.061989558182237586,-0.2740223068653803,-0.269030008126087,0.18523510995070475,-0.41051368761078266,-0.1584851251449063,0.2111193951413597,-0.48864928430310306,-0.2976556388043885,0.12471359871926713,-0.31968704712642243,-0.2301898139583454,0.05662452388304632,-0.23629342680911886,-0.1483826544189404,0.33604398660505597,-0.32285937213901,-0.2043743147885472,0.37426643733532355,-0.41638275503411704,-0.27969119892773436,0.26832926557680675,-0.2953345013461733,-0.19465694712030984,0.20572572676810932,-0.22629967608309617,-0.11099395312793335
21,l,0.0,0.0,0.0,-0.2716881763115742,-0.09288161837977815,-0.13500902035599432,-0.5084987601799726,-0.276938652566897,-0.2196001087372259,-0.7000506713217279,-0.42914239153595385,-0.29900857499627875,-0.8445393737680366,-0.5377929333016638,-0.3722583443007623,-0.30080385886906663,-0.5148227699330539,-0.11068235369178824,-0.30310197032369673,-0.7329563247313069,-0.24659862419513892,-0.3004107070458875,-0.875772314306251,-0.3257522370098668,-0.29539434061407593,-0.9999984752674391,-0.3769514010675347,-0.11685470059829396,-0.491143415567639,-0.12073082035323568,-0.04835640191503219,-0.6120547322906057,-0.3037389839126874,-0.09705251754135506,-0.4188123864546657,-0.31949000371351366,-0.13652765067035985,-0.331269308157455,-0.2809019614180852,0.053794547729963095,-0.4355189760300682,-0.15360314310374137,0.1011154499054431,-0.5173048248204427,-0.3341516539774717,0.0290373430125131,-0.34074257670681773,-0.2680374175895177,-0.014830711909605011,-0.2869360326660225,-0.17403057706208902,0.19704703943313867,-0.3580696118432104,-0.1978051521447336,0.2301351367366224,-0.4355027083055307,-0.29875385787366776,0.15631574715018529,-0.30642749309618167,-0.23012359977125293,0.11531590109064982,-0.2606511159403338,-0.15269365006849753
21,l,0.0,0.0,0.0,-0.20843712542125034,-0.0707403985412205,-0.0733414605864184,-0.38290696587014467,-0.22919626541049784,-0.13525191765951736,-0.5115144057257927,-0.35650444603154335,-0.2089616864638596,-0.6272682508113324,-0.4685637389734181,-0.28065332444244306,-0.17045940695858866,-0.5000666113552862,-0.07656548037648926,-0.19540608433524004,-0.7306263884430985,-0.21962098816282152,-0.23995110195576078,-0.8775902889161603,-0.3008254118508105,-0.2811411490521872,-0.9999983586187896,-0.35247398093465626,-0.028879259506031235,-0.4883183200258309,-0.10913979342514855,-0.257769549256717,-0.5826403678402566,-0.3183626110212968,-0.32781158464728893,-0.39777755414641275,-0.3462994606034097,-0.2839686967842602,-0.2938101067115102,-0.3124941152668343,0.11146367989089602,-0.4517884461001984,-0.15860412187559256,-0.1326491312910567,-0.49830882888371364,-0.3553498097180857,-0.18906434133523764,-0.3156563285693434,-0.29357021777430925,-0.13751235881259075,-0.22660082871052847,-0.1980177858218463,0.2551258804223632,-0.3886100244253291,-0.21637439319017618,0.02984228793364435,-0.428916337505742,-0.33570749311639525,-0.04372913144466058,-0.3044747892773913,-0.2845968884320352,-0.00330370553744638,-0.23642100867193386,-0.211065385302876
21,l,0.0,0.0,0.0,-0.2901524430758192,-0.018376457311701733,-0.16123839098752638,-0.6081153551797458,-0.20188682642980435,-0.24589382578320498,-0.7969098384961328,-0.37265114505757535,-0.31780147419336374,-0.9493259173424962,-0.48301694810904117,-0.38724053191007124,-0.3728162151475331,-0.4675716667801756,-0.18050564569100802,-0.3572352138998359,-0.7077284571147794,-0.340194374386019,-0.3218868723986806,-0.8667563514408566,-0.4424752886878106,-0.28099715949460496,-0.9999983476034878,-0.5108639451459264,-0.14830119470352865,-0.44286453514137597,-0.18939517726134608,-0.05591601561559014,-0.5739145758224705,-0.460302464441222,-0.08770313735976855,-0.37902279143564127,-0.5277631925863682,-0.13500064265802858,-0.23956732464940253,-0.5011710018862637,0.059131533692524225,-0.3920432364788502,-0.21302916864571927,0.13741612234550737,-0.4728395792900364,-0.4742817145713874,0.0658153949782072,-0.2835400858983161,-0.432373363597271,-0.012645196211025696,-0.17541602527974343,-0.32811714830701244,0.22896413212280084,-0.32438991014700214,-0.24435951604043366,0.274051608931465,-0.3972190111192865,-0.4206299957148243,0.21633912646573775,-0.2481076335040677,-0.36650030242713644,0.1594651921777554,-0.16448436691184745,-0.27516614016345925
21,l,0.0,0.0,0.0,0.25920164636719933,-0.08734808718347106,-0.07129045774695876,0.45949237474417615,-0.17612625504239598,-0.10593918708062505,0.6236628887468423,-0.3054081868294195,-0.1389342793701698,0.7529306747862676,-0.3808541235938692,-0.16734285953146358,0.3044066951028296,-0.5046068362884565,-0.0120264326955782,0.34415366153442584,-0.7378103667886617,-0.0589434856236416,0.35155379176352447,-0.8699315133388034,-0.11267458618731284,0.350361468461163,-0.9999977180167026,-0.15981101402995745,0.17630783747550716,-0.5145444960097814,-0.009933672838715015,0.21419654233319718,-0.6461494587893936,-0.08921094793550913,0.20581613899890586,-0.4528323119447089,-0.12567865123940083,0.19716274993933056,-0.33646980025254075,-0.1410582837745562,0.05225534374528168,-0.48292738995982415,-0.016661761042197017,0.09551154371565576,-0.6135259644079085,-0.10231712760307143,0.0990200971704144,-0.4301661997211039,-0.07729854524989921,0.08645840126962821,-0.31343141003685693,-0.044331370409340265,-0.06840448284704712,-0.4266433645019433,-0.03059595787990383,-0.0241316932848581,-0.5626824750863676,-0.09530955037087238,0.007560222007204878,-0.4229521404796428,-0.06729787149367558,0.01706099575463234,-0.3191313302180981,-0.03380094733166777
21,l,0.0,0.0,0.0,-0.20057830585861802,-0.068820722663594,-0.08390729521359956,-0.3938933655257116,-0.22180540360791845,-0.161233498079436,-0.586108787370487,-0.3141912302371682,-0.24412347859079336,-0.7392546943635697,-0.3438358003475287,-0.33276266574619034,-0.20161797266878395,-0.5004018323283175,-0.1225109239117209,-0.14901593037211935,-0.7370809102075874,-0.22174878144341026,-0.10318446808586025,-0.8836970098863866,-0.27610927943848435,-0.06374192439820597,-0.9999982961107119,-0.3166837315481374,-0.0433910838764245,-0.5029557037205064,-0.1405379765773525,-0.1329576127963643,-0.5362010735528979,-0.2872170178899898,-0.1868817086928467,-0.3346136703585557,-0.2956438083549702,-0.1792986001765574,-0.2436204305517144,-0.2684448215898767,0.10227317275640643,-0.4579394104927407,-0.16951738132938712,-0.015418085127646612,-0.4281936361256321,-0.30146170745175244,-0.06255723031394443,-0.25439002592961946,-0.24904671276157636,-0.05168526274256009,-0.19178800778102786,-0.18390925630920513,0.23005834922945825,-0.3860744861293012,-0.20783840107597837,0.10829251554938521,-0.3713532022114375,-0.2817530544026076,0.04784427429277256,-0.23695730072057583,-0.23246759696343872,0.05539899686850882,-0.1831898606856428,-0.1771282283430415
21,l,0.0,0.0,0.0,0.242896988404186,-0.033935818521872906,-0.10044649502648755,0.5187187969457413,-0.1297553215885806,-0.1411904619909446,0.7177843268292955,-0.2596250986290568,-0.1738283352498481,0.8697072911549454,-0.3577599463015457,-0.20442246334584116,0.39844833919836964,-0.4444428571163838,-0.06247076137109553,0.41296032431634283,-0.688670427309717,-0.1425783829886225,0.3853413319132757,-0.8512639842295251,-0.21108936335574507,0.3641096969432019,-0.9999975061768328,-0.2623765354828351,0.2323405539750352,-0.475103911923047,-0.05953086346461764,0.2263453179473672,-0.6299939480347847,-0.18598612408185936,0.18214366292940304,-0.4391724065217585,-0.2383702662453882,0.17549677404315037,-0.293732005754997,-0.2521121110994621,0.08050097862148076,-0.46650288199998236,-0.06775831525199845,0.06461872391480707,-0.6063650287604135,-0.20472597467809997,0.03896390598102326,-0.4100257311227734,-0.19218150850690058,0.038087652878524,-0.2717816054113634,-0.1528179188853374,-0.06098483763884447,-0.44163334738095744,-0.08373451261529292,-0.07644212073906431,-0.5573649775651713,-0.18592991827958918,-0.08253293450123732,-0.40039742635808495,-0.1670809076541462,-0.06758386333612264,-0.2805283059095679,-0.13043376768183754
21,l,0.0,0.0,0.0,0.2112228469466347,0.04888641038898151,-0.17032592213450554,0.46281436349488897,-0.03093403709850678,-0.24694123750656688,0.6646046316241974,-0.1381950441858609,-0.2992419202625587,0.8233212100194259,-0.22151434035020096,-0.34231008084259806,0.4315675342535175,-0.3845741482321861,-0.18956814832774396,0.4646287158993337,-0.6607230075119107,-0.31728684764227627,0.4564867996108985,-0.8415939582925923,-0.3982348673614385,0.45093979430160214,-0.9999973496053819,-0.455087998843685,0.2614596347281451,-0.4557376782263206,-0.16383626517572314,0.2111896720223915,-0.5738574699218001,-0.3449950380446828,0.1310971901561088,-0.3705466844313439,-0.3949351077240035,0.11005307190199554,-0.22160675621059278,-0.39779111325572797,0.09829935421845187,-0.4757794398407994,-0.15524740564451475,0.03193623576231153,-0.532265593470584,-0.33099565444757506,-0.007740025777603042,-0.3364730356927906,-0.3106966489413603,0.007560407259200457,-0.20870708185819042,-0.26057905392338093,-0.045372869959964895,-0.4663384883044975,-0.16061395318881308,-0.09146152840443472,-0.5110252692359466,-0.29552569684399893,-0.11644129850460216,-0.3509859592183919,-0.28577687016253267,-0.0904354753903408,-0.24291106065627072,-0.24977520541004408
21,l,0.0,0.0,0.0,-0.1782797977122197,-0.041993559586031126,-0.06432844628016687,-0.3779736830786579,-0.19569913874685024,-0.1214823062636051,-0.5561280434572538,-0.27390844134966547,-0.18605243611900887,-0.7077826797176141,-0.2927395398282459,-0.25620561471087167,-0.21312752886772468,-0.45331022576622415,-0.08228507056115936,-0.20490220944173976,-0.7044475164947975,-0.17791743257313214,-0.1953348255343684,-0.868806069942545,-0.23114092068656686,-0.17564786347894198,-0.9999983224477953,-0.26818305525621483,-0.0750806185302045,-0.45130782796379193,-0.11276636137986105,-0.16211228027129482,-0.5926076598287078,-0.26887491039425926,-0.2156339257774753,-0.41225537139187945,-0.28763521602134057,-0.20373892690735965,-0.2906274531019513,-0.2567144383310218,0.06322021616661243,-0.4147172227997334,-0.15365774476113414,-0.038969264972410655,-0.4628712603147393,-0.293211827907778,-0.08124619594424488,-0.291510063977916,-0.24687168223010714,-0.0638778497602705,-0.20873712220098678,-0.17550033914571936,0.20123377987139962,-0.35681586954646244,-0.20066203587491205,0.09581102522096901,-0.40606029695638113,-0.27261335789434843,0.04428022868339562,-0.2817722472804595,-0.21995400031629755,0.05342390537575618,-0.22104257962393298,-0.16003203859946552
21,l,0.0,0.0,0.0,-0.2554578964283454,-0.1066904196192385,-0.05374697196163944,-0.47362532828516674,-0.292194662864433,-0.09484735642732967,-0.6394908834834493,-0.41260113737914567,-0.15095930074805405,-0.7775761419700107,-0.4731037753773337,-0.21057743348246763,-0.21030230852306725,-0.5298058199167334,-0.03675667329245487,-0.19119476693847812,-0.7529253445736193,-0.1269552385054629,-0.173512391067081,-0.8872776646207329,-0.18434263111880736,-0.13982100984297613,-0.9999984743778588,-0.22921454989393375,-0.06505512060673092,-0.5055063012027512,-0.07564710177734213,-0.11799244521574256,-0.6640823463366691,-0.2330110058481791,-0.22976290200629848,-0.5049960695985579,-0.25866492076083475,-0.2583682444041444,-0.37798340980823675,-0.23500807926350498,0.083288875792337,-0.45245194432238034,-0.12822308811185495,0.019238577717478583,-0.5847497432949363,-0.2660003071118356,-0.09068064132612165,-0.4349835820101472,-0.223123211131432,-0.1111431929150033,-0.32668735595739407,-0.15507008201308978,0.23562660981831068,-0.3751897303671338,-0.1884973449526857,0.17825951825747666,-0.5040928659969449,-0.2652362555174079,0.06706740276128356,-0.42183013679835585,-0.2238023074814794,0.03552888791202772,-0.3468630102532388,-0.172747456505369
21,l,0.0,0.0,0.0,0.24015873683271577,-0.018037602401772077,-0.11015591578690759,0.5034337096409481,-0.12036200297291577,-0.15551397150628196,0.7100132504531341,-0.2444116190525675,-0.19187902509192206,0.8540915498817983,-0.3472891479993438,-0.22489625899126242,0.41144968390724496,-0.44225182213227676,-0.08063783609310098,0.43621995946106606,-0.7065047585255343,-0.171019460021405,0.42034141507589107,-0.8665156920429364,-0.24373249994325688,0.40320467351587413,-0.9999984799419764,-0.2955530860803649,0.2503838199653254,-0.4730250581538971,-0.07312596995636932,0.24108963240936396,-0.6188807977911052,-0.21611010240733472,0.18379065173612238,-0.41805913763409164,-0.2733502140941607,0.15855295778919912,-0.2654234303301613,-0.28730676195247534,0.1011018101860845,-0.46613546143975215,-0.07825902733046403,0.08974704955116933,-0.5987918637672696,-0.22650277754859735,0.059352894467083264,-0.3955700522918476,-0.2196432608706047,0.04789783684415413,-0.2468451120977954,-0.1817088584108571,-0.03928434600991715,-0.44123462765672766,-0.09157967008715306,-0.046397821547352565,-0.5437686824557524,-0.20642353799424454,-0.057519008889494454,-0.38652112575354997,-0.19862037343512046,-0.0449808434587848,-0.2602405132575874,-0.16736787274110002
21,l,0.0,0.0,0.0,0.2318039838320678,-0.07377105968515815,-0.06870230576958819,0.44376281599071915,-0.16203078101992244,-0.10362957801397941,0.6094835561675009,-0.27393204963417905,-0.1363665065764934,0.7293790241880586,-0.35491060923869494,-0.16436580978962442,0.3320249338160373,-0.479722381175251,-0.04774723772425364,0.3572987229844302,-0.7223755815465942,-0.11946112097706889,0.3422184953381112,-0.863921618693692,-0.18435508063379794,0.3220830771896209,-0.9999981852568102,-0.23422296381025376,0.19225500083167946,-0.49607151734368343,-0.05453585369862225,0.2142992442030609,-0.6348184597604948,-0.1555817875706982,0.18302796663884816,-0.44027112717066264,-0.1960339525288124,0.1734016335107699,-0.31332835474018816,-0.20885951761762878,0.05326224862742433,-0.47344122449887166,-0.06940714978605923,0.0796486989084862,-0.6049361021415721,-0.17820514419873554,0.06447525824376032,-0.41812737004594863,-0.1579404663380361,0.057016891723949845,-0.2938656279308014,-0.1216505587592894,-0.07723448984428191,-0.4237429744133548,-0.09002095055773698,-0.06123843820771453,-0.5404949976669582,-0.16943235783973046,-0.046985094134602966,-0.3998883379011829,-0.14442533583889894,-0.031290152727208996,-0.2948176067819752,-0.10873570171028168
21,l,0.0,0.0,0.0,-0.18053172757101588,-0.05647164015709125,-0.07005142692383995,-0.37176978246060816,-0.1967224351236634,-0.1399090987110397,-0.5479657208957442,-0.2724174722692514,-0.21871719001936987,-0.6949568330584035,-0.3003012596407353,-0.303169522989704,-0.1945386749720765,-0.47572108651594647,-0.09549965431087076,-0.1926007590315308,-0.726575253438886,-0.19026494216146903,-0.19451909616672483,-0.882270567178281,-0.24296894021531726,-0.1931224425692012,-0.99999838188253,-0.27960452591447804,-0.06558369332560444,-0.4705458199328707,-0.1218975622606884,-0.16432047673984668,-0.5995775254200189,-0.27729895280151606,-0.22297356231291676,-0.43199775627302384,-0.3011779823409045,-0.22141338228941418,-0.3042067972954636,-0.2755977185768963,0.062390612001578846,-0.42992944355988977,-0.1582148356459947,-0.06117103567807314,-0.46075834620338396,-0.29068497237570995,-0.10044515474032026,-0.28901740578794355,-0.25502143096096613,-0.08826482307598363,-0.19287765927864703,-0.19439716717889885,0.1877186922921448,-0.36194131862139506,-0.20231036814114742,0.06760841185145304,-0.385932106489361,-0.2738806428804587,0.026314493076524482,-0.26697147806734756,-0.23471560573374223,0.04373528971023106,-0.20201835730031018,-0.18478320217270092
21,l,0.0,0.0,0.0,0.23581908879687194,-0.0479948663260247,-0.08810676972745377,0.47667697366827116,-0.16508677436888297,-0.11789631550503038,0.6380726566979886,-0.3140656739345136,-0.13949409911008903,0.7570013384429982,-0.4138933330327319,-0.15757730338367051,0.3633305685886455,-0.4770022992430085,-0.04792097657631947,0.3816952544910528,-0.7243249969813653,-0.10994811844994108,0.35502936340942487,-0.8687748916231903,-0.165413848548954,0.3253684175348163,-0.9999978671131545,-0.2083540593375954,0.21374335215114368,-0.4949029607812926,-0.04123303473344912,0.22502766190684423,-0.6342240513349467,-0.12788118223748704,0.19148670956838873,-0.43781868350685166,-0.16228982040873963,0.17882736213533013,-0.31103451423210526,-0.17522378445263434,0.0696478958455311,-0.47693784435188236,-0.04604004904897231,0.07759949362712461,-0.598301827663781,-0.1512449122641869,0.06744397081088988,-0.4028269240332251,-0.13623607598911142,0.06338649091901116,-0.28245391878114584,-0.10726492140126646,-0.06532674841086017,-0.43691733207078765,-0.05761688484901466,-0.04920183819259621,-0.5500956713396268,-0.14353481373812702,-0.04451099682617997,-0.39630185156391295,-0.12678324020523915,-0.036253651484116224,-0.2886010338711324,-0.09943694956284752
21,l,0.0,0.0,0.0,-0.29955274875519905,-0.07144063605328636,-0.16218259066441845,-0.5586644144208807,-0.25070191779599216,-0.2648247508300711,-0.7362056590243037,-0.39583954451100944,-0.3572444633663749,-0.8897490971578403,-0.4971901526475092,-0.4453823971535127,-0.3432811046101831,-0.48746975856021735,-0.18227474149388245,-0.32062836430288566,-0.726482816656406,-0.3323623955483001,-0.2940842019865305,-0.87533933360603,-0.4260065604232339,-0.2530079100935804,-0.999998389202645,-0.48910705658483705,-0.13787986687857845,-0.4548520361325651,-0.18938948093826966,-0.02007177249383391,-0.5603957808586526,-0.4315551803693606,-0.05539719726042295,-0.3810081486344902,-0.48551139647405234,-0.10402350648643348,-0.2543821155959278,-0.4612730824387792,0.05826418185523859,-0.3974319830257816,-0.21281362165838136,0.15659404377378228,-0.4806055478297746,-0.4436976920637558,0.08069254444584588,-0.30696686251189026,-0.3943700224524558,-0.0009295785421454431,-0.19985016950487222,-0.29749554334026534,0.22714955437984297,-0.3245322677424824,-0.24692597139033165,0.28706579758342865,-0.40924968949314955,-0.3986875653006663,0.211145096054663,-0.27677332192793047,-0.3396045535965651,0.14418769383999278,-0.1876941202588924,-0.25354043349623856
21,l,0.0,0.0,0.0,-0.2562871224190427,-0.07718828851695028,-0.10250378748134276,-0.5004736130058934,-0.2524253139631562,-0.1747411588768593,-0.7019444942870187,-0.3676524531043904,-0.24695359829287614,-0.8697866736133565,-0.41375017818041115,-0.32021915425616393,-0.33052753394762485,-0.5076516430719374,-0.11276989462824323,-0.39019749598741055,-0.7415819316361719,-0.21944689315359808,-0.4306545969545935,-0.8781759988780783,-0.2838979618507942,-0.456859519093135,-0.9999984341068586,-0.3333681892431523,-0.1509577341361066,-0.5056210109259955,-0.1308723901019115,-0.15564993967803387,-0.6120035390898286,-0.2975290228859851,-0.16117786237275522,-0.4123067600691804,-0.32447548766233636,-0.16126821017305729,-0.29929799542957786,-0.3034789575425513,0.029095538408433035,-0.46436151322410507,-0.16202668934256342,0.020914395755874157,-0.5534366975580699,-0.32082442851748505,-0.01990470308679594,-0.36808776523311854,-0.2706288286902121,-0.044433384192770375,-0.27420109386054664,-0.1964528179696965,0.1998309473707869,-0.39395346311525725,-0.20145020400753041,0.18745021869075768,-0.49580553443336506,-0.2966881490018205,0.11488478817893256,-0.3626916308586725,-0.2413228443078833,0.07152017739655363,-0.2832572474922706,-0.1772174049474574
21,l,0.0,0.0,0.0,0.21572209401098164,0.03354177541979753,-0.22370314028700444,0.48489759979050745,-0.006251114204548952,-0.32342753531324675,0.6881251017797596,-0.07400276770072002,-0.38734572235045517,0.8115668161617962,-0.16258437374577578,-0.437136511517865,0.39939248299697566,-0.3701443069941717,-0.2511885293801485,0.40377235734360006,-0.6625279313207104,-0.39105156365456845,0.38282460945764885,-0.8294081791520576,-0.48219290299316186,0.37169530601160233,-0.9999972740995673,-0.5461824171379182,0.2395950656880307,-0.44299706725246835,-0.19311540789680431,0.18879456738655195,-0.5620030154313965,-0.3565707563029419,0.14585451130844157,-0.3323069824414568,-0.4031121001687486,0.1487706364252281,-0.21418961729482772,-0.4165606313253083,0.1004051708363234,-0.4640343395945901,-0.155091519901625,0.04814417283154657,-0.5610435927205305,-0.31730034992710815,0.0242556034271066,-0.34678297327080887,-0.2890021323891232,0.033552011428397796,-0.2296666247747549,-0.24433300323920298,-0.015068217041224576,-0.46295549678338765,-0.13620284466236732,-0.05117321899558998,-0.5339495278609377,-0.2677870093975718,-0.07330801892651792,-0.3688375098962046,-0.2562310431168539,-0.05886647307848733,-0.2731834718136739,-0.224293904211934
21,l,0.0,0.0,0.0,-0.2203634180733623,-0.13546191132359955,-0.06447084176139477,-0.41230803481391864,-0.2998859194105796,-0.14353779685865597,-0.629654497317048,-0.3963029301992929,-0.24017994323979427,-0.81585679950452,-0.4362177801339541,-0.34209786138265924,-0.09359381069467267,-0.5340204973807035,-0.06655402446444948,-0.08602094628368878,-0.7525864962317995,-0.1697358234886845,-0.10282931608253845,-0.8880391262780408,-0.23262566488043154,-0.12302546960166555,-0.9999984231494178,-0.28243327562134946,0.04890401377360627,-0.5146216878258149,-0.10770316092900557,-0.19232319886915336,-0.6057574403255529,-0.2778399127144997,-0.28656420830700347,-0.4457726554505618,-0.308154279840522,-0.25781442957453166,-0.34707870060837537,-0.2915499101683158,0.17168859310824253,-0.46051179383352503,-0.16164649711229837,-0.09802795857524554,-0.49604522294177,-0.3064286436621277,-0.15619943352711554,-0.3428597843748946,-0.26327145584730915,-0.10654521058010784,-0.2655881455269286,-0.20131817758017395,0.2757950129552734,-0.38143258510046046,-0.22567781813458415,0.038070718865842686,-0.41304156118498,-0.30293047148354907,-0.027915168677372225,-0.3097930603225154,-0.25827016317788665,0.01734315934992134,-0.24966560903543403,-0.20514568237508915
21,l,0.0,0.0,0.0,0.22619818638180827,-0.06790112334495069,-0.0860104073495921,0.4446620162982817,-0.17381124406450316,-0.12748366566673608,0.6140422194351838,-0.2936020752816247,-0.16400158634957926,0.7485521229071922,-0.3652550161362743,-0.19724334119490217,0.3102932970966268,-0.4801821599953392,-0.06815617136368836,0.3269480278491841,-0.7253204902194977,-0.1417437287387861,0.31797728890069593,-0.8698437510791118,-0.20450233745021837,0.3053018327275813,-0.9999980440305536,-0.253789506829297,0.16526679767138042,-0.4874642837730595,-0.07066367133292521,0.1817450772322119,-0.6090048206297063,-0.1839936462739543,0.15878736068258142,-0.4165567865390871,-0.22833639327662797,0.1486069954772373,-0.2865140653025324,-0.24228231843251988,0.0287317568185502,-0.45683161074632306,-0.08255301762747431,0.03922567701573222,-0.5643278685411515,-0.2004019166239292,0.03973515287159079,-0.3770731072192325,-0.18358772692358,0.03821523599909007,-0.25391891925939614,-0.14890061122631051,-0.09855676358990319,-0.41039749158694433,-0.1016442481670676,-0.0921948441440574,-0.5070280400531644,-0.18830154443891214,-0.07482230038360049,-0.36727962888520793,-0.16797307888934723,-0.0555875465898189,-0.2659805561233356,-0.13587841709443035
21,l,0.0,0.0,0.0,0.19409835442767936,-0.060726894193562204,-0.03883277407818589,0.3483948085073851,-0.1775698415586432,-0.05944717044585002,0.4886455461665736,-0.2531666805479288,-0.09249627240684165,0.6094629434462207,-0.27676199699213744,-0.12611308625899392,0.20131192774372317,-0.5037258064786277,0.0350131459450934,0.20926564989608495,-0.743660304312793,-0.010795851233071623,0.22103538531110242,-0.8784275548939198,-0.05598562710783855,0.22494737836190615,-0.9999973901561794,-0.09022508455729372,0.13252537584556454,-0.5321348126381455,0.014208604448860495,0.21472856432101436,-0.6948733268766046,-0.06890126221904783,0.23296596853964507,-0.5105798833758547,-0.11984828559349821,0.2108638611496223,-0.3730938925152957,-0.13633025720991437,0.05682610137735599,-0.5447260541491267,-0.01717308810779659,0.13703969262361146,-0.7014939877736434,-0.10514858047468642,0.1457537862580922,-0.5165299302263683,-0.1132473514985413,0.11345495417874493,-0.3809454125269553,-0.09264502552258966,-0.029189522508030894,-0.5507684251556627,-0.05323804039086234,0.04264271540657779,-0.7070618655082209,-0.11388366482661162,0.08400502621632222,-0.5949356947174179,-0.11076385503536008,0.07784100821735225,-0.4843595897272645,-0.09283618785996466
21,l,0.0,0.0,0.0,-0.22515427717281544,-0.08295457087926424,-0.07286904991438817,-0.4230640751680484,-0.27649057509335745,-0.12355119549814478,-0.5709857980752328,-0.4057544162349408,-0.17706424291309764,-0.7136875787814858,-0.46087152501600925,-0.23468193107698743,-0.2675381140096252,-0.5167668795409488,-0.0924779048557331,-0.30420054231646665,-0.7407022023337135,-0.17774254757295063,-0.3235966376513289,-0.8778823046571181,-0.2321619563589358,-0.3336395954408891,-0.9999982996748344,-0.27505582336973056,-0.10439737448310378,-0.5351098753153781,-0.10866530737992829,-0.17835777987394724,-0.5715176179138789,-0.2548463654593458,-0.1823239042313702,-0.3542347810894134,-0.2831699651108576,-0.16911242515825933,-0.20942877753420566,-0.2671700930552541,0.05408539349618661,-0.5054801879619907,-0.13297760712507448,-0.037637135748133335,-0.4878914693003053,-0.2629875415867442,-0.05391132954709186,-0.2870253205469539,-0.23090160161602907,-0.04933164877172443,-0.1628379138613714,-0.17569481316278873,0.2001318877279124,-0.4442929346690996,-0.16469198263967977,0.1035955654972155,-0.44303009691789424,-0.2479126914696414,0.06263768485473656,-0.3021469424326198,-0.2199274650408604,0.06560189002686072,-0.2118181409483878,-0.17746285442388848
21,l,0.0,0.0,0.0,0.21398969774555043,-0.07260100487303649,-0.0950776271285518,0.44906914207030624,-0.19561407148736926,-0.13544555859626134,0.6081862820128802,-0.339798566931798,-0.16738274265604464,0.7291719813351857,-0.44879154914573516,-0.196812316175793,0.3489209420940256,-0.4670159077093897,-0.06987580853900126,0.3111569563950768,-0.7152590976886035,-0.16261213629981605,0.2493132389866494,-0.8705873447875038,-0.23867470017260098,0.1985132153555448,-0.9999980671357311,-0.2879991005311373,0.18679192756043206,-0.4764007835890422,-0.0670801283752551,0.12089272671797731,-0.614305711179919,-0.19820239773991796,0.08013198743707713,-0.4391950943468153,-0.25689999479872166,0.07519493477340962,-0.2944412425076033,-0.2727525726866573,0.04515242755083938,-0.4498453538691432,-0.07556099832800234,-0.03066010683676174,-0.5596373590041689,-0.2116598221924034,-0.04102727226740992,-0.37834654094853315,-0.2111058460239867,-0.024985638563238103,-0.24419928491784434,-0.1782253558146817,-0.07929123053096025,-0.409177385579117,-0.09107899868862107,-0.13249984369414422,-0.5162249131672938,-0.1925629526035886,-0.1371830362169973,-0.3758291953588505,-0.18077925104342651,-0.10878946783283949,-0.26354974102921425,-0.14651140105162888
21,l,0.0,0.0,0.0,0.23419614467492272,0.02319587169488388,-0.13516101735017236,0.4806749842462268,-0.089912235803275,-0.19350512788566618,0.6730284981016033,-0.21708677348777597,-0.23849904742652836,0.8226719081017889,-0.3126326541650732,-0.28147783762019296,0.33649924118152325,-0.41330318555589834,-0.09212201376582743,0.35792000028952264,-0.6800993693031454,-0.1824741802438813,0.3522181742105851,-0.8583064110026952,-0.24779710462033178,0.3367552299530199,-0.9999987791987172,-0.2961739070446704,0.18566218712004412,-0.43512531875814875,-0.07631427962902965,0.2000379795184436,-0.5908327811319026,-0.24021480161649747,0.16417855868328604,-0.38223700529788973,-0.29638741899827015,0.141091180239767,-0.22072817374133044,-0.29434623962827666,0.037575084068343145,-0.41995387280036056,-0.0754920894280533,0.0553946094383839,-0.5460210662197577,-0.24461130689535412,0.02888332660202766,-0.3326252462411897,-0.23841813227192227,0.0217436556894423,-0.18721663855014536,-0.1867759085543257,-0.10540657834250614,-0.3822498847784341,-0.0831997263317184,-0.08119450107959048,-0.4864960000942694,-0.21094690973381047,-0.07634821450630136,-0.32192843743928895,-0.20089996895869658,-0.059399000023550294,-0.19964919384302962,-0.16039986026368475
21,l,0.0,0.0,0.0,0.24683491667877686,-0.07071100444662884,-0.06157041957156053,0.45110337470142975,-0.1718220432110295,-0.0919843612634265,0.6059253054773889,-0.2988610608069316,-0.12309810076002926,0.7251068543161053,-0.3763332431713255,-0.14979862366075986,0.30945819367866145,-0.48470277283285745,-0.037627406651495,0.31276925258107335,-0.7314790891112377,-0.12404038157040738,0.29110760094644994,-0.8704318951797818,-0.20529013653637096,0.2581372167872799,-0.9999981708807903,-0.26504928489686885,0.1696025326040061,-0.48944231870493854,-0.04802090313184653,0.19810456809293076,-0.6337918945780123,-0.1559707721585379,0.1953858365865282,-0.4390534970198665,-0.20909702296613902,0.18803129554474676,-0.3100058757463686,-0.2353094999275661,0.03862960198947615,-0.46028592116358463,-0.0677186509291767,0.06924266920468997,-0.6051045727998335,-0.1816832241685804,0.07025212242752275,-0.41257113114461264,-0.16467796034947513,0.06292876224995238,-0.2843642484528055,-0.13327029896088288,-0.08796067281938845,-0.40982432595802004,-0.09359167485030609,-0.07050015202920162,-0.5212444561842009,-0.17779865813828655,-0.0475381711377765,-0.37647764546030293,-0.1571092144022438,-0.03427343901599015,-0.27093598032991223,-0.12678018196495255
21,l,0.0,0.0,0.0,0.2506668901610211,-0.09239416243992765,-0.07607365505183421,0.43867616145691357,-0.1814430047158012,-0.119368526348641,0.6034284623083935,-0.30419977895424155,-0.16093935141614218,0.7370325602869296,-0.3726876042209797,-0.19858509027924057,0.2864938930680627,-0.48503955373400837,-0.038075990112485476,0.32063627024109415,-0.7290220740287778,-0.10358505476605069,0.3173935785536646,-0.8672919709003145,-0.16593846274948074,0.3051368390751708,-0.9999980697083855,-0.21530127868119894,0.1561117769946777,-0.4976980629887051,-0.042192415289720786,0.1935100771049277,-0.6593519503026292,-0.13391584684700006,0.1778858119736034,-0.47211526894007083,-0.16968129567893614,0.16970970498439655,-0.3506125870729398,-0.1811984082942224,0.02665216666745398,-0.47299290349129536,-0.05626268451511522,0.08316398505991802,-0.6346039905885105,-0.15253861519817985,0.073883816566575,-0.4493585547920302,-0.1226674580385706,0.052567985520561196,-0.327884981674435,-0.08231865394343356,-0.1038661737515852,-0.4256099571271953,-0.07810388965941016,-0.04959032151912349,-0.560450429107758,-0.14932304757281784,-0.018018143381200242,-0.4257494029945372,-0.11790037536661416,-0.014477000720268274,-0.3226796929530794,-0.0792122872742109
21,l,0.0,0.0,0.0,-0.251868550066749,-0.09757861768298207,-0.09161829752712874,-0.47523969391773474,-0.2973239619528469,-0.15701649027646356,-0.6552808934288804,-0.43465115254151665,-0.22654831531106148,-0.8207713303195047,-0.4980780529575109,-0.30078202388306274,-0.2628433471328977,-0.5152078029500464,-0.11092613867439592,-0.22994670292801064,-0.752308924648294,-0.21421492019305083,-0.2104009552307977,-0.882763424130638,-0.27253606283651616,-0.18712400233421422,-0.9999983947679162,-0.3180992096010532,-0.07499926247618525,-0.4954562969437008,-0.13273110160276733,-0.0923720378605817,-0.5879532919545858,-0.31514759924140034,-0.1336573636526373,-0.3749456023582151,-0.34172197136477583,-0.14901733385255397,-0.24259062517566093,-0.3155661961269876,0.1040469202780085,-0.44289239234567035,-0.16648108545870155,0.05900254661373529,-0.4973700740649617,-0.33864195940044683,0.003134262120701089,-0.3010763122748951,-0.2908223362243742,-0.02068174788523064,-0.19571140980283758,-0.21335741849296982,0.27052266247783907,-0.36850275045383235,-0.20696570716809484,0.21838395663627713,-0.45019186091671887,-0.3086126081825443,0.1480740317508386,-0.3137010029856304,-0.258128029794069,0.12640563904636778,-0.23229448130024835,-0.19593564335313765
21,l,0.0,0.0,0.0,0.2561370161143976,0.02099999697832008,-0.1496674896045733,0.5402456929702143,-0.04957090610454092,-0.22118147330222723,0.7621275932506333,-0.167603790540974,-0.2724023713949139,0.9364097906258239,-0.24794421642251874,-0.31433141843525697,0.48456518890576333,-0.38985894670217275,-0.15569197303334908,0.49068509058555493,-0.6645053257591544,-0.2806617280379291,0.45091773857986994,-0.8398646246690058,-0.3705199611951356,0.42155714365455765,-0.9999975652431824,-0.42883397270691964,0.3069527857280089,-0.4586491928421224,-0.13167861870899902,0.22675632167917548,-0.5640138713684039,-0.27685767810327694,0.1515747216335405,-0.3624494554662632,-0.3271998212690228,0.13757769866570607,-0.22925370392581979,-0.34453176653091616,0.13751203059181305,-0.47828213290094573,-0.12314140629586799,0.04820751353612883,-0.5300501984281173,-0.272742267168542,0.01160703160446269,-0.33226579649435584,-0.2553228672701187,0.022254873961641553,-0.20923038349401915,-0.2173489248747337,-0.005067071935978573,-0.4677505701994725,-0.1269884035136532,-0.058906221440046924,-0.5161869061345202,-0.2392779799758248,-0.09122365744503184,-0.3523975236691357,-0.22071932969711713,-0.07953546590614999,-0.2436886349886204,-0.18484386321000415
21,l,0.0,0.0,0.0,0.23607964107926904,-0.01359627936220393,-0.1318795652191036,0.47916858135379753,-0.11408659651205644,-0.18970406214082505,0.6724271805383908,-0.22429042992132658,-0.2324255746303291,0.8258806261567548,-0.30394672865868727,-0.2698537659599028,0.3898563674932558,-0.4260595300068198,-0.08551050542945716,0.39496241798235165,-0.688678247152494,-0.18019547643548345,0.37216906789694176,-0.8639877964612235,-0.2553086753233635,0.35496276011422556,-0.9999985017260395,-0.3079103678250009,0.23857318980174935,-0.4489709847475366,-0.06899021490000751,0.21872607085677884,-0.5854850971518347,-0.21220775441943868,0.1638361174030859,-0.39095534359019884,-0.2741756372593955,0.12942001897825314,-0.2464744582198486,-0.2886075126394014,0.08974797315397849,-0.42967384502351713,-0.06771373576676624,0.06922660835073399,-0.5313879853842023,-0.22045900555523007,0.039974965288018416,-0.3340514043622284,-0.2253422646728121,0.033015319165235854,-0.20412601355457496,-0.1924330834151999,-0.03950303783927022,-0.3943646164227111,-0.07500477819409483,-0.04366929676683673,-0.4841229935028471,-0.18980986515812176,-0.06085426087271485,-0.3353175577103885,-0.18177884906434838,-0.05213648518545017,-0.2300446494752373,-0.14943102213579287
21,l,0.0,0.0,0.0,0.21981019036147498,-0.06791056499650594,-0.10032749885646601,0.4523465693499259,-0.17948282997548226,-0.1357119820052256,0.6227031391549692,-0.31246075428775777,-0.16100991823799873,0.7349556709586677,-0.42817186660843665,-0.17967768996317238,0.3563239157013203,-0.47425530884132244,-0.05063413513531229,0.341199877308641,-0.7138890459834327,-0.12796376867552475,0.29010168924450813,-0.8643815473537692,-0.1950773998444596,0.2561174012698147,-0.9999983966024928,-0.2421835598854456,0.21130245883526214,-0.48316013346344994,-0.039581689726431564,0.1787892789292603,-0.6354728121041212,-0.1381443086263685,0.15334569410968238,-0.47223744515247984,-0.18668790027884444,0.16722455176910747,-0.3496307706040198,-0.20665400156951433,0.07745828859726578,-0.4603828543678002,-0.04225807807890826,0.02992247000370262,-0.5904555481090268,-0.15386611309405915,0.0229898266396483,-0.41870920025325176,-0.1539695914453471,0.04981028756821341,-0.29643128629442983,-0.13152587532876261,-0.03919844048334738,-0.41864841777214423,-0.05319788236861393,-0.07879430855739533,-0.5393255352552575,-0.13814423694891437,-0.0801994733682816,-0.41326869034443564,-0.12933841083719136,-0.04883599982662461,-0.3053937395896828,-0.10465391414940063
21,l,0.0,0.0,0.0,0.23366080325555544,-0.10542551365847577,-0.2140826701148796,0.4394030622999437,-0.28340421578707314,-0.2846886975595004,0.6276025501832143,-0.4609928322584282,-0.3169407847477229,0.7953791675631959,-0.5828341467979219,-0.315665289489012,0.24361092985499083,-0.5385287918753587,-0.097476662508628,0.1955037109441931,-0.7550122878391409,-0.17311715963417817,0.1701134488859493,-0.8716524482479608,-0.19452609303022617,0.14201475405658318,-0.9999987886068801,-0.20303579088412868,0.07245618151398923,-0.5055372567989699,-0.02521017842227656,0.021918120634340035,-0.6200579217181663,-0.06841687857210205,0.07437931644000878,-0.4245994830936569,-0.0061709251381549595,0.14704250870444943,-0.42083401025234507,0.05192608103610725,-0.08071007632074778,-0.45323483903314865,0.008848395941042133,-0.13084003648133477,-0.5615672760637201,-0.08180969612113347,-0.05787914441776222,-0.37955143107338074,-0.01278249118477867,0.01814593275996508,-0.3794007399550717,0.05294226680903841,-0.20920403910007096,-0.3911241046134401,0.02262511323900184,-0.26918849079243623,-0.48015461233199663,-0.02445101189367385,-0.19341753790358712,-0.3621635389006546,0.0246310691625288,-0.14265499274659107,-0.3263282234243604,0.06974829324382081
21,l,0.0,0.0,0.0,-0.25332372322615826,0.0004725026057448375,-0.11161822822532069,-0.546124696245968,-0.14084957354493613,-0.17573222651874926,-0.8126786127545009,-0.22656024675464273,-0.23150707120331382,-0.9999979813398836,-0.2701522518605586,-0.28729354195466733,-0.43963485764173227,-0.35673597801329665,-0.1282631913420512,-0.4916568290230988,-0.5743636755069537,-0.21743646218998014,-0.523868704525258,-0.6962343342270458,-0.2564473758557439,-0.5446532843881494,-0.7840435350524376,-0.2823711284450355,-0.24790636714745806,-0.3768620983625801,-0.13758561240549802,-0.2330129695057224,-0.5485240276595554,-0.31185110385464654,-0.21093216591691064,-0.37161710286007793,-0.34453229344229286,-0.19699857303352142,-0.22336161948926947,-0.3118561874388311,-0.04430960264619146,-0.36291833831082176,-0.15559548779539986,-0.00599646355042156,-0.47033760048981593,-0.3397092655074879,-0.009006426673750527,-0.2661847700877472,-0.31033360885498934,-0.023700210915198274,-0.1323570400795218,-0.2329803630848693,0.14101248888188,-0.3269166357588923,-0.1760749022053195,0.16265087024473715,-0.37758956226742685,-0.3057338074186077,0.15366658273051223,-0.21591311584561423,-0.27272895294441857,0.13929453823130072,-0.11202258301981126,-0.21094634952682123
21,l,0.0,0.0,0.0,0.19968562342625942,0.07390878292460383,-0.19810665110660544,0.43458812215452686,-0.018662169411812608,-0.30027390194479303,0.6326144801113517,-0.11133237904882695,-0.3764574311691769,0.8017573058607412,-0.17436204842807024,-0.44997816938842605,0.32165393563398204,-0.3655559958715832,-0.23518271832877824,0.34402007090754605,-0.6625324701942853,-0.3812944704572364,0.34127843024508286,-0.8535371014502355,-0.4698712576776103,0.3280146172695385,-0.9999985644300243,-0.5320428648065124,0.1500358809509323,-0.4085652110203147,-0.20488012759768728,0.1387448923914097,-0.5151696910284206,-0.42336472009897563,0.07667331266285148,-0.2934532679846689,-0.48016975879779233,0.04823207440954609,-0.11985404613834891,-0.47431546052856205,-0.00051864078728364,-0.3903019532769395,-0.19391929791261037,-0.014819927862331736,-0.45059665619151845,-0.4105718659014406,-0.0626447906395111,-0.2357136704607399,-0.4028748472899465,-0.06365973932144385,-0.08402344412208365,-0.3453445029803383,-0.12307687079211581,-0.33698649322724655,-0.19602596994282198,-0.13958100679898933,-0.381502280179105,-0.36457975495314615,-0.16991279714545016,-0.21545902034080014,-0.3632181330355475,-0.1594328947517616,-0.0984393691009904,-0.32341428694633984
21,l,0.0,0.0,0.0,0.16745041347663175,-0.06473569995698676,-0.05367062527363594,0.3246043728458868,-0.26220948222161755,-0.08028275874774607,0.4484469560133069,-0.4129786458181933,-0.10830921945951831,0.5729636075333703,-0.4322275834739841,-0.13680565148697887,0.22849208328484674,-0.4957968330729871,-0.05264558115967483,0.24901875683431848,-0.7284958061803168,-0.10625103725664096,0.24984492483410115,-0.87256241708122,-0.14201706803543696,0.25120774897049475,-0.9999976306326522,-0.17240749902898045,0.12126310307920984,-0.49819731009457785,-0.0644515130499878,0.14210372046859898,-0.6467121648541398,-0.15751702124794048,0.14030676976274695,-0.46331748572084785,-0.18684007143082462,0.13860613471088665,-0.3224073308676614,-0.19064305689785835,0.015115484988844009,-0.4655401600908614,-0.08208484652385317,0.03385551727929859,-0.5907660450630459,-0.1820472554955043,0.04877738238306533,-0.39588064008046914,-0.17228816365123406,0.051917809359333184,-0.2594581309443927,-0.14325801473870023,-0.0888023268539033,-0.416193357301792,-0.10326881792169901,-0.06825644666375284,-0.5304629835691664,-0.17728079573163003,-0.042957205356220406,-0.3917540368405291,-0.16933110007269575,-0.032499330731963066,-0.27841790980025954,-0.1491211419096364
21,l,0.0,0.0,0.0,0.26357679129412964,-0.05544417612766524,-0.06988059159787154,0.4715209518320448,-0.14680641326747856,-0.10363425828589257,0.636299727836667,-0.260927090877686,-0.14140640916436817,0.7595142751746172,-0.34629381726480357,-0.17595063851066914,0.30855445755610245,-0.47764495437693316,-0.028117112093795093,0.3461702848049412,-0.7277124599965701,-0.10718256395781067,0.3600768967280737,-0.8663174257280959,-0.1834885499232552,0.3623299793719247,-0.9999978388626047,-0.24262849135102152,0.16930645320139306,-0.4863344130955644,-0.037230778896537996,0.21910201421182599,-0.6137388233696086,-0.15722724285833237,0.21881475937815223,-0.4108544699468079,-0.21665719251531945,0.20508655460508168,-0.2800952323686384,-0.24141715832763155,0.033639086789118415,-0.46364578971927395,-0.05649140468967166,0.0977055452247598,-0.6067140257341909,-0.17805653525571902,0.09748475832569396,-0.4058731748591034,-0.16258327346980875,0.07542268540276187,-0.2672066361183865,-0.12649156336832462,-0.10159572279289772,-0.4233500552116165,-0.08326975032804682,-0.04378369090173873,-0.540365050695284,-0.17239449129704704,-0.01374198785253381,-0.3982692946654881,-0.15423681376838144,-0.009644806464793322,-0.2850615206455255,-0.12175453955047702
21,l,0.0,0.0,0.0,-0.2958332294312647,-0.1122016402734535,-0.12638572524343167,-0.5289410585082521,-0.2854110302196768,-0.208599141574822,-0.7264704450308483,-0.42817937650894367,-0.2878657557077308,-0.8867002035113896,-0.5359161589412783,-0.3590158142221238,-0.268003788932748,-0.5232380464407299,-0.09904299441383185,-0.2891784266210777,-0.7384345266878211,-0.24182819730995667,-0.30629475336134165,-0.8767126970868745,-0.3232174183546559,-0.30070445742512897,-0.9999985173948399,-0.3739206999533815,-0.09141264993677785,-0.49402397818570754,-0.10099723408988925,-0.08835380542941038,-0.6118103470756776,-0.27447301586506784,-0.13903886068389248,-0.4127193715633751,-0.26929467949383523,-0.12641279820399584,-0.3259393502049102,-0.2166559810618346,0.08452331273811926,-0.43368854864386897,-0.1285090612089918,0.07598127692107545,-0.5278227342105479,-0.2943886439706719,0.006185999143705741,-0.349553445991867,-0.21649072887402684,0.010807934933395855,-0.30335556204236547,-0.1177119626657189,0.2445537965215982,-0.3562452758965415,-0.1678567780305544,0.23704869609050946,-0.4437231563604169,-0.25037354700777203,0.13737812038150166,-0.3253244706740192,-0.17666787887370927,0.12257868233639452,-0.2860424349693486,-0.09963923888851758
21,l,0.0,0.0,0.0,-0.30300412183685,-0.0955478630082868,-0.13875297086456123,-0.5491462042448164,-0.27835952955708626,-0.2307621770350635,-0.7437148021322189,-0.4295776291720354,-0.32005871810499364,-0.9086280664266423,-0.5305902215635858,-0.401680697874732,-0.29508506572597737,-0.5369212842156398,-0.11078058365678434,-0.3028624104278144,-0.7488689600582518,-0.25303954260144806,-0.3064009775180315,-0.8797823456398124,-0.32891565873282225,-0.30589228830561016,-0.999998494285675,-0.37736619714812386,-0.11369518014104162,-0.507048537140464,-0.12003911099370453,-0.08908908956772266,-0.6258602709767684,-0.3125951533359244,-0.12728574403062934,-0.41590638221929194,-0.3177919189196137,-0.14042155699584527,-0.3362453643618867,-0.2652854859983046,0.0703710676534245,-0.45276283625716535,-0.15422130067143716,0.08263435476769466,-0.5339508641012931,-0.33997686692839585,0.020178125089471675,-0.3473833067276474,-0.2611681817192556,0.002261728447817818,-0.29926963580684535,-0.15486967075418007,0.2398611437723446,-0.37984356592055796,-0.20150498608827433,0.24047465814357125,-0.45909246294813977,-0.3000592131116796,0.16060901583233386,-0.330426401329818,-0.22564385082534313,0.142196404890137,-0.2866091259589518,-0.14191211889485192
21,l,0.0,0.0,0.0,0.2131585628821477,-0.024615540040173134,-0.11290971585597684,0.44695539164126724,-0.15913489887083085,-0.16743557466903278,0.618698019081075,-0.29499807510527665,-0.20957769388515482,0.7359591081455075,-0.4114687700945763,-0.25116250882361274,0.287045234396438,-0.45593947812072505,-0.11963318834729707,0.2875618663284898,-0.7136048418548033,-0.20578162123117452,0.25577604013761296,-0.8752432245027426,-0.2676603648457983,0.22495245644397868,-0.9999986977696038,-0.3129381550278177,0.13603075561264588,-0.46756788801682064,-0.11307223059572045,0.11513363043678689,-0.5805599719810601,-0.2513730503073403,0.09098551189523396,-0.38280128643227246,-0.29766188592038795,0.0843049626999511,-0.22863330372188762,-0.30223166456876316,-0.00569808695370444,-0.43485855119980915,-0.11664836016699937,-0.017171685793838935,-0.534315476210438,-0.259027853537048,-0.017388669652921098,-0.3346594335007368,-0.2514333602549371,-0.008845109695452538,-0.1947623212475612,-0.21341758245344447,-0.13779053313119743,-0.3867225973107668,-0.12724805661170416,-0.14325428838375034,-0.47647839170307155,-0.24062383059969886,-0.1244731730359609,-0.3245557708512196,-0.23111046029442056,-0.09406710183669365,-0.20881073570758593,-0.197987569551031
21,l,0.0,0.0,0.0,-0.20732334765736268,-0.07331558506498387,-0.06247818971842858,-0.39963536151496504,-0.21702248883552044,-0.12686459308742495,-0.5863959608929555,-0.2860983618307272,-0.20109519052939215,-0.7528352299192165,-0.3114743457288818,-0.28250611214613364,-0.18530480485380746,-0.5010085311430551,-0.07748465098869008,-0.22518667716134932,-0.7337507858777688,-0.17047035065428617,-0.2541117092296086,-0.8808023536104927,-0.22971451972256152,-0.27415174302558215,-0.9999983252757004,-0.2740039536948074,-0.051146262116833284,-0.5024588354931551,-0.10793991311179975,-0.2602024584468891,-0.5923677230646501,-0.2632840144672169,-0.32597424485745097,-0.427981829056197,-0.2970601893107698,-0.3069280823025656,-0.3014787351502287,-0.2804557816794084,0.06723846146156451,-0.4571508244964464,-0.14746071912968955,-0.16804863869275444,-0.44916900977152824,-0.28337058996621434,-0.19544660379509535,-0.28250659012412016,-0.2576149605302032,-0.15396574324114456,-0.18240065249579035,-0.20275822664754944,0.1718729941377972,-0.38108106864726504,-0.19362459835530288,-0.040776521129743684,-0.3793037495644976,-0.2713839677562718,-0.0773532587284975,-0.26031600522906534,-0.23792068292479052,-0.038475040154046625,-0.18858169012140352,-0.18950457208054053
21,l,0.0,0.0,0.0,-0.2585618728762944,-0.09833426312460734,-0.10790361173976652,-0.4796850519540365,-0.26771326014648816,-0.18433215115354076,-0.6560321073953606,-0.3872867379219231,-0.2640072827085657,-0.8098430749301669,-0.448626833127323,-0.34404553027050994,-0.27121951341210493,-0.5309014518486497,-0.0966951452656546,-0.24913242752912043,-0.7520842979284225,-0.19397420215930078,-0.23724736948021877,-0.8808410331206722,-0.2555178052602239,-0.22079163107771116,-0.9999984980552421,-0.30448979931663656,-0.09367943126026046,-0.5139730326198525,-0.11458333933131734,-0.0524654231689298,-0.6355078224942959,-0.27301409052147585,-0.07897511855576966,-0.4548766942117458,-0.30601092739616287,-0.10416041240016113,-0.3472008076889399,-0.2915580620914525,0.07989120622535698,-0.4647316418254641,-0.1472236289406815,0.10953894725688011,-0.5661962963881927,-0.29664023144146096,0.05606585450826941,-0.3989520172911769,-0.25453086022813504,0.01450234907871253,-0.3088825963188191,-0.18805687382663033,0.24345936238480814,-0.39053597098824494,-0.19014949361540398,0.27264982052604964,-0.5125193600332446,-0.2779222273854413,0.19327596704598193,-0.40215353466045095,-0.2286553225691794,0.1317975589851621,-0.3267601371613136,-0.17113491143582488
21,l,0.0,0.0,0.0,-0.28319067819780763,-0.10059519200539721,-0.1332904524343044,-0.4914481000109057,-0.29909704178055185,-0.21741075641762492,-0.6515540325242425,-0.45598979407541607,-0.3025777234953421,-0.8073381006716426,-0.560269016324137,-0.3842546326681628,-0.20675989037203518,-0.5178661125477565,-0.10702764484669759,-0.17950303096353598,-0.7414923445413175,-0.24241240532417627,-0.1529021031433801,-0.8800671218350589,-0.32729452912269785,-0.13103079680356022,-0.999998485660391,-0.3864155874165497,-0.014336803325457587,-0.4876462331515669,-0.12475888511566442,0.04988798852397258,-0.5915074987166736,-0.3391162360200018,-0.021186942324019794,-0.4111294710808657,-0.3816595643964324,-0.07280777447438774,-0.31591965162079894,-0.3573613924152493,0.16857459872758332,-0.43058808286221345,-0.1629556738409014,0.22470553596598633,-0.5132422326190573,-0.36503131050672893,0.12222838804797617,-0.3528996791261083,-0.3113518803468184,0.056579447498823834,-0.28619594064914805,-0.2215048228826283,0.3328202475477845,-0.35134970565218077,-0.21255562607894413,0.4006232829580643,-0.4477104517233616,-0.3260431863987406,0.28716914202323884,-0.34281302726622415,-0.2616165694452048,0.19976740871284032,-0.2902336161330289,-0.18432102964721225
21,l,0.0,0.0,0.0,-0.21643281648492682,-0.029117913296495997,-0.00574901429668433,-0.40460508924898,-0.19922501566050402,-0.009768671397347311,-0.5234887664850938,-0.33028989215618465,-0.03731516630978123,-0.6346345576654702,-0.40728478904355647,-0.06706376128582123,-0.27231325275776685,-0.4609394546320282,0.037787893846930945,-0.28972196662150396,-0.7233105844863292,-0.013746447203729304,-0.3149126497156231,-0.8780441418762847,-0.03956263682620486,-0.31162732052998765,-0.9999982525860768,-0.05986846542101594,-0.1726058085691245,-0.46890822403659904,-0.005083002038997076,-0.3202490833508265,-0.6406351812704545,-0.11156885070930933,-0.38746519682353747,-0.4793037813188387,-0.11925131382515802,-0.3449790933641333,-0.36861835075731614,-0.08992918710991109,-0.060600747002878166,-0.46201786500479136,-0.05876073570114699,-0.19520691110519733,-0.6371708634595926,-0.16507579990690102,-0.2720155806653043,-0.4778282317968244,-0.12485242877770586,-0.24019221550115225,-0.36350834788803776,-0.06203852023240958,0.07237988583734756,-0.44014188252040654,-0.11609289627166584,-0.050562125431229524,-0.5739962110735861,-0.184950398450864,-0.14400335335016423,-0.47389178396667186,-0.15611241201143752,-0.13808318869949326,-0.37284502366992034,-0.11289013515856348
21,l,0.0,0.0,0.0,-0.1682859650366272,-0.020389181837433355,-0.0697115510548827,-0.3669544716806344,-0.1387788402936262,-0.1340937121400469,-0.553824995115526,-0.20095547650421372,-0.20685824984532825,-0.6958782306676194,-0.24117555848233355,-0.2836776405567133,-0.24412150565788393,-0.45399822975757076,-0.0831616401277023,-0.2949608931431747,-0.70740881284611,-0.1797282914486671,-0.32372435379461917,-0.8720677611893528,-0.2403965878705122,-0.32848714449235855,-0.9999982094412894,-0.28225098588623654,-0.13847888795015323,-0.46171395815870164,-0.10507843239789812,-0.2907429900773874,-0.584535771354591,-0.25129679519871884,-0.34602387079376556,-0.4145831257373392,-0.27485073840569135,-0.3166145600777323,-0.29538107189295343,-0.25366778480003876,-0.019985332106886577,-0.4342085790674277,-0.13897366088263502,-0.17093244013397615,-0.5189652071957338,-0.26927808705313655,-0.22168970225783569,-0.35748940370936816,-0.23423401067609767,-0.19234506726503486,-0.2606096527831223,-0.17397180522273312,0.10794068703199036,-0.3812273151967397,-0.18038512091099101,-0.018683599769814953,-0.45582756017681947,-0.25804132049520495,-0.0866256071138597,-0.3494561666009496,-0.2236730040366094,-0.0778639676769576,-0.2733030639095972,-0.17545168929413751
21,l,0.0,0.0,0.0,0.2429406908583189,-0.08994114664844151,-0.09162354246951426,0.4551314003181014,-0.18594047037499978,-0.13705013302309405,0.6146303177385042,-0.3211037193988064,-0.17720123645659414,0.7387871480888097,-0.42741380103572346,-0.2126140638348412,0.32744958327666635,-0.48450609847884096,-0.04220118954805999,0.3658504010797227,-0.7193454488649484,-0.1070789483596639,0.3739163713978592,-0.868741748127818,-0.15995450947131618,0.3700399743500499,-0.9999975975193731,-0.20274187077518596,0.18623846750305634,-0.5026334456412572,-0.0419999949469454,0.2058706214027059,-0.6558822993177116,-0.16264985483085662,0.17673979114637783,-0.45652544262546835,-0.20294596515613866,0.16915153270675967,-0.32773369010130077,-0.20517782903821824,0.04063815904705242,-0.4818804731345444,-0.05273633134830069,0.060204298205695686,-0.6253988112662743,-0.18109581977795616,0.053487047710048724,-0.4277847580564974,-0.15078323973821303,0.05161923149678309,-0.30217295422247303,-0.09869303566605389,-0.10345655507719431,-0.4348555668938895,-0.0707488821338844,-0.08450975161237356,-0.5504305525128804,-0.16412836665091574,-0.05777936626599849,-0.4012152567915118,-0.13433459660393998,-0.0382607691768001,-0.29938501280674346,-0.08959787620376385
21,l,0.0,0.0,0.0,-0.18784766046047605,-0.0610722863820152,-0.060682018501765946,-0.3698809219200034,-0.1692323869371676,-0.1262384576717211,-0.5406440069368368,-0.2172774685215417,-0.20197588725850818,-0.6853053849398428,-0.23271967142506503,-0.2827807855126714,-0.23349219592796777,-0.4977725352886998,-0.07469945615233553,-0.2932237824073786,-0.7296939617129568,-0.1610446709307504,-0.33814349504195323,-0.880710172361505,-0.21685859353544434,-0.3691875801680196,-0.9999983044465658,-0.2583749638234071,-0.1241596651323425,-0.5148507437721538,-0.09859370396000484,-0.3098476628030776,-0.5728977639673372,-0.2263923331809446,-0.3467118064502604,-0.41117545922996096,-0.25314190365969313,-0.31474511847398484,-0.3031149055920455,-0.2430574724892953,-0.01916576292248573,-0.48624672034128413,-0.13216319205022656,-0.21895329286836707,-0.45117957541023335,-0.23720886371018957,-0.2194388999113351,-0.2899420692129441,-0.21366889807516637,-0.17112322251893877,-0.20361063688208067,-0.17334251769962566,0.07896010943804291,-0.4239313607795589,-0.17458061353347387,-0.10059064392502935,-0.3977506731405329,-0.2363118044978805,-0.11595290610618272,-0.28092059193977353,-0.21151660024135802,-0.07385880997823521,-0.21677174996940599,-0.17581090226137633
21,l,0.0,0.0,0.0,0.21963666023377426,0.025028464679852848,-0.15298781234825154,0.4784805617922112,-0.084128095103041,-0.22089958460380005,0.6664272944241958,-0.20940005439711593,-0.2705507670542581,0.8036966973427379,-0.30969320792265664,-0.3177950231443831,0.33941253550822553,-0.4105898105645367,-0.13256299011032505,0.3563439840162333,-0.6848980571704987,-0.23246189668502873,0.34226053007863877,-0.8641141931297619,-0.2981378791366569,0.3234935687282077,-0.9999987471604789,-0.3451428950205609,0.17944150527408964,-0.44242752009940833,-0.11185781904861225,0.1834456190400439,-0.5876595987665441,-0.28013534765155035,0.13659142809769742,-0.3790221260271509,-0.33529934133386574,0.10904391246300796,-0.21364017867317914,-0.3336864348292482,0.02850891962532323,-0.4271734226681504,-0.1068850018054357,0.03513099145595092,-0.5332522500751096,-0.2846285643564656,0.008539279182799137,-0.3176679063550432,-0.2862260691310689,0.0033572411053565386,-0.16913026172034418,-0.24044047822025524,-0.10999191228133842,-0.3881685507414928,-0.11103660813863529,-0.10180181365391647,-0.4790178114726349,-0.2509905325986577,-0.10339358711807813,-0.3149566791471563,-0.2503755835239077,-0.08819519727756253,-0.194456231817781,-0.21593248000230147
21,l,0.0,0.0,0.0,-0.3416483286620339,-0.10292244128719477,-0.11857375932536271,-0.6286189572595602,-0.26644837265063814,-0.20108971146383967,-0.8276922784205495,-0.40647430551006547,-0.2841639045785943,-0.9999983557717853,-0.5028997425775736,-0.3682204739168491,-0.3661089588322218,-0.5358345513756491,-0.09165379522043558,-0.44207461727248937,-0.7432014794602899,-0.19951764734650593,-0.5056956393831629,-0.8750931593125313,-0.2747777040893116,-0.5383790688480684,-0.9937809559332035,-0.3355953811178575,-0.15736689269168513,-0.5356591738642621,-0.11147797737435662,-0.19286087050615996,-0.6813459929001251,-0.2981340782608674,-0.25636850240690073,-0.497998972622606,-0.3488085256932805,-0.2721265074674784,-0.35240079787791345,-0.3371270799865171,0.04711632732712466,-0.4958219687951718,-0.14781338992947984,-0.01941109069173029,-0.5898708176251092,-0.3286118378340299,-0.09044108988166627,-0.394760910617098,-0.29833366267100403,-0.10750705150383649,-0.26516883714425776,-0.23030803852700252,0.24990153630246428,-0.4246605467257892,-0.19412410284588733,0.16433161927688952,-0.5231806645642548,-0.3198398506491561,0.0769837202386958,-0.38335779524413666,-0.28503334385899054,0.0581043972903494,-0.2802691397857699,-0.22871155925318692
21,l,0.0,0.0,0.0,0.2584928836582149,0.061995670085294975,-0.14915401390067765,0.5792978970740259,0.02610344859929271,-0.2161985885758767,0.8267347048185116,-0.049590125522689106,-0.26695247623923035,0.9999972702764641,-0.13163892576296415,-0.309310277968327,0.5753049732601745,-0.3615012391611252,-0.17964727270682423,0.6251586795896131,-0.6410467448853462,-0.31948457846095807,0.6192696010091824,-0.8174525928158871,-0.40952569382095333,0.6269930067595475,-0.9918690564722763,-0.46708242719949444,0.401447561240817,-0.48053660934801795,-0.168155912208492,0.34485399606027295,-0.5783232175537587,-0.32987602804877936,0.24185670444307805,-0.37023129580739095,-0.37597677892384473,0.2034125489055558,-0.23521463081719263,-0.3877285780040312,0.2248521629152987,-0.5292199843546485,-0.17309527619460344,0.1384137660174345,-0.5683330982174488,-0.33432362875427357,0.07404066213693981,-0.3560905109336843,-0.30824543998229437,0.06200518828109426,-0.22459378864300353,-0.26243698720557795,0.06416110030568321,-0.536164525091489,-0.19213107799044646,0.01321206929041896,-0.5632964269497098,-0.31040576535835435,-0.03212692085032531,-0.403473391256149,-0.2915508092826978,-0.032152790818395165,-0.297556698147901,-0.254716469454793
21,l,0.0,0.0,0.0,-0.20962541624878903,-0.0246461918152345,-0.051297763828993134,-0.44646364828653695,-0.16214548129650513,-0.0964763109700706,-0.6197341934028537,-0.24117406276437117,-0.15281038127725877,-0.7621519759798902,-0.26510440507399535,-0.21724344597436673,-0.32281205864942947,-0.46971375798956855,-0.07100587011871169,-0.37376664784180447,-0.7198035833770741,-0.17106410472966568,-0.39455176714492846,-0.8736784194044848,-0.23371831852058447,-0.39610055044108916,-0.99999831675378,-0.2785020040525779,-0.18727636392626013,-0.4799070636652171,-0.10239410890651689,-0.3138142768292613,-0.5925068800310552,-0.2634646997812218,-0.3368117573724993,-0.39981072769651604,-0.2866475637756149,-0.2983892500050767,-0.2653293433489187,-0.26100974231061497,-0.041608514231530426,-0.4664865157860345,-0.14455679198797566,-0.17360283573475846,-0.5291712547643509,-0.2925390001903234,-0.19195507001173734,-0.3341159092693809,-0.25349036278756265,-0.15055539120360256,-0.2193362885190098,-0.18617121310663193,0.1172009679078203,-0.43421725412342416,-0.19171114584328774,-0.024159795402732893,-0.4992295323702275,-0.2856887668869863,-0.060916736176933724,-0.3534532768744029,-0.2481021028596113,-0.027892998230905023,-0.26373912405474575,-0.19517139028867064
21,l,0.0,0.0,0.0,0.22705473334355827,0.0006752427775574327,-0.159041447784752,0.4848427991931907,-0.0750211307915193,-0.22097008256251435,0.6721476429900941,-0.18768337663416135,-0.25655296778555753,0.7637154838741742,-0.32443648521999324,-0.27633200511425654,0.4121326895262304,-0.422245972406608,-0.1647998870664405,0.42267955220942766,-0.6801275501384787,-0.28278811371502766,0.3833660967526957,-0.836095583584631,-0.36036435814784223,0.3564357620155541,-0.9999977196670831,-0.40718771480996485,0.2519918242536307,-0.47923045523769525,-0.12050732314092127,0.18916814960156017,-0.5640143352696323,-0.22456984829377727,0.14852717880497243,-0.3591262674064054,-0.2396962787156282,0.1661530812594104,-0.2644706315503951,-0.24388462223329718,0.11014965768122363,-0.495202774030345,-0.09497435732354505,0.05147448545600657,-0.5615349112059844,-0.21432171733757757,0.03268349018972836,-0.35965961133940366,-0.1806768760678042,0.05312181686985442,-0.26277042786592125,-0.14107712542073855,-0.0035753343928438537,-0.48781112186208697,-0.08402004515636573,-0.03520613631522473,-0.5382428410963905,-0.17923639551991755,-0.05578126489865424,-0.3850357187896352,-0.1587246049264924,-0.045761154104431156,-0.2983802419285988,-0.12613562052254715
21,l,0.0,0.0,0.0,0.21048238180927614,0.06415660161436777,-0.17299752393054404,0.46808801210349077,-0.03454333787586675,-0.26189302314930624,0.6703326360441281,-0.1453430220135472,-0.3299099495590002,0.842742426499163,-0.21156107220168768,-0.3964481735015213,0.3455842195378848,-0.37934204932247995,-0.18771647039285205,0.37923193765742785,-0.6706946118387186,-0.3184603770568419,0.3780658563867919,-0.857394304564798,-0.4004081962679369,0.3636112284112464,-0.9999985881794508,-0.45806093057733893,0.17409327453237539,-0.41948084378551526,-0.16874901028471317,0.18810375320097014,-0.5426655446719231,-0.37464757854032493,0.12814944526145133,-0.3187123870322728,-0.4344299237839828,0.0892586531282252,-0.14305041047156802,-0.4308421853172925,0.015840175216724754,-0.4010605969979095,-0.16705454449373927,0.031898890742307236,-0.485390985236609,-0.37482185539039975,-0.0038749881179363107,-0.2553625416524137,-0.37145547629315506,-0.010008506597610213,-0.09711638479940483,-0.31783845863072985,-0.12671904550405294,-0.3534222598604804,-0.1759572009435726,-0.1238031691189645,-0.41576952948380086,-0.33730609161556224,-0.13821681552715778,-0.23986401974872792,-0.33643197245566253,-0.12504464974144353,-0.11822635199210087,-0.29887907702457417
21,l,0.0,0.0,0.0,0.20862749654416865,-0.030928769560103854,-0.10815218201293424,0.44117632061576106,-0.15513526506867986,-0.16178990624155346,0.6238343169272302,-0.2786335910470508,-0.20392550267248935,0.7558076082911698,-0.37959833263913617,-0.2445470272811058,0.31202329177743954,-0.4605715629374124,-0.10958193792622394,0.3140710639796442,-0.7105749115993394,-0.19132026926625292,0.284115276580314,-0.871577746910225,-0.2538153492000885,0.2540281241736842,-0.9999986561346936,-0.3010166786872869,0.1648867939428669,-0.47025724910672123,-0.10308446646647015,0.13982479361882688,-0.5853438491344403,-0.23206927400237998,0.10988650820370097,-0.3926887755159321,-0.27774038138091933,0.10133744974999095,-0.24951717798399692,-0.28656148154563027,0.02372468051954533,-0.44053423409227693,-0.10617349659048324,0.0065869138080927895,-0.5401731503180063,-0.24083987072983326,0.0032031835118349885,-0.3462737537080978,-0.2321642332805225,0.011166065670777412,-0.21245230087255787,-0.1971857168421823,-0.10610419725114861,-0.3958207896320441,-0.11632081261204438,-0.11656806088747945,-0.48494954406643087,-0.2235012517282564,-0.10117388429578004,-0.33865338177550497,-0.2131428605756828,-0.07291318609430063,-0.22921175238311026,-0.18221579315363085
21,l,0.0,0.0,0.0,0.25299182999198605,-0.11530536356300614,-0.05334672969314549,0.4230089054512974,-0.21129409688089393,-0.07730961837853298,0.5605405326296021,-0.3524549045354577,-0.10370913457976998,0.6483708205272867,-0.460762141180694,-0.12471511065686727,0.24281266729196319,-0.5214572841209467,0.006036135688393624,0.22894447028768924,-0.7631673181215123,-0.05690721583885175,0.1980993638723787,-0.8862669078869221,-0.12789487237665856,0.15894400884992846,-0.9999981808322451,-0.1822777812808306,0.11023676358204627,-0.5185584938355476,-0.0022191022646965825,0.12975323187968166,-0.6758313664590015,-0.09546780055334263,0.145168845513077,-0.4899759054906769,-0.14700526714923898,0.15130256171209158,-0.36510076059234986,-0.17152770305936696,-0.016606834927455114,-0.48338309308202737,-0.019549044514993234,0.012933089372745493,-0.6501124368048389,-0.1136292559843706,0.03261448098990254,-0.46525258788112167,-0.09184972068512837,0.03487125222540832,-0.33366112783848756,-0.058953278829347366,-0.1354819046466955,-0.4161446906305751,-0.043779208463308676,-0.11827777839406942,-0.5692195545501496,-0.11206473438900694,-0.07167246511101784,-0.4389183131656274,-0.0856344238269914,-0.04673033405057851,-0.33172173369452673,-0.05210281439551318
21,l,0.0,0.0,0.0,0.19562083953582976,0.10389326059448396,-0.219485018366279,0.36493742161566795,0.09050814475234244,-0.40097950196053445,0.4377907622889214,0.049534998959435556,-0.5545583995232733,0.4679144379929637,-0.01541135533005085,-0.7118659497379362,0.4175839211566872,-0.20522771168258372,-0.4822003803756804,0.43925675303642253,-0.4886882021673489,-0.7442888733166162,0.4470346702026639,-0.6668981440921896,-0.9022967835325373,0.46317627266457123,-0.8134072139202726,-0.9999983532911472,0.24123964287194435,-0.2794821649643387,-0.47882303646659224,0.1776860092380329,-0.4118613453969836,-0.765116277283684,0.07316040762916917,-0.20493139231550378,-0.8432581678003683,0.024811814880259873,-0.03060157533912419,-0.8695146745534502,0.0588480546022631,-0.2893834915997444,-0.4868851512901307,-0.010333733051990935,-0.3560544658292645,-0.7518938966222708,-0.05879539632454253,-0.11614806380618742,-0.7387481722794031,-0.06431690874424505,0.06405788694572767,-0.6903326892858218,-0.0820310944785455,-0.24937124895480461,-0.5076389416350356,-0.12651060432231812,-0.2881964474044928,-0.6938389061094432,-0.15961146028537077,-0.12482033740596052,-0.6773629996514199,-0.14995197893664436,0.004574448632702081,-0.6390286077585662
21,l,0.0,0.0,0.0,-0.24779582324221752,-0.09769529166514716,-0.14442832960826124,-0.4684959653110611,-0.22527592057468868,-0.26593522770248856,-0.7177791622641615,-0.2861135547918409,-0.390064071268216,-0.9004605945034161,-0.2998411633054688,-0.5171949391152896,-0.19346596087785173,-0.5295764750518809,-0.13410176328974555,-0.12575501303999523,-0.741078559774604,-0.262826916942445,-0.0841581434254182,-0.8865362468057607,-0.3436352163149404,-0.02321749868267897,-0.999998473295196,-0.40126705741733604,-0.011373472208914407,-0.5032198852997238,-0.1436638268007632,0.07599546925962365,-0.6767594518885734,-0.30012170938362764,-0.04352394903185254,-0.5336835647661748,-0.30581456515049277,-0.08755648978411651,-0.4468473751722385,-0.26407869502546155,0.1576991048169693,-0.4393553614071296,-0.1765066103395584,0.20697499052004856,-0.5607094044392061,-0.30356098240653334,0.08569947936392756,-0.43402092676010184,-0.23736313816128218,0.04335077851048146,-0.37104809910445724,-0.15552818010858518,0.3023755680299595,-0.3486186491422583,-0.22768913487748385,0.35350955613759794,-0.46065597252665474,-0.2898395845540109,0.24208110503827443,-0.38317067259131526,-0.22539014378346447,0.19702482893896653,-0.331825203510652,-0.15913237689589965
21,l,0.0,0.0,0.0,-0.20182399487087813,0.01308956462086228,-0.10026767440853729,-0.4310644332830723,-0.10742961986471998,-0.1857631240656895,-0.6281897132300152,-0.20375980915780403,-0.26877712047527985,-0.7676056000300335,-0.25644054614839334,-0.35381190636685544,-0.3399225303364547,-0.445122043759763,-0.15041820075511775,-0.38879089667570177,-0.7088321720704064,-0.2634364724666305,-0.4091340637943172,-0.8642637053549824,-0.32514227983134325,-0.41933563696702986,-0.9999981382341466,-0.36817573826145844,-0.19229162563392216,-0.4724489900829068,-0.1512578544455087,-0.23763542173761087,-0.5518468383532852,-0.2819144853772676,-0.2070373604130134,-0.33406809172627094,-0.2792429129616541,-0.1680200133565768,-0.25854275978888314,-0.252124062929121,-0.03245325598473833,-0.4672376219988336,-0.16569119510642621,-0.08828226430596084,-0.5309916006664666,-0.27988681576195723,-0.06680981207794694,-0.33070437234965955,-0.21832707251803704,-0.03530806743507831,-0.2741016264540961,-0.15656042590984884,0.12747921613314983,-0.43966987100931193,-0.1902131138471811,0.06761229085440396,-0.5191422355623966,-0.26241615979150995,0.05446213667232402,-0.36180457243709574,-0.21419258401170474,0.077037962539875,-0.3021129795882471,-0.1639975587382959
21,l,0.0,0.0,0.0,0.2181653080343631,-0.03422827634223018,-0.10825882335300466,0.4611588050060939,-0.15196663994086673,-0.15702282626177955,0.6417154159842081,-0.27718925713573156,-0.19673504099271896,0.7824299052461954,-0.36550339133329407,-0.23506408059287062,0.3611602976172471,-0.45669316897657036,-0.08631651196446138,0.37909088305157657,-0.7080617172331879,-0.16847581287283503,0.35322004102005805,-0.8684973171229323,-0.23071601238687062,0.33176809907830945,-0.999998371549416,-0.27594691413877637,0.21317587034568997,-0.47388607394957555,-0.08023689660323276,0.20680755257365194,-0.6059846010181226,-0.21512656751925524,0.159354364166202,-0.4200641795172132,-0.2692646453861918,0.13635198290222125,-0.2727094013446838,-0.28016278224104957,0.07306443486083532,-0.4565017603095004,-0.08578677731607517,0.05461232875299324,-0.5537442061379428,-0.23100933743346563,0.03512077263721402,-0.36056753254128554,-0.2318621834036533,0.02913726199529707,-0.22445510166255753,-0.19800016298389017,-0.0546504260662919,-0.42576382877634816,-0.09823984873347623,-0.06182349498370362,-0.5108414870130688,-0.21262233647949635,-0.06708174925627644,-0.35908693020483273,-0.20923470882149692,-0.05256444043546017,-0.24466618741778376,-0.18061455112326635
21,l,0.0,0.0,0.0,-0.1834643096656381,0.030628726806367933,-0.11454269144015214,-0.41053324173795736,-0.07435453487073569,-0.20748295530528144,-0.582647518226105,-0.16509002345624688,-0.293630004517937,-0.7157470565168826,-0.1901979097639518,-0.38436841287711826,-0.34796219098129605,-0.4269513397899373,-0.1805956324998612,-0.39825014521795093,-0.6900145794498639,-0.30304449865902283,-0.3797724930004882,-0.8569394850027975,-0.3783424816342969,-0.3589363860758567,-0.9999979799722255,-0.4292056312839507,-0.18755951799357248,-0.4523952107750138,-0.17739583146432714,-0.19048091710462978,-0.5233264464710393,-0.312849640456705,-0.18513466101097978,-0.302177912378787,-0.3139576494133479,-0.1879807480218056,-0.21505728420134856,-0.2896511958269311,-0.022397613923675435,-0.4382299137644103,-0.1872779258536327,-0.04277366084033821,-0.4789505824048335,-0.3141327756320316,-0.053341435480332364,-0.2790614923186097,-0.2589879735501934,-0.06295260798389318,-0.20857490504169668,-0.19904372577150967,0.1404984253752287,-0.4053884801282999,-0.20685931271989144,0.106182596338024,-0.47173085504083706,-0.2909874588427488,0.06905258709504761,-0.3099525773446489,-0.24135217937400716,0.05312145913001597,-0.2386016166583646,-0.18870941262208116
21,l,0.0,0.0,0.0,-0.197657010360843,-0.04012935052316581,-0.08602441455026266,-0.4159193321066936,-0.18928891144386403,-0.1563638937937465,-0.6144499834550862,-0.2548068559597232,-0.23684492156798612,-0.7797032544736988,-0.26604731823148314,-0.32312220261624786,-0.19824353516454465,-0.5021454100756533,-0.08249950076041467,-0.1874255445091919,-0.7275303666678428,-0.1883203109276069,-0.18796678139076722,-0.8769206649305582,-0.26100538105207755,-0.1590980416434911,-0.9999984493770373,-0.3147501294530415,-0.04762006526719491,-0.4792594821142605,-0.11567560712964373,-0.034641471029091805,-0.6836218776797294,-0.2668472226273013,-0.15028612108967387,-0.5540647317297672,-0.2966155977051843,-0.18372468945249132,-0.46153489848597773,-0.27560336509743844,0.09670755163561441,-0.4232720111125682,-0.1639038013878812,0.08549648030107113,-0.5942557292816234,-0.2939792860914456,-0.03073423244155827,-0.4712782714463038,-0.2556540585068641,-0.05781465381082882,-0.39164985812434083,-0.19201285934757054,0.23274470605937564,-0.3389995062252098,-0.22300856022116033,0.2289775827574412,-0.4869538538713619,-0.2946361227048567,0.12736673552050617,-0.41645220458632515,-0.24829035789953327,0.09513707740546966,-0.3479160511215719,-0.1939925885148081
21,l,0.0,0.0,0.0,-0.32750939947572116,-0.07294137841234354,-0.10828368161653702,-0.6279785155535628,-0.24846098686840937,-0.18270208560997683,-0.8214111651608773,-0.4008365478833633,-0.2581914522936061,-0.9960897970769795,-0.49772877007130095,-0.33663925156007074,-0.3834803314888781,-0.5433423823979826,-0.0861752252211865,-0.4809386537217233,-0.7537161151994749,-0.19441943925968622,-0.5500089573180659,-0.8841037601314377,-0.265526770364413,-0.5938524244604222,-0.9999982805136722,-0.32016265019870205,-0.17747643803104912,-0.556255633282055,-0.10812534834834174,-0.2497238609072165,-0.7132806246468291,-0.29241047562458866,-0.2870119540978474,-0.5086013550742916,-0.33860161556112894,-0.28770877933643285,-0.3440934096986926,-0.320299704111086,0.02672902317584923,-0.524240259555593,-0.1454153504035217,-0.06850522844515261,-0.6223461096392078,-0.338051811326331,-0.12495709183528592,-0.40672835439763894,-0.3139701911123732,-0.138147473980593,-0.2542549160326557,-0.2426937781665879,0.23324254503474692,-0.46075941882683863,-0.18939820309146949,0.11269372605753364,-0.5579599802897114,-0.3252681070081613,0.022276679887920477,-0.40272727181356244,-0.2950725858113274,-0.006111851195440889,-0.27940027343609397,-0.23784700453144694
21,l,0.0,0.0,0.0,0.2109456920799738,0.033871370209416544,-0.17668420373958185,0.46194000808581825,-0.0226195926839814,-0.2596310208161238,0.668503231354801,-0.10797383687430724,-0.31522125834017806,0.7660055283445409,-0.24542063673016853,-0.3579536435443066,0.3511455182967588,-0.40412429462749905,-0.1941342565616673,0.35929973153394545,-0.6765725390067845,-0.31165051299123436,0.3515621514929228,-0.8434964726448765,-0.3874871948535474,0.3417086348943349,-0.9999975009134342,-0.4407603850249091,0.1956988833349751,-0.4461092127675049,-0.1502198310684487,0.15550323868525248,-0.5767174635639124,-0.28569096546896594,0.12108705763744841,-0.3550230223115409,-0.3042011836880476,0.13845181386176716,-0.24396383563668117,-0.2997670453597454,0.057407570820675505,-0.45962439444585834,-0.12448960310481254,0.009101580819454547,-0.5743770485556431,-0.2695060431057007,-0.005746916460923962,-0.3702124080686522,-0.2247685640959181,0.013325112333231744,-0.2590868609758835,-0.17100297738931516,-0.06236240754595334,-0.45868901791553585,-0.11358093910379251,-0.10556907236988392,-0.5428490724978363,-0.23344101793682454,-0.11316238739464456,-0.3753506110665356,-0.21388659135726404,-0.0906045374563943,-0.27131192463064857,-0.1778615611877336
21,l,0.0,0.0,0.0,-0.24195796082971874,-0.09900765395957349,-0.06255444202334656,-0.4441551374774944,-0.2913641843288654,-0.11065457391402335,-0.5935477634218859,-0.4373869989446301,-0.16867391532238646,-0.7368039152917579,-0.5087311395034562,-0.2303592817220208,-0.2371650693998176,-0.5144947273543085,-0.06542027640060519,-0.25551243289252196,-0.7461922668630093,-0.16205036918375668,-0.27336439421548697,-0.877559433957318,-0.22764553572189908,-0.2832220788408646,-0.9999985072792369,-0.2802120166774959,-0.07278452592626683,-0.49853371113074557,-0.09826039992872929,-0.10292727450298185,-0.6122977301505943,-0.2491890573132034,-0.12371565922914243,-0.42071842421624456,-0.28022765369820923,-0.11893789322468232,-0.3155337244527334,-0.27087678204146987,0.096639101308598,-0.45743699598999565,-0.14233552264991,0.06447194799623647,-0.5673554200780062,-0.2774595673828633,0.0191502121778055,-0.3932451352836908,-0.22650194234219317,0.007187335250308062,-0.30545885651264065,-0.16235337816621334,0.2626522120257816,-0.39435943427324105,-0.19376482740997705,0.24144689939599337,-0.5266972088154102,-0.26806067250034865,0.16324070920693243,-0.4074691743415324,-0.21044895018598508,0.13204291771915969,-0.3298227138668806,-0.15272011704081706
21,l,0.0,0.0,0.0,0.25144327121797,-0.05154435823146665,-0.06643944536302382,0.4679242910251841,-0.13663698882875425,-0.10095424217956729,0.6281124573515104,-0.24877318634819656,-0.1358227620738024,0.7499709784926554,-0.33722633078397796,-0.16675862230711802,0.33844718454771516,-0.4613008001390158,-0.0481198883503596,0.3551442410944352,-0.7140845020602792,-0.13514470785710078,0.3426023005441251,-0.8625944337754724,-0.2158263558141471,0.3240415728569704,-0.999997957058917,-0.2760815957587744,0.19210485884172676,-0.4750181138146474,-0.05835888070049009,0.22675233796251043,-0.6097318256863552,-0.17067564990121922,0.21131631887611987,-0.4166302894003646,-0.225454628276288,0.20196082369679286,-0.28469692402650365,-0.2517473689160565,0.05413084883545057,-0.4518407055797716,-0.07715148277702409,0.08984648367292117,-0.5826844230477076,-0.19522971505071024,0.08019399444514462,-0.3953174655717551,-0.1781990424956919,0.0699281558848382,-0.2629455499455403,-0.14600563043330425,-0.07193259173212313,-0.4076364474903673,-0.10222540166953074,-0.05271540856518509,-0.5045622025838342,-0.19080561182468775,-0.0414893014251029,-0.3607819528419306,-0.16939164380522403,-0.031000382464321047,-0.25294662854562805,-0.13717664822701528
21,l,0.0,0.0,0.0,0.2103088193637914,-0.024940546651387317,-0.10851775266118127,0.45033371656561466,-0.14553558852975296,-0.16160774106047207,0.6329777155727421,-0.26445199270155556,-0.20436148491546882,0.7632762365128781,-0.3666209661744883,-0.24675088715273055,0.31863279776078846,-0.4487587715064174,-0.1131523292229796,0.3233018426788229,-0.7065288330180158,-0.19607517293658486,0.2979088937165038,-0.8715211718617248,-0.2586541580724739,0.2766499290385853,-0.9999986214944988,-0.3055573743767116,0.16644148878157736,-0.46570865758017577,-0.10815850529395071,0.14209927006847647,-0.5736182762143635,-0.24599393904349356,0.10691455539653068,-0.3824907068106315,-0.297150957225651,0.09408332977299408,-0.2319233134277254,-0.30685946891392796,0.020175655875070683,-0.4445087697750434,-0.11233515392632652,0.002262258050650973,-0.547186593141111,-0.2536208331607025,-0.007551897711596324,-0.34890587437575576,-0.2490644985350801,-0.004423452744519151,-0.20368111729210797,-0.21445504388482173,-0.11423819781939318,-0.41124347831132885,-0.12354319317086823,-0.12345201259275146,-0.49777959379657755,-0.23771797989628002,-0.11622092941494247,-0.3450029390013334,-0.23138853797510192,-0.09269699523045935,-0.22469679042577126,-0.2007988988822119
21,l,0.0,0.0,0.0,0.23524335842612304,-0.06222441919131347,-0.10335423293707521,0.48239144007169116,-0.17806590038101264,-0.1576264367646032,0.6643667645527522,-0.2984143370495083,-0.20628632469612485,0.8197977501904106,-0.3730106579644938,-0.254491587608828,0.32559804415263466,-0.47456232634061407,-0.07668369343274356,0.34810977252422765,-0.7165119818357065,-0.15372318650983757,0.33083365864175523,-0.8685561170069831,-0.2137373327731538,0.3049970603681888,-0.9999967504333849,-0.2586110435042832,0.1741181258067366,-0.5008169060454085,-0.07346094619509584,0.19474835667001258,-0.6510306776740049,-0.19802550180724976,0.17124474557862426,-0.4659679463283593,-0.24237174825080207,0.16213592688178127,-0.3350481433322504,-0.24642416344983295,0.02562315270488565,-0.49260486863984687,-0.08118184210282772,0.04723422599992171,-0.6466093328497973,-0.20586834326489692,0.03215203040823651,-0.4707588502678509,-0.1819563988887325,0.021160164688966268,-0.34636037109380563,-0.1344504268517335,-0.12457202475438828,-0.4642367516887322,-0.09755136312225056,-0.10385230945124792,-0.595457935179276,-0.1907880724602705,-0.08768351708978112,-0.45789923897799173,-0.1666713864267162,-0.08013467172338748,-0.34750120085744446,-0.12475192119132542
21,l,0.0,0.0,0.0,-0.22660070254537243,-0.05088355408527574,-0.09719724880364704,-0.4638289866842574,-0.17196152741199947,-0.19551655360927672,-0.6824982784616795,-0.24053869937877287,-0.3000708640929302,-0.8488624126040041,-0.26145831435724753,-0.40886389855306754,-0.2998459600887703,-0.5055794991920363,-0.13499948076282087,-0.29210245429440523,-0.7341795814684592,-0.26115961343905086,-0.2891011844646259,-0.8829077337232027,-0.32456034479904666,-0.27752699679287685,-0.9999983028143583,-0.3658073326737053,-0.14529935435249328,-0.4926734876011824,-0.1518718299885704,-0.19357024531379205,-0.6188793699540228,-0.28408427311682416,-0.23588826624784998,-0.41520403520745475,-0.25659620332483146,-0.21494331065247993,-0.3445075581550222,-0.20552970111318747,0.019310460515583074,-0.4465051597211668,-0.18744361979527213,-0.03810379035823588,-0.545022902800718,-0.3110232456293439,-0.08679065184517809,-0.36232570417783,-0.22231300411928775,-0.07737112473056487,-0.30804741786990275,-0.13547935921151277,0.17320276241920887,-0.3755204268290404,-0.23490147400780825,0.1160920931473977,-0.4651392634919901,-0.30794188225295027,0.05267034576680303,-0.3359231080562618,-0.23879429350566322,0.054729157084384604,-0.28415369456119527,-0.171546188843981
21,l,0.0,0.0,0.0,-0.22333595575350168,0.03544408413644042,-0.09123491847194534,-0.4724880103657976,-0.015875135143108954,-0.1783747705905687,-0.6704228978315879,-0.005701108302300376,-0.2667363384972864,-0.8210568304694776,0.027714741899374878,-0.36407018236241884,-0.4378405733034048,-0.42683542720827344,-0.1489397193166648,-0.5251514219156223,-0.6844781635997045,-0.25585126028692584,-0.5802464865826239,-0.8571155385438927,-0.32583120634330154,-0.6150430617690502,-0.9999981313498725,-0.3794767965803993,-0.2883400180110223,-0.4735425026654895,-0.16206866358137892,-0.3694048862501612,-0.5911180877855102,-0.30784647400956,-0.3341306569599875,-0.36791183430642,-0.32135040765372885,-0.2847555795437729,-0.2278415086985385,-0.2984561462914033,-0.12718508127997497,-0.476594710717732,-0.18500580633112257,-0.20503573892661228,-0.5413540706164015,-0.30982294398379895,-0.17937729877922173,-0.3273451507670296,-0.2561769639159065,-0.15451233136940762,-0.21248295504853448,-0.19259721807950253,0.033999705351924515,-0.4462528434026896,-0.2170208552621192,-0.047519928354300904,-0.5230975148385197,-0.29952177661380125,-0.0594926344819037,-0.3550527643318726,-0.2509067857121018,-0.051954754855154536,-0.2621515193630526,-0.19676612428825008
21,l,0.0,0.0,0.0,-0.28651040148568,-0.087980864114192,-0.11182994036780476,-0.5303144461020679,-0.2701316037784821,-0.19771367122230654,-0.7219570144029973,-0.4218849382053232,-0.2839294643682616,-0.8753036857742235,-0.5195664254545989,-0.36638956921785665,-0.2653919027980236,-0.5223165849145497,-0.12113752048384005,-0.28537004541320915,-0.7416819689891545,-0.25555835375230823,-0.31270280408285067,-0.8769061561057118,-0.3269729442158516,-0.330756963576304,-0.999998526607613,-0.37685570631479715,-0.08265100581320947,-0.5075356030242586,-0.1387726309557837,-0.126331253992911,-0.617761050981229,-0.3123328492126812,-0.16382986770321298,-0.41210712038501024,-0.3086973879061719,-0.14049178030738332,-0.337314076858784,-0.2637491357871272,0.0958512969874125,-0.45908583862446795,-0.17713577683908696,0.04207180601818406,-0.5302418620209053,-0.33912241285750555,-0.007539347590724151,-0.3503808800676304,-0.26050862760706534,0.02135482507895557,-0.3143867284195155,-0.1699640590569013,0.2639193197696684,-0.3896921198338276,-0.2269737063022992,0.20956767479103314,-0.4577707187026157,-0.31213632770315697,0.1270746590105056,-0.3324366725035366,-0.24360360628906683,0.13727243699551286,-0.2965075084175032,-0.1742493959842257
21,l,0.0,0.0,0.0,-0.21792553548037613,-0.03678477329347904,-0.035908247929259104,-0.44364830061616944,-0.17170492946778082,-0.07565674682825194,-0.6188686134689766,-0.2395262565072826,-0.12896176495427747,-0.7510230093459775,-0.25191954087287455,-0.18810479807565,-0.3229065986128871,-0.4837423966570951,-0.03387731602471442,-0.3642679650539997,-0.7234476894560453,-0.1117506976747144,-0.38326718943842175,-0.876511265448516,-0.16198878026033126,-0.3834192013841772,-0.9999983082339976,-0.19998532572869365,-0.20150900161712285,-0.49252510740429883,-0.06718492319846825,-0.30211217113043215,-0.6395949759010932,-0.18572622707766234,-0.3308829149785277,-0.4499225369563511,-0.19531069369929507,-0.30117201632031537,-0.32573623922039424,-0.16989695594779985,-0.062689827266666,-0.4781731629827506,-0.11109316407916882,-0.16794204139230232,-0.594516753525953,-0.2148175194989342,-0.1872355084684089,-0.4150314342003943,-0.16947202835946582,-0.15032040320817103,-0.31028436358537953,-0.11065419492304279,0.0869948987899014,-0.44233439305186184,-0.16069030077410032,-0.018004315022699776,-0.5551234249921767,-0.2200190002272289,-0.06247706096116415,-0.4243055746110403,-0.17665637005050377,-0.03856616170722104,-0.3377041926492057,-0.129058366907202
21,l,0.0,0.0,0.0,-0.2591795540227096,-0.02236625367900153,-0.10046062091460616,-0.4990052737361271,-0.1642088958636712,-0.18598793188670587,-0.6813161184206651,-0.27037306796416943,-0.2712231722001926,-0.8113813317322046,-0.35261824781075357,-0.3567920116049327,-0.3086112928413915,-0.46535356694653024,-0.13719012589066668,-0.350634684206891,-0.7039444999393629,-0.2722835887758383,-0.36100229037462805,-0.867095083281375,-0.351514857771406,-0.3652951464463529,-0.9999982126497109,-0.4019378190865291,-0.13467213273275605,-0.4733612768163478,-0.14932721482752967,-0.20746185376518125,-0.5588119695947017,-0.31377854298756697,-0.20560719675999065,-0.35087076439090514,-0.31261484133141504,-0.1597821793446477,-0.2689579718070124,-0.2700860775052129,0.046904210675299325,-0.44777427578936985,-0.17903218242619545,-0.036371050082490954,-0.49541165606141346,-0.3223301374961203,-0.041747307522145394,-0.3063915957863252,-0.2459891195710661,0.00843837509719903,-0.2574730330716127,-0.15932519996709116,0.23113144903769772,-0.3953421559858131,-0.21982014786483567,0.14512315531930317,-0.452643056714335,-0.299610163045019,0.10290667039174338,-0.30959987861195076,-0.2316991839020018,0.13476332616123804,-0.26080415003630336,-0.15878071607247324
21,l,0.0,0.0,0.0,0.2289557885415939,-0.11960016265937877,-0.06505239914575504,0.39510318429182034,-0.2573058921421235,-0.08552957135174744,0.46559770291036384,-0.4343209851772548,-0.1050503196056377,0.49238538362835765,-0.5755740229658568,-0.12057077612390102,0.1887395332542443,-0.5225534840201883,-0.02258918470736845,0.15971786733213014,-0.7562897480993174,-0.08961710966901558,0.12263139047877887,-0.8816911918542205,-0.15340661544810275,0.08172466430562565,-0.9999982759072491,-0.20195827195559876,0.054255247636385964,-0.5039557807074468,-0.028647131578477827,0.06415552522803954,-0.6531402418383928,-0.1300549753842913,0.0847105732292616,-0.46903351234569024,-0.17569936307015482,0.10076784928081067,-0.3443854823873742,-0.1902604219049188,-0.06290262732065485,-0.4562060040378414,-0.04429345143869727,-0.052131322607692834,-0.6179794583812425,-0.14657921076090238,-0.02100947012609533,-0.4336430514916399,-0.1259830314943071,-0.005799379962708928,-0.30555746511108595,-0.08971321321738848,-0.17843837354835945,-0.3852915919769116,-0.06738914828584858,-0.17482447421199157,-0.5175309994134364,-0.14302073972250004,-0.12336224759141994,-0.3921543731490707,-0.12161257121581286,-0.09075370924809883,-0.29153995042466796,-0.08898952388928154
21,l,0.0,0.0,0.0,-0.27951350566390826,-0.09569307014424146,-0.12170784466035146,-0.5266696217379097,-0.27247195934131924,-0.21254364735383777,-0.7256539962264192,-0.4208950179810642,-0.2974163355831952,-0.8893223393627171,-0.5196351432134648,-0.37561030576115845,-0.3282831566327847,-0.5193270135539951,-0.14245751718184987,-0.3475182790308277,-0.744289277668914,-0.287298980086829,-0.35533280541381596,-0.8784240580204603,-0.3691623666839532,-0.3589472159256802,-0.9999985269816631,-0.420592319314585,-0.15127326896468118,-0.500771409463251,-0.14248842233646827,-0.1304961373889018,-0.5914022240608698,-0.2972535128296729,-0.16050732529048334,-0.38982813809331285,-0.28413721595176944,-0.17661523235557572,-0.325433999892665,-0.23892205285831672,0.02710162563198042,-0.4529218892341501,-0.16342563295531023,0.03793212635103995,-0.5206109383510473,-0.3222163393343999,-0.0099484746301488,-0.34102933794451223,-0.2434219136097454,-0.03335781227257598,-0.3006653622394359,-0.15327875513439734,0.18563874731553992,-0.39203004256114005,-0.19393494697827687,0.19248318547870186,-0.4589991420534038,-0.2802625260908532,0.11902523269885731,-0.32717267823615487,-0.20521085067852735,0.09183071600555223,-0.28487256483322276,-0.1298540088140283
21,l,0.0,0.0,0.0,0.2772808022090735,-0.07521188440843887,-0.13506658832971832,0.5347823334177494,-0.19334425122437146,-0.22582985048321993,0.7849258913108094,-0.2732769361135178,-0.3091675385248013,0.9999973450694102,-0.3017857001991173,-0.38624550162285604,0.3134318288990926,-0.4453854974844415,-0.17207203567693408,0.3611278649706648,-0.6421473917760507,-0.2985197652865021,0.38804443496814967,-0.7535171074608814,-0.38266304514382365,0.3963928712164803,-0.859513692288845,-0.4492224628023376,0.12428007323437595,-0.45493027496480987,-0.18367965120927085,0.22049368049737794,-0.5331397379166183,-0.3590600713405521,0.25515466101797024,-0.3466048995738867,-0.39476274699939784,0.24558899503989962,-0.2560386242616425,-0.394556868700075,-0.05910147230938751,-0.419061005624479,-0.2090605803524769,0.05130341632627204,-0.46675261080259917,-0.38811423093623343,0.10705275949303333,-0.29654300376824316,-0.34469143554516884,0.08702401336666914,-0.22490613826768519,-0.28063280228249426,-0.24511156627044753,-0.3662794115933837,-0.24602710902618016,-0.14632859466697204,-0.41232913337824895,-0.37106146274766033,-0.062441179125728684,-0.3034449906737907,-0.33782046489378526,-0.061129397294647156,-0.25034397669866526,-0.29097976928541647
21,l,0.0,0.0,0.0,0.24168033693617322,-0.10696527280001802,-0.05277241590838503,0.4131398431031108,-0.20876853056423822,-0.06865645732047566,0.5439066869681851,-0.3316631138962024,-0.08502887694070915,0.6292907805688115,-0.41532563254202925,-0.09676930706299433,0.21866472038946916,-0.521497029786247,-0.003346947632235312,0.21431732152068386,-0.7571744710270195,-0.05847335787814466,0.1898592423650426,-0.8834976128838101,-0.12079772204917436,0.15569903880164446,-0.9999982514084709,-0.1691294823722967,0.09291731288613005,-0.5092539199445387,-0.008630468312756519,0.12071879941403262,-0.6526962997614717,-0.09153935089184964,0.14186963698681296,-0.4774050959532793,-0.13882320225588723,0.1469026224915512,-0.3550069323761105,-0.16090813598652692,-0.02498003383378848,-0.46852707211263706,-0.02212419418094506,0.013778227743950874,-0.624263944290513,-0.10949425830274771,0.039072601695409485,-0.452405363750048,-0.09679827487017435,0.03850426725852115,-0.3299097505674343,-0.07028535092592561,-0.1352489003704743,-0.4011739695720797,-0.04201983882022481,-0.10909509385591626,-0.5486441969312805,-0.10764856538122729,-0.05982530291225484,-0.4298617785007338,-0.08862781593879862,-0.040586457865554926,-0.3280151634789039,-0.06086937399597489
