gesture_id,label,f0,f1,f2,f3,f4,f5,f6,f7,f8,f9,f10,f11,f12,f13,f14,f15,f16,f17,f18,f19,f20,f21,f22,f23,f24,f25,f26,f27,f28,f29,f30,f31,f32,f33,f34,f35,f36,f37,f38,f39,f40,f41,f42,f43,f44,f45,f46,f47,f48,f49,f50,f51,f52,f53,f54,f55,f56,f57,f58,f59,f60,f61,f62
23,n,0.0,0.0,0.0,-0.4502078868986052,-0.1815339279109873,-0.15321021918054117,-0.6202791139989221,-0.45839539544971725,-0.19589800892820564,-0.4760379117897676,-0.6865315396522685,-0.24235766557432512,-0.30808906970216077,-0.8650729230238369,-0.24832520372379316,-0.4748661650906562,-0.7218026315625217,0.03119339676427504,-0.5231049500050584,-0.9622705530545956,-0.27532725301864563,-0.5982962972583996,-0.881031327717186,-0.42959339612348035,-0.6263212435982127,-0.7260296284949089,-0.4645249941863467,-0.09061489292823068,-0.705917818582512,-0.0005037627283400948,-0.07554153272700555,-0.9999981363561199,-0.2826711783712246,-0.2367698129297056,-0.8555307159972056,-0.32803949767897767,-0.24078664303697847,-0.7294980476002846,-0.25950864481018365,0.2361510871284968,-0.6237305931250008,-0.08773517889679472,0.22682432331397417,-0.7917621911770423,-0.3957414856919064,0.003042642445405592,-0.5722755448626275,-0.28586208729116575,0.02618798609302873,-0.465865093205962,-0.10958998076917893,0.5908525926507155,-0.4836516826814105,-0.18952746589421599,0.45440111495422986,-0.6188374384493731,-0.3861992786652753,0.2608637954179612,-0.4638542343520335,-0.28419511001696657,0.2739887802954517,-0.3888783858517165,-0.1420927329315776
23,n,0.0,0.0,0.0,-0.4021962099676111,-0.21501464115743626,-0.11185441217655642,-0.5901265573742553,-0.5112436953221141,-0.1712198001973088,-0.5192684913659446,-0.7549644779369724,-0.24647963792828592,-0.38777078361569883,-0.9182304988014479,-0.2809437637162495,-0.329988775056442,-0.7364656121296892,0.03757923559831237,-0.47488066215668134,-0.9718441390938112,-0.21934145000048702,-0.5351629962673388,-0.7737223559026718,-0.316265670660425,-0.4691417187796138,-0.6445768406049158,-0.3309354835108385,-0.045251239864763114,-0.7262317895270258,-0.00247496659772604,-0.1671829933543427,-0.9999981480916563,-0.2867672875605603,-0.3028274896242115,-0.7433430389509942,-0.3079223111862989,-0.2480126687190703,-0.6203570789329882,-0.22324575611695627,0.22634549863605022,-0.6671434059859431,-0.08852468400051137,0.012703682628505568,-0.7847095379688722,-0.37308823592926954,-0.12792325165823284,-0.5086926490859524,-0.2988139469118734,-0.03643533359746458,-0.4129737759720889,-0.15635588000379935,0.502887255540819,-0.56369936968741,-0.18554970443262644,0.21455445718622954,-0.641004095439157,-0.33550238721261866,0.09508743094372958,-0.4543169843164422,-0.2672213900768842,0.18703680237260284,-0.3811369706165222,-0.16241832642083187
23,n,0.0,0.0,0.0,-0.44950106179258276,-0.17792011603826388,-0.08572053148273213,-0.6885873660755332,-0.4821443249948236,-0.11939230897409871,-0.6300460635994509,-0.7657691949435944,-0.17945043789481302,-0.4142684764933473,-0.9393015569558619,-0.2248740227368708,-0.5207340635332607,-0.6987921895616748,0.11805270318368048,-0.6128717929714863,-0.93670552364987,-0.09252677292028473,-0.6319942071137777,-0.8935483485026662,-0.2256009269763463,-0.6407551455325627,-0.7620444739500777,-0.27177654007104907,-0.2222064090786976,-0.691930121763809,0.07453480772296538,-0.31777402520064285,-0.9999980752922569,-0.16646145214790187,-0.39777708572105086,-0.8958015652225682,-0.2732515720314446,-0.43490097002079814,-0.7337708387734643,-0.2663295335583078,0.07585903236645984,-0.6446330771178048,-0.0064650004284357385,-0.06276557833419498,-0.7981479676784279,-0.2916787737545258,-0.15171422156195538,-0.5516284545037108,-0.309273240634712,-0.16648547784355217,-0.34922504499254653,-0.22190190360360557,0.38709542223153504,-0.5552300219440887,-0.09245961063964588,0.1778293713148983,-0.6658095227386033,-0.30030872887634147,0.08513151404881884,-0.4835416904852843,-0.2930492657286168,0.07676223490382668,-0.3310299822678601,-0.2210814439634921
23,n,0.0,0.0,0.0,-0.31797615041070026,-0.2517719996925377,-0.1229824122195284,-0.32884254396651325,-0.5491086123212691,-0.20695689907069326,-0.2392543347190939,-0.7848372910126237,-0.33106743809492106,-0.08083567902486263,-0.9506926723230951,-0.4158403290494846,0.09337858304722924,-0.7201153366517289,0.09880618183593184,0.15306994331166646,-0.9999982170906297,-0.24300738684122894,-0.1257110799535237,-0.9284667938977769,-0.397279984117778,-0.233841222910646,-0.8022896416966182,-0.42815350459181367,0.38143381439250096,-0.6734762841191806,0.028594212948706788,0.429525626581047,-0.9870066424806752,-0.3530478335601899,0.044466847145150354,-0.8466484125775391,-0.4207469329971813,-0.01524693602169829,-0.7108147205562481,-0.3300261280712052,0.6510359534802781,-0.5764839474797614,-0.10193396863573481,0.38618661954628797,-0.7300477791277177,-0.46801765250571803,0.06390893817654081,-0.5368564090076535,-0.40459771426020197,0.13988240741239097,-0.42937392661331086,-0.23624443756154853,0.8816445590048887,-0.45239619001811393,-0.2449007671565794,0.5161404101911584,-0.5684463996620585,-0.40480130039903944,0.2903283929283609,-0.43566105340224626,-0.3101962058438406,0.4006227179120656,-0.35816272053273873,-0.17611355918568528
23,n,0.0,0.0,0.0,-0.40642717534203043,-0.1812218087032792,-0.09389634931604558,-0.5896949038177209,-0.4538830253436029,-0.11909006707103272,-0.4429715099747839,-0.6644833702878342,-0.15646625358096033,-0.31414717591878705,-0.8245573398013455,-0.1659117420989081,-0.412084256162903,-0.7164569171467081,0.05463954509057307,-0.521120866871286,-0.9484846836434375,-0.1922403250423456,-0.5822712869596894,-0.8906549461048382,-0.32115184237343514,-0.6085583851356133,-0.7557540583701347,-0.35460791698080574,-0.0877967502456694,-0.7125977555044926,0.012864208631878838,-0.15712352858239212,-0.999998095762229,-0.21378120544771856,-0.3103610524377069,-0.8663866408629242,-0.24238481077157334,-0.32122801850078286,-0.7503921379813253,-0.18535618041411467,0.21763782998535108,-0.6501340105326423,-0.07519369950449185,0.15658825590498002,-0.8177411825212422,-0.3290846549585744,-0.035071824013498634,-0.5953584542193001,-0.24882417172622312,0.011180570475223858,-0.4809172465897272,-0.11862684651120538,0.5580184746610465,-0.5243532169441614,-0.17254121792520022,0.39477642525141654,-0.6675988706530345,-0.3383514213095014,0.2052355302693164,-0.5067125998812388,-0.26133670969245637,0.23838974786108533,-0.4267421127665271,-0.15721688100737682
23,n,0.0,0.0,0.0,-0.3759262871955723,-0.19352958918370794,-0.07706815305089534,-0.5426954165293998,-0.5093046395154622,-0.12691841758714656,-0.4287910692168434,-0.7607451552563451,-0.2053466254215568,-0.18842447290186265,-0.8844590856829577,-0.2616330707901405,-0.257148454314574,-0.7198674866679288,0.03130755457720605,-0.2991956451921594,-0.9999981208324414,-0.21745165434451566,-0.4248965258317407,-0.8730820750044107,-0.34205921953565904,-0.4682668007528839,-0.7224250011236812,-0.3697607631640769,-0.0006258397539368494,-0.6880976206157983,-0.018703394665890688,-0.05272158092500118,-0.9876186184746688,-0.28398801079720737,-0.2244698185365256,-0.8267777177075624,-0.3520693233869834,-0.296939709893002,-0.6549997422070589,-0.3053240220809519,0.25191705001079334,-0.6229511464497524,-0.10422252092218827,0.060373682993807916,-0.7498918338430387,-0.38044430979312743,-0.0830499714132318,-0.5048610932571745,-0.3604702210199971,-0.10731508075607298,-0.3255197813263422,-0.2450163672813177,0.507923983814898,-0.5242864871766855,-0.19578562809790656,0.2567870073551191,-0.6140377322611992,-0.36082668366284343,0.13762140584268828,-0.44711728131527895,-0.3226016235706435,0.12905196550368148,-0.31686723170815484,-0.23013534002430247
23,n,0.0,0.0,0.0,-0.37049195251660655,-0.21609861173207418,-0.0839624032243063,-0.5213245901956206,-0.49452327783901645,-0.14512064869382552,-0.4326390717823312,-0.7165651743555544,-0.2384756344907061,-0.25457831664567043,-0.8730572286724325,-0.3136210434636413,-0.39641458264255863,-0.7012319662152853,0.06080044809031746,-0.4437905294736657,-0.9395894721261862,-0.19128981281096616,-0.5596900194421681,-0.9447946363896288,-0.33371899269605737,-0.6143048679276607,-0.8620528514181565,-0.3806160373899201,-0.13726793125905482,-0.702818999231986,-0.0037171753942757744,-0.1602506944900329,-0.9999982288890996,-0.2715459040870588,-0.34982267773216436,-0.8893108177856027,-0.3421562053579145,-0.40211168649810064,-0.7613014852358787,-0.30267124405681484,0.1316574974475286,-0.6497673785318596,-0.10853553801052596,-0.013316889211278321,-0.8163975055369913,-0.3722479443520816,-0.15644513003604374,-0.6016508303684837,-0.32056897762860115,-0.10131738702089126,-0.4782503172848269,-0.20058331442322355,0.3951881645714826,-0.5487795699243878,-0.2241998061657513,0.17771169971578593,-0.659884812981861,-0.3531418709613967,0.06473069943895285,-0.5145569898950821,-0.27614757142708213,0.13698628000761254,-0.43382146864956483,-0.17561541394930957
23,n,0.0,0.0,0.0,-0.39854185965040245,-0.14810966563901973,-0.16266253544980858,-0.6624891243237299,-0.47043520752315404,-0.24222193473133075,-0.662749796103268,-0.7044007752902376,-0.3237021817698092,-0.5600615809399784,-0.851065403572886,-0.3762636164927756,-0.25997191638265327,-0.8301552149008419,-0.029345959982629524,-0.43255730575043905,-0.9830412274241698,-0.2905470236183981,-0.5958749574803418,-0.7705631939712678,-0.4535405977200931,-0.659297568275416,-0.591754673074119,-0.5196009332809156,0.07000645378487509,-0.792077352226577,-0.05785878681100883,-0.10778863967580561,-0.9999980125668028,-0.3178267606884757,-0.33722031907472255,-0.7625526749638042,-0.38745707356538517,-0.4235315824027612,-0.5751416299611495,-0.3538112234445164,0.3740673797542586,-0.6853760591830732,-0.12996306426405896,0.170172294850594,-0.7974246478995373,-0.40866042174045675,-0.0892907162992051,-0.5330586262434026,-0.36942147092843125,-0.18958698209988037,-0.3526825800916581,-0.2570594956212978,0.6466486789595209,-0.525140032389732,-0.21695591825400037,0.3754450724586566,-0.5954685795936318,-0.42961017613591174,0.14100832904825894,-0.4085082758412123,-0.3930006578721534,0.07527355186876582,-0.2685306694258826,-0.2987875628157814
23,n,0.0,0.0,0.0,-0.42312493597362855,-0.1994472336445521,-0.1563799695851234,-0.6021744754112501,-0.5251622479267887,-0.21689758049179592,-0.5275314248921702,-0.7823883485377934,-0.28136090672686337,-0.3511611931966589,-0.9402634782715011,-0.29776010541627007,-0.2258768114731528,-0.8073746138339327,0.04899025929835074,-0.4138610392835971,-0.9946946896734227,-0.23372812176773805,-0.5483690495974504,-0.7846634056120089,-0.3559491998750083,-0.500883964647137,-0.670821020279297,-0.3878741960572217,0.10659720635968535,-0.7810323942365811,0.01995707451005314,-0.10075380400820147,-0.9999979742530546,-0.29076094219468795,-0.32081625204433534,-0.7429789796629898,-0.32316592567306285,-0.26902036740908186,-0.6273125158237408,-0.23200519648611986,0.394353529679132,-0.690734350222709,-0.06500701785333021,0.042118500366904926,-0.7440273388099421,-0.3505262580636309,-0.14931109503106732,-0.4858352867822235,-0.2707343242616845,-0.043799014344133,-0.41390812941516186,-0.12112038836848642,0.660343345262201,-0.5587556836935212,-0.1696393733804832,0.23759905451872126,-0.553407754046848,-0.31306119846076363,0.08604610699338797,-0.37825733787475574,-0.24634903167664995,0.19429629771492504,-0.33252527362988754,-0.13761550301497463
23,n,0.0,0.0,0.0,-0.3894590218006684,-0.20785471321370655,-0.17477533307791496,-0.5663712868052775,-0.5095863114466693,-0.2700602340612007,-0.43591616230937535,-0.7392667726600088,-0.3587988276090888,-0.16986833443956473,-0.8881998267276343,-0.41335281018955317,-0.46972011138449266,-0.737239992694852,-0.08405310572254612,-0.541169271458143,-0.8911307780389781,-0.31803881621190616,-0.5601795082710196,-0.7317904623690644,-0.43920024327028434,-0.4928437111551876,-0.5909742303947595,-0.496663634916621,-0.14040577819799405,-0.7312783270015333,-0.10914107872437945,-0.1789957783643281,-0.9999981607180386,-0.3769665872164352,-0.2660177345039994,-0.8448266806584042,-0.45163579224676365,-0.2746818282990678,-0.7017123899076493,-0.442027347802886,0.19475922056202766,-0.668996132376781,-0.1671604781930034,0.11582744648692597,-0.8290127539617753,-0.4587535858544868,-0.028559426377989246,-0.5967440440291721,-0.4036070544863728,-0.0769865038275429,-0.44297242622106364,-0.2922896387927718,0.5106415525855262,-0.555874622143539,-0.23995656305364021,0.3789126400482364,-0.6542051060433649,-0.440586566247939,0.2405900463207175,-0.4933624791224694,-0.3837804323479773,0.20689315069446976,-0.3885407082169964,-0.29242116708287036
23,n,0.0,0.0,0.0,-0.3555990320280824,-0.2422374594794476,-0.16550847929481113,-0.558920520788486,-0.5678945274872438,-0.2925872080927383,-0.4555248754173374,-0.7970164627090676,-0.4302228639103428,-0.1358656982671314,-0.8822143573049797,-0.5415683151143581,-0.31491552552594615,-0.8516516529577146,-0.09466614245680179,-0.3401222255065601,-0.9999980180236853,-0.3562448699215103,-0.44260291534769614,-0.7847832887230594,-0.5260750287611461,-0.5151318950315251,-0.5775368238481426,-0.6066767632730465,0.06718136290176546,-0.823931040300707,-0.12172983594485941,0.04210153990491308,-0.9944097011909567,-0.3753706301436175,-0.13066799479269683,-0.763727675235841,-0.46170377249996075,-0.2605964054542582,-0.5639360601018774,-0.4671430915712654,0.43745494670581614,-0.7485183854086652,-0.1849223264671284,0.3697971453724766,-0.8394176520267471,-0.4443637703837998,0.1629348554986704,-0.5951879640052552,-0.4100668188701436,0.029817390668911335,-0.4062122573319852,-0.3225891551563252,0.7643149833594637,-0.6303629538632393,-0.2645090894095588,0.671067133989359,-0.7176508337088892,-0.437689468083218,0.4726706340692991,-0.5394582530354245,-0.3802555121534331,0.35830745397241226,-0.38979503718920205,-0.2917685325829917
23,n,0.0,0.0,0.0,-0.36536498163736847,-0.18840263978764277,-0.1343934214635139,-0.5559896652011058,-0.48531475481369696,-0.21103705358196473,-0.5095026737269984,-0.7458183858039298,-0.3044598733653375,-0.3456865839927294,-0.9176470134264185,-0.37244119104133566,-0.4123563688369517,-0.7282837609449095,0.009301158104245023,-0.4779436648434396,-0.9804329771708608,-0.23652234274742417,-0.5332230975809846,-0.8586347404837362,-0.37182417032491627,-0.53598955611487,-0.6881891602234979,-0.4085550674347191,-0.13798905362467084,-0.7057405203142134,-0.012722799038811424,-0.1705334662130235,-0.9999982560832487,-0.26676659648751433,-0.2712624619778727,-0.8620815225669755,-0.353827975302274,-0.3235143249888697,-0.6895845251320581,-0.33568856931399044,0.13155867077766067,-0.6461264027037299,-0.07468974827503337,0.015527488483733835,-0.7827988821380085,-0.3583804520647135,-0.09292949425774501,-0.5415979896163468,-0.3642760091298576,-0.12173243916126655,-0.3528147532395582,-0.27556290972226044,0.39713817030296616,-0.5517544042357237,-0.1461526113202964,0.22378850761589442,-0.6504286045958932,-0.3359615302980399,0.10861373261350721,-0.4739517923564093,-0.3217325554673872,0.0709536403488439,-0.3257764397700484,-0.25143153718189226
23,n,0.0,0.0,0.0,-0.40190130092900844,-0.12164693281032118,-0.2296186571741467,-0.6951891550677635,-0.40225001741539185,-0.38082001397665305,-0.6278144631679569,-0.6452950732488232,-0.5092378266655606,-0.36907065811437756,-0.8135041101443512,-0.5937307276215538,-0.38228851856650675,-0.9849081836945746,-0.2271052317416466,-0.6494440721466381,-0.9051018383715347,-0.5216278841961627,-0.7287825593736493,-0.6072205408778866,-0.722504721090461,-0.7330713383339716,-0.40565411808872587,-0.8321333118125351,-0.06063966614953116,-0.9999978593151062,-0.22802045302494958,-0.41810417705647457,-0.8851679956874589,-0.4832329613761559,-0.5045942231365049,-0.5512175408091038,-0.56011116638932,-0.5091053359707838,-0.3546846038126022,-0.5670091944489094,0.22225910342553934,-0.9021188961110912,-0.2638009751071465,-0.16175851556732096,-0.6908122081264346,-0.4945887995579177,-0.2420872019500505,-0.3833700755722984,-0.4400199965202621,-0.22154725224459063,-0.23948643790250124,-0.35937509841693993,0.45851420396336484,-0.7305688860510614,-0.3299767866168843,0.09186848431357413,-0.5170582537307663,-0.4802164616931296,-0.008342400773039663,-0.30714521954139773,-0.4432973955942625,0.01215059405975683,-0.2242958986220771,-0.37762590238398697
23,n,0.0,0.0,0.0,-0.4085895561113099,-0.20583801916319328,-0.18842098619155603,-0.6053063121792862,-0.5025214380152002,-0.28495319147878684,-0.5587073289682307,-0.7356123057516825,-0.38134683028455174,-0.46683359421483095,-0.8881530226724991,-0.42770897039197253,-0.3811335897544904,-0.7246273152750747,-0.07175308263899521,-0.4690650452000172,-0.9686072765114533,-0.3408747229680652,-0.5359136077552783,-0.7852793357635809,-0.43412673742953206,-0.5210788432689258,-0.6504461077367206,-0.4448207547064093,-0.05915131212448925,-0.7141173786180683,-0.08441588727659809,-0.14151915649045452,-0.9999981644218002,-0.37619604666349105,-0.26018425271187406,-0.7592760472256826,-0.3963430003783124,-0.23655672561242194,-0.6375503987189989,-0.3190976574103846,0.25044067130115916,-0.6536879507126987,-0.14724723904432258,0.10703896908362724,-0.7658347877424123,-0.4548786407832366,-0.036280238758045744,-0.4988264230169309,-0.38642770156320677,0.01065588824506446,-0.4003764970134468,-0.24810886733833448,0.5650727985102192,-0.5455141369160788,-0.22514639643975154,0.37999141463939873,-0.6469031712297563,-0.3873665127245481,0.23577045793057838,-0.4675634615641079,-0.31928502029985195,0.264587800307043,-0.39287060290015147,-0.22070396762598732
23,n,0.0,0.0,0.0,-0.37105426865890934,-0.19295090956028327,-0.07405317844243298,-0.4949040020603419,-0.5040795499138517,-0.11887368092437699,-0.35302091097291494,-0.7364303134241048,-0.19211011732072977,-0.1458871670351875,-0.8770953899118881,-0.24937830935704183,-0.19429436789980478,-0.7391153071603364,0.02491839396503314,-0.3209975222048973,-0.999998102257241,-0.21909935492259397,-0.49129260234611244,-0.9074596183764536,-0.3494575003587378,-0.563653279684693,-0.7678041999789766,-0.3802194386424291,0.06157862388036809,-0.723049685541894,-0.027029071869074443,-0.07227799079768726,-0.9991165460924635,-0.2991277808612088,-0.309303824182622,-0.8636826375732974,-0.37293609479397954,-0.4376988288189617,-0.6787960977072001,-0.31828405231339124,0.2949983173652342,-0.6598620675425966,-0.11190041160427748,-0.05601928309811642,-0.7200408456133538,-0.37018900131636573,-0.23835362539625687,-0.4886298921236374,-0.36399548530631853,-0.2778487781296777,-0.30245967481659874,-0.25618298183828836,0.5045579102167763,-0.5559835657239912,-0.20557787147944276,0.11958724787409492,-0.5848649224952034,-0.3551961838367301,-0.0043235672401726495,-0.4200156163960799,-0.3246700888331518,0.006597447114739552,-0.2863386271994728,-0.23521970971473638
23,n,0.0,0.0,0.0,-0.37804389127068033,-0.15979034825763802,-0.1328101905692935,-0.5690306941164305,-0.4583336507848115,-0.1950185643247177,-0.5224748995667836,-0.7244128412544278,-0.26166741806438554,-0.4503585164542453,-0.9236228035300833,-0.3011027858297413,-0.3913131747491722,-0.7531323676734467,-0.029901687924800954,-0.5032109443751035,-0.9430882049447911,-0.27221966965022537,-0.5082440144710934,-0.7644876450205079,-0.4129404479375792,-0.4898358052082813,-0.611271326626763,-0.4629245961241071,-0.09979177133225818,-0.7758039385182233,-0.05074767462444376,-0.2396223293886589,-0.9999980090092512,-0.3028552196297126,-0.31844642670691103,-0.7794234435564249,-0.37711945263360863,-0.3533031502670158,-0.5840065445523603,-0.3440050163921386,0.16668473398548606,-0.7377791986713214,-0.10689009170167539,-0.06930972396807959,-0.730197819019993,-0.3464412696316632,-0.16693400514393664,-0.44757001417112585,-0.3250010128655792,-0.19719698344908176,-0.26402307426332516,-0.22570038166573833,0.42018015149638666,-0.6466355522621422,-0.1780320195039186,0.1338624689375915,-0.5988465745451355,-0.32694898894183566,0.05436947522105004,-0.41510738551727294,-0.2963051022335309,0.0583722917764121,-0.30139274303446073,-0.21403419773631785
23,n,0.0,0.0,0.0,-0.5307106270315136,-0.10656971141419781,-0.14266098385844822,-0.8878417461329235,-0.4117977419655576,-0.1757432248929707,-0.9114776482997007,-0.705059760879557,-0.2091945172839112,-0.8094523352679316,-0.9104239523324351,-0.22201603915478316,-0.8061624291019451,-0.660219774799727,-0.010941450907882623,-0.9970425943997829,-0.9534569035163633,-0.20523508779452537,-0.8890789005865587,-0.886554975467922,-0.3188901485242119,-0.7500917101438003,-0.7547228630136082,-0.3534817764414454,-0.44046192371310633,-0.7084287377516788,-0.018254521517428124,-0.538101505161469,-0.9999977963682457,-0.20248155224704678,-0.48284953578255074,-0.9202351558809206,-0.2713190215071958,-0.4120852598654416,-0.8268370545159426,-0.2657546832563001,-0.09144264471171268,-0.6933121787842282,-0.06344258658173896,-0.07133504294951933,-0.9093700265084655,-0.3188281857241798,-0.09266784661674599,-0.6470764371250848,-0.31009806392739375,-0.07340086365731992,-0.4558417014431734,-0.2254180825555919,0.25117282651953743,-0.6255230366954756,-0.11748454922558414,0.22649869445799875,-0.7424036601323978,-0.34592770005173396,0.1557702105133512,-0.5396253894348606,-0.34029213905930694,0.14526969954659646,-0.3896505888331501,-0.2729131105852872
23,n,0.0,0.0,0.0,-0.35434030168138786,-0.2211081053182226,-0.15892096298286398,-0.46751535803574285,-0.5287611280608228,-0.21692860138654899,-0.42504458673687695,-0.7769622817284908,-0.2934196858143993,-0.2948624840859041,-0.9556029926101111,-0.32947210832779256,-0.1989398424260245,-0.7314402487801082,0.0665989303653902,-0.2636460584031741,-0.9999982961098466,-0.22394973278103827,-0.4302643525383201,-0.8948999579816167,-0.35247064770781555,-0.4476944460457309,-0.7690091363492586,-0.37847687959717274,0.11037353017269086,-0.7103019034883544,0.04497324100889852,0.020005039848172496,-0.9940782503227548,-0.29300834336679066,-0.24446659790358774,-0.817230120114307,-0.3616981650474436,-0.27945276980977607,-0.6715065801689855,-0.2844464487422116,0.364050735714647,-0.6447565499336807,-0.03377444432154743,-0.001990977678642151,-0.711866330144231,-0.35224094490406793,-0.19582876207355332,-0.49551152661612713,-0.3253130835161769,-0.12135899630483352,-0.3890220481850191,-0.1951299144876471,0.56693668290009,-0.5506366449237061,-0.13095027320910746,0.11277704362620775,-0.5478141466500894,-0.28409657534377647,-0.009679458304224961,-0.39470980139429657,-0.2506585043608671,0.10537983641331346,-0.32874652939707993,-0.16589865218687994
23,n,0.0,0.0,0.0,-0.41302731749787325,-0.21446142333272453,-0.09076574857346192,-0.6022140998233686,-0.48720317164760746,-0.15710781418550449,-0.5387580777639744,-0.7130718496877311,-0.25513801074927084,-0.4308933127169361,-0.8758479647133037,-0.3317457175092644,-0.44170964578501265,-0.7301012793293605,0.06825752734182929,-0.5077089860767765,-0.9619813249426208,-0.1776713054309323,-0.6118374010936423,-0.9727947489957163,-0.3079562964776458,-0.658224442096184,-0.8990532051883924,-0.3485879911966807,-0.14825481572356133,-0.724954728344531,0.001776050377296346,-0.1691273898107251,-0.9999981228779736,-0.2597639879089829,-0.3499701661464569,-0.8538936845939578,-0.31184646067494104,-0.37135992953169283,-0.7429962154865849,-0.2625927252650696,0.13853221634576163,-0.6700479097162556,-0.10753228997182844,0.030120164884116403,-0.8590916468243177,-0.3677349040315315,-0.13834212340526952,-0.6342421869368796,-0.28366585355813806,-0.09451054017838371,-0.5239117519804272,-0.14613145732217256,0.42014780297512877,-0.5666289586991898,-0.23028758244591205,0.2287677352391175,-0.6920219375719152,-0.35738278262331463,0.08138058917624845,-0.5404990113449379,-0.25917880038572877,0.1301484351703918,-0.4615021921178679,-0.1442666808197805
23,n,0.0,0.0,0.0,-0.4791507922519658,-0.15533177600239118,-0.1622175237716542,-0.7109309375381236,-0.4390508919295189,-0.22861868576639277,-0.6658354261433084,-0.6892808569138337,-0.2965869021126692,-0.54205249281882,-0.8653756028126274,-0.3131120687873156,-0.6583091394132454,-0.6950434571062065,0.020817000098870303,-0.7727450696620248,-0.9208033675412423,-0.3033515260360609,-0.7458713175878329,-0.7381190303804206,-0.45158691647682636,-0.6646907101838172,-0.5893964146918069,-0.4811309760140543,-0.2747942158263015,-0.7146895491227498,-0.00726666193644528,-0.38613346870106624,-0.9999980251776954,-0.3538012182710183,-0.4346994410718873,-0.7264605250266132,-0.40426753684317657,-0.3759801618389805,-0.579286130316425,-0.3131678332280158,0.07961737858139127,-0.6696407091806789,-0.0900296166116696,-0.05846373390148727,-0.7833134758383672,-0.42958535802682524,-0.14012782930587406,-0.4892539552581397,-0.3279391420315653,-0.08702313172353449,-0.38165277382045043,-0.1407376350432952,0.45464433632371787,-0.5846719453379668,-0.1864557659823499,0.21744730095038253,-0.6330486423090078,-0.36093109192420963,0.1553079988688367,-0.4437831300497678,-0.2630426046992113,0.22956210362212998,-0.3916833106315594,-0.12253532706583958
23,n,0.0,0.0,0.0,-0.08307736884083863,-0.16280287139532176,-0.11070718836498797,-0.016438002425052587,-0.34628025345643376,-0.18974048080184955,0.06223090273308554,-0.46599560747131,-0.2630557072137744,0.16841317219822102,-0.5614951682416739,-0.32423016679831,0.4983356320830474,-0.37314960236938444,-0.07394123150775653,0.6322023575094906,-0.4479641019247741,-0.16192998896717636,0.7095322067089206,-0.47197875604449324,-0.2568106458845337,0.7566609546215238,-0.48671040766117696,-0.32142955128203593,0.5551738468025422,-0.3658359740149,-0.07141894071293717,0.7286775664333378,-0.36445823270918415,-0.14498622344681347,0.8495494704157753,-0.32981399283532126,-0.21043979451308978,0.95927468833582,-0.28875427866820563,-0.25643850765410714,0.5752686325552779,-0.3911898074915633,-0.08693063114176489,0.7492492863684822,-0.44456744207872534,-0.16599355458006265,0.8773090142037313,-0.4500598358670602,-0.2179476516911476,0.9999958594422789,-0.44198952952899767,-0.2482283448402393,0.5590084469884015,-0.44859873905287945,-0.11342312955414913,0.6552699301673764,-0.5749734022754818,-0.1744175973865979,0.7096251255806809,-0.6391918803969385,-0.19784458283181564,0.7536151159606207,-0.6806887328153303,-0.20883446058572327
23,n,0.0,0.0,0.0,-0.4010931391505199,-0.11313736624832846,-0.2445581198820817,-0.6453065886603181,-0.35359206718436004,-0.4268267198579517,-0.5400085387541416,-0.5655648582437574,-0.5916602881286794,-0.3228936260862008,-0.7496843134215968,-0.7270287518296624,-0.434519997154057,-0.9907976867692646,-0.23199853052554054,-0.7284498349810431,-0.8629575933067617,-0.5913452722088431,-0.8369764639761557,-0.5406574010865156,-0.852887452255308,-0.8413411292102322,-0.29598388011955573,-0.9878118200461631,-0.11168438113408136,-0.9999979617855262,-0.2668550633156661,-0.5002464955706176,-0.9294277746979764,-0.5841393893437551,-0.6709749192097446,-0.6202950171014953,-0.7140646865270722,-0.7334859591387354,-0.38731274161756324,-0.7379762535945112,0.17808738018681963,-0.9009578009239737,-0.3448000002673678,-0.17555267438216648,-0.6606338807969294,-0.6125129327720693,-0.3036601000975039,-0.35441453451073573,-0.5909698164817879,-0.3402862588110025,-0.20883854666454268,-0.5156821657678727,0.42117616333414765,-0.7221812854478091,-0.4526064844037029,0.09511573432377637,-0.4679613121165067,-0.5926683269234508,-0.027256105545300436,-0.2569215415986995,-0.53657453667651,-0.056281062534032124,-0.18418700197746496,-0.4556434480435212
23,n,0.0,0.0,0.0,-0.3922688189979801,-0.1749369154742643,-0.16868127649498077,-0.5249530488874123,-0.49909640975196956,-0.24686197720455139,-0.36578309787422325,-0.7289050175803651,-0.3177001812468137,-0.07685660042683529,-0.8576007445226264,-0.3565365195791281,-0.43072031435389635,-0.7148026894100007,-0.11373433262305234,-0.4448695105124214,-0.915671243416391,-0.3638862216024871,-0.45237008711827986,-0.758277923546709,-0.4976135959668043,-0.4533026698498592,-0.5781303281203025,-0.5460301385495213,-0.1028368585253884,-0.7102400934164574,-0.1233066282321912,-0.08610673833026437,-0.99999821899352,-0.36303322952577427,-0.16992474772565688,-0.8486643514414149,-0.42167158478571987,-0.23876655063009758,-0.677690142943488,-0.3978462191190405,0.2198573609152094,-0.6569778360985782,-0.16851823375134226,0.15743302231038883,-0.7934434846137667,-0.4336924806551442,0.022315107115000857,-0.5579760847267202,-0.39605817617773653,-0.03837283356831233,-0.3892515396605096,-0.29444105306337215,0.5219687310682294,-0.5595251168518431,-0.22861934263725414,0.39376487915007424,-0.6527810014939542,-0.4152345611954574,0.2562591912305641,-0.48617804233348955,-0.37905687982008324,0.20628422169384025,-0.36182500869513395,-0.3038878719748756
23,n,0.0,0.0,0.0,-0.3197783577554547,-0.23808905069188463,-0.18168035805478935,-0.3713904604590112,-0.5565198470660921,-0.23933441514769926,-0.2922732105110178,-0.8037251954655417,-0.31362624468454503,-0.05425371650289769,-0.9444491728488933,-0.32818060813718664,-0.08817263587391873,-0.7382986385328889,0.09152019861376878,-0.049189791191455876,-0.991107796318157,-0.21398008477362623,-0.23707923669365993,-0.8642677304809749,-0.3114073616307829,-0.24449119691561094,-0.7501809074536968,-0.31028486580485964,0.2720738501790998,-0.7014247028188219,0.07354555912871458,0.32266451298157384,-0.9999983329035603,-0.28548256708314945,-0.005737830210429261,-0.8016925504325592,-0.30796271591737995,-0.0036241019575155168,-0.6840803462553656,-0.17931561711934027,0.5901384802966325,-0.6093393047497647,-0.011704652676836355,0.35902020171824944,-0.7333560399512707,-0.3653920179758756,0.05490536326308048,-0.5227903206082929,-0.28665077158697516,0.1530884976977029,-0.45397024212480425,-0.10542465765603333,0.8543933642870676,-0.4921914411200452,-0.11226903533846556,0.5166209408584501,-0.5700350088216185,-0.2550443386927251,0.30555466180909524,-0.4390578853258301,-0.16764204309149883,0.41248782832791653,-0.39015546260501294,-0.041395736706520116
23,n,0.0,0.0,0.0,0.23301706283909307,-0.18125540712562416,-0.031216474057658157,0.3512404227532803,-0.5001652376886576,-0.03952590243401631,0.26555136252218703,-0.7395480289857922,-0.06055437185061028,0.08802263498769015,-0.7648959325995843,-0.08264247092404618,0.250798339631323,-0.6830336631269756,0.021500602361709892,0.2955901147244742,-0.930190273896652,-0.052585459760480235,0.32083450914172984,-0.8726933548313185,-0.10717612179576565,0.316305720406398,-0.7207496959215332,-0.1315541276835096,0.11735093770465863,-0.688762740323155,-0.009353707474864791,0.14865201418255256,-0.9999970764374609,-0.08607363088777223,0.2026608127309313,-0.8953655282888513,-0.1323152208729418,0.21620413723398998,-0.7230177497052382,-0.14618794727512155,-0.01962841060247723,-0.6481696223612305,-0.05286518181953382,0.013275925745339392,-0.8748257488347143,-0.15386396449756892,0.08710185620907253,-0.6700305381344609,-0.18444962513980528,0.11221085223287888,-0.48110107418783893,-0.17603728113290507,-0.15917710461387646,-0.5661418950062794,-0.09716417733498192,-0.0932340790722337,-0.7404844909760062,-0.16750256451107598,-0.03973820867201184,-0.5912544633171716,-0.16917270674378598,-0.03336455147921881,-0.43924345372647494,-0.15532981111699698
23,n,0.0,0.0,0.0,-0.42601830723199113,-0.17452571180467186,-0.18952740884796987,-0.5931020122562054,-0.4865544956735268,-0.3029780465361793,-0.4004645527458152,-0.7138011869814972,-0.4109156108643943,-0.06719202346339216,-0.8365536533599275,-0.49028326975217484,-0.5423341693643098,-0.7013054859542772,-0.1725152564343158,-0.6830490572663233,-0.8949942051858261,-0.4714628174934965,-0.6825219970240676,-0.7136881160180898,-0.6272813179492353,-0.6528243276860807,-0.547493910125851,-0.6806180130343348,-0.18976593288958798,-0.7177589539446524,-0.18933114915221588,-0.3085750210947957,-0.9999980991823884,-0.4866625063768505,-0.396809233615141,-0.7868394211135301,-0.5543376872785701,-0.44262251762398314,-0.6017864967122214,-0.5149094004779319,0.16846270625779453,-0.6790273904801601,-0.241456934094001,0.035061855543885384,-0.7870630704940573,-0.5474842046658678,-0.10135406979747638,-0.5151701733276052,-0.5051150531386104,-0.16775482311213377,-0.3391179468681542,-0.3815014686666149,0.49997464812952697,-0.5928434105788734,-0.30925628911986347,0.31297850065318616,-0.6323130509883731,-0.49423497529594906,0.17523574760394456,-0.4475611582000638,-0.43932817432042803,0.12755152436240894,-0.32758470860059946,-0.34123395852559635
23,n,0.0,0.0,0.0,-0.3871644229509217,-0.18014365178616043,-0.15902889386408706,-0.6235211698133155,-0.4838189705362711,-0.23572104227775972,-0.6696616916215038,-0.7352447635010652,-0.3173900746737363,-0.6069271135078272,-0.8896696548454956,-0.3568268142383069,-0.3267851910598288,-0.767943949930216,0.012652587976051444,-0.5207481346442359,-0.9761757024831149,-0.2348118737783854,-0.6205495626422141,-0.7865642019169571,-0.34710837271922707,-0.5935282230510203,-0.6632821735487421,-0.380246262694022,-0.0785315488496455,-0.7830235783497391,0.000823995987219949,-0.31974216748614825,-0.9999980596522388,-0.25581035697132437,-0.4571023207205995,-0.755222154288666,-0.2941962377494693,-0.4045619836084465,-0.6556867298904984,-0.23305408151202833,0.15413046583824877,-0.7377484934708476,-0.0618514684961426,-0.18451374396983125,-0.755309761995995,-0.31033169806619715,-0.26659586260825285,-0.48344147673201815,-0.28257442482000567,-0.135936860494856,-0.4061334287877623,-0.1861246277229235,0.37663750396902623,-0.6446132313378617,-0.14339068679839642,-0.01722350178025745,-0.6108572010412896,-0.2878470787832077,-0.061873362545855064,-0.42400204712442996,-0.2720802069328261,0.0794379272025653,-0.3694123835832145,-0.21076643500335515
23,n,0.0,0.0,0.0,-0.40284210316793917,-0.15682181110209872,-0.17773843532614825,-0.6065993554397886,-0.4868716671989535,-0.2040167072747758,-0.5705603142493111,-0.7639717888512029,-0.2099825044564067,-0.4636807576479077,-0.8989844124260257,-0.170586914220308,-0.5783252442731336,-0.7150380642158852,-0.09267171179167476,-0.6406697218905736,-0.9408106262989812,-0.3433702450406062,-0.5373080485601576,-0.849137455803824,-0.43900948492373587,-0.4771059539109443,-0.72216993412702,-0.4618808924356343,-0.19894830634036956,-0.7101010730439924,-0.08766944810026564,-0.20440175590710769,-0.9999981360150488,-0.34256244900439636,-0.20046718398174426,-0.8085399207280277,-0.36393797702222197,-0.20515080667575283,-0.6925583751477055,-0.30631256368811094,0.1658445286892306,-0.645602380078192,-0.12559058072768603,0.20453907817795391,-0.7944789423493619,-0.4156473391672356,0.07397981806871838,-0.5503975496440987,-0.3212548044068677,0.030087687289760936,-0.4824370244474744,-0.1760595289097977,0.5120317514494158,-0.5344453902829532,-0.17528356364267964,0.48942935004454535,-0.6426533954219849,-0.372392962567263,0.3389458061184239,-0.47813748192362393,-0.3125320626541087,0.28327906832952643,-0.421183236743382,-0.22102315670381095
23,n,0.0,0.0,0.0,-0.34659649100840945,-0.1914187608178244,-0.09065852892514228,-0.5325632370596817,-0.4680686719995917,-0.139765366600543,-0.5764943051663123,-0.7266880995639452,-0.2123421677045902,-0.5579303381428342,-0.8998890968861634,-0.26998231873262857,-0.41023629149623625,-0.6482491914632943,0.064483387107387,-0.526558262423583,-0.9281910273797873,-0.13351358278533382,-0.6179029298082637,-0.9284907663969832,-0.24242293511602647,-0.6436986203963587,-0.8250370504892754,-0.26982240248081574,-0.19210977286516462,-0.6646767567707237,0.03485762717253762,-0.2965155283542067,-0.9999981996648223,-0.2055374508469193,-0.4204835403420598,-0.9334823747361556,-0.2995882869857509,-0.47988578818706645,-0.7846307393853598,-0.27821598025609556,0.034326006014018966,-0.6487958201408548,-0.027613411130319638,-0.16042913201785586,-0.7424399442623054,-0.27417810160459277,-0.21700943882474952,-0.5217598627483188,-0.29588631026160067,-0.19748844238218552,-0.3418255622678636,-0.2182778882215721,0.2652243631223683,-0.5912861694662711,-0.09770151053545127,0.03274449571761401,-0.6236791767203301,-0.23665731172949572,-0.05490302381815993,-0.45230357472139665,-0.21963694833176134,-0.05337817232461166,-0.312633294487683,-0.15351067949981903
23,n,0.0,0.0,0.0,-0.4009348112871715,-0.22241818387653708,-0.07629100427029344,-0.500708249498367,-0.54269002693453,-0.12825846478307412,-0.328836896543411,-0.7884920841063766,-0.22457008523217814,-0.05956414189903024,-0.9380842704958571,-0.3017530853117408,-0.05405061370266429,-0.6996248099573397,0.08864583257509577,-0.059709344999226484,-0.9999981502628884,-0.22170328871638253,-0.2703682828183367,-0.9344882611442998,-0.37367481588381296,-0.3679277320735406,-0.8039027416093991,-0.4047641281835573,0.23047943662820666,-0.6531045260534254,0.010819542002536113,0.2250226886874224,-0.9958259315701007,-0.3435409002923075,-0.06404349767334547,-0.8647080282310445,-0.44785968065250875,-0.1811251013267643,-0.6863450658324819,-0.39455578243720524,0.5112586825029832,-0.5750621595619572,-0.10991339815894442,0.2716265994337807,-0.7489793106381673,-0.4767472145075347,0.015518870747398055,-0.5079706095666486,-0.45786017207490864,-0.026207781423879466,-0.3169785882342557,-0.30921831075918793,0.7949177347385236,-0.46525906803010675,-0.23485513945002717,0.4644654674870448,-0.6052290683408079,-0.4562274916578577,0.25395889920815573,-0.4388193695817301,-0.4057555775977674,0.2307304825349241,-0.2973333915734599,-0.28294570061631424
23,n,0.0,0.0,0.0,-0.34702300330231967,-0.11695179499218651,-0.18112255792581267,-0.6332141512510331,-0.433858198981375,-0.2912225401242555,-0.6943488348912831,-0.7184488967167896,-0.4011704115927656,-0.6163392896326213,-0.8813596074041812,-0.46574018468020895,-0.3983581065006565,-0.80746505410477,-0.09028762988673197,-0.5682317950109385,-0.999997719651896,-0.33998299124909653,-0.6175936892095669,-0.751764017868091,-0.41388889381328986,-0.5648170934645514,-0.639698862900841,-0.4194488782421909,-0.11722336183092716,-0.8201255327475002,-0.08769645511862433,-0.3529811634339688,-0.9991771746041095,-0.3157517332819011,-0.415305752924947,-0.6748931368694642,-0.28128100892297814,-0.31990621175416617,-0.625492981376989,-0.18633863244794516,0.17900726419252083,-0.779811041370369,-0.13653761684578247,-0.11932114090456235,-0.7886259541630046,-0.37085295747685715,-0.15542790935360862,-0.459128662232505,-0.2936940633995059,-0.019011513622917774,-0.40339976253139065,-0.1786950045566347,0.48088207667520005,-0.6947987279024099,-0.2041361824971832,0.1768506320452246,-0.6993145120116788,-0.3359579439122366,0.12142041509092334,-0.46770632781942395,-0.29053475429055314,0.22993012403655316,-0.40346350870124514,-0.21358694294621697
23,n,0.0,0.0,0.0,-0.16833513441035997,-0.16899875226748937,-0.03518303311638092,-0.39162379036162087,-0.3044767793261454,-0.07678083283584106,-0.5840597706343787,-0.347426784105746,-0.12364029240263656,-0.7268280039936045,-0.3501010055005368,-0.18725373500241133,-0.4031140928551025,-0.47210927070563435,-0.15624703569871223,-0.6540300081178856,-0.5826896167241803,-0.26650662279987153,-0.8457671909060901,-0.5929558011157715,-0.3288619901742538,-0.9999968139475948,-0.579069628314661,-0.36196340840682684,-0.3123817033269663,-0.41351520369897315,-0.19539406815651425,-0.673308538898007,-0.3929421006103524,-0.2991801646597604,-0.8119132799681587,-0.2748087218169866,-0.331605383926881,-0.8793166864984848,-0.16828015734078236,-0.34040000592760206,-0.2116215532789303,-0.2938892781755721,-0.23223131594693927,-0.5759199359770207,-0.12952122833680554,-0.34213838276668135,-0.6768210893900356,0.05307509085445207,-0.3375049267368916,-0.688243881181497,0.16973377384883703,-0.3110577041722488,-0.10015549723444317,-0.1458605273573847,-0.26795245326353007,-0.4068013545872396,0.0015646151165800988,-0.3540018219426718,-0.5235689472514096,0.1399919388214368,-0.33033196212312843,-0.558903915756304,0.22934942685132811,-0.2909288803730125
23,n,0.0,0.0,0.0,-0.3592804046317966,-0.23150648594948373,-0.2334970846434523,-0.35773259620898884,-0.5649240889618656,-0.357162045709964,-0.06789786787763859,-0.7942344287362897,-0.4706240985403303,0.26502636678069397,-0.9585363433629832,-0.5473987078249715,-0.07900864341523102,-0.7756579582474956,-0.1680492358124155,-0.005122357309712374,-0.9999980228478577,-0.5158849441539148,-0.07483625440887279,-0.8114621940709174,-0.7050557349974068,-0.1406297203521366,-0.6350175137773084,-0.7705945325988336,0.2865575674873081,-0.7058206748670286,-0.1723035435282228,0.3853926893051997,-0.9315132746637182,-0.5270438014515579,0.1947915250239257,-0.7010137362601977,-0.6223582895914253,0.032042486260437465,-0.5258518843955879,-0.5968895698485044,0.6334872646247153,-0.5957490932049415,-0.22588805772984463,0.6918592284109416,-0.7308468185073262,-0.5917426413452367,0.42751938195665745,-0.4968721944656334,-0.5440380520618218,0.22823969568113878,-0.3294478526981981,-0.40677016594734594,0.940128217958092,-0.449545129491832,-0.29753323885770716,0.9775753061736373,-0.5768881978929065,-0.5808154721364652,0.7067686986874395,-0.41405442681207405,-0.5420912710932994,0.5061462585540352,-0.283324481589979,-0.43251703513673645
23,n,0.0,0.0,0.0,0.2720698952121576,-0.08955616124121572,-0.16399260822033435,0.517975637175174,-0.22952888737180968,-0.2960409439480195,0.7652436613205241,-0.2755116363153366,-0.4219475382268136,0.9999943497398205,-0.26541180419258,-0.539332480716362,0.15685988926983063,-0.6406942764489411,-0.2169530330161702,0.23752838010516603,-0.4538118938009443,-0.3838774344226333,0.2688128788993395,-0.306634732455398,-0.5091760744944999,0.2745184669319739,-0.2569951230653137,-0.593664259752946,-0.0678483041197975,-0.6062838536384818,-0.21635490862659676,0.004860602619661534,-0.35411893863981225,-0.3344312850995735,0.04546966194605217,-0.20908463537971556,-0.39314086906706464,0.02782802348939323,-0.18673588258636137,-0.4466837789499172,-0.2534758379639932,-0.5249221817643854,-0.2316957594055,-0.1826134213692041,-0.29892015708329117,-0.34081289935053316,-0.12777583824050823,-0.1766691392706293,-0.3336799250133469,-0.13895000414859104,-0.1683610702580237,-0.33125212851778835,-0.4013843208815883,-0.42517079496947463,-0.2662508089291053,-0.3283931068394491,-0.22892032274795876,-0.3235702420243769,-0.2703285651692018,-0.1195573531736383,-0.2922923104743457,-0.26382884576797827,-0.09515852566720358,-0.26756893060435405
23,n,0.0,0.0,0.0,0.2742231041160473,-0.212447270230539,-0.01126548975632107,0.38123980455614925,-0.4901505768624781,0.0015062851742305833,0.32676158458069987,-0.7216788486855669,-0.0054110334362463585,0.17465527588942803,-0.7688141655675302,-0.01412876118633921,0.300771900979222,-0.693163820031596,0.08380530843559422,0.3364519559895415,-0.9380334779085558,0.022484934795134272,0.3266399724001322,-0.9188358472071525,-0.03474923330905984,0.3011844236249235,-0.7879709855423633,-0.06133099965700141,0.1587851386327785,-0.6997915577188186,0.05478422598369276,0.16279228521322536,-0.9999957669837726,-0.008376490853196588,0.18278487354517534,-0.9625785753277928,-0.0618923679163411,0.18110841683608458,-0.8117075638067683,-0.08528614711600677,0.014137289837274832,-0.6591747294075098,0.010625806590855588,0.0031387044113310057,-0.9024751612325183,-0.06919420009122126,0.056149252074826045,-0.7503935786692457,-0.11359626271494819,0.08610054076589502,-0.5437117854888132,-0.12061505326262287,-0.13074116794793594,-0.5800899751539681,-0.035675615513763186,-0.10895934148632731,-0.7897010575800238,-0.08980567489161628,-0.04863641992820244,-0.7017522387461862,-0.10871073147577862,-0.0035315470776045087,-0.5459464723836008,-0.11222285088138373
23,n,0.0,0.0,0.0,-0.3947156412835635,-0.13422783179255407,-0.09428000994947494,-0.6563916960332575,-0.38796207696053403,-0.15411033859864184,-0.6452543330632957,-0.644667220226127,-0.22158229530248177,-0.48075970041010346,-0.8103698737305585,-0.2656625755232345,-0.607397010092144,-0.6609794055452054,-0.014574187631097161,-0.6855662230987902,-0.9030710413000165,-0.2116350582671536,-0.6532913162460652,-0.7613294816648662,-0.31748799221358043,-0.6022073133059762,-0.6033382834334868,-0.34844391833407545,-0.3246298014664286,-0.690801682999717,-0.041709735164851824,-0.43399162081224213,-0.9999980877268713,-0.225620747704507,-0.4342700748330543,-0.8122043876335349,-0.27113551350535736,-0.4086815408808172,-0.6405419290369113,-0.2398182981370239,-0.043239247635379174,-0.6706842063536538,-0.09674189312821024,-0.17575788693137637,-0.7599218812023122,-0.31468455976069865,-0.18264241468867234,-0.4935354170825433,-0.29165702203446353,-0.1513286472262454,-0.3176777403455095,-0.20158934220031427,0.2465073773977862,-0.6023462553654809,-0.15710333463865553,0.05122026646112085,-0.6668911109252474,-0.2940697868015763,0.00735914197860658,-0.47274004224213695,-0.2477399331949215,0.017317948020530112,-0.33680022543419263,-0.1666532503846679
23,n,0.0,0.0,0.0,-0.3338050394164037,-0.023293380510178756,-0.1567928548052352,-0.6135493373508394,-0.23683313097313857,-0.2345765270110788,-0.7615644694961201,-0.4910407839140296,-0.29792286341578905,-0.8064796714265449,-0.7006298468171691,-0.3244729168906527,-0.7456831529692668,-0.7010635594831877,-0.13573791665173715,-0.8578061648749523,-0.7815400781878921,-0.3312275735604218,-0.7367428743478366,-0.5196213708268188,-0.4090540595615742,-0.6407367291727084,-0.40274974411714676,-0.4411110374580287,-0.5241070821689873,-0.8775345164658656,-0.1315247623159451,-0.6845450161035875,-0.999997505915654,-0.3420031220081869,-0.5640559210083473,-0.6320702432856877,-0.3497359921383051,-0.4728818626721565,-0.5093548308343914,-0.3007148468929365,-0.2876834324429946,-0.9477043944097935,-0.15724102456012104,-0.397215466437442,-0.8158167581143915,-0.3680585869518274,-0.3053033161092094,-0.433334180175299,-0.2994064431856943,-0.24946580212192734,-0.35267953081007813,-0.20096446436019294,-0.06152535642585469,-0.937764421100854,-0.19896375563644747,-0.1541669765234628,-0.7044314293884661,-0.32561554721770847,-0.11269200427215889,-0.4522013872774105,-0.2915852881851282,-0.06796162265776767,-0.43302459778387364,-0.23525026823352246
23,n,0.0,0.0,0.0,-0.3936191673989058,-0.21560699648638137,-0.15461773434444304,-0.5161707107045993,-0.48074342249511803,-0.1941795970881881,-0.40092448659137814,-0.7007513445972418,-0.2403362332840194,-0.250692099146135,-0.8726349820939774,-0.24119210465145127,-0.41263632763833885,-0.72714978074533,0.05064159937102776,-0.497406576521864,-0.9580139441890577,-0.2530427921849679,-0.5194720569053862,-0.9007912348648571,-0.39174399386315584,-0.5292966615170036,-0.7357977082450938,-0.4172386917861891,0.009094702948384213,-0.7056084451694011,0.024035443608807616,0.037672575259735094,-0.9999981769066751,-0.31576836999991925,-0.13473439205836873,-0.8546399504119042,-0.3871219624845336,-0.1862056620931516,-0.7081161577841492,-0.31591066659482825,0.3555237229531543,-0.6219750477375278,-0.05674613704518498,0.26718399740077203,-0.7569262804641981,-0.397136458886608,0.041197445015869714,-0.541053815798082,-0.3019048023213506,0.06697589397628836,-0.4374294039201512,-0.12155561765893319,0.7038330791765617,-0.4790308104416141,-0.1499733859263558,0.4819752470082058,-0.6107706714467527,-0.3557542293272921,0.2997526942593762,-0.45999050459338714,-0.2702447064389447,0.3311063009887153,-0.383904911922172,-0.13768918005348108
23,n,0.0,0.0,0.0,-0.38178128887033097,-0.23877870610191063,-0.19698158247169512,-0.47049928584794565,-0.5467055586414001,-0.33884879638333826,-0.1968760864967715,-0.7500434844228184,-0.47915900972335107,0.20013404814214233,-0.8504312778989892,-0.5924045941464712,-0.3868112104774836,-0.7410760072832265,-0.17986932388905288,-0.41162628276587016,-0.9176978788382433,-0.49779591115825134,-0.44681310814645353,-0.7379167271409117,-0.6868482445878674,-0.5102372912454411,-0.5388341004277397,-0.7619986798187894,-0.02174100716777153,-0.7363137796981762,-0.20414288824444016,-0.035275856814003574,-0.9999981706067491,-0.511677454549198,-0.17014959165830626,-0.8003859349871204,-0.6145804541696986,-0.2958207584010404,-0.588850574910952,-0.6090587061321212,0.3550847256037872,-0.6827749207575368,-0.26393132582786294,0.32867864578933326,-0.7985023722426006,-0.5594769754640299,0.13179945164301798,-0.5621236439111473,-0.5217100921999537,-0.002084524081682616,-0.3747762106373689,-0.4121704071178445,0.686826096318909,-0.5862874182793638,-0.3424701622047423,0.5894336681016618,-0.6723286385964572,-0.5139574879513,0.40973628664159306,-0.5041257985567271,-0.44256480074061894,0.31624532160594354,-0.3636520247144114,-0.3398564653779425
23,n,0.0,0.0,0.0,-0.311064291749909,-0.20888541986228157,-0.12389901483568216,-0.40737836916634945,-0.48706044463487175,-0.22242369231338882,-0.298673386727664,-0.691028167860342,-0.34703457131366305,-0.03341227726931758,-0.7854036384765953,-0.44289193395749965,-0.007664231626082484,-0.6661197030280471,-0.01573914719447024,0.16067353728302167,-0.9391039857687106,-0.2609335700646647,0.0678816059173732,-0.9985825404644728,-0.3543800174017798,0.01117946681751888,-0.9999985135258954,-0.3833440713164695,0.24667634673867633,-0.6150413200291642,-0.07788784225774534,0.2325944961933421,-0.8653477285454926,-0.40607233722360564,-0.08350785632715425,-0.7348615558838565,-0.43612172830997264,-0.15598199408858326,-0.6347416549301923,-0.3501750917367722,0.4805881147457218,-0.5252961916317103,-0.1846477943410734,0.24389552325491015,-0.6565080266758708,-0.5015413848823064,0.03680940764638259,-0.47620033926026484,-0.4208696389137628,0.1190115988595204,-0.38611263602052504,-0.2714328709904165,0.6857673647766792,-0.4065625776597294,-0.30460473009484534,0.39390387683745626,-0.5118244902267876,-0.46738051978356354,0.22606382270309422,-0.38706784082452944,-0.3911551144034773,0.31986792916205004,-0.31810552712523954,-0.28613793928840514
23,n,0.0,0.0,0.0,-0.38768261623161276,-0.15784863065686847,-0.18736939729196958,-0.5514695759256207,-0.4451077705898118,-0.2805189688620338,-0.39223627517475623,-0.6946279991454417,-0.3522853858177114,-0.1157646866225342,-0.858693117725849,-0.395972994878826,-0.626595434399618,-0.6694960517850089,-0.16996475506923764,-0.7453062409386639,-0.848226253774015,-0.3958440989278831,-0.651900515371063,-0.7070489541988624,-0.5131457095356375,-0.582929246278859,-0.5419007962923118,-0.5594845587598581,-0.28431193757529666,-0.6890619159175665,-0.17282275573177328,-0.40068734888030927,-0.9999980883843442,-0.407307093576838,-0.37225258876409273,-0.8164057886993088,-0.47857003297828027,-0.3443794446851777,-0.6385370389419964,-0.4735785265960334,0.06466321034553099,-0.6519501367515144,-0.19856215196598637,0.018173730891788642,-0.8184690354437713,-0.46597543157857274,-0.06631957316440945,-0.5596757330817358,-0.42280508695351815,-0.12505932379576049,-0.38361064359353964,-0.3241370738081648,0.3993759999305623,-0.5541357423822725,-0.23637770302418645,0.28074443947671485,-0.6409019449396047,-0.4268553822835984,0.17123535108504426,-0.4556647620087803,-0.37220486637789424,0.10667639691198857,-0.33442337900788666,-0.286138689896677
23,n,0.0,0.0,0.0,-0.16362654549054204,-0.09679507487944766,-0.10340979879329293,-0.2924788769596757,-0.2828392204979426,-0.17844498737922185,-0.3267999499037406,-0.40696013044964835,-0.25835560786289913,-0.30042528039453054,-0.4627385706033935,-0.3374225676139086,-0.18777155235005213,-0.586679720237774,-0.11793760978557383,-0.2882433264310867,-0.8133039829892061,-0.2467622385954644,-0.34379912523342404,-0.9191080419938775,-0.3231906357567966,-0.3794109361936938,-0.9999974645837142,-0.37495594004947985,-0.00068458531944834,-0.5828294567449318,-0.13823802969441876,-0.133275991837984,-0.6762962455472934,-0.32406582443919285,-0.17021586809346614,-0.47343593405206247,-0.37107477198758093,-0.1676369611450366,-0.32777914870669106,-0.3618023056317925,0.1736724950276255,-0.5148933178029683,-0.17229860507901365,0.025491131303877885,-0.5220668803275231,-0.35252847917272034,-0.00932728607424979,-0.34770806207069793,-0.33139602552525066,-0.012810586145027827,-0.23896410203772234,-0.2731179233296732,0.3279889068575507,-0.41824664530402794,-0.21374352121648582,0.22061653542486498,-0.4064074751487162,-0.32916164029470457,0.17481800423765165,-0.28798396229101975,-0.3012792962955439,0.16916299702931678,-0.2060890455680816,-0.24895863538568455
23,n,0.0,0.0,0.0,-0.4017178892988581,-0.22002179452321616,-0.1007988336354896,-0.47286929360957947,-0.5304679367641032,-0.15086754332400512,-0.2945471737491994,-0.7553847117472193,-0.23648308388837122,-0.044996326360826684,-0.9053821536024789,-0.29938486362824857,-0.20175126509690586,-0.691532198340287,0.03229289275423025,-0.19667702101492385,-0.987579942212417,-0.3118074433924109,-0.349645383940315,-0.9541338108821166,-0.48075493847147716,-0.45229416410278694,-0.7995099683951118,-0.5097634535419963,0.15399681431592796,-0.6639906677639722,-0.038863834102782,0.20200506409237126,-0.9999982350090911,-0.4192491584083158,-0.06360292247771286,-0.8943157020873511,-0.5191626955108495,-0.20517352757234128,-0.7067586652450264,-0.4510955407543489,0.5094385991068767,-0.5854373801280894,-0.15732808222992314,0.31516722436316863,-0.7226289136845848,-0.5374290694717417,0.04047023550822192,-0.5047740628747767,-0.5152403569628979,-0.008241287339593985,-0.33397486084496025,-0.35994611692206796,0.8641448139180145,-0.4674313148014537,-0.28114002970645324,0.5942580655889377,-0.6098568937556251,-0.49625866434100374,0.366513417487642,-0.45633111985511543,-0.42671274250481,0.3396238741753258,-0.32725436864669194,-0.2936243628427765
23,n,0.0,0.0,0.0,-0.32976696930246663,-0.23778303358599878,-0.19436582209863887,-0.3682085389773872,-0.5489664557580053,-0.2902482071572689,-0.10046340840877897,-0.7889847274234245,-0.37447504896133926,0.2328433503390811,-0.947795454862617,-0.429881679279139,-0.33275060380602106,-0.7421438505326153,-0.14364160333322504,-0.41419333530548347,-0.9298176518591338,-0.4184255768336405,-0.4046516422539442,-0.7876683346937358,-0.556385942093044,-0.4186965558926272,-0.6130839379032555,-0.596759155071557,0.09299851265454884,-0.7232270218271528,-0.15149756985298565,0.09554979839933855,-0.9999981345998422,-0.42789135729290856,-0.004775238393063241,-0.8298905238028589,-0.5049283787777967,-0.09159461613852915,-0.6427366028180644,-0.4815581410433558,0.5009416092753983,-0.6504200912583513,-0.1922776281836691,0.4812104505431407,-0.7483299345988085,-0.49705692953599473,0.27171259893918837,-0.5297030586891456,-0.46638440632370104,0.1240534618809279,-0.3658662282852137,-0.35349098499875115,0.8483626620465291,-0.5313094258467265,-0.24685989389180674,0.755356811082072,-0.5815296500435699,-0.44835654159239646,0.5628836160923755,-0.426199032688509,-0.39650468310271964,0.43628831932032763,-0.31044330914314777,-0.2960125051835047
23,n,0.0,0.0,0.0,-0.4211790613966919,-0.20551467242305532,-0.287883857420344,-0.570607737083178,-0.544891358795172,-0.4338593619942652,-0.3506578491126268,-0.7703441291645141,-0.5481948942773307,0.02375734828625758,-0.8745613706003827,-0.6212136643378722,-0.1331223012386282,-0.8827456813574712,-0.22012312122539734,-0.20436068433435264,-0.968388216901577,-0.551047381199916,-0.3530778700094066,-0.7407866234122581,-0.7408790563489793,-0.47012338573701806,-0.5383456265163784,-0.8193679535559378,0.24036396445502187,-0.8467410112537677,-0.1950165828851839,0.15583776658960252,-0.9999979721699476,-0.5331557613184493,-0.07637606256076142,-0.7802861339025333,-0.6289813125719148,-0.2449196640669975,-0.5961581634836963,-0.6177838509836882,0.581810516867362,-0.739383465756144,-0.21936329908650043,0.48072647849296446,-0.8039533145936957,-0.5701386773080827,0.19337274758003709,-0.5502236358850124,-0.5380307339900016,0.024931460911935283,-0.3635047370902204,-0.42697244931459327,0.8815179335168826,-0.571472669134789,-0.269943557915654,0.7224230136395755,-0.6123739472981441,-0.5550276882697319,0.42142968138118264,-0.4235871767866126,-0.5467308795379318,0.26092290134528573,-0.2807165014900491,-0.46707421528001736
23,n,0.0,0.0,0.0,-0.3451251622681211,-0.1523318776664369,-0.14200205478052472,-0.4666575423734215,-0.4667724468427456,-0.20250257805042413,-0.37021922528932244,-0.7156850636377836,-0.2783447869548117,-0.2147739305456095,-0.8828609466239314,-0.3324958156819624,-0.30105082520656645,-0.6918729583852968,-0.014109007757901085,-0.2958730056408926,-0.9694335755339534,-0.26359887275974564,-0.39496639687053925,-0.9288271701017018,-0.39496607673182904,-0.47805847750240715,-0.7810204992382727,-0.42167456613999044,-0.04548304566883017,-0.6929710052558145,-0.028104722731610125,-0.028821738248636757,-0.9999982174969013,-0.2845345148810591,-0.18419197057202838,-0.919956497259421,-0.36617852296123665,-0.2995002257821089,-0.7553076095119596,-0.33115266052597947,0.20702576759193397,-0.6488210745466185,-0.08190896958441109,0.05495631622159562,-0.7107434808613304,-0.3610428031606757,-0.13800797045440866,-0.48835913460613106,-0.36631935132377863,-0.21881035509145075,-0.30412381588478765,-0.26774775812923884,0.4490956452775684,-0.5649503209090395,-0.14933594010866896,0.2290191098688082,-0.580508853535567,-0.32069643350158256,0.07231034406711799,-0.4097975730504713,-0.3005202870797268,0.023660652343544038,-0.2701131554194882,-0.2221366069921816
23,n,0.0,0.0,0.0,-0.32812438515302544,-0.07623741468301157,-0.10910333404725588,-0.6427101421585614,-0.33221480525180624,-0.18691688944003282,-0.7376745865635285,-0.6013410765149275,-0.27785673041516185,-0.7300736200607285,-0.8111547980738901,-0.3396628925557913,-0.4925653395348569,-0.693109993638865,-0.014649750622329935,-0.7107880074128422,-0.9206752258724261,-0.23153428800824227,-0.7526638711291471,-0.7276698695755025,-0.30443250322816745,-0.703037130565124,-0.5916494018814001,-0.3050641617761887,-0.28635883159973435,-0.7388431483961596,-0.03740276103085916,-0.5431479286794482,-0.9999978252674127,-0.24674414429082717,-0.600503185923011,-0.7406644327033569,-0.25006044888606127,-0.5388917192757383,-0.6520171246812966,-0.1730834473360163,-0.061716591843752236,-0.7387014691856143,-0.09993150091783698,-0.33867106076803205,-0.7456802397043178,-0.32036862749500117,-0.31936464344192755,-0.4273341829380215,-0.29346863224340786,-0.183558314865685,-0.34802765693929083,-0.20453992636572763,0.17906346737724155,-0.6957144023289622,-0.17155916439310248,-0.13186905942646385,-0.6533770117790374,-0.3031338635476111,-0.12026828011506718,-0.42446676682048035,-0.28370388198778995,0.010643180804623226,-0.35640371112686264,-0.22296381377866076
23,n,0.0,0.0,0.0,-0.414880767283247,-0.16494475032710196,-0.11901092924593516,-0.5388813462231797,-0.4849043953277797,-0.1854829135152356,-0.3127003487983004,-0.7078643914276395,-0.2639561732792051,-0.07523526458870522,-0.8827401322229751,-0.3232012461208434,-0.34879086094077644,-0.7610382906952804,-0.015386755161413383,-0.4895209350393417,-0.933370996842222,-0.2838998325042445,-0.6481354619650929,-0.7568515053134469,-0.4461802364907211,-0.7123424837448871,-0.5723568480944388,-0.5010828557430251,-0.03289907274058675,-0.7635865171209614,-0.06392991712161279,-0.24218387072630254,-0.9999980960968532,-0.31799176572461507,-0.46231761079714506,-0.8167980354961558,-0.39495166496503636,-0.5541772299618333,-0.6208157624746425,-0.35828089369225025,0.2720289301260777,-0.7063834014936226,-0.15246678463757068,0.013671793670021524,-0.7840210688180955,-0.3935958450932563,-0.18346118146489207,-0.5368160969370089,-0.3622975419790625,-0.2423206726392911,-0.36541850647941126,-0.26004299172334877,0.5529327921535938,-0.6056641136853117,-0.25495150368633224,0.22122463744915782,-0.5839200425564631,-0.3967432820548624,0.07191536416192744,-0.396374492737089,-0.3426826953155199,0.0707286884222995,-0.28718245135967596,-0.250714871568472
23,n,0.0,0.0,0.0,0.025825732561810696,-0.10123912821309251,-0.2656127118313325,0.08114952659288978,-0.33899862895182814,-0.465003067179784,0.029917567582409908,-0.5563671318328508,-0.6552306048138034,0.031346168943957926,-0.6878589523974208,-0.8126344597700406,0.9636431113891827,-0.5720793462026507,-0.4213352415000648,0.7694647143940447,-0.8697910117085846,-0.7492757733307356,0.4597197650956463,-0.7969094164706059,-0.9168606035420983,0.3444151190409909,-0.6176236665375338,-0.9999959724494,0.9487631875454267,-0.5562846709745595,-0.4283270100524234,0.24275180353066178,-0.7924836569845531,-0.7030849694692773,-0.022792565328881915,-0.5031038990161638,-0.7649681826909022,0.018187480482876946,-0.21262850390878849,-0.7946275649659108,0.7904829909205067,-0.5082784078967162,-0.4661273315599671,0.04209572802110089,-0.7020731878567754,-0.7075285534639999,-0.11676733603884491,-0.36764291446035957,-0.6653476639014758,-0.033909897433397014,-0.07136861253235684,-0.6163199424480005,0.5974099535236291,-0.4333158462829049,-0.5346116745227291,0.02955051473720626,-0.5542080256917379,-0.7232148412757344,-0.10870429651086744,-0.27663373388984935,-0.6975272636599111,-0.07284738658497586,0.0006971363390918224,-0.6351443040285395
23,n,0.0,0.0,0.0,-0.37866890946997556,-0.18336062963904423,-0.1972294387741405,-0.5339250371157689,-0.5041179873668474,-0.2893044341313958,-0.363956309557557,-0.7492034542792341,-0.36763018463467206,-0.06632001632706148,-0.8818106568552587,-0.4118322867912303,-0.444579595278217,-0.7372737262143485,-0.1650105052066179,-0.6589596250936233,-0.9291422339336646,-0.4196374817193524,-0.7056740835989428,-0.744458435381887,-0.5355562784999902,-0.6695332998582013,-0.5792642710758369,-0.5715762236571607,-0.11527283987592178,-0.7623162056546485,-0.15518400663220774,-0.3104436081142231,-0.9999981776763885,-0.4095011068536118,-0.4378690621435587,-0.8012349190806286,-0.44787186482388874,-0.4831553443647585,-0.6439514187046308,-0.4049232253679231,0.21343200360650053,-0.7271534269534335,-0.18151630896712312,-0.03425906902453123,-0.7674530674196202,-0.4472937404543997,-0.1565240366669386,-0.5176033017459908,-0.4171622730520124,-0.1651466435147582,-0.36193768065295023,-0.3220256217307676,0.5231021361669178,-0.6363728572188645,-0.22705456000112187,0.230092847342938,-0.6152410401997763,-0.3931321493946585,0.10409008434067012,-0.4370909159748373,-0.373826407033862,0.10134083005863391,-0.330233981081984,-0.31447622443348566
23,n,0.0,0.0,0.0,-0.4201068672955103,-0.20277247589519926,-0.1600121839386059,-0.46712492736195954,-0.5061069168072783,-0.23111288666952454,-0.17504447669602302,-0.7218953985482491,-0.3076793650764943,0.12674559486990392,-0.8673270204687166,-0.35730710076186517,-0.4561446507693407,-0.6862834603271527,-0.07567218129341553,-0.5096936900970648,-0.9113084814442786,-0.33257911821535896,-0.5205250697481683,-0.8156639919522629,-0.46956851459888294,-0.5229551191774721,-0.6606302116485608,-0.5100418866166834,-0.09787694241117403,-0.6684872465334624,-0.10783917056151884,-0.05252406358859601,-0.9999982771888624,-0.36793603191628066,-0.13714969164263122,-0.9121409180348954,-0.4666194309689657,-0.2089770627919178,-0.745924438313773,-0.46096607081849167,0.246480402920443,-0.6022681043582387,-0.17305532496837436,0.25729781706530774,-0.7884934577677428,-0.44388261128070355,0.05552603130463767,-0.5918486557974035,-0.4032493290820929,-0.05431544782634476,-0.4292036489217326,-0.29317811223910684,0.5752171241490011,-0.49491813315276495,-0.2541714521108922,0.4835038989912882,-0.6133938378595862,-0.4356888125891126,0.30405720720370377,-0.4715411593035326,-0.3750403157461626,0.22228341767364437,-0.35250724509734743,-0.2761598336210614
23,n,0.0,0.0,0.0,-0.37847216740019485,-0.16235781103467972,-0.08036563736474353,-0.5777216653318659,-0.4060036833045351,-0.12199706764007848,-0.5352789655956666,-0.6294499108623158,-0.18282294584183298,-0.5041054890766973,-0.7915428242629072,-0.22263925317877023,-0.5249601226463705,-0.6797735334149774,0.06907496368371592,-0.6637161872705504,-0.9350807384971671,-0.14546490600542217,-0.6763704498060469,-0.8383460794518423,-0.2792171410571015,-0.6327615676930889,-0.6812292157390397,-0.3307704155905707,-0.22841093072417543,-0.6935830136599238,0.020970462282375476,-0.32527760218187546,-0.9999981695861511,-0.16360818464183569,-0.3761494580999793,-0.8342896980534057,-0.2150189321379358,-0.33904540578093156,-0.68384098858189,-0.19706889894401772,0.06639296982548629,-0.6518994398454653,-0.06603457171445616,0.005522810187473304,-0.9110799000168588,-0.2663418668320438,-0.1105099906249214,-0.6920289766335835,-0.2077246053848509,-0.08325662814649064,-0.5440198783629943,-0.11346234926003454,0.39749766535030145,-0.5474606564252102,-0.1627681602045774,0.24402341685913162,-0.7344173439884912,-0.30898280338914036,0.11491844149008079,-0.5767346270717353,-0.2531813476052052,0.13113687550795566,-0.46097905232532843,-0.17392093156341157
23,n,0.0,0.0,0.0,-0.5230977674374313,-0.11428629583043837,-0.14510843932762854,-0.8932039722885682,-0.36378694188273675,-0.24484578339761992,-0.9999978234299309,-0.5958657161360027,-0.33186063140267796,-0.9918990683602762,-0.7640439688487078,-0.3967029870687141,-0.6588418851652493,-0.597355058848969,-0.24097161120546337,-0.6966370052483863,-0.8918683639932731,-0.4570728712171126,-0.5475885034414074,-0.8053437795868473,-0.5815249689330325,-0.43386032192727403,-0.6562733527869685,-0.6269558245612096,-0.27237444626332535,-0.6173362519345906,-0.2547212412942846,-0.3579351093842684,-0.9513865140609832,-0.43419738446817024,-0.25965016636021226,-0.8997512422097591,-0.5174139544872638,-0.18972202317692635,-0.7845381289279766,-0.543761114668173,0.07267382690952456,-0.5902012839466703,-0.2824501949626332,0.07931191041077441,-0.8435512581902948,-0.46617780832039873,0.09661410288465778,-0.6822447393469625,-0.4526223246923749,0.07300672354728341,-0.5065864315121754,-0.3982967978321696,0.3724676174000405,-0.5282234156296427,-0.31882752046052165,0.33888890697219637,-0.7034894736654181,-0.48516854958179195,0.3115994261644901,-0.5953109748955284,-0.46264117074526834,0.28550128979347106,-0.4679075006945364,-0.4014099522234324
23,n,0.0,0.0,0.0,-0.37526419801282457,-0.17853045905847875,-0.19856480850282712,-0.5853098275408062,-0.5018635986780907,-0.29291903042534967,-0.556677719267102,-0.7614082814904034,-0.3830579933494014,-0.36848753576539633,-0.880681404115993,-0.41584389422850726,-0.2060706813610803,-0.8202582399176723,-0.013424358823348704,-0.4215280246112888,-0.9971797668126832,-0.3147435763093321,-0.533341616127783,-0.758056678433659,-0.4393860387881489,-0.46247034890490957,-0.6469986530684126,-0.47748139152367924,0.12035708626158562,-0.7981316132713077,-0.0260302765702557,-0.1415625972713696,-0.999997962992685,-0.33824437902830207,-0.32018302491703693,-0.7106755901087313,-0.3511434582707081,-0.2523536915449369,-0.6059250183469316,-0.25435524306708385,0.3971072596991636,-0.7169265856918774,-0.09950499271090102,0.00716397640819965,-0.7429072917756613,-0.38834971860160244,-0.16313332489419446,-0.4604614147029898,-0.29102641188675876,-0.0654594927930978,-0.387634575213513,-0.13375374821439073,0.6317437566907566,-0.5960400688979897,-0.20018876578460076,0.18404719683997436,-0.5563944578448199,-0.35146751516572344,0.07234470013761997,-0.37147386150155115,-0.29520512494090606,0.1931856255624263,-0.3294841498700324,-0.19593101150203276
23,n,0.0,0.0,0.0,-0.30759742995064204,-0.08321224048322783,-0.09902247230401853,-0.5999762052927866,-0.3380231255878963,-0.16833274778184304,-0.7688891703641395,-0.5671860475964464,-0.2570568285215348,-0.8541842043626763,-0.7453184294038598,-0.3224938770681918,-0.4381360279886787,-0.7252397270843082,-0.016916058688431497,-0.6465091120938968,-0.9497633378670094,-0.24194173487156906,-0.7321708370257306,-0.7855543826464794,-0.35105622091814176,-0.7280715180227545,-0.6754871514754412,-0.38311170199068695,-0.20436769385190096,-0.7676484398501597,-0.05693934193033818,-0.508282049622095,-0.9999973669792455,-0.26632593646955993,-0.6168754547479403,-0.8122726783619371,-0.31730001740972774,-0.5975942443939564,-0.7572158356169367,-0.2870647099335931,0.0610076253100734,-0.7494618093867305,-0.13155503216999687,-0.2667592969044441,-0.7093535270511245,-0.3534355923025704,-0.2695449081693947,-0.4070482013659416,-0.3505750028251727,-0.15075022876353855,-0.30920410593165176,-0.28232713448321584,0.3251971038163692,-0.6753289556865418,-0.2150250470413867,-0.0069083536027415345,-0.5845762062060419,-0.35086396909135426,-0.0024213529057883587,-0.35144371556006376,-0.32812885658146645,0.11945767356280616,-0.25672893057494056,-0.2630213825950165
23,n,0.0,0.0,0.0,-0.3751135510191391,-0.2568420365726802,-0.09816863799051329,-0.4897394847756457,-0.5521011805938206,-0.17181332061387256,-0.3538587589209341,-0.7686610227981613,-0.27994991836866345,-0.1273608957512274,-0.9132794135030055,-0.35357926909911186,-0.22133152611668164,-0.7543493685741398,0.0727899201155211,-0.22589492771023365,-0.9999983478026234,-0.18442427338403777,-0.4121971592341614,-0.9004069753300202,-0.31428498780477293,-0.4998946018978772,-0.7450674615326185,-0.3509341328898107,0.07395401017936926,-0.7281950180525075,0.012811318853396982,0.07938983402452958,-0.9862225158464653,-0.25130432912883516,-0.18392874863679173,-0.8470504615813585,-0.3093939231638495,-0.24391253002913307,-0.7103460111613938,-0.26350236097101826,0.3574410178468291,-0.655960395648503,-0.09473180123796425,0.15127579281166784,-0.7765406925171123,-0.3378961521268092,-0.0439650492226709,-0.5892531822227431,-0.2948643603342014,0.030726713671217324,-0.47658017833096666,-0.19308092724481157,0.6160590181722471,-0.5461665132092629,-0.2166008264893359,0.3381330006984964,-0.6445101859615462,-0.31426546441484393,0.17208127612525123,-0.5143304376840703,-0.2396417748792833,0.2515508778463383,-0.4308032698921071,-0.15031588946214214
23,n,0.0,0.0,0.0,-0.40466942442752046,-0.1504982303752165,-0.21303557794057532,-0.6955797493299566,-0.4292131262398128,-0.3216029528798138,-0.7271692744648436,-0.6959548491981774,-0.4129400189145324,-0.6492156811633674,-0.8799391634846854,-0.4481440130789149,-0.5182771689536865,-0.795152915489214,-0.11611647441347658,-0.6713249866918287,-0.9586913715130359,-0.36941001107195065,-0.6608804372439344,-0.7050315588587165,-0.46569812243194014,-0.5930929994415225,-0.5916557472591716,-0.5010647301740538,-0.198709387805244,-0.8291303138549857,-0.09732116877705772,-0.3899176466763933,-0.9999979185938447,-0.3727442562458669,-0.42155084145031246,-0.6716914642875702,-0.3789412819751426,-0.362100582858807,-0.5790462010193733,-0.3090149002904766,0.08084465987302702,-0.7999509309856605,-0.12600732199288966,-0.17629439480355757,-0.7902287294731773,-0.3693808566254377,-0.215871804067831,-0.48438810235777513,-0.27806798257825105,-0.12602753874068107,-0.42393728797424024,-0.15863220216340984,0.363286486493774,-0.715387714506013,-0.17997317947246483,0.05765881089939084,-0.6456499062626223,-0.3192736056495353,0.013335740080919655,-0.44743552374072576,-0.2791404940255039,0.10578138843660878,-0.4268225856872257,-0.21282654986368807
23,n,0.0,0.0,0.0,-0.3763097916683182,-0.2371956182893665,-0.07604985854210086,-0.37533380645510506,-0.558625663455675,-0.12447305790685775,-0.10149932963525847,-0.7361089389921026,-0.19998379108954065,0.21571824807339027,-0.8311710150820186,-0.2726907595614713,0.06168367796534159,-0.7450855994419923,0.015110229192225095,-0.03321032317334939,-0.9445522356609103,-0.23917472906833193,-0.33664717876286815,-0.8584120005899948,-0.39922206522206866,-0.574416279493402,-0.7297777930828605,-0.46063833827517664,0.33119115031400304,-0.7119763718424905,-0.04545230775840432,0.1561342824604247,-0.9999980888988405,-0.3073877857005363,-0.21769374101925265,-0.9031859202763026,-0.40690857528390373,-0.46250792175377803,-0.7512684338727559,-0.3974470832439419,0.5893650968936821,-0.6393531275922816,-0.1401578938011884,0.26562813616504954,-0.843994860475274,-0.4142430734053639,-0.09027755007241076,-0.6730461465337205,-0.43602509726895206,-0.2680137069315897,-0.5069293738576881,-0.3749161832379674,0.8054516176321421,-0.5348095966462721,-0.24053718414990743,0.33573766032975655,-0.6149519025148728,-0.44320570229715234,0.08497495907478259,-0.4547792078495649,-0.44682133565996723,0.02949370814719256,-0.3113448646297727,-0.396343603697175
23,n,0.0,0.0,0.0,-0.3534268887249064,-0.14152108669594088,-0.10357124908336181,-0.6041338856289361,-0.4461327251627059,-0.14985237098058,-0.6229913855495159,-0.7012968524190466,-0.21106359004219416,-0.483250718985992,-0.8494922403466684,-0.23940789876595955,-0.3421391837479028,-0.7497316189280717,0.05063842466888667,-0.5195477721037705,-0.9615960706864441,-0.16461960933849945,-0.6275786926796199,-0.7814088054063829,-0.2649979578550114,-0.6432241035805307,-0.6362949009030162,-0.2896296401910363,-0.12616151336923334,-0.7712756612439977,0.022497877060926093,-0.3554327137768006,-0.9999979444668996,-0.19737398568067496,-0.49094128734953,-0.7781557336740816,-0.23980457038026728,-0.48747282665218405,-0.6478219473721785,-0.18870110335191118,0.09778628383201333,-0.739223259347342,-0.04752031023930738,-0.21631006529457752,-0.7592171259634793,-0.26889885049327056,-0.2746715309113232,-0.4834862930090521,-0.25558127604776865,-0.1742678668402593,-0.36900295369054115,-0.1720761045406507,0.3239540085973361,-0.6562937295516247,-0.12962273124748708,-0.032420082376803154,-0.6291934360611939,-0.2681532285399025,-0.06253484122329805,-0.4337830227175522,-0.2551306193579644,0.05124143909790164,-0.35178078039734173,-0.19413307399091112
23,n,0.0,0.0,0.0,-0.37279513082364424,-0.21734678760236045,-0.19744217491056465,-0.4565133220730224,-0.5134110015589157,-0.29514576622373107,-0.25363049329015597,-0.7230140386763045,-0.3827818209521534,-0.003029854942064264,-0.8935976524808079,-0.43736849025531377,-0.3147049480010035,-0.7361303598324231,-0.11953097349755394,-0.5175130712233814,-0.9139856356274483,-0.3790706006505961,-0.5622055841519281,-0.7264510515849907,-0.5062141465791227,-0.574530330253894,-0.558999829269812,-0.5507319751157203,0.0023116686046219977,-0.7460238071373101,-0.12118858858911916,-0.18461942112868227,-0.9999983005405766,-0.4293364016307752,-0.33366005317355507,-0.7617069100561392,-0.5136215447744643,-0.3973519374847326,-0.576894824553153,-0.48986431552587245,0.2946978872410983,-0.7081370973888624,-0.15988756303338703,0.09380688596828769,-0.787653797268528,-0.46627012166657733,-0.05293600562730841,-0.5134758307910685,-0.4548311049488985,-0.07982200504483504,-0.33320341226957906,-0.36463031969518916,0.5755623305932257,-0.6139946188485089,-0.21574732904490657,0.2908413582934111,-0.6042145720520516,-0.416991877548219,0.17216202833999136,-0.42027844090069194,-0.4168579393416346,0.18687441480300823,-0.3253561376045135,-0.3669157780438431
23,n,0.0,0.0,0.0,0.18475111616409945,-0.14094647331033766,-0.05785672980513409,0.2779900654101767,-0.4487162009282261,-0.09149284487972417,0.17307340956070685,-0.6822343614044389,-0.13161103803150553,0.021506998742295325,-0.7735160328701529,-0.16404117904669482,0.19240978177222773,-0.6968380979630272,-0.040575344213030586,0.23179626678231563,-0.9533818712520926,-0.15662260374746811,0.2685407004064967,-0.811737563656894,-0.22832558726974753,0.27751302227399716,-0.623246788291417,-0.2541179116395322,0.05590853620515442,-0.6854289014148718,-0.0661736007514519,0.08581318692499158,-0.9999975517113072,-0.18241766429308737,0.15854497256108724,-0.8438556711799036,-0.22744213081626619,0.1887526456340222,-0.6635792604933933,-0.22960870780680537,-0.07703050028400235,-0.6357725634741632,-0.10698629461386898,-0.005423976080479333,-0.7981573027898307,-0.25011494111700316,0.07186511106106662,-0.5564098928381106,-0.2669943733584152,0.09920541778870008,-0.37494525219248714,-0.23602126421633207,-0.19712271695915107,-0.5476684312463629,-0.14989981972181246,-0.09048766972085244,-0.6328940335314565,-0.2548413747713773,-0.02611260287181274,-0.44114903304000747,-0.2520079552475973,-0.01577606021551635,-0.29345055334610043,-0.2231216909322326
23,n,0.0,0.0,0.0,-0.380921505576432,-0.17632123007621153,-0.08462322889245609,-0.587685112449972,-0.4366033984632019,-0.14002582497281868,-0.5783033028774979,-0.6581954508845409,-0.2203868294342287,-0.5077965862469023,-0.8182729458602859,-0.2754087739169909,-0.4631565149937511,-0.709134563608163,0.026567622706363342,-0.5420035775342653,-0.9912452609625132,-0.2431226760169768,-0.6163745361241934,-0.9362712357323215,-0.37287071089927054,-0.6270170677997642,-0.7852833264684616,-0.40114978418331,-0.15281020600304174,-0.7022358628398256,-0.0337311787254648,-0.22452420919811159,-0.9999981303449977,-0.30215468185904526,-0.37306441975668203,-0.8342011939746421,-0.34070627775273077,-0.3733080835839976,-0.6910869472487178,-0.27596591880821625,0.1586817074444725,-0.6459783817215969,-0.13699463971740522,0.019272789063541823,-0.8218199735116131,-0.41859322791993736,-0.12347855290425164,-0.5933151231464712,-0.34396506552783945,-0.07028183046388034,-0.46531321567979633,-0.2061657464827472,0.4822764082095559,-0.5375770087180225,-0.24821760696645767,0.2645361164538566,-0.6725062013443937,-0.42850443379319475,0.1196856883432249,-0.5065705777418887,-0.35609808097857093,0.15849326219773544,-0.4095931545511533,-0.24740019366970045
23,n,0.0,0.0,0.0,-0.382228421933715,-0.2223402878735227,-0.14310959634355624,-0.49201487744369415,-0.5375828385306068,-0.23594387242565662,-0.4077408856314722,-0.78596912923205,-0.36865888485920245,-0.1284008769478761,-0.9369637424434083,-0.45261747710355493,-0.07750963054519491,-0.7095713948522931,0.1200337365810025,-0.15491118296978712,-0.9999982714490235,-0.23816843747903474,-0.40773269477295176,-0.8959047716997343,-0.36943456946405256,-0.45428515584215173,-0.7648538686889196,-0.37219257061792693,0.2088912072720005,-0.6853084749549838,0.062490044886989914,0.10619391405402462,-0.9976973871698719,-0.3354185779641834,-0.23509330004530993,-0.7958560621293601,-0.3839350935739455,-0.1763624232567549,-0.6644414128794721,-0.2616087942730438,0.5015449155747813,-0.6128226739986443,-0.06319328936934179,0.164331288446267,-0.7516520077731802,-0.44499848474939774,-0.09646008324176278,-0.5184312719242044,-0.36417815040211743,0.08009196611696479,-0.42822210160435553,-0.16947621461623413,0.7878420025173848,-0.512189786216814,-0.20199164341090473,0.3483042556244914,-0.607036064270721,-0.37708516616853854,0.17413651881770678,-0.44187878698472854,-0.28112184046584726,0.3548049124590278,-0.3668387775556892,-0.13150152710287283
23,n,0.0,0.0,0.0,-0.3676533346743101,-0.2457213597128477,-0.11104573330201324,-0.5420977289672243,-0.5307374031030263,-0.1933314167467755,-0.5395767686673772,-0.773233326966307,-0.2943481489411203,-0.512293113449104,-0.9467117186453118,-0.3573225922821982,-0.1917651005470826,-0.7803105345248337,0.02393013934640604,-0.368544603402963,-0.9999981417909811,-0.21006060665274437,-0.48403323820170846,-0.8065268713507043,-0.3032481821388899,-0.4599636107704881,-0.6912573710343299,-0.3251787701592377,0.058497000320056586,-0.7640734834516196,-0.010639481283087327,-0.17657504379373387,-0.9798840108312882,-0.25810157773388914,-0.3276672448781006,-0.7141740088464031,-0.26593719993382886,-0.2715707556541617,-0.6102920254558502,-0.1927184133682095,0.28934257878813674,-0.704443540690232,-0.08940292888779419,-0.03130760006488555,-0.8067744152314722,-0.3215994351664833,-0.1876577550104398,-0.542501773744424,-0.24280120612360762,-0.08645107303734018,-0.45220662667137396,-0.12106906608244743,0.5034610579053932,-0.5981943289490517,-0.18314833647930326,0.17579403454306952,-0.6813595477086553,-0.2953528337475837,0.02499417890536355,-0.5069653267392256,-0.2263106302436474,0.11071181320514444,-0.43176714441425124,-0.13379170013029643
23,n,0.0,0.0,0.0,-0.3738620468462307,-0.1576979720944701,-0.14456805659821728,-0.61796750566952,-0.44548076699919903,-0.2198610075929227,-0.6433782045556876,-0.6917086135083336,-0.3041305574968818,-0.5661362792531617,-0.8434067953808773,-0.3478520843988967,-0.34387482040156503,-0.7140471151829129,-0.0019650909973746534,-0.5228576934440508,-0.94522551673178,-0.237217559543992,-0.6358582836050163,-0.770848371246732,-0.3250345184969698,-0.6248489348651713,-0.6313028604434576,-0.3351270821840599,-0.1022744758276627,-0.7310142128460194,-0.018121126892009145,-0.3244977457705121,-0.999998126597746,-0.26526239982591343,-0.46794851914709684,-0.7680925166622808,-0.2850110067570521,-0.4214386156732839,-0.6463749172575886,-0.20272346959183632,0.13677547495738782,-0.6952043502838938,-0.08093705059117241,-0.1936513780548255,-0.7117251848656893,-0.32182050867102746,-0.26373472541459275,-0.44689688320017185,-0.29090923904767546,-0.13037922356438794,-0.36038443280403565,-0.18662028432566052,0.3713984155781292,-0.6130007700945972,-0.16014072869053864,0.002989566239445292,-0.5889363419052461,-0.2897302123218419,-0.049602535101485476,-0.4022105001190404,-0.2635123260844849,0.07724533103853995,-0.33793912501478757,-0.1936822594038579
23,n,0.0,0.0,0.0,-0.40528687241354927,-0.2131721690045307,-0.11392897522117948,-0.5183082181983423,-0.47832867403766033,-0.1561417451075242,-0.2759448661019287,-0.6877492185375942,-0.22090487658100297,-0.0032194226567330373,-0.8288003074182081,-0.2575936785439262,-0.4279556541274004,-0.6832397587150069,0.08618477037239666,-0.49285164883734833,-0.9090012910814194,-0.20707230917396294,-0.5656060860703924,-0.9110502601717453,-0.3652490880978347,-0.5906532735094141,-0.7967790772099079,-0.4073670416433071,-0.09621133130236595,-0.6863163015711926,0.035623281253122155,-0.09152620047079434,-0.9999982050727998,-0.2583100032946292,-0.2745911722671672,-0.8855563526973923,-0.31661568726421124,-0.3118559467244528,-0.7418284473962306,-0.25136214534840123,0.22021858780156672,-0.624427683269618,-0.06737338957763671,0.16014445202884325,-0.7995359993965806,-0.3778899652178322,-0.05736278962126842,-0.5972875287485256,-0.29436768148113673,-0.03773770606216695,-0.4749495212856693,-0.13042812851269295,0.5380164298780167,-0.5042710133233151,-0.1837679905112719,0.36514717021361676,-0.6388922972073078,-0.3527227394888712,0.19093812489421658,-0.5012964816163782,-0.2590774940989539,0.22349995535123637,-0.41999402360907556,-0.1300529419903837
23,n,0.0,0.0,0.0,-0.24913777309106502,-0.12643779676705258,-0.018318515976562144,-0.43142823209641956,-0.3723655374703544,-0.04977300293893295,-0.5201941072008633,-0.6018561776425078,-0.1076223772097003,-0.5916241159460521,-0.7723254877825668,-0.1544392364041237,-0.4198087237038088,-0.663480011498496,0.0476424559667406,-0.5507957037682757,-0.9471661865932264,-0.10750368053757002,-0.6048564301755289,-0.9013192730768342,-0.1739014209424603,-0.5929516936718405,-0.7818893888777186,-0.1822832993550199,-0.26240909912438676,-0.6961982289343357,-0.008313675383949217,-0.3861333022202481,-0.99999786630983,-0.16453427987020494,-0.42690384847871105,-0.7884643562680227,-0.176269281642984,-0.3645566906313042,-0.6835275638612726,-0.12519946019717046,-0.07761606628656827,-0.6780608877981277,-0.08832054803623052,-0.2056767795291362,-0.8323863059278674,-0.24546409207684444,-0.23204793227227588,-0.560898743541339,-0.19088592671142218,-0.15830163344256695,-0.47191323229919324,-0.09974591150037536,0.12320760669091314,-0.619647340685592,-0.1710385681733475,-0.027204739925865595,-0.7093950287506955,-0.24853809186252918,-0.06474293408483014,-0.5209264926137129,-0.18780356498245204,-0.004818323411144386,-0.4517319524327724,-0.1126534135146288
23,n,0.0,0.0,0.0,-0.37465213380592016,-0.19709406879010324,-0.15966028984089967,-0.43423460010181103,-0.5060669493278808,-0.2399522903625343,-0.18583453353821558,-0.7306861122087074,-0.3223570236693706,0.06401295966878688,-0.9050601005112878,-0.3783077687205556,-0.24539182150330244,-0.7328712103737552,-0.09905845828689033,-0.16809910779423978,-0.9939277036013153,-0.4076623393749355,-0.19043877525063146,-0.9197120735803822,-0.5812087760624612,-0.28592470794767383,-0.7668574331928802,-0.6291552226092176,0.11711411885768855,-0.691893744844809,-0.1246367555065938,0.21275927622352697,-0.9999980027314684,-0.42506238141934816,0.09425409923134727,-0.8587800070871279,-0.5244055093967597,-0.0595857400741278,-0.6725127991124717,-0.49574105119472434,0.4381171225210859,-0.5942153926241162,-0.1866451509992892,0.3666579244907854,-0.6769259116990917,-0.49652946627903766,0.12187335908881282,-0.4443800388580517,-0.46652481255166484,-0.05682159982382827,-0.27246561038325506,-0.33958656139087995,0.7297240975929759,-0.45218603568618343,-0.2619721543276086,0.5765629422776363,-0.507913419776749,-0.45622461336967846,0.3454887220389566,-0.35222103865185717,-0.39749428178723967,0.18622798215905367,-0.2366105959000101,-0.2846686933734458
23,n,0.0,0.0,0.0,-0.3932737348412706,-0.22859967381814816,-0.08687006670130601,-0.5455745573186992,-0.5031089215517631,-0.11359624651967828,-0.44929043983415823,-0.705391624129009,-0.15224997188019862,-0.2973487380482737,-0.8328933659207959,-0.15376393580076644,-0.34694913560473833,-0.7331710072356848,-0.008277881006674075,-0.3496496486656441,-0.9796875557691219,-0.25992115693505113,-0.42654758466481496,-0.9348247028670594,-0.33447029985676185,-0.4743405056850987,-0.7837646437099783,-0.32964309482510845,0.032383688394051986,-0.7170688234159102,-0.059527358649009106,0.031102034830397415,-0.9999982134780097,-0.33836150166271534,-0.16333597040490347,-0.8220151236535109,-0.32817208429488953,-0.16836451196659005,-0.6688732825780643,-0.22147986916671183,0.38524359385682766,-0.6365152570710878,-0.15167998425035048,0.2651274392923551,-0.772414140429499,-0.4497806528763121,0.031780450820264754,-0.5564733511926463,-0.3373432121466105,0.0764171561852875,-0.45477276726004506,-0.1713365844150909,0.7153168788117206,-0.49827199976307396,-0.2506143139398541,0.4882230095003553,-0.60327005171486,-0.447225704822179,0.28248353733104087,-0.45391236839045973,-0.3710989332553765,0.3161690049553751,-0.3807093557051182,-0.25933075080480167
23,n,0.0,0.0,0.0,-0.3147229526729533,-0.23259319870820674,-0.14734092546498814,-0.3762220935618674,-0.5393456186178271,-0.23259606916062497,-0.23021098901563575,-0.7857746937284054,-0.3559484638961099,-0.004826385887212197,-0.9627785846273039,-0.4524395033229396,-0.015972205522647002,-0.7120530521685077,0.06507690627054846,0.007784998995330042,-0.9999982468374535,-0.28677080607866096,-0.19678842087922171,-0.9355730435409189,-0.47354270241160934,-0.3055027447017661,-0.7947022066366943,-0.5161540250333368,0.2977323752347494,-0.6584902736446516,0.015882973503144018,0.3859974398842317,-0.9839752037039177,-0.3576806522967286,0.09997438236655894,-0.8899119606248497,-0.4804086535389672,-0.07068930607874352,-0.7391135519313287,-0.43388411496251666,0.5906529418622846,-0.5708646761274099,-0.08974234990742969,0.3290042459641515,-0.7075603240234711,-0.48191768938449153,0.06490635803309842,-0.49578588457486994,-0.49788080370025806,-0.0024126182121366442,-0.3228851845055067,-0.3639175859549268,0.8531030224220979,-0.45559971976097624,-0.20563939986259236,0.5337300741747394,-0.580786840216062,-0.42200982318954905,0.324791150803162,-0.43282875444458213,-0.3822391631039128,0.29598007123269987,-0.3008399482900866,-0.2689511262474544
23,n,0.0,0.0,0.0,-0.31096406301982416,-0.012785867093811546,-0.03471140839917043,-0.6069600522549772,-0.23919053888568187,-0.05414591697600664,-0.7531881317942153,-0.49141497291168856,-0.09349517346566096,-0.8497016727127258,-0.678331364908998,-0.12786720042583138,-0.6475076687805388,-0.5444018987396829,0.01668036642413304,-0.8782998601731151,-0.8060447612629151,-0.132168488753068,-0.937250142638034,-0.7532227023891357,-0.20669281535627967,-0.9003383304874908,-0.6077287688307332,-0.22073562881889436,-0.4991264161712265,-0.658542290337006,-0.02579341499615032,-0.7472106132811376,-0.9999976180766398,-0.18525602956458462,-0.8005560581843796,-0.8836468735032704,-0.23667734046245612,-0.7663523232938345,-0.6875700192139527,-0.21187244169912012,-0.32017375469084125,-0.7269029797853391,-0.08628298958066033,-0.5149769274619669,-0.7237540741999698,-0.2649861855308626,-0.43092984831520537,-0.4356019186956619,-0.2818876038644174,-0.31143435088706806,-0.23144992003166284,-0.22790368550457793,-0.11327484896105058,-0.7489732167141437,-0.14782881740496615,-0.3207867261223358,-0.6841275830125753,-0.2722523815337484,-0.27320047968149846,-0.44220035916719724,-0.2640577130539394,-0.1789205044382929,-0.2657209504540037,-0.2142368183883668
23,n,0.0,0.0,0.0,-0.43646488178484316,-0.19061460275220188,-0.19078173990018807,-0.5381629480025415,-0.5097873276260348,-0.2819695078819434,-0.34549291142775296,-0.7537710998148959,-0.3829305077802739,-0.09089199982142096,-0.9149755964421489,-0.442972959128398,-0.3332034325353586,-0.7060804388721125,-0.07204388356052188,-0.3293717248351768,-0.9975028965821533,-0.41403959202957025,-0.40451100298946,-0.8579873372141351,-0.5758680225972325,-0.4261208431113675,-0.6811302867920671,-0.6050415469463516,0.02119705023062368,-0.682014984724894,-0.08393127851474382,0.03359985255786402,-0.9999981683509207,-0.4417241086744453,-0.1420177364424253,-0.8180434739196571,-0.5195665274028396,-0.24046048327812025,-0.6190037705319649,-0.44640579672336816,0.35872424125696445,-0.6188618433014256,-0.14661569161250718,0.15726104852671982,-0.7201176970212014,-0.5065043639149517,-0.035760967579806034,-0.4675158850444112,-0.47994017169929687,-0.1005760768728891,-0.28917029091096824,-0.3307239407113167,0.6819783565819356,-0.5243994456462042,-0.22592760305094642,0.38640987694346485,-0.5772578954025074,-0.43460080826737807,0.20413469990816432,-0.4119425857174774,-0.39508065234345613,0.15006752143423388,-0.28918721300384026,-0.2867701145738393
23,n,0.0,0.0,0.0,-0.3672580775966552,-0.23604579214853616,-0.10380667866919831,-0.4863182170422527,-0.5439653726794325,-0.1811764686005763,-0.39232312744553893,-0.7732187499458713,-0.29452338067578593,-0.18675047689961607,-0.9118941210715517,-0.3656236550726814,-0.032820630267819416,-0.7513768543396191,0.06635244450220487,0.01038544600234044,-0.9999982810237481,-0.23766108635487287,-0.2621908619882515,-0.9065001430407836,-0.3741432464077193,-0.42183172031523425,-0.774463216581735,-0.4052913876972312,0.23391382592434268,-0.7103899881056434,-0.0019058248172824255,0.18043495728811212,-0.9705935047042578,-0.3160593338009999,-0.15523466160032337,-0.8049371778560993,-0.35397407031245465,-0.20287326655214155,-0.6857133089782517,-0.2767774104237204,0.48740069604833713,-0.6238459196429068,-0.12581153526543407,0.22317161779240585,-0.7563665036644941,-0.4154471463061131,-0.01327898974212553,-0.5577288396558476,-0.3380013574345777,0.07854525045170957,-0.4644284730975395,-0.19891348650023702,0.7077599176043009,-0.5023773284456271,-0.2646832305828356,0.3851269729966194,-0.5937930135011034,-0.39623770337222963,0.2023200905792263,-0.4581337014272312,-0.31404178863028914,0.3087236272890835,-0.3886684672555221,-0.20655732260625165
23,n,0.0,0.0,0.0,-0.38439290983687996,-0.2056556844898554,-0.2216576012800889,-0.5021851667323003,-0.5177389063160491,-0.345851787976777,-0.48716914604182654,-0.7758019950452075,-0.4840709187463734,-0.4627211455756477,-0.9579016881330142,-0.570451247577288,-0.09283841028190291,-0.7351026375947057,-0.01635236324697075,-0.03267993927071604,-0.9999982055840836,-0.3475400006950619,-0.1483538885498738,-0.9571773318516208,-0.45198993040600854,-0.28373343039310844,-0.8267864630028334,-0.43816665097223906,0.24685281294568842,-0.6818616220069817,-0.01402432086310219,0.20573461766603385,-0.8881504297168754,-0.3384987829236493,-0.06875026167378955,-0.6592060356776405,-0.28387750630803577,-0.03957578967847702,-0.5446893986381014,-0.12140375065834534,0.5650412164738179,-0.5970119871474459,-0.08906284034225677,0.3952743508640349,-0.740301959492247,-0.4224828802110662,0.13120683253586757,-0.5261227754414013,-0.2599585880766274,0.20645057793885005,-0.43544957277271784,-0.04233304638878923,0.8704300386203428,-0.4848575697950025,-0.1888006238794686,0.6124051864907558,-0.611536065908607,-0.3840133315098431,0.38199742698204514,-0.4718817257110374,-0.2823446197484299,0.44975974048732503,-0.39411768035755584,-0.13741769311987426
23,n,0.0,0.0,0.0,-0.5230977674374313,-0.11428629583043837,-0.14510843932762854,-0.8932039722885682,-0.36378694188273675,-0.24484578339761992,-0.9999978234299309,-0.5958657161360027,-0.33186063140267796,-0.9918990683602762,-0.7640439688487078,-0.3967029870687141,-0.6588418851652493,-0.597355058848969,-0.24097161120546337,-0.6966370052483863,-0.8918683639932731,-0.4570728712171126,-0.5475885034414074,-0.8053437795868473,-0.5815249689330325,-0.43386032192727403,-0.6562733527869685,-0.6269558245612096,-0.27237444626332535,-0.6173362519345906,-0.2547212412942846,-0.3579351093842684,-0.9513865140609832,-0.43419738446817024,-0.25965016636021226,-0.8997512422097591,-0.5174139544872638,-0.18972202317692635,-0.7845381289279766,-0.543761114668173,0.07267382690952456,-0.5902012839466703,-0.2824501949626332,0.07931191041077441,-0.8435512581902948,-0.46617780832039873,0.09661410288465778,-0.6822447393469625,-0.4526223246923749,0.07300672354728341,-0.5065864315121754,-0.3982967978321696,0.3724676174000405,-0.5282234156296427,-0.31882752046052165,0.33888890697219637,-0.7034894736654181,-0.48516854958179195,0.3115994261644901,-0.5953109748955284,-0.46264117074526834,0.28550128979347106,-0.4679075006945364,-0.4014099522234324
23,n,0.0,0.0,0.0,-0.35870177596552794,-0.21358686550520134,-0.16597787880427733,-0.38883773767025315,-0.5358715210877381,-0.2430048481370001,-0.10415377280047271,-0.7420864743886492,-0.3244235766882068,0.21701869398522075,-0.8665044602576384,-0.3820688729982967,-0.15023138473918518,-0.7192073924033089,-0.05250076797582551,-0.2224935847220226,-0.9341306325838957,-0.32478493269178427,-0.38016904360876513,-0.7957899440580303,-0.4797321030248447,-0.4824972285020276,-0.6328271010267965,-0.5322454469175598,0.1430663853311267,-0.7065470555074003,-0.06745277009573908,0.11872174474456651,-0.9999982542516089,-0.3558221903043597,-0.11280743095597358,-0.8601540531680612,-0.44801887998480117,-0.272973595473594,-0.6863122639089038,-0.42288579082632904,0.42608271734759673,-0.641636633141943,-0.12178060055850173,0.28855058596687516,-0.7748254687866271,-0.40911037761529934,0.04454394952802128,-0.551778729211817,-0.3987822970364835,-0.04130894053710034,-0.37404251023359203,-0.30257143667631886,0.6944091252966722,-0.5330011718375233,-0.1929702565900399,0.45534768907954964,-0.595741273032549,-0.3920863502596614,0.25744800800839357,-0.4395847007872923,-0.3827299846155249,0.23069887112043896,-0.3255736689693562,-0.31772398799643975
23,n,0.0,0.0,0.0,-0.4029586040568766,-0.20836228608568735,-0.13439760389236977,-0.5545449894737163,-0.4897339768013579,-0.20996592231799407,-0.3795743284344229,-0.7089328900526186,-0.2858553420879791,-0.07411627419233938,-0.8493506033339079,-0.331006330074387,-0.5057220573715486,-0.6813851080896789,-0.09028145759826457,-0.6968424890621757,-0.9041951528155616,-0.3260655613362997,-0.668483606905237,-0.7984896925639632,-0.4329259053139763,-0.6564593446303845,-0.6204614408227572,-0.4582993240061168,-0.1454004546658088,-0.6860574267766258,-0.1227845490125049,-0.2267340102054166,-0.9999982217571836,-0.3823575046727985,-0.3083519410237567,-0.8671398244949738,-0.4629664491080254,-0.39326037893424937,-0.6853990073836012,-0.449970827443705,0.18353048411897446,-0.6443058256829959,-0.1822097345064492,0.09962557402772805,-0.8121241516858831,-0.45184385679074873,-0.044154588097647954,-0.5888989116336439,-0.4037327108176631,-0.09841504474766767,-0.4091314448537803,-0.2986011947085676,0.5154613012168258,-0.5395604897185375,-0.25219799627237827,0.3457638778517223,-0.6521650447401571,-0.45635247155745645,0.21852337622591583,-0.48420545852380337,-0.41619090242204604,0.17920730153644202,-0.3562728321979886,-0.3352453818788748
23,n,0.0,0.0,0.0,-0.4239126713534523,-0.23388416562872041,-0.13548295877948716,-0.47829478919108587,-0.5462487140812211,-0.2111586790997795,-0.23109599647554985,-0.7657673301734164,-0.3035057140446356,0.06239688168913333,-0.8917491434075568,-0.3714403438294316,-0.1531483700123416,-0.6975782164513517,-0.07854710731855467,-0.06451997763607674,-0.9999982262019177,-0.36916780332688814,-0.17758205265157717,-0.9273114762885797,-0.5087834851304296,-0.2923335859452601,-0.7800521045840282,-0.5320102985781728,0.1735582566704634,-0.6499412973971984,-0.11113771644499827,0.30262168324883776,-0.962496973119162,-0.4130544675576752,0.098409266294281,-0.8396687201836848,-0.4829642024746278,-0.09334105004964048,-0.6624706401283583,-0.42492130095276953,0.47204243497494164,-0.5635443178742882,-0.1807616591338954,0.36420637316144505,-0.6912679769191897,-0.4881737751896166,0.12004431284649075,-0.49962291141014603,-0.47358466674766775,-0.026437148933075725,-0.3372037983469763,-0.3545505187448138,0.744560899276249,-0.443979157999838,-0.259512609554669,0.5682080769930369,-0.5286312256404538,-0.4456523321723594,0.3264596493344628,-0.4006944746239839,-0.40221368442855865,0.16940954470601644,-0.28075763287106753,-0.3010819844975162
23,n,0.0,0.0,0.0,-0.3778430319760343,-0.22758768293693027,-0.08168405588895411,-0.5264312048502029,-0.4978764904233518,-0.14426233678147546,-0.4494400789381784,-0.7125692821925375,-0.23786918914016578,-0.3374997481987221,-0.866486919704073,-0.3111051236770696,-0.411843273573777,-0.7211574337905391,0.04391163668743904,-0.492442120060922,-0.9398699020340211,-0.21855265581285876,-0.5618809326582017,-0.9183825763228465,-0.3673429731360774,-0.5622207658713968,-0.8133487330282168,-0.4223239367394365,-0.12483696681089393,-0.7206945055531775,-0.025289269196937043,-0.16167658972423674,-0.9999982257802328,-0.2992080266044857,-0.3173317811829953,-0.8673976536801227,-0.3664818367256067,-0.33274948583571934,-0.723722177840022,-0.330288568440877,0.1642941567673375,-0.659726407247768,-0.1357933806122657,0.007550198279965283,-0.8121758933671183,-0.3974129777927616,-0.1281234664788789,-0.6044741904339388,-0.34525730408578414,-0.06206886815639674,-0.4882802074977048,-0.23475842242442196,0.4410635894457346,-0.5476751429341272,-0.25782263875338246,0.2170643802674314,-0.6475355054063777,-0.3872968721941847,0.09697841608171304,-0.5123303737270608,-0.31720271607047895,0.1690347957220935,-0.43637762414002845,-0.22810674379465487
23,n,0.0,0.0,0.0,-0.41938774183206173,-0.18962122531964667,-0.09874124989349167,-0.5508570674714465,-0.4885460487938673,-0.12474254955541134,-0.4075491324308873,-0.7258467091917645,-0.17172270581609766,-0.18133488891750837,-0.8613481609506458,-0.1905177284200605,-0.4900079494948652,-0.6832648316234213,0.0815008688890751,-0.5623105571670564,-0.9338511249385288,-0.1486766042957437,-0.6544409759380944,-0.894735196909399,-0.2668771936145846,-0.65890740338492,-0.7475959777463311,-0.29474839821886967,-0.2236999992547891,-0.7008114743614174,0.05036571982145785,-0.23888168082728561,-0.9999982845515767,-0.20251973123408298,-0.4020411486636758,-0.8777821845259975,-0.2681532573144241,-0.410069511611111,-0.7182555616594346,-0.2241700102718702,0.03419104300104177,-0.6591238638699009,-0.02511081352253975,-0.08802201512589398,-0.8115885273193998,-0.2530774542644583,-0.21851977367586567,-0.6183135982963708,-0.2227095921769338,-0.13831865889748907,-0.5050230679450028,-0.12403864398444824,0.2841347032750042,-0.5780896267336483,-0.11375741000219841,0.08110662921153189,-0.6606670522825472,-0.22405996511506315,-0.012937424990142719,-0.5331583809256248,-0.18670331533204496,0.07607578897439256,-0.46601018103714803,-0.11928428421560745
23,n,0.0,0.0,0.0,-0.397387578528813,-0.2225739493707061,-0.055907723966061994,-0.48300045112937373,-0.5060571953590418,-0.09060963018639182,-0.3484553800765125,-0.7198513777537695,-0.1716137684396957,-0.17547508907569745,-0.8573463785912268,-0.23306317484705866,-0.20405191700998596,-0.6729416081201568,0.09886986572101061,-0.1821101423737427,-0.9561093547729037,-0.17379152762140876,-0.3608935757371795,-0.9607417460719098,-0.31288340706706413,-0.49863509823220264,-0.8570102051967007,-0.34011479913655784,0.06153226759570951,-0.6504245338066277,0.01958370362009649,0.061224411063823446,-0.9999981550364234,-0.3263473329656905,-0.19337035654858598,-0.9423481842928564,-0.44538086653795766,-0.3419630657598526,-0.7861060182906411,-0.4018505082696809,0.3324129151674684,-0.594482564738046,-0.0961159197300126,0.08331601764316181,-0.7387540107420508,-0.42003337059701307,-0.1250252167542919,-0.5176808550912644,-0.40600934815220746,-0.1535337543130486,-0.342376766875393,-0.26961941975230086,0.6095254718879979,-0.5047326259978817,-0.21863863374849507,0.3015219122530012,-0.6129533518250175,-0.38597217119555016,0.14629634911166137,-0.45967846312227784,-0.32729449078284883,0.15935465657204456,-0.3405660272240138,-0.21203844043280662
23,n,0.0,0.0,0.0,-0.3774538500443043,-0.14940745412555434,-0.06555896963348332,-0.5742134204971561,-0.41278269147547586,-0.0932796077870882,-0.5120211798313719,-0.6319862631668153,-0.14464823234056512,-0.4517450540247615,-0.7786403655568851,-0.17659187215004676,-0.4946725250496061,-0.6873087197875557,0.08567238721807428,-0.6288329500823411,-0.9561752897111223,-0.10934188409750349,-0.6347542437563047,-0.857315402457245,-0.23537666314534184,-0.573253163439159,-0.715234354033446,-0.28903625369109515,-0.22029856261484557,-0.701529449966979,0.033528416838869514,-0.3247162483225207,-0.9999982215112792,-0.14184340134981868,-0.3731665887620717,-0.8320382798264706,-0.19466563576229928,-0.3271988072496315,-0.6834009076568494,-0.18227775258102902,0.05597497771369191,-0.6621225504664641,-0.055374010992295435,-0.012064458300335324,-0.9409059993187302,-0.24407091969965172,-0.12660096472569102,-0.7348784668197235,-0.19120699835356653,-0.09287912410819794,-0.5840466075400811,-0.10563038880240394,0.3738938972209686,-0.5641250765586524,-0.15427915957594382,0.24022549991188477,-0.7599528526151036,-0.2913432398685998,0.10651629022025093,-0.6129278875747712,-0.24028326558354374,0.1188354813914111,-0.4915054311606345,-0.1684971733467883
23,n,0.0,0.0,0.0,-0.36286707180360467,-0.17129141134287257,-0.06290537962296837,-0.51437143884361,-0.4801702848635039,-0.09933321423124632,-0.40843721571974523,-0.7233226469003144,-0.15942185247381432,-0.1989833551052434,-0.8456428941100024,-0.1996469603853419,-0.2237499733058266,-0.6995495958952614,-0.00438338295013345,-0.24338133572151896,-0.9881070970197423,-0.2129914310358175,-0.38860816201875154,-0.9164527112540255,-0.30729953918758796,-0.4621631922382095,-0.783035917410859,-0.31816742102899126,0.010275734663399061,-0.6925443602707699,-0.04878007402741866,-0.03249685291653933,-0.9999981155060256,-0.271425366543322,-0.2011152197355714,-0.9278839570962407,-0.33212807632057023,-0.29569820020924137,-0.7932013493230274,-0.28817633323479525,0.23104669125154373,-0.6458729860358255,-0.11841489518572376,-0.02707185584162865,-0.6920542880674916,-0.34967070675000034,-0.14513404618265363,-0.46910204402769357,-0.35160389725483016,-0.1585100519628726,-0.28863691461238317,-0.2612980126684929,0.43124562311220266,-0.5608595555035719,-0.19356792528117636,0.13137360947973925,-0.5780838018715323,-0.3325836367923663,0.01891119328176638,-0.403890035346329,-0.30662879287498734,0.010091522329368241,-0.25975444247904117,-0.22815419817211574
23,n,0.0,0.0,0.0,-0.38026142344557284,-0.19469044255580656,-0.14822102580462843,-0.5366412836923822,-0.4848380322301978,-0.24011581030684861,-0.44147819024879265,-0.7199221181377027,-0.34566816731006916,-0.2951846423215456,-0.8962092494213484,-0.4220201805845856,-0.29952638281026117,-0.7158595658798957,-0.08432254509523436,-0.38303627017275055,-0.9843613871075714,-0.37454597430485326,-0.5009501119890015,-0.8243231356457369,-0.5111142937195363,-0.5254738629629253,-0.6472234233810505,-0.5411977207818006,-0.0067199402753232275,-0.6971202630193133,-0.11086349342893596,-0.12413812261283692,-0.9999981795564498,-0.42648225521557787,-0.2741823739927484,-0.789475632147709,-0.4949861549408436,-0.32189372208307193,-0.5753017464718673,-0.4408080402789542,0.2715019282608644,-0.6395944123717385,-0.17783874129011068,0.0012889533598773573,-0.7247971157429363,-0.49922356605372603,-0.11309456249961883,-0.4554210002398829,-0.48907160706502284,-0.1198468378285024,-0.2584243522197415,-0.37548548122180736,0.526477931480109,-0.5496809365750509,-0.2567052661332321,0.21653396481162868,-0.6013361303842718,-0.45352879140855623,0.08657059549438095,-0.4168586276899903,-0.4348843506975547,0.06727112580827722,-0.27196590372738816,-0.3554527490920879
23,n,0.0,0.0,0.0,-0.2722764056127239,-0.23267345211605936,-0.11574437162872617,-0.28166828033138874,-0.5276861396724158,-0.176753206734284,-0.19899760174070832,-0.7745300397314925,-0.27522933909811576,-0.049514117395962266,-0.9549274183692714,-0.3340307050405837,0.040501164813083745,-0.713373882815276,0.12243030024466287,0.08101165563594212,-0.9999982219945408,-0.18718066595312216,-0.14601722906402154,-0.9415514563782764,-0.3082319946372065,-0.21406981124250227,-0.8251109254728121,-0.3178649679040223,0.3207029301074117,-0.6718345105617699,0.0615077241059339,0.3945761611251762,-0.9901989967068846,-0.30089223948414984,0.025260345293659826,-0.8394253436917253,-0.3522512906603862,0.001369439753497593,-0.7052479609348256,-0.24286861506706348,0.5701443358434909,-0.577974050936213,-0.058538872743836616,0.3568375087756756,-0.7290524419184967,-0.4056360200449719,0.04434560038790797,-0.5360358327987655,-0.3406609151147358,0.16085586441191446,-0.44206770015126523,-0.16890282605172033,0.785383130618028,-0.4555241784596043,-0.1905064614587893,0.47998873957829014,-0.5578201199036992,-0.34449061983321144,0.2599610387844797,-0.4292464502814392,-0.25974445366379434,0.38534076201369594,-0.3587146861749716,-0.13100469098676976
23,n,0.0,0.0,0.0,-0.3498795380820189,-0.14197870334602658,-0.07309990173775067,-0.5868860474825855,-0.43781726520480296,-0.11665181231904984,-0.5834448725242976,-0.6850254035789433,-0.18332649373810114,-0.459876528802637,-0.8429924333227417,-0.23645035279910723,-0.37384160436540376,-0.6722153249802989,0.030855094392952753,-0.4982783682200556,-0.9174869284697892,-0.17825367697656666,-0.5623699144961785,-0.7911359236475284,-0.30289591592218607,-0.5599366576469748,-0.6388301995441857,-0.3458439358091116,-0.13786159644906154,-0.6833243194440057,-0.017289997494132354,-0.2637621230851703,-0.9999979420640348,-0.2370805622751871,-0.36400759503074037,-0.8596874492916419,-0.3236264681975023,-0.3857344431392695,-0.7077107367920586,-0.31116527253445037,0.115675867770241,-0.6498207633234188,-0.09504684477899325,-0.07289013042661814,-0.7974061874786313,-0.33341573636990585,-0.16135926234775694,-0.517746630939444,-0.33535644178098994,-0.1534149614722668,-0.31118873638086225,-0.2536531610269927,0.38720197779389837,-0.5701971339751588,-0.1776066627322083,0.1510012079672696,-0.6802743766639975,-0.33420246324980607,0.05710149864751368,-0.4926574185559768,-0.30518142573933515,0.06553454842231582,-0.3474550209389455,-0.22935921590292493
23,n,0.0,0.0,0.0,-0.39313804241318207,-0.2206079590932742,-0.08475611649181775,-0.520189903501842,-0.5187905312023896,-0.12716438808101124,-0.3910921442560654,-0.7444398626782588,-0.20681587896938552,-0.19093737560748264,-0.8892458275901562,-0.2541658579356568,-0.10024276877601059,-0.7152068184762608,0.10362972674220713,-0.12438805535908228,-0.9999981134178687,-0.17256676342279148,-0.36749060509185366,-0.9184404142143959,-0.29921117940674424,-0.45007291199748695,-0.7951534319167596,-0.32370756006044676,0.16075739788998075,-0.6788830740382892,0.03806066709880812,0.11744258308122199,-0.9854771730159766,-0.27243897038504433,-0.19270974143156722,-0.8341240022765852,-0.33421485624325764,-0.21326441715089853,-0.6928232712813142,-0.26129450972862883,0.42442446263463857,-0.6022100213431406,-0.07572176943257329,0.20542272588258975,-0.7819746834684425,-0.38587176062741374,-0.09310725759051443,-0.5887661742411244,-0.33903307347070266,-0.05992219125309465,-0.4576944842352056,-0.1943004534567374,0.7011479874772856,-0.48529049505414845,-0.19924042490148586,0.4115623145084805,-0.6239361351218191,-0.3624758064530749,0.13499565610142636,-0.4988773773576516,-0.29378683364563984,0.12735181895026867,-0.39372035985885806,-0.1748263850703374
23,n,0.0,0.0,0.0,-0.35428781049859703,-0.22727809201372542,-0.10854307698676564,-0.4463011181630634,-0.5301775058992069,-0.18145934139057388,-0.2921918696482239,-0.7542904431255506,-0.28466321584830606,-0.08402991856742262,-0.8768126502699521,-0.3575111595675188,-0.10943231193628772,-0.7164018390619381,-0.0046405444851570065,-0.05738766202447932,-0.9999982037517998,-0.2996496557881345,-0.22808407534557298,-0.8686910138326788,-0.4431158665690956,-0.31986301830315644,-0.708306460251144,-0.468818924482549,0.16675980357919182,-0.6755348546427197,-0.0516922743515868,0.2080242658304352,-0.9779174402818328,-0.356496587363956,-0.024941426148452017,-0.8318326937226223,-0.4288664335050118,-0.16572877017248458,-0.6643419324252641,-0.3707694408390177,0.42618194125186964,-0.6042484768627776,-0.1408817797186744,0.19911187601999594,-0.7082296948355045,-0.44011618033104577,-0.02683095813996526,-0.4965361063763392,-0.4270133302898882,-0.11081483887095132,-0.3317366581114578,-0.30841940860417233,0.6652074972826394,-0.5035978286943965,-0.24116342927477968,0.3795952909790877,-0.5799378226058746,-0.40342729016554935,0.19199174988850573,-0.4299290464112303,-0.3633030405854462,0.13207768129101805,-0.2985567611326827,-0.26789610198718966
23,n,0.0,0.0,0.0,-0.40908656653182174,-0.1755561554831666,-0.15486128397205978,-0.6186039984619015,-0.44523864820648257,-0.21471802379634206,-0.5625161217060525,-0.6913828155062973,-0.2785988543084819,-0.4480771668068854,-0.8700394866467611,-0.3008680093403745,-0.5271039763680736,-0.6901226804726507,0.02654402661628907,-0.6653349831378402,-0.9204836352330377,-0.22737371373860785,-0.6873843722060091,-0.7672249304639083,-0.32469206733792444,-0.6473219348901891,-0.629168739460104,-0.3296489666823475,-0.22302741638386117,-0.7100823243670178,0.024402262634941024,-0.34195742569829,-0.9999980992081232,-0.2320966567922258,-0.40126551536142935,-0.785777720972768,-0.2549398402947724,-0.3571235147917054,-0.6760612842671266,-0.17978126857759733,0.07067711913999837,-0.6739598696027906,-0.02813738620913712,-0.08085789991082146,-0.7770882557737938,-0.32181938998610377,-0.15343493673539937,-0.501266478069292,-0.27017625789546007,-0.08212545583407951,-0.40326360405132733,-0.13873291509367908,0.381607975316666,-0.5856379142951008,-0.08980160124292445,0.1438568341674518,-0.6663124445901024,-0.2514415989431064,0.08350834711038338,-0.4721789700087495,-0.19512966513660196,0.16013146821359495,-0.39856023288595954,-0.0983329476775621
23,n,0.0,0.0,0.0,-0.33469331214264214,-0.21799126434307387,-0.08777482830343163,-0.46590633741108994,-0.47761527315648533,-0.15641535332659112,-0.5221785218576757,-0.6621041990026453,-0.24686310310110088,-0.6346148242026699,-0.8020018450518674,-0.30711925374929394,0.058048394850837716,-0.7808390084732594,0.03058008640502924,-0.1649741575198154,-0.9999982084428645,-0.2001055268322324,-0.4032069697612625,-0.8888418593222647,-0.33661231796958274,-0.4776490706490723,-0.7708146081008809,-0.3947443522708747,0.262233730523786,-0.740002987832911,-0.03681458655652668,-0.012592208920540165,-0.9839362304018529,-0.2886090665019767,-0.2714310800902048,-0.8241046043153117,-0.3613355041523491,-0.33085881842207315,-0.694544452629827,-0.3304133879745707,0.4020369251284799,-0.6510691841915833,-0.13882366499807472,-0.12209031850556241,-0.7162587276024925,-0.3355674255052423,-0.2707608966353044,-0.5276897022444522,-0.31343917129280857,-0.2015916317315723,-0.4272137612255676,-0.24089023721922204,0.46880464592625554,-0.5312760273306699,-0.25992631451904413,-0.03488851622605067,-0.5542921197824131,-0.35521127035343375,-0.1430359007439864,-0.41847104933589174,-0.3211643544068499,-0.06325769368455444,-0.34708871607475317,-0.2595846021137412
23,n,0.0,0.0,0.0,-0.35996154678122927,-0.11899288456117679,-0.15752378031215547,-0.6715051416871767,-0.40453182096500817,-0.26496689007881574,-0.7588097797741763,-0.6709485681797575,-0.3726969522534407,-0.7478833596758335,-0.8385669987115442,-0.43837459776400906,-0.48531168250616924,-0.7190255543855987,-0.1002702001561684,-0.6934437162099966,-0.9268926575734673,-0.3400052389168127,-0.7282810455401729,-0.7128322033393786,-0.40686637429437433,-0.6849891541125507,-0.5803227425731684,-0.40538014303836095,-0.22889252445588656,-0.7609696742218918,-0.11173328660756841,-0.45052205402510315,-0.9999978659001363,-0.34090293709650293,-0.4849880799458048,-0.7094843033442876,-0.314840814971492,-0.4007950000468376,-0.6234126368050915,-0.2208444950676167,0.04602992016655479,-0.7487640445526744,-0.1674020537527141,-0.2003132285233239,-0.7824653940615715,-0.404071804148963,-0.20992793887226496,-0.46691486422922474,-0.3321582584347681,-0.07479149694385107,-0.39522570330924484,-0.21679095641163662,0.3430079017938346,-0.6846422099366883,-0.23769615563961352,0.06614937510770341,-0.689144406879117,-0.3713991711519792,0.04770479238051647,-0.4675199017993401,-0.32366105177821763,0.1671330902923723,-0.4011754620193415,-0.24659419253123804
23,n,0.0,0.0,0.0,-0.4200706486271897,-0.1895941368184511,-0.15774069364176377,-0.5744456529477382,-0.5091464098941586,-0.23301849425892485,-0.4749743529121468,-0.7562742573588329,-0.32113717202379766,-0.2942766709008122,-0.931712254387898,-0.37669400802890224,-0.3876199927515362,-0.7090776930910977,-0.06458860823431459,-0.4364201901245727,-0.9908704915811685,-0.3565993239264787,-0.5018081415425849,-0.8553986716380644,-0.4943616386303993,-0.519709205443503,-0.6752619990213751,-0.5181126477266765,-0.050729495052689276,-0.6935248335489166,-0.08434726980450162,-0.13435624671231292,-0.999998167143607,-0.4022824382845271,-0.24278403264646872,-0.8068900265403717,-0.4810262697055223,-0.2973005664344446,-0.5931068557645692,-0.42614976786236775,0.2828119887719451,-0.6412373159108159,-0.14648039853421146,0.06285916217453753,-0.7379365341812687,-0.47704296917626654,-0.045927990957648726,-0.467725011418514,-0.47105133094067464,-0.08218775341294268,-0.26673611039390116,-0.35123784828095794,0.6071164410331595,-0.5544214330017913,-0.22099410004061878,0.3288789416009708,-0.6133033578419326,-0.42500338704688445,0.1717510829440277,-0.4360289774976851,-0.3985485754068606,0.10154376558665888,-0.2951344764150044,-0.30752262301849304
23,n,0.0,0.0,0.0,-0.27256324447456476,-0.2732058961864981,-0.049269388231794345,-0.3112334662077468,-0.566990913791789,-0.11915002577043864,-0.18546547627847557,-0.7458791690397453,-0.2306600316903539,0.009433813667046313,-0.8445682783300539,-0.317911015529482,0.13740524548176525,-0.7477165511249226,0.007523791209752397,0.17358875221110728,-0.9999983144052866,-0.2801406970846275,-0.08703934531318618,-0.9375423687830557,-0.4263816375272611,-0.26515664958615287,-0.8054696556120077,-0.4714322107483167,0.4169460308095959,-0.6937803245964406,-0.09261532439610873,0.48340364250286205,-0.9843740612957793,-0.4076059898136289,0.12859961595117844,-0.8919862090572903,-0.47253561455138215,-0.03807549386500575,-0.7610996612538672,-0.41857314042503524,0.6608804049186521,-0.5820438232566724,-0.22888958725906153,0.44977667692287604,-0.7497475877359738,-0.496327441948834,0.17926717511531443,-0.5821429361955955,-0.44851526978993556,0.2077604621953929,-0.4609381099931194,-0.3393720060018971,0.8514883005238839,-0.4357233865008882,-0.3735884750478049,0.5722839867950941,-0.5654305757300082,-0.48962307705191094,0.362581704704072,-0.4586101364423952,-0.4132719545278447,0.42325128151506186,-0.3797479351155139,-0.3192746849871653
23,n,0.0,0.0,0.0,-0.4502256017325296,-0.18665367448199716,-0.17163820796887355,-0.580217925368096,-0.5010414028084599,-0.2614592725613911,-0.36086095848158845,-0.7420152289660822,-0.3458473364079795,-0.07687038181930002,-0.9109265780111577,-0.4074718627929771,-0.6143528970673239,-0.6927349308259461,-0.1320587042568273,-0.8169710825691724,-0.9055990200707648,-0.39905772684280355,-0.7518542014811707,-0.7483695906081897,-0.5570335488821021,-0.6804587356477625,-0.5800739746078074,-0.6182181412436275,-0.2761012752720248,-0.7251179947394544,-0.14703254006194583,-0.4750379595026261,-0.9999981102558695,-0.4061314198956258,-0.4704844748113674,-0.8009669794583653,-0.4793768444825399,-0.439878718446055,-0.6139648607846991,-0.46340216792582145,0.07963067707096938,-0.7011715379628782,-0.19563294400572262,-0.06067896250007344,-0.8436153770883569,-0.4624675298810757,-0.13883791763525927,-0.5810660859510174,-0.4246515637794748,-0.15531307088654148,-0.399866714787359,-0.32424607743443906,0.4186429400902349,-0.6306339195397661,-0.2610508207268866,0.2118808762662901,-0.6931806375227083,-0.43772661246286737,0.10987993566138857,-0.5130214739265504,-0.3942725749166281,0.10474783199078501,-0.39424170929592367,-0.3147895374849766
23,n,0.0,0.0,0.0,-0.38999828949452525,-0.17615900150349895,-0.08769603153294736,-0.5774981403110382,-0.46712637930155515,-0.13922957122149374,-0.5103566034411542,-0.6997173892682865,-0.22684783307691198,-0.3583137612804931,-0.840409094358846,-0.2937577484443686,-0.25921433579396597,-0.6978301069109444,0.08014450336116631,-0.26771325233481086,-0.9569441838358393,-0.1537299377040407,-0.43604757284767803,-0.9416391276989201,-0.28557689728693314,-0.5548890171350093,-0.8218244081482164,-0.3217219564810871,-0.02204476621579975,-0.6868596702959747,0.029077546858347264,-0.05048867766871302,-0.9999982067540486,-0.22447021216747687,-0.2645253837100316,-0.9425707442264499,-0.3126166768653596,-0.4090723790066036,-0.7991225081082711,-0.28427187525929715,0.22146596305953217,-0.6394671532460037,-0.06269911993690723,-0.014590230708742536,-0.7767344781845592,-0.32535818426475294,-0.19761675097203005,-0.577240224904782,-0.3380035746193573,-0.24787337959516398,-0.39433929544230306,-0.2527625328516695,0.46259912486832294,-0.5558749316428035,-0.16556017695777997,0.1836507332647531,-0.6539666379208003,-0.32434290288672707,0.020883238358449324,-0.5122358159215081,-0.3052788339172664,-0.00848288367265659,-0.37276632309439184,-0.2337357403007467
23,n,0.0,0.0,0.0,-0.3211811709828907,-0.24645396384023496,-0.14243349249074422,-0.41533766506956665,-0.5447760792722041,-0.23927075721220412,-0.275850650524654,-0.7771529619547772,-0.3632887467788811,-0.060747618427374264,-0.929089451070886,-0.4363939331089583,0.015062194446796053,-0.7488425014108736,0.046635075041087416,-0.025475111374815087,-0.9999982645604624,-0.2893904064169082,-0.2459011273858035,-0.8440471039032988,-0.43007872438843514,-0.24600332635988492,-0.709292636284183,-0.4589130839748276,0.28135739605522064,-0.694395429047569,-0.006993420422741472,0.2579325222975931,-0.9576170068545199,-0.36572592853806785,-0.043198047836601,-0.7244634430010048,-0.39509256582777974,0.009243835141512455,-0.6008064599318423,-0.29926514954694927,0.5450951924655657,-0.5977673851762625,-0.12221962412614097,0.3727812054280468,-0.7519552773496853,-0.4640885620818155,0.08260418272595743,-0.5244779458881058,-0.35377956151766987,0.16721541676173501,-0.4346787174742231,-0.17022164438611292,0.7913220015010609,-0.46595967188320453,-0.2537919073938858,0.5713626044901549,-0.6079586813533002,-0.3961943338669346,0.3312042215816456,-0.46872752628449127,-0.28056749554187443,0.38502635963127296,-0.39217242635742944,-0.13792838483039435
23,n,0.0,0.0,0.0,-0.3758361501925845,-0.19705459762541513,-0.06589169715055287,-0.5645936391327516,-0.44009720317575207,-0.07927495726682053,-0.5290036497387116,-0.6643862015628578,-0.11140129296854437,-0.4851094532531462,-0.8188436999421043,-0.11468936348635256,-0.5253511920901958,-0.7004720965400676,0.10105147469656434,-0.6686673595950576,-0.941637146328448,-0.11471031743565244,-0.6745324996865151,-0.9212967450450107,-0.21572070701812976,-0.6320978993409756,-0.7901979722030746,-0.23314015507072702,-0.21153753055648714,-0.709019833570036,0.05386577793438835,-0.2868415195824085,-0.9999981678231481,-0.1609982466765792,-0.38555605251146596,-0.8349750466201833,-0.17347820046708398,-0.3547282200796132,-0.6989552763248201,-0.09792208151049897,0.09111088393399423,-0.6547567220193263,-0.03656451558349435,0.005531078171414082,-0.8266274846472399,-0.26338624580657755,-0.13768942465807738,-0.6190368317904085,-0.16277458189517519,-0.07651896316500026,-0.5209466855981434,-0.01897104395815303,0.4170174996082719,-0.5391443237404722,-0.13614865105927793,0.24780088569063408,-0.6685029495850461,-0.2669640336813668,0.10755133890389497,-0.5251925154083315,-0.17843357058783166,0.1515886501806395,-0.4520652253658374,-0.0684114675696834
23,n,0.0,0.0,0.0,-0.38910284352884683,-0.15448412941515632,-0.11119542195059325,-0.6487212389034662,-0.4443796876026131,-0.18384009349326555,-0.6585296214859586,-0.6964472618816492,-0.27018959287716793,-0.6186036510255283,-0.8819148541801648,-0.3230174659792981,-0.4036429725233435,-0.7163075659934209,-0.008464420871365114,-0.5318915347723053,-0.9513956308898486,-0.2595913483980266,-0.6009085912999017,-0.7567488911001392,-0.361343263047367,-0.5746798922290054,-0.6092652070357311,-0.38209403737069525,-0.14427312794883684,-0.7217123857446403,-0.04475852242886595,-0.2944914895618093,-0.9999979238284987,-0.3056418345597661,-0.3858392607675955,-0.7401223461285946,-0.3324502689360288,-0.3169718173429796,-0.6134648307489629,-0.2678046313162156,0.12017168217838257,-0.6804787546893425,-0.1238960228847211,-0.08070302786523466,-0.8072110766204644,-0.39171889949684346,-0.1661361933994309,-0.516254490521548,-0.333737325245002,-0.06365233160298228,-0.3986350173058367,-0.2149312029423446,0.4177676126896707,-0.5880667380860111,-0.21242942188659195,0.14769046942014047,-0.6706568834151836,-0.3730927797351959,0.07740102089515337,-0.4694006537714929,-0.32721424345483874,0.18226223366046726,-0.38285832178401785,-0.242913431929894
23,n,0.0,0.0,0.0,-0.32340608496665396,-0.21846324403854425,-0.19091496335225233,-0.46464058984920775,-0.5239768207032997,-0.2884852581595525,-0.4310714639629999,-0.7631256893619981,-0.38888796620987415,-0.22372598449281866,-0.8858116872298463,-0.44195681773151313,-0.21785241950318068,-0.7240254925049326,-0.05337755451011573,-0.2450128559032322,-0.9999982814128512,-0.3450120341890345,-0.3772471998074453,-0.9263708000249935,-0.4453987110403314,-0.40245367377045843,-0.8060637450220035,-0.45252660211340506,0.1126137952703817,-0.6934437011692542,-0.062365131893535077,0.061127422842246676,-0.9765804897614683,-0.3830117378900468,-0.15938269288263576,-0.7687262117893332,-0.40078616335056677,-0.12390088617732534,-0.6361901433053929,-0.29825112656734865,0.4237363453140348,-0.6100834125204709,-0.12624622047560674,0.16089269866425482,-0.6910189439033494,-0.44530841390333276,-0.030583635179655656,-0.4785110086041027,-0.37543717561347606,0.07838641708428344,-0.41299390543082554,-0.22347710714189398,0.7002125548456402,-0.49593620489353635,-0.20524003049674047,0.3635992715591426,-0.5592748064076525,-0.34637373857520276,0.21276494666252477,-0.40865575029538254,-0.2650754564987378,0.3085808111209672,-0.35007733931595436,-0.15204793593148094
23,n,0.0,0.0,0.0,-0.3905341499002283,-0.16472117798179464,-0.16052153609872694,-0.5735177778623499,-0.4579664380348524,-0.2562003530185713,-0.5255633700813234,-0.712079423280297,-0.36472300248384515,-0.3873373322633927,-0.8979284927816452,-0.44356009635660704,-0.3688250587773059,-0.6790844206459661,-0.06654574090340508,-0.4078496226145519,-0.9511807415765874,-0.349710895898077,-0.517574513354684,-0.7977256090267179,-0.4840940151206994,-0.5326858679060046,-0.6203877120264247,-0.5113567608121594,-0.07271001577346099,-0.6678642897628889,-0.08369451577857688,-0.10715537959653164,-0.9999981560303923,-0.40361177356202105,-0.2725320008148411,-0.8026135438528944,-0.48645871055687206,-0.3399674763149148,-0.5798110660789343,-0.4295157398668418,0.2101221213556224,-0.6240862099941185,-0.14042905749776022,-0.02142656964401546,-0.7104524930365627,-0.45624171673020936,-0.13475263379647373,-0.44479547463286523,-0.45664942473487974,-0.13984510955719448,-0.24743715822032683,-0.34124890774318456,0.4728610517355975,-0.5505429729284601,-0.20981704163133377,0.18317987075558137,-0.5801228783472319,-0.38666576046697215,0.06735771477401784,-0.3981606361479897,-0.3668046818499205,0.05773176120695114,-0.26033290910211054,-0.2849913580112687
23,n,0.0,0.0,0.0,-0.4050983742415124,-0.23334769294452434,-0.09187368044759311,-0.5684592214967392,-0.5343675597612364,-0.157628398202023,-0.4223478508976968,-0.7653267842306348,-0.25859991734767573,-0.15068133638874448,-0.891444022440192,-0.339108479841328,-0.20010674120543034,-0.7291631762395718,0.047810394297233334,-0.32880321783771016,-0.9999982147044388,-0.2378724738989933,-0.5060493824919488,-0.882723061144528,-0.3928784966301045,-0.5591121059329698,-0.7215134902220799,-0.4357956161546697,0.10696663301270852,-0.6987391073161556,-0.012097041501622325,-0.04665002264502578,-0.9926735106531778,-0.32522233775003134,-0.27463647085391074,-0.8236004987935697,-0.4138441165312808,-0.3555822000675263,-0.632472475127321,-0.37033457531336306,0.4062972640000389,-0.6373617298461899,-0.11446383108750234,0.09925357870415884,-0.7670690663960237,-0.4371136340439085,-0.11326169544469984,-0.5287307081845565,-0.4292715819002038,-0.15062706631579828,-0.33968351616816395,-0.3098283655290687,0.6929795628098541,-0.5429851684915101,-0.2256071979863568,0.3145438093770467,-0.6509706955208069,-0.420726625899938,0.12119731025828287,-0.4896234275897462,-0.3881564682242453,0.09047534119915505,-0.3455883129285274,-0.29156965173692334
23,n,0.0,0.0,0.0,-0.39817470312371045,-0.16391049606800812,-0.15198920073304073,-0.6451306841402923,-0.4659214053746329,-0.22026213777073853,-0.5703288065411537,-0.7268740219842981,-0.2929861624876626,-0.3792806465954687,-0.8803012778747137,-0.32046178505598855,-0.40976691635770623,-0.7391905420052723,-0.006294356570706895,-0.5458492553335649,-0.9615725239559828,-0.24836251477557594,-0.6340787799287486,-0.780103076370487,-0.3279537928134119,-0.639820655004502,-0.6530163279106325,-0.3322770911536125,-0.1491794627265178,-0.7658611300951917,-0.01671627783726147,-0.3322017676483299,-0.9999980199036311,-0.28131053654033833,-0.45233891228041023,-0.7594051572168289,-0.2992843386943308,-0.4150607173391524,-0.6662970953569961,-0.22110206278098476,0.11046770213624013,-0.7370863700072852,-0.07570195279035571,-0.14721296448883872,-0.7559915797034217,-0.336603664630417,-0.22107903819129285,-0.4710112627145769,-0.2900137252207975,-0.10022738267631082,-0.38782550750100003,-0.17783980968968957,0.39168426754666785,-0.6538657390147362,-0.15105987334522628,0.06770799072637801,-0.6384121102189073,-0.3073264808840181,0.009220070149185314,-0.43667821223515096,-0.2797699830955883,0.12801842155361512,-0.3777357853133837,-0.20727018721309654
23,n,0.0,0.0,0.0,-0.4502256017325296,-0.18665367448199716,-0.17163820796887355,-0.580217925368096,-0.5010414028084599,-0.2614592725613911,-0.36086095848158845,-0.7420152289660822,-0.3458473364079795,-0.07687038181930002,-0.9109265780111577,-0.4074718627929771,-0.6143528970673239,-0.6927349308259461,-0.1320587042568273,-0.8169710825691724,-0.9055990200707648,-0.39905772684280355,-0.7518542014811707,-0.7483695906081897,-0.5570335488821021,-0.6804587356477625,-0.5800739746078074,-0.6182181412436275,-0.2761012752720248,-0.7251179947394544,-0.14703254006194583,-0.4750379595026261,-0.9999981102558695,-0.4061314198956258,-0.4704844748113674,-0.8009669794583653,-0.4793768444825399,-0.439878718446055,-0.6139648607846991,-0.46340216792582145,0.07963067707096938,-0.7011715379628782,-0.19563294400572262,-0.06067896250007344,-0.8436153770883569,-0.4624675298810757,-0.13883791763525927,-0.5810660859510174,-0.4246515637794748,-0.15531307088654148,-0.399866714787359,-0.32424607743443906,0.4186429400902349,-0.6306339195397661,-0.2610508207268866,0.2118808762662901,-0.6931806375227083,-0.43772661246286737,0.10987993566138857,-0.5130214739265504,-0.3942725749166281,0.10474783199078501,-0.39424170929592367,-0.3147895374849766
23,n,0.0,0.0,0.0,-0.39703625385755664,-0.18862652445895417,-0.13453064348542565,-0.6264574648182123,-0.456487429929809,-0.23411327172299146,-0.5707046493321662,-0.6590459050196252,-0.34323132377278276,-0.34408408157378406,-0.790494414196916,-0.4246751741629674,-0.4407315815046768,-0.7467438316216429,-0.08014613543421699,-0.6093974383669294,-0.9196285235396792,-0.33605915323765906,-0.6981647769345064,-0.7314713155729198,-0.474772688182994,-0.6994098187107216,-0.5706134382702787,-0.5270123683834519,-0.11863195339366069,-0.7608566410661177,-0.114862341842712,-0.27183300705721797,-0.9999981911729469,-0.4014441425674453,-0.44207662122403707,-0.7870352400655533,-0.4816122779578839,-0.5021377577958511,-0.6050518673734994,-0.45155764008620103,0.19166430564068607,-0.7223264362882417,-0.18008070387208774,-0.06343869513125133,-0.8046610769811223,-0.4537407757743359,-0.22424250346517305,-0.5522322530100469,-0.434213549396965,-0.2571051159247185,-0.3850101400363722,-0.3397628775949397,0.46971594489484875,-0.6386330095280212,-0.2576747816961152,0.1442067373196901,-0.6194978236043013,-0.43543913065702095,0.04061943404177445,-0.44112014494089774,-0.4197972421520012,0.07402111897110485,-0.33828657279023533,-0.35519380008890916
23,n,0.0,0.0,0.0,-0.3115375901542863,-0.13228857219426532,-0.19245961762564687,-0.5261071104560442,-0.43334013175921016,-0.29596670047609647,-0.6133599400092584,-0.695243435564252,-0.4117825498812172,-0.42236719654194244,-0.8179103859686309,-0.483234904458432,-0.25516630628237885,-0.6556138935495442,-0.0778721639539295,-0.2103891350604885,-0.9797388489683676,-0.40739175972294034,-0.33669092036326886,-0.9397294354900857,-0.5199692798653403,-0.45399901598221526,-0.7775479303366243,-0.5165892287188265,0.13331806015902908,-0.6258543180422469,-0.1058943285921918,0.13001243667442705,-0.9999978817829343,-0.4403085452855315,-0.16808960325735264,-0.878167406131873,-0.4680324705809234,-0.24898230818155356,-0.726958015534437,-0.35094210270237863,0.4750850859458112,-0.5311613736649506,-0.1879067310900385,0.2531579588387319,-0.6355826257936523,-0.5437511904465016,-0.015242961917328235,-0.403112463704775,-0.47483916118140707,0.04540112627730642,-0.2732990058177489,-0.3030353398323925,0.7762969269641861,-0.3929873346787494,-0.280869248109834,0.4107170895440749,-0.4443620541398736,-0.5103184930374527,0.2230374186403308,-0.2697132212105309,-0.43533773701220374,0.30734053917701626,-0.17211021206749516,-0.2966976255680769
23,n,0.0,0.0,0.0,-0.3973510415561873,-0.1801839123409822,-0.20211928389543027,-0.5961190057954789,-0.48993698816471437,-0.3064518636437198,-0.5491155009668971,-0.7418327053080663,-0.4100564292635938,-0.46834062088220707,-0.9029038883034021,-0.46283607567039214,-0.33573242964602973,-0.7235843660675838,-0.061967451058214724,-0.4243067966301665,-0.9733175477823559,-0.3405401129217135,-0.49021472681596034,-0.7844756783177168,-0.42931348122421464,-0.47093522013448064,-0.6503199777086901,-0.4334281775927047,-0.019665552908400462,-0.7174717827821618,-0.061410544818940926,-0.11208825078008647,-0.9999980429729762,-0.3578743408894162,-0.23277817607180717,-0.7391454876227439,-0.3660193097083622,-0.18892836388290832,-0.6287276931027026,-0.27463789848304737,0.28928084435897256,-0.6605746112952846,-0.11517644922501877,0.13251434800017256,-0.7747751222588073,-0.429905585967484,-0.011462405949047514,-0.4906819016577243,-0.35827286844169753,0.053082726814442115,-0.38826452004585343,-0.214155087180694,0.6148576161620374,-0.554377896029049,-0.18528148023055824,0.3928687293290657,-0.6375775360227894,-0.3678929082872418,0.2593290462829243,-0.4456579700256856,-0.31682527395506493,0.3170220480714081,-0.3681963569086519,-0.22336190183848578
23,n,0.0,0.0,0.0,-0.28512489382793055,-0.2502028209421959,-0.150944555299366,-0.27906373870584195,-0.5558243449306551,-0.21324241808951627,-0.17936066474502008,-0.7977940149355796,-0.30606639628804067,0.05815793404134579,-0.9464279308038613,-0.3515078870450825,0.09331689236405703,-0.7318287402314239,0.1269306486035466,0.15737055072967196,-0.9999982825072845,-0.17734109418011731,-0.09152315570601696,-0.9200650590355066,-0.29224222694834995,-0.15362204854913017,-0.804191969144813,-0.3062437276615077,0.41103042491590475,-0.6844281076111582,0.07912082172761328,0.46619320160415517,-0.9943754780512003,-0.28083351616821983,0.07673552599895131,-0.8292295518608342,-0.3290191772990539,0.05910516867762274,-0.6961590552686623,-0.22015480987099123,0.678138819733537,-0.5805541506085302,-0.03361424631878333,0.43735357691349586,-0.7259036355612548,-0.3847875269356342,0.10256033819221992,-0.5325042840032578,-0.31987853708890474,0.20782530613591904,-0.4441591706257721,-0.15283499373178122,0.8836111389338864,-0.4489757558688445,-0.16154769947869718,0.5286021748226367,-0.5394141421137884,-0.32196669142920276,0.3056660551747534,-0.4109677741434632,-0.2442123225990025,0.43429494982361333,-0.34873201188408476,-0.12358075554482327
23,n,0.0,0.0,0.0,-0.2660291743035673,-0.22837685855306353,-0.05796222034168277,-0.33234352886335,-0.4961372694336103,-0.1059743906844753,-0.2668163027939086,-0.6768639481319242,-0.15550938820069585,-0.11245996576461749,-0.7810385983220972,-0.19450312896344985,-0.05643886702254253,-0.6076864641763946,-0.0880014325889431,0.1257670610359609,-0.824478481715644,-0.1907452490250233,0.21470034278782327,-0.9344800047319574,-0.26494071478399295,0.26619206173413346,-0.9999979772038444,-0.3123356520847022,0.2347717877293982,-0.5490317975987488,-0.11984913538885661,0.37677080427216064,-0.7582954860423171,-0.1927708223450594,0.41761913779427606,-0.8515407634024456,-0.22605370688423573,0.4486309272581097,-0.9073840242762119,-0.25159726824668677,0.4894504450171568,-0.45411484427651855,-0.1624349674908567,0.6256157766391622,-0.6524314363872347,-0.24108281527701578,0.6553383319837925,-0.7408919708295117,-0.2222709899282691,0.6790099387882135,-0.7974864911998417,-0.20308243464781797,0.7040630142672656,-0.33900599853444874,-0.2102704302907747,0.8484962996650469,-0.49339922938591096,-0.27354867045036574,0.9048830812915831,-0.5769138214324188,-0.24139659361754012,0.9554570362693741,-0.6311471371837944,-0.2026155198174729
23,n,0.0,0.0,0.0,-0.4388660351198043,-0.19399908821834452,-0.08692739797160456,-0.6397070510267538,-0.45653267943631365,-0.10987905535009063,-0.6235420343164467,-0.6884676464979799,-0.14948041115376898,-0.5934610335791767,-0.8633778414038618,-0.14391213156755547,-0.5471832758636507,-0.6990715782690777,0.10618926329912007,-0.6420954503091553,-0.9156951909502281,-0.14784700276078766,-0.6637380661130453,-0.76216122829663,-0.25608634573435096,-0.6272697276163329,-0.6251961046180092,-0.2697281787849807,-0.2433553166403934,-0.7060738837200301,0.06509064557310128,-0.3200183457956221,-0.9999981249530588,-0.22754335097376688,-0.39522992826122977,-0.7702847251844253,-0.2721474242432761,-0.3602486883748275,-0.6445836526171848,-0.1997515751517463,0.04866453645607792,-0.6655396616036661,-0.020478701720825127,-0.04363292165562897,-0.8070015095108927,-0.3155609580609343,-0.1348916683225574,-0.5380272144139544,-0.2228847960832244,-0.08550135264091549,-0.43293602544644255,-0.06061720253549281,0.38004947454562643,-0.5750246318841531,-0.11305429755136792,0.20098317654367837,-0.6783706649220096,-0.2687131887200337,0.11720686276118292,-0.4932234792124356,-0.1787470057905332,0.16648519341294876,-0.42440655488496987,-0.05619162149109903
23,n,0.0,0.0,0.0,-0.2969025785616169,-0.21649919509492663,-0.17409663680298973,-0.37312281775207073,-0.5080771845968444,-0.24059762492899342,-0.21241165570151554,-0.7209923808805383,-0.3095170101620645,0.008046313651845615,-0.8687923618970987,-0.34237777032808125,-0.0912704179829323,-0.7448460144717877,-0.03584458785336149,-0.022584392641217123,-0.9929619757928594,-0.3050987295523926,-0.10728132895096533,-0.9734743523488814,-0.426392391384557,-0.21291196638900386,-0.8218695015558671,-0.4488597541748381,0.24612195891838198,-0.7017381711594943,-0.051482324863643195,0.337544989425419,-0.9999981937119709,-0.33695421191192126,0.1225991583500924,-0.8957736101798771,-0.3962196034111757,0.035087207323233546,-0.7486513149008668,-0.34189272089300343,0.5486636106193523,-0.5995229858614463,-0.11387006901766085,0.5136257130217201,-0.7581982376257084,-0.40554891198127535,0.24117246829535363,-0.5788444464136696,-0.3469106314518826,0.20661162614344145,-0.4599364117153632,-0.2157549168362844,0.8293722508471668,-0.4426297746608396,-0.19138094721046844,0.6955094807444728,-0.5887342224598597,-0.3788089906634216,0.459748593339137,-0.46319585994182433,-0.3206785572424607,0.43123109947861576,-0.3768535614453879,-0.22140847067016486
23,n,0.0,0.0,0.0,-0.25828968486148934,-0.18100769482431878,-0.0564867313100537,-0.3325449578426113,-0.4876839028812393,-0.08040477168980283,-0.30690040210797476,-0.7116699227760059,-0.11637162880646046,-0.24943119620715412,-0.8682435539544735,-0.13539813416641192,-0.043016882330003794,-0.7724322135252618,0.007959441656147707,-0.2365869273487255,-0.999998133092433,-0.15595174068513848,-0.4135123097246081,-0.9112883944705189,-0.24452974200356986,-0.4771306752282416,-0.7911056668065523,-0.27724354594314937,0.09805450497973947,-0.7481209989834502,-0.03302423201608057,-0.1630268812605053,-0.9798075935249794,-0.20389644108384022,-0.35772101227264386,-0.8475612285035931,-0.2481939613395487,-0.4099553886210298,-0.7220861135887638,-0.2256530007178026,0.18763965474429822,-0.6685713079578526,-0.09836874079426486,-0.19901880337778333,-0.6766317781795609,-0.2462845980569945,-0.2710429296555118,-0.4823392435591605,-0.22504725392977934,-0.19538293169511434,-0.40277258288830387,-0.16943920082752273,0.2198709643767076,-0.5491580841586595,-0.17476146578167762,-0.13218162999758637,-0.5017045576233915,-0.26187363748835546,-0.16518163674114225,-0.35495568339176653,-0.23624318603264738,-0.07786752625588116,-0.30907866472015916,-0.18877901869522923
23,n,0.0,0.0,0.0,-0.40627794650884336,-0.19758677567942776,-0.1372763856890401,-0.5616984530757241,-0.49178647456254704,-0.23801601066510966,-0.38164915904736635,-0.7237138282108603,-0.34009446854212466,-0.13634284152849968,-0.8834380546514253,-0.42298519977857174,-0.5052259864610387,-0.7272619992349827,-0.1251810541575127,-0.7661912123305142,-0.8994999469094754,-0.3954939901495793,-0.7798054647058967,-0.6933134556002618,-0.5560016628021116,-0.7221070419928172,-0.5147296501957772,-0.6189176845021488,-0.20122124179009765,-0.7609032191877105,-0.15575156955596475,-0.4630217475104108,-0.9999981012573026,-0.40835888994554875,-0.5508306479302313,-0.7739370592990161,-0.47473421287730005,-0.5600546024106721,-0.5811190349826151,-0.4535759874489947,0.11012848795222896,-0.7340481882541345,-0.21650527688162563,-0.13944957781809297,-0.8181237651756141,-0.4572283067398651,-0.24021332297818934,-0.5444846487328846,-0.4194687740289104,-0.26099238760163473,-0.36055897941681403,-0.32806476371657983,0.39218168656151886,-0.6595346727915359,-0.2927558699962186,0.08556262517025413,-0.6355977172829307,-0.4418619811728587,-0.0010543279033132205,-0.4335694891129946,-0.4028978256406432,0.021216594858976614,-0.3018172066671689,-0.3314049494353873
23,n,0.0,0.0,0.0,-0.4014233453649124,-0.18534698801514,-0.10843642033930927,-0.6018595895841504,-0.48354500041175447,-0.17284855043437178,-0.5338325864495723,-0.7354928546286369,-0.269840899550116,-0.34926473498791755,-0.8944546264687349,-0.34809708291453856,-0.4276899429941515,-0.6915765774112017,0.05622113177439777,-0.45545553160129143,-0.9587481040882043,-0.21786423427896043,-0.5519543515637654,-0.9227708819954872,-0.38187199019862195,-0.6062438070397602,-0.7821323096467916,-0.43170659996816496,-0.13833897404620416,-0.678761702889675,0.006667626921938147,-0.13601958789019092,-0.9999981784082704,-0.2791275916455502,-0.27535045184503,-0.9269152836954517,-0.39296722153198854,-0.36417891347567016,-0.7602056307393522,-0.3792635222318988,0.15455155059344017,-0.6233788395733968,-0.0847598939446611,0.015594891506436472,-0.7613993621826762,-0.3957815754643676,-0.11991254656173803,-0.5366984865189033,-0.4081072095580788,-0.15700882741597044,-0.3369476783451157,-0.3072013713211221,0.44751123771699897,-0.5296509162682834,-0.1855316687954116,0.2411167052249616,-0.6193835389425618,-0.3813827497708064,0.11599015426363228,-0.45950560848508537,-0.35504905258888425,0.08894306288930844,-0.31249608018582303,-0.26813298249737616
23,n,0.0,0.0,0.0,-0.3840150045815341,-0.21735139373438642,-0.10535314852508862,-0.5184311491273428,-0.5236149675137173,-0.16584253370922275,-0.37476482427695706,-0.7475571226855603,-0.24352335964779862,-0.17754295022515085,-0.8907730110889325,-0.30011052095605945,-0.20347171296430847,-0.7687431514958945,-0.0032686338269447765,-0.3611786684488754,-0.9999982170415086,-0.24751950194057604,-0.522331566368888,-0.883386799184118,-0.3852776543116666,-0.5921798753032537,-0.7315608635276224,-0.4262031026304922,0.05898289126794875,-0.7550459939292482,-0.04001536787209479,-0.11566662780830196,-0.9952564129980008,-0.30070583353528746,-0.3474854961050116,-0.8506739917025595,-0.3762303749830152,-0.482624400654628,-0.6724765881920906,-0.3352802448510909,0.2850705309768998,-0.6943493505922799,-0.111931329942629,-0.1086462062186038,-0.7100908743099698,-0.3687020766019339,-0.28758010546740365,-0.4862804971714631,-0.37239778623322556,-0.32880691633303083,-0.30961950331619903,-0.2823030843161493,0.4725935417751398,-0.5901324803828953,-0.19606072456978715,0.05561702524227652,-0.5858543702941904,-0.35688198553392825,-0.08092329618283049,-0.41857427205076453,-0.34169804761979344,-0.083062563772398,-0.2896110281335949,-0.2681941469634785
23,n,0.0,0.0,0.0,-0.39292338949556993,-0.13510237558909297,-0.09587184148771505,-0.6646883893480855,-0.414512928896243,-0.15532716135102104,-0.7063918254698459,-0.6777405387894128,-0.24045084057586066,-0.6826037707629415,-0.8736841458751027,-0.29674561635637503,-0.4239932663131368,-0.7014728924821823,0.036777394448795284,-0.5534707698924406,-0.9999979186905444,-0.20005296675422318,-0.6362410502561551,-0.8941908960182646,-0.2859866057146674,-0.6484927302237515,-0.7582783125821455,-0.2919438229736041,-0.20615974993707664,-0.7108460457649725,0.002721611036900014,-0.38130991413201965,-0.9560118885045799,-0.26979603287447484,-0.4333381969217272,-0.6598307398815413,-0.29023802593661585,-0.3395533201381952,-0.5159318839811634,-0.21080948077475165,0.04094080363981381,-0.7012814124926118,-0.07775461367795751,-0.18098679930301326,-0.8356561393101948,-0.35134920265984404,-0.21653601769713718,-0.5368612609169844,-0.29756602778561175,-0.09698266083999982,-0.4146016287294422,-0.17559307283869066,0.31585104995528696,-0.6579712068049838,-0.16807058264913816,0.03916730319867388,-0.7451098609119733,-0.34569570479479517,-0.007213219302607797,-0.5310370934078463,-0.3183336670885189,0.10467411490761842,-0.42777349193166053,-0.2402431868229988
23,n,0.0,0.0,0.0,-0.3647533123555096,-0.19180608768651058,-0.16868320257557387,-0.5854002053857925,-0.4940386365879461,-0.2774373991875595,-0.6095793058872475,-0.7447774090396075,-0.3885067228915992,-0.5689718161287322,-0.8837595229638747,-0.44937654749606354,-0.2804661552973732,-0.7666718123402407,-0.07949615021870456,-0.39850759333705305,-0.9999981485807504,-0.3178779245745994,-0.4725302487343859,-0.7906490768632233,-0.3824433394601284,-0.4566930766750652,-0.6651261893546944,-0.3814118682240532,-0.017736736638563236,-0.7536619441007406,-0.08569984082998897,-0.2116673990519955,-0.9665480009817493,-0.3222558837856171,-0.32573910190655375,-0.676916985940731,-0.29740600143881246,-0.2555043196426625,-0.5963575595292855,-0.20914308115273106,0.23709922892885704,-0.705909140680061,-0.14045222273564825,-0.029571674499279565,-0.781289416156758,-0.3767090016430971,-0.1384252717441843,-0.497579925525709,-0.2980194272153753,-0.017064133965633096,-0.4240394032010638,-0.18238465423611636,0.4845333648516315,-0.6155750152269752,-0.21321476888821414,0.19778535440142017,-0.6739987510950705,-0.3365921145643486,0.08810145977979249,-0.4815213297972768,-0.2860152903311528,0.18181702757970772,-0.41117989117844106,-0.2121327283043342
23,n,0.0,0.0,0.0,-0.37105426865890934,-0.19295090956028327,-0.07405317844243298,-0.4949040020603419,-0.5040795499138517,-0.11887368092437699,-0.35302091097291494,-0.7364303134241048,-0.19211011732072977,-0.1458871670351875,-0.8770953899118881,-0.24937830935704183,-0.19429436789980478,-0.7391153071603364,0.02491839396503314,-0.3209975222048973,-0.999998102257241,-0.21909935492259397,-0.49129260234611244,-0.9074596183764536,-0.3494575003587378,-0.563653279684693,-0.7678041999789766,-0.3802194386424291,0.06157862388036809,-0.723049685541894,-0.027029071869074443,-0.07227799079768726,-0.9991165460924635,-0.2991277808612088,-0.309303824182622,-0.8636826375732974,-0.37293609479397954,-0.4376988288189617,-0.6787960977072001,-0.31828405231339124,0.2949983173652342,-0.6598620675425966,-0.11190041160427748,-0.05601928309811642,-0.7200408456133538,-0.37018900131636573,-0.23835362539625687,-0.4886298921236374,-0.36399548530631853,-0.2778487781296777,-0.30245967481659874,-0.25618298183828836,0.5045579102167763,-0.5559835657239912,-0.20557787147944276,0.11958724787409492,-0.5848649224952034,-0.3551961838367301,-0.0043235672401726495,-0.4200156163960799,-0.3246700888331518,0.006597447114739552,-0.2863386271994728,-0.23521970971473638
23,n,0.0,0.0,0.0,-0.43120713464337546,-0.2030323924640543,-0.2824316018939475,-0.5826733126096929,-0.5512115612737893,-0.4207060564932551,-0.3614438709071918,-0.8018355637464466,-0.5310294127441038,0.0012833494718226107,-0.9325929950958476,-0.59598549688117,-0.1364350665138954,-0.9031362480090894,-0.16713162820395747,-0.17424300177788082,-0.9956949241903142,-0.49729700479673666,-0.3330735805297601,-0.7667834545423798,-0.6976295511151782,-0.4596136850854532,-0.5673556060088798,-0.7841694234460866,0.240313119840387,-0.8605828608614337,-0.14407742712721613,0.20475196335440093,-0.9999979482531645,-0.46687071372173666,-0.021574188143000023,-0.7637983890518407,-0.5580270181447419,-0.18870153440172716,-0.5750155905254684,-0.5458030960815853,0.5695691820632656,-0.7518932253647377,-0.17615955881873932,0.4939546567653491,-0.8124601295686563,-0.4940752399634576,0.21471718300953124,-0.5663981690911268,-0.4446140353400408,0.04078908735800292,-0.393296900748441,-0.3315057471426436,0.846665538747169,-0.5906887435947257,-0.23822894741298853,0.7084334894679829,-0.6287386979748476,-0.48076953892275437,0.42106666820025945,-0.44917904128818537,-0.45673880783351184,0.2698938726794254,-0.3195450299011944,-0.3762030946893741
23,n,0.0,0.0,0.0,-0.4582061154911888,-0.2259261989589977,-0.11757749750199352,-0.5289403099617803,-0.5810625880796523,-0.16677178959895383,-0.23858208239115453,-0.8203447377571463,-0.23721261986526274,0.09712243102865435,-0.9813301937913347,-0.29920020162058003,-0.2956690527167234,-0.7451262930838717,0.05348937681667353,-0.34840595708367006,-0.9656788811528066,-0.18803409441697957,-0.5138784718279753,-0.9267957510498219,-0.35480396796470476,-0.6247188389777085,-0.8218172069990656,-0.4250512920688227,0.030024192693176282,-0.725553492721124,0.010100073575026618,0.013396205991714575,-0.9999979058250732,-0.22112700275773095,-0.19003553352675956,-0.9695498157432174,-0.34519469098549116,-0.3344826254522636,-0.8778064877969408,-0.3672210658537096,0.3638467564872134,-0.6594577667169709,-0.07283118685477212,0.2391151995133719,-0.8534707084715215,-0.3543830975229261,-0.050417451694260346,-0.6562827178573871,-0.3678565686747092,-0.2076234056578283,-0.471509453503758,-0.2905914710174877,0.6828200549545481,-0.5536903753393279,-0.1648688541815237,0.44099021456691184,-0.6551986339879285,-0.3777598027653304,0.2155113796364852,-0.49557380618851665,-0.35624098760168144,0.1370328195340199,-0.35037128817458846,-0.2793947632253967
23,n,0.0,0.0,0.0,-0.3385446183877503,-0.21803627742940612,-0.1426066851387566,-0.47245282440742603,-0.4914495124952957,-0.17579884210839294,-0.4125492454223029,-0.7110519531964669,-0.21641321240062444,-0.14668712502899992,-0.8208662001797978,-0.2000112871232174,-0.3123658343170945,-0.7064713262177662,0.006307329219578601,-0.3265521637845432,-0.999998008650284,-0.36526904923106834,-0.30543471614697587,-0.9661034224087791,-0.5267298891379866,-0.37105648245915845,-0.8028818802681844,-0.5473435413979861,0.1737003851043653,-0.6697243525063546,-0.0451771383203728,0.29371193361299575,-0.9947455753723649,-0.46277915197484104,0.06831985198191545,-0.8495303411499082,-0.5610020400151478,-0.10035017574308863,-0.700590231797831,-0.4752935917639825,0.5089260311172215,-0.5553515258976941,-0.14704409334081497,0.3817214074592541,-0.6075130714059386,-0.5180989585984139,0.08132879936719115,-0.4146192634184818,-0.4201755644175601,0.01578994059917893,-0.347711688336081,-0.21634181814462092,0.8137050833071507,-0.3933170690486294,-0.2607599058516774,0.5690783327348556,-0.41013008992980743,-0.4687403349637512,0.3531815091117067,-0.2850585699655516,-0.37498305971416934,0.290611654366425,-0.24752857396510372,-0.21945662253180417
23,n,0.0,0.0,0.0,-0.4025415240830779,-0.17164044387300056,-0.07699750830611125,-0.5988618446427143,-0.4194851002001087,-0.1107067049929326,-0.5824838441665432,-0.6527134443610304,-0.16276003390762905,-0.5051708387164497,-0.8269307362824619,-0.18356108172523133,-0.5446638027307787,-0.673696083728186,0.0938648171674942,-0.6218996109157022,-0.8994704423901099,-0.13480263831765504,-0.6358429498048306,-0.7997659474835089,-0.24943470943548823,-0.6275533094721305,-0.6468912800148329,-0.27156768816540344,-0.2621683641618398,-0.695255700349573,0.04945112886416334,-0.32067143281240357,-0.9999981337821435,-0.19408457620556763,-0.38899746413246195,-0.8205777295029685,-0.2549032569142862,-0.3827639518228659,-0.6765310253710127,-0.20662080305616298,0.01103253480416058,-0.661919830026437,-0.0337904061661396,-0.08843202566299994,-0.7941984562476956,-0.2811458498531649,-0.16366710098051773,-0.5501891358059301,-0.2253938375607069,-0.12446446097496923,-0.42728196836464893,-0.10012789878333728,0.325761446727263,-0.5761346471944446,-0.12303321167952244,0.13791002210957942,-0.6667937138458709,-0.25830277308070104,0.0786894860809951,-0.4944131106033589,-0.1887443385904203,0.13098751864657884,-0.4151112744578672,-0.0857587652524042
23,n,0.0,0.0,0.0,-0.3659038712841159,-0.26170419034896986,-0.003141494280390067,-0.4239779344397975,-0.5619769562633745,-0.013615273468551308,-0.2937489162836815,-0.7682576709082449,-0.07979966959577574,-0.1281155199020056,-0.8962843195654191,-0.1259900743067634,-0.09113344537697932,-0.7277770763361072,0.14209047338972014,-0.036755468297620136,-0.9639661829738138,-0.13086222404784992,-0.27734496305245226,-0.9283605057148423,-0.26392358834283364,-0.41065847247254567,-0.8099798884223667,-0.2933880360292176,0.18809562925766912,-0.7073175358516072,0.029686592126974484,0.2778160424377144,-0.9999982722919226,-0.2807837661770922,-0.058454520645866544,-0.9180345784333555,-0.3535718129450958,-0.18290268573146626,-0.7852017512300196,-0.29182921070960677,0.4621826836923825,-0.6333870095842168,-0.12030124622600664,0.2646807076845513,-0.7908330781736584,-0.40375324968154,0.010920968151066177,-0.5983298264941715,-0.35774350950143424,0.061337223724157876,-0.46408193325023367,-0.2292226110880975,0.7034144611285744,-0.5146300539786053,-0.27482421805722057,0.4167973850080432,-0.6333120405619257,-0.40970306624563346,0.22915579204059613,-0.5043422033399649,-0.3350100030719102,0.31520519463460456,-0.41450259147406526,-0.22930404206938418
23,n,0.0,0.0,0.0,-0.44884222142618035,-0.16045929379111873,-0.18315509861632753,-0.8235876839333202,-0.5050273212255144,-0.3193289246657898,-0.8538967560597535,-0.7511963895832526,-0.45504247855433894,-0.6282665975715181,-0.8581117562178009,-0.5682483512165338,-0.16134683080802303,-0.9999978068487753,-0.15355842870771208,-0.4619292583422788,-0.9751727840533929,-0.4103411103448891,-0.5886660671510241,-0.7133939402685129,-0.6205627072440076,-0.6286272595686665,-0.48560974466936374,-0.7389395173674927,0.21704806312549962,-0.9784526970671482,-0.16956742912191114,-0.15150673228125777,-0.9512688938288355,-0.35740017109239486,-0.2925019124843357,-0.7012009111083034,-0.44830872690623885,-0.3884244739988405,-0.48629695022174113,-0.4862173878457278,0.5428957851500983,-0.8628619649230845,-0.21403892269490374,0.14525554089501827,-0.7763672374288185,-0.4025445888392985,-0.018983971683174478,-0.5090938865529123,-0.38042080544553786,-0.11685233016308479,-0.29838499071944447,-0.3285266879665718,0.815894302085486,-0.6807355323636269,-0.2856010147204292,0.5031451858739585,-0.6487105379082453,-0.43196069898584033,0.27046081075537987,-0.4610995004492381,-0.3889216897659653,0.13978560953993405,-0.2981913914379016,-0.3145001847191916
23,n,0.0,0.0,0.0,-0.07310516136080347,-0.3038587156463888,-0.08637246330489937,0.11992341176656736,-0.6157158110673607,-0.1254300066718497,0.3627607226828445,-0.810386976106081,-0.19634017778162935,0.569853062040144,-0.9335486985830705,-0.2300695625623817,0.572901045580557,-0.7394438191530863,0.08840530333683778,0.7468789198411013,-0.9999980784353592,-0.18345857606817348,0.4795832933859302,-0.9298157147586005,-0.29873921608545007,0.36429330451638825,-0.8107225039800342,-0.3148017182526907,0.7554842162240059,-0.6160272867639695,0.028825719262725695,0.9426289395678918,-0.8591753002711551,-0.25119324414729854,0.5648505527550612,-0.7589667424351061,-0.2830548771398597,0.522696592207248,-0.6469359953969848,-0.2048454285601993,0.8885652570725995,-0.44841905900217616,-0.08175060120144867,0.8840465401546709,-0.615728409826922,-0.3534812845160297,0.5033206162753842,-0.5018224519622783,-0.2766736913226923,0.5186992348668016,-0.399736993920584,-0.13234951744159051,0.9817197980638185,-0.25445164921913244,-0.203814062605612,0.9276976914750784,-0.424099616153901,-0.31506614903575586,0.638138796999126,-0.36703015596272603,-0.21759558798782294,0.6327375942410168,-0.27714086984726366,-0.09553374437892147
23,n,0.0,0.0,0.0,-0.3673226606272994,-0.1987896966941198,-0.09442047474800622,-0.49626193641478783,-0.47867586075421814,-0.1423291902142676,-0.3840075170251158,-0.68850472303259,-0.21662482094636892,-0.2485833797550015,-0.8377266290628962,-0.2706187315694958,-0.4013613805244452,-0.6964477264669717,0.034847125192729325,-0.475134442492208,-0.9371588475857022,-0.21876073149087658,-0.567900798352726,-0.9092472696272473,-0.35838625842863137,-0.5933099586167714,-0.7811732531220772,-0.4015288858779923,-0.12524054240409818,-0.703859190727952,-0.016179796518162592,-0.17307692660252383,-0.9999982474702712,-0.26932680986136287,-0.3325701207554188,-0.8911397611930064,-0.33403719943239835,-0.3612265429854543,-0.7416601550269469,-0.29799250281983297,0.14627339655246138,-0.6500902715437776,-0.10811219812653398,0.005573718623238397,-0.8243488373581549,-0.3608186364225857,-0.14260469510625357,-0.6193071180961212,-0.3179642372259923,-0.08946341729446441,-0.48191084879805546,-0.2109651065238768,0.4150029309818323,-0.5456650476039298,-0.21219268154225535,0.19551919262022327,-0.6505669697884111,-0.3559412409063324,0.07995431362283807,-0.5137409416906201,-0.30666277531386155,0.1543730361252955,-0.42847854845760436,-0.22615117339582919
23,n,0.0,0.0,0.0,-0.3270217538956215,-0.18510354537744125,-0.1601320820167338,-0.45363530152401815,-0.4592049517387661,-0.22779056310288817,-0.4214994222592034,-0.7027641431930272,-0.3205109975476646,-0.24722623246426162,-0.833145089361017,-0.37288689309750045,-0.288854788972808,-0.703579224697772,0.023226079117296856,-0.35237185667786985,-0.9948759826647869,-0.33749886285108643,-0.3745035821177977,-0.9854732858829968,-0.5108653666820171,-0.429684699080391,-0.8486619709181512,-0.5453752547818055,0.14816757042677425,-0.6836385744280693,-0.02985919016226752,0.1464104603721715,-0.9999981528031253,-0.4191854328282718,-0.08241164349461046,-0.9038366469422022,-0.5327094519178187,-0.21119754903593022,-0.7594966455321716,-0.4691075509965735,0.4915015241625941,-0.5931627107264097,-0.13699486826708085,0.22264034428750218,-0.6755353782852266,-0.48920096711631456,-0.05254352510420218,-0.48883816855003437,-0.4243008041981491,-0.0537733590104565,-0.3890691315471797,-0.24991142978104303,0.7885951543429274,-0.4527172751041123,-0.2610620706664336,0.3710139146461119,-0.49223149719737175,-0.4300612328104854,0.19106653324931486,-0.3576723637427665,-0.337549344395045,0.23519951383562432,-0.28736506044383986,-0.19393125108392506
23,n,0.0,0.0,0.0,-0.43540547848193356,-0.19493365910344104,-0.1121464776771693,-0.5779076311214879,-0.5249059344364608,-0.15665863780693504,-0.42280532012639266,-0.7715960677958822,-0.21946457656433146,-0.2366959482220469,-0.9318409504470865,-0.26049827163909195,-0.28819063521410176,-0.7260186278784059,0.02098112979452331,-0.27098753817235266,-0.9999980617557489,-0.22606589594099225,-0.3584596627090784,-0.9113009322529891,-0.3549613060647347,-0.4341632020260687,-0.7641491674697571,-0.38256230209813324,0.012802621806568826,-0.6898488933783935,-0.017688324324739692,-0.0010582397782686066,-0.9856273157537293,-0.3004461012164814,-0.1524440611939957,-0.8069469372796972,-0.3820783249156975,-0.23091317615859328,-0.6144180587553555,-0.3322205592575168,0.3023871644491313,-0.6170710520160717,-0.0957337967929496,0.18058388149877472,-0.7570826442691725,-0.3891988865067063,-0.0009855724397826945,-0.5153485042643424,-0.3785250191449325,-0.07597526201988193,-0.3341952412429479,-0.2610451540135875,0.6071988070627543,-0.509323758050716,-0.18074140536789576,0.4159707201086545,-0.6386494968746852,-0.3754988692811805,0.2572993337216443,-0.4761734727695712,-0.3390239955001253,0.20262507520366058,-0.34238412246164174,-0.2374733828302746
23,n,0.0,0.0,0.0,-0.4195813765792846,-0.2052511061491355,-0.10722476973622408,-0.5869798108330047,-0.5217728132758584,-0.1821241078929999,-0.4567046563099087,-0.7752303482307659,-0.2864661656040837,-0.19052749986617978,-0.915018289834858,-0.3700433818601351,-0.2650854780185971,-0.7052049259906936,-0.005270322162793507,-0.26528267695113683,-0.999003201528295,-0.3079670625270611,-0.3864214121439011,-0.9093724251668832,-0.46996987616456715,-0.45591011184761726,-0.7524543360664337,-0.5089241270793424,0.040330027036447336,-0.6768278486214181,-0.059178931617399184,0.010130253173211015,-0.9999980515611977,-0.3796790408319599,-0.1674914591918615,-0.8661585379460458,-0.47944056394459417,-0.264648225968531,-0.6849666016207823,-0.44115641776524556,0.3452866787449284,-0.6118861637623798,-0.1521645032832926,0.13481084610751318,-0.7448013799662533,-0.48599008284937223,-0.029157627443244814,-0.4983919648096023,-0.47548958809963776,-0.07888561208804482,-0.3043055932774929,-0.3499343168611994,0.6369009296502508,-0.5126240254612421,-0.25258653539413256,0.3665169207136749,-0.614632547953605,-0.45359533853560496,0.21048936248172667,-0.43727434817859884,-0.4047776859477619,0.17412218619650907,-0.2912371573046412,-0.2944255755813192
23,n,0.0,0.0,0.0,0.21835595534171937,-0.20051003627503483,-0.018547332362184744,0.3025378819541876,-0.5087841025294291,-0.02220542407162458,0.22988525546289756,-0.7345144689202441,-0.04159020728732788,0.09564562205151486,-0.8224307474728938,-0.06028140863000005,0.26110752443870555,-0.6895690903722155,0.031594890849925984,0.2929893984558772,-0.9323604547260426,-0.04950749360623817,0.28414966791334084,-0.9062287755005157,-0.1123457847443172,0.2577968230729671,-0.7717712011112045,-0.14037526704101028,0.11720932509628317,-0.7048147845417713,-9.264009417575919e-05,0.11938206321297995,-0.9999962689358552,-0.07241055376482478,0.14316631795633755,-0.956487354940567,-0.11553903010023514,0.14648057754212382,-0.8311553918357586,-0.13055134117282666,-0.02969156718898876,-0.6609444332256886,-0.04438786474957063,-0.038717437117776414,-0.884678026600609,-0.14088759513070734,0.01898199201132584,-0.6840247163714614,-0.1599050720474319,0.04676724280969794,-0.485756859101244,-0.1470477774877834,-0.1731263083701833,-0.5675757940188338,-0.08987162214481434,-0.13186518869572544,-0.7245504520369749,-0.16343472903978454,-0.08127463844465074,-0.5764730120540177,-0.16054962415007762,-0.057978304625349725,-0.42151508644235214,-0.1425321043618684
23,n,0.0,0.0,0.0,-0.1871277077345461,-0.10147942585096184,-0.2419491314522013,-0.20460871669837769,-0.32513961448371204,-0.4051692804087273,-0.15806601523004427,-0.44935634218948606,-0.5478887740294133,-0.08125676025886339,-0.40776075611914336,-0.6387383018755346,0.3922640814767433,-0.5557204252868964,-0.25400501490367977,0.1804745232690178,-0.5307821003758134,-0.4736203838874518,-0.03804310306365019,-0.341419013468996,-0.5522154956662967,-0.012559571112041765,-0.28090640441863746,-0.6032694554715711,0.6790799582556007,-0.46519062697260066,-0.2591891792367699,0.4653496514325488,-0.4205071231144922,-0.47499617138432787,0.17568593641270092,-0.1843929388600885,-0.47856937275447864,0.21405595982315365,-0.14864009659106175,-0.4679052012866833,0.8703235672584366,-0.32540030218988475,-0.300619762276858,0.7290939774397385,-0.30729741171012304,-0.5559202806852195,0.4378925300554513,-0.09904623038928871,-0.47799774429034086,0.41822330925743423,-0.06462608582930734,-0.3941448794167078,0.9999981510826653,-0.14694245813418672,-0.36269950062491374,0.9075177684406035,-0.11437401730828582,-0.513704135547678,0.705796508343127,0.009877369574656406,-0.4491006966528955,0.7057614634517455,0.034208442558900064,-0.37997676983106754
23,n,0.0,0.0,0.0,-0.35496633392981036,-0.21779754232741144,-0.23857335204979305,-0.49171722036778603,-0.507630586482766,-0.36933049955297786,-0.34697401867522504,-0.7237419325669557,-0.49691396121450193,-0.08540158268008557,-0.8178142137498725,-0.5785773095898163,-0.28989903767359754,-0.7639439253244347,-0.19319280435039077,-0.37879989035401,-0.9959975197724198,-0.5304215112428392,-0.5088174479066178,-0.8311134405325968,-0.6800881413461213,-0.5073630088517486,-0.6668842945214974,-0.720857506250254,0.12228055707479425,-0.7512693511259589,-0.1930496570408525,0.08058136662593185,-0.999998195293382,-0.5460133001405623,-0.13060671240088215,-0.8208291010074973,-0.6123643236122776,-0.21433312464967738,-0.6434014127011638,-0.5482714402085558,0.46086549261924986,-0.6707252571228,-0.23871171254341964,0.07499079591669008,-0.6005549999669543,-0.5767989268019587,-0.13742604261931476,-0.37137021421461536,-0.5590369891938992,-0.16791897431226951,-0.22622180048746432,-0.4382335144267697,0.7230802762821765,-0.5413238004271379,-0.31003806641860604,0.27364752873123926,-0.4328462690636591,-0.4760266093072618,0.08945967309976348,-0.2821841963885437,-0.44880753699119796,0.06635645570100823,-0.1913190280819967,-0.3693256589526177
23,n,0.0,0.0,0.0,-0.2777085657604506,-0.20048741154267127,-0.08384155329437926,-0.4168028137241263,-0.48074168912606124,-0.15262012213829323,-0.43301992081205676,-0.7057447381764552,-0.24736667025968304,-0.3620805276570458,-0.8376193226872568,-0.3240112522497278,-0.1233828241864867,-0.7213797699964409,-0.002633031344315549,-0.17514637222056795,-0.9999981807744972,-0.24518068919333955,-0.35096498282109556,-0.9716258337709088,-0.373709398147785,-0.4408428584365424,-0.8667306222676385,-0.40860902855494724,0.10463377643042851,-0.6980713856548253,-0.05728353560579745,0.025921867595714725,-0.9997900682636919,-0.321533420292238,-0.19209492281071922,-0.9110481773773446,-0.4040190592825056,-0.2975854385652966,-0.7598667320148953,-0.36894062073137146,0.3013243613138068,-0.6265887367076379,-0.14230465971004239,-0.007799244732152204,-0.676651059168175,-0.3843318922677619,-0.16208248006449272,-0.4587239981365966,-0.3675261225287779,-0.1759069845467599,-0.2960733223932606,-0.2663143425261842,0.46253383691067224,-0.5145002112839283,-0.23800109221056703,0.13798436878985892,-0.5172160565076511,-0.35534266258918507,0.02450192057005595,-0.36092277474425777,-0.30552819380668533,0.03951562390916923,-0.25103058586157295,-0.21711555008719818
23,n,0.0,0.0,0.0,-0.4173984233782523,-0.2202538891700269,-0.039769677439573596,-0.6198357888378266,-0.49072090965865245,-0.05394378883703623,-0.5776230912641602,-0.7149858264956576,-0.10018228488294055,-0.4507845530387274,-0.8700108365757026,-0.12286775500038224,-0.48703047220212914,-0.7229639142168818,0.1460745812446917,-0.6120282776217654,-0.9709011832164925,-0.08210709619606192,-0.6649241577517185,-0.8915622111613699,-0.2038416646853567,-0.6456694640166838,-0.7494438965851803,-0.23574206239797077,-0.19968261898579898,-0.7248171853152826,0.07882128336226063,-0.30264874962440697,-0.9999981301542817,-0.14087431743240683,-0.4174502483210166,-0.816312059913117,-0.17575084607187896,-0.3705772067007055,-0.687891412064005,-0.11953212336168731,0.09519996792526839,-0.6745280440806296,-0.03245723722413289,-0.028826147680409458,-0.860336401453738,-0.26603984341277953,-0.15464239711550753,-0.630485313044189,-0.1910012270921968,-0.07403410404287358,-0.51555336037875,-0.06492620819490094,0.42113360860793664,-0.5658047195583554,-0.15108693786725524,0.21520859167755868,-0.6974577392408482,-0.2932736557953192,0.08805637323403946,-0.534801812830355,-0.21677450949501006,0.15365738884851612,-0.4486183818826689,-0.11324125098475663
23,n,0.0,0.0,0.0,-0.2996910550546648,-0.20609942146759366,-0.08492168689284696,-0.22623262455479373,-0.5537765606017454,-0.1183060075240408,0.11831923396870776,-0.7353025799580972,-0.17710149900815025,0.46701604585284157,-0.7992328893677727,-0.21268243947329613,0.2860099659060345,-0.7232069899359889,0.023512759586874585,0.32910454445705933,-0.9999981061363914,-0.26948868437389795,0.055418531018966585,-0.9627033184968181,-0.39714800446288184,-0.11721698725474784,-0.8411257430014808,-0.42151646736482534,0.5768921343359649,-0.6368207954393756,-0.052147488659453727,0.6868165367720377,-0.9421261463045943,-0.3559348197794275,0.2905416566563977,-0.8554023185526731,-0.3908448679528285,0.17030324121322735,-0.7356402696549389,-0.2991566686522843,0.7837090405814713,-0.5003287421776186,-0.17322563066000213,0.6544792630347284,-0.6949275238310947,-0.47183815855529465,0.26823618825708867,-0.5205773682014794,-0.3967588683079637,0.29213522692225585,-0.39741161260676355,-0.24562475234276646,0.9463235338501449,-0.3295282510514419,-0.3023651440837844,0.6940822554206146,-0.5054419500509234,-0.47958935905701966,0.41799284858942237,-0.3862252392529527,-0.39834984226326614,0.47927176050639564,-0.29112509279148924,-0.2761571104908307
23,n,0.0,0.0,0.0,-0.4604351695474468,-0.12160414680697884,-0.0979094460188674,-0.7597378001640785,-0.40920434729007127,-0.1317783175089538,-0.8333619644954363,-0.6687029925027119,-0.17794546025883026,-0.8112302089002824,-0.877982365197923,-0.21279572270042083,-0.6113744165471094,-0.6635763139360932,0.05441818967208415,-0.7433006926199651,-0.8646643893375047,-0.07780075835675562,-0.8124408508095344,-0.8721108024130101,-0.17774294525631715,-0.8516076529405666,-0.8172786864190676,-0.2246842950214091,-0.32118138047611233,-0.7029790865038881,0.03446850207649492,-0.4050356834592293,-0.931264616006342,-0.0718805187825479,-0.4765766200149104,-0.9892462117535203,-0.15175772618044345,-0.5223708474528922,-0.9999978829267449,-0.19297562562059586,-0.012677417074527025,-0.6796813593388478,-0.014993929966552964,-0.12293529768259906,-0.8865703010346929,-0.21737384886869082,-0.22753973042551448,-0.6929944454375416,-0.24492489583610422,-0.276279613419951,-0.4955971621856778,-0.21111866061636436,0.3053868822631295,-0.6113510718782319,-0.06884532537955018,0.1371021046315166,-0.7241617866686183,-0.275832070196595,0.027209157982331058,-0.5592551088109927,-0.28905155679182976,-0.01258858114539283,-0.38649307606345595,-0.24944488116012906
23,n,0.0,0.0,0.0,-0.3992672105859048,-0.1735285601123172,-0.08378639499309035,-0.5623681235068994,-0.49014102094337764,-0.1177034098484457,-0.44789771848838794,-0.7300224275785053,-0.17363944208135734,-0.25237156911137076,-0.8565706821682688,-0.215303558851976,-0.264247079675443,-0.7041190587541651,0.006584832932620681,-0.2636281061270657,-0.9786845058467268,-0.19613128247352013,-0.40871713080190947,-0.9999980665326904,-0.3026659101427273,-0.5256989250526378,-0.9243747053182536,-0.3255751917815126,-0.03668700359543152,-0.6983342893938328,-0.027528083942819373,-0.07786401434378178,-0.9991521494616653,-0.25898090984930905,-0.2641473939336172,-0.9761624853894424,-0.33915746053800094,-0.407786192741252,-0.8458952899786918,-0.3053012439013415,0.19136585425573263,-0.6601129897015253,-0.0893743858514949,-0.0533985403180085,-0.7176633547338539,-0.3283473197315109,-0.1908306628279419,-0.5096307935284579,-0.34901905981901976,-0.2436507377342804,-0.31316811677462303,-0.267650832351889,0.40568847052670404,-0.5824947324033429,-0.16097134343704597,0.11980877816963889,-0.5878476838739397,-0.3195531069716372,-0.007755608335862742,-0.425150757505512,-0.3146012033409869,-0.04850621764518937,-0.27202556387229115,-0.24657821728988186
23,n,0.0,0.0,0.0,-0.32325227288320485,-0.12229315890164968,-0.07804086846852841,-0.5788239669249344,-0.3759281317104497,-0.15346785453358847,-0.616038909880377,-0.6427335485802809,-0.25786079655416344,-0.4937816561384403,-0.849346446191626,-0.34493484626233833,-0.4320192030339294,-0.6496531663042606,0.021224629899514603,-0.613644328516378,-0.8895905826515395,-0.20495414305866913,-0.7026442508598696,-0.8069334839856513,-0.2956322232553376,-0.7123962771571895,-0.6838947921969143,-0.30653364614178663,-0.21230643888579578,-0.6935425240217289,-0.028717517166266367,-0.4171106410439947,-0.9999979317128926,-0.2648773119795488,-0.5294512595117644,-0.8324986973783952,-0.30042767323877034,-0.5163538585653424,-0.7119576486309792,-0.24218515858131365,0.027579662361979108,-0.7018015120725809,-0.115625010466453,-0.2495255117051023,-0.751041139245716,-0.36487077782955984,-0.2523492290724003,-0.4629122490100045,-0.35091559799461314,-0.1188168614040835,-0.3390582481268066,-0.2617217877886715,0.2799345622922225,-0.6741100351874785,-0.208193004203936,-0.037129202050445564,-0.6915458889428919,-0.35707994374955765,-0.03469104137671769,-0.471567457432762,-0.33272231487859366,0.09695619753708974,-0.36632632150621225,-0.265485357383821
23,n,0.0,0.0,0.0,-0.41000667777829164,-0.2183471467165571,-0.13937169524442733,-0.5080765088879035,-0.4953811207063761,-0.1656462235802417,-0.3024400330607499,-0.7186743608625195,-0.20172355365676792,-0.11969833609702298,-0.8945316521344067,-0.2037110270672243,-0.34127168382064593,-0.7169785146486852,0.05455155352393174,-0.37043018203558,-0.9658639850444324,-0.21946108656252264,-0.3796190971722434,-0.9717195331927517,-0.34616654422074733,-0.42119901698380663,-0.8480787126700423,-0.3638579083866245,0.02307133154462496,-0.6887081768799367,0.011963485974691561,0.10702074211732336,-0.9999982069839782,-0.27882062016254144,-0.020347375891851628,-0.8978966532593334,-0.33694396437792323,-0.08842435843415968,-0.7563869006047595,-0.26632909047943154,0.33234097163663084,-0.5994806213056162,-0.0824176652077142,0.3363858662358997,-0.7390886921144019,-0.4050065459070403,0.11617882465802692,-0.5443134123434334,-0.31886943707629173,0.09775268820316156,-0.4423670101653561,-0.14623945560933213,0.6469859568897925,-0.45598021579611525,-0.1893388960567078,0.5740745087986437,-0.5895901978158139,-0.3877042495595059,0.3783764420265818,-0.45113233780085166,-0.2933020545959971,0.35398331655879695,-0.3796163719341256,-0.15511225648334462
23,n,0.0,0.0,0.0,-0.3629340013967119,-0.11365821108028007,-0.051526301321836734,-0.5946442600288235,-0.39772546899699757,-0.07583500501186868,-0.5841275807361217,-0.6606382452280205,-0.11981434859208932,-0.4900280682107023,-0.8324579769094169,-0.15401708599478556,-0.4653472096803765,-0.6551390004521528,0.0018940783809701489,-0.5309317415002808,-0.9400978877538506,-0.16500528892187374,-0.6415880259590567,-0.9321343334591541,-0.25345381752829543,-0.7129278861704917,-0.8228727324292193,-0.2750492220449813,-0.2590219023666686,-0.6810435558505162,-0.03683074553382328,-0.3631354668453589,-0.9999979545964609,-0.21658679862362779,-0.4875108473425768,-0.9325766735584301,-0.27667694705027546,-0.547964075520663,-0.7697147479720803,-0.25564104347773686,-0.04267940377424182,-0.6658845761925609,-0.09613512537269384,-0.2297237056802333,-0.7535878807517596,-0.28776812289994363,-0.27351144373202435,-0.514398834536106,-0.2883693799204368,-0.2500945751594657,-0.30813265626481495,-0.21919268257649063,0.18250288665950065,-0.609290280004369,-0.16019686337842798,-0.030081199315140618,-0.6539334994801577,-0.2935369229599013,-0.08707324498969321,-0.47024388684357377,-0.27767260087946644,-0.0725412160546833,-0.30967427841195055,-0.21877323212198527
23,n,0.0,0.0,0.0,-0.4186798929569949,-0.1734519090441198,-0.12447441395178144,-0.6064448451177936,-0.464699467900003,-0.18932824929054615,-0.45993826305261787,-0.6927090603917189,-0.2599099007630832,-0.2318829716427645,-0.8418594367980087,-0.2937868855078347,-0.4826720279666021,-0.7170670205467473,-0.06072051253468104,-0.5390594698891582,-0.9679808616703498,-0.34708282564754755,-0.5920834823564891,-0.831147462970717,-0.4719720995819343,-0.5835850669385032,-0.6587590774945781,-0.5017016754622178,-0.15073621622321023,-0.7128481422870081,-0.09673437213972519,-0.20109762517702756,-0.9999981679794012,-0.3674149950266996,-0.32046276256439454,-0.7805940312031725,-0.37877947515107757,-0.28300646601995466,-0.6324696419177674,-0.30315620109692104,0.17712038014287454,-0.64826716279459,-0.17697600097323588,0.06816160165535064,-0.792275701130322,-0.45639016075799826,-0.09250684036721771,-0.5397079904980436,-0.3585739196203853,-0.027621146822081156,-0.43959552886981035,-0.21442969044080476,0.5105558480206539,-0.5313928075403557,-0.2689248995908156,0.29249622583055984,-0.6353613952035905,-0.43650201342395145,0.15405088924606186,-0.4609698465165243,-0.35871530235457527,0.22199955687424858,-0.39069528413008553,-0.257045774302323
23,n,0.0,0.0,0.0,-0.32667735650855967,0.011581559800733611,-0.05798388515594961,-0.6833382046438752,-0.25239137649492493,-0.07923006474087964,-0.8777913272738191,-0.5516933521370564,-0.1150464450728923,-0.9999973897941942,-0.7866934081233193,-0.14507526893574035,-0.6559668299724856,-0.5846595143127008,0.020012171795537322,-0.8507997243340504,-0.8348843560887864,-0.12364942803374525,-0.9151767893182158,-0.7937222967661028,-0.20627222213252472,-0.9078881592145798,-0.688900009105482,-0.23373958990445104,-0.5076970848524973,-0.7040243677536573,-0.008081690858194667,-0.754052836808531,-0.9722839327406245,-0.13521713145600794,-0.8329379676215831,-0.9352180717120747,-0.1862654591376635,-0.8409812793012782,-0.8762019958013189,-0.18351127783881663,-0.32761838449656006,-0.7710666803963223,-0.059126399472578556,-0.5194500164526494,-0.7526930253061551,-0.22780030852197358,-0.41848728931320245,-0.4509911443604112,-0.24387740258248536,-0.29274939636287,-0.22810838924732613,-0.19873884462810784,-0.12145523155896483,-0.7900865386357264,-0.11459094458651252,-0.319110548667874,-0.7295957939997888,-0.24448117118039106,-0.26824252893427886,-0.48100555758964947,-0.24375443573185862,-0.1766224819954465,-0.29558562686981343,-0.2043414305994038
23,n,0.0,0.0,0.0,-0.3475092878908115,-0.22130664059996372,-0.14742211150319373,-0.4852494288911477,-0.47322190414267296,-0.2069053014685173,-0.40973844478467547,-0.6965724845813316,-0.2801095663343771,-0.3010285781181029,-0.8745868072002606,-0.30270360403297136,-0.3155451559474261,-0.7410561274969198,0.04095587043312244,-0.2938610252111326,-0.978650383136722,-0.26872887329596284,-0.3787197475684397,-0.9194003618149228,-0.39463098811109465,-0.4620437013556164,-0.7562878913239236,-0.40916752940567686,0.07115678768634905,-0.7132059615115591,-0.00026995208663803594,0.12198099181533066,-0.9999982735496455,-0.34689461239015623,-0.10781876549435464,-0.8297334800117705,-0.38868357338750537,-0.17122391455821764,-0.6893601167819887,-0.2954215699141422,0.42126019411176896,-0.6233683097568743,-0.09640833163259671,0.3161166358665799,-0.7580968488279849,-0.43664806257036587,0.06251795826112878,-0.5468301333297046,-0.32547070130733535,0.07284977186387999,-0.4441500564070297,-0.1401931117704875,0.7518016684814948,-0.47517575112655214,-0.20600271358594094,0.5210207171447758,-0.5892495642279587,-0.4001494198666507,0.31551598253298835,-0.44993277254223224,-0.3007346043673428,0.3361318620690053,-0.3748714809263879,-0.16366767720802464
23,n,0.0,0.0,0.0,0.19606203218418577,-0.21668507588500655,-0.04833213000212243,0.2714001987720545,-0.5112363198182096,-0.06322028645894737,0.14579782117125972,-0.7467894357655679,-0.08268743323949983,-0.008570433647218018,-0.8133069673368402,-0.09623690293584938,0.13030008110187635,-0.6985845248631873,0.010191104956405963,0.11494278555806672,-0.9641714814320143,-0.05455247356329284,0.16209952320987245,-0.9465467071797122,-0.09292234531978813,0.18885383671087289,-0.8348651098572127,-0.10635112050197273,0.004259781988268878,-0.6692982472282373,-0.00657858566911011,-0.029929613089694457,-0.9999969077845912,-0.07470514560132215,0.04415026639044184,-0.9294489685191138,-0.10343101018288466,0.08087595689677866,-0.8225330852356706,-0.1049076014412198,-0.11584406341903224,-0.6039050091031593,-0.036746375314441776,-0.08880830793568123,-0.7838544417201742,-0.14689369510293834,-0.0190764951259002,-0.5759041122048909,-0.1514129055000365,-0.011465581426368568,-0.4445314367243052,-0.11932274829263873,-0.23943450868234245,-0.5005612457017963,-0.06815139604411485,-0.17622986441412228,-0.6698370786856059,-0.14108985273016258,-0.12205661410605971,-0.5165313733289822,-0.11904599470611398,-0.1359978528388677,-0.408768768063274,-0.08408724769641197
23,n,0.0,0.0,0.0,-0.3394138084639198,-0.22403580715350582,-0.088434752275087,-0.5039676346088623,-0.50228690853235,-0.14897813756202413,-0.4609630861620304,-0.7222029512196139,-0.22250630065392923,-0.3332665323873438,-0.8713803252149992,-0.2757393428684948,-0.18011653804536354,-0.7822300047568105,-0.02207133725305349,-0.3805126888663549,-0.9999981821291027,-0.21855383406746265,-0.5560853666543881,-0.8671977156902925,-0.3261117972106455,-0.614757025646177,-0.7220047725783516,-0.36153980500341015,0.030275390208330824,-0.7603534231981071,-0.05846695747629613,-0.22253538138265813,-0.9690915241438476,-0.27010327883646534,-0.42432219582928193,-0.7881644744629988,-0.32425510497043175,-0.5099025919060214,-0.6117022140370412,-0.29054268600859495,0.20578581888241906,-0.68848961125261,-0.12228869451621234,-0.19973329798451112,-0.690306104326116,-0.32140781749616615,-0.300800504300543,-0.46090322082616525,-0.31408493250048886,-0.2879331952869684,-0.29563442378763627,-0.24239752013288957,0.3476590801345047,-0.5729280590300591,-0.1969603938766918,-0.05173692349729369,-0.5650871628046306,-0.32165610965387675,-0.13853174615209132,-0.39954742771663393,-0.30378506083230056,-0.12148692023061665,-0.28005795098648245,-0.2433306879859304
23,n,0.0,0.0,0.0,-0.4780697363504802,-0.2313402680175828,-0.12983392191051923,-0.6773446840634382,-0.5574234205040532,-0.21814866218444312,-0.5152738035069917,-0.8160625241067313,-0.3072035525665547,-0.17126859995683397,-0.9534001801176429,-0.37328589287630104,-0.6102754667466058,-0.7811865482315425,-0.11434784779297169,-0.6843884831423749,-0.9999979472400319,-0.37111365003905056,-0.6111160389238591,-0.8397737560389398,-0.5129878569610342,-0.5635474843491598,-0.6508954748537209,-0.5685155105149595,-0.19415663398386623,-0.7608276943320217,-0.1499620008176352,-0.16513370778018635,-0.9989351801466371,-0.40694998268560195,-0.18036219607878737,-0.7646466694532034,-0.4759754879790076,-0.21829524853836663,-0.5611878869054437,-0.46398213196508054,0.19153544362676325,-0.6880321861174263,-0.21342816728545574,0.23848953626926953,-0.8532492781681801,-0.48867455144203986,0.12584650210783405,-0.6012973116507424,-0.4309336052742311,0.04209370120594001,-0.4172348850356386,-0.32218402924895595,0.5283765740877602,-0.5688893388887089,-0.2844928095271265,0.5035135013292544,-0.6978443674500069,-0.501855965074763,0.3849754500644617,-0.5187088928630887,-0.44900437765981815,0.31630718794638873,-0.37661157336974826,-0.3545147966188721
23,n,0.0,0.0,0.0,-0.061063386873628514,-0.17167354183861785,-0.18785097780236376,-0.012347718202905325,-0.40830646938646076,-0.4085783927251065,0.11687416472835203,-0.5854810532484453,-0.6212092921506052,0.34055368477092446,-0.6450580808049696,-0.841646110062202,-0.12241116885689059,-0.29608966498582745,-0.44294143352060183,0.13604276990882408,-0.544846239158198,-0.6990674729373957,0.29398762193514405,-0.6469646970310226,-0.8861958410185583,0.4192692895962823,-0.6787379754561915,-0.9999985028684707,0.03618439203025394,-0.16524480243221043,-0.46729357906141084,0.4063926250449763,-0.43282334457031446,-0.6698235887333008,0.5842516935911293,-0.5081878255332237,-0.7376573550124682,0.6554657639024504,-0.5038031257820614,-0.7948046203340828,0.19702040099319693,-0.04492710997067696,-0.4948406854769499,0.5651348452865868,-0.3267445487109533,-0.6521504003232207,0.6865036485094549,-0.3906310946945526,-0.6068230223060231,0.6991810490884321,-0.36557398480918596,-0.5729332445993076,0.34019674079899653,0.06224380058879408,-0.5438193772369875,0.6977213267152329,-0.1853102293421513,-0.6015531907404725,0.7915054997875131,-0.2572961909927665,-0.5155501731662382,0.7929256013798281,-0.2521174693760506,-0.45958439239170507
23,n,0.0,0.0,0.0,-0.42177389280110683,-0.1793816328705897,-0.05354385505424624,-0.6440482652928086,-0.4694565345988698,-0.08546232410645314,-0.6179733317632099,-0.7394754454912711,-0.14968233707401385,-0.4641438671371757,-0.9155024144217004,-0.19757549329126403,-0.5224142699241994,-0.6831823494759092,0.11084910525702439,-0.6043311828004911,-0.9526891362508714,-0.08687506817665397,-0.6395752461880966,-0.876484264468938,-0.20675348600854204,-0.6443758182147439,-0.7233494587059819,-0.24323388958209846,-0.24110247010621005,-0.6764970574404728,0.05629681176096574,-0.32311237129886905,-0.9999980751572249,-0.16621968673201729,-0.39266986916820307,-0.8707045329283652,-0.26321476123211485,-0.4169497438478543,-0.6957657739680083,-0.2557586585816094,0.04149986527829044,-0.6331733935549864,-0.028670799816053465,-0.10276838118475842,-0.7975594127272808,-0.27843593326474453,-0.16270752556531942,-0.5504930701208811,-0.28165963340091577,-0.15915211356030565,-0.34977294191779135,-0.19789130077348546,0.3359731545260921,-0.5520977926144395,-0.11692251306247338,0.1407338299693185,-0.6617305586931775,-0.284004591079177,0.06075538790529261,-0.48416125147279837,-0.2578749028623652,0.05302192651966331,-0.33476792039476794,-0.18405041151338578
23,n,0.0,0.0,0.0,-0.41667074924624403,-0.2076891198546432,-0.0977893394044737,-0.5672384438103315,-0.5182023520212665,-0.14772644109423153,-0.43204111691883396,-0.7633977280592849,-0.22344664026372094,-0.20676969919198426,-0.9146538706847226,-0.27485655578998336,-0.41385949657519705,-0.6986238342169515,0.023496312562852777,-0.5238012161947957,-0.9642696288483473,-0.24437229211972367,-0.6368799411702901,-0.8808926125522247,-0.371499498790185,-0.6407786337429989,-0.7151716828705664,-0.40040842053783227,-0.13525117921169078,-0.6992602070846748,-0.02841901540284808,-0.21757322855522807,-0.999998193015984,-0.30755770407331734,-0.3907264785037141,-0.8646601230856614,-0.37357108984337806,-0.3990602866105764,-0.7156614158704035,-0.33381585306409345,0.1538532784713964,-0.65208584385701,-0.12301501151788517,-0.008562195796801762,-0.8159233424922304,-0.4042539339443503,-0.14360658209895052,-0.5862707154037406,-0.36422776614217356,-0.06873322412757965,-0.46211903790707565,-0.2530242328081274,0.43286731921523847,-0.5602746387291849,-0.22649811467206984,0.19765987915113759,-0.6814163484932899,-0.3854847040089249,0.07393815857889532,-0.5130624711727443,-0.3290059253813951,0.14598082319162947,-0.4198857327617796,-0.24126627877409906
23,n,0.0,0.0,0.0,-0.39713243016828376,-0.1935267448110808,-0.1261778972650726,-0.5141421480188051,-0.4931726460842222,-0.19361103795914048,-0.3455896705530853,-0.7274327002996777,-0.27300013026927156,-0.12465532306753319,-0.8559588195839629,-0.32763631408598193,-0.284001964685879,-0.7110077999539535,-0.061622202465048334,-0.29754792729145774,-0.9957533403310571,-0.3001783138806357,-0.3974108892530167,-0.8770829361657361,-0.40899427559191354,-0.43173534092924515,-0.7265056346082756,-0.42567240797549055,0.00406161111058643,-0.6998293900417865,-0.08341306819897677,-0.0008157499329714024,-0.9999981020645087,-0.3262971312116905,-0.15642901486459937,-0.8501782058237486,-0.3789920768021093,-0.24115048834973943,-0.6714600486271741,-0.3256497972699424,0.26281011404886157,-0.6428757682481123,-0.13837979844749576,0.04415428927513071,-0.6641348721558483,-0.38551389061236224,-0.09802687413919142,-0.437752387550354,-0.38309709992722596,-0.13650530411783424,-0.2693991811298331,-0.28978946528550853,0.4893195823320372,-0.5497004624767448,-0.20544697727314556,0.2148132251553414,-0.535665174349731,-0.3419178204530612,0.07704747369966673,-0.36821154405831685,-0.3173808407745842,0.04296590305326625,-0.23751332513105547,-0.24435733558528255
23,n,0.0,0.0,0.0,-0.3914044082324905,-0.19014165713280182,-0.0836051723752263,-0.5653873529556677,-0.44133099510816554,-0.11542221355112149,-0.533054662625986,-0.6613957665572642,-0.16534916086245952,-0.5027624056518594,-0.8263249066596854,-0.19183480732818192,-0.4459692791057735,-0.692254600124148,0.05713368864125102,-0.5781793418477872,-0.9299143423588629,-0.1706851776299577,-0.6358969929368097,-0.9469364324613027,-0.27884496580531853,-0.6682396341177363,-0.8356075808590744,-0.30121040860110315,-0.1426773405509677,-0.7025784386739636,0.009833635312300387,-0.2308171185306484,-0.9999981028684009,-0.25187250503884884,-0.3662802050069085,-0.8649519061742679,-0.2971923849079402,-0.3750525588464305,-0.7203362981097879,-0.22958840762504498,0.14825671499727797,-0.6524103740388169,-0.07762117002669656,-0.0007578477845842445,-0.7891627742184237,-0.34254873238528705,-0.12829180198647377,-0.5780445530445607,-0.2740757093820921,-0.05228403399787919,-0.4753934373866364,-0.13756552196801486,0.4656828765837161,-0.5468286196114105,-0.17250387944648019,0.257985882453495,-0.6716934275836344,-0.3356378661956943,0.13139454525135097,-0.5144019050452499,-0.2650963947983541,0.1905180933122827,-0.4361583051675636,-0.15765486302357612
23,n,0.0,0.0,0.0,-0.40852649062374974,-0.213882982630596,-0.12383834529658601,-0.47142116327790884,-0.526371225348995,-0.18271783505862846,-0.1919777283943738,-0.7332783019449105,-0.26412046331022715,0.09206022037461425,-0.8440737866837209,-0.3166687265251673,-0.16010083219310833,-0.7188652094607756,-0.014369735800380857,-0.1881275236680485,-0.9999982465161085,-0.3020229819047945,-0.3455379105372412,-0.8633707711315698,-0.4431796488094903,-0.42226289566131125,-0.6979063456529605,-0.47315378289652427,0.16665052285870627,-0.6803865737332444,-0.05435533399940164,0.1370138179818448,-0.9832258147132698,-0.36941530844114584,-0.08764160655443005,-0.8121506161188798,-0.4417248936054043,-0.2127877617250987,-0.6294562932487916,-0.3827315861540702,0.47932130239468823,-0.6069265049424483,-0.13764081737440784,0.26733559479963886,-0.7328586710702495,-0.45357656550155606,0.016420056835486405,-0.5079586273404145,-0.43993495628051194,-0.08139292134811568,-0.3394985181893349,-0.31812201850827065,0.7846481758188586,-0.5020525448756041,-0.2327961159325267,0.5106877435045853,-0.6110215901517949,-0.41960127976647094,0.29399213659802426,-0.4632916120142102,-0.3855355094909779,0.21474492430514858,-0.333978412516585,-0.29066135839309265
23,n,0.0,0.0,0.0,-0.34070423099607083,-0.18620402353936405,-0.0804924837140511,-0.4625543552415559,-0.47782987345614975,-0.12399313441812305,-0.3904471205423325,-0.7020283343022992,-0.1950510943369132,-0.2666525852979085,-0.8514434056321033,-0.2443722574629333,-0.13556503095565986,-0.7239230264391512,0.03224375953602185,-0.25267503531769653,-0.9999981462251273,-0.23696711499183562,-0.46631257381276836,-0.9710493773848365,-0.38246933196733224,-0.5899774448260655,-0.8695082793496217,-0.4249320472959299,0.13764214475952713,-0.7145092485683114,-0.03326562305142503,0.01856237111900856,-0.9999435071434978,-0.3119680387689657,-0.25954215686215215,-0.9069878441374523,-0.3896547579291877,-0.40350376167352286,-0.7739107145402161,-0.34274851514356025,0.3537220336293992,-0.6459640510663203,-0.1369351246351055,-0.05078981633784834,-0.7076864349545604,-0.38063552505476567,-0.24952204540093434,-0.5202821195168316,-0.35360578131047277,-0.24452861895603875,-0.4040483293455371,-0.2486946839422766,0.5041435910958326,-0.5371053767322856,-0.25500370234960246,0.057545394600392964,-0.537089134174147,-0.3673015173823003,-0.0677810238143274,-0.40235656194648867,-0.31187472692986334,-0.005177564017262792,-0.33038998559087374,-0.22191776334996252
23,n,0.0,0.0,0.0,-0.44151263010213593,-0.14207660178302509,-0.23175922416242276,-0.7805771117951308,-0.4183110063466121,-0.38834241400270053,-0.8128375267071811,-0.6463074626505877,-0.523897054303359,-0.6178866391471444,-0.7872444544425242,-0.6238252519030639,-0.44089817573236,-0.986078372602646,-0.2204974226902929,-0.6719695153322102,-0.9234994402415626,-0.5165324234613846,-0.6981799718827838,-0.6445559460428891,-0.7351948038792626,-0.688179148993181,-0.4334476537617816,-0.8556124464486913,-0.017096060681202143,-0.9999978627897411,-0.22534788293782623,-0.29322320483650655,-0.8973045249853008,-0.4772332353372732,-0.3922519500279197,-0.5943726608534864,-0.5651609422813222,-0.4610402664048334,-0.37930834484409204,-0.5803582899156683,0.3616024794426417,-0.9015336678529676,-0.2650973705105458,0.08503037019692011,-0.729475361589436,-0.5048969939874817,-0.06821761966776144,-0.4435358008911442,-0.44702898461772894,-0.1612406737089546,-0.25410907913298014,-0.35672470167365256,0.691018046652068,-0.7279747986685745,-0.3350986403228103,0.42750304499371305,-0.5843382076220943,-0.5067839555228602,0.20682354470059575,-0.37592492863983196,-0.45091742919329136,0.08052696170094858,-0.23733072327156057,-0.36132119870092166
23,n,0.0,0.0,0.0,-0.37515823895958966,-0.17495703790458556,-0.10700752925324893,-0.6342858073282477,-0.49752558265544844,-0.15703081782209954,-0.6543153339853088,-0.7765993793458773,-0.22048313724128052,-0.508707594039269,-0.883664202816201,-0.2485309455829688,-0.5959473601424371,-0.7171729006121139,0.023604396076115985,-0.6869230164073297,-0.9641267252944451,-0.21252462412102655,-0.6291260780977022,-0.8146241855328937,-0.32307202778329724,-0.5441948811634546,-0.7006877047296401,-0.3555639228408615,-0.32570918661564474,-0.7299366161413473,-0.010651667661594106,-0.40818562714173895,-0.9999982025541304,-0.23640166338750435,-0.3955836871575709,-0.7846884244394552,-0.2615073798835449,-0.34242718929244104,-0.7000909029589203,-0.21395027111191564,-0.03483134621381264,-0.7002323762087607,-0.08773291049977537,-0.08436080421773877,-0.8740717432987708,-0.3340037156167566,-0.12685034760825473,-0.6128293346548114,-0.2566198299723628,-0.09371357344497182,-0.5397894973718533,-0.13379893889366207,0.2562085375733913,-0.6284922607966379,-0.1760118568157284,0.17747323687902705,-0.7595157210827841,-0.3055618606162931,0.10355263353250418,-0.5647771230768022,-0.22421521067863887,0.12426493869863951,-0.4900736760827342,-0.1267995083425642
23,n,0.0,0.0,0.0,-0.36327585540529733,-0.1937067083322074,-0.16691979846413596,-0.5069343324008077,-0.45946311917167065,-0.24149255199522413,-0.36644137660191933,-0.6593746557279471,-0.3125774452544276,-0.1492183189791373,-0.8008948860054822,-0.3450021631357229,-0.3307121376232874,-0.7150271966929032,-0.10236812518741774,-0.24506771080361836,-0.9750862804234481,-0.3848002942948233,-0.3273517495544039,-0.9227905588191747,-0.49645998771876415,-0.4038321958491973,-0.7618087506436885,-0.5115697441961516,0.03528635972349201,-0.6877870672767928,-0.12000884674837073,0.123167467989496,-0.9999982770363071,-0.4172920987554624,-0.07198058766929426,-0.8617113734112098,-0.4477965692089503,-0.1370846083996511,-0.7008228651321398,-0.372086578773142,0.3742275790196745,-0.600618006156415,-0.18028939890705967,0.32253686898916173,-0.7484411912964624,-0.5036702160374,0.0791525101416305,-0.5417960928708792,-0.4360433496764886,0.07124260962235274,-0.41494664228786876,-0.2919724429792643,0.7004190105997715,-0.45963380098547757,-0.250079505780432,0.5385198133492326,-0.6012485121707759,-0.4636838932875648,0.32856403202798046,-0.4554139447458658,-0.4024495332582628,0.3244610959117255,-0.36259251197023623,-0.2985128838191703
23,n,0.0,0.0,0.0,-0.26766836854443915,-0.152869322423094,-0.12737281369560807,-0.48505794821494846,-0.41084008659282406,-0.25446265647468425,-0.5689711343000916,-0.5440311803198535,-0.37901526843950045,-0.4746287512685256,-0.5670625373182583,-0.4948957958527589,-0.3407184490355547,-0.7180226927815964,-0.2876655026742453,-0.4822828293422752,-0.9138205760537784,-0.5074631354352889,-0.5393912491330357,-0.7204276887178187,-0.6016106896496834,-0.5546675901492202,-0.5542253909136506,-0.64750479381376,-0.08212127912891358,-0.7319233661735561,-0.32396563481317203,-0.20026702834692622,-0.9999965226753738,-0.5704901023417297,-0.2690575601902813,-0.7001665798716579,-0.59779038671553,-0.25413253283910286,-0.51246611386464,-0.5656604203228688,0.18535267512775236,-0.6636943144001132,-0.37438611501703684,0.06706919851717542,-0.756662532476523,-0.6244931269617715,0.057819493157261564,-0.4417620106866727,-0.5905798550978941,0.14471501099802178,-0.29880356801368074,-0.5154077468010279,0.4313075792631321,-0.5338029783154009,-0.4273266748813095,0.30554029252913156,-0.5512573604222728,-0.6095929195583125,0.3141908992762432,-0.3117592698261842,-0.5846908950180131,0.41710041319735086,-0.195260135010319,-0.5290515674146049
23,n,0.0,0.0,0.0,-0.40944783610214547,-0.2075877538757767,-0.09103646083347584,-0.5962066423502828,-0.4877249324057809,-0.19355242143642679,-0.5509793466396585,-0.6897920577264912,-0.3034915079718999,-0.34722688803199675,-0.7939248006099766,-0.4036327361372399,-0.377187660635683,-0.6297676782000824,-0.179294655518018,-0.3624349342722166,-0.9614949478369733,-0.41552981093833147,-0.20225448870029095,-0.9999979036772993,-0.5703326026448107,-0.07525447954221787,-0.9339020510083742,-0.6440741806865534,0.026027578564046607,-0.5823574335578385,-0.23659158276678002,0.087624211111638,-0.8974947036513005,-0.41658130122176995,0.20442475514906475,-0.9420793161055906,-0.5249086347371476,0.27088908704865566,-0.9090758721740161,-0.5835674919602905,0.36176938506158884,-0.483442001720962,-0.3123891755799347,0.444922364979553,-0.763548817262478,-0.46475274473590805,0.5160822143458069,-0.8303455176780307,-0.48747057012888295,0.5467200940878377,-0.8472766947525999,-0.482962509754728,0.6544643457687284,-0.3525871425305831,-0.3929001694100708,0.7376921710780688,-0.5739662530849355,-0.5039598595129641,0.7852084987541667,-0.6728052151730268,-0.4935223010813535,0.7980390480254164,-0.7288261159642214,-0.4644576427274221
23,n,0.0,0.0,0.0,-0.415251586523718,-0.23224747803836956,-0.051797767128422746,-0.5753273724826397,-0.5008910581841854,-0.07900204111519676,-0.4143432723126755,-0.7070842487369081,-0.13925398260331684,-0.17609946518036373,-0.8351266862407765,-0.1764734701583651,-0.3487221183806701,-0.7168843438292425,0.10644108135628672,-0.3845390866888237,-0.9589740826791355,-0.1382949636398046,-0.5395118703360032,-0.8974031999383858,-0.24820975299391446,-0.6019961988531056,-0.7567419989765116,-0.2694171005616837,-0.0428840297278767,-0.7061160934150525,0.03539921266321202,-0.06295567229374192,-0.9999981779178915,-0.23298966603959215,-0.29659513493699363,-0.8406690482871718,-0.2735345708224776,-0.33170296979132985,-0.68864487835791,-0.20641163307863553,0.25457820399084274,-0.6419960716675428,-0.07648176376941415,0.10838430678813102,-0.8180793004666606,-0.36153423671196117,-0.10566772670587929,-0.5855698139349401,-0.29092845943515766,-0.06268437811078213,-0.4455085988472699,-0.1506705886462086,0.5525096093950651,-0.5227856825387103,-0.19359981144529592,0.3041611799930693,-0.6558949570368965,-0.36360877380537676,0.12589733459965285,-0.4961828334365181,-0.29046007513269173,0.17676760041397807,-0.39810412165048387,-0.1826475984874066
23,n,0.0,0.0,0.0,-0.4188530799378893,-0.1519194736960812,-0.1354592557070306,-0.6160935630193779,-0.46116651161555516,-0.1815149789664441,-0.5763299720340511,-0.7139379050049911,-0.2362655614527631,-0.509581814256442,-0.8975794339163597,-0.24280465366508266,-0.3780631400973068,-0.7325668934569682,0.05540313978509374,-0.48547225744701433,-0.9614412868288459,-0.2093947702797574,-0.5889570338160306,-0.7655352814752149,-0.3114034905145172,-0.5780657403929725,-0.6348247939788365,-0.3253134323115601,-0.08125857811708387,-0.7321617911534765,0.033592399814315936,-0.20730789472002742,-0.9999981191396574,-0.2557857805778226,-0.36561141524701707,-0.7461449675097434,-0.28342197519328066,-0.3225897972538241,-0.6259571622910293,-0.19492409223074555,0.18797621324514013,-0.6776070613651511,-0.04061240170802591,-0.054538922558550224,-0.7541708922390296,-0.3085489402439602,-0.18282070207019235,-0.48636368430911875,-0.2379608868461428,-0.07714157951675782,-0.40501441080985007,-0.09994130726647622,0.4694608229269804,-0.5805130022537923,-0.13117040953690662,0.12881345176134726,-0.5984681654961009,-0.26847063404029187,0.05605938747929367,-0.4207900261254023,-0.21578327340416628,0.1899576102596448,-0.37460892406740914,-0.12404211965092199
23,n,0.0,0.0,0.0,-0.3591420686195638,-0.18427034946558454,-0.07822179308182915,-0.5019898432262304,-0.4715399034047575,-0.12619590525353222,-0.34413219896223757,-0.6856045975906697,-0.19608405704337573,-0.08797718749398299,-0.8000432854621795,-0.2368849051827574,-0.4363391252512045,-0.7009028117370134,0.008806515146842903,-0.4465105517352675,-0.9629128325438463,-0.2487572913519893,-0.5299139635609011,-0.8684257869498561,-0.36198791258132046,-0.5308832272297138,-0.7140768915790421,-0.3861470064057439,-0.14100688909261627,-0.6999006576489788,-0.052568128239648106,-0.12623682610689524,-0.9999982728961889,-0.3221833764915044,-0.2824403756727329,-0.8079671484943616,-0.3544568815984389,-0.28432372534305583,-0.6447325640838637,-0.2839776544891323,0.15665907415130792,-0.6385032010379266,-0.15192290440680353,0.04659105460190269,-0.7930639282089105,-0.41357216003628483,-0.10017299611889878,-0.5668479998942426,-0.34406595403022466,-0.03548222543415773,-0.45783453262812723,-0.21381019149442387,0.44909690194664736,-0.5328790425745286,-0.25906537521169337,0.237810907732104,-0.6415856355379802,-0.39198750072363264,0.13350010128258852,-0.4921564828978023,-0.31409138113633495,0.21863605068414657,-0.42135324140820923,-0.2146149773312737
23,n,0.0,0.0,0.0,-0.3981905737464522,-0.1811723613594978,-0.16168392854551403,-0.6222875452285951,-0.4904980975476728,-0.23636601525291315,-0.6348868714544571,-0.7513479289522981,-0.3105802452411167,-0.5861073546150826,-0.9209591390753091,-0.33558583913546325,-0.5521620177350183,-0.7658850032189465,-0.06026057305385926,-0.6738519495276197,-0.9973602452030504,-0.3093496677982122,-0.6429778347616903,-0.8608833182528992,-0.38386004666096557,-0.5849789653465588,-0.7505549181009235,-0.3866868974292497,-0.24287378881684074,-0.7576937653735568,-0.07807008828363393,-0.35669424702634833,-0.9999981654006695,-0.3319795643329975,-0.38368329752958313,-0.7647098665512276,-0.32394707628124864,-0.315438819769231,-0.6885371939133542,-0.24511086805801,0.07620296276553898,-0.7064583971544807,-0.14402597330470862,-0.053497723638834614,-0.8567132862187372,-0.4323366895613448,-0.14568206394252714,-0.591484070977005,-0.33478383419383423,-0.08282097293322237,-0.5326428188959104,-0.19269814882072686,0.38561530466169647,-0.6160939795754746,-0.22300648336809414,0.20977805174507144,-0.7392971602189788,-0.3948094630718452,0.09959929794584059,-0.5477043388386746,-0.3159087653078457,0.14748033524021809,-0.4762449522213987,-0.2137487077107181
23,n,0.0,0.0,0.0,-0.32280792212512777,-0.15570450314098272,-0.04393830533727994,-0.5102176768331105,-0.42962374044880114,-0.05961794091224079,-0.5356712185946321,-0.6296866619773172,-0.1027364534378316,-0.5036985950382937,-0.7557535587762714,-0.12170355250946284,-0.21906440163830807,-0.7700502248413394,0.10280239759670899,-0.41442965400079046,-0.9748383321761346,-0.08218013553270777,-0.5773578656920613,-0.8278109594373776,-0.185385442936528,-0.6261063691704375,-0.6774425587549917,-0.21837491263738948,-0.03480589272427822,-0.7797484233618599,0.04456965814272562,-0.2904944110920999,-0.9999980186582961,-0.15341986092385765,-0.46708304035349174,-0.8222337616094194,-0.20764024908023954,-0.5023424262045628,-0.6866111505236624,-0.17242256629177224,0.14565154072648154,-0.7399053911608797,-0.047454257330581215,-0.2125803947025167,-0.7409542121137569,-0.23082992717143377,-0.27117601723081075,-0.4979555297372677,-0.22294252729668332,-0.18026635223223086,-0.3750342100681815,-0.15526281152373425,0.30793322946915136,-0.6528614598252885,-0.15035169648789926,-0.06761015654074047,-0.6138189492805495,-0.2564986272116991,-0.10829150149186112,-0.433544035003607,-0.23740802802617625,-0.014867370631533424,-0.3468616581491815,-0.18146711174714739
23,n,0.0,0.0,0.0,-0.35355269285538043,-0.2160456844350196,-0.19677627194395728,-0.4749036566307382,-0.4859782038972884,-0.24964306016890794,-0.380854444995834,-0.7205596802566275,-0.3083668697692773,-0.2299900268482969,-0.8869809327179395,-0.31946510927166244,-0.3113872504617658,-0.7429843953946231,0.05677332048270055,-0.3900959760375053,-0.9759568320711423,-0.22981638939739885,-0.4824974775835087,-0.9254607986552675,-0.32667804482083984,-0.5135559107282188,-0.7619203104839481,-0.3154344502499539,0.10306718374149387,-0.7139683387726516,0.05805874259872245,0.07499374958826403,-0.9999981316580111,-0.22612798713390037,-0.19575360460774954,-0.8379479435856858,-0.20869616709404668,-0.18402792454248326,-0.712694025002221,-0.07682226614809227,0.47849028807391397,-0.626986095128191,-0.009781738777248378,0.3635404597246893,-0.7642050660962038,-0.3315026303869723,0.08495506801568897,-0.5546925365730155,-0.20793396475965087,0.1694519933370188,-0.4570266257925833,-0.01319628743537355,0.8514598678943942,-0.4867242170012048,-0.09526147253872169,0.6405531992388087,-0.615011744028286,-0.28553384636952484,0.4095873640873222,-0.4760249592047543,-0.18924257247565862,0.4683415476351603,-0.3987142147456015,-0.051794923407036356
23,n,0.0,0.0,0.0,-0.31482288359766203,-0.24627194297597155,-0.18815714396380356,-0.2984097675582531,-0.5668388137804755,-0.3025738291366488,0.03381626644681681,-0.7415857461887659,-0.41381262690444814,0.40925014912525104,-0.8327400597809959,-0.5020624299631117,-0.05512088976152545,-0.7846060358681476,-0.15360892533038614,-0.1768321503926278,-0.9531375973245166,-0.48576194988791754,-0.3109640402740398,-0.7890908021615606,-0.6952534456405588,-0.4043854040656551,-0.6183320544742918,-0.7814323616299748,0.28547126987921984,-0.7603944436952569,-0.17682281483860704,0.1985382069428936,-0.9999981252798601,-0.48945362713766544,-0.03509046079199654,-0.8498967910811769,-0.5882457597626333,-0.214676269980403,-0.6777600407047248,-0.5712980139903021,0.5847891648989546,-0.6687537449906898,-0.24172171869497935,0.34246640867623596,-0.7066400471940316,-0.5343112909833008,0.043945793026215915,-0.5157111930022453,-0.5300697870848238,-0.12413226340955225,-0.37596588647369866,-0.44391023040175726,0.8143236047282598,-0.5300037805764718,-0.32855818064810755,0.4821261766823556,-0.49172699585631596,-0.49399716973780167,0.2644614220343511,-0.34963745332254914,-0.4737040352604662,0.19844680196399708,-0.2536078071135712,-0.4114009545853355
23,n,0.0,0.0,0.0,-0.40204733614131893,-0.18454660656184177,-0.1740938994409674,-0.6217455705412238,-0.4950033074686988,-0.2547114806988023,-0.6191397983861158,-0.7456746227973904,-0.3335219631342361,-0.5427388002066018,-0.903955925451515,-0.3612343945493791,-0.34376799317941337,-0.785529170752429,-0.02337531556096396,-0.5246828425201127,-0.966697584973734,-0.2531090759557522,-0.5836512336036778,-0.7535733283301375,-0.32104098413177434,-0.5316019478578778,-0.6452479857572501,-0.3309718010940519,-0.01173497002923696,-0.7768969290060834,-0.024117933323046115,-0.2107874535146235,-0.9999980713531579,-0.28237281403418596,-0.34591980286664786,-0.7190485572500673,-0.27313751148600096,-0.3029476972647382,-0.6270733931589235,-0.18142773840584583,0.27427575426977174,-0.7164339909372506,-0.07401752709238336,-0.009525854621507422,-0.774003651119866,-0.33285791800998416,-0.13778329933693081,-0.4835473364036373,-0.24996065253966765,-0.05167860912446342,-0.3978973558750578,-0.11938372717422231,0.5582903772033324,-0.605168813172628,-0.14238450897760527,0.2064311841502112,-0.6213048280489911,-0.2867082188283478,0.11373754312206842,-0.43438983411202586,-0.24256979524506894,0.2163683524486118,-0.38194015553877514,-0.16573097158968653
23,n,0.0,0.0,0.0,-0.33718242937748943,-0.20804872700725419,-0.07614722011564362,-0.48054241712575285,-0.5050689653919873,-0.12484200018888757,-0.3754957537880691,-0.7504713425198645,-0.19091775677263045,-0.1820624609595,-0.8865799366036008,-0.23836218790165795,-0.3103585749380237,-0.7044276068578925,-0.004905263273282478,-0.3845492144404454,-0.989624391210062,-0.1989857835757327,-0.47892410071901265,-0.8439745015722109,-0.2916003155483512,-0.49185825381936243,-0.6787995159662403,-0.31052690800882277,-0.08399097194156332,-0.6898031858005866,-0.03872756024112571,-0.16083228846713732,-0.9999981034615876,-0.24693617879717555,-0.2938570831951966,-0.8268835497216059,-0.29582714412634975,-0.34113111688823566,-0.6380293258959727,-0.2575477324652827,0.14536513558444383,-0.6387923062387565,-0.10050980730314092,-0.010295515103274469,-0.7476408148817971,-0.309250319074671,-0.11711411960299045,-0.5137462206097707,-0.296907152155827,-0.12513940221139455,-0.33400000044197986,-0.21435515469733157,0.3805661054889439,-0.5498526163245702,-0.16893725056698972,0.18299257463613164,-0.6348198798033515,-0.28931171364749486,0.06619638705982159,-0.4661658982673839,-0.25862078838110986,0.039232416443619744,-0.3240877559294467,-0.1905917563376285
23,n,0.0,0.0,0.0,-0.5238620382099403,-0.152663063986051,-0.11698927994245151,-0.8912643808807128,-0.4589268763366053,-0.170992591672716,-0.941459760436538,-0.7232717647377782,-0.23372647424151663,-0.7239306899788482,-0.8193528220842738,-0.27792771505251074,-0.7366627023794787,-0.6908158773508521,-0.019002077720654376,-0.9056443036352146,-0.9453275591848547,-0.17738831897862384,-0.8211172907242767,-0.8396856103825038,-0.26963463071538624,-0.6960419510570275,-0.7096941075114982,-0.31056516680316265,-0.3701366843852899,-0.7137303310972184,-0.04998257979916206,-0.45125282714748155,-0.9999978904816149,-0.20428178593294355,-0.429588388721046,-0.9353274051911351,-0.2745132299623121,-0.3885904889851629,-0.8443790931927986,-0.29075160983457654,-0.025134970826281522,-0.6774860479368322,-0.11006511892333325,-0.04053424420178415,-0.9187765372060247,-0.3374327004818463,-0.07991158140173932,-0.6957518127126388,-0.343791288193616,-0.09860152026413102,-0.4914880056712035,-0.2853448519243334,0.30275555882251043,-0.5885725078963098,-0.1773650733333719,0.24353942293235015,-0.7410213787427438,-0.4001605791044088,0.16482070934132179,-0.5670860503264212,-0.4046791616169593,0.12604389250227688,-0.39443795540985127,-0.3537243928819638
23,n,0.0,0.0,0.0,-0.4046375614854427,-0.2108819082855927,-0.14563736497879393,-0.5957219884370811,-0.5040354693643282,-0.23914128019806397,-0.5022231869424447,-0.7301038175295128,-0.340218432702295,-0.2805489179833133,-0.8751194143684544,-0.4204973789949233,-0.31192926895871265,-0.7950861157557214,-0.06583077032726055,-0.5846804989729466,-0.9315549381764777,-0.3402762623164899,-0.7205984423716901,-0.7263461069477911,-0.5101905709040135,-0.734513440299624,-0.5310894743728853,-0.5833152680147119,-0.017505399313198233,-0.7987286528454303,-0.0970044944450352,-0.29794335351976436,-0.9999981890435304,-0.3763672846742064,-0.5098407206864356,-0.7811306397963866,-0.45471818137514447,-0.5763435896548981,-0.5886610006394991,-0.4348264132133803,0.24694103395456526,-0.7467287926743861,-0.1659894223282955,-0.1163276016441451,-0.7755107778580956,-0.4459787585128449,-0.26625736642193354,-0.5175769899892025,-0.4341702103536623,-0.26749394329587833,-0.34500386841643027,-0.35076398532570513,0.4616211848239891,-0.6477012317974651,-0.25150043752571655,0.04178390666465491,-0.5983629371178049,-0.4317584752720851,-0.0751727775581695,-0.4028514008864901,-0.42027261797923093,-0.04255352896835834,-0.27874877897085015,-0.363377074837013
23,n,0.0,0.0,0.0,-0.4327395960484438,-0.17741770558155473,-0.09338221779252057,-0.6130851515922273,-0.503010870613214,-0.13566681230277028,-0.47650550932195945,-0.7641991735446216,-0.20436179297936613,-0.2538753028861364,-0.9156094536114902,-0.2518063643189065,-0.2753366928806022,-0.7028198710483121,0.03993307742244047,-0.2634765578702097,-0.9999981081410683,-0.2005802099560719,-0.39527254356716895,-0.9341274040788491,-0.317569266399039,-0.4760827022802919,-0.801523523715927,-0.3369921164017017,0.007561869265423214,-0.6784423585038948,-0.0057241731208282146,0.013907583324983139,-0.9937925874018319,-0.2898049561234672,-0.18246816078416994,-0.8626526320200243,-0.37479100390681086,-0.29465980349711873,-0.6854705741289149,-0.32079083729520125,0.28006864735266934,-0.6170235323729395,-0.08753857652335525,0.05666009030873585,-0.7081632860306986,-0.37584776779292567,-0.10306117567365802,-0.48734784026298505,-0.3864886747899111,-0.1316654618535855,-0.3188191748968219,-0.2797443868888346,0.5483079441521739,-0.5218538339078422,-0.175370234380789,0.2767588107645841,-0.6022798634870965,-0.34544586100898617,0.14928059891186293,-0.4397813433030145,-0.31957389274428083,0.1561948105579189,-0.31382814610064985,-0.23019757823047096
23,n,0.0,0.0,0.0,-0.37785572543219254,-0.15795615250132516,-0.20976864786211677,-0.6761970955250004,-0.4614867954748911,-0.3459614230187544,-0.8225657697791617,-0.7373865937725589,-0.4725011237430423,-0.8238606479023854,-0.9264491701753128,-0.5524504263665939,-0.1899770705211863,-0.8754544648316457,-0.13937513774951846,-0.48063172848866453,-0.9999977256647857,-0.3386102242262323,-0.5073147988347345,-0.7298205986665688,-0.4159362192700559,-0.3911007751043686,-0.6303739723590888,-0.445844521671005,0.03788941900325856,-0.9009473101021396,-0.12316754771144559,-0.32495069528613146,-0.9295042054668222,-0.29431670295556706,-0.32552127129331826,-0.5974300198814146,-0.27388014528119115,-0.14723287526290826,-0.5655712327488416,-0.2266995826170697,0.2551103754898381,-0.8811532435149724,-0.15003270182103495,-0.11641173936507296,-0.8730763192165167,-0.3118081652628404,-0.13377194478972368,-0.5675327995875189,-0.24186954683808154,0.03829013714943203,-0.5190827086964304,-0.16707694857884064,0.4661685959672186,-0.8273259244962824,-0.20456376852784788,0.13981687833984802,-0.8540878913109156,-0.30320770460426233,0.07751117129134487,-0.6337015868158277,-0.2585137532544265,0.18400147639317552,-0.5606591819955954,-0.19682105278812784
23,n,0.0,0.0,0.0,-0.44483467276031075,-0.24928683625756012,-0.03311529091756087,-0.5526212453116651,-0.5323289875460522,-0.04386178819059409,-0.4990952073188812,-0.7355487534956321,-0.10462586664595933,-0.3555380132314655,-0.8714351514595771,-0.14432635776076974,0.03599908922222091,-0.6986776234636458,0.17291519101379257,-0.09670524583888813,-0.9652499075869851,-0.0660407653354931,-0.4271203135179893,-0.9447469547060638,-0.18843897330077408,-0.6465002917823262,-0.8507481365622751,-0.22181058110276355,0.2628642561527042,-0.686754340525116,0.0806091394108704,0.005570078248859291,-0.9999982714535649,-0.2132944159044788,-0.4191838560963168,-0.9128369219191182,-0.2928464907436839,-0.6245644060585154,-0.7903843981440076,-0.2370944253731131,0.43522306038519126,-0.6433393499057192,-0.05483283481306117,-0.1936632227867501,-0.7504780736135238,-0.32802567203063626,-0.37451345228375005,-0.5533830446674549,-0.3361529398941431,-0.25963613910974953,-0.4155979179602247,-0.2514404960788969,0.5409876810353588,-0.5786249376577769,-0.19974789194953185,-0.09062032969702347,-0.6302738830804858,-0.3508895950410682,-0.20944603842308424,-0.47293485877578817,-0.332074366699935,-0.06055903063883819,-0.3732999205401511,-0.26573023546228713
23,n,0.0,0.0,0.0,-0.422923575448569,-0.1866058331202894,-0.1240425956458927,-0.6674547595154386,-0.5009300378954797,-0.18844391057832538,-0.589252529304029,-0.7667921397306391,-0.27444301928181564,-0.34874131716319107,-0.9138010940082752,-0.32234565627581524,-0.5229381153253626,-0.7262365685364943,0.05611285795300521,-0.589115906192191,-0.9912745295154447,-0.22192329278485598,-0.6354424832059402,-0.8524868373288957,-0.35631309839522834,-0.60038089090751,-0.7139062550074872,-0.3927188590957228,-0.2199168058484578,-0.7241558368681067,0.013360983972655272,-0.2803479323902092,-0.9999982622020789,-0.24153419911749205,-0.38939513477248244,-0.7963468573202965,-0.2733140659446654,-0.35470700314860276,-0.6874092434538115,-0.21375383405526086,0.10296027503794833,-0.6750975744738043,-0.0823317551105406,0.0014085956769416164,-0.8388721215354518,-0.357554359244896,-0.1321618855857134,-0.5903980296784167,-0.27553017775495775,-0.07346739520247386,-0.5009111343944104,-0.1357380363862467,0.4356863389335458,-0.5844810784724741,-0.19132150250240618,0.25637912168091853,-0.7146248470001912,-0.33061342615857436,0.12825823492927554,-0.5368489687054215,-0.23430511188047534,0.184804355363589,-0.4579752239875326,-0.11747743561972067
23,n,0.0,0.0,0.0,-0.340543862675617,-0.23965641522200093,-0.17678362471068698,-0.3507031569471021,-0.5461561703689616,-0.2593838041622287,-0.042489787734503515,-0.7523700178959749,-0.3418355157620415,0.3062549241179935,-0.8711738049476876,-0.3958185739251336,-0.10014330535291989,-0.7471284196813325,-0.05147137471738398,-0.11437047148735899,-0.952658126738167,-0.2904975823778897,-0.21067524679993757,-0.8304923439668583,-0.4220631042900574,-0.3076441789672834,-0.6764145048333766,-0.46316076786327415,0.2618796175194589,-0.714236658321167,-0.06288229208284268,0.2995509924706379,-0.999998295962225,-0.2932920637335137,0.11228841744761679,-0.8865512604871508,-0.3674398848459767,-0.05489359496746197,-0.7341504961275953,-0.3475981353294508,0.5899914876849806,-0.6304778862343094,-0.11342737489074176,0.46790160202480896,-0.7385511066136137,-0.3763583413356178,0.18566926892411695,-0.5585125450814772,-0.3682611682727466,0.027964924132359445,-0.40475388516746413,-0.28011714794551734,0.8812098965483005,-0.49921453080676215,-0.17994460354158562,0.6920983673451016,-0.5908218107141474,-0.35460245601151724,0.43170804971269766,-0.46256833817911786,-0.31812303896967015,0.30117883188207,-0.35080888982457764,-0.23696269551341523
23,n,0.0,0.0,0.0,-0.35525373006110994,-0.15082104415155898,-0.1258463241160303,-0.5802809084095404,-0.4315587202179989,-0.18809449432681788,-0.5472883020714479,-0.6932222466815332,-0.2608550067072143,-0.44641831693262846,-0.8737252387080164,-0.3145960882620613,-0.37847426399142553,-0.707952461077015,-0.013607889707584836,-0.4882787563871462,-0.9197306255472616,-0.21773408113145698,-0.5569111048733488,-0.8036519240996307,-0.32787306504485,-0.5846142102411123,-0.6514780846288973,-0.35826948956045224,-0.1247919195314007,-0.7288871065877366,-0.025716138140314253,-0.23385471959203355,-0.9999980713681786,-0.23854328154598123,-0.3424656299178198,-0.8605785926265461,-0.3091321137112023,-0.40689043779603795,-0.7007572867209269,-0.28433166130128923,0.13144473424134126,-0.7096709870477831,-0.0710397208231286,-0.12218369612922972,-0.7507333485363449,-0.2999134079305223,-0.22831978881150425,-0.4930769953931234,-0.321125498334414,-0.2429618324039773,-0.3083491619687562,-0.2560502727203114,0.3825955305607424,-0.6331801139854637,-0.12752404091461042,0.08047143420414908,-0.6421464064145056,-0.27831026794496827,-0.01985032856237746,-0.45665256758485984,-0.27762645566113847,-0.01874756126998792,-0.31807979294956484,-0.2230653827644249
23,n,0.0,0.0,0.0,-0.46233148609643543,-0.1327840075096878,-0.19881306518511815,-0.7455897685289511,-0.4285601019105751,-0.27304870428405736,-0.6660670210139693,-0.6966532491020179,-0.3372533800533142,-0.44770401428430767,-0.8638520921317967,-0.3669061223392919,-0.750277186286822,-0.6772786191510254,-0.06953695581734967,-0.783884990242305,-0.9247682801423545,-0.35215044586265876,-0.6716214648116902,-0.8350822708925214,-0.51159684515071,-0.6012558787399251,-0.6921612015882291,-0.5682807546671033,-0.3980380185038205,-0.6881641861350958,-0.07421151358299811,-0.4087948444021952,-0.9999981053359625,-0.31428591389980676,-0.35330754939811077,-0.8315809650847051,-0.3696835418670119,-0.34539448985890014,-0.699830895303164,-0.34102597382000116,-0.04571370091501664,-0.6460037956506699,-0.12777108022495434,-0.00038509394931794135,-0.820240710560036,-0.420256541182381,-0.0708325548343544,-0.5708009891454415,-0.3539848651703518,-0.1323869428980157,-0.4612202472514828,-0.22541523662668578,0.30144047630994575,-0.5555270451008004,-0.19684166084501378,0.30473557051909494,-0.7016279627563888,-0.3790078973254678,0.18835080578072821,-0.5158891329151839,-0.2949308774386109,0.1118153596423836,-0.4237056595336305,-0.18636450801569646
23,n,0.0,0.0,0.0,-0.336039401256054,-0.14191199700169843,0.00030332184134693765,-0.5216831257638306,-0.41127415992960437,0.008379983000772693,-0.6083059610710064,-0.6001648147625643,-0.02109437757800787,-0.7283369972362151,-0.7061431684368514,-0.03395425830341222,-0.19045757936200564,-0.7702208299792209,0.15181019147139418,-0.3724468404067021,-0.9877487135822064,-0.0029746208434996684,-0.5501249736017272,-0.8813223818596887,-0.08698508429295487,-0.6109033643467163,-0.755692442500813,-0.11622121788808175,0.0016218497159189713,-0.7783835351578047,0.07059863256978559,-0.26323691783650144,-0.9999980288947079,-0.11228521144170021,-0.4496774981303057,-0.8350189807376339,-0.16608554076792534,-0.4768211730219858,-0.7106074993746143,-0.1334724040187015,0.17641141740129046,-0.7417994248846739,-0.03903153743792013,-0.24245921896222233,-0.7339583404527544,-0.20804148117605084,-0.2973326527984538,-0.5036436383716091,-0.2093463949406564,-0.19412276351664118,-0.3917573318692803,-0.15536501075711387,0.31175071995499215,-0.6625160631316518,-0.15723681413094276,-0.110897359421033,-0.6052763817527013,-0.2555121600061935,-0.16164646978647756,-0.4249595779624171,-0.2460264921179059,-0.05979790272990695,-0.3402583017865906,-0.20354139012330502
23,n,0.0,0.0,0.0,-0.35518292607601776,-0.2250092095062486,-0.04389566821169237,-0.486401333583336,-0.5138852123963289,-0.06983647686239218,-0.36745042795783706,-0.7374068179345469,-0.1267795008086558,-0.14751785198612524,-0.8723472973255122,-0.16742043295344203,-0.3720141315615788,-0.7007664942928764,0.0783244831599123,-0.4034668765220059,-0.9480586333566164,-0.1328904146046017,-0.48310043478881953,-0.9416288926038859,-0.24262588156996354,-0.5137518128501048,-0.8431738014979209,-0.27354814134179106,-0.12288884594087043,-0.6982782916627128,0.008844477426484294,-0.09610452373829818,-0.9999982876258597,-0.22684342412368252,-0.2632754868366129,-0.8901276094524946,-0.2885584736410291,-0.3286916848198743,-0.7473557499680117,-0.24914319448081204,0.12986808157270108,-0.6434067307255688,-0.09276406457512047,0.018015470929201423,-0.8188500987370141,-0.3265801766311949,-0.1114883390440553,-0.6125967939840545,-0.28976774512049575,-0.06706792319867406,-0.4791492259646422,-0.18711514849564648,0.3821653062888791,-0.53843486255238,-0.19999358865888184,0.1982458107214085,-0.6663693141302722,-0.3254951443236037,0.09587365168507793,-0.5273440732707271,-0.26653698473973736,0.15958749998856014,-0.4361870192370142,-0.18194289239043743
23,n,0.0,0.0,0.0,-0.40973732833357784,-0.1677795555025888,-0.15279933119346664,-0.6032377679816122,-0.4509414224481601,-0.21051479264786893,-0.48556200056469345,-0.6827723562920113,-0.2676695076244179,-0.33060917062003004,-0.8436638738892234,-0.2812340437177196,-0.5204859749595667,-0.7155866401895615,-0.018756877391699178,-0.5366381226764774,-0.9525598922658011,-0.27839536447499436,-0.5969683286485782,-0.843332703370045,-0.38166658862211,-0.6065504155604569,-0.6887007038643232,-0.3952176171675581,-0.1711330398540141,-0.7102314733688054,-0.033638427214235524,-0.18710670993281237,-0.999998243263194,-0.27198810103450044,-0.31801573821418105,-0.8309052357963509,-0.2829354450214906,-0.29950819875158685,-0.7063756443598008,-0.21041344677283932,0.17005542025141332,-0.6472861433064404,-0.09749375632533765,0.09151730154682,-0.7975228495663991,-0.36871109634346383,-0.07563692778691763,-0.5762608913051268,-0.28810702960756174,-0.02944059057918113,-0.48192946493396666,-0.1531411820993201,0.5099654276008816,-0.5339609057499558,-0.17295946416337243,0.32863717334307524,-0.6697437504839947,-0.33601285694133043,0.17802696767851303,-0.5056756817057887,-0.2577283450654306,0.22920518172174867,-0.42506441617984836,-0.15350588589136777
23,n,0.0,0.0,0.0,-0.33356399920232327,-0.14813938249558065,-0.1495882015309835,-0.5120783511638025,-0.4370837982773337,-0.2208148436968173,-0.45942872520350864,-0.6951084212911948,-0.28557940250606345,-0.3345580608930133,-0.8859463231184406,-0.3268987910254431,-0.47645134928947386,-0.7310165048926421,-0.09488995566278778,-0.6806412218637343,-0.8869144280997528,-0.2886514459596707,-0.7059928455586704,-0.6854670825674716,-0.38911705016370796,-0.6686583738781731,-0.5224305290915607,-0.4276729857166409,-0.24017406017722415,-0.778289987910388,-0.09728803449537314,-0.44570592138581505,-0.9999982042007427,-0.3009311905334253,-0.5333872039933871,-0.7823784104728514,-0.34943903549981303,-0.5522777478127682,-0.6127860485119034,-0.32855929791928373,-0.0032442140393157412,-0.7588970613468211,-0.12864759948088722,-0.22384520273799172,-0.8143890540219694,-0.34407530896257554,-0.31037170613268455,-0.5435281959928874,-0.3268421679357075,-0.319028081393747,-0.3774382771903237,-0.2563173068851206,0.21903116973069273,-0.687066444017056,-0.17416199362814486,-0.039532335977448374,-0.644895675430082,-0.3251715191935636,-0.09356649816785707,-0.45151808352692313,-0.3202614731210606,-0.0593690419928943,-0.3440962685260743,-0.27715730661675697
23,n,0.0,0.0,0.0,-0.3557026537017324,-0.21692953893332784,-0.1788278238151998,-0.3931973339843349,-0.5168248934522528,-0.27271275900548053,-0.1678536749741701,-0.7408350041095592,-0.37598065066573844,0.06630687157641817,-0.8805831640452935,-0.4402982791633624,-0.0984584734776264,-0.7100527580606298,-0.11983582490254095,0.004607445687768533,-0.9999982040354194,-0.4324345187469014,-0.11217199642086935,-0.8657111962385109,-0.5683427391801296,-0.21886737229135458,-0.7024597483703552,-0.588556045841055,0.25135756648155266,-0.6593599901403443,-0.13757644709955866,0.3412280742050359,-0.9601307282960744,-0.463184998352025,0.13465016756307924,-0.7777829108341193,-0.5158608808627883,-0.013304600229382306,-0.5987245661664637,-0.44440781862787326,0.5645220348739319,-0.562908235299899,-0.20061565687721386,0.4567127727994999,-0.676113082716759,-0.5326489780798921,0.18951014696674798,-0.45845139014430814,-0.48905904783240267,0.04641759869948645,-0.3091010397810086,-0.34574036102246297,0.8503053808992616,-0.43140655853788495,-0.2782324127838678,0.6968741531281621,-0.5288343755000532,-0.45995445538861046,0.44748107491451883,-0.40555375805193167,-0.3981422010862412,0.2972313086763876,-0.30887549000140013,-0.2866495301999686
23,n,0.0,0.0,0.0,-0.43008126402780206,-0.1861533401202857,-0.09543598945983775,-0.6214354894447492,-0.5082001814531899,-0.13834358831395827,-0.4924605728712225,-0.7697361961750462,-0.2021314690873012,-0.25147578255373765,-0.901255363190156,-0.24017988973091525,-0.30641056569341013,-0.7065096471558516,0.02351864123761697,-0.33400574604357386,-0.9926948132915194,-0.2074351391783461,-0.4666628684931789,-0.885047551808995,-0.31774053940942604,-0.5226172633002595,-0.7365143178479746,-0.33750282410665483,-0.029782881541928673,-0.6889488376280297,-0.015899132394222915,-0.050897995724867674,-0.9999981135591993,-0.2817488828395028,-0.23431756671527995,-0.8528715400373267,-0.35881392231432835,-0.3263184610114256,-0.6744141990983097,-0.3065182332908594,0.2333834099295691,-0.6323767501991024,-0.08894475653216759,0.002565164399472168,-0.7306489646258006,-0.35347051851431005,-0.13347810773738408,-0.503509439312134,-0.3604241846311513,-0.1445780222260462,-0.3322779270441003,-0.26123192471828566,0.4965991752799442,-0.5365393814772882,-0.16930709651091388,0.20548171641163362,-0.6048983394471527,-0.3321692307519367,0.09004729450397746,-0.44694005045841817,-0.31591503760932826,0.10293181051218821,-0.3229019523530452,-0.2369386479104894
23,n,0.0,0.0,0.0,-0.4306304987530511,-0.11172641393640549,-0.1449422202983198,-0.7376464365672868,-0.40299232913393895,-0.2080341591726635,-0.8046875229106909,-0.6787923688522473,-0.2735330474501419,-0.7985385066998196,-0.8944399694950271,-0.30810274028951057,-0.5083213236012696,-0.7173862044961614,-0.0012625423885982859,-0.6739557877151119,-0.9378746621793916,-0.2701841800171611,-0.7669779975211021,-0.7941072010237553,-0.39863811145191513,-0.7710060988767634,-0.6760975475989823,-0.4303487449235813,-0.2348000062948891,-0.7528999867225283,-0.023761101407738364,-0.43816076535663345,-0.9999977581952029,-0.3024446178224936,-0.5834360503242026,-0.7742128927410057,-0.35747158504316956,-0.5742107889221739,-0.657913801075185,-0.29435310550332794,0.03602314920876166,-0.7294809978884648,-0.09063912509254786,-0.25903856553465,-0.7520124027297275,-0.3539746310524136,-0.33532582511973247,-0.45747228137975177,-0.3059509921627403,-0.23019592740050468,-0.3638761651757066,-0.18179975524965522,0.32009038074259016,-0.6607764515335622,-0.17241924181124937,-0.03925820412147624,-0.6204873538472445,-0.3308119625787852,-0.08947006993807559,-0.40815661817357257,-0.2790050846092214,0.03495123369649234,-0.3501397589654046,-0.17750623053626718
23,n,0.0,0.0,0.0,-0.4100389795932712,-0.18202979391680071,-0.22306173959520717,-0.5234294198800366,-0.5271649198967276,-0.32899745427395044,-0.26855270859625924,-0.7627657862667897,-0.41574793991894354,0.13303224147397993,-0.8826774384767464,-0.47410760772093785,-0.30419770475752855,-0.7689652433159796,-0.16509658734969831,-0.3973132521501027,-0.9144938346708837,-0.45836390025428936,-0.5089370817343218,-0.7272226219400584,-0.6105062313938676,-0.594033266772223,-0.5343939564107879,-0.6608082068809976,0.07181137613296427,-0.7420011852244833,-0.16746467431680123,0.017646716220778763,-0.9999979793557852,-0.4815476547306935,-0.18796747510275197,-0.7867209876481901,-0.5483720109763071,-0.3023488336847996,-0.5781126934876928,-0.5056125767522642,0.4429651079263,-0.6539246575945546,-0.21205283606025965,0.42784955413562165,-0.7976820314253026,-0.5570109757825242,0.126532467831744,-0.5397755069095965,-0.5024723804613715,-0.03796562985479689,-0.3479582344383184,-0.36385823691347485,0.7931419635639371,-0.5220762187245649,-0.27112701286094876,0.7218029522506746,-0.6534447050686719,-0.5375555551558626,0.4500202293971043,-0.4706484323878268,-0.4896586717584397,0.3210375346678554,-0.32992514740122053,-0.38056380657832417
23,n,0.0,0.0,0.0,-0.3257815446793805,-0.25450689508429514,-0.1454362992765726,-0.4121430853313046,-0.5598575446306412,-0.23340629565391477,-0.33219829442440185,-0.7940608509456251,-0.35708294338880303,-0.130233667777798,-0.9262632604719565,-0.44954787243231037,-0.11399550513598446,-0.7413377236963302,0.06296227619948937,-0.07273329102200268,-0.9999982208693358,-0.2797423125823122,-0.19147725459597367,-0.9971475339308848,-0.4698262226222245,-0.29576651110922136,-0.8857615706512132,-0.5276698122444843,0.24723357128431744,-0.7004763045858405,-0.0016254941552053797,0.3477304131098057,-0.998268158669449,-0.3739938520293344,0.060774605232531045,-0.9158562170931468,-0.4946445478589715,-0.08094733514900211,-0.7760029655203945,-0.4477159545369998,0.5666794372016558,-0.6038210290512652,-0.12313801437928501,0.3557896853602085,-0.7033853689947035,-0.46963099478747683,0.060477680769036424,-0.541921292190992,-0.4481366328751009,0.04440606093790799,-0.4304329429936404,-0.3104787135320864,0.8314269388985268,-0.4638242728248615,-0.261331511223328,0.5482757408209051,-0.5365933538491604,-0.402968987199442,0.3190777326048306,-0.4284394133546277,-0.32337963078201004,0.33744187440526563,-0.35517733167647647,-0.2040403204031759
23,n,0.0,0.0,0.0,-0.4005300397669433,-0.22398981288189396,-0.15227059911413632,-0.44183660099979266,-0.5357778904796903,-0.22789862638594371,-0.20481585537110272,-0.7728644235151693,-0.31811707744094947,0.023218263474163347,-0.9454844078699381,-0.38531768484871404,0.012456493641335385,-0.7055638505232346,-0.06328603192078083,0.13076548327326826,-0.9999981260958679,-0.3468227254790198,-0.0038339873097492775,-0.8893868215252093,-0.49597394600890166,-0.14270997441422809,-0.7412931140131188,-0.5315875509933019,0.355998666974137,-0.6315942885931622,-0.10068087422518436,0.466943041234176,-0.9567798207974801,-0.392931516097345,0.2383382808587139,-0.8220674561203845,-0.48566710335409063,0.046569888856147025,-0.6550984871460693,-0.4459716075805381,0.6462428767092729,-0.5164786688318634,-0.17494724737786477,0.5075593373159956,-0.6574076362937055,-0.5036340462443958,0.17647142375672661,-0.4571980163317404,-0.4945065182493175,-0.012779064152043185,-0.29445035942081266,-0.36928094335666695,0.8984571625045388,-0.3658435457673527,-0.25646696136251773,0.6848519308769894,-0.4925634944499573,-0.4815078090455753,0.38459876475853044,-0.3508819369253906,-0.4318896958792736,0.2125920608856414,-0.21868783934560984,-0.3137558973297664
23,n,0.0,0.0,0.0,0.2922033263440171,-0.07385110177564375,-0.02528246801190924,0.5237868770581736,-0.31681995955309844,-0.020366280253229944,0.5192338602093821,-0.5998391125535558,-0.030474332817265054,0.3775145088134164,-0.7467141177910519,-0.04219541307708036,0.4564598346473691,-0.6448768810569796,0.036520944810592364,0.5230095679029673,-0.9046035673105576,-0.04760123024386187,0.5209183105469558,-0.866888445353853,-0.10668454376085788,0.4845807304413972,-0.7434788960179444,-0.13259746110269716,0.2880967874108513,-0.695455351534338,-0.005154387382867257,0.35050704286713363,-0.9999959662593271,-0.10718530619015487,0.34750215272739676,-0.8472576024174332,-0.16245422913209356,0.31917809385382967,-0.663471231643231,-0.1717742602716674,0.1121421730306152,-0.6865963593328805,-0.05964228671888038,0.12755996668566133,-0.8537171064132117,-0.18415009253570278,0.11959885912389406,-0.6126730084384185,-0.2165119274539763,0.11533051101613694,-0.4319433403999776,-0.20075152150503317,-0.07159034149528322,-0.6410383010020932,-0.11389185168205919,-0.04425997848885748,-0.8008421718480235,-0.1931547400426314,-0.03477550847506808,-0.6347956645776095,-0.19138012857508477,-0.02454306172702348,-0.49562763273019705,-0.17030349181212945
23,n,0.0,0.0,0.0,-0.3091508972413107,-0.22897024881741337,-0.13080546046210548,-0.3627786179905047,-0.5310255918979236,-0.18619855069162716,-0.21878713258321614,-0.7499378299273664,-0.2505258921710855,-0.04082535188243859,-0.8834418483882545,-0.2851950423045157,-0.10580916521549455,-0.7480711207893348,-0.053099569074635485,-0.008859822267343925,-0.9999982189893134,-0.3062915519396083,-0.11388634861792124,-0.940942795536278,-0.4238270836434519,-0.2340883726009678,-0.7871215358360438,-0.4514647450694526,0.22402324932687306,-0.7018425087393244,-0.0852206544671752,0.30293320433428217,-0.9950747066264588,-0.326073047815574,0.11309574801480544,-0.8724699627507272,-0.37122223393975257,0.030288256767933938,-0.7298630501552934,-0.3351160962179939,0.5319098225422544,-0.5943226313762353,-0.15540027824425792,0.4874017951952048,-0.7545303728333073,-0.41363974768800943,0.2401608434032548,-0.5788418807012338,-0.36515422171085676,0.1892355489116665,-0.4616519415134617,-0.2641351832042638,0.8033306793997032,-0.43954739620505107,-0.23582677187416273,0.7010338084513706,-0.5907717492179376,-0.389905514187738,0.45669751106726947,-0.4715051763949658,-0.32333808458786356,0.3900285693053635,-0.38206162943785943,-0.23630784663524632
23,n,0.0,0.0,0.0,-0.38457890889044066,-0.1993574754429926,-0.07357902785008176,-0.5231044137811204,-0.5296600578885381,-0.08793339573983655,-0.403702495422594,-0.7723781954349586,-0.13274457742388768,-0.18529681911989643,-0.9157799766441651,-0.16145412136883946,-0.14852406308833885,-0.7120239476388388,0.14289299948899115,-0.2141866001217676,-0.9525125183633188,-0.04625581494550651,-0.37825840860008536,-0.8534851943148531,-0.1480939505244243,-0.4392176813728535,-0.7125683278807046,-0.17952807878797272,0.09655359428312782,-0.7035806230181488,0.09702802663989259,0.03407736264873322,-0.9999978305974101,-0.11042320146176654,-0.2040685627451337,-0.8740119176877535,-0.16752313673689104,-0.2696588821146475,-0.7279201739674943,-0.12875828521692892,0.3609368370443312,-0.6490215679749546,0.009188169134414783,0.18008234172711796,-0.8378831078805407,-0.22329959603890606,-0.05407486696346361,-0.6192931052037862,-0.21442209261604872,-0.052141217999838965,-0.4516122884735462,-0.12852313331821208,0.6469270617617144,-0.5386006305425047,-0.08691433952549486,0.3429373763156599,-0.67599127719263,-0.2515374461418636,0.14383799658828822,-0.5145958540459361,-0.23542977140691101,0.16276303303460193,-0.3809128118316814,-0.16803253957841835
23,n,0.0,0.0,0.0,-0.37673367554695125,-0.1398581373344947,-0.09298157997601948,-0.6014433423243215,-0.4474021198921609,-0.1359015481762192,-0.5694411948511292,-0.7121091044773942,-0.19168674060525223,-0.45234511944987066,-0.9065489589259219,-0.22927196736747782,-0.4184227177081751,-0.6912797182275741,0.012221642619811329,-0.5086449413494215,-0.9061756531991021,-0.20014130732277038,-0.5534209463089881,-0.777504537595877,-0.3250617887527145,-0.5576565281979771,-0.623942142619164,-0.3674066936809581,-0.16598037289602374,-0.7128899652692399,-0.02228036359680457,-0.28290019686140855,-0.9999979767304756,-0.2222377984899531,-0.37289973950618494,-0.8906288655787813,-0.29149475404397207,-0.39532814173350006,-0.7767643780422163,-0.27764514775783533,0.09373477064567776,-0.6839871417111725,-0.0883493946699829,-0.07834934082296148,-0.8431723976686114,-0.31129590642097765,-0.17010066475922056,-0.5614296837230538,-0.2846878789699116,-0.164590681879061,-0.3653976269857939,-0.1923705063322277,0.38195271994675134,-0.601739526742047,-0.16204048631993673,0.12293920545322869,-0.6912417907033986,-0.3193190852373327,0.036236583697699075,-0.4954285558822475,-0.27991335238922244,0.06011398015346573,-0.36112538383337306,-0.19707477051618338
23,n,0.0,0.0,0.0,-0.35375216959716177,-0.16307666208799523,-0.14916929117522496,-0.5626065654294747,-0.48598515012968435,-0.2185800112112991,-0.539887974761266,-0.7507609247715092,-0.30393281969163366,-0.4668018070479596,-0.9503101970106805,-0.3606162113045469,-0.25266360355136797,-0.7617301189580081,-0.0011737804189854992,-0.4055598467798743,-0.9999981074788649,-0.24989849490453372,-0.5164922273840061,-0.8525616164718491,-0.3812105231362282,-0.5588231511330269,-0.7036368302241132,-0.41850972583692103,-0.011832024715822845,-0.768108567419327,-0.015019481902737645,-0.1983258103590498,-0.9993880403837915,-0.2812501567948447,-0.3374693313396636,-0.8394992488898559,-0.372484586803227,-0.40179769585834846,-0.7211217541837608,-0.35391289005927545,0.22284795259192025,-0.7399770095946084,-0.07327320653701934,-0.11249803053637834,-0.7761414982147544,-0.34824814649520236,-0.20986691600896512,-0.49586731772501685,-0.3821855080979984,-0.18961459482407142,-0.31379631406554426,-0.3173144481058428,0.452659575868474,-0.6619232775676521,-0.14661519041711651,0.1069794797250839,-0.6688603267324895,-0.3311046491670923,0.021771891071221895,-0.4756417872644942,-0.3535610009448518,0.05582278894382639,-0.34574608592763045,-0.31066341107423867
23,n,0.0,0.0,0.0,-0.3892383840369301,-0.1846641450808307,-0.08606385047191997,-0.5648877303483768,-0.4460874128653619,-0.13034671768049746,-0.49646293610685394,-0.6749242096855109,-0.20383620205008787,-0.38248779676027267,-0.8541167077949681,-0.25057042661819406,-0.434764261307813,-0.6933910319908302,0.08624576735543459,-0.5324295501902123,-0.9495553962135255,-0.1850338838563435,-0.6259383932959083,-0.9328894395681671,-0.3187594424171042,-0.6668603499848953,-0.7914341395018502,-0.34799453649998696,-0.10061823684252673,-0.6888041396989351,0.014505857121798554,-0.12130507423739972,-0.9999981508912656,-0.27517396359026436,-0.30721200894959727,-0.8575567805753539,-0.3303715238273161,-0.32919277595357344,-0.708524938505751,-0.2596084257438572,0.21252639527862074,-0.619704496139138,-0.10371709662550195,0.09222025894685189,-0.7854744584325968,-0.3942529057795665,-0.08949562233129493,-0.5698616993683103,-0.3076449011889956,-0.03136434673350147,-0.45595511404360833,-0.14941878823525376,0.533191800375609,-0.4981135229744799,-0.23222437291331555,0.3224646726326449,-0.6136787408960638,-0.39940873032377777,0.16346993077322294,-0.46886046377010787,-0.30813001457694,0.21409233666585561,-0.3953443210338904,-0.18142638000121927
23,n,0.0,0.0,0.0,-0.4019049581669951,-0.19938419303700583,-0.1911482165674456,-0.5299839858514493,-0.5203074572336628,-0.3080963290666085,-0.3091062436752569,-0.7118264489605058,-0.4143702192066737,0.05203439926597583,-0.7895755068705085,-0.4925643581315794,-0.49605202581296415,-0.7204251248816204,-0.22309772635226513,-0.5564881324095271,-0.9149875348902744,-0.4951677665617309,-0.5717414999238297,-0.726596039026746,-0.6372904011926287,-0.5961163341881718,-0.5106943757832755,-0.6844945174691344,-0.1209178536623177,-0.7422029472967204,-0.22916403334877902,-0.14492041844309997,-0.9999980663636111,-0.4867378796990291,-0.2484137552006201,-0.7797376806854645,-0.5443941820621625,-0.34892628525433045,-0.5570448078292155,-0.5146004064841145,0.26603449154682957,-0.7030669941138291,-0.26366478485322487,0.2576527807349414,-0.784264788790568,-0.5245600558407136,0.09740575104478266,-0.5331085715585845,-0.4884665700965253,-0.02118605224069209,-0.34654226226131707,-0.3899697121784113,0.6145175686590458,-0.6147365507081985,-0.3132054972210458,0.5538829375468693,-0.6619259721366689,-0.46981511982106666,0.39265798012667824,-0.48017236963808446,-0.41118388632436303,0.2905163388809812,-0.3384389467861281,-0.3235443312838095
23,n,0.0,0.0,0.0,-0.4513166368711381,-0.177370975571789,-0.1635598218329392,-0.6673296210284809,-0.48761466310948803,-0.25115233995431735,-0.6284064040923403,-0.7562227487988665,-0.3566187327952211,-0.4649269528191878,-0.9398975296303042,-0.42960340231553845,-0.44541114936191667,-0.6939765093865536,-0.004010746149626771,-0.4530149334442629,-0.9754490219951673,-0.3159646966850902,-0.5282607367897518,-0.8821724363993393,-0.47701602739966187,-0.573626568810442,-0.7200277294877404,-0.5090978348765026,-0.13911553734893606,-0.6765142838801377,-0.030844283746728988,-0.14123169326973237,-0.9999981184872427,-0.3611286642866154,-0.2862058407238838,-0.8507371277615993,-0.45553493363819536,-0.3635999861503359,-0.6591135709481173,-0.40207360945414294,0.16071334799609477,-0.6209432522220123,-0.10672915619922438,0.008211508130932356,-0.7159007796582619,-0.4490214977865888,-0.12101973793359096,-0.47064324850889183,-0.44018415388279525,-0.14479588995733875,-0.2905138517226633,-0.3067417917406916,0.450754836977912,-0.5333947097036147,-0.19490050652419563,0.2349776977502936,-0.6073318148049672,-0.38749423214720186,0.11104987856483217,-0.43344378549207074,-0.3385019899463877,0.09368606196275917,-0.3002035681363809,-0.22691550248563772
23,n,0.0,0.0,0.0,-0.3243930261380418,-0.2454709072904362,-0.16875758438612126,-0.3354349981556087,-0.5471654339955426,-0.26772039264144076,-0.07116378316117192,-0.7569647965995842,-0.3796953628313083,0.23157291692482987,-0.8709580035187972,-0.45761167828721466,0.009845117938572307,-0.7256243114599681,-0.08280417784295538,0.16875555918611201,-0.9999981839667718,-0.39739442298297356,0.03490566415497333,-0.8428451113713074,-0.55635852620118,-0.09477153232401178,-0.6787236408532678,-0.5914262316473041,0.3350732466559252,-0.6532442985410334,-0.10533348511446822,0.5119045671038215,-0.9459762748876599,-0.41839757758469487,0.2884246222392348,-0.7759218957599855,-0.49348049769179403,0.10000664588795262,-0.6102528064308376,-0.4393713980582253,0.6100722554130422,-0.5471105001576942,-0.1712977737580382,0.5239405439154019,-0.6546149383868567,-0.49782411354436656,0.22278902331387473,-0.44436798677886813,-0.4778265187853096,0.045603203715331136,-0.29719704198455066,-0.348282705994381,0.8350886158331366,-0.41685712078438986,-0.24927163443866612,0.659456963808637,-0.5015295947095488,-0.4397198896660143,0.4215063094926196,-0.3612842102686864,-0.3905569732581069,0.292055343005956,-0.24407759032337295,-0.2827712358937552
23,n,0.0,0.0,0.0,-0.47401997012384617,-0.09938883082982623,-0.19480393570707236,-0.7754401516195707,-0.4045964993187157,-0.2351291892855432,-0.7429150821881633,-0.6868251625903522,-0.2569110691394649,-0.6577705942500368,-0.8566099523666567,-0.2365608275256269,-0.7593452768749025,-0.6887249671758157,-0.06552565169824978,-0.8641165355590462,-0.9400034490209492,-0.3363261695781778,-0.7306897754512568,-0.8987027370660321,-0.46741609345298263,-0.6414580027803909,-0.7846066891438955,-0.5072391360624589,-0.3740627840540781,-0.7034411703600987,-0.07118542713954543,-0.4033796377231824,-0.9999979763542817,-0.34078812609870784,-0.36312749414467116,-0.8511004527285364,-0.4001964767815082,-0.36056507081756506,-0.7486979037646766,-0.36523590503344217,-0.015960023055734702,-0.6485933819721604,-0.12470919930837576,0.06896674815741402,-0.7950509403899317,-0.43502759452675854,-0.030747150026326303,-0.5495970443407151,-0.36222462942776357,-0.109766500562185,-0.47893807635334273,-0.2250575140776597,0.3405490032682982,-0.5466930892093018,-0.1926101381562114,0.37674256936090905,-0.6365675182295757,-0.40606207293005253,0.2502908862135899,-0.46208221833006813,-0.34444362609668894,0.15678354304395112,-0.4126868166332823,-0.2447735426499836
23,n,0.0,0.0,0.0,-0.43060472167507985,-0.2245331064074696,-0.13299566178497046,-0.5517706653744473,-0.5351697632639859,-0.20200862377396733,-0.45923601686108173,-0.7756969963288672,-0.3054545719184436,-0.19137986484387665,-0.9124076558944859,-0.3528929160915259,-0.13856761412862406,-0.7083382707401524,0.10428603790001317,-0.21234851916199954,-0.9999982701779372,-0.2241230500664225,-0.4576199423579212,-0.8611412133321383,-0.3331107990569535,-0.4710010165608958,-0.7337344268623756,-0.33327566463884417,0.15015893273231884,-0.6856197110712805,0.04853844326769491,0.04124763641781777,-0.9995092669018197,-0.3355922116541807,-0.2924415385939642,-0.7931555294025345,-0.36848011139476206,-0.2479444314576568,-0.6597395780626317,-0.2415596474599477,0.43442647908042625,-0.6138074495574977,-0.07088113610802045,0.0757754795685063,-0.749227770448341,-0.42930360243528715,-0.17182231143491894,-0.5170140828282463,-0.33871236238762575,0.0005751220861700513,-0.430172245950727,-0.1461950384446763,0.704116567373484,-0.511827776615188,-0.20482567032081891,0.2481981739198412,-0.5899634941248132,-0.36073287252191666,0.08681951455201632,-0.43565168090006745,-0.26863005532396916,0.26545802283071723,-0.37163516936374513,-0.12929312003257032
23,n,0.0,0.0,0.0,-0.42628827435426114,-0.12505127885568465,-0.2667657918870371,-0.7874846174390963,-0.42903942540963563,-0.423288542197276,-0.8802759081129385,-0.6921707583630506,-0.5620677664784323,-0.7399472110922003,-0.8656087495761604,-0.6630217623822481,-0.43095441239993565,-0.7993496765253244,-0.20417514342806467,-0.45917745653129016,-0.9950365454047005,-0.5367995424149508,-0.5154629763798643,-0.7919048578513321,-0.7409741149668746,-0.5269151541560456,-0.6108394309780998,-0.8294205912756174,-0.06673604470151318,-0.7762319356406008,-0.19457654051792542,-0.07941771064488774,-0.9999979100923455,-0.49580632663173224,-0.1917627836211353,-0.8052836074607262,-0.6011565835686365,-0.2653448476430746,-0.6450367038586442,-0.603164000165832,0.2742567060480734,-0.7008871692569728,-0.23409170785516517,0.19445370595018374,-0.7832816239735255,-0.5588131107450643,0.03044023358301331,-0.5321262158073318,-0.5418487276859667,-0.05602666712198565,-0.358216297955781,-0.4433524312924529,0.5955158602937002,-0.5746209144297867,-0.29674926501036897,0.47432769056071017,-0.6444479322454487,-0.5464999798313394,0.2806274976726695,-0.4483905352451692,-0.5217299662972084,0.18702258977856143,-0.29833573975814953,-0.4341474950469917
23,n,0.0,0.0,0.0,-0.461502529723176,-0.20769491961517914,-0.10236714161314915,-0.6229248224859381,-0.5185503872333506,-0.1657373354278737,-0.536136011884881,-0.7467422575668486,-0.256991100277113,-0.33493832800947626,-0.8815868533420157,-0.32670238411783753,-0.3732531027947248,-0.6872598010190838,-0.06647255315586602,-0.48107189358509866,-0.9919791830666794,-0.4025740797063377,-0.6046247126932104,-0.9365254606754986,-0.5568656929816278,-0.6378004999900793,-0.791688282212871,-0.5794894230337384,0.005938559213176529,-0.6773824924903228,-0.12650544449937876,-0.0914646651004385,-0.9999981532781478,-0.5048431723808334,-0.32258007962592505,-0.8813782646280166,-0.6062928526362326,-0.44557939564783894,-0.6794324407305147,-0.5374208769455047,0.36820057780494475,-0.626972048940122,-0.2217049895898525,-0.02418110072230443,-0.69075110277667,-0.5887470744831018,-0.20920380304077318,-0.46677569644235517,-0.5942384062846802,-0.22981357878909173,-0.27777148137010216,-0.45899072245111466,0.698822055056838,-0.535892089673682,-0.32348805404975023,0.23952181488265334,-0.5666438999967605,-0.5463564542116693,0.04993657842420264,-0.3906821483192559,-0.5134919539243993,0.020926236198317294,-0.23587938262146774,-0.3990046259767518
23,n,0.0,0.0,0.0,-0.4010931391505199,-0.11313736624832846,-0.2445581198820817,-0.6453065886603181,-0.35359206718436004,-0.4268267198579517,-0.5400085387541416,-0.5655648582437574,-0.5916602881286794,-0.3228936260862008,-0.7496843134215968,-0.7270287518296624,-0.434519997154057,-0.9907976867692646,-0.23199853052554054,-0.7284498349810431,-0.8629575933067617,-0.5913452722088431,-0.8369764639761557,-0.5406574010865156,-0.852887452255308,-0.8413411292102322,-0.29598388011955573,-0.9878118200461631,-0.11168438113408136,-0.9999979617855262,-0.2668550633156661,-0.5002464955706176,-0.9294277746979764,-0.5841393893437551,-0.6709749192097446,-0.6202950171014953,-0.7140646865270722,-0.7334859591387354,-0.38731274161756324,-0.7379762535945112,0.17808738018681963,-0.9009578009239737,-0.3448000002673678,-0.17555267438216648,-0.6606338807969294,-0.6125129327720693,-0.3036601000975039,-0.35441453451073573,-0.5909698164817879,-0.3402862588110025,-0.20883854666454268,-0.5156821657678727,0.42117616333414765,-0.7221812854478091,-0.4526064844037029,0.09511573432377637,-0.4679613121165067,-0.5926683269234508,-0.027256105545300436,-0.2569215415986995,-0.53657453667651,-0.056281062534032124,-0.18418700197746496,-0.4556434480435212
23,n,0.0,0.0,0.0,-0.3774174399729023,-0.26108391953860066,-0.0661183597160766,-0.48249391577785944,-0.5665226594785852,-0.13107584906989625,-0.38876270358569237,-0.8041221349301809,-0.2502604515591533,-0.1722938342527644,-0.9712534039898323,-0.33368548370976325,0.01500672935288561,-0.7257229393462605,0.16862456723498612,0.009184708362161276,-0.9981485861797714,-0.12881377990028112,-0.270798805634811,-0.9281033611989682,-0.24409338312460943,-0.3678134484862374,-0.8082667534749614,-0.25521588570576137,0.23409042231264285,-0.6903709903815515,0.07347776834525122,0.18364946386605724,-0.9999981884101095,-0.27816669672521627,-0.17541324454990143,-0.8012346638942939,-0.31322853264981204,-0.12586273634442285,-0.6480872644868738,-0.20388067075225913,0.48272131991388945,-0.6170088611981986,-0.08032500389734241,0.22450413941017028,-0.8129826358287002,-0.43442357234595824,-0.054630496326878046,-0.5862256189759232,-0.3584791752561052,0.0928769889632339,-0.45624147960867933,-0.1837856523791339,0.7435234138138205,-0.5116136308777806,-0.24198819419437445,0.42134606658278073,-0.6977224283631253,-0.42194153100615495,0.18257766260573732,-0.5440159667931718,-0.33145833230486266,0.2829743211003716,-0.42849320797111196,-0.19363617381265227
23,n,0.0,0.0,0.0,-0.4213676567051253,-0.22480651056910256,-0.09591831484449825,-0.6791011063650425,-0.5222662570155936,-0.17755555339951098,-0.6165465376144526,-0.7430108953891258,-0.27339256540216034,-0.3182673407432467,-0.8126930333257352,-0.348866927960438,-0.47609550925750027,-0.7053057425621088,-0.08298819703393132,-0.5709921699859103,-0.9458088175650754,-0.2807059229251013,-0.5299835693837218,-0.8092613551690022,-0.39562243540172015,-0.4487138347307739,-0.6627087172515962,-0.448300350445224,-0.08512480621498193,-0.6921013938804286,-0.13279921589330904,-0.07925511878554319,-0.9999980442283553,-0.3157300990496221,-0.10215881352853211,-0.8576244344460371,-0.37442816821801966,-0.12243261971876965,-0.6928210577536738,-0.37383757988112354,0.27425809092598297,-0.632213084481724,-0.20320326173484102,0.28446394699445954,-0.848573001530836,-0.4063072028020603,0.1873991436599935,-0.6496815596426192,-0.3722683897300337,0.11033315063385274,-0.4798861741960682,-0.2978932529744231,0.5931822043689726,-0.5217347420840214,-0.2811250905564646,0.5544242218227989,-0.659612769548406,-0.436335814693632,0.4291760126441621,-0.5222889887650523,-0.3915331393904567,0.34233023813555125,-0.3901790552959875,-0.31892994250514567
23,n,0.0,0.0,0.0,-0.40360538107491273,-0.060165450411654484,-0.06217826689818121,-0.707612973089835,-0.2657240525651016,-0.11889588844861083,-0.8273529302350189,-0.5215714252841062,-0.18096459538832688,-0.7512178907137551,-0.7292817494334543,-0.23396910805542115,-0.5329572677250823,-0.42268633891319624,-0.09845665948135743,-0.6730877344554056,-0.6492451923704736,-0.2312979831257071,-0.7245090306160149,-0.6426861638277018,-0.3232664724699878,-0.7036413122600593,-0.5626726873325144,-0.36206109773495393,-0.25659244229807626,-0.534194151746777,-0.10620766185898027,-0.37801651454518054,-0.7583986069722202,-0.18789339761755375,-0.44294269269803804,-0.725093708280618,-0.24004824561295526,-0.43846352985221754,-0.6229320828677642,-0.26877437889127803,0.03885793904907832,-0.6247098275386422,-0.12199754260236435,-0.046992486819134406,-0.8618837586944607,-0.1889770235135557,-0.16419074151533483,-0.8447303889007746,-0.18890943847202477,-0.19818769660685875,-0.7325502643717512,-0.1733892780552973,0.33822976295936497,-0.6895914674083364,-0.14267562389081279,0.29003537360409737,-0.9523942052951854,-0.20017356698127936,0.14943035777776206,-0.9999969747838183,-0.19095227157826886,0.05152754791507889,-0.944163909232175,-0.16408307591510252
23,n,0.0,0.0,0.0,-0.4181728056851379,-0.22161217559044066,-0.10466820982549917,-0.5661704294599538,-0.5307295747831459,-0.15759215002488147,-0.41396530611256804,-0.7750236431339349,-0.2311322212414235,-0.17151041985530172,-0.9014500136734135,-0.277383204489883,-0.2965624110359426,-0.7206421771629345,0.006462061937541372,-0.37507398880216486,-0.998342570093319,-0.2466232511712102,-0.4949554935321695,-0.8647129455443707,-0.36353717537325453,-0.5204626819040518,-0.7077806141487066,-0.381450680779557,-0.011814668627262947,-0.7053006158287257,-0.02565741809943735,-0.09451029886458695,-0.9999982078492669,-0.30127067350157444,-0.28565790654562523,-0.844761571899986,-0.35860831691132444,-0.38147750437465583,-0.6706457464485137,-0.2937858940437249,0.25093921191198626,-0.6567517098158775,-0.09669064065991369,-0.029828451785288625,-0.7173299402664683,-0.3760343736352823,-0.17616635191973212,-0.49407716190655654,-0.3732968043658019,-0.1899238719433646,-0.32287406465227503,-0.2632724023417375,0.4993055450724354,-0.5684732659677025,-0.17743902650748375,0.17749605360117088,-0.6108219358344558,-0.3326974538403614,0.033021637225780935,-0.4468618031134289,-0.3055110203803013,0.011280352447108979,-0.3098627926963266,-0.21940196752047134
23,n,0.0,0.0,0.0,-0.44270211017688604,-0.20595091552071315,-0.1164121035153811,-0.5558785666766182,-0.5101357500926514,-0.1709822398052183,-0.34083599793929903,-0.7386931004323327,-0.24849147494272072,-0.1473651613713542,-0.9002039880355035,-0.3007796802781007,-0.30321872424305685,-0.7136758113487303,0.0012290739185862947,-0.2505710055524244,-0.9999980478572,-0.2841934578924191,-0.31398504238901676,-0.9160064311636461,-0.43429329444196624,-0.3922094353741511,-0.7651311057770025,-0.469154425134449,0.043438661484885094,-0.6724363511490461,-0.048186157571928914,0.07656927599450755,-0.9771308865876187,-0.3644498765617643,-0.06691783031827876,-0.7999066560591647,-0.4640656487101587,-0.16920294331394142,-0.6105859166970747,-0.42824364374381074,0.36758723573071683,-0.5898907001374155,-0.13747576381301493,0.26889935070958554,-0.7162797596866849,-0.46776614332528765,0.08350797974522249,-0.4791091570237129,-0.45041694045615943,-0.010294200518664184,-0.305075371173419,-0.32501929883501657,0.6920805751101721,-0.46952083489962404,-0.2345880035229879,0.540449192468381,-0.5917799851440454,-0.4302165892739219,0.3584120383474077,-0.4349059733280708,-0.37345336042973604,0.2679736161827181,-0.31442812900016703,-0.26342711825212295
23,n,0.0,0.0,0.0,0.1835641633084568,-0.14753245596856532,-0.05292138200734605,0.27240254089629334,-0.45307820347132755,-0.08449738329879469,0.1717912418107538,-0.6856275088725183,-0.1234565616457791,0.024726866380355136,-0.7776054439357959,-0.15558513827984258,0.1853184268480407,-0.702503477482876,-0.03501320899716861,0.21981005229270006,-0.9595901724779929,-0.14783989203720108,0.2592476048686523,-0.8275309010190272,-0.21859221844950436,0.27021335525616785,-0.6423216419502444,-0.2438894828326978,0.050404468974461186,-0.6878437313925535,-0.0617239087182612,0.07881549283986644,-0.9999975546977132,-0.17118226611425713,0.15367070221630608,-0.8521970619520379,-0.21433285316626813,0.186336500196661,-0.676936791684518,-0.21689960774119693,-0.08207274454995465,-0.6356013375897313,-0.10316801590776582,-0.010578416110642468,-0.7928824470957544,-0.2409233694925264,0.07038428597358676,-0.5566341175693474,-0.25694629174767475,0.09998726457700442,-0.3772503222993235,-0.22642653700068924,-0.20414673511548775,-0.5457443765234647,-0.14630052978937896,-0.09998311066284041,-0.6412577297944457,-0.24591249368734075,-0.03312010501366193,-0.4544016259488468,-0.24036583404845915,-0.0202342988984371,-0.3065760639668133,-0.21036706758846618
23,n,0.0,0.0,0.0,-0.38970657216360477,-0.16526894886218707,-0.15267614188390793,-0.6453139583614947,-0.4505362024857004,-0.2466350980898601,-0.6361286821750185,-0.7044099371919716,-0.3434455114984746,-0.5180801669459597,-0.8824295245726421,-0.39796323191136856,-0.3992652474842399,-0.7107043375577163,-0.04535661048072572,-0.4998131954810123,-0.962246468386962,-0.30854845990183694,-0.5672060995292553,-0.7675054146402014,-0.4023670444895864,-0.5501407610837397,-0.6134405066966153,-0.4113709655058898,-0.14371644296294112,-0.7189128587736106,-0.055063921304007134,-0.2678744010868945,-0.9999980184728995,-0.3225514884468389,-0.3586564528929124,-0.7297153317478369,-0.3340513609268141,-0.2868544509236543,-0.605707075791382,-0.2525256864550704,0.1139514001683572,-0.6806873108780374,-0.11229018797465364,-0.0709089266717907,-0.797482402633662,-0.38257195936101956,-0.16238132101747632,-0.5033778196366512,-0.32160550066728916,-0.0567580856907932,-0.3891583138113144,-0.19787885899535446,0.41697268126198883,-0.5848763292180401,-0.181806028204121,0.14979748083118208,-0.6720074197603786,-0.3480998611361055,0.0779759910057999,-0.468796737052716,-0.3087856212054559,0.18445267632249815,-0.38169192558909026,-0.2244541678847225
23,n,0.0,0.0,0.0,-0.410662191348488,-0.18768549252376468,-0.12189465324483917,-0.6257755708564808,-0.48234252367992647,-0.20149668694907683,-0.5107679173967605,-0.7359985272723816,-0.2894437325886389,-0.29230347587687655,-0.9159325858682046,-0.3592353189197987,-0.5662990840847504,-0.7626637663091914,-0.06297264816565898,-0.7621852079007485,-0.9117917916023066,-0.30889676968359114,-0.8241400861334415,-0.712333821366889,-0.4575042795474677,-0.8220076405099076,-0.5295175904249819,-0.513040443230887,-0.28027419990897867,-0.8021932230709339,-0.09119397819044062,-0.5121246164398863,-0.9999980157237474,-0.33855603688725366,-0.6216490579443844,-0.7769804243269587,-0.41812159843845986,-0.6461860204485216,-0.5718453941952778,-0.4013236512937413,0.016447388696124263,-0.7900700390705853,-0.15138048922547287,-0.20970627563700486,-0.8206946430007749,-0.3877795169421702,-0.32936148966242546,-0.5593271223077737,-0.3814646452801657,-0.36980581054005485,-0.367311334076053,-0.3048829996328721,0.2929297856827237,-0.7294881814282199,-0.225196874478921,0.03279460093949571,-0.6771365822344216,-0.37313619143620536,-0.04347409678101643,-0.4718213941550953,-0.35297198431716503,-0.028734320392855707,-0.3309731241765178,-0.289446364142445
23,n,0.0,0.0,0.0,-0.3586632639096503,-0.16425201300930153,-0.34010776354102795,-0.5658492063132433,-0.4710143201158307,-0.5189749108109298,-0.5325555631865511,-0.7275244648777668,-0.6622101442070606,-0.18983039897112533,-0.8216200112369684,-0.7281360150358727,-0.28643096624752395,-0.7148276304959215,-0.2865479184434153,-0.3902936447462668,-0.999997742047117,-0.6893080562348389,-0.44710518545342104,-0.8901785227156769,-0.790181142397894,-0.4301140967914777,-0.7410039080079869,-0.7761326760882881,0.19446003777417264,-0.6530372715536205,-0.25499694244971216,0.24454565182536703,-0.9993273431085371,-0.6951619427557868,-0.045144748639270565,-0.7970634915819756,-0.6832243667151207,-0.0648290746130115,-0.6555095211500558,-0.5209921302821279,0.5983432157549022,-0.5234446649691208,-0.286005341114254,0.4653923226530858,-0.6121580434080716,-0.7521841754656206,0.08427303270634015,-0.35802129594236776,-0.5968170260404052,0.11129369324287743,-0.2712793782515801,-0.3411741436644584,0.9639112690937867,-0.34786380151999563,-0.33627237504383345,0.6713473554070423,-0.37902185812575717,-0.6155927721929461,0.41550037566791226,-0.20087783326428485,-0.5115621322637695,0.46828023641450056,-0.14721604042344022,-0.3428635153435599
23,n,0.0,0.0,0.0,-0.4207567726326026,-0.17535924899377667,-0.0950663736697392,-0.5785051201938295,-0.4805757155738268,-0.14488542002460988,-0.5120694766055472,-0.714839861077998,-0.22765566880356347,-0.3655949802055546,-0.8536794703277464,-0.2844693419636175,-0.4319594695090436,-0.65765427451283,0.01705617492326284,-0.5133747096430623,-0.9640246498054519,-0.264261444102514,-0.6140797252221486,-0.9224598581475443,-0.39951569799438297,-0.6319304349498814,-0.7745597926699728,-0.425144791146245,-0.14470945983927308,-0.6673389233360847,-0.03901898572846705,-0.2024362616586533,-0.9999981885116763,-0.36539238663901746,-0.37326431078045597,-0.8983686261160303,-0.46111822187935136,-0.43399308920090596,-0.7167391622110094,-0.41217867730585506,0.13472108263495125,-0.6312462632873745,-0.13344912330727346,-0.12395216776026531,-0.7226516081956038,-0.43197163447430265,-0.24554663451484926,-0.4847474189492622,-0.40524429275222223,-0.20480951079333348,-0.3157677076487526,-0.27606139428143384,0.4099242615913868,-0.5574306570805577,-0.23980704448844783,0.09198618629676486,-0.5978070426146774,-0.3874499179988306,-0.0026424261179721557,-0.42921527872731186,-0.3337026004114821,0.06152459428701777,-0.3193627805872563,-0.23344194819971956
23,n,0.0,0.0,0.0,-0.3077919507320855,-0.18310613216302654,-0.11146283653260164,-0.48427955605420525,-0.49360487334847825,-0.16677195253260352,-0.42053422455562556,-0.7697132208348143,-0.2256110189013898,-0.25113998583923286,-0.8984654262408758,-0.2621230234540626,-0.25611459470586967,-0.708717010691995,-0.050854224173593775,-0.3205913715907979,-0.9999980462319313,-0.22642485524631847,-0.3904655423248719,-0.8435236996769382,-0.3047956299757317,-0.3889267237712642,-0.6823167349435477,-0.32069286353681725,-0.045578561832860985,-0.6964558386114553,-0.055207418158858546,-0.11144265107053097,-0.9983473157190367,-0.22756493649649404,-0.21098897935130878,-0.8239051605622599,-0.2618518902394843,-0.23941141453475837,-0.6592477905825518,-0.22932308094637852,0.1612515664819928,-0.6479475940358679,-0.08796406174316863,0.0023913757377277797,-0.7230096002728474,-0.27964338801258903,-0.09310288950520697,-0.4808030651899059,-0.28115297669961925,-0.10411206837628421,-0.31133592648754693,-0.21764719036259328,0.36857912657009734,-0.5560040588601933,-0.12907647318778925,0.1858175807624609,-0.6266660967748662,-0.25586075744712916,0.0771768627787378,-0.45237975660406854,-0.24736033959469667,0.0443481707757895,-0.31007217145926247,-0.19746593264617815
23,n,0.0,0.0,0.0,-0.3903773830378701,-0.17920123302416993,-0.0305280142416844,-0.5381921373131533,-0.4527321215639938,-0.016748415356350806,-0.42187044768416415,-0.6759432738720412,-0.03379804159250105,-0.29898389628133726,-0.8389993001369731,-0.02592988172491981,-0.40009488066524346,-0.6910796644295929,0.1301298364335223,-0.4783862562121286,-0.9514758012490758,-0.1260037025184468,-0.5633831119209555,-0.9195986637528494,-0.24326458094119457,-0.6106423670569758,-0.7577710740448428,-0.2555847118742084,-0.05099839750284782,-0.6816302223800275,0.049310273654395616,-0.0579839781307905,-0.9999980935878215,-0.21826341274957767,-0.24726780525181094,-0.896350381890275,-0.25879600974217526,-0.2822800226088764,-0.7527407423899141,-0.1797030667714648,0.26216449117121693,-0.6074829133421988,-0.07385977649214481,0.1866586096500178,-0.8026850985448408,-0.34951751105010226,-0.03284072855167824,-0.5924819141457993,-0.23992899914434795,0.0010906305365832826,-0.4675682421493719,-0.06599937194172567,0.6093316900488263,-0.4783161458723628,-0.20205981384958244,0.3993558813221856,-0.6256451843497063,-0.4031408987619114,0.2239183349653121,-0.4766835521825983,-0.32280677835608085,0.27110838880973226,-0.3933713331710121,-0.19422344936197802
23,n,0.0,0.0,0.0,-0.4176069543451929,-0.22819625780471328,-0.10932031103658706,-0.5707488093908306,-0.48722366238900244,-0.1377471588795624,-0.4480573356282682,-0.7011316575424034,-0.18323726482266656,-0.33010784101207113,-0.859218865826892,-0.19814382127925975,-0.40989264427808697,-0.7195722197322312,0.0979205622653675,-0.5150205408369418,-0.9519827975866387,-0.15367546101518378,-0.5506013119889149,-0.8848213982031171,-0.2846487089770587,-0.5262141489510036,-0.7460114057572489,-0.32195555610629367,-0.02869979072234162,-0.706055404707686,0.04790031710970969,-0.046360152055597646,-0.9999981410781376,-0.21729073587420655,-0.19847871021692534,-0.8556817853831881,-0.2740762200778982,-0.20837329470783184,-0.7195782583527925,-0.22217194954466327,0.3220578612020149,-0.6309067108275506,-0.05208611300503178,0.2551311093174643,-0.7941527292777077,-0.34148894241717065,0.040063255814763755,-0.5793610457153615,-0.2692243269572775,0.07198794691784108,-0.46841812375643554,-0.12913083679111953,0.6748304179870912,-0.49270423685027337,-0.16184372022797952,0.5082191150781927,-0.637404100351061,-0.3359777870517723,0.2977933541817454,-0.48637210608946646,-0.25237416568274007,0.3097748637785995,-0.4037910337021977,-0.13742547768424293
23,n,0.0,0.0,0.0,-0.3629502720943883,-0.1946265333906328,-0.09644753274674837,-0.5426496570365265,-0.4808811430301983,-0.16231452662795018,-0.4713012987584569,-0.7214668040689165,-0.24792714495641802,-0.2697089258601416,-0.8730790803843329,-0.3023256908827692,-0.4426520745983299,-0.7037541814193585,0.0016467425556390904,-0.5168511122665964,-0.9681150053231082,-0.25175600855424024,-0.5693517138399024,-0.8356668851171511,-0.3664265668480519,-0.5267232629979457,-0.6936202525959078,-0.39427088453807235,-0.18399723659687853,-0.7059325453153956,-0.04844835957156179,-0.2052042936197291,-0.9999982153971575,-0.3117645408997034,-0.3244893157142138,-0.7985271847818836,-0.3489616015909911,-0.306135278235167,-0.6651461676591229,-0.2880582796027982,0.08082965017178086,-0.655846344040554,-0.13829191911165858,-0.03349195930807751,-0.7895853780724941,-0.39865907144056456,-0.13400948132944848,-0.5441089023662683,-0.34026894146275755,-0.0572878112584051,-0.45317526670014135,-0.21909613340929326,0.34158456329406134,-0.5649777540076331,-0.23809871254926773,0.15180714728848838,-0.6365247062304216,-0.3688061041763063,0.07317085926995151,-0.4733341476484009,-0.3028755737950483,0.15848679664712612,-0.41467255985220985,-0.21202113105438639
23,n,0.0,0.0,0.0,-0.3384942513277002,-0.22018135887923915,-0.17212929726021065,-0.38007238407335137,-0.5276891284671715,-0.2233762238562681,-0.134129390127926,-0.7369299519640606,-0.2800603776440446,0.15599764710918324,-0.8803832227798031,-0.3025969369712686,-0.1297175833087451,-0.7389805809110637,-0.006673839034207583,-0.05912867420185129,-0.9999982233089867,-0.2901269018016037,-0.1671809560332088,-0.976945300278727,-0.4049022369285075,-0.277632168743334,-0.8226239025469901,-0.41211658233014675,0.21027651607598893,-0.6943884027318695,-0.018786241160501278,0.2827423797096686,-0.9922003742150326,-0.31621346158719926,0.057750662986561244,-0.8963505736370725,-0.3631862236370498,-0.028113229075541157,-0.7546782863460904,-0.28762233663371,0.5178648218813452,-0.5935787678197141,-0.0840733083754299,0.43994611094803054,-0.7589090852367614,-0.4182334165900021,0.1719952850909539,-0.5622395893381578,-0.3646326721048187,0.16230509963513062,-0.43149743284916814,-0.21629801166632956,0.8140129606491169,-0.44884268902269087,-0.16169051151382943,0.6254188487449456,-0.6011348758876007,-0.39668682793277515,0.4030847742473075,-0.46250027599010884,-0.3532506171636331,0.41083520704757126,-0.3698900328443822,-0.24763748137023692
23,n,0.0,0.0,0.0,-0.3705843522428014,-0.16114235651952308,-0.09018558543946206,-0.5628063135096104,-0.4087330508525084,-0.10477018401629926,-0.518637427479613,-0.6441351887996234,-0.12220934943757776,-0.4326286400154439,-0.839136098630367,-0.10829158109721967,-0.5620981342994412,-0.6697039702265432,0.04869047493342402,-0.6524008924730902,-0.8983914492659252,-0.15158369753845488,-0.6646489021214842,-0.8448049326770475,-0.24180346554582843,-0.6459976326463687,-0.6914247069782653,-0.2532954517812807,-0.29672087276799297,-0.7030185713467733,0.03135489114853424,-0.393450002626449,-0.9999982172292631,-0.1776960061106991,-0.45279243449281725,-0.82839081136856,-0.20428096546347185,-0.4412538260608819,-0.679974720567679,-0.14522841474127668,-0.03671990760363992,-0.6768904829541809,-0.022932035944766734,-0.12499020366416638,-0.8256567848184446,-0.255831061701463,-0.2003264132407587,-0.5786952643324713,-0.18425420836533388,-0.1633104082000813,-0.45862236084689006,-0.05673511581557786,0.256327826780691,-0.5969263761668023,-0.08397583429349958,0.10077280180140383,-0.7118267926821079,-0.23707528412323375,0.025966145993868116,-0.5312272269741333,-0.1787770699139937,0.05653734299397808,-0.4502091131966328,-0.08734028990360913
23,n,0.0,0.0,0.0,-0.4327395960484438,-0.17741770558155473,-0.09338221779252057,-0.6130851515922273,-0.503010870613214,-0.13566681230277028,-0.47650550932195945,-0.7641991735446216,-0.20436179297936613,-0.2538753028861364,-0.9156094536114902,-0.2518063643189065,-0.2753366928806022,-0.7028198710483121,0.03993307742244047,-0.2634765578702097,-0.9999981081410683,-0.2005802099560719,-0.39527254356716895,-0.9341274040788491,-0.317569266399039,-0.4760827022802919,-0.801523523715927,-0.3369921164017017,0.007561869265423214,-0.6784423585038948,-0.0057241731208282146,0.013907583324983139,-0.9937925874018319,-0.2898049561234672,-0.18246816078416994,-0.8626526320200243,-0.37479100390681086,-0.29465980349711873,-0.6854705741289149,-0.32079083729520125,0.28006864735266934,-0.6170235323729395,-0.08753857652335525,0.05666009030873585,-0.7081632860306986,-0.37584776779292567,-0.10306117567365802,-0.48734784026298505,-0.3864886747899111,-0.1316654618535855,-0.3188191748968219,-0.2797443868888346,0.5483079441521739,-0.5218538339078422,-0.175370234380789,0.2767588107645841,-0.6022798634870965,-0.34544586100898617,0.14928059891186293,-0.4397813433030145,-0.31957389274428083,0.1561948105579189,-0.31382814610064985,-0.23019757823047096
23,n,0.0,0.0,0.0,-0.48802921171346236,-0.1391656044404858,-0.2836545165606688,-0.7013580840303625,-0.40400713981271186,-0.4432075645324777,-0.5420902689967904,-0.5911968163013749,-0.5572389999811588,-0.2567274131278731,-0.6985423865274346,-0.6461409661343428,-0.6324939490687894,-0.6181927088250451,-0.38912638868618865,-0.4720043417540173,-0.8299782781297771,-0.6996298192973575,-0.19193018933690228,-0.7114358423991165,-0.903244998760847,-0.04921740863392513,-0.5362215071376948,-0.9999978397857511,-0.20333332644383023,-0.6462163541138686,-0.3550054668527327,-0.0989528139321213,-0.9139034268416064,-0.6429644864655468,0.12267160178248947,-0.7778991407208692,-0.7850796975640293,0.18467347196139863,-0.59477470153837,-0.8367168703818086,0.17276276765323867,-0.6249781689817488,-0.3462759419096765,0.26546691687815804,-0.8667642174770077,-0.6330180620758026,0.38187517544990923,-0.7272606211787761,-0.6957039633953879,0.34253575590195995,-0.5653916851873936,-0.6920015040165378,0.47183302816669126,-0.554798698468632,-0.35580872864494123,0.5154212306944107,-0.6541139040516583,-0.6536338915338596,0.4860136214120707,-0.4983542513632834,-0.707542112118085,0.3821979737689069,-0.3301310040668778,-0.6904147449083737
23,n,0.0,0.0,0.0,-0.39362302262842536,-0.17026320017794908,-0.07136523591763312,-0.6011126421847554,-0.4373458711598275,-0.1176656819798604,-0.5399848858259397,-0.6731801687520897,-0.18523101129627037,-0.38255837023561656,-0.8090421605130321,-0.2365087918512878,-0.43524218277753696,-0.6989165185286956,-0.002860938961602351,-0.5462481334197544,-0.9820257080992444,-0.19531869769710913,-0.6768373597043006,-0.8994819633148727,-0.2892619597217958,-0.7141718512958257,-0.7569858823669304,-0.3052465669634874,-0.22575717421383273,-0.7133757628650035,-0.0379601638165321,-0.3721836081451069,-0.99999809442894,-0.2398171333093887,-0.511416339863463,-0.8780777589062518,-0.29127265375357475,-0.5518814046286988,-0.7010039648442709,-0.25243105738410976,-0.009072443650245988,-0.693602068867093,-0.09990697679098529,-0.2406163936406157,-0.7102395674374298,-0.3123605353943486,-0.29514510051579984,-0.4781919430075563,-0.3186214545799978,-0.25803521512657907,-0.2912487650078612,-0.2422186591703101,0.2121138381729753,-0.6342236853163133,-0.16896449629522636,-0.04764564838580701,-0.6289628458329597,-0.29391857728620707,-0.11746234253288101,-0.4463006450120521,-0.27187888781973907,-0.10167857469307288,-0.2936583835069187,-0.2042855821113164
23,n,0.0,0.0,0.0,-0.3300677038179822,-0.25994948084231023,-0.11573116406378403,-0.44558493009757,-0.5526218525378173,-0.1873907866865007,-0.3109236450217947,-0.7807362866647402,-0.2893108439345245,-0.07290966382915205,-0.9190038691390509,-0.3406311072491837,-0.01503858391208916,-0.7652321880919548,0.09577383796627269,-0.07561715350930225,-0.9999982728792539,-0.17864618592057807,-0.2755595606939958,-0.8525262240532925,-0.29558391649567245,-0.24568539926320374,-0.7478071981411819,-0.32728685978595184,0.2537018870247541,-0.715245518247439,0.04173586130389572,0.21187783454392448,-0.9566725444288886,-0.2516963688810548,-0.06988726717264858,-0.7428359606970537,-0.2644224351108766,0.00453346630423202,-0.6446904506316378,-0.1813320830089368,0.5263235169576691,-0.6254963093758242,-0.07079269548431694,0.3822684507445243,-0.796578248819216,-0.3467514102931992,0.09295994234186067,-0.5876928026337869,-0.23073194393159657,0.19342947412831732,-0.5108621917907925,-0.06923391109858912,0.7883046059001205,-0.5008174930949131,-0.200857962653537,0.6225951812443761,-0.6626285670366876,-0.30205600635398777,0.3782203673737692,-0.5374187119726713,-0.18252899202734657,0.4343586353655406,-0.46290512263025607,-0.0524775001081341
23,n,0.0,0.0,0.0,-0.3446156148633872,-0.26840421273248044,-0.03443425860921456,-0.4057378553861119,-0.5730493835941602,-0.06462970757887886,-0.23452415169958846,-0.7831921383329559,-0.14457264515461035,0.031961346025631214,-0.8947145708457742,-0.20707139683883682,-0.13115759807260477,-0.7517930583128761,0.14595705547045074,-0.09022085955327196,-0.9754704266107638,-0.09255441435760295,-0.29435227124028646,-0.9644116175805558,-0.23063172987424102,-0.42503683853282126,-0.8874335177437896,-0.27755897412680175,0.1323434070406637,-0.7307098961879005,0.057905799597259666,0.1608190086400667,-0.9999982366093607,-0.19344561672650337,-0.1201466649495898,-0.9308895222357482,-0.270155183174928,-0.24502300706224328,-0.8242325641902598,-0.24127387136308856,0.40449644519982014,-0.6624797914239535,-0.07009955625224142,0.19946700551926766,-0.8201579093183629,-0.319941501979598,-0.003485744426228217,-0.6237538056904448,-0.29480675580957255,0.031056170805552896,-0.48385420360256204,-0.19951685721541204,0.6575009072884321,-0.5538798388222218,-0.2055227478792994,0.37182321438951743,-0.6867962327082474,-0.3268721570451292,0.2036970074621441,-0.5519851931513983,-0.2637778075286365,0.2696962841421905,-0.44812637429644936,-0.17657054188655627
23,n,0.0,0.0,0.0,-0.3147229526729533,-0.23259319870820674,-0.14734092546498814,-0.3762220935618674,-0.5393456186178271,-0.23259606916062497,-0.23021098901563575,-0.7857746937284054,-0.3559484638961099,-0.004826385887212197,-0.9627785846273039,-0.4524395033229396,-0.015972205522647002,-0.7120530521685077,0.06507690627054846,0.007784998995330042,-0.9999982468374535,-0.28677080607866096,-0.19678842087922171,-0.9355730435409189,-0.47354270241160934,-0.3055027447017661,-0.7947022066366943,-0.5161540250333368,0.2977323752347494,-0.6584902736446516,0.015882973503144018,0.3859974398842317,-0.9839752037039177,-0.3576806522967286,0.09997438236655894,-0.8899119606248497,-0.4804086535389672,-0.07068930607874352,-0.7391135519313287,-0.43388411496251666,0.5906529418622846,-0.5708646761274099,-0.08974234990742969,0.3290042459641515,-0.7075603240234711,-0.48191768938449153,0.06490635803309842,-0.49578588457486994,-0.49788080370025806,-0.0024126182121366442,-0.3228851845055067,-0.3639175859549268,0.8531030224220979,-0.45559971976097624,-0.20563939986259236,0.5337300741747394,-0.580786840216062,-0.42200982318954905,0.324791150803162,-0.43282875444458213,-0.3822391631039128,0.29598007123269987,-0.3008399482900866,-0.2689511262474544
23,n,0.0,0.0,0.0,-0.4266634315155126,-0.21809907871434311,-0.16098894929958116,-0.6338755099801666,-0.5128084404012604,-0.2430722043925826,-0.5776759082160877,-0.7606030059688036,-0.3316496390705416,-0.451991202434444,-0.9432449635730523,-0.3724348518027018,-0.3493457079453381,-0.7594276199575921,0.007191973437219674,-0.4691328025573895,-0.9668343375670694,-0.2787694687324583,-0.5365962854630447,-0.7626440684544723,-0.3942206580058556,-0.49307234668630295,-0.6331353289821197,-0.41708903879244896,-0.046296616785641724,-0.7481454244784167,-0.018241595799984498,-0.14917766183217712,-0.9999981091470904,-0.34367855235749173,-0.29827722005846974,-0.7344651778099084,-0.3811990512692219,-0.25832840903651216,-0.6072187943732306,-0.29624005071049303,0.23730760680282817,-0.6921626081197041,-0.09649217776571331,0.014125820414344327,-0.7774923190473444,-0.4143645415793868,-0.12996935915092409,-0.5004595051966926,-0.34539514113271097,-0.037530191422705736,-0.40433560544713504,-0.19635266728791978,0.5315924139682924,-0.5880412597791441,-0.19027747748337545,0.2144075844760442,-0.6397579625134076,-0.35597074129140605,0.09747127147877731,-0.4481765794956706,-0.2898152965529884,0.1951712185944084,-0.3777287048384689,-0.1815841122395082
23,n,0.0,0.0,0.0,-0.4105089616769655,-0.16728366745395962,-0.027784386761151022,-0.5952518222175429,-0.45035129721877154,-0.026274001406194642,-0.5299841209996857,-0.6892111588680155,-0.06754287376947814,-0.4008819103866361,-0.8397760016865438,-0.08351039513695714,-0.5692074879980056,-0.6762583237364291,0.1472130389637013,-0.7388130872622608,-0.907783529490113,-0.11544134938115719,-0.744472606448683,-0.9312603466703516,-0.2569188423731722,-0.6879788477649529,-0.799094677505015,-0.28866367721094505,-0.2331123675183502,-0.6977312150890375,0.04469081001618776,-0.28524979448464294,-0.9999981492480927,-0.2355626901866919,-0.39119517954149907,-0.9185315029177618,-0.32268979336743003,-0.39286047077879493,-0.7977326378317975,-0.2797268017702541,0.09067762301650893,-0.641976445938869,-0.09779574731541091,-0.007866338953387148,-0.8183033309607555,-0.3582350906496715,-0.12796509998281336,-0.6104615042475273,-0.2508513841965858,-0.08390636528414962,-0.5023584440478593,-0.07864449820039698,0.45217819760171124,-0.539118512600974,-0.25020210704370327,0.2685092381074424,-0.6707027197822231,-0.39044277297743407,0.1443880088959311,-0.5260749998463712,-0.2722129968968609,0.1639801117648168,-0.45014203268000963,-0.12468437900752695
23,n,0.0,0.0,0.0,-0.45760523949894416,-0.15016554899365095,-0.0668513756269834,-0.6806760577266798,-0.47903746933500735,-0.10121712997229458,-0.568017827584619,-0.7320688607031264,-0.1803415010211421,-0.33791565890810055,-0.8870243040715642,-0.2519787231372603,-0.3593011401817077,-0.6582888739226417,0.053934084459408914,-0.4143643469578905,-0.9581448170767709,-0.23701773180706273,-0.5956665773703944,-0.9452427027127549,-0.39465224973693236,-0.7072816118135175,-0.8183515519074797,-0.4346038767580387,-0.0362858064137678,-0.6455073280732999,-0.029211972989819864,-0.09633503764474088,-0.9999979495144314,-0.35343407277404276,-0.31314985935891265,-0.9344993636318812,-0.47250428074426754,-0.43781538138127174,-0.7596726340941728,-0.43745226972394785,0.31333612029795327,-0.5986656351477224,-0.14907415278703207,0.025177981318816805,-0.7531670674772487,-0.5117992279586382,-0.12093517006606164,-0.5021533807302723,-0.5343991635537754,-0.12595724896771351,-0.27428341007910656,-0.41361639991224364,0.6852257622652136,-0.5160525533230896,-0.2707852726033243,0.33487443576071413,-0.6430237266676279,-0.5274828206795577,0.19324120217146126,-0.4605252830393366,-0.5001169455285653,0.19073609031613628,-0.2790390527293749,-0.38867830288352
23,n,0.0,0.0,0.0,-0.3747216030747012,-0.18846288997099728,-0.14629980378151206,-0.5808515354478545,-0.4949470775847918,-0.19961171296135677,-0.5928262317796501,-0.7544516305488581,-0.258239264438177,-0.5477870867971831,-0.9353779964504255,-0.2684263998843232,-0.5326085311302875,-0.7761795428929046,0.028768340286416446,-0.6372266181898559,-0.9983913473191967,-0.21909976686951294,-0.6356899301551657,-0.886796921853494,-0.3035768939719805,-0.5905774903608036,-0.7646991920444545,-0.3037806992562811,-0.23122200584579852,-0.7640400284577459,0.011734727346915145,-0.31321294517796683,-0.999998174190214,-0.23195866689068595,-0.36810831068561517,-0.7726176979843394,-0.22765146761438648,-0.3098786025771472,-0.6866346672123114,-0.1394001066096424,0.08105045861294499,-0.7065723252088013,-0.05908313344769487,-0.023570131461729024,-0.8437416612023463,-0.34262039274934114,-0.12726612952176278,-0.5876615321762134,-0.2500534256023452,-0.07624869619981259,-0.5216128945983637,-0.10074567024275023,0.38928751858782834,-0.6104933830085498,-0.1421938251543498,0.22517559196474699,-0.7184771003577572,-0.3099553926614919,0.11622445927724569,-0.5384355502960007,-0.23231684291095253,0.16235568063293718,-0.47410251191951586,-0.12288427431257944
23,n,0.0,0.0,0.0,-0.38026142344557284,-0.19469044255580656,-0.14822102580462843,-0.5366412836923822,-0.4848380322301978,-0.24011581030684861,-0.44147819024879265,-0.7199221181377027,-0.34566816731006916,-0.2951846423215456,-0.8962092494213484,-0.4220201805845856,-0.29952638281026117,-0.7158595658798957,-0.08432254509523436,-0.38303627017275055,-0.9843613871075714,-0.37454597430485326,-0.5009501119890015,-0.8243231356457369,-0.5111142937195363,-0.5254738629629253,-0.6472234233810505,-0.5411977207818006,-0.0067199402753232275,-0.6971202630193133,-0.11086349342893596,-0.12413812261283692,-0.9999981795564498,-0.42648225521557787,-0.2741823739927484,-0.789475632147709,-0.4949861549408436,-0.32189372208307193,-0.5753017464718673,-0.4408080402789542,0.2715019282608644,-0.6395944123717385,-0.17783874129011068,0.0012889533598773573,-0.7247971157429363,-0.49922356605372603,-0.11309456249961883,-0.4554210002398829,-0.48907160706502284,-0.1198468378285024,-0.2584243522197415,-0.37548548122180736,0.526477931480109,-0.5496809365750509,-0.2567052661332321,0.21653396481162868,-0.6013361303842718,-0.45352879140855623,0.08657059549438095,-0.4168586276899903,-0.4348843506975547,0.06727112580827722,-0.27196590372738816,-0.3554527490920879
23,n,0.0,0.0,0.0,-0.3900790444334727,-0.19128161549566397,-0.21194673816847326,-0.43824549552950937,-0.5043881458696458,-0.31804754695599347,-0.16902654142130583,-0.7287233874711072,-0.4035150811588558,0.1826222885967239,-0.8571963574710583,-0.4553390558273349,-0.43621968239205217,-0.6759450431691036,-0.23724537464651255,-0.5271370424118871,-0.907276456869961,-0.4980561056716588,-0.47715838757476403,-0.7609331901229183,-0.6117063879658327,-0.4399749621155791,-0.5855235223021363,-0.6419327278648583,-0.07984788228194276,-0.6793511179663897,-0.24078898205266688,-0.16392475297610948,-0.9999982192442323,-0.5097285191492201,-0.17342854017692577,-0.8361130304432767,-0.5638214767077455,-0.1680099199065534,-0.6604708600720598,-0.5357212004181633,0.27649674565153515,-0.6249911088594077,-0.27416503893800487,0.21524174365364948,-0.7873974837895877,-0.5654890098365322,0.09463379202208405,-0.5551616930145555,-0.5168925272029073,0.025430397652906254,-0.39349753776460983,-0.4041066597778235,0.6010163862706143,-0.5202134444365999,-0.3230024358212757,0.4903651268308286,-0.6456005679865199,-0.5116411856449227,0.3430803600847013,-0.4860731435481718,-0.4479576703605957,0.2647647338256199,-0.3700706105023603,-0.3534267558080432
23,n,0.0,0.0,0.0,-0.38023767575575823,-0.20950425860630112,-0.1574110866992082,-0.5285963832293703,-0.4838374351326887,-0.20756711849338177,-0.4712955793311707,-0.7039303088716679,-0.2583911888044476,-0.36249941010572734,-0.8636563022721399,-0.254570542198913,-0.33872443107943884,-0.7430004948387272,-0.0067490704271951215,-0.3376523458982545,-0.9892480249536164,-0.3077381262449647,-0.43501685948333074,-0.8766566528991586,-0.42982301734545775,-0.5028921374511623,-0.7209211255728085,-0.4466588398860433,0.05036752685089573,-0.7150007845290017,-0.02408843788128417,0.04170285656468976,-0.9999982992998624,-0.3291594799159172,-0.1593735312054098,-0.8026330789375213,-0.35066139709838123,-0.1747655968253242,-0.6718847339863533,-0.26387092676201973,0.39946871054139055,-0.6270563983795997,-0.0944906927709997,0.2962737200873486,-0.7647881730013121,-0.4082750023248561,0.04701827435597031,-0.5404869898585624,-0.29819219910147565,0.07204238061799483,-0.4424659051957127,-0.1298523469406173,0.7456591667458294,-0.48333849382578725,-0.1782935087451827,0.5168223009870704,-0.6015525096702845,-0.36964873929933434,0.31334325030429766,-0.4491035377242075,-0.28468188322055715,0.34453326553291824,-0.3749710674401528,-0.16533388336604032
23,n,0.0,0.0,0.0,-0.36873297086736934,-0.19859708247164493,-0.05663016774676609,-0.5448950721504592,-0.44809093169300035,-0.06112430616868859,-0.5209740649662832,-0.6595432467172968,-0.086513467084399,-0.4808816901456542,-0.8101523255103382,-0.08277477629306619,-0.46831155347622677,-0.6965250544589463,0.11275579802817652,-0.6142913461925931,-0.9485577733940532,-0.1003501282344895,-0.6452215609531612,-0.8864677669446962,-0.19361742223702677,-0.6121009688249704,-0.7361886024842692,-0.20492819274141807,-0.16404461213251956,-0.7002509812677667,0.0630564796936846,-0.23784987088701898,-0.9999981957317187,-0.16508959197225578,-0.36777266770280886,-0.8246830206479351,-0.19182109502146708,-0.3454599626437241,-0.6893965819506432,-0.11808112817119339,0.13283016183088708,-0.6459013925736068,-0.028520114257685362,0.016797858042987158,-0.7991758113778994,-0.26587188736268325,-0.1277122551787956,-0.5764472605212223,-0.19570549954470332,-0.045873766592128724,-0.4799874182418631,-0.06574853773517453,0.4549051642274139,-0.5350516286425581,-0.12573453038262816,0.2497151722419798,-0.6644294524714606,-0.2607984227602871,0.11178146071879391,-0.5119223513309946,-0.18845778899018198,0.17425241054512208,-0.43808628157289514,-0.08808459973961494
23,n,0.0,0.0,0.0,-0.31217042680551277,-0.14019434107258702,-0.01561974127516707,-0.5024010849692592,-0.4229422486593016,-0.00881450707786074,-0.5728396257061324,-0.6295199783644966,-0.03590620336807792,-0.6493683317914429,-0.7474739675480746,-0.044062600422914745,-0.16706321862640833,-0.7835119462352041,0.14527916285099948,-0.34527704087927485,-0.9999979290393813,-0.016117451628994944,-0.5017661154115727,-0.8908447611144308,-0.10604565171803933,-0.5611646537513204,-0.7732125153507808,-0.13586582926305976,0.02121426626531742,-0.788116709917152,0.07319970289874683,-0.2515799627175105,-0.9975611222667743,-0.10299333243994835,-0.4193721496026509,-0.8337183620920113,-0.16130425087830097,-0.44717231172645017,-0.7326514895149827,-0.1351410270662584,0.20115259127978197,-0.7496858686958556,-0.02954135566967139,-0.2007361085255762,-0.7309831514401552,-0.1931995901606189,-0.2440999991089657,-0.49791562495712166,-0.1966001150668279,-0.13435259645409617,-0.3943069608468304,-0.14451934165778665,0.3477331658353535,-0.6652633084641071,-0.14219254977987017,-0.05515075987569051,-0.6198434817477376,-0.23876700347835086,-0.0966826324399499,-0.4375043323918608,-0.22672352020097294,0.004733386986595883,-0.3498234179747558,-0.18018794495024618
23,n,0.0,0.0,0.0,-0.42955845731670395,-0.12308762150811951,-0.06496260021435124,-0.7255813106024784,-0.41962075529904697,-0.09197054847423658,-0.7518124119762747,-0.7036698051181045,-0.13472484855464778,-0.5613527886348841,-0.88046161490188,-0.17844623623025752,-0.4808819424993621,-0.6674370327201529,-0.008956765264820284,-0.5394930469744426,-0.8593082157218538,-0.16418000084019999,-0.7095305866316143,-0.8764600462518016,-0.2800782504474746,-0.8278396194804093,-0.8503066771754825,-0.3423892348312281,-0.1875611088859117,-0.7275208958915307,-0.046058606443061235,-0.28982106243383376,-0.999997095475401,-0.22382224847855586,-0.41521762748638935,-0.8019765779383198,-0.27568598611291645,-0.4141299812527596,-0.5763111487660912,-0.25132902947483987,0.11645942832057514,-0.7402289146669342,-0.10226125942914159,-0.02282767323103031,-0.9671392724608947,-0.27219818207152496,-0.172693292165797,-0.7558518945977283,-0.23678101450642794,-0.17460258090238043,-0.5328144749482215,-0.14742664571659794,0.42842882871751037,-0.719305076793043,-0.1642902802911864,0.30941669944749306,-0.9640236615665824,-0.2758802519354253,0.0980385184884987,-0.8557739064724227,-0.22761916391670753,-0.008045812158348513,-0.6758919348984086,-0.1493751035674446
23,n,0.0,0.0,0.0,-0.4047030721317825,-0.18441957029891407,-0.07287544286503025,-0.6076225973794297,-0.43873973752589435,-0.11749309881988322,-0.5680836336451046,-0.654747891178632,-0.18481801937373832,-0.49400871997625473,-0.8185834748041491,-0.21928080579822978,-0.41695446637560774,-0.695461114295468,0.026692398323678215,-0.4803478882147317,-0.9658415012155754,-0.25613960881458386,-0.5657144518300546,-0.8526360181209139,-0.37696986612246397,-0.5735385700995957,-0.6941260093814234,-0.3962269315371564,-0.10901618564260758,-0.6910619509445116,-0.03933708323527731,-0.14438349708207376,-0.9999981754291919,-0.35224261165977283,-0.2995482123984821,-0.7913054211919515,-0.3996827179014408,-0.2895713305747103,-0.6386579547569777,-0.32564222452382174,0.20038199395131662,-0.6324171155076066,-0.14523030715428142,0.06398802829190275,-0.806544230270019,-0.4543101942131036,-0.10274407993595727,-0.5571469531475332,-0.37865058773645016,-0.046734816530120904,-0.4400097538323508,-0.22820933690354267,0.5193566272100494,-0.5244988447153014,-0.25548407355244623,0.27918575537196405,-0.6524455380174882,-0.4376495769755452,0.13715175583096623,-0.4845715243933452,-0.3622983665205593,0.1967311592700576,-0.40058247932107166,-0.2475983195797295
23,n,0.0,0.0,0.0,-0.36909903914979325,-0.17920850201774682,-0.07551618001174554,-0.5110869082527468,-0.4618134046805902,-0.11459500304904602,-0.45482835736328936,-0.6865104437882295,-0.18174737603059093,-0.37882115462557386,-0.8536219811939884,-0.2310995216677276,-0.3673259181915241,-0.6550049209139496,0.04057754366000705,-0.4466592592146267,-0.9400700622514637,-0.17745668902603925,-0.576960347326193,-0.9196141287253475,-0.286083244669772,-0.6370952955789156,-0.7940158988667815,-0.3056516762088258,-0.1504219494273321,-0.6612852495471959,-0.00638794598824791,-0.23786235368784608,-0.999998244902014,-0.2658521223144466,-0.41681450401921644,-0.921697058097901,-0.3480320602516446,-0.4960586633191457,-0.762294509147026,-0.3104054020429322,0.07991341451869842,-0.6260512506663275,-0.08510398676630736,-0.14624923859674946,-0.7377779565397465,-0.34017980567372785,-0.2362818757128303,-0.5023349643907004,-0.3349456492663979,-0.1908341372998147,-0.33389825457638234,-0.23644762668733488,0.31689786436974726,-0.5563920082146813,-0.17077399651859348,0.050412937388933994,-0.6234695313159558,-0.30546384537720406,-0.012645916039966253,-0.45631374303758443,-0.2664974475400475,0.055112631129176574,-0.3459916100746466,-0.1848915940619038
23,n,0.0,0.0,0.0,-0.45126317795965076,-0.18495316315725369,-0.15870090375105833,-0.6571104850027571,-0.4858509619843749,-0.2570259713678868,-0.5164691451696447,-0.7233877792278083,-0.35482185381393,-0.2628760495466061,-0.8785687964698282,-0.4340864260819111,-0.5705816308795115,-0.7293997874210476,-0.128447853028096,-0.7801687811986074,-0.8784326397027579,-0.38931360766598083,-0.8027819182306553,-0.7047713850322599,-0.5438701914327698,-0.7787557219203414,-0.5247116000254162,-0.6080729100112418,-0.2516575808255179,-0.7742156923610938,-0.1513529201096386,-0.47721690284201723,-0.999998126061123,-0.4049922995393669,-0.56847918721539,-0.7777313628466731,-0.47495643754411965,-0.5984584723632176,-0.5672704189354599,-0.4564783781771329,0.06999183847910345,-0.7522807143210618,-0.20637487214950878,-0.16611393651682818,-0.7940306626257476,-0.45088452986635413,-0.26792189200140565,-0.5401384744817719,-0.4288446977122227,-0.29332378545825055,-0.3648198267118706,-0.34778422997308506,0.35129842097400193,-0.6791319153296738,-0.2790051249627804,0.08376254848612785,-0.631105715294672,-0.42247839151640176,-0.0027354218421259775,-0.4562557416795098,-0.39413131214150143,0.007205139108616596,-0.34684484370163904,-0.3338704939281333
23,n,0.0,0.0,0.0,-0.2982938683048076,-0.06141231531022523,-0.033539518465964466,-0.5655568877190946,-0.2722803467107316,-0.06238763364427294,-0.7057626618347295,-0.4981140385790124,-0.11256978396303427,-0.7925357456543312,-0.6832556572760484,-0.15782723566813997,-0.5566751516050936,-0.5973296087253973,0.017021445667324008,-0.7581567985809452,-0.8434748895054099,-0.1257002462896007,-0.8443291378880715,-0.7595665578377643,-0.20113605122178485,-0.8416477471313838,-0.6214124426869427,-0.21909533926335503,-0.4277838878800927,-0.6810710950058044,-0.025091055806998174,-0.6776332036690798,-0.9999977380193129,-0.17223248101855632,-0.7661074363157384,-0.9095016763407109,-0.22322531874880094,-0.7674064372003421,-0.7724804582223088,-0.20825370914752198,-0.2673487341253472,-0.7345028078238113,-0.08485234963851677,-0.47811052377624225,-0.7424966905347311,-0.2521293776910426,-0.41238153067755806,-0.4593389009356531,-0.2690731166225511,-0.30298832449734137,-0.25342944703160003,-0.2218034421350704,-0.08031829082021495,-0.7459425365202211,-0.14708153322343437,-0.2882668312992955,-0.699974845910631,-0.2610525217966037,-0.2616270496456451,-0.4594717705349449,-0.25034674427334946,-0.1844846186388432,-0.27620643776235804,-0.20371787404435082
23,n,0.0,0.0,0.0,-0.34155403426509306,-0.16810171043017993,-0.1547117406452204,-0.5270699637795082,-0.46775686501886193,-0.22622513075735928,-0.49036255305465487,-0.7315482246732736,-0.3035304806138353,-0.4563647143181367,-0.906355751693336,-0.34808494776554183,-0.337643675380324,-0.7885241083031717,-0.017967432462084144,-0.485150447055866,-0.9756960078878529,-0.2563958819290677,-0.5391445276754644,-0.7960570755462237,-0.3828550348220299,-0.5359948470141045,-0.6429097149208932,-0.42389082979537585,-0.06251834926077658,-0.8069208399621838,-0.024800627888472544,-0.22452795884797516,-0.9999981335191428,-0.26165029109340704,-0.31850423252285054,-0.7790781813450891,-0.31889965731821485,-0.35146793825378186,-0.6215619411333032,-0.2832507713650152,0.1889382305759891,-0.7678257618105214,-0.07518229003951733,-0.08592409834865682,-0.7426569636337232,-0.3209169147786852,-0.18466719618112246,-0.47550899659099866,-0.32193933862405066,-0.20187582354954628,-0.3183769058352173,-0.24402035645886982,0.4165535139399171,-0.6744192041403375,-0.14263464579064153,0.11796581200989849,-0.621097079128694,-0.2948544100807607,0.043009720197177526,-0.44064990879173505,-0.2959228639977803,0.05592239296275754,-0.3340057700193764,-0.24459135184923875
23,n,0.0,0.0,0.0,-0.42156405533924446,-0.15149866666755124,-0.28739179812784094,-0.5828268733106918,-0.48642277056858485,-0.4017659382026034,-0.4462384566476517,-0.7595182886988051,-0.4681438874130678,-0.21673799615184067,-0.854162346203394,-0.4713325075806165,-0.3941999839050855,-0.8548586704024148,-0.30317886249701986,-0.37655115638065806,-0.9999980156471199,-0.5202925348537337,-0.4238037419556881,-0.7631475485204288,-0.5161416750121209,-0.37979022153880215,-0.659177820817183,-0.4928490997884154,0.08642451052292507,-0.8095493405934661,-0.26574980310344487,0.16041613458299092,-0.9625695772059496,-0.5235551962032583,-0.023495656229220643,-0.6762830488649957,-0.4718971898698305,-0.0351040361752216,-0.6170894894083163,-0.3869333959561723,0.5225114598427657,-0.6885333161825344,-0.2662787362756426,0.5997581755468506,-0.7732408637371662,-0.6011811659808343,0.30602285000433715,-0.4963306280004372,-0.459582609624657,0.24519790073457118,-0.45006056654469306,-0.3008537801403422,0.8749478408775062,-0.5273424695517137,-0.2787194585664665,0.9214253595747608,-0.5913292493281378,-0.4907774842895239,0.6309450073996178,-0.3931833961110248,-0.3902489861059112,0.5269012976527205,-0.3473438616559067,-0.28217621189621833
23,n,0.0,0.0,0.0,-0.31437323900684033,-0.183468111591808,-0.24119776397061782,-0.4981437075857795,-0.4829429236038185,-0.39032978961749626,-0.47181465985024723,-0.7427696535946428,-0.5310507055053552,-0.37355693855319966,-0.9117494677854655,-0.6104849323755521,-0.1259746669638913,-0.8036013834912158,-0.12866724505067992,-0.2401444472150312,-0.999997967257671,-0.42291788748254544,-0.3583985608807942,-0.7588599402097529,-0.5315245657244175,-0.35630902026766487,-0.6192350456825787,-0.5605937880225459,0.19501825754501492,-0.7666951722850079,-0.12406689500176311,0.025859731049636625,-0.9683246643603987,-0.4050714647180761,-0.13141067120537692,-0.6712867309269986,-0.39464123911001053,-0.0860024189963739,-0.577067241328043,-0.3094903388095124,0.48941776126853104,-0.6797605414437182,-0.17842850493556164,0.21776887913892198,-0.7348628760171233,-0.4556975104156802,0.04745096414029456,-0.4503874180166849,-0.3585649799622473,0.11710126785027386,-0.3754245124260267,-0.22358475765003072,0.7573210758164237,-0.5442841955999227,-0.26042284614895966,0.451591211984083,-0.5654871080559362,-0.40885092705721576,0.29995061080522395,-0.38497683655562875,-0.35163724291148135,0.35970643204793,-0.327534097757852,-0.2668977141038933
23,n,0.0,0.0,0.0,-0.41394455693615073,-0.24657657594306023,-0.16160263104594758,-0.5358395002710579,-0.5371303493529442,-0.25467977447585394,-0.40629600892162526,-0.7385918406327201,-0.35395639909385823,-0.2064942095562261,-0.8771358583752287,-0.4275583662015422,-0.07795419657446531,-0.7963656556730759,-0.07848369582020566,-0.44957751718047567,-0.9502719824303962,-0.3588211567502372,-0.6784827604200092,-0.7829887001741269,-0.5239692745998914,-0.7579894646740406,-0.6202920057644682,-0.5905808986683885,0.1818057377548099,-0.7833971194997151,-0.11254348416189627,-0.17418113729980236,-0.9999983083226159,-0.41260745105129043,-0.4745896087388294,-0.835182380935411,-0.4999157408291453,-0.6342100248607773,-0.6688110217455829,-0.47293803358556313,0.3644573537277065,-0.7204253228142783,-0.1867783096437659,-0.18316374083517598,-0.748767183879829,-0.4626538423784561,-0.3832967223447289,-0.5302162603848538,-0.46245328786948314,-0.40028416316433935,-0.3818631458081158,-0.38581444251148467,0.46650521514107834,-0.6209895603612883,-0.28158029495391634,-0.08122669360247846,-0.5847226704045887,-0.4625488260279808,-0.2019886400846581,-0.4188567811762899,-0.46378623424020626,-0.15138759807110072,-0.3158284814682982,-0.41294596871104383
23,n,0.0,0.0,0.0,-0.40710489751722595,-0.16017255040291983,-0.12312198336109113,-0.6111571860931186,-0.41545767422040597,-0.15252672483239868,-0.5130187167100649,-0.6522319678264821,-0.1866425570086262,-0.40232020812508884,-0.8144191424114251,-0.18874545657514197,-0.5879374171851868,-0.700794189339402,0.066516468591812,-0.7337180240638876,-0.9231527238616528,-0.19935897548748163,-0.6614223635851173,-0.9252427544179476,-0.3411585676837003,-0.571012244148433,-0.7993829449596871,-0.38194340215221806,-0.21144854058625775,-0.7066514971040736,0.02413513979301291,-0.25072734219085124,-0.999998074415481,-0.24840361989637882,-0.2791069385948878,-0.8371500037047399,-0.3073391531442356,-0.24377411697605444,-0.7035263218148177,-0.24978469280598317,0.11590900870549611,-0.6424128412942399,-0.06669273648062425,0.08361924173544484,-0.8149650352084254,-0.3614046053067162,-0.04128252227739932,-0.5955130606156226,-0.2679894787297293,-0.020513403146403538,-0.5006743948299743,-0.106219427932602,0.4727423013989742,-0.5189700242015682,-0.1691895250052486,0.34042821704639203,-0.6456306964118433,-0.3697202526916666,0.20887072145971297,-0.48543857707922283,-0.2863797964708423,0.2115055831555317,-0.41662939975303714,-0.16018553621406215
23,n,0.0,0.0,0.0,-0.3408332560688328,-0.23287701693861648,-0.08662664157690073,-0.27292813900465035,-0.5438326621416911,-0.12854228436531712,0.07277541151377813,-0.7362394791058126,-0.21231426979374762,0.43636575442603137,-0.8270638252823129,-0.2728701181798307,0.09024464616774334,-0.6993646407496659,0.05837115225709886,0.25542898960427207,-0.9999981782716436,-0.2719282108558386,0.007490413618185158,-0.9903413615207559,-0.4246216817880616,-0.18659510381615554,-0.8600584604283579,-0.4458147594530912,0.3965339709725359,-0.6470064508507987,-0.0229270098712598,0.6109355102262995,-0.9917674425444057,-0.40574162208819986,0.251895792023388,-0.94298979262002,-0.5026578539151423,0.028865069993520363,-0.803448358950393,-0.42420520988291754,0.6812880444475653,-0.5447049674604174,-0.14851339078734987,0.5248850635225231,-0.7053151235742773,-0.5438839034351224,0.15615731082065218,-0.5074526929571503,-0.5194125550345488,0.07823379404530835,-0.3459949342643427,-0.3531143352009548,0.935778384231992,-0.40982084176093353,-0.27790961282397486,0.6811101847211605,-0.5631753417221073,-0.4976098083226133,0.42811699384251556,-0.4206047006548123,-0.42187709881520374,0.4342065720941871,-0.300089534329494,-0.2813453567391395
23,n,0.0,0.0,0.0,-0.5086315937409089,-0.13761778240814598,-0.1107644528346365,-0.7721474836719726,-0.45621561013885775,-0.14991679856206036,-0.6596549120314416,-0.7509895536310087,-0.20920720302550322,-0.41072714115219683,-0.9269210721386992,-0.25370577051198434,-0.5586780517597663,-0.6786090905693459,0.057116976570294915,-0.6085527187133585,-0.9547315160154527,-0.1959104026601231,-0.6190233166036786,-0.9485012349015458,-0.35101308337482007,-0.6110945879420846,-0.8227802907520457,-0.4036560546710403,-0.22578699864645232,-0.6744040775322206,0.01511897005955077,-0.24728519533634363,-0.9999979398314448,-0.2572100196736975,-0.31793356485183283,-0.9301780723297823,-0.37679389993046253,-0.3417530898460641,-0.7812947132203611,-0.37428951406318905,0.08892342690510997,-0.6184254247546608,-0.06548433730758144,0.025247515200069653,-0.7886898949351525,-0.3849350650058583,-0.09886287236311819,-0.5358008603143873,-0.37926166200558775,-0.12594876071406982,-0.3251561573298622,-0.26428846544926926,0.424605624345426,-0.5244170928337571,-0.1522756869751122,0.2750739657870647,-0.6731639032193936,-0.38500036157408896,0.15626736642325537,-0.48637415176400245,-0.35389614021958543,0.12520523326576374,-0.3231610969743495,-0.2556995415135404
23,n,0.0,0.0,0.0,-0.4061752115993482,-0.18641169808420782,-0.20462049166712476,-0.49679830030969535,-0.5006188841563517,-0.30371656453045137,-0.23775901941689323,-0.7169475473579849,-0.3914016809081708,0.07330549588144301,-0.8540311878500519,-0.4487280290622967,-0.3165553546609526,-0.706933710085973,-0.1510634742205465,-0.35956453890200607,-0.9306894976109026,-0.4267960831373322,-0.4576589636577919,-0.7789969063101325,-0.5654676547722759,-0.5069943767821542,-0.6011485397791257,-0.605348931656507,0.010235550289504772,-0.6983314544174223,-0.14714387862788464,0.013201426527285696,-0.9999982433401725,-0.41052349940929556,-0.1472866013238647,-0.8616704970281058,-0.472911971955495,-0.2440889653307196,-0.6965275428604567,-0.4392620087950178,0.32197766454543475,-0.63791562567267,-0.18222945320883116,0.1906680644946446,-0.746305282616412,-0.4705987748650772,-0.009676634545761406,-0.5234928617310838,-0.4500958962927694,-0.07297054431452,-0.35975358393297807,-0.34934334972029624,0.6074566023301866,-0.5349524668168103,-0.23377327980979504,0.39818139717974704,-0.6204976206672485,-0.4261342422950314,0.22472506867306904,-0.4541888800831814,-0.3937480171579919,0.18653053835568567,-0.32679577373690993,-0.3150477488294224
23,n,0.0,0.0,0.0,-0.4426033741666703,-0.2242028548428801,-0.15211190647757283,-0.4719921428664885,-0.5451984412188569,-0.23163436944394786,-0.16120424728028152,-0.7618277294861794,-0.3272234140310251,0.1969109488177903,-0.902149561366033,-0.4056290975492936,-0.23656733299033506,-0.70702237432373,-0.020065257015726194,-0.31407840670871773,-0.9146774122434637,-0.33562584590067795,-0.48026425525833555,-0.8025534573738302,-0.5264052632877075,-0.5759294448479897,-0.6448490677618167,-0.5944770855986982,0.10064951977113255,-0.6796421406525719,-0.06718988010895662,0.1107901572911253,-0.9999981312837366,-0.3938520595094861,-0.1627751539086862,-0.892302755284033,-0.514268677150159,-0.3491707131696654,-0.7148087960463703,-0.4945444900317509,0.42039648961189346,-0.6056829410094104,-0.157170905821388,0.2730361250125849,-0.7826794028559455,-0.47280853774377973,-0.044735279513559115,-0.5926976631956731,-0.45705444440938864,-0.17984873195586054,-0.43206236625097433,-0.3458908438454315,0.7122771452676976,-0.496197370798456,-0.26287388357392477,0.4307885212014653,-0.5789222260865904,-0.45935126951363053,0.18817519982221123,-0.4347819778149437,-0.42037246308754894,0.13174463824893815,-0.3213432163676278,-0.3300055956519667
23,n,0.0,0.0,0.0,-0.43052514282133103,-0.20097014990766593,-0.08498373693419155,-0.5980547675336647,-0.5015247814219282,-0.11609400860826934,-0.5222610957127073,-0.7373767616453712,-0.17253073005449399,-0.4195602155245165,-0.9010742142769116,-0.2087224230785098,-0.23132980218448046,-0.7258898256426048,0.024002998617581407,-0.26183374252635166,-0.9999982946445694,-0.19922669032647958,-0.4447479106458663,-0.9395870316415951,-0.3110224197918323,-0.5565770565968741,-0.8278684015051225,-0.3320043388992321,0.030077073325875725,-0.710420152785276,-0.02032571507525941,-0.04625858085709819,-0.9786128873552447,-0.26471286291175,-0.3040866142832355,-0.8849733637232322,-0.3321768848593826,-0.4714680883405357,-0.7396467447865097,-0.28220752397622445,0.26766701574469687,-0.65647623763948,-0.09869155417360438,-0.09092252193638066,-0.7027897079330915,-0.33936216621673393,-0.2994717340848284,-0.5081330629897097,-0.34855731577441346,-0.35498879064580574,-0.3414456353629887,-0.2601948778158545,0.4761122937286356,-0.5564376475928408,-0.18843184404752775,0.07331683682184764,-0.5762896828966803,-0.3411996155157925,-0.1006933498712695,-0.4213432073872565,-0.32899477142462935,-0.12687423885219587,-0.28539925150452444,-0.2558929690526777
23,n,0.0,0.0,0.0,-0.33404238125826596,-0.16598254765451434,-0.08095074641224372,-0.5195942147446456,-0.4459468007678637,-0.1307501552606931,-0.5707906465125676,-0.7120313236250465,-0.2068455482415415,-0.5778070036388349,-0.8852132173978685,-0.26902474867424736,-0.41601796524123447,-0.6290944182968602,0.045397818754256754,-0.5524324563309086,-0.9202623985223868,-0.15702717540619598,-0.6316385100773867,-0.9353521459081778,-0.2630664755474445,-0.6447149913894994,-0.8252722237160749,-0.2854177637384253,-0.19854269685692408,-0.6493234821810299,0.0098898109495161,-0.2950247145171893,-0.9999981441463834,-0.23724259997252847,-0.40687990924126005,-0.9421836058906062,-0.329628451771978,-0.4627940112688364,-0.7750315271098446,-0.30479479636299656,0.026612799553294035,-0.6364105488361118,-0.05578223801699647,-0.161939588809066,-0.739498975184076,-0.3018533388840224,-0.2074075829515978,-0.5098163471503164,-0.31479459030780543,-0.18293030945895666,-0.31445080600104414,-0.22880545790602222,0.26102189193760544,-0.5839820594025736,-0.1281816584952072,0.03724435766965523,-0.632725714132559,-0.26498953305348866,-0.028666855828462446,-0.45884950199444197,-0.24368228044003537,-0.0234941605007967,-0.30735270254555347,-0.17265589271194637
23,n,0.0,0.0,0.0,-0.4297709266331958,-0.1768195744132777,-0.13111052526629743,-0.6746431745946099,-0.4814670181930722,-0.21590429004136102,-0.6213636585102282,-0.7371899328660172,-0.3073122416705065,-0.38265261251591465,-0.9030637135954631,-0.3774514583261548,-0.39017234564346875,-0.7606122846626815,-0.06494044283071573,-0.591749116193313,-0.9201722572137063,-0.3361468129111884,-0.7325922947107526,-0.7328390932726013,-0.49632938959747125,-0.7744899868474159,-0.5594560647036135,-0.558174714228481,-0.10621111921388239,-0.7701780216783575,-0.10172304492801572,-0.33618532087716707,-0.9999980399560802,-0.375382030479855,-0.5284162241833588,-0.7922713997281292,-0.4494991434346888,-0.5947920110297217,-0.6010828333539209,-0.41636174879416255,0.1735431409614203,-0.7226432459405554,-0.17468665207204523,-0.10978663163299798,-0.8080836229476628,-0.44154454832046414,-0.28823291524162825,-0.5651528764774127,-0.42055685703470536,-0.3420239030911099,-0.39775942995251673,-0.32425494833795954,0.4309830726585033,-0.6295761216129219,-0.26047519029294175,0.0979002287557532,-0.6115400827130136,-0.4380396874659772,-0.016530538465700344,-0.4287461722733111,-0.414621103363334,-0.00022512701949471402,-0.31183047941374,-0.34072283793795977
23,n,0.0,0.0,0.0,-0.41809153212191613,-0.17453774082543896,-0.2251839988180768,-0.5919956430359449,-0.4848113623935397,-0.3391514545577698,-0.4256793764864527,-0.7461438408947658,-0.4327038024744897,-0.10338192764940392,-0.9179791340893529,-0.49671794470161235,-0.6375247739115071,-0.7059065062416875,-0.2013412789363127,-0.8097231081396955,-0.9062120164043542,-0.46195728190637547,-0.7299309330357275,-0.7355716042356832,-0.5877183378266857,-0.656072156056755,-0.5416758616806489,-0.6259875083170319,-0.2510596790042971,-0.7335565831180613,-0.19290572228782635,-0.4085430367661168,-0.9999980755709833,-0.4656473387945123,-0.39498101668181546,-0.8040915559799203,-0.5476415326922567,-0.37270343093065494,-0.6042280038275113,-0.5393278930227873,0.1441391049452251,-0.7045855645219553,-0.2171647349566986,0.04019844968928981,-0.8473387474171054,-0.5316723727625715,-0.034962055937336554,-0.5873043843589332,-0.524652145634931,-0.06932971104177522,-0.38169606630262115,-0.4344476325135361,0.5174402631511079,-0.6193503547743966,-0.25660722195026986,0.38829113968901585,-0.7220901069967494,-0.5155285172581077,0.2797563234606324,-0.5283796702204773,-0.5043644032741016,0.22547199637252083,-0.36701555866108565,-0.42993878331636154
23,n,0.0,0.0,0.0,-0.3787806637955438,-0.23428599963650434,-0.09321607906135382,-0.4557932008513008,-0.5262682168506037,-0.15758222281580292,-0.258013029043518,-0.7242781048444356,-0.257889267653675,-0.017145528046117388,-0.8529102562560664,-0.3326185425350262,-0.060776748769078015,-0.7142172786268067,0.0263932048594138,-0.16672084578237503,-0.9999982198623223,-0.28931627220735356,-0.39745420237066426,-0.8979650807056873,-0.4389813543285523,-0.47533042984417595,-0.7552883575506527,-0.4668237518612457,0.21370899985139494,-0.6799968350619695,-0.03978332492892019,0.0793292751916863,-0.9921555872504644,-0.40119322740632096,-0.1945675405462624,-0.841864303050275,-0.49549127083542177,-0.29921636719411226,-0.6653402527129627,-0.4339431160147859,0.4717343900661253,-0.6172180009743886,-0.14820240163794735,0.10312850869320636,-0.7189460897684875,-0.49832638237871474,-0.0925323323523858,-0.47481348884721025,-0.489375568115059,-0.09159442185512014,-0.29827262095078066,-0.35616986293321906,0.7214232578689923,-0.5227460257864053,-0.26555003719722436,0.31039033544769484,-0.6001225011877271,-0.45554203451439157,0.14200020102928476,-0.42673542962202626,-0.41152939473378675,0.15643369872186288,-0.29915371250225914,-0.3030406471745682
23,n,0.0,0.0,0.0,-0.3778072431735578,-0.23442168873624727,-0.08785532188232545,-0.4297642459203957,-0.5481725392776711,-0.13309413320409982,-0.1871239516382093,-0.752773605512616,-0.20669677492646046,0.0740852216197444,-0.8631549564450914,-0.2533792194269431,-0.1425091883105765,-0.7228893966207673,0.01867458271465624,-0.15481121784665516,-0.999998266770741,-0.23929782986783762,-0.33255005584980385,-0.8630957606664025,-0.3591071674688046,-0.41752094727469163,-0.7061053271921556,-0.3799456053679114,0.14912986941171316,-0.6825000548361676,-0.03467701556470769,0.12105547072747859,-0.9832349881806305,-0.3382536723537399,-0.10799030119632923,-0.8003098561430243,-0.40490814498466005,-0.21472256295987474,-0.6110825689809704,-0.3412092256391029,0.4290842692793296,-0.6069681007822862,-0.12554738166729063,0.2326223643428337,-0.7294555308263582,-0.4176978940167085,0.01334265620053611,-0.495080692501342,-0.39361019672610814,-0.05283367879911482,-0.32197048917250587,-0.26884135310668184,0.7076779927052138,-0.5012109164308802,-0.22561810381229722,0.4558987173232661,-0.5980318109875646,-0.3875260483939439,0.27268375324881533,-0.44554834058492365,-0.34344260075531186,0.2271516619685319,-0.3224263896460739,-0.24571726598313465
23,n,0.0,0.0,0.0,-0.3972500554116887,-0.10956389665128578,-0.13359949549905975,-0.6742163768075345,-0.40459257401257914,-0.1973006402166456,-0.6411950366335893,-0.6976733565941526,-0.2716412188199127,-0.4146840895815086,-0.8806518106030299,-0.3104344999366524,-0.5340371037100891,-0.6879440576849203,0.02034183146931,-0.6799042930769891,-0.9334419237490111,-0.2620607372312796,-0.7209164023686648,-0.7784721046428449,-0.382005796401996,-0.6680826404625645,-0.6568444295155085,-0.4049257376574673,-0.24517991384858295,-0.7281051943786087,-0.013500602397739682,-0.3889696231412445,-0.9999978253758675,-0.3214562169220484,-0.4783791341661379,-0.7349059109979161,-0.3663004086741334,-0.42028636095638633,-0.6005821174502342,-0.2835382765306975,0.030348947265981717,-0.706239336655369,-0.09595150826907684,-0.1675467540523334,-0.7596901760217136,-0.4041919070548998,-0.23562877446654815,-0.4538200798942544,-0.3493674117195788,-0.14341893786483423,-0.36525794457620275,-0.20278552656291782,0.30548338172266193,-0.6423506432285183,-0.1901611515389374,0.03705510777391008,-0.6128228888941919,-0.35316281237118696,-0.009573822479349889,-0.3982917280492465,-0.29562143285274023,0.09455598176143706,-0.3474603327608469,-0.1899134845206815
23,n,0.0,0.0,0.0,-0.39362302262842536,-0.17026320017794908,-0.07136523591763312,-0.6011126421847554,-0.4373458711598275,-0.1176656819798604,-0.5399848858259397,-0.6731801687520897,-0.18523101129627037,-0.38255837023561656,-0.8090421605130321,-0.2365087918512878,-0.43524218277753696,-0.6989165185286956,-0.002860938961602351,-0.5462481334197544,-0.9820257080992444,-0.19531869769710913,-0.6768373597043006,-0.8994819633148727,-0.2892619597217958,-0.7141718512958257,-0.7569858823669304,-0.3052465669634874,-0.22575717421383273,-0.7133757628650035,-0.0379601638165321,-0.3721836081451069,-0.99999809442894,-0.2398171333093887,-0.511416339863463,-0.8780777589062518,-0.29127265375357475,-0.5518814046286988,-0.7010039648442709,-0.25243105738410976,-0.009072443650245988,-0.693602068867093,-0.09990697679098529,-0.2406163936406157,-0.7102395674374298,-0.3123605353943486,-0.29514510051579984,-0.4781919430075563,-0.3186214545799978,-0.25803521512657907,-0.2912487650078612,-0.2422186591703101,0.2121138381729753,-0.6342236853163133,-0.16896449629522636,-0.04764564838580701,-0.6289628458329597,-0.29391857728620707,-0.11746234253288101,-0.4463006450120521,-0.27187888781973907,-0.10167857469307288,-0.2936583835069187,-0.2042855821113164
23,n,0.0,0.0,0.0,-0.37394438150257875,-0.22287738706079438,-0.1599827736406688,-0.49539164126648877,-0.5274944558089286,-0.260030488459016,-0.3563142763620981,-0.759059700233982,-0.38091764016952884,-0.11812524891515862,-0.8972292198402886,-0.466332887216694,-0.19548964279598427,-0.7344348057613798,-0.07178083953763488,-0.18412806157197914,-0.9967394868870956,-0.4177441020753877,-0.3402077538739916,-0.8490835209983124,-0.5914233250480321,-0.42045312864026374,-0.6505708207317704,-0.6272444280369266,0.13242565900384623,-0.7059480040051926,-0.09970246004299409,0.10126989542923455,-0.9999981842319123,-0.4515410398750305,-0.11621372223739396,-0.845365773692917,-0.5334115424134488,-0.24132802438944584,-0.6451794864723712,-0.4737955471086602,0.44168647563799834,-0.6407137739948531,-0.17689682740299717,0.19275130669376128,-0.7101938508703295,-0.5201910334226401,-0.01214006675187069,-0.4825732541968234,-0.5093734071914129,-0.09216692875840972,-0.30519803778936627,-0.3807330840112649,0.7290756693950071,-0.543832261985767,-0.26934574476739237,0.4370159953836525,-0.5909989825374181,-0.44691947877244265,0.23065325939786593,-0.44131189779677177,-0.40293772509628284,0.14223622172377226,-0.317166129912601,-0.30018561724865533
23,n,0.0,0.0,0.0,-0.3787423547370328,-0.17335196296470207,-0.08176431819244688,-0.5419106847171972,-0.4918286359086973,-0.1233816275267861,-0.42947840762353595,-0.7455941562542572,-0.1851906018342698,-0.22749183283923557,-0.8788587494873219,-0.22846479141991083,-0.24227545593260155,-0.6968250710313199,-0.014648590914921225,-0.2685192982381903,-0.993485324575434,-0.2257160484321742,-0.39370183926794006,-0.9254226122461051,-0.32145248381874325,-0.45317774947547784,-0.787808503343592,-0.33322652813228454,-0.007198437170596951,-0.6800667092598569,-0.051492112878625824,-0.06440701310943112,-0.9999981104929082,-0.29230861714470874,-0.23410327685423532,-0.8859435778041759,-0.35647188506285027,-0.32001330659997534,-0.708749523894228,-0.30660201873806975,0.2199480923272992,-0.6276421500638198,-0.11531782735307175,-0.016833537890296634,-0.6940658540674761,-0.3608165579261414,-0.1454977749884865,-0.46859116261606165,-0.3669900658541228,-0.16607142333623284,-0.2866739649104772,-0.2748631963276355,0.44218018718635427,-0.5366029128573423,-0.18495241742330595,0.16744295108927634,-0.5772398003085589,-0.3353665979601161,0.04422771559328948,-0.40561897160991306,-0.31524735687149213,0.028482964412842426,-0.26520524209916435,-0.2380301923335533
23,n,0.0,0.0,0.0,-0.4481304796546271,-0.21554311174719276,-0.09383129284581022,-0.6470291085250766,-0.5096477851216651,-0.16366898008936603,-0.42242282284488764,-0.7140468153365035,-0.2563016075438964,-0.03488768849839687,-0.7952814132437026,-0.3334005952799958,-0.5663571933663467,-0.7086032069848289,0.006895062862641038,-0.6540060042170122,-0.937021197583104,-0.26816038567750167,-0.6160385304941358,-0.8455266677502374,-0.4669116305587059,-0.5643123369710594,-0.6868132172366477,-0.5545820783049653,-0.20160462977874882,-0.7079679897076212,-0.05698914603767623,-0.20862658947577306,-0.9999979286341173,-0.308817192799946,-0.2798854364811751,-0.8881825264847146,-0.4132028368720296,-0.3501474430014118,-0.7144996159903731,-0.4159792734375976,0.14529894563444998,-0.6524140719386222,-0.15632314600508518,0.13402146230073067,-0.8275235977173437,-0.41827170406906,-0.007347161311827966,-0.6113782950528369,-0.38259514855555743,-0.08699464199871504,-0.4213982031785034,-0.2794100589642451,0.494967228625591,-0.5382116973443418,-0.26783888795352717,0.4122048992143747,-0.6538288965038627,-0.43616402776616064,0.2540896270697006,-0.49445411628271924,-0.3664988106557787,0.17706622957227383,-0.3535640353652932,-0.26473178653418233
23,n,0.0,0.0,0.0,-0.3283085374879315,-0.19170562365632865,-0.22949736725027178,-0.49871067526000584,-0.4753178326142199,-0.34477521356618357,-0.4530893362391345,-0.7171932900271697,-0.45622445722867483,-0.2524329897647091,-0.8651203752214714,-0.5205876778651838,-0.32955443206339685,-0.7196417035498499,-0.07102907529256702,-0.3314584469421591,-0.9999982185500996,-0.3961154725524217,-0.40171379805464363,-0.9343294817585349,-0.5396086606775327,-0.4480557989823359,-0.8057487496798053,-0.5673917858532097,0.030999080262149026,-0.6929803984781308,-0.07176320249157282,0.06848889590666862,-0.9955753644805124,-0.41123631212497597,-0.12060442124728664,-0.820497684385903,-0.4745315738262665,-0.14212266161902368,-0.6909890483380807,-0.39841400921029,0.36300431495871716,-0.6043483280157456,-0.129318659419953,0.2029821189918929,-0.6956328420367556,-0.4696772198563045,-0.0014659581973728577,-0.48557640760651927,-0.41639992317518193,0.06610796148252755,-0.41454480794978626,-0.2666163133095477,0.6770068057342669,-0.4748300824346145,-0.2038500404895072,0.4245315552595364,-0.5519512061852367,-0.36876822731301984,0.2672635258669159,-0.4003642160838622,-0.2810277728859338,0.332764865650067,-0.341086402947482,-0.15493897595933145
23,n,0.0,0.0,0.0,-0.47039439527768534,-0.20405395917748134,-0.0961033604098022,-0.6364674123406326,-0.5234541321734989,-0.15069711344148531,-0.4623425893812114,-0.7599784022891252,-0.23667695269707623,-0.1961930773458145,-0.8935410935705882,-0.3051146260562533,-0.2852900455836583,-0.7005218624918007,-0.008839941773467787,-0.4063067314408513,-0.9946877192919759,-0.2946510313188063,-0.5958110204412653,-0.9105424035486505,-0.4260883471703931,-0.6813687099280972,-0.7647415616547116,-0.44259563088805975,0.02068458753732355,-0.6819064110925882,-0.06453046086096621,-0.13376276549815994,-0.9999981669961231,-0.37972086748353234,-0.3783068842633611,-0.8628683367996849,-0.45525304965429647,-0.5016895535743052,-0.6690857099144177,-0.3901194824856179,0.32362355534175885,-0.6339189721268085,-0.1579257197775603,-0.030039265807373768,-0.729638465222038,-0.4818633301832894,-0.2128555858789745,-0.4949218280976755,-0.4890331160653498,-0.23993834201212091,-0.2991372026066714,-0.36879476671040895,0.6331202594654223,-0.5527230371334021,-0.2577987809253056,0.2571874435661388,-0.6500346566574737,-0.45824872744138984,0.09298673877706803,-0.48408837602667304,-0.4251634443545852,0.06702794906263575,-0.32917941831375896,-0.31908065311217637
23,n,0.0,0.0,0.0,-0.5091630806258863,-0.17205375192562802,-0.17180518036692688,-0.761406169856773,-0.46227839314393065,-0.2417470304768908,-0.7381682454483413,-0.7236886180688417,-0.3026668997970333,-0.7136422652721042,-0.9150009133137966,-0.3118893067656987,-0.5723250078045635,-0.7425432350555552,-0.018148420595919004,-0.6552478923808335,-0.9405189435547183,-0.27814977990146383,-0.6818595344070179,-0.7209970215144607,-0.3818657240250701,-0.6375901365724688,-0.6026431403026913,-0.4079005738345949,-0.21031503563126513,-0.7613662081827414,-0.025603777941689318,-0.32387255157495376,-0.9999979775395568,-0.3050345837778913,-0.4154403577520209,-0.7044347459859212,-0.31791309213932895,-0.3645233384560181,-0.5924813627612019,-0.23469487994264226,0.11403181219248884,-0.7150501457879863,-0.08164804237908115,-0.05259233563040394,-0.7788803310058613,-0.3556825097198759,-0.17098316481529763,-0.48203675875874313,-0.24855715069126932,-0.10103420237119232,-0.39796655824704136,-0.09507793745852933,0.46198274908491865,-0.6193706871889904,-0.1543066986515161,0.18804215852738815,-0.6384200495283374,-0.2957887904901848,0.0844792199988486,-0.4459913287822512,-0.20952823215901412,0.1695034376697841,-0.40700826370930143,-0.0993830393417015
23,n,0.0,0.0,0.0,-0.30694361488001254,-0.21804065213626483,-0.14822481102016016,-0.3504718093214941,-0.5091704047363984,-0.23359412988763117,-0.2063823041482858,-0.7297481829894774,-0.34710859380844133,-0.03358368450633509,-0.8844788770264552,-0.4348325533515246,-0.1113622400933784,-0.7125395955262797,-0.0038449203831798146,-0.13413447734519718,-0.9999982353903955,-0.33831965846760337,-0.27926288738611255,-0.9798797939819921,-0.5129856773982108,-0.3626607850044954,-0.8690177585785249,-0.5538957579478202,0.22155751997342238,-0.6867443055072994,-0.04567960876261754,0.2345557423334309,-0.9937830547282728,-0.41427751421030906,-0.00986299626544529,-0.9014976691129101,-0.5280112761973474,-0.1718795661634364,-0.7368287758765045,-0.4762525150524808,0.5023348787531179,-0.6138969588109249,-0.13424925290780101,0.16952445218264525,-0.689264445227137,-0.4840429079394798,-0.06301942760363281,-0.4702298522151615,-0.4769625254103099,-0.1297177511840033,-0.2953563152583343,-0.34170134508671784,0.7320260956366419,-0.5073684793308242,-0.2397889058375964,0.33622811067791636,-0.540342967482438,-0.4217181608648259,0.14515786014093646,-0.3841205995846614,-0.3767393649341821,0.11556513749263364,-0.26069218020747664,-0.26873020279132626
23,n,0.0,0.0,0.0,-0.4202192764639007,-0.17302524742096623,-0.08706318601889779,-0.5630105702661407,-0.49980190271938807,-0.12850736506860286,-0.4145773473685516,-0.7503653293794076,-0.19734139397387243,-0.21051932382329694,-0.9040674145774249,-0.24885451263262093,-0.3588989211133305,-0.6846617831300505,-0.005011639956548577,-0.3666082461750718,-0.9999980356148447,-0.25770581139936405,-0.45484280219453993,-0.9357306135783089,-0.3817810656458542,-0.5069720445435899,-0.790606840020363,-0.4012820822309796,-0.08390083415821889,-0.6619125241623773,-0.05346917974772186,-0.08245247440830256,-0.994290069745126,-0.3395310828092539,-0.22949143150944828,-0.8655229553685866,-0.4234493628529003,-0.3206424361005244,-0.6739903457697435,-0.3760893455251492,0.1870185452877306,-0.6019209832662776,-0.13418679110897302,0.04048434799918706,-0.7372635279666339,-0.42243712096705033,-0.09626200504568182,-0.4932538413601261,-0.41667198762377483,-0.1359409151532218,-0.29542909217432334,-0.30270504331501924,0.4592316132443369,-0.5115897596605725,-0.22081875521356303,0.2578579728685614,-0.617916694103379,-0.38938431035727833,0.14711804901796613,-0.4579489894059814,-0.349174647238714,0.13275013296042917,-0.32251423910311433,-0.25227592591817005
23,n,0.0,0.0,0.0,-0.3586773311223702,-0.2543914688711959,-0.13394190987746157,-0.47499305022410154,-0.5677822143164174,-0.23558420284685677,-0.20767727408553593,-0.791539933393098,-0.35389838084475683,0.2092853352008573,-0.8748125250077904,-0.44258176329593685,-0.29811524490311647,-0.7706654911651702,-0.012687110686268818,-0.2599340816156662,-0.9999981415087195,-0.2871528501686962,-0.33328123128856335,-0.7966589436366219,-0.4641884263740884,-0.4055281665160107,-0.6062512810818906,-0.5345302027070464,0.028966590370026895,-0.7416538708744753,-0.04664427061685316,0.04859686641349339,-0.9499090843292745,-0.30323922160696437,-0.0750241126594498,-0.7334758169427621,-0.3953728486438473,-0.19103608749925774,-0.5617991059273306,-0.3921111703126517,0.3577097140078914,-0.6754845348659546,-0.1220692146503925,0.35564719963416713,-0.815390892148335,-0.36612516744062173,0.18613685428551355,-0.5948972053654926,-0.32658961712968265,0.059662152454167776,-0.43046964692934575,-0.22793237034046615,0.6605081814352004,-0.5724176929394834,-0.21361850507836003,0.613855411227672,-0.6906908566000468,-0.3687435493221256,0.43684307001824557,-0.5301100054459646,-0.3078430740495857,0.32468987690417467,-0.39642669458014235,-0.21220125340547596
23,n,0.0,0.0,0.0,-0.36783756915608096,-0.1983692149421354,-0.15922610517047905,-0.5281531382931751,-0.47089661450575276,-0.25154067292341137,-0.5003941167036767,-0.7139145705125094,-0.3647242580882341,-0.42092927746611064,-0.8779662656721294,-0.4515515581711635,-0.40981619037665523,-0.6770263267062044,-0.03162523490905662,-0.4752883691125823,-0.9548520379275416,-0.3517831568531463,-0.5438793749165335,-0.9522809140814661,-0.5173873619486431,-0.5915384046259855,-0.8263491819166969,-0.5546883822828387,-0.0749005746418105,-0.6735018132921585,-0.06265917418696694,-0.07341366221562892,-0.999998211225373,-0.4386013676427778,-0.22871583305588544,-0.9098399383695583,-0.5695538281796249,-0.3368629635053878,-0.7290287058710816,-0.5313510220071499,0.23600891140724772,-0.6232479902573099,-0.1358112326809775,0.015485596916927056,-0.7085218208308766,-0.4923571541147515,-0.11269812094536838,-0.48097837333632,-0.48905904673376144,-0.13152852448627045,-0.3030566564975344,-0.3543176303230207,0.5259112014624326,-0.5316604326941112,-0.22255855497933139,0.2262514351053074,-0.5714259042885229,-0.4199025056339137,0.09381366143142214,-0.4053112060984787,-0.3809014142855513,0.08039967705147401,-0.2782189497668602,-0.2726750124041784
23,n,0.0,0.0,0.0,-0.38873808653838043,-0.19160654691546292,-0.09241322571748888,-0.521529143183415,-0.5175353686622007,-0.12513944433565566,-0.3930125667011448,-0.7342569066280136,-0.17536445987246535,-0.17632267320347714,-0.8564516159685784,-0.19661421309709015,-0.38818653255765784,-0.7160277215158993,-0.005777607590736251,-0.42952103224155846,-0.9933279178458637,-0.24400612619250192,-0.5703706610564083,-0.9002116944659702,-0.34677750142575403,-0.6034486842689146,-0.7295489073617136,-0.36819954260334353,-0.11125219379670459,-0.7133053368003082,-0.05322445224131211,-0.12640438405898066,-0.9999983038144495,-0.3091643355904342,-0.32270154094834425,-0.8406376974151605,-0.34073901908983456,-0.33841782165795636,-0.6799579817566874,-0.27725394775724427,0.15659886829959083,-0.6475568266407694,-0.14102764650878508,0.03418118172422012,-0.7881912124119095,-0.38052718605718266,-0.12710561738503545,-0.5799275431876035,-0.3304614165040382,-0.05135391677280935,-0.46983734841526614,-0.2256491752764947,0.41111775200437695,-0.5431791660724021,-0.23962657729644712,0.19650557564681195,-0.6303475942982492,-0.3755695948396575,0.06905571093259304,-0.490647933543839,-0.3330383933719941,0.15903882866449948,-0.42398876029542504,-0.264616228955797
23,n,0.0,0.0,0.0,-0.3897981503239097,-0.19320613066617698,-0.1184955837081958,-0.5943752797310687,-0.4981212364046806,-0.19249414054176617,-0.5958784744644328,-0.7555799075150063,-0.289489971283689,-0.5838788224879298,-0.9328848829153732,-0.34772812728226626,-0.3562095851093159,-0.7387796110402931,0.045295534298578966,-0.4840714270927027,-0.9999981738289114,-0.19470086252058674,-0.5600519342089026,-0.8378242521202379,-0.27458377092439573,-0.5422078915865989,-0.7142409094405685,-0.2766002125054421,-0.113161555355943,-0.7229813718223032,0.013474260355847232,-0.2784441294894904,-0.962303552196649,-0.23797975462384507,-0.3624543741495178,-0.6873470032033955,-0.23423695212535953,-0.28085620735273037,-0.5954245227167503,-0.14712204160867765,0.13279773046828808,-0.6759991347217066,-0.07172204957659876,-0.0799425300486461,-0.8200337628512154,-0.34808019704077936,-0.15770722373051846,-0.5266056336949972,-0.28352715371030673,-0.05422385868012845,-0.4319315231386871,-0.15588847791099522,0.37892252010077987,-0.5999131536231294,-0.16778137693784237,0.13878982822872865,-0.720238721735658,-0.33153289117859486,0.05935137456025695,-0.5185412279742997,-0.2876530205147583,0.14659980109720042,-0.42650750454648884,-0.20393853023488226
23,n,0.0,0.0,0.0,-0.3725194312527849,-0.1818641332159133,-0.12031193458058097,-0.5043186631935817,-0.46960810232355865,-0.1601407541839761,-0.3596795768595365,-0.6801508805932158,-0.20373855985999528,-0.14370684387516364,-0.8072950526399278,-0.21227241335496166,-0.3426381457459815,-0.7053398841839829,-0.0375331858945126,-0.3123473667277066,-0.9683790179712481,-0.31767874513686584,-0.4066771989538226,-0.9042500115436904,-0.4327371163548677,-0.4583550032435106,-0.739483091204257,-0.4486962377116726,-0.001289850727632383,-0.6855755544976546,-0.0682571675961272,0.035986517426926816,-0.9999982796641811,-0.349131097336047,-0.15910240536241868,-0.8453371895546395,-0.3674973709540692,-0.18293670167215265,-0.6945768237896296,-0.28187941448975407,0.32091135416675304,-0.6055040638291643,-0.1417846448439869,0.2511763574702493,-0.7597260263656805,-0.4378228442715342,0.027723536173663417,-0.5374694880418209,-0.344058955970093,0.0589658351718306,-0.42014413674995166,-0.1860300162889607,0.643259498888843,-0.4709370207932395,-0.2235270761700917,0.4708766247300727,-0.6093544923010588,-0.41272943360077946,0.26867798812793453,-0.45068147321115465,-0.33167327689565895,0.28095643599174597,-0.3585119538183131,-0.215038301824989
23,n,0.0,0.0,0.0,-0.36723096569026725,-0.10996040061471007,-0.10659423718786758,-0.6527138748096306,-0.3541413420904612,-0.18972287391650317,-0.717543577636025,-0.6070626170278585,-0.292845636188203,-0.6928845651458022,-0.8027837831799494,-0.3702377516710719,-0.5063085474461284,-0.6648899781275328,0.024719105356765667,-0.6728262856487355,-0.8978215153012973,-0.1994076114689635,-0.7213750174269739,-0.7604776760623864,-0.2841084126614521,-0.6799902824071394,-0.6221341005246736,-0.28815594674046885,-0.2923278450323754,-0.710305496685958,-0.006454166613488113,-0.4899154955760049,-0.9999979336218027,-0.22698580591705003,-0.5707930167077154,-0.7929630090693978,-0.24341080390057776,-0.5167263366822643,-0.6936632805269991,-0.16846294328820274,-0.06287549363766198,-0.7150352457901151,-0.08089077923579424,-0.3062093627473899,-0.7589224007004151,-0.31562209115802253,-0.3181653688907252,-0.4756424339785349,-0.2938172906986438,-0.1882595085953464,-0.38530837061623235,-0.1998053752212095,0.18855664593929855,-0.680337548206631,-0.16472998990084267,-0.10616991343178787,-0.6689697816300171,-0.29748707545790876,-0.11135506785377425,-0.4604108966046355,-0.2739702404429773,0.019807267722155016,-0.3875807784901878,-0.20847810608817718
23,n,0.0,0.0,0.0,-0.4460432709777501,-0.18997757067755713,-0.1022652841280494,-0.6106828714627349,-0.49148937863831643,-0.13462345341601337,-0.4305752527994341,-0.7234416739083186,-0.18441750980916194,-0.23234104611520265,-0.8782872907733802,-0.20613508927457924,-0.5039449557185394,-0.7025069009625441,0.02519568889437203,-0.5382439568520201,-0.9858614527801403,-0.26093693146857166,-0.5619964175210768,-0.8883110693373554,-0.4150648440822683,-0.5615037838111311,-0.7280688348364901,-0.45912583788070266,-0.15121695168415283,-0.6900877692740587,-0.02941046685528958,-0.1388801595844078,-0.99999818828975,-0.3036351105853002,-0.26433394483905037,-0.8432574920440955,-0.3671151809786109,-0.312779643222549,-0.6982715144972579,-0.3255862510185822,0.1850444304383091,-0.6258862691004499,-0.12873134043209788,0.14323578884584137,-0.8121700858271137,-0.42140102391706585,-0.02633365829484194,-0.5853529462529314,-0.35366332187121585,-0.023924482918057936,-0.45747303176520027,-0.22032488657490013,0.5371334792640704,-0.5114785691463138,-0.23816158525029169,0.39718144721036813,-0.6621092089654622,-0.42117673627665436,0.2431641936046213,-0.5006550437046846,-0.34069961504041213,0.2576988318022455,-0.4092861766527977,-0.230735769192301
23,n,0.0,0.0,0.0,-0.3527071171436956,-0.1995774996760154,-0.06590200295663799,-0.5134687789971294,-0.5118357612245268,-0.11455072496532435,-0.39806107683183484,-0.7701386268941232,-0.18658078026504474,-0.13712646973175685,-0.8776231847626507,-0.24391247986292008,-0.3247808305404365,-0.7012349350799585,0.019170480164758367,-0.3034249942299503,-0.9783391150457247,-0.19369858079631802,-0.3562713118375861,-0.9049377379985211,-0.30680726213119325,-0.37251113132141256,-0.7654093410390188,-0.3373390989525108,-0.07751492449803606,-0.6779406609180076,-0.03223465085235452,-0.05970472717098872,-0.999998066377874,-0.25776581600223425,-0.16307006138533134,-0.8529323052570654,-0.3202655690930358,-0.21522151950034094,-0.6653188015872374,-0.2825138032999236,0.16825943665734794,-0.615179888912639,-0.11221202833786795,0.07421408258912664,-0.7478009514697403,-0.3513300470066028,-0.03734279101958686,-0.5135748116282814,-0.331864444038908,-0.06929889387092622,-0.32984642424086896,-0.23012073197064062,0.4041378991254507,-0.5155522625728385,-0.19683933648275972,0.2477093414210502,-0.619559900975671,-0.3319900696562513,0.14902142927483536,-0.45832051601775303,-0.2827690019450634,0.12673267868950044,-0.321796703490664,-0.1945022678019501
23,n,0.0,0.0,0.0,-0.28426747066611524,-0.2488861694955863,-0.17467925197991296,-0.2768944478565579,-0.5844884924542849,-0.2498429223095215,-0.04186598216188026,-0.8093477927404873,-0.3311744988954835,0.17862070035535513,-0.9812564999174869,-0.3796389918840163,-0.10918953933384584,-0.7777074420717521,-0.052941573176518236,-0.1358489442814375,-0.9999980567308734,-0.3453944253903076,-0.13576728563591497,-0.8724892689830385,-0.5341630656976954,-0.12664398794339135,-0.7003750831717737,-0.615450077512218,0.13362829243468813,-0.719509209579965,-0.08215498256917689,0.07423639586994688,-0.9890341673768782,-0.38345667834702796,0.03019215486026935,-0.8352861692222948,-0.5050879547770282,-0.016672726341982826,-0.66978117935832,-0.5218389228424868,0.36950641344033125,-0.606604781014173,-0.1580606172513472,0.2667066341616584,-0.8231457872764785,-0.43963883996036957,0.18075911441725204,-0.6575560114145994,-0.4380708202245376,0.11024542616020551,-0.5119825649022202,-0.3714688127437532,0.6014884325176878,-0.44549169425885254,-0.25248689604949576,0.5492199497112967,-0.5864989746381964,-0.4366723435275477,0.4651467564943313,-0.49051693937952756,-0.4186795849108163,0.4240198719453296,-0.3975807136849168,-0.36186749344829117
23,n,0.0,0.0,0.0,-0.42135182459727,-0.2132511889859616,-0.13674369622141505,-0.46725445368156676,-0.544287823130086,-0.2055884654807352,-0.20621303128125867,-0.780612053434624,-0.2936370807826383,0.09281264419662655,-0.9115514283408664,-0.3568378199043774,-0.18587493536744906,-0.6939888366893651,-0.058358703006780005,-0.10987974540633508,-0.9999980577875215,-0.37267833427657454,-0.1915910580870753,-0.9015049753970261,-0.5319761120844636,-0.2774347719801439,-0.7453727015419114,-0.5621354692998438,0.14280200524617526,-0.6465320061434091,-0.09745109735639568,0.2622387207219504,-0.980732957650238,-0.42345848525458724,0.07986260535200274,-0.8612158434619291,-0.5154576785465389,-0.07820485220083827,-0.6835540214980478,-0.461188576527459,0.4419140413281644,-0.560222107059018,-0.17541141070858232,0.3354194926848427,-0.6866505006382256,-0.5069809685001498,0.04188095698433491,-0.4851061513983994,-0.48921076926225715,-0.13052542861921201,-0.3247042949423998,-0.35259277945908235,0.7142702656920367,-0.4435095129712754,-0.26332595580320944,0.5260934034716317,-0.5262357363975644,-0.4542269683528683,0.27623087506006466,-0.38690546216583377,-0.3947253514206558,0.13722399003418442,-0.26707433572734784,-0.2730764847601319
23,n,0.0,0.0,0.0,-0.40328418721152054,-0.1856809973874557,-0.1303956706475705,-0.5784836269818839,-0.4552754168157562,-0.16247143503600495,-0.5301018820555711,-0.6932702862968879,-0.20277885181388686,-0.46812863872569765,-0.8418626240794749,-0.20973244187621004,-0.44408195749138857,-0.7039083524399551,0.055060287953980755,-0.5447784989884245,-0.935072451353522,-0.1904929325248525,-0.5745015780539768,-0.8697587461664338,-0.3115323739194697,-0.5705622725942479,-0.724623490301504,-0.34438565069502264,-0.12642984953228778,-0.699201078459094,0.033738550399397375,-0.1872695208593996,-0.9999981752763404,-0.23505226395689255,-0.32132353259917984,-0.8569531348244184,-0.2938505540114849,-0.3279804199103844,-0.7303715079133967,-0.24941605417130572,0.1581992313511104,-0.6428675257835934,-0.036275474797822616,0.0820039418905464,-0.8067590342187562,-0.31181754789800087,-0.07655431284085819,-0.582448328369907,-0.24451197534141625,-0.01616105516549357,-0.47537599496498983,-0.11575815365570946,0.47257613465632176,-0.5266096428196225,-0.11919337441025263,0.3029152368751772,-0.6721561550180082,-0.2906365551762142,0.14608890832002364,-0.505759313785185,-0.23238903591768661,0.19058964422157793,-0.42667160754923666,-0.14097885276359112
23,n,0.0,0.0,0.0,-0.36783793612323906,-0.17629366096083562,-0.11886060405354494,-0.5822772968566214,-0.45560786932065617,-0.17947584767546,-0.6415775867764502,-0.6519636995666694,-0.24501216470890527,-0.6423384600362689,-0.8273078371999392,-0.2852564382216601,-0.28606762756360316,-0.9167883108606315,-0.0014237192813404496,-0.5874967688652443,-0.999998068930485,-0.22905218481635142,-0.7099171960498233,-0.7792044294890066,-0.3852889998999613,-0.7388861462181301,-0.6105352123736113,-0.45321289417505134,-0.0392279342215969,-0.9210309231224754,-0.03932112354964858,-0.36348523002991245,-0.9729131447743321,-0.258364163883013,-0.5056559611192172,-0.7088564854340061,-0.32560933803181363,-0.5449595165089104,-0.5361048186981765,-0.3064746215125847,0.17645077343336457,-0.8414093146633306,-0.11549646920449155,-0.1637140738929723,-0.797282492692533,-0.33255690336236415,-0.2762990876461707,-0.5216786133497139,-0.3118261428135949,-0.2867149539705649,-0.3692458480382384,-0.2361356265379792,0.36097068231481827,-0.7058743410744805,-0.20791963645550854,0.017199614565914095,-0.5955447833325942,-0.36465296723755924,-0.08542820920210469,-0.38857212091820453,-0.34608207155839116,-0.07392792151512335,-0.2829855757856489,-0.2812546454254929
23,n,0.0,0.0,0.0,-0.27654975250070213,-0.19899404250579603,-0.05239217549269458,-0.39405283821158665,-0.4853212756988619,-0.06935101759789115,-0.4171722341716095,-0.6831912058745587,-0.0995070064746561,-0.4479573591613963,-0.818947031812697,-0.11741567283084553,-0.10664549669370052,-0.7715288884920956,0.01711173951264719,-0.27587988927641144,-0.9999981520282817,-0.1213614249675305,-0.4381024446374652,-0.9478070611288314,-0.200504129224161,-0.5305679673046453,-0.849135101206452,-0.22959801892469922,0.046231246802745006,-0.7470701516004338,-0.02478697839674999,-0.1828087745666185,-0.9926185041066801,-0.16780114005686156,-0.3764437460565424,-0.891235671656335,-0.20564159684048205,-0.4715370623506077,-0.7773022800733166,-0.18084405939878898,0.14941138677533908,-0.6635186618224086,-0.088887839033634,-0.24190604350859246,-0.6737163559819547,-0.20564987168628074,-0.29781277423552016,-0.4851197054118518,-0.1999023235086607,-0.2130846867493847,-0.38716684473468854,-0.16162752681561257,0.19753706383288558,-0.5390933440420433,-0.1640949591629345,-0.16590919880708008,-0.5084743768544175,-0.23131315626437465,-0.1990508236440221,-0.3717159865707241,-0.21228848720233798,-0.10646551535546309,-0.3120960117287466,-0.17436967410018098
23,n,0.0,0.0,0.0,-0.4432266530390515,-0.20802608147129087,-0.18402607009699393,-0.5151996091991973,-0.5179391327843835,-0.2843363586387812,-0.2701323425517798,-0.7567470361701314,-0.37206373900667816,0.056527985017923214,-0.9317446563942202,-0.446485022854221,-0.4785924466925084,-0.7296950113611593,-0.1899504321136039,-0.6219241950032338,-0.9539631553207434,-0.45984049671459715,-0.5561475911654498,-0.8427353323960863,-0.6111538578976421,-0.50435313254304,-0.6769228458404013,-0.671398243527839,-0.051092446812228014,-0.7064951896686512,-0.21416663863286886,-0.06454205178419488,-0.9999980110100862,-0.48993503703375285,-0.10765386378666077,-0.8424598151374758,-0.588294757634242,-0.15987220879382188,-0.6621348363541987,-0.5949949010884736,0.3577014249766648,-0.627206384855223,-0.26418826995510436,0.37524917134090785,-0.8039576416065785,-0.5854041382030578,0.19748861330677228,-0.5803775794752971,-0.5641196593806497,0.08375748372368527,-0.4013068918263142,-0.47085985333735036,0.7319144427718514,-0.48958432864887474,-0.321407478456818,0.6835159951784987,-0.6235960299347855,-0.5879631055124851,0.4761517953142745,-0.450823768773252,-0.5496684590733251,0.3517118884278168,-0.3111205139976661,-0.45882971351885116
23,n,0.0,0.0,0.0,-0.37858737454772384,-0.2108603773311953,-0.1579978911599129,-0.5172346386464506,-0.4699120047695893,-0.2107921107210363,-0.4633729105028212,-0.6942076472295583,-0.2777139643335266,-0.37790775836067486,-0.8702165331142656,-0.3112671928705537,-0.2543871720539067,-0.7162014678499681,0.07282394716140363,-0.29062697687891126,-0.9429396498267738,-0.18234649181797824,-0.4067207831774797,-0.9386552603925653,-0.2679821571718245,-0.511781923832542,-0.822163086710154,-0.25927541568772794,0.11893579910196303,-0.6941684487900871,0.04174273973779191,0.1200402416194978,-0.9999982225927408,-0.2273403675941977,-0.16782239774286334,-0.9057292068870783,-0.2187343899364311,-0.23659468255271776,-0.7975229741439532,-0.09954015923099456,0.4588280103587212,-0.6154722844651214,-0.0513075123934624,0.34618197166597064,-0.7730258034546622,-0.36664751623307734,0.07213826540142419,-0.5751298332408082,-0.26797826381330947,0.13842441567324615,-0.46349426675258965,-0.09696564942748526,0.802593133376968,-0.4876197408881377,-0.15804057243370204,0.5719107408555274,-0.6279313495384683,-0.38684700180125814,0.33476441972354787,-0.4844930826607992,-0.3230010868136824,0.38793159389643783,-0.3961755554258849,-0.20765492453444792
23,n,0.0,0.0,0.0,-0.3853790315955538,-0.19948037441329872,-0.10942141915871,-0.5627084409966763,-0.5123937055690586,-0.1694828901584965,-0.5120048698181745,-0.7458501814525388,-0.24662224109498504,-0.35654049882602584,-0.866858233732691,-0.2879361159685156,-0.3805600639159126,-0.7284785880186703,-0.0029204439719179853,-0.4160197977125368,-0.9872186251034354,-0.2561776506466681,-0.5015024365446884,-0.891556047465792,-0.3596401258523238,-0.5060954825099089,-0.7453010272965127,-0.3803285798517507,-0.08780145370728634,-0.7202606665710917,-0.05162200904626966,-0.11455111399991183,-0.9999982922561829,-0.31961238629852046,-0.27976681381377344,-0.8104669218028738,-0.341305476856138,-0.2559981597516168,-0.6716554851843373,-0.26730209388473924,0.20165429198702414,-0.6506232881663933,-0.14425865949079705,0.05787362099323324,-0.7815665264868538,-0.4093797762580679,-0.09665540661805844,-0.5618095891385135,-0.33779875349363286,-0.0033969179786657914,-0.4761288680102309,-0.21104179771823534,0.4794309182088381,-0.5379047916688157,-0.2481973058070904,0.24878067604685603,-0.6264029433595905,-0.37758703333435906,0.11348955168421287,-0.48007005425067084,-0.3020169323868687,0.20041510705737423,-0.421352598604341,-0.2080153043212282
23,n,0.0,0.0,0.0,-0.36728164338640223,-0.15077393850456203,-0.12336081789434435,-0.6185956809075295,-0.45338365763890165,-0.19439246533330581,-0.619576950164387,-0.724720403263833,-0.28012952907792,-0.5334190763027571,-0.937767105362399,-0.34495839526487143,-0.3634379035549354,-0.683129898802762,-0.0339991693354989,-0.4582352908054661,-0.9568055187459092,-0.29419869838464985,-0.5509674648673465,-0.835449817276326,-0.42330560533123196,-0.5435304935769442,-0.6968746110411786,-0.46290777522192,-0.12644125073025453,-0.6945471060960867,-0.06298707002451034,-0.2565369428218097,-0.9999978627851128,-0.342099396011468,-0.38153877358998955,-0.8124371232758153,-0.4148825877364411,-0.3570279337897551,-0.669141111282489,-0.38234974755816087,0.13699992704128783,-0.6651993464356837,-0.13060357831736924,-0.049990528533745485,-0.8417685135866785,-0.4255891295920541,-0.15156431694207628,-0.553769107703393,-0.41541108842829977,-0.0915095683637511,-0.374568169526558,-0.3170832401233925,0.4350562281629386,-0.5837338071289474,-0.20505873667823155,0.1823039171711441,-0.7151786648312228,-0.407409406425753,0.08649895505535127,-0.5171447581616989,-0.3925211645493387,0.14555071473404416,-0.38428391987723487,-0.3187917670963865
23,n,0.0,0.0,0.0,-0.4153706546827771,-0.283536897320343,-0.11964680052559855,-0.519005751499051,-0.5771938989307882,-0.2042360833720969,-0.4688193589385833,-0.793889340730826,-0.3191316341921597,-0.2712807875096834,-0.9219909618373976,-0.38834175863311876,0.11167106337516676,-0.7410598919452613,0.061494868620542875,-0.07380403636107641,-0.9999983944702853,-0.26352996211752683,-0.40344517810495395,-0.8833423771930395,-0.4226390472484012,-0.5013612291149264,-0.7477310753348063,-0.47396997626754445,0.3501213584711019,-0.6938904917480405,-0.008882734893997782,0.0788922473567099,-0.9875702931754823,-0.3775338080277285,-0.326248538544485,-0.8188257374301618,-0.4427519787809436,-0.3973512870387334,-0.6699859004080223,-0.36835897505908805,0.5077398188403911,-0.6131957430144592,-0.13604105319688553,-0.09303511977767438,-0.7509379306022348,-0.4566919256533611,-0.34752327984931414,-0.5588190168265456,-0.40079012377366796,-0.2392963525232888,-0.4443277141783523,-0.2650662582858765,0.5836888083941725,-0.5118086650903881,-0.2825217072663031,-0.05167199322806628,-0.5965252249845485,-0.4381256494924838,-0.21978942242256608,-0.46154494933103996,-0.3885907862250576,-0.07788608880098127,-0.38129849332661125,-0.2973634311608121
23,n,0.0,0.0,0.0,-0.36936971077135367,-0.23861339996707998,-0.11091548737187551,-0.36418449495960176,-0.552152340573449,-0.1714392488028833,-0.07107068551097948,-0.7507204745442199,-0.2544087534099497,0.23734958089554622,-0.8603994154066172,-0.3141983565212223,0.01891746589580136,-0.7020277331181101,-0.038328442308615165,0.09601310140283156,-0.9999982419165417,-0.30763756316691215,-0.06416780539749499,-0.8968067414504449,-0.43576128870319464,-0.17328216426058424,-0.7567389799589597,-0.4610256454882535,0.3238992600006615,-0.6386864059775023,-0.08770230852075625,0.4092000526006949,-0.9506129961718522,-0.39160629224697796,0.15661228539316413,-0.8155178579013164,-0.46643002945954376,-0.028708723520850132,-0.6487854316563709,-0.41141290078379456,0.5922565509110157,-0.5423174379383845,-0.17311174864047002,0.4261500349777714,-0.6921525387511105,-0.47519093999940903,0.12628806776209464,-0.49864900737113593,-0.4601146541447454,-0.027715576864371438,-0.33781677869865495,-0.34093689818239215,0.8407517470113163,-0.41497565493448335,-0.267561148360934,0.5993388837967735,-0.5404333148169403,-0.4570775797083019,0.33335864788568725,-0.41392691721482744,-0.4204036942545646,0.19764142413626076,-0.2913452696310131,-0.32316840158386967
23,n,0.0,0.0,0.0,-0.39011446584357395,-0.2013440838928718,-0.10811760293933573,-0.5154887350454578,-0.5257281676092954,-0.16545602890363112,-0.3345015421136517,-0.7748534503289509,-0.2568079782526571,-0.02793425187826644,-0.8996526115996274,-0.32885114474002186,-0.1067826991983069,-0.6944584636298484,0.053995211225480136,-0.11231933238130923,-0.999998225932432,-0.23250812828155337,-0.3107604628316737,-0.9348195033000385,-0.3673162559729157,-0.3908236819124516,-0.8026939084614153,-0.39198139398784493,0.1896970578146665,-0.6534015996240026,0.0009948967704423255,0.16864126069477473,-0.9996952467552512,-0.2926692556128717,-0.0994614998923863,-0.883541341597779,-0.36951789761091824,-0.19217550731971908,-0.7282851198948952,-0.3176985713736209,0.47895316313220676,-0.5755434852535779,-0.09748905718697021,0.23010672382594474,-0.7338255598139165,-0.4427686189219844,-0.03544599947047262,-0.5038416560959189,-0.4435739022040088,-0.07658349226005481,-0.3165095859044046,-0.3196614460690969,0.7722926272861534,-0.46437886279803925,-0.20141917610585483,0.4618416732413598,-0.6079711131602997,-0.42665317208478176,0.21487036865246864,-0.4481186013781129,-0.3953029297784441,0.15553646620661762,-0.29821208625829726,-0.2917820481994379
23,n,0.0,0.0,0.0,-0.227918127455837,-0.20774325146827805,-0.2624391806957928,-0.3250868492677044,-0.535244072315158,-0.41377214018232183,-0.2138527883261488,-0.7883861380275078,-0.5525320671620244,0.022903243056332546,-0.9208213789908578,-0.6452192019880406,-0.14332436766570802,-0.806584728980894,-0.21450163606648123,-0.06899932132160683,-0.9902502729998887,-0.5286311494551084,0.04953978412741781,-0.7907579571270666,-0.7159283044038337,0.10259385808128253,-0.6059314718110859,-0.7999829214460641,0.13219479372046614,-0.7593013888562438,-0.22451247066909502,0.21128221269907024,-0.9999977865375417,-0.6029781955675229,0.3068213684640345,-0.7640873774339435,-0.7548514027378402,0.3122142472020998,-0.5637592022978616,-0.7686629694276451,0.3686564833751702,-0.6606385298560852,-0.27821665921567085,0.42545058390860907,-0.8633386560243694,-0.6082461340921389,0.5065701613959327,-0.651125526592356,-0.6334489631256824,0.4798981304437304,-0.48769323875569454,-0.5637887252261733,0.5545074916346985,-0.5198770857241294,-0.35263056219520816,0.620765252623176,-0.6571931748358972,-0.5591772835359003,0.6857072493574523,-0.5579002714964287,-0.5586673638685498,0.7026285344222344,-0.46594625338750184,-0.5013639373646563
23,n,0.0,0.0,0.0,-0.37620636340618047,-0.21859843950466695,-0.11766426582501913,-0.4960476939927127,-0.49246679368844504,-0.1736988547793123,-0.37509708601413994,-0.7170172968623124,-0.26828654975974586,-0.2085117416291363,-0.8885861641118837,-0.3367072059248653,-0.3138145687246641,-0.7123981866186754,0.13193370331360402,-0.4002986137136794,-0.9622449192596463,-0.16350776287367152,-0.4790548409286721,-0.9570527180068533,-0.3197012470574386,-0.5535916026493081,-0.8355291561091182,-0.3576248358330661,0.07020389538359105,-0.7021043731808462,0.055398217468089955,0.0802842871194171,-0.999998160009253,-0.26412924086847767,-0.14169161113904688,-0.8815477993335665,-0.3452702307757661,-0.19327857572267046,-0.7529332300999801,-0.27985425825390475,0.41707162926401736,-0.622640268075011,-0.0771714666252356,0.2900912001718865,-0.7772316089218239,-0.4114927585658477,0.04730975678397158,-0.568333657362778,-0.33104536177207083,0.08907054931586125,-0.45981447967390665,-0.16063150513639785,0.7535873138773423,-0.4855860824027433,-0.22265170368132006,0.5309968137596668,-0.6071313319374625,-0.4069066321746657,0.3279972414283359,-0.4600296561278276,-0.2959651017172594,0.38242811051074865,-0.38578615732145494,-0.1469583273938609
23,n,0.0,0.0,0.0,-0.40459036661931475,-0.20141002979371783,-0.14683058059266857,-0.5010688014188747,-0.47905191958856896,-0.17634618827687332,-0.2858705926567446,-0.6974583362066605,-0.21847217364876473,-0.07959234119453552,-0.8645618318586228,-0.22351626202626043,-0.3685050749024279,-0.7197419280859316,0.0802886255315354,-0.41869077953098627,-0.9695052576133337,-0.20444618003734616,-0.4661937910546005,-0.9501939943940207,-0.33189586948602284,-0.510493446969669,-0.8085109050167186,-0.3455009170042155,0.04354995642951619,-0.6992433635396886,0.03911475741590275,0.09487921037881195,-0.9999981706246521,-0.25367750484483953,-0.09036923722457889,-0.8856884353274038,-0.2969093392106369,-0.13637748394596869,-0.758223412231697,-0.21162565254512322,0.39547964512043016,-0.6154672946800878,-0.06118397035429108,0.33489317541600083,-0.7538601514122485,-0.3943771418063075,0.08283593229288833,-0.5442800273630636,-0.2943091343117607,0.1035346384151231,-0.44494421855159194,-0.11017198766566427,0.7421689066023202,-0.47727583347549807,-0.17533737060137417,0.5753801527967758,-0.6021911095934892,-0.37754202405896553,0.35038482034514923,-0.4500644844875334,-0.2745093479130214,0.362519037180393,-0.3794278654727475,-0.12877915707316967
23,n,0.0,0.0,0.0,-0.37262024060203075,-0.21041454103137688,-0.1371162205299557,-0.44007403699511255,-0.5239044689910037,-0.18594014255703134,-0.3062912998206969,-0.7529891972682884,-0.25584362652941456,-0.08896533225909235,-0.8961318900613351,-0.29038813293143956,-0.2063029136499422,-0.7352547582659621,0.046527408430239864,-0.24164703910665242,-0.9999982529211657,-0.2369971664324804,-0.40619356716244637,-0.9401325198432807,-0.36946471705232514,-0.4595746929971479,-0.8182956722064588,-0.4036864861136068,0.10936778881637102,-0.7157506658414875,0.002112053143865819,0.0920883113181853,-0.9980914550034915,-0.3283860356167823,-0.18047783455069363,-0.863895227695735,-0.40992070312179224,-0.26215415034730516,-0.7150864991046121,-0.34773483819391204,0.3446051711359181,-0.6393722200389035,-0.09155606023958898,0.032022042164173266,-0.7015096105835891,-0.38736491137033374,-0.19635119046718771,-0.49939194706248996,-0.3493988997265664,-0.1629925361752056,-0.39117025719658166,-0.223452741690106,0.5196038383754158,-0.5324506433291397,-0.20452928750708257,0.0740031489590392,-0.500803119143827,-0.3581923142457979,-0.06227937727183041,-0.35425308333484784,-0.3219178294806948,0.03889353330029754,-0.2936632283619255,-0.23933122620675548
23,n,0.0,0.0,0.0,-0.3304084705042761,-0.13820664607821598,-0.05546236886980233,-0.5523318562433106,-0.4526760000687749,-0.08534116773574224,-0.6247866024573646,-0.712620262899822,-0.13319838311948057,-0.7195760722478012,-0.8974167699508234,-0.17107959208301393,-0.34952541173489066,-0.6941427661128479,-0.025450439735887873,-0.4126860930217685,-0.9784450587644109,-0.2244867416038462,-0.551252143591824,-0.919002027924746,-0.32838217563057376,-0.6259659950130321,-0.7810130377207911,-0.35227298267124113,-0.15401977061973646,-0.7010718350568202,-0.07201345513288294,-0.2566679208362301,-0.9999979467755884,-0.29491233784703325,-0.4186124274109144,-0.8795070019244325,-0.3590133390157697,-0.4873319919975544,-0.6895508819080953,-0.3213591175320147,0.04224567735251662,-0.6634452106490539,-0.13909485637097133,-0.18772026733440642,-0.7129519173385332,-0.3434273549311672,-0.25905509850467984,-0.46668650318778787,-0.3317095507991704,-0.24474696306280877,-0.26730845995097424,-0.24497527586835557,0.23994445993221789,-0.5854508562548307,-0.21204209718834016,-0.02435322633833154,-0.5757231011368124,-0.33640380730576136,-0.09477288706850104,-0.3932438917968792,-0.3038807756347996,-0.07614345338644941,-0.2525241372688726,-0.22735882620948533
23,n,0.0,0.0,0.0,-0.3884768063786242,-0.21135499766823831,-0.06498533597418016,-0.5477033307607274,-0.49641637346776785,-0.11633911248257243,-0.5411451535527864,-0.7245782504426044,-0.2137773918440909,-0.42811707766122176,-0.8956181886102285,-0.28243421065648283,-0.14680117577884622,-0.6898305685169739,0.12672796047814397,-0.22621751003536736,-0.9810455266095419,-0.15861613296857136,-0.4881646977922494,-0.9297968373885659,-0.2852993281227857,-0.5895337132399189,-0.8157954877688056,-0.305917042341279,0.07494578394983367,-0.6798849582704937,0.04709202091110214,-0.022185124295048105,-0.9999981708498302,-0.2928430444666094,-0.35424661563153975,-0.8596871128944928,-0.3674761695462702,-0.4089500613510259,-0.7280643518718702,-0.2868175947992079,0.3086701595930406,-0.6339873666022868,-0.07896455500672858,-0.06454450017954996,-0.7590152087068305,-0.39076926900237896,-0.2415176521487692,-0.5437813439987265,-0.3562448720095752,-0.09908279796773233,-0.43428701383117635,-0.216412601057416,0.5416957885885489,-0.5547212154487778,-0.21493958010712816,0.09949949475155263,-0.6135827434000094,-0.3652118662614005,-0.017325406230682308,-0.4560926191559266,-0.30342105913343226,0.13996345630148727,-0.3807221795355068,-0.1917331289422128
23,n,0.0,0.0,0.0,-0.3922688189979801,-0.1749369154742643,-0.16868127649498077,-0.5249530488874123,-0.49909640975196956,-0.24686197720455139,-0.36578309787422325,-0.7289050175803651,-0.3177001812468137,-0.07685660042683529,-0.8576007445226264,-0.3565365195791281,-0.43072031435389635,-0.7148026894100007,-0.11373433262305234,-0.4448695105124214,-0.915671243416391,-0.3638862216024871,-0.45237008711827986,-0.758277923546709,-0.4976135959668043,-0.4533026698498592,-0.5781303281203025,-0.5460301385495213,-0.1028368585253884,-0.7102400934164574,-0.1233066282321912,-0.08610673833026437,-0.99999821899352,-0.36303322952577427,-0.16992474772565688,-0.8486643514414149,-0.42167158478571987,-0.23876655063009758,-0.677690142943488,-0.3978462191190405,0.2198573609152094,-0.6569778360985782,-0.16851823375134226,0.15743302231038883,-0.7934434846137667,-0.4336924806551442,0.022315107115000857,-0.5579760847267202,-0.39605817617773653,-0.03837283356831233,-0.3892515396605096,-0.29444105306337215,0.5219687310682294,-0.5595251168518431,-0.22861934263725414,0.39376487915007424,-0.6527810014939542,-0.4152345611954574,0.2562591912305641,-0.48617804233348955,-0.37905687982008324,0.20628422169384025,-0.36182500869513395,-0.3038878719748756
23,n,0.0,0.0,0.0,-0.37530777871953447,-0.20085676632989607,-0.21367447901415848,-0.6845119374239145,-0.4845483597211822,-0.35597063644266475,-0.7574386995958438,-0.7318556990230283,-0.4820439568530536,-0.6553456878750448,-0.916955537619062,-0.5667747414357238,-0.23013291806189626,-0.9999978396571,-0.1372518037252356,-0.3914954624910266,-0.9626372138001301,-0.42178874899965163,-0.4501782063903066,-0.7087504228881694,-0.6322835891206151,-0.4674463696212569,-0.5355496041669708,-0.7420979535177278,0.12539510740681764,-0.984115364613862,-0.1408230291320458,-0.06076760183374388,-0.9354549014639569,-0.38794727860771894,-0.18815537038167876,-0.6617679800071153,-0.4772659159827737,-0.27783844906171884,-0.4762035197915381,-0.4866374431785512,0.43353726464035025,-0.8772397730046748,-0.18458479722819904,0.19763374155689675,-0.7513899589965926,-0.4075936619860411,0.02621337683235275,-0.4959232678668006,-0.3637168088562934,-0.08372383077824135,-0.33085733534402867,-0.2786468855802198,0.690121198057115,-0.705686875389695,-0.2591200779661736,0.4431535447061748,-0.5870160174898055,-0.40769162107897194,0.23773999049506023,-0.4138332904578042,-0.3727254399447395,0.12629673023784208,-0.3068333748207174,-0.2992707352410765
23,n,0.0,0.0,0.0,-0.3799876463566816,-0.21003821440323303,-0.17267413648009972,-0.5373742906267462,-0.523559874366452,-0.27456455147327424,-0.38789244870300005,-0.736749025004052,-0.372918689425539,-0.10381602055547223,-0.8539317305090501,-0.4486501430080517,-0.4248654982798461,-0.7262076844267659,-0.14294468852128575,-0.6293595755689559,-0.9212327374971094,-0.4050333089684491,-0.6806200113823762,-0.7474302374809811,-0.5493929048800059,-0.6519319918401452,-0.5660249621748317,-0.6029633193621382,-0.11180273740995862,-0.7367852745277814,-0.15356719821610035,-0.2844457757478941,-0.9999982448309105,-0.40971098831083064,-0.41700400705278884,-0.8088017796254033,-0.47212513580442445,-0.4671449968960293,-0.6240348709974665,-0.4469978342698602,0.2006299722141546,-0.6949915090679503,-0.19838069808072495,-0.004974083276310985,-0.8072404346992833,-0.45773747491129996,-0.1529240297427102,-0.5742037544277808,-0.4349347721636042,-0.19387416992301898,-0.3987072561057663,-0.345254156616429,0.49225242134687464,-0.6046507912629048,-0.2596187106844538,0.24090847619722458,-0.6605756463115414,-0.4275341938923078,0.09635656950068734,-0.48687530404410534,-0.4006570551390417,0.06556445603058013,-0.3515717336289394,-0.33392034809613913
23,n,0.0,0.0,0.0,-0.36766927066615934,-0.1628730950175484,-0.06367884864285042,-0.5466550861204432,-0.46391623702613094,-0.09836841046205887,-0.5039773703493091,-0.6971545962782035,-0.1613323422275488,-0.36577091110082866,-0.8503759523317491,-0.19582902731090732,-0.24526383344213812,-0.7618602452205678,0.09345609862012233,-0.42654148619490595,-0.9736071294135586,-0.1526416881939024,-0.5687225746267168,-0.8216509510478943,-0.2796555739897256,-0.582834044184328,-0.6799688410104695,-0.3151247302468114,0.0058608908650796265,-0.7564392666123881,0.02822973289881147,-0.17119074579993623,-0.9999980101097451,-0.23767984680891074,-0.37522943974763284,-0.8012805465340318,-0.30348629937632765,-0.38967188130655955,-0.6602372521923909,-0.25033276527722714,0.23842354773711483,-0.6940343504711411,-0.0762967558953853,-0.09034147937502289,-0.7474747348784953,-0.32145565947104293,-0.23146762049785663,-0.4965008189925901,-0.284549760931952,-0.15279508356735025,-0.3848265010221154,-0.17348637125650548,0.451140871964065,-0.5852099143310227,-0.19103492959914506,0.05140378873109948,-0.5857332664026244,-0.3204187107290608,-0.03850507269918294,-0.4042568288176742,-0.2695018914637922,0.06850568906067545,-0.3274003977048145,-0.17785099410112443
23,n,0.0,0.0,0.0,-0.3084089944098828,-0.257969282493979,-0.20982508978795317,-0.24395673664369608,-0.5750042749576776,-0.32920078268092984,0.12929093667756872,-0.7386111643637967,-0.44607586379976766,0.5108776389026489,-0.8221714724378542,-0.5307973157042781,0.045946142748560626,-0.8061283612970244,-0.12212140997396008,-0.02522962356462283,-0.983714994109633,-0.4710364341988186,-0.23336771081497767,-0.8246277382330431,-0.6829797093955746,-0.36901668040384006,-0.6436038480697018,-0.7599754545220987,0.36977353933786,-0.7605375087119698,-0.13652029861965215,0.3239231400279508,-0.9999982473449527,-0.4675759330782005,0.032664182537348596,-0.8679452456569279,-0.5704329055119401,-0.17466183529635973,-0.7078968990704715,-0.5446445435058259,0.6494399669389853,-0.6649155644622771,-0.2005746439386778,0.44091316028304195,-0.7011508780182599,-0.5011248936337247,0.09930307836805412,-0.5136628171000135,-0.481373173716197,-0.07901158065727854,-0.37410058909308064,-0.37381437838357945,0.8666606747967242,-0.5308547972714692,-0.29107953753959676,0.5376363891265841,-0.5224216963911066,-0.4435902951845659,0.26144827416412386,-0.3861004334040543,-0.40184082814710487,0.1576870407320575,-0.2891632574111854,-0.31772044968519164
23,n,0.0,0.0,0.0,-0.3266425251860948,-0.2007119380846829,-0.11348424871426127,-0.4262132792179476,-0.5079075020036921,-0.15535163881742028,-0.3762541973748715,-0.7163520669874295,-0.212533406991252,-0.30492964499164116,-0.8590329218491836,-0.23333147710260052,0.027562207504323866,-0.7942655174415459,0.043823669984815974,-0.23519773095614865,-0.9951600046242116,-0.20488079702831463,-0.4995070071071575,-0.8496340566451118,-0.3424731132212413,-0.594007231860791,-0.7032175715028587,-0.39115694606988116,0.25132103198412503,-0.7668830969443138,-0.0020417420585171517,-0.03839708097267394,-0.999998127668869,-0.26850576995350534,-0.31428716253207073,-0.8303384802787834,-0.3293684985381285,-0.40681385939407805,-0.6915512807763875,-0.2787172478777125,0.40667932603774715,-0.6869328974070644,-0.09187187096336688,-0.1169999381532392,-0.7328228334695214,-0.3236853151803426,-0.2676211068291301,-0.5161883062949467,-0.30280845572882853,-0.19019953175288867,-0.39981901766192807,-0.21621406050305556,0.4985760429773258,-0.5706414495173396,-0.2020325233214579,-0.01955850509923224,-0.5704719854762045,-0.33808936807811957,-0.13371148084129028,-0.41208856019897294,-0.31680455617196634,-0.05327520910702794,-0.33064705477980777,-0.2524878468780096
23,n,0.0,0.0,0.0,-0.3836162450473102,-0.16836535354132348,-0.12728280240337125,-0.6219582774218139,-0.48000270355170577,-0.20021123526997492,-0.6716551125463249,-0.7325912742990295,-0.3094766249346732,-0.5072282900655539,-0.8873045591084016,-0.38544140991209613,-0.21381803085302736,-0.6759496836554358,0.0825344135201238,-0.27135311541397383,-0.9643794547432926,-0.24614842323354721,-0.5369131445404587,-0.9457285096831235,-0.38521371705608565,-0.6899634076256197,-0.8423073292140998,-0.40401059534239686,0.06908657871178413,-0.6628627128029816,0.018359723903939706,-0.012159909207819642,-0.9999979295109882,-0.3458910682649996,-0.3753569180907079,-0.9042809435381064,-0.418269690760257,-0.4675847424404076,-0.7938557086788277,-0.32239554118188507,0.36654674719762714,-0.6036274598784422,-0.10309346772909814,0.004344305646223227,-0.7139140427465406,-0.4661577560505578,-0.2017958480556726,-0.48938944952515573,-0.4310926242872726,-0.05515560165756515,-0.3704909551532346,-0.26974530140500785,0.6684013260990919,-0.5073769383284616,-0.23708146539729902,0.22229511609929387,-0.5745515141035679,-0.42896073422528475,0.08642813558644015,-0.4060379442370039,-0.36138461068310856,0.24708574657221233,-0.3185357647883093,-0.23127318415973072
23,n,0.0,0.0,0.0,-0.5529475149310212,-0.14586451452452637,-0.07477535425558003,-0.9160719188390113,-0.4075786688756866,-0.10331020189460471,-0.9999978761494134,-0.6505194511638493,-0.1251562706496559,-0.9751532457673757,-0.8212096706621274,-0.12565546785300133,-0.597189106414299,-0.5944355544521934,-0.017433701176938016,-0.701028834052215,-0.8522406309092388,-0.1048759154801189,-0.6440337960285919,-0.9049140297972466,-0.17408269979169824,-0.5699435443028038,-0.8982060169385475,-0.20403984882953413,-0.26438883989612716,-0.6046265386880109,-0.017654090800333068,-0.35310988802769633,-0.8356739994298068,-0.033805271194879666,-0.34153855160491253,-0.920368366294032,-0.05820635314413218,-0.294118314373411,-0.9647884515945898,-0.08064789578761626,0.023215209694717638,-0.5739914296229099,-0.037666489643040243,-0.044435972516209385,-0.788050836248589,-0.0737582005917628,-0.06769472963868899,-0.8668776302916489,-0.06196536884917591,-0.058296333906411195,-0.9051904736791512,-0.05026430793046457,0.2773925575547441,-0.5180541257058713,-0.06554417779760258,0.2239958156369927,-0.7039605000575214,-0.08285004743438994,0.18609588161723054,-0.7582086954611069,-0.03770200643141659,0.1763040399387778,-0.7735230219139833,0.005618716479588852
23,n,0.0,0.0,0.0,-0.33718242937748943,-0.20804872700725419,-0.07614722011564362,-0.48054241712575285,-0.5050689653919873,-0.12484200018888757,-0.3754957537880691,-0.7504713425198645,-0.19091775677263045,-0.1820624609595,-0.8865799366036008,-0.23836218790165795,-0.3103585749380237,-0.7044276068578925,-0.004905263273282478,-0.3845492144404454,-0.989624391210062,-0.1989857835757327,-0.47892410071901265,-0.8439745015722109,-0.2916003155483512,-0.49185825381936243,-0.6787995159662403,-0.31052690800882277,-0.08399097194156332,-0.6898031858005866,-0.03872756024112571,-0.16083228846713732,-0.9999981034615876,-0.24693617879717555,-0.2938570831951966,-0.8268835497216059,-0.29582714412634975,-0.34113111688823566,-0.6380293258959727,-0.2575477324652827,0.14536513558444383,-0.6387923062387565,-0.10050980730314092,-0.010295515103274469,-0.7476408148817971,-0.309250319074671,-0.11711411960299045,-0.5137462206097707,-0.296907152155827,-0.12513940221139455,-0.33400000044197986,-0.21435515469733157,0.3805661054889439,-0.5498526163245702,-0.16893725056698972,0.18299257463613164,-0.6348198798033515,-0.28931171364749486,0.06619638705982159,-0.4661658982673839,-0.25862078838110986,0.039232416443619744,-0.3240877559294467,-0.1905917563376285
23,n,0.0,0.0,0.0,0.2325371005054518,-0.1769917139504984,-0.03255091154588003,0.3547250375188338,-0.4942652029728119,-0.041316546044801804,0.27391096322926567,-0.7401878052091373,-0.06199051829108876,0.10369044467677824,-0.7766907486322396,-0.08342415093856674,0.25530116950711185,-0.6830744915871317,0.017147105234841094,0.2997334492161796,-0.9285693499345016,-0.057804636347250395,0.3257519808355905,-0.8674545329646586,-0.11206155174499134,0.3225465734252562,-0.7174198818697517,-0.13621650012425746,0.1202280062799206,-0.68774437213602,-0.0135035560496479,0.15326353492593336,-0.9999970606792474,-0.09052356728352232,0.20698249099046617,-0.8909671318723447,-0.13504617208321046,0.22072040182747707,-0.7186306695070942,-0.14761621858936824,-0.01790497550987929,-0.645011154575259,-0.05683063863410052,0.01894494590711061,-0.870456361264214,-0.16077500423328647,0.09204438804174545,-0.6648456641097183,-0.19070740776639317,0.11750561746547022,-0.47653209588605994,-0.18122999644262694,-0.15782461803265846,-0.5602599618975878,-0.10075591415981877,-0.08705091832107716,-0.7302182102875658,-0.17481243653093864,-0.0353733596737511,-0.5796532373610519,-0.17694960110083854,-0.030584432648292966,-0.42845431347726354,-0.16266721031097298
23,n,0.0,0.0,0.0,-0.33749078996361137,-0.2298359842657253,-0.16775323065549247,-0.423638067861043,-0.5300161285344999,-0.2548106016816013,-0.2396366337459119,-0.74515989052733,-0.3507920873074732,-0.0015822426878300078,-0.8832224075193033,-0.4004434437620865,-0.17221179519240581,-0.780624039422987,-0.02904220119976425,-0.24496635090457208,-0.9999981645836038,-0.3440785505180978,-0.3714526670906669,-0.8319416846101599,-0.48757692938060754,-0.387828052944673,-0.6879507625587349,-0.5274812146829306,0.20303943586195003,-0.755393269106024,-0.06447268244782521,0.15154374324516745,-0.9897234877531877,-0.39372840273175436,-0.06478142224526877,-0.7611827917004133,-0.44151091757152094,-0.08018419324646756,-0.6286617342941413,-0.36791395957373185,0.5268473765844898,-0.6658314736360827,-0.15353314859417186,0.29313209164045073,-0.7271130468218401,-0.4718317931376495,0.06175248265473088,-0.4879051490984412,-0.40497298678125554,0.1043728254285851,-0.39598404741224175,-0.26337030707212966,0.8014940972558008,-0.5316701371908853,-0.26096261899673484,0.4652532494777527,-0.5453044678236424,-0.4188959128790265,0.28343843471704333,-0.3922151306703188,-0.35319775149503524,0.3549719296700162,-0.33899267883451467,-0.2520737036353601
23,n,0.0,0.0,0.0,-0.42218894851743755,-0.14440002432876695,-0.16909164824546202,-0.7479391609375312,-0.42463706294724296,-0.23689257398466332,-0.8496173690399939,-0.6639195749724449,-0.30426979108574415,-0.7969993211096091,-0.8323050617098943,-0.3427495219518869,-0.4973303478545129,-0.7360894728057609,-0.0006366424571091979,-0.6386821995926224,-0.9681874582965221,-0.22725848753252587,-0.6306442630300584,-0.8285595616690367,-0.3598236851519043,-0.571559945475525,-0.682965805256752,-0.40913304141356627,-0.18497583309453547,-0.7273852867826583,-0.0060559041943817,-0.28419279691884725,-0.9999979790614519,-0.23706338247047845,-0.33249076337160555,-0.8193283146235898,-0.31388415265103237,-0.3154473770179391,-0.6769637781603407,-0.30273209311277294,0.10710017295385081,-0.6710674523659765,-0.057276892312708445,0.053241655498131556,-0.8685947579634805,-0.3317122281293259,-0.0661698582827551,-0.6224491296593216,-0.31939507523639404,-0.08180112342400195,-0.46256178669181075,-0.23268605364949257,0.4149606658599556,-0.5558273757245669,-0.11970114139015581,0.3132174710310492,-0.6863438502299234,-0.3480098631884355,0.20078633873429635,-0.5078635578893342,-0.3445382228743062,0.18786018372418542,-0.3844505120248536,-0.2816450447263491
23,n,0.0,0.0,0.0,-0.31775418396345695,-0.1805313477056906,-0.08056284692343302,-0.5001830277185079,-0.46435032027629036,-0.13236281928855892,-0.47190020617776735,-0.7293925308220495,-0.20182678186914282,-0.33730510179909695,-0.8886040496475409,-0.2505171960568891,-0.35754180632701044,-0.7202728142721071,0.010072580474811525,-0.4773790327312222,-0.9876197067157639,-0.20018500064928949,-0.5296280530955112,-0.812768411982793,-0.30577382379914053,-0.5166316779760346,-0.643422019454685,-0.32845114462417463,-0.12942189504284562,-0.7231650655552273,-0.021836930195045297,-0.2591146005713404,-0.9999980271619571,-0.2300090930917728,-0.35536373979620894,-0.7998001409475849,-0.2804814708485711,-0.37716527738438105,-0.6183181343746645,-0.240569423237459,0.09638918928496763,-0.6801701086709084,-0.08429754459031853,-0.11418607125035798,-0.735193613622105,-0.3025967393858148,-0.18455246597197683,-0.4752756948429001,-0.2948912227080648,-0.1719393764703784,-0.298341434742944,-0.20959654695292687,0.3229290983587875,-0.5964819664399776,-0.15327491846503355,0.0701795437178427,-0.6254407558820442,-0.28701134899705555,0.007177124616410689,-0.4397120928268259,-0.262656984557733,0.023369780767442352,-0.2995667257809222,-0.1914569039304994
23,n,0.0,0.0,0.0,-0.4312942505321751,-0.1876743940716778,-0.205605205870936,-0.6163953019682709,-0.5208386863970385,-0.30862771917813014,-0.4415395040562853,-0.7718548517035662,-0.4003444576290472,-0.12452128048686954,-0.9175617493654201,-0.45904913897295757,-0.44418683008404053,-0.7307712343237693,-0.12431561996097601,-0.6546724177739187,-0.926864131838902,-0.4019765701990153,-0.6953478748980232,-0.7232931265467686,-0.5267308427446198,-0.6742110978871951,-0.5459543792415178,-0.5581094800563079,-0.12122551505869109,-0.730926766327165,-0.12771774346872977,-0.3000715210062913,-0.9999981334806752,-0.4312740769395158,-0.4320015985132836,-0.774290073464888,-0.49021086031639055,-0.4591321984489641,-0.5945516219892196,-0.440247066437995,0.2023311159539046,-0.6772570442069151,-0.17255493328240826,0.06240193183450238,-0.8225976128242904,-0.48819639823807476,-0.10810742522722408,-0.5455472480781227,-0.4323753725772939,-0.14341096493361613,-0.3689355962007635,-0.29638179897514694,0.5184515816539345,-0.5776658305647641,-0.23388619192829896,0.313365057167769,-0.6624410633383786,-0.4466398712277814,0.1644469465259345,-0.4704746868682744,-0.400114830980257,0.15956204008452013,-0.35443385005582584,-0.3002961601271314
23,n,0.0,0.0,0.0,-0.40303340272887117,-0.1967479486099394,-0.12193828606960995,-0.6338433726796879,-0.49735060527538755,-0.17722899380482468,-0.6454685104547923,-0.7485334143397092,-0.25572876762908986,-0.5751784863130538,-0.9058652677741205,-0.2910601566516004,-0.4431308590388088,-0.7250554001079493,0.08405481204674715,-0.5926117633393078,-0.9725775299638968,-0.15474044960450592,-0.6453102616943077,-0.8195603638674829,-0.22875199124208623,-0.6108387204680058,-0.6922424254917082,-0.22078239706565175,-0.19652336604432527,-0.7307369624988933,0.05462127625515348,-0.346057481352111,-0.9999981420758317,-0.20952155535682374,-0.43773617097539125,-0.7537362437764371,-0.21784618489093027,-0.37302383425095464,-0.6547260075726824,-0.12332809833355392,0.07636172675884546,-0.6966960373013836,-0.029182658399203608,-0.10482723472770963,-0.8155899700188811,-0.32309060831208664,-0.18334381348507733,-0.5281119384212881,-0.2700379605266951,-0.09144851464170771,-0.43591924486393585,-0.1334062132802617,0.36555164671469603,-0.6264040198232639,-0.12299143212433906,0.13895104949640386,-0.7164571989981381,-0.2861887747587004,0.0697389773732493,-0.5242218871029394,-0.24057542445927782,0.15866968668369297,-0.44664051533108035,-0.1484659388532265
23,n,0.0,0.0,0.0,-0.36504820536990656,-0.21871059173596893,-0.18429195475147486,-0.554522024557895,-0.531356431282001,-0.29626426252626925,-0.5019658528110327,-0.7778610464822668,-0.4159752093854639,-0.4142127226418373,-0.9220011889453014,-0.4830810087298323,-0.16710069786091314,-0.7542711799805281,-0.04584736048961982,-0.2633639455178463,-0.9999981535347462,-0.3208228036835914,-0.382191099881103,-0.7994230960744877,-0.4130996989730241,-0.38711266930090354,-0.6689930870199999,-0.42375977013094945,0.1187835164037113,-0.7180391819855728,-0.05671804464633782,-0.037252675010904665,-0.9343467143830957,-0.3331084576207736,-0.20135578072766117,-0.6533278849774952,-0.32298315782585224,-0.15278816250641003,-0.5608172817256548,-0.2364535413925109,0.38840106217207165,-0.6494739872993084,-0.1258601491161887,0.18710086068670662,-0.7831918662238064,-0.4163937045712681,0.013114279907969772,-0.508739421636256,-0.32633420093364074,0.08388063270497291,-0.41007190400391574,-0.18561350256668596,0.6464754046340019,-0.5370736093009281,-0.21357623104293275,0.42852938516779804,-0.6633645606439829,-0.3819552102049428,0.2677126635393271,-0.4805605807052492,-0.3212587430474232,0.31275452172774987,-0.3925504653266251,-0.22652019634208412
23,n,0.0,0.0,0.0,-0.13156401233097498,-0.2577855619043464,-0.06212204171302997,-0.07745461828627064,-0.5851666312159354,-0.08698461037519627,0.11949379199040473,-0.8222693268983324,-0.13376835318166566,0.3054286121978572,-0.9998129849398475,-0.1527304882501213,0.04164430922041071,-0.7473798683221875,0.07028553810847193,0.10160790198728387,-0.9999980411807409,-0.13980718490884572,0.09799679506325046,-0.8760619653710848,-0.26824973044843514,0.09623099658547617,-0.7356009510232759,-0.3136383637353773,0.2325702772145845,-0.6942284468052627,0.01952280153314885,0.2601880239036298,-0.9751573640297213,-0.18770975176983024,0.2108348671367019,-0.8264741899820274,-0.2588002158789401,0.15346871676172538,-0.6859431227985491,-0.25546943705231057,0.42760507753022303,-0.6069765308090798,-0.06727470506899165,0.4519833475884613,-0.8204722965313223,-0.2618967263476184,0.35555199989297054,-0.6504963879498136,-0.23473277609030344,0.2624580860434979,-0.5154074336826786,-0.16103418653185736,0.6285042342292024,-0.48588985409027813,-0.1651699746007141,0.6754431367695093,-0.6445984062053514,-0.28944059648371395,0.5888168509732176,-0.5431586310236741,-0.2548874439313052,0.5166283378536708,-0.44723983657583144,-0.19130712541920428
23,n,0.0,0.0,0.0,-0.39623360517681955,-0.21054645268566097,-0.1842627471602738,-0.41453993746858675,-0.5209483269887458,-0.2795212842436927,-0.1480860001010982,-0.73708514681885,-0.3901423343495879,0.19163709180972244,-0.8675321043186011,-0.46614584864330566,-0.15640073738810237,-0.6902312544500726,-0.10543996144966034,-0.07051605085138288,-0.9999981978730297,-0.4825045833622367,-0.21411134628229042,-0.9527836054711837,-0.656297711341283,-0.3466629691402721,-0.7749776090628955,-0.6793036707464567,0.236171945058805,-0.6581526902524405,-0.13290536771989567,0.3134692746885298,-0.991302754483523,-0.5119959465484064,0.05801384182848013,-0.9001318199115401,-0.5952392948441617,-0.10926138929035539,-0.723335472091944,-0.5216489153309393,0.5888393667001253,-0.5703226081532118,-0.21155050221931457,0.35827513633053437,-0.6787882123944341,-0.5904508354117118,0.0673849532891631,-0.4711813360801169,-0.563896954001697,-0.007399399189388217,-0.3082147409727313,-0.41181137809467205,0.9105727324381394,-0.4476139714567083,-0.3037597249411324,0.5817332108372044,-0.5402649523600327,-0.5198860180877224,0.36092216757380724,-0.3961456321788793,-0.4628202759739177,0.3360212977209375,-0.2797466143901983,-0.34110520244920595
23,n,0.0,0.0,0.0,-0.3600168747280799,-0.21092649066806837,-0.12733520474907872,-0.5407411405472179,-0.47201394610896086,-0.18624404412378476,-0.48984049840167837,-0.7023588973798118,-0.2545910024139289,-0.40285419505082154,-0.8492263346565038,-0.2865598240358448,-0.42357510084949124,-0.7379575298158111,0.022059775312955787,-0.505161442874682,-0.9695623647101307,-0.22576593456217586,-0.5425849756075277,-0.8637979955571463,-0.3480083232645578,-0.5223212804902586,-0.7193635920947529,-0.384482258175206,-0.08644224818248622,-0.7215077735936948,-0.008816641293005892,-0.13100357594221207,-0.9999981368174983,-0.2258336777041857,-0.25153000864661906,-0.8132673031522957,-0.23650399995104987,-0.23202270457890556,-0.6946658306971135,-0.17668347392644737,0.2361856872369055,-0.6482555038506788,-0.08883500027560166,0.1586736509862805,-0.8048101826711915,-0.3383893246072369,-0.02095584123624636,-0.5857919402715475,-0.2456137034456543,0.013702771813618333,-0.4972758079817459,-0.11255337352670897,0.5579020887061061,-0.5191301342842717,-0.18214108633177878,0.40672738143164994,-0.6581228477560643,-0.31381549984317614,0.2349987385454286,-0.5065341299350301,-0.21775182368987486,0.258163006211195,-0.43514246445632965,-0.10963313047980426
23,n,0.0,0.0,0.0,-0.38914234021149446,-0.21310151611553782,-0.2082963823878554,-0.5325590912486908,-0.5074997745318699,-0.312991278170005,-0.37955644668845173,-0.7305295138342932,-0.40811109137633883,-0.15888634960341788,-0.9063179125115068,-0.46722252058904545,-0.33724938556174233,-0.7485617658486147,-0.11079401744506728,-0.49064515083977744,-0.9326100341774416,-0.3863544680423246,-0.550275633006964,-0.7493222037969574,-0.5345604941985879,-0.607220512698861,-0.5727173236289367,-0.584196663614709,-0.015003656939745718,-0.7592354854388547,-0.10794310181801799,-0.18670628249067414,-0.9999982888905963,-0.40181473451730776,-0.3450430586117095,-0.7797457391446873,-0.4845907152694533,-0.4324306477841541,-0.5934820425548759,-0.4587982429475275,0.29083640827028245,-0.7184100850276158,-0.14768967678557632,0.08700038387860301,-0.7817207258199397,-0.4339590207978369,-0.0762955063225343,-0.5350040991531462,-0.42986156980874524,-0.1332806210963279,-0.3659164989503275,-0.34465804695132,0.5788809404142328,-0.623303377545043,-0.20809556394361092,0.2953591578436806,-0.6067875648594412,-0.39554647592206,0.15490741107355024,-0.43750745840293465,-0.39651288281309016,0.13332274299448585,-0.33860406864233006,-0.3446383883656785
23,n,0.0,0.0,0.0,-0.3881747474696743,-0.19349656289511052,-0.18708934244176675,-0.4631090575159674,-0.48179649477713116,-0.2718216687429564,-0.21852393042975263,-0.7035050700757784,-0.35386204732492177,0.03345751473620303,-0.8742583045905856,-0.4007475083936323,-0.2686271556124092,-0.735327798971525,-0.09557159331753272,-0.2151826464603062,-0.9838151914300094,-0.4117536030203978,-0.21150320338779785,-0.9194541865436379,-0.5820837239746783,-0.28571928473089053,-0.7749616935189997,-0.6311725824299357,0.10973495116110639,-0.701087696932389,-0.11033930710688601,0.202916140631219,-0.9999981447454824,-0.4412219351001565,0.0787460642263272,-0.8550906935670706,-0.5466846142314246,-0.08690296383349114,-0.6720554994185153,-0.5182767614840282,0.4255755534209317,-0.6126228759466263,-0.16542950822813723,0.3424393922712697,-0.6781660277759368,-0.5044263374362663,0.08623245117115762,-0.45800454696106574,-0.46102359444191265,-0.0962836720716512,-0.29883666211606336,-0.31905886282901946,0.7216253333540761,-0.47144399379936736,-0.2372737070102545,0.5631052366142851,-0.5211924726109898,-0.44604053644610897,0.32475670112208127,-0.36798760002024195,-0.3825278320892874,0.15130927960687363,-0.25833917910705767,-0.2643956041626519
23,n,0.0,0.0,0.0,-0.41147656941084726,-0.19444058160694555,-0.11480626601479706,-0.6376811637744167,-0.4946878434474389,-0.17385314391621895,-0.6372659682408294,-0.7442146773975133,-0.24878659770527872,-0.6015186297828096,-0.9151891267753106,-0.28418579583401243,-0.39452082214319595,-0.7389300197616437,0.030059414108543306,-0.5388383621522389,-0.9693777720431163,-0.20650967162633677,-0.6228849585739875,-0.7824064487387914,-0.28998285492912923,-0.6044664859105104,-0.6483719395521087,-0.29773574441764944,-0.12099792688537638,-0.7420377685147889,-0.00233462707468772,-0.27705623819334063,-0.9999982014394141,-0.2569845118410503,-0.39944372472404605,-0.7548669138531487,-0.2729783840957626,-0.3548173338339648,-0.6485779292804299,-0.19823727850864942,0.15013601281648456,-0.6950590317446385,-0.08036573352221774,-0.08655706608494226,-0.7903319879579707,-0.34145595202722095,-0.18356091491002285,-0.5133466642612652,-0.28540332216343023,-0.075662605434073,-0.41901156968635006,-0.16893777231554816,0.4335833463173073,-0.60010419914244,-0.16882015770160883,0.13999175571429706,-0.6792698627874694,-0.3131930410347454,0.03956192732237286,-0.48823633949467493,-0.2614662758676241,0.1323962395909476,-0.4100299780010285,-0.17684276884324182
23,n,0.0,0.0,0.0,-0.4260997904432651,-0.21725789270179335,-0.16921467535429524,-0.5662722753405799,-0.5410679015368303,-0.2301308342770811,-0.41877784418216346,-0.7764618732357773,-0.29451557665262185,-0.19334316917196262,-0.9043426054869349,-0.3065774576681333,-0.1861770441110731,-0.8032051287263419,0.039683802603147994,-0.3535652574800798,-0.9949874633381617,-0.2595213705554399,-0.473466252877788,-0.7820766226255687,-0.39357044767452515,-0.4302634696395532,-0.6674342980655785,-0.4354665487451719,0.1640033455043385,-0.780387577391802,0.010002101608805672,-0.01849156821034559,-0.9999980225068582,-0.3180131661222781,-0.2329748534590428,-0.7442371768103684,-0.35890391399533844,-0.192795850152912,-0.6372153575887396,-0.27653145868600787,0.4511825247019172,-0.6973916310130145,-0.07883750995642078,0.10105476304860449,-0.7442130728501237,-0.38395977440100393,-0.09456425608122164,-0.48551734899177196,-0.3086991365746523,0.008087497467892602,-0.41829659005170505,-0.1640238963557013,0.7089863430973303,-0.5709064237657989,-0.190294840933331,0.2785279201558476,-0.5613828842458759,-0.3537090980254077,0.14262660986676748,-0.384647461550227,-0.2960353637596831,0.2702495947581945,-0.34459823066575546,-0.19548729954773658
23,n,0.0,0.0,0.0,-0.36774004885703077,-0.2475369553047003,-0.12642854297390757,-0.47716836938523566,-0.552861457526029,-0.20938180797477135,-0.3826104094193281,-0.7912928182560135,-0.3225301640373092,-0.17222361314951462,-0.9509518668011259,-0.3807871739664732,-0.048593392275472526,-0.7317530546804096,0.06991308165434892,-0.08497680204153792,-0.9999982354021809,-0.24623742853453118,-0.31194752253450453,-0.8703551331050087,-0.3522091455431387,-0.3194910100940577,-0.7553574151443438,-0.35856262035718256,0.2318821229424709,-0.6905750428850082,0.010449269083617388,0.17645403917364377,-0.9770096408633928,-0.3539298613233745,-0.11996454933536377,-0.7379154995411618,-0.36374388384049733,-0.03196692345983126,-0.6141830454312768,-0.2396552962567812,0.5212709669376809,-0.6026477812427873,-0.11002090403146415,0.2692309110574907,-0.7369827264423218,-0.4571286595770837,-0.0012618231794308433,-0.5033110485705831,-0.33883355163669504,0.1437324619410013,-0.4340787959182025,-0.14156796258604082,0.793603373528643,-0.48446726497981707,-0.2438877732563208,0.5125671531869564,-0.6075266310312901,-0.37926913662807815,0.2900672435540438,-0.46232730095892827,-0.2524072621656721,0.3954193293376932,-0.40021377359969,-0.10054111819621052
23,n,0.0,0.0,0.0,-0.40178328252815976,-0.23509063858018223,-0.10670656163263617,-0.5031116328949075,-0.5323723929253643,-0.1843393834448426,-0.44375862508283564,-0.770827623543977,-0.31089794095285866,-0.24282259004677956,-0.9409963595359171,-0.39731671355385034,-0.07733460203591157,-0.7046312452293254,0.1416445454808391,-0.11001569053978626,-0.995560131408261,-0.22432768410244336,-0.39709257579750623,-0.9116351436718075,-0.3841011543681249,-0.4789386270716051,-0.778707463798637,-0.40755124180559726,0.21406980765164935,-0.6797185241101361,0.05942333834120608,0.17902466938336992,-0.9999981789635659,-0.3619961222419705,-0.20228787423673464,-0.838383601828736,-0.4549416205257436,-0.2173834933843175,-0.6955173340932881,-0.3601785011977886,0.5008211204911722,-0.6134628817380297,-0.08408277905485034,0.13854558146608245,-0.7500411895606339,-0.48388014581156885,-0.1301202079645953,-0.5302743801661274,-0.4362569711441219,0.022538359842956324,-0.4237185274713955,-0.2589296851499054,0.7623612210796367,-0.5191554769617667,-0.23750996152696538,0.28961226893181774,-0.6082747259683372,-0.4302635677073185,0.11334044757989102,-0.44558023505396155,-0.3476259179515023,0.29060629867205734,-0.36264903283773064,-0.20517919306967547
23,n,0.0,0.0,0.0,-0.2957529607330972,-0.1564113334510774,0.012172446541133438,-0.48176357687422294,-0.447187940749494,0.026807642332502046,-0.5197389190958589,-0.6856397008850076,0.004097554905135345,-0.4874341699043583,-0.8592080737973017,-0.01341993522000441,-0.3833570430131712,-0.6553335307657379,0.13344686462449973,-0.4754005781845291,-0.9016898075704318,-0.013494757037854625,-0.5765284515784104,-0.9108228715725416,-0.09304557029008352,-0.6225650171295963,-0.8275610435812543,-0.11344999640517561,-0.20414109612819717,-0.6893339434107568,0.057231785121230706,-0.27980600276751044,-0.9999978780456097,-0.10570639180109216,-0.4223066162502725,-0.9327558911619899,-0.15513104325191204,-0.4530132167865962,-0.8466165861300229,-0.1266540265666722,-0.0002578260913343721,-0.664243044306021,-0.04249541577950053,-0.15419404171343556,-0.8362608560376853,-0.21354688162956362,-0.22228808153833424,-0.5870050633419732,-0.17165037893461127,-0.1556506927283475,-0.4569477049147441,-0.07836600431688208,0.22584604365524727,-0.5928407106027641,-0.14380286865062886,0.040656335164749854,-0.6997536715419539,-0.24304417535007558,-0.02406971300641175,-0.5258867465135967,-0.18624903039129018,0.039428609941015366,-0.4376755049735518,-0.10627185273411344
23,n,0.0,0.0,0.0,-0.343547302741872,-0.25931566852517873,-0.15301776811527432,-0.40657558429671736,-0.5937539664139554,-0.2520215912430043,-0.19154806801735755,-0.815991584068459,-0.37218210745345154,0.14725382501062645,-0.9130245837958593,-0.4588948022513519,0.13189227340864812,-0.8117281601935389,0.01975932082105951,0.008349889392624361,-0.9752889371014771,-0.34884940846217644,-0.294363103213177,-0.8123290790156755,-0.5733622244172356,-0.5077010315391466,-0.6356320263195526,-0.6492935654373035,0.4393353944442632,-0.7640286380189752,-0.03136087226842979,0.3624671638796008,-0.9999981752497958,-0.3952812366401042,-0.017646892107088648,-0.8810922470236646,-0.5198698991790689,-0.3015103936164141,-0.73842095825432,-0.48943333364695274,0.684028886236764,-0.6683039554882231,-0.13707222402449784,0.29664942259057675,-0.7443328030646793,-0.4795326386388651,-0.0652133964138744,-0.5785181999011718,-0.49076313165217506,-0.2423561079106679,-0.4516016431034025,-0.3873455461804033,0.8420900051408935,-0.5365864107832424,-0.26012216730168425,0.36853530196550954,-0.5497868298972832,-0.4467255163306623,0.12976627155954326,-0.4132484479303328,-0.42419084297336407,0.08378961899621123,-0.3077672365270119,-0.33983568051192115
23,n,0.0,0.0,0.0,-0.3935218551297079,-0.1838511518410511,-0.023056423519778588,-0.5769762277287526,-0.4578766538837906,-0.04490237986921017,-0.5123108448540988,-0.6725593499688556,-0.10175095675285699,-0.3913130065537334,-0.8167596192159877,-0.1476042402900543,-0.35936092573105877,-0.6925632658701991,0.06622409594837739,-0.422252829898008,-0.9336949631360711,-0.14854558397165252,-0.6108919235564158,-0.8849215945135254,-0.26117325627714866,-0.7218196928591714,-0.7682862434180457,-0.2938586435038524,-0.15066648078184958,-0.7022641042626535,-0.0071836478039914485,-0.22840608615120161,-0.9999981096546791,-0.23783361734459374,-0.4485309055896418,-0.8744113951981283,-0.29055945481005985,-0.5088363082416999,-0.7547418349864191,-0.24956601277893292,0.08163585020495692,-0.6706488604537453,-0.11065374381101459,-0.10511816178132574,-0.8387771489264204,-0.3428930199679736,-0.20841208550565724,-0.6004121742169244,-0.3066953505528175,-0.12809654174904092,-0.47064248938846437,-0.20912688143315483,0.3229728383352152,-0.599096374703038,-0.21727875687457188,0.07648836769152113,-0.7036515076976801,-0.35551725322576627,-0.007227320090660508,-0.5320244015032343,-0.30684126255577027,0.08956625207046343,-0.44269003121043643,-0.22800493693951354
23,n,0.0,0.0,0.0,0.23068897278022227,-0.2215382931163942,-0.03770727388001064,0.33181381305974483,-0.49672505121905686,-0.049613634755737636,0.23414750320271324,-0.7394506346103024,-0.0755950238472812,0.07781896893570689,-0.8176531860110491,-0.0976398840202414,0.25860264235644115,-0.6835356300343212,0.06645476181565331,0.28328064403204617,-0.918416822551795,-0.0018819443197469986,0.27951842874571936,-0.9159007879064706,-0.05747964144464995,0.2646711610849317,-0.8147537538488357,-0.08324434643848361,0.11511505820887584,-0.7038059473768351,0.040772306732318436,0.08739170027996943,-0.999996897084923,-0.031953282600704506,0.12660736641169634,-0.961968598082201,-0.08080492656468413,0.157485200002956,-0.8628831810630425,-0.09734416348615521,-0.021707734371583364,-0.6696303033062473,-0.002225290989446749,-0.031757816893410035,-0.8605892691469914,-0.10722986177957866,0.024906042745708293,-0.6536890673326771,-0.13618333297887492,0.05670436328417317,-0.47027117739817065,-0.12217149923438109,-0.1550185465139313,-0.5884598889274409,-0.047575520581504424,-0.12618402009420535,-0.7535594043044052,-0.11392414101749952,-0.07819404378580376,-0.6158177893100991,-0.10999032852488302,-0.04894190444126579,-0.47630437102983253,-0.08971432402672791
23,n,0.0,0.0,0.0,-0.3135891210271191,-0.19350559721788435,-0.0665537109281629,-0.45091364485854457,-0.49205268305058303,-0.10848819869556568,-0.36016225781607974,-0.7308813549742843,-0.17299678534693946,-0.17043060662703366,-0.843127845094775,-0.21968640569480305,-0.22562595236713986,-0.7152814886712322,0.00688320717445066,-0.26726322927444784,-0.9999981502415256,-0.1863527031099331,-0.42339899339867026,-0.9244930167294755,-0.2811182662942552,-0.49960316608188393,-0.7937593785276361,-0.30003501985337494,-0.027951754223026825,-0.6988736244870443,-0.03405767149425119,-0.08231429488772062,-0.9913076939425703,-0.23595657616898166,-0.26321678999825654,-0.8994710197140564,-0.2920965798671383,-0.3607998578360851,-0.7545199650190979,-0.25687568375945563,0.16659982455975297,-0.6464414694267535,-0.10146536468652664,-0.0588328522004235,-0.6966317156496263,-0.30602741813926515,-0.1705562412842697,-0.4811767129358652,-0.30486272036798195,-0.17630087082643575,-0.3056421639041808,-0.22609435204837441,0.3489491303675947,-0.5585022259274766,-0.1769339902776665,0.0863362026051274,-0.578589217531268,-0.29530693400556285,-0.010113893106542687,-0.4188510629084042,-0.27146140439693384,-0.0070564891026075275,-0.28552308832912504,-0.20461297561784822
23,n,0.0,0.0,0.0,-0.3519534706204823,-0.18429630155616905,-0.07521333493719552,-0.46325393255756564,-0.483002834915168,-0.11526264869771614,-0.3152480186589466,-0.709503323618771,-0.18078965092194246,-0.1465495175042161,-0.8765058740670438,-0.2234180552041441,-0.2613497261862699,-0.7037136354944769,0.036490476190379595,-0.34854290661109794,-0.9488308800272554,-0.20896110799328296,-0.5071847668132998,-0.8694749958008003,-0.3203088255622728,-0.5568780091684348,-0.721872494831049,-0.3440274559535233,-0.017124410990754114,-0.7001324566004321,-0.021975548913034763,-0.09379392663501855,-0.9999982890359995,-0.27365592923383325,-0.3168633020768409,-0.8416306823177027,-0.3049318403903686,-0.3227026551436512,-0.6947106663819436,-0.2366490712402509,0.23014734362019493,-0.638414383235085,-0.12094969254143,0.03267239347757428,-0.7939291367332904,-0.3669136376599189,-0.1417818869854613,-0.5747929799833896,-0.309593002325988,-0.045912485858411956,-0.4610786692641958,-0.1938177877074985,0.47583522508490267,-0.5324465287809041,-0.2295381120785025,0.200899383622605,-0.6257762360764281,-0.36649268392999823,0.07306345328826079,-0.48167376230050124,-0.31119515563844297,0.1833309456098475,-0.41062250404465866,-0.22733944405349513
23,n,0.0,0.0,0.0,-0.308980513097989,-0.1919790822041181,-0.1006014900530539,-0.42756126865900573,-0.4795987931116274,-0.1543272828403303,-0.37662017551855415,-0.6816863258148467,-0.22818833838255412,-0.27859095141760587,-0.8290568027380802,-0.2691448943854177,0.062338371370850694,-0.780833287068112,0.036523182477851926,-0.17178413090386932,-0.9999980359742735,-0.21282264256096511,-0.4269027191878747,-0.8654196088881925,-0.35178778994870075,-0.5498724778191331,-0.7286522408571386,-0.4010099876092866,0.2812344559740622,-0.7473861617290787,-0.021856354174107077,-0.03146574073790827,-0.9943766890621341,-0.2809569048420811,-0.32295298842481346,-0.8237652280879931,-0.345293020655598,-0.4422785118705223,-0.6835662150126348,-0.2978973012611137,0.44007593284655455,-0.6580489009526364,-0.12078542992149605,-0.10447266036710397,-0.7021882802238042,-0.35218411369494806,-0.2411990263623807,-0.4737184397636373,-0.33042909492922456,-0.15937804455553012,-0.3443325795567413,-0.24086197691581376,0.5334157649442024,-0.5285609600171248,-0.2371739008668852,0.0048787447309788035,-0.5357825277088618,-0.3839540187139631,-0.09874560370962067,-0.3686999050415633,-0.35580031179964505,-0.011728396740592756,-0.2754605147617504,-0.2807659132036222
23,n,0.0,0.0,0.0,-0.3575983267440366,-0.1916955150212335,-0.15931355073272674,-0.5511694867815836,-0.49496796044295105,-0.25221328357639855,-0.5292296661683785,-0.7480463993736022,-0.3616515134799437,-0.458954255252959,-0.9248851518981962,-0.43126677315646167,-0.28772652982661623,-0.7530031330342887,0.008833304101590665,-0.43564525972138496,-0.9865476422478898,-0.23995162757351043,-0.5278643964509009,-0.8227577164955457,-0.32796418814737166,-0.5221549353184194,-0.7001649035338492,-0.3355541470825683,-0.019647237972322148,-0.746075134364877,-0.010236161552469515,-0.18520788518173895,-0.9999980729882683,-0.2677267802611597,-0.3038154406338806,-0.7619575863897273,-0.27833663678852844,-0.25715156346025986,-0.67279237418662,-0.1977190909671364,0.25450441155021836,-0.6934450865295979,-0.08451316775148515,0.029694975289045487,-0.7954980933976145,-0.36361729397859355,-0.06187635752791629,-0.5091918506775032,-0.32627024983135255,0.03758451481908595,-0.41452639273672254,-0.21553199003698406,0.5362875127674254,-0.6042338733571684,-0.17279250953991032,0.27668422972996276,-0.6932064098398306,-0.33370288085711286,0.1909409498078427,-0.5036403778928441,-0.3041569062108973,0.28088013836994746,-0.42067495925177384,-0.23120562867300035
23,n,0.0,0.0,0.0,-0.3756601185559982,-0.26485340437683186,-0.186541713008933,-0.394305117995717,-0.6050842683568992,-0.275962501757409,-0.16202093626898217,-0.8009433124319734,-0.37371538634219464,0.12798903528705105,-0.9152727748105401,-0.44224369613241615,0.22092932727645206,-0.8270851234787882,-0.051882176836904007,-0.04631529232056721,-0.9999982150370735,-0.3635426277076978,-0.38798649229542426,-0.8466129378099804,-0.5556125710081791,-0.6138045357013333,-0.697109482056214,-0.6326516089389834,0.4937331990944605,-0.7883880893259648,-0.0777662896393784,0.15932884424326477,-0.9931985375418007,-0.4066709718350365,-0.23938516159586243,-0.8451509244286536,-0.5134203442049766,-0.5039962048118042,-0.7016249747649499,-0.49271899862053214,0.6875677614531175,-0.69717129585537,-0.15475219802465184,0.1581920448560341,-0.7607818976740174,-0.47142558110441346,-0.17544373360083743,-0.5568200858935813,-0.4815578309540073,-0.31663091934036725,-0.41375789931166873,-0.3961302029917956,0.8031165834738976,-0.5717925902796622,-0.25411140354985223,0.25776737259510774,-0.5673924265869075,-0.46406415342059787,0.05360245833173072,-0.4105294848048068,-0.47443456194387595,0.04095584442800287,-0.3047907574118578,-0.41814104890921916
23,n,0.0,0.0,0.0,-0.2518374667601953,-0.26185341788578087,-0.11079458950854816,-0.20087433234978694,-0.5586080356462253,-0.18337041199706747,0.053393272809425775,-0.7172410944579657,-0.2799889437207957,0.3582785395230423,-0.7945344191403793,-0.3464083669647857,0.27167469531754546,-0.7317707031601468,-0.03559642026421907,0.301940201804337,-0.9999982515617715,-0.3496757689912966,0.012356777235735457,-0.9494567190937362,-0.4907470564722986,-0.1592835690884163,-0.817892683076669,-0.5221830541754447,0.5766713679084075,-0.6593690761101831,-0.10420927372855966,0.6985056272984075,-0.9665661450454435,-0.4443296778706576,0.3285171211824028,-0.8835803083131585,-0.5048451628033525,0.1831496468585209,-0.7543325297106747,-0.4326900303756104,0.8118966968317188,-0.5330221491864628,-0.21511684024918,0.6491368787775962,-0.7189472509774465,-0.5371787646418734,0.30145080797875706,-0.5480159837821802,-0.4885144055731691,0.3212985622550986,-0.4143493051277832,-0.35715728851706635,0.9912439016508398,-0.3715960231005811,-0.33564292732874135,0.7291832000514561,-0.5371761085541596,-0.5168802282120936,0.4723638896496274,-0.42167015111637496,-0.45396654678999376,0.5274965635761405,-0.3233375816108023,-0.35107829499313964
23,n,0.0,0.0,0.0,-0.3347004830477334,-0.24482032233942208,-0.1456031893710829,-0.3354700057428782,-0.5464060057131669,-0.20417723652805525,-0.20628823503449858,-0.776723908144402,-0.29057191135178423,-0.03543858204788062,-0.930145368491335,-0.3361017956186793,-0.0335748317118249,-0.7192556369739379,0.0702289713152168,0.047774016837891536,-0.9920351421037839,-0.2635712537576897,-0.13777108734171917,-0.9651905310603828,-0.4060631246103952,-0.23776859973332853,-0.8369791967346908,-0.424666170610416,0.31540396077135496,-0.6859119723620658,0.0216693979740732,0.44257539347627,-0.9999983207012911,-0.35428116872745746,0.1119134532150032,-0.8879087270644902,-0.4271998000616196,0.023168308453829545,-0.7492414480668164,-0.3318010315678259,0.6227159720103297,-0.5954959584086377,-0.08547812307871082,0.37749727553892576,-0.7178041738362825,-0.44642280329278683,0.08274596064373715,-0.5349882327427563,-0.4061315388614528,0.14784629944974972,-0.4319578720599285,-0.2496766296592833,0.8766190243709315,-0.4763018175556543,-0.20627194126430737,0.5037433391860087,-0.5541243543793105,-0.3853825775308896,0.30163633093926817,-0.42762079890948307,-0.3218669269805394,0.40611795457174543,-0.35623956141456087,-0.20643594528824008
23,n,0.0,0.0,0.0,-0.3877051237642995,-0.20071333481220216,-0.19300924646318554,-0.5164289006581866,-0.5038706081034389,-0.2581666436397091,-0.4095479801091485,-0.7326540025470987,-0.3141414105804805,-0.23801334645764013,-0.8804503523091834,-0.31699099912091233,-0.314837507371481,-0.7782085392052465,-0.047500256444518406,-0.44177522073542236,-0.9681621461451023,-0.30324959187926565,-0.5411859582415528,-0.789704936113199,-0.3803559417288752,-0.4917402201648813,-0.676090810574111,-0.38775274722073977,0.05483235825366625,-0.7575160698110924,-0.046002969536298406,-0.06590304175866807,-0.9999981147457527,-0.3416837249309674,-0.2592548552306558,-0.7424705816747398,-0.338127666768165,-0.2277521757822164,-0.6227676363928557,-0.22864261570022615,0.37284942840545354,-0.6827878886381878,-0.09590447294364969,0.07073764475419382,-0.731482770978152,-0.386733439769726,-0.10674512151314902,-0.46809309636471297,-0.2960801949921843,-0.016409602655323027,-0.390374639524415,-0.14274532902764925,0.6475949813547479,-0.5686920894811118,-0.1660627314202399,0.26162625362030056,-0.5767985671377738,-0.3150494718208776,0.1382388113688113,-0.4021840428158752,-0.25201486865499584,0.2461775260629401,-0.3518036680151593,-0.15358259213769812
23,n,0.0,0.0,0.0,-0.5307106270315136,-0.10656971141419781,-0.14266098385844822,-0.8878417461329235,-0.4117977419655576,-0.1757432248929707,-0.9114776482997007,-0.705059760879557,-0.2091945172839112,-0.8094523352679316,-0.9104239523324351,-0.22201603915478316,-0.8061624291019451,-0.660219774799727,-0.010941450907882623,-0.9970425943997829,-0.9534569035163633,-0.20523508779452537,-0.8890789005865587,-0.886554975467922,-0.3188901485242119,-0.7500917101438003,-0.7547228630136082,-0.3534817764414454,-0.44046192371310633,-0.7084287377516788,-0.018254521517428124,-0.538101505161469,-0.9999977963682457,-0.20248155224704678,-0.48284953578255074,-0.9202351558809206,-0.2713190215071958,-0.4120852598654416,-0.8268370545159426,-0.2657546832563001,-0.09144264471171268,-0.6933121787842282,-0.06344258658173896,-0.07133504294951933,-0.9093700265084655,-0.3188281857241798,-0.09266784661674599,-0.6470764371250848,-0.31009806392739375,-0.07340086365731992,-0.4558417014431734,-0.2254180825555919,0.25117282651953743,-0.6255230366954756,-0.11748454922558414,0.22649869445799875,-0.7424036601323978,-0.34592770005173396,0.1557702105133512,-0.5396253894348606,-0.34029213905930694,0.14526969954659646,-0.3896505888331501,-0.2729131105852872
23,n,0.0,0.0,0.0,-0.3951897962147346,-0.2514309829461547,-0.09274179635125816,-0.5222358834753293,-0.5425580647652133,-0.16224782821678102,-0.4742790705288292,-0.7634722933780845,-0.27451685437958306,-0.3023567618925652,-0.9219533963406813,-0.35086436844959884,-0.012978094011223584,-0.6988245311646432,0.11332583586781135,-0.09329735873290361,-0.9724041206903954,-0.18787782649520085,-0.40879709567602535,-0.914323865024148,-0.32029580867303287,-0.5471069254186361,-0.7981866331860137,-0.343148257450755,0.2182118035959566,-0.6805447234524765,0.04025594212419475,0.07893072065714733,-0.99999823073565,-0.3034442757139622,-0.3001355343060799,-0.8860602388302109,-0.3656713659753037,-0.3787131870261075,-0.7633770662731804,-0.2832329554362936,0.45475508852689606,-0.6265159434559526,-0.0871472500753022,0.022414119362955693,-0.796593503757678,-0.4082275998710848,-0.19981483385328222,-0.5916190059380108,-0.3683539388299833,-0.054662150973328306,-0.46158945242620514,-0.23152917209737983,0.6852107988645937,-0.5377106571195606,-0.2272787529798139,0.1818462278981169,-0.6653003192552699,-0.3946656202861314,0.01471749142904103,-0.5147010783459279,-0.3358855824921234,0.15740038605112636,-0.41076164245039914,-0.22630401972330325
23,n,0.0,0.0,0.0,-0.38518326736809555,-0.1925928858557436,-0.12664201072611064,-0.5615363400822326,-0.49321392509146783,-0.196612895525224,-0.45527517171576704,-0.7537890336549747,-0.2802446462537962,-0.2735507946785368,-0.9211017113096285,-0.32340936666052994,-0.36911853059632543,-0.7320116050223094,0.010176711931699105,-0.5100396976698319,-0.9613392242513091,-0.24235492678336656,-0.5866599699044472,-0.7919927920950314,-0.3238510417677896,-0.553464101411214,-0.6537032915079122,-0.3227601725531325,-0.09133619242238554,-0.7291927388673942,-0.013036125226500571,-0.22726682920212454,-0.9999980901859081,-0.27081533804896424,-0.35032440102899726,-0.7496339864668085,-0.26465627543695003,-0.2957401877991332,-0.6267389123759185,-0.16701884199817726,0.1875016695742516,-0.6790580608417998,-0.08437410849423846,-0.04968013970000474,-0.7742779776126214,-0.36955582091798095,-0.16428128381281734,-0.4869594413045411,-0.29760185188325355,-0.08001445436687357,-0.3813537848208474,-0.1557303291802765,0.4577412669538272,-0.5862505097599079,-0.16574105769946854,0.14009388000082357,-0.6384374971949829,-0.31559240026477686,0.053594086919826756,-0.441105027636697,-0.2567486119685915,0.1491108822163528,-0.3585535595802625,-0.15991793283253464
23,n,0.0,0.0,0.0,-0.40092445278858796,-0.19271684732785452,-0.10600728691386795,-0.5800912073768848,-0.509662783353149,-0.16207115245509915,-0.4734235751245649,-0.758774714361621,-0.23906327104165206,-0.27495822368259876,-0.8987202552709567,-0.2887606931235592,-0.22709893148215143,-0.7089792292376751,-0.008281608346708373,-0.24727468457784146,-0.9999981472693267,-0.25508028979033737,-0.3728300538325858,-0.8961256430091742,-0.3704466273772957,-0.44084616015157263,-0.757618939814348,-0.389325032930337,0.03906133668671833,-0.6847042642945962,-0.04321236464238739,-0.00915017631618714,-0.9809866167194635,-0.32127880645964285,-0.19595176818592253,-0.8297927865981568,-0.3940044235019504,-0.2984329478214722,-0.658811480020584,-0.34007513390908567,0.2942739373960834,-0.6291208510632865,-0.11348420735959078,0.05677938479131025,-0.7158818514287549,-0.38891646452968026,-0.10180257896738688,-0.489462901006687,-0.3931915935234293,-0.14309363511559842,-0.3183306347686783,-0.2903268857966624,0.5474465397095213,-0.5357554483772629,-0.19253764449528432,0.2774868256027384,-0.6111892839364175,-0.3578678336087432,0.13311947525417173,-0.4572240133483006,-0.3375045956823984,0.10263633568742421,-0.3306848111639122,-0.2543092580791717
23,n,0.0,0.0,0.0,-0.29759876064600027,-0.27249173340037963,-0.11413714812015974,-0.29008141265450405,-0.5733961776241235,-0.1829832530772437,-0.1778526766544854,-0.8141193917272299,-0.29849670285137087,0.011848992209899798,-0.9843267952562823,-0.38199552808670684,0.1509849324445223,-0.7269494244291834,0.16847532172848,0.22115445464017472,-0.9916877162446925,-0.16792136167186367,-0.054704925241506094,-0.9752880233552753,-0.3384953301663036,-0.1961735928246893,-0.8702752727396484,-0.3811915567468301,0.4490556136554831,-0.6868099941479481,0.09366350760354855,0.5412500152261667,-0.9999982107314681,-0.29820261901908196,0.1290270284626652,-0.8998856486352177,-0.4004383704006149,0.012310514525123882,-0.7674445281757619,-0.323945645878068,0.7173602118466166,-0.598029684574055,-0.04349257255353648,0.3924875353586414,-0.7440803542346801,-0.4278802046447435,0.06184100407600035,-0.5679203526642107,-0.4108609093819299,0.12947260679496012,-0.4525704353638228,-0.2607877168040397,0.9279721210386466,-0.48301421764467645,-0.19192881400112632,0.5160823048615715,-0.5860790561385265,-0.36687076726368967,0.2775079557219428,-0.4617359326007201,-0.29957606783618984,0.38045478741237393,-0.37973618836905104,-0.17863677135633163
23,n,0.0,0.0,0.0,-0.3003159078591227,-0.14258372803400254,-0.3206779799124907,-0.48354413778109745,-0.4656685795095845,-0.5253851090230215,-0.4262785419055455,-0.7197324432361528,-0.7099603938016038,-0.2573832974057121,-0.8159894440631292,-0.8202667076652577,0.08020891742532966,-0.7811804967780026,-0.25798746891746993,-0.08466095633096467,-0.9243243185139887,-0.573144817721474,-0.26567922483539547,-0.6681276423949204,-0.6610553097754829,-0.22647542521266487,-0.5562933198731481,-0.6893623673852957,0.430388459525845,-0.7330958110220023,-0.23839898505147947,0.1540135263622732,-0.8565706238631944,-0.5704864055784465,-0.0838134913176589,-0.5267182352512552,-0.5320983658902365,0.013037187109569777,-0.45685767940207755,-0.4287259527568988,0.7355254181797968,-0.6299247838520593,-0.2834927663289702,0.3926725675078805,-0.6718313240150077,-0.62620749441229,0.14626081261577564,-0.37795647905041835,-0.5040361419443757,0.25017009841654214,-0.3167349113260015,-0.3481287361861141,0.9999980299149811,-0.4765205821335499,-0.36182447888122804,0.6705970570405229,-0.4830398508890867,-0.5566714459157894,0.460893912070756,-0.3050321557546341,-0.500873677761773,0.5369979612031482,-0.26088066116126035,-0.41484526376887143
23,n,0.0,0.0,0.0,-0.33404238125826596,-0.16598254765451434,-0.08095074641224372,-0.5195942147446456,-0.4459468007678637,-0.1307501552606931,-0.5707906465125676,-0.7120313236250465,-0.2068455482415415,-0.5778070036388349,-0.8852132173978685,-0.26902474867424736,-0.41601796524123447,-0.6290944182968602,0.045397818754256754,-0.5524324563309086,-0.9202623985223868,-0.15702717540619598,-0.6316385100773867,-0.9353521459081778,-0.2630664755474445,-0.6447149913894994,-0.8252722237160749,-0.2854177637384253,-0.19854269685692408,-0.6493234821810299,0.0098898109495161,-0.2950247145171893,-0.9999981441463834,-0.23724259997252847,-0.40687990924126005,-0.9421836058906062,-0.329628451771978,-0.4627940112688364,-0.7750315271098446,-0.30479479636299656,0.026612799553294035,-0.6364105488361118,-0.05578223801699647,-0.161939588809066,-0.739498975184076,-0.3018533388840224,-0.2074075829515978,-0.5098163471503164,-0.31479459030780543,-0.18293030945895666,-0.31445080600104414,-0.22880545790602222,0.26102189193760544,-0.5839820594025736,-0.1281816584952072,0.03724435766965523,-0.632725714132559,-0.26498953305348866,-0.028666855828462446,-0.45884950199444197,-0.24368228044003537,-0.0234941605007967,-0.30735270254555347,-0.17265589271194637
23,n,0.0,0.0,0.0,-0.37212144641208755,-0.189113350869775,-0.14873757181746206,-0.5511499488758846,-0.5051953469484238,-0.22422715624419898,-0.4966905728073146,-0.7520464838818413,-0.30563600270547897,-0.3717682127978039,-0.9060417795922371,-0.3443136188423565,-0.21629614211608233,-0.7587830796789307,-0.005807006764293601,-0.3605010369202766,-0.9818854017422982,-0.28066456875730733,-0.4653134913686393,-0.7668308901395129,-0.3963308583181255,-0.421885112865087,-0.6342280251919149,-0.4271211411843896,0.07350027609653954,-0.7421718525536322,-0.027659466873335776,-0.06913970764183808,-0.9999980727555624,-0.3109947002250619,-0.23724921344270733,-0.7401834057688355,-0.33447141033939337,-0.19350401597714062,-0.6192522409825696,-0.2567030096096466,0.3286001933143407,-0.6774590523623488,-0.09987700597164781,0.06064441050013649,-0.7708809576318051,-0.3781185639383613,-0.10111544826127408,-0.48695074461613364,-0.3176617980264955,-0.011493819754269354,-0.3800870654414438,-0.19290181060683523,0.5797032291092524,-0.5681254948329557,-0.18852899384835392,0.21923676887772361,-0.5987706072992032,-0.3562496124144409,0.11091041535809928,-0.40571844316654543,-0.3219587844306259,0.2224483803860625,-0.3322438985593065,-0.24230092848262194
23,n,0.0,0.0,0.0,-0.38040583606459144,-0.16155681599376567,-0.10540734140635857,-0.5825397330650857,-0.43799827336833214,-0.13460022783821468,-0.5378482924833059,-0.6899164217970231,-0.16667629589583333,-0.438568923256231,-0.8814606772016899,-0.16575708328440736,-0.574013718817016,-0.7063315836896291,0.023211196675953946,-0.6853111226778728,-0.9301473743260446,-0.18101592829890242,-0.6647467245341913,-0.8270372565594517,-0.2730895232538225,-0.6077684105413502,-0.6815839431755035,-0.29030801850549437,-0.2988268424030877,-0.7341882540706911,0.007771252922914931,-0.40168332892898256,-0.9999981743103681,-0.17300460346869892,-0.4318356572114776,-0.8194130301872437,-0.18208125840403094,-0.3920562781504475,-0.7058184449508061,-0.12766733227032045,-0.02436829545134608,-0.7058631697989997,-0.048739659711500946,-0.12847337786087018,-0.8684013207830537,-0.25942972758672067,-0.18944444554590076,-0.6311998782114374,-0.18986683701141863,-0.13799139141826208,-0.5339114176464628,-0.08018815843862172,0.26471973846251395,-0.627525802665074,-0.11507891979759471,0.1025295925016294,-0.7481169973346545,-0.254755736106446,0.03270485480718989,-0.5724629309542306,-0.19955074602153777,0.08199925488710738,-0.49373272512936006,-0.11886831689596057
23,n,0.0,0.0,0.0,-0.44164711823876035,-0.15144828086797432,-0.14220589688826407,-0.669466887906458,-0.4503218141073344,-0.19348408166903863,-0.5872659015298881,-0.697795333957088,-0.2502429269350456,-0.4304712075486661,-0.8384914063031425,-0.27903536834608766,-0.6386078341538329,-0.6902225999542894,-0.04352017515905168,-0.6531205417731181,-0.9439047963850973,-0.30281819458519094,-0.5845555742598232,-0.8729562669177919,-0.4564444228198682,-0.5429180644683964,-0.7332002515580704,-0.5189369947643476,-0.29253031101908394,-0.6898184749629627,-0.07891796146154242,-0.2676074260534422,-0.9999981803295033,-0.31890114363279914,-0.25314070581910675,-0.8592807954335843,-0.3951221159385038,-0.2645629310167971,-0.7149620234537934,-0.3896274097779154,0.051081897823433337,-0.6385390699980356,-0.15352210164069893,0.12047024560287325,-0.8309508580467678,-0.424779152724844,0.014435049676775731,-0.6101628469590321,-0.3780431441247656,-0.05089339292946508,-0.4777524757737168,-0.2770978243726417,0.3922379030820581,-0.5399739499147017,-0.24109122040843212,0.3981908832951433,-0.6859777148635627,-0.4215610390408918,0.24376003851506697,-0.5273465081567263,-0.35904834761549687,0.164960979786231,-0.42836554931420123,-0.27437426488332234
23,n,0.0,0.0,0.0,-0.3773617486616876,-0.19158950857770413,-0.142522802920045,-0.4795288685205354,-0.4949074336580235,-0.21990317789874395,-0.2376940567173996,-0.7218987950503207,-0.3042328730078672,0.03691009079120342,-0.8733630585076673,-0.36236699601821815,-0.26349504898108694,-0.7397012363741965,-0.08028280805177847,-0.2007415392182519,-0.9914187514675844,-0.3722249360814988,-0.2413588997971535,-0.9373379822343638,-0.5341928443239096,-0.33902254770815043,-0.7916319849461272,-0.5783767966589046,0.08241602728237328,-0.7074768634301511,-0.11100942087016316,0.15483732987895732,-0.9999980788069005,-0.40133280681216316,0.049254144330393226,-0.873607541696496,-0.4925762517516968,-0.07879172146203174,-0.6920895381221969,-0.4641581728752277,0.3999529686617359,-0.6194156219824952,-0.17696145208946976,0.32871995742368854,-0.6935491657411221,-0.4748822246943426,0.09454330954453603,-0.472749126395852,-0.44302577890987893,-0.06840118593681087,-0.3040763955258496,-0.3203211264651521,0.6985967988661693,-0.4825472911783042,-0.25575964348132296,0.5603671490227297,-0.542101907320563,-0.43446749315648664,0.32653346468013084,-0.3866677407295797,-0.3726460540800551,0.17151852663917194,-0.2675273611722935,-0.2627976388667118
23,n,0.0,0.0,0.0,-0.4038846227835234,-0.17342643554006537,-0.1938923830099295,-0.6048144331306222,-0.4674481242148995,-0.23895161507828827,-0.5595228100556568,-0.731758442307752,-0.26027273889214275,-0.37574919272470986,-0.8768475785927803,-0.22931439117341829,-0.5295168937152278,-0.7134814061083281,-0.0723244649371732,-0.6169373944260926,-0.9566669002105089,-0.3215834426462286,-0.5474845690752094,-0.8733723995567324,-0.4037817096123858,-0.5223147890075589,-0.7394080722028086,-0.40878009845739405,-0.12032611249669418,-0.7055266404154463,-0.053651578004165354,-0.1463642209226587,-0.9999981588458229,-0.3098085808834688,-0.21899981950728617,-0.8109346796689599,-0.3208934165312221,-0.23407608489309042,-0.6919988802176344,-0.24434622503390532,0.24080608235305426,-0.6336812343545521,-0.08069207069494659,0.25794493623737497,-0.7851202789660189,-0.3735838831024021,0.06152779956133197,-0.5503280220834994,-0.26296175839872815,0.049768575939622334,-0.46653771005242584,-0.09832917084256117,0.5960253040243741,-0.5016318385252286,-0.11904826737898552,0.5213493944333929,-0.6240845187220693,-0.31330241594743624,0.32929732932516004,-0.46314467240989426,-0.2384843090142389,0.30050504247156756,-0.40455618491795653,-0.12778813634092553
23,n,0.0,0.0,0.0,-0.3976625118177776,-0.19248626075281494,-0.19276755930703687,-0.5818732334148958,-0.47154847246135273,-0.2636220677071565,-0.4171024138895884,-0.6941736580990756,-0.3228119250859649,-0.203164966494052,-0.8478751563872815,-0.33744156250136104,-0.4776792148596301,-0.7741593314311783,-0.06535395749364466,-0.4400338971108688,-0.9971789057352538,-0.3193886831782063,-0.44740086736730883,-0.8750682113957182,-0.431703672828187,-0.47092107072799255,-0.7455219700857633,-0.4621639768497896,-0.07773195596086764,-0.7440319635300037,-0.07305149574427973,-0.013438186272748334,-0.9999982292784255,-0.3106747702148704,-0.11757536979842126,-0.8029413925455288,-0.338193188616951,-0.16227704407643292,-0.6955694673216659,-0.2938296748492743,0.28919478400385473,-0.6554594512840168,-0.12699561709787133,0.33133798483273114,-0.80596853070944,-0.42574267033026736,0.11750286159910787,-0.5712525764504017,-0.3353271358085013,0.04668029321910064,-0.4794513384703601,-0.19644327381491564,0.6250697556835796,-0.5126633655960365,-0.19312446693367902,0.6173935965335609,-0.6477288318270902,-0.39099467257197407,0.39589656248602845,-0.4828195923550586,-0.2986218916132835,0.3038410180922378,-0.40890782639164047,-0.18216392118845143
23,n,0.0,0.0,0.0,0.29573720756278676,0.002384090768904724,-0.2308656760076912,0.5223588887283469,0.014743755921426916,-0.42477176670960914,0.6237812452692945,0.10576905457411977,-0.5955992203684195,0.596024883303001,0.22484392110937546,-0.7717125970581529,0.3822052656187906,-0.40058043258607784,-0.42819701734559257,0.39120800189435134,0.059953439080215144,-0.7000205137122693,0.400036846345929,0.3244767654548313,-0.8913274146379242,0.3992681767597311,0.4769950334369551,-0.9999966581664473,0.09795906084381771,-0.39626819421561926,-0.4142786998188804,0.13083397745031042,0.12201190541799442,-0.6565796769107846,0.19236578859609504,0.4491269265528443,-0.7232696314711289,0.22281936612774392,0.6494817796120717,-0.7495005557959348,-0.1556497151354325,-0.3175595359342569,-0.41779682223370934,-0.10357180290131603,0.1351121545356589,-0.6000421265928677,-0.04436074048545947,0.3085542102042726,-0.5793433724552265,-0.019315736489450154,0.37178729290634555,-0.5407695646344512,-0.34801948750756384,-0.2023323994836309,-0.4461627517307523,-0.29089174076987373,0.11541397554672697,-0.5392884465013671,-0.21872942246010915,0.23381578312065512,-0.5085408662982417,-0.18037980163577483,0.27149095066204926,-0.47329475639776164
23,n,0.0,0.0,0.0,-0.37765938590486725,-0.1591824231675885,-0.14518354201572486,-0.6281992631516561,-0.47082302266508697,-0.21020324397863713,-0.6345248107955408,-0.7272448316890475,-0.28294692860040394,-0.5045948664793208,-0.8702951174176263,-0.31843764229451593,-0.34022097085724073,-0.7529843509299199,0.017209809059823004,-0.5163927149059866,-0.9667223497876777,-0.22470712370359783,-0.6219306401689111,-0.789566743685203,-0.32857974774164217,-0.6191784885668022,-0.6566397301203385,-0.35099277103815973,-0.08680189522731174,-0.762625632641924,0.00439595720942507,-0.3087733524611249,-0.9999980994281876,-0.24055963644521278,-0.4581251981778744,-0.7687738358937405,-0.2712150108260433,-0.43537198630941115,-0.6536090158480949,-0.20152243139991338,0.15714174486754567,-0.7161007389229539,-0.05699005476908904,-0.17056350377667584,-0.736753968889172,-0.3057907101536059,-0.2564177874807358,-0.4641320243608304,-0.2841182455457169,-0.14711734036156215,-0.3697210861449306,-0.18525642188468106,0.3947214910542481,-0.6222817038999998,-0.13393569626650415,0.01891439397385066,-0.6031649300114702,-0.28069979220100355,-0.03022841110155547,-0.4122617633572028,-0.26535029805084814,0.09580086285242552,-0.34498984142440525,-0.20010732963714223
23,n,0.0,0.0,0.0,-0.37493320079550246,-0.22151680273877059,-0.1835909574265029,-0.511308243029807,-0.5192139532768074,-0.3117533766193087,-0.38589159841634796,-0.7307550742786355,-0.44208028066618826,-0.10115227392456776,-0.849061636672613,-0.5522432358895947,-0.3215739593302279,-0.7424240020434316,-0.14688940091065775,-0.4363199030378263,-0.9426297078035492,-0.40844263307718687,-0.48677189908007334,-0.7989034461197642,-0.5772930356087232,-0.5068366201591611,-0.6300571869308734,-0.6618540907054689,0.03077749284873503,-0.7391236171470654,-0.17579698463149113,-0.025974455686215016,-0.9999982175960377,-0.4453453143506227,-0.14755059350560393,-0.8179750929583349,-0.5504318514765627,-0.25344587924410733,-0.6317370998945724,-0.5674627427028208,0.3920456308802357,-0.6823132899766338,-0.23686816867536026,0.3042988764867643,-0.8595669757110905,-0.525561384126302,0.12528097670170302,-0.6469746674321514,-0.5258669290865297,-0.006003915972649414,-0.4709843824859513,-0.4587311264442635,0.7350726497945075,-0.5723919500612238,-0.31301863659977813,0.6435530100837339,-0.6868449381958641,-0.5500397212789967,0.4658089225633208,-0.52660328616665,-0.5380555276346891,0.3427327353468759,-0.3849770883267656,-0.47489510290158665
23,n,0.0,0.0,0.0,-0.44747921024975285,-0.19320191520324242,-0.15076469416940846,-0.6704924611601898,-0.4790125842400788,-0.22126277092729318,-0.5548903607528032,-0.6933135922891132,-0.2913680628804802,-0.3169584895286658,-0.7984519054993541,-0.31266028097220483,-0.5049586270551447,-0.7461110142225089,-0.027769770238240375,-0.5799648133602102,-0.940863739671286,-0.2985620799363387,-0.6085363140299074,-0.7552649185485949,-0.4057793791586973,-0.5605562198476125,-0.6254688966826965,-0.4294281318302657,-0.12524006662808998,-0.7478001195689655,-0.056043632958425856,-0.18437890847898458,-0.9999980510652835,-0.3618779159221583,-0.305778773976222,-0.7364163592078115,-0.3825935752909504,-0.28525812754373636,-0.603736411113026,-0.2915294168453527,0.20864810141432827,-0.6855438587106427,-0.12947629502051694,0.07141591537970116,-0.7650794564227225,-0.42421665432912,-0.0863628220076179,-0.4922430866145951,-0.3242458209136206,-0.05522882521760261,-0.39684920536213864,-0.16102967852880498,0.5439215437771959,-0.5734504229216926,-0.21721996253655348,0.3142198283343886,-0.6054138418205556,-0.36178823610870864,0.17340439939086563,-0.42951263793437927,-0.273641982318726,0.2106914536404671,-0.3791775193245396,-0.15668280678093519
23,n,0.0,0.0,0.0,-0.37785572543219254,-0.15795615250132516,-0.20976864786211677,-0.6761970955250004,-0.4614867954748911,-0.3459614230187544,-0.8225657697791617,-0.7373865937725589,-0.4725011237430423,-0.8238606479023854,-0.9264491701753128,-0.5524504263665939,-0.1899770705211863,-0.8754544648316457,-0.13937513774951846,-0.48063172848866453,-0.9999977256647857,-0.3386102242262323,-0.5073147988347345,-0.7298205986665688,-0.4159362192700559,-0.3911007751043686,-0.6303739723590888,-0.445844521671005,0.03788941900325856,-0.9009473101021396,-0.12316754771144559,-0.32495069528613146,-0.9295042054668222,-0.29431670295556706,-0.32552127129331826,-0.5974300198814146,-0.27388014528119115,-0.14723287526290826,-0.5655712327488416,-0.2266995826170697,0.2551103754898381,-0.8811532435149724,-0.15003270182103495,-0.11641173936507296,-0.8730763192165167,-0.3118081652628404,-0.13377194478972368,-0.5675327995875189,-0.24186954683808154,0.03829013714943203,-0.5190827086964304,-0.16707694857884064,0.4661685959672186,-0.8273259244962824,-0.20456376852784788,0.13981687833984802,-0.8540878913109156,-0.30320770460426233,0.07751117129134487,-0.6337015868158277,-0.2585137532544265,0.18400147639317552,-0.5606591819955954,-0.19682105278812784
23,n,0.0,0.0,0.0,-0.36802366703400613,-0.21883509530531167,-0.11348113407238006,-0.45119751870946134,-0.5301921522821915,-0.1718409351378041,-0.30190773493903683,-0.7475491068901491,-0.25122188829938547,-0.05517461716225272,-0.8668094244901206,-0.3014144918460999,-0.24104557736386142,-0.717316534137453,-0.0373799762077488,-0.17287143116154277,-0.9862068990677211,-0.3137433520821745,-0.31218025161998186,-0.9277355094512937,-0.4332688078204342,-0.3792540075624124,-0.7800082434499752,-0.4609420606927399,0.07521632031062417,-0.6973054676011138,-0.09340742931441065,0.1676881309605159,-0.999998303640074,-0.39476485537370626,-0.08123767846158053,-0.8648716335013531,-0.4394357151562761,-0.16142279213354097,-0.701260421659326,-0.3702739679373758,0.36890221991172073,-0.6142181163269573,-0.19109816912956964,0.2332349096260163,-0.7558834786940689,-0.48246316842510045,0.018441926001265863,-0.550839459350585,-0.4344144957773204,0.06484405769644568,-0.42584759280506057,-0.3129048896885218,0.6333897093603359,-0.49333206134839763,-0.2992084030024567,0.3856198000991364,-0.5874470762901732,-0.4590462307402542,0.22955892062587913,-0.4548731032658753,-0.40734249905501235,0.31369939279977505,-0.3758031420496997,-0.3237552047835191
23,n,0.0,0.0,0.0,-0.3577101664530128,-0.2485439025867044,-0.15580359510159633,-0.428185632479485,-0.5460905255836128,-0.23108912330091366,-0.22669780027274175,-0.7626100495864668,-0.3253321826032147,0.010450110518854461,-0.9159968446701245,-0.3792554186196383,-0.07075145422178622,-0.7573578552109039,0.07611638036110518,-0.09933686370364173,-0.9999981415558634,-0.25207661875137916,-0.2765916252533666,-0.8960490958368736,-0.3969574886715926,-0.35344262351961164,-0.7646291998269579,-0.42064027220949757,0.28055377005131493,-0.710034769159739,0.03587702593921869,0.2404063770783135,-0.9752288518113611,-0.32236186172812115,-0.04933691924033143,-0.765576465751994,-0.38211181059291355,-0.0668486831636285,-0.6262449081430772,-0.29141612454578386,0.5830175578043895,-0.613106474320159,-0.06586910587611981,0.33938306594066947,-0.7245235678612345,-0.42990888961528,0.06487035236924357,-0.4909929689348102,-0.36943438173561755,0.11119183887714984,-0.3843337501539699,-0.20287128268484206,0.854739927149462,-0.4790303234719803,-0.18159103094230736,0.5105360680078836,-0.5536935212760343,-0.37206831603550755,0.2930893831803144,-0.3895874399502178,-0.300607450856531,0.36343951079900105,-0.31624890794333904,-0.174349594739954
23,n,0.0,0.0,0.0,0.3345463883981508,-0.18644568977784717,-0.02961626553983756,0.4883076660514821,-0.45900798281574173,-0.03213208577429758,0.46885174485314896,-0.7651107229194007,-0.05416619044019855,0.33339861060696996,-0.8950834421381243,-0.0754537976889685,0.436070085111989,-0.6808118823462559,0.07992703665365782,0.4722090908603957,-0.9414751617434046,0.006530563103553165,0.4507493569296331,-0.8752702639060144,-0.05919399218740896,0.427846775465609,-0.7480716609094538,-0.0951669132418472,0.28346912507409,-0.7077717367425834,0.049406403992815096,0.2983636212222543,-0.9999957064624476,-0.03535077595379176,0.30168309184196596,-0.8500456396798322,-0.09242657777072913,0.296716041864479,-0.6653719038431525,-0.11583351128604097,0.12971654852330053,-0.7008117504108443,0.0014060301927203468,0.14247901863393356,-0.9461087547617146,-0.09903295385431574,0.1602904314518591,-0.7361926086215981,-0.12908652204714396,0.15853204099406565,-0.528104205844829,-0.12259101304493375,-0.03343014779530761,-0.6645101108193394,-0.05135408686778409,0.00658366364680459,-0.8776297981835367,-0.11597603982418496,0.03460633212713976,-0.7362787239452842,-0.12019908955298643,0.04518738464757755,-0.5587343900251289,-0.1092554937590843
23,n,0.0,0.0,0.0,-0.32377144591665236,-0.2460205911934006,-0.11836097724892303,-0.3693047517786153,-0.5556920184022198,-0.18773272702604674,-0.20065494272875156,-0.7655413159684038,-0.28749297244877203,0.0029992455067854285,-0.91427822846443,-0.3536279971770607,0.00713049438274646,-0.7476675841031277,0.009018506684939812,0.13228131788717573,-0.999998233150522,-0.30450237882780135,-0.12438915131468488,-0.9448745450374338,-0.442360121815178,-0.275373115246947,-0.8018685246563763,-0.46849071721707697,0.3223338258596595,-0.6975667726011503,-0.062227520594137074,0.45217510727254795,-0.9886148803569225,-0.3976078129748734,0.09337679796524337,-0.8794411644106553,-0.45437142633354755,-0.010316511493888845,-0.7388200231157925,-0.38175660643335,0.6080096040152273,-0.5943378383263496,-0.18296125752658018,0.5117295001719377,-0.760578520101745,-0.506237326910701,0.18174530509169248,-0.5840037923119502,-0.4441838172607091,0.19572437246735536,-0.45640398077621624,-0.30136211996988316,0.8581158964562358,-0.4534855625636761,-0.31546879968926156,0.6552619247618356,-0.5914640199302431,-0.48333145093999025,0.3817745866411462,-0.47369454502991826,-0.4015795135110539,0.40549831898593997,-0.38198073573363495,-0.2861715120081343
23,n,0.0,0.0,0.0,-0.4309351351679221,-0.18063106557769007,-0.10051276131783606,-0.6032150551271643,-0.4769296403989928,-0.13983296053618138,-0.4393975541576445,-0.702846542220461,-0.20222391344172744,-0.22872288928060397,-0.8426095353387525,-0.23234162027898478,-0.40094933473820055,-0.7095708816981138,0.0018582518269501293,-0.40396500130832574,-0.9849733984860507,-0.28962567917307536,-0.5140456380624473,-0.9118132926889243,-0.40612715860310317,-0.5593096415215297,-0.7527313965505479,-0.4169063841079126,-0.07011329850390277,-0.698059308654494,-0.05524773609497703,-0.08019593161005555,-0.9999982304669337,-0.35725507652829697,-0.2722461236816761,-0.8397848265304212,-0.3894477021386065,-0.28835634565824025,-0.6941410093721719,-0.30607789537367525,0.2593586105764808,-0.6326429066146656,-0.15767060931344187,0.14803155385549951,-0.7893187665961557,-0.47683584874761714,-0.047169995015767345,-0.563424435866112,-0.41041901472211867,-0.003739207164384414,-0.44111411730218797,-0.2638155570249675,0.5891715118931967,-0.5230401125226858,-0.2678762176654676,0.37858850252292175,-0.6427473197693191,-0.46603152081402727,0.20906494526339853,-0.4905158553506415,-0.40171073959169395,0.2547669755574604,-0.405355707504478,-0.29364167225648086
23,n,0.0,0.0,0.0,-0.47138476065208423,-0.15154390729989306,-0.11443021246872619,-0.6838001337931418,-0.4400411458791863,-0.1531543262077823,-0.5962952392133076,-0.6957430931887192,-0.20465891525005267,-0.47342597926834895,-0.8802196820416162,-0.20773434617279066,-0.6158691849607976,-0.6956389415362044,0.06467903245726525,-0.7438454244872427,-0.9190390906983976,-0.2637327892180651,-0.731383599420165,-0.7188167355485067,-0.41098453653709405,-0.6412819516005164,-0.5635901417368948,-0.4366946765492401,-0.25857738458492346,-0.7180229118801063,0.012212220726304027,-0.3750776615631828,-0.9999980154744225,-0.3474996094255442,-0.43332445844619827,-0.7217213305551238,-0.3990237749567313,-0.36565001484778736,-0.5755053628445509,-0.3041173411209139,0.077814118561748,-0.67338354909836,-0.09326597271410605,-0.06694579603510487,-0.7830706756423526,-0.4395436175496014,-0.1497852170448226,-0.48759900238324594,-0.3350350046153272,-0.0796934614977555,-0.38587146331630595,-0.14165615528621808,0.4347002538697068,-0.5879337127070157,-0.20923703391343174,0.20215392177083344,-0.6505589598951537,-0.3822931515798533,0.1168788543364348,-0.451879953622249,-0.2747666838919059,0.17472424448145044,-0.38523022980320826,-0.12449345928160205
23,n,0.0,0.0,0.0,-0.37162850604999353,-0.1726644031553952,-0.09568993357344716,-0.6436912317742668,-0.43734277636621127,-0.1788388108394349,-0.6869640709043089,-0.6658452189899021,-0.27696327493082296,-0.5385100385427574,-0.8080951796897425,-0.35722705027822776,-0.41161418776233094,-0.7105649233535054,-0.05005458623232994,-0.5446041761045569,-0.9422693418988806,-0.26516078598923376,-0.6372237133847549,-0.7991677986576534,-0.3862491006601934,-0.6458302983462247,-0.6391280369526734,-0.4311445717533064,-0.15082005590721692,-0.711140392341626,-0.09209954223189827,-0.2659687043718817,-0.9999980503296617,-0.3210240719514045,-0.4185761771826291,-0.8243627827126236,-0.3888784837766036,-0.4717900920102238,-0.6420150272741353,-0.3663333356938411,0.11395296986636655,-0.6660242395828343,-0.16036683155733344,-0.04179111107409864,-0.8434711828173104,-0.3960237354332236,-0.20126156288957892,-0.6036846323685001,-0.37949274378724573,-0.24731662955982467,-0.4174545820818928,-0.29593736601228265,0.37529049691300964,-0.5717935169662474,-0.23555983844161332,0.16306201977728454,-0.6300143141349519,-0.40833376896399226,0.043974221011665954,-0.4567827509641038,-0.3928514219629161,0.039751868383561484,-0.3241573115345867,-0.3289315120623532
23,n,0.0,0.0,0.0,-0.3755383837140402,-0.2204899092498648,-0.219872477724086,-0.39564819694344233,-0.5745236170814477,-0.3296888802044218,-0.10781799940118031,-0.8212096103625981,-0.4330383431748858,0.22035932924226115,-0.9535968870964726,-0.49725719726762274,0.13846708926877807,-0.7757803152066525,-0.11480576925207235,0.26691666836403405,-0.9999979361573313,-0.47126347226837484,0.08969013604696098,-0.8493808169582592,-0.6631212699357778,-0.08926155314871209,-0.6853435419895073,-0.714674355349395,0.4669513393620275,-0.6898317915113386,-0.12926283822744478,0.5964784649260582,-0.9488109422205191,-0.5086890064024443,0.2950995613475636,-0.7633184432421848,-0.6052425272908878,0.04418967693962701,-0.5739220756427459,-0.5383307603894348,0.722782238686755,-0.5522831293144107,-0.1947930588072821,0.5758710576026788,-0.626275863147265,-0.5698815473420397,0.18489741580661243,-0.40563243166519164,-0.5380275293779011,-0.04480425792689781,-0.25073661833096084,-0.37811315054183026,0.9477705461637052,-0.37338156857196275,-0.2758771850596625,0.7837297037712881,-0.463134995635327,-0.49123360240909686,0.4645172492909452,-0.33066855900047,-0.42068441652993976,0.290050549729961,-0.228897588740857,-0.28149443191054185
23,n,0.0,0.0,0.0,-0.3706875841945294,-0.22527053771291514,-0.06974536046737145,-0.434210310981541,-0.5505329433107328,-0.12172828861311072,-0.1936609302650061,-0.7571302462570533,-0.20570694335325268,0.12125334053767609,-0.8314431721153767,-0.2736477203574015,-0.06646950084488236,-0.7012458642866513,-0.048875160174796796,-0.005839713855727735,-0.9999980985494559,-0.31295829036646244,-0.20039009943144595,-0.9170349421230108,-0.43280522502818874,-0.3212694901987736,-0.7849840357205474,-0.4504281817157354,0.2529872481501215,-0.6400868015200979,-0.12076763041007513,0.3273090141606157,-0.9596181817997735,-0.3935869949419619,0.06384267229441988,-0.8686563593543003,-0.45565690505412765,-0.11968597022428504,-0.7190094700619392,-0.3955417452568838,0.5381657970945116,-0.5445955344399905,-0.22068084360771537,0.3414565443569561,-0.6686453097809936,-0.5060315488488654,0.0642626928578117,-0.4901447871475769,-0.49015123549178624,-0.06151782560881373,-0.333802332600553,-0.37044262654447435,0.7944785291547904,-0.4197551321561323,-0.32358965003691254,0.5378334980411212,-0.5365845432088012,-0.48993833516034224,0.31056746597860013,-0.40613880443702266,-0.4268547259321168,0.215629331753224,-0.2741368588773507,-0.3113788498452999
23,n,0.0,0.0,0.0,-0.3853834004206166,-0.23090400482196272,-0.09781617327399994,-0.5477885679406072,-0.5304701929948681,-0.1536317721528348,-0.5466697706303224,-0.7862345532918374,-0.24454580180606136,-0.39806375309775693,-0.9433848927810523,-0.3113899138767158,-0.27707065665309333,-0.677238208361459,0.0875328167872899,-0.31039325064305573,-0.953413898989336,-0.1854875991674202,-0.4650645162866686,-0.9327433645402051,-0.32785274850032703,-0.5436501260190165,-0.8142245964921706,-0.353448135544625,-0.0015141316863418685,-0.670064782485396,0.04038967340014209,-0.012954100955188718,-0.9999982785854608,-0.26129331206589645,-0.2285335889323027,-0.9456390066942626,-0.3633510667166823,-0.348300461362365,-0.8130181238057268,-0.31887684719789755,0.2806848418930167,-0.6285402057927978,-0.05022893281621386,-0.012483352417075518,-0.7048843732432467,-0.36388332653391475,-0.15677085747783484,-0.49995100504949974,-0.38728364844087076,-0.15354667119025853,-0.33437161953706396,-0.2778906096274322,0.5351563366811597,-0.5504437107686421,-0.1486351606738746,0.19638155612304303,-0.5974503840212052,-0.30318000499174147,0.06824366040260703,-0.4451650275168721,-0.26389535716758583,0.08433406706060877,-0.3198810191576718,-0.16499758416232652
23,n,0.0,0.0,0.0,-0.3782145218093436,-0.20163243366106542,-0.05898231143266626,-0.47650346733081755,-0.4939034207769666,-0.1129448627656894,-0.3050544583041695,-0.7015811735356923,-0.2187967282371409,-0.0684987955235632,-0.8368953704263077,-0.31074569474304636,-0.1345540238250876,-0.6845861217889414,0.043308866957623746,-0.14688990692102744,-0.9847474975451004,-0.2691574402224259,-0.4036018906590002,-0.9641187194997762,-0.42736618521035463,-0.5747637219980268,-0.8312121589771252,-0.4593124017687135,0.15439770598025998,-0.6507650413393256,-0.05187000072735422,0.11385424533553244,-0.9999981937986521,-0.3841717811408588,-0.19686140835891838,-0.9315537117309107,-0.4779998371141185,-0.3652603050493536,-0.7739967820418402,-0.4238863829226069,0.46404684579938854,-0.5795921828376982,-0.18661923540233108,0.1736701010128969,-0.7308391162613418,-0.5289259957759957,-0.07023241213228622,-0.5192774938648907,-0.5168808430813386,-0.09929054162898528,-0.3387650278273211,-0.3828438736664569,0.7835947071428074,-0.4731005597622389,-0.3260034695094232,0.4367206642125716,-0.605357054428365,-0.5200748403208341,0.23237492623618317,-0.4588371141890662,-0.4538675451088072,0.21674212486256003,-0.32292616906134275,-0.3297790890384688
23,n,0.0,0.0,0.0,-0.3252457219967871,-0.19588964205580592,-0.06623250541332559,-0.47649246954449737,-0.46878224943279756,-0.11275308963065549,-0.4187829222954458,-0.6890768892318097,-0.18107549064481188,-0.2774656924277704,-0.8057031831737369,-0.23223754835522312,-0.13994023289506008,-0.7495883096914565,0.006737561718518539,-0.27183182754132773,-0.9999982049591576,-0.18602572521606223,-0.46805705242577456,-0.918257412466868,-0.29089489107295474,-0.5579426964168662,-0.7918224224324214,-0.32184784644817765,0.06385403513874259,-0.731505568328229,-0.0372039186875435,-0.13315721214347562,-0.9786098684158651,-0.23179376908613492,-0.3625376781207698,-0.8622455730237972,-0.2807086174888768,-0.480238874944234,-0.7111091617719696,-0.2454798297310312,0.23336428833757733,-0.6677595423925832,-0.10775797159164974,-0.16194276144466946,-0.7109197845659456,-0.29677267273082863,-0.3019208162845484,-0.5069828951673803,-0.28895981980281327,-0.31309583682069947,-0.3415904727754643,-0.21665853146997138,0.36615537121607317,-0.56240696981876,-0.18857870649133937,-0.0375247723953433,-0.5828453175415512,-0.3032983758663183,-0.1455632915115545,-0.43116171850672463,-0.2806488085294602,-0.1362760514404248,-0.30443787473670547,-0.21742810372908394
23,n,0.0,0.0,0.0,-0.350329628036248,-0.1576581044587036,-0.19940679229159722,-0.5647074415406065,-0.46976212326910854,-0.3095843011643691,-0.5586862837440574,-0.7314804815022662,-0.4205939813757522,-0.5562979620109103,-0.9203648381876328,-0.4970314132407976,-0.2584787077265889,-0.7773735756009331,-0.10519500360000045,-0.4825093309668926,-0.9833827900472295,-0.35463449632479943,-0.5878921948691371,-0.7874291566594742,-0.4730467559528178,-0.5728544402489834,-0.6260512112163598,-0.5139315129880262,0.0611049713345531,-0.7808817403225657,-0.1089873933248474,-0.22138292196299594,-0.9999981079710267,-0.3625175199601352,-0.304998316198119,-0.7533307834629469,-0.41001335409428635,-0.29087543833970636,-0.5899196971016135,-0.37546498558206864,0.367540362981038,-0.7285727240385085,-0.15779093735971417,-0.012549458988790113,-0.7530941278223289,-0.43588801426290846,-0.08305992730261692,-0.4496798876098859,-0.4485577182251601,-0.04169300624955652,-0.27963686101236207,-0.3835181847531169,0.6589775271944248,-0.6246077076662474,-0.2246237279617706,0.3227077365099869,-0.6489470382874384,-0.40914499648992186,0.18747524911828417,-0.4461080057393616,-0.41432037961850565,0.17727644544188031,-0.31464407757688606,-0.3690466105683802
23,n,0.0,0.0,0.0,-0.6515086496611749,-0.13830797494542937,-0.1589582304044927,-0.9721388378617187,-0.4361275850111327,-0.2624693037057433,-0.8641775399000703,-0.6978635522710956,-0.35054185107861596,-0.6023530348133764,-0.8729750451721042,-0.4187905254018168,-0.8760657049213353,-0.6565343801033167,-0.2494541440963704,-0.8444295620778782,-0.9745172317998452,-0.5230068001150606,-0.5587310737682314,-0.9440370743324341,-0.6956734758919084,-0.33797353571876526,-0.8114693942946604,-0.7659018068771661,-0.3743431628386015,-0.6936490090436038,-0.26242410344102235,-0.3413660325711218,-0.9999973403433425,-0.5049549518231292,-0.17910433487392002,-0.9250588286815793,-0.6251310615239997,-0.12120899817010082,-0.7569556160187673,-0.663784718855263,0.07699097225743895,-0.6829728690076048,-0.2955161664289674,0.1511798055259875,-0.9356588753302357,-0.5473247803267631,0.21446255405366116,-0.7942634111933813,-0.5592466325247162,0.18971492362728123,-0.6032495892969513,-0.5035039460432404,0.4715595989238071,-0.6342708024539462,-0.3356302025016333,0.4946674168529545,-0.8363616021569912,-0.5522314563232917,0.4804168692104831,-0.7327254998902619,-0.5415072427045602,0.4279970858375235,-0.5774843683427547,-0.4751554338527085
23,n,0.0,0.0,0.0,-0.42156405533924446,-0.15149866666755124,-0.28739179812784094,-0.5828268733106918,-0.48642277056858485,-0.4017659382026034,-0.4462384566476517,-0.7595182886988051,-0.4681438874130678,-0.21673799615184067,-0.854162346203394,-0.4713325075806165,-0.3941999839050855,-0.8548586704024148,-0.30317886249701986,-0.37655115638065806,-0.9999980156471199,-0.5202925348537337,-0.4238037419556881,-0.7631475485204288,-0.5161416750121209,-0.37979022153880215,-0.659177820817183,-0.4928490997884154,0.08642451052292507,-0.8095493405934661,-0.26574980310344487,0.16041613458299092,-0.9625695772059496,-0.5235551962032583,-0.023495656229220643,-0.6762830488649957,-0.4718971898698305,-0.0351040361752216,-0.6170894894083163,-0.3869333959561723,0.5225114598427657,-0.6885333161825344,-0.2662787362756426,0.5997581755468506,-0.7732408637371662,-0.6011811659808343,0.30602285000433715,-0.4963306280004372,-0.459582609624657,0.24519790073457118,-0.45006056654469306,-0.3008537801403422,0.8749478408775062,-0.5273424695517137,-0.2787194585664665,0.9214253595747608,-0.5913292493281378,-0.4907774842895239,0.6309450073996178,-0.3931833961110248,-0.3902489861059112,0.5269012976527205,-0.3473438616559067,-0.28217621189621833
23,n,0.0,0.0,0.0,0.28370666985980925,-0.2237563374898654,-0.01041465737173326,0.3892067773550962,-0.5055558086534073,0.006823150771473048,0.3294645723312206,-0.7396436740041784,0.004203401506331982,0.18022125540436348,-0.7944623585562576,0.0007100838181127865,0.3083509552118767,-0.7012152085477894,0.09606872933814074,0.3443178510251753,-0.9448336037194082,0.041160974413904115,0.3333226790076671,-0.927076325944628,-0.013022421625080424,0.30917977980186684,-0.8009386386328331,-0.039017889870954385,0.1675460713174318,-0.707946438270205,0.06796304035623466,0.16933052824550496,-0.9999957365110617,0.009917018010315585,0.1917347127970932,-0.9697468155232177,-0.045099257679178245,0.19634858348722375,-0.8238948434866153,-0.07131110534409381,0.023694370798217044,-0.669341483873835,0.02416652648408722,0.010766333586330498,-0.8980621922272922,-0.05303186931185941,0.06520472195600274,-0.7488761166736975,-0.10307697831295991,0.099006229349462,-0.5438269715124626,-0.11529446171343523,-0.12230645422124192,-0.5926634560766029,-0.021797829690299378,-0.10335479485119775,-0.7889546711286924,-0.07659398061354504,-0.04468816857241902,-0.6990571897165165,-0.10007040059472737,0.0034260963122020407,-0.5436980037125485,-0.10726755031843384
23,n,0.0,0.0,0.0,-0.5247368433607218,-0.09875963921306097,-0.13142815516676945,-0.8936143844537944,-0.38913909627675863,-0.15632664530808688,-0.9415045049423668,-0.6683532347419596,-0.17725206372745206,-0.7807983771226479,-0.8290155001693212,-0.18892697847044207,-0.8067397065610649,-0.6120763503047492,-0.05284235415182503,-0.9999979064329136,-0.8463309750651977,-0.2266073628216121,-0.8785139291753843,-0.8202026221259398,-0.32178683564739,-0.7058736118311091,-0.7446555162475325,-0.3555114311822735,-0.436660909934484,-0.6596112041331753,-0.060867881194699866,-0.520044690455386,-0.9224699424712038,-0.22971586810644062,-0.4519575293118579,-0.9416751190417996,-0.2921082806365383,-0.36096328055456584,-0.9253292026751369,-0.29240642635756203,-0.09035952312791584,-0.6391117438256504,-0.09942653898060523,-0.05316795799854354,-0.8287901048743127,-0.4016619991386702,-0.0868879676360753,-0.5893533225166668,-0.4262328315936936,-0.09440160168620838,-0.3879569330505922,-0.3482315843073368,0.23989621440049574,-0.5733476048617091,-0.137671433257312,0.23280111367601447,-0.7015818358415019,-0.4428081676142653,0.15341305359459767,-0.5101975521745765,-0.47441479609400367,0.11832413799928408,-0.33821205105759944,-0.4187927278840913
23,n,0.0,0.0,0.0,-0.382862875366785,-0.22730422153714083,-0.12853643555204522,-0.4669096207511625,-0.5318960496632636,-0.18611072385260774,-0.23773025159724964,-0.745106175171796,-0.2483000228625333,0.06324402282318652,-0.8794438584966825,-0.29028190715281327,-0.414969131716487,-0.6921007103635425,-0.07162756355082245,-0.46629669235282184,-0.9513831722354867,-0.275998950792736,-0.39398465044217196,-0.8757453036253645,-0.38196259858184267,-0.3438479190714345,-0.726089109157108,-0.4113417800915369,-0.056790200220988254,-0.6833831801694241,-0.09734655494694823,-0.060342504470905896,-0.9999982083400764,-0.2905227748246414,-0.056078436517714415,-0.9374045442495137,-0.3636014978405769,-0.08359063994151439,-0.803433795670981,-0.3672033532320278,0.28104862842263423,-0.6270534638326845,-0.15106967032631405,0.28333033034073607,-0.8561706804771742,-0.3833636998251964,0.16910405639877454,-0.6693138597115823,-0.3696881454161013,0.09124906788098631,-0.4957017707414424,-0.29778692945691343,0.5947392849127987,-0.5178582860207732,-0.21421091991710176,0.5038029018214877,-0.6715126382214933,-0.42029606649423107,0.3708584705828371,-0.5304599742844527,-0.4007489420937666,0.28899710140608087,-0.392649439402107,-0.33188713869268865
23,n,0.0,0.0,0.0,-0.35374880260516733,-0.23347092943222136,-0.09633312934943793,-0.48440748947062046,-0.5234722454596545,-0.15377934731500742,-0.40539600366935885,-0.7426057293539113,-0.22924430219258102,-0.27241292173958426,-0.8947788554692714,-0.288191650789205,-0.13242424708562442,-0.763319603747496,-0.025069202278089522,-0.31380904327317033,-0.9999982545484708,-0.24586062659933217,-0.5086010900174751,-0.8981590442052203,-0.36411120842315386,-0.5974492238866833,-0.7681576372125457,-0.398307396082248,0.08652925276686008,-0.7425640105095468,-0.06298972012525828,-0.15455588594698455,-0.9739818474120893,-0.2987575463373844,-0.39972515387229346,-0.8327849128360874,-0.3632683265096114,-0.5280435280096152,-0.6765159533446969,-0.3294600148642383,0.28052770513507297,-0.6793931491061034,-0.1314403366667903,-0.15101020032407078,-0.6929524497652033,-0.36907041900534476,-0.30475043604707,-0.464450588422663,-0.3725379988367207,-0.31892043400397535,-0.2926410472944204,-0.2940958816277187,0.441889432730981,-0.5726528848739282,-0.21093957401940386,0.01601041281179062,-0.5803061600559477,-0.36581900208887774,-0.09685586317279883,-0.40671909445042176,-0.35351116272369604,-0.08374527417390912,-0.276448205570926,-0.2877472046467477
23,n,0.0,0.0,0.0,-0.37620636340618047,-0.21859843950466695,-0.11766426582501913,-0.4960476939927127,-0.49246679368844504,-0.1736988547793123,-0.37509708601413994,-0.7170172968623124,-0.26828654975974586,-0.2085117416291363,-0.8885861641118837,-0.3367072059248653,-0.3138145687246641,-0.7123981866186754,0.13193370331360402,-0.4002986137136794,-0.9622449192596463,-0.16350776287367152,-0.4790548409286721,-0.9570527180068533,-0.3197012470574386,-0.5535916026493081,-0.8355291561091182,-0.3576248358330661,0.07020389538359105,-0.7021043731808462,0.055398217468089955,0.0802842871194171,-0.999998160009253,-0.26412924086847767,-0.14169161113904688,-0.8815477993335665,-0.3452702307757661,-0.19327857572267046,-0.7529332300999801,-0.27985425825390475,0.41707162926401736,-0.622640268075011,-0.0771714666252356,0.2900912001718865,-0.7772316089218239,-0.4114927585658477,0.04730975678397158,-0.568333657362778,-0.33104536177207083,0.08907054931586125,-0.45981447967390665,-0.16063150513639785,0.7535873138773423,-0.4855860824027433,-0.22265170368132006,0.5309968137596668,-0.6071313319374625,-0.4069066321746657,0.3279972414283359,-0.4600296561278276,-0.2959651017172594,0.38242811051074865,-0.38578615732145494,-0.1469583273938609
23,n,0.0,0.0,0.0,-0.40466942442752046,-0.1504982303752165,-0.21303557794057532,-0.6955797493299566,-0.4292131262398128,-0.3216029528798138,-0.7271692744648436,-0.6959548491981774,-0.4129400189145324,-0.6492156811633674,-0.8799391634846854,-0.4481440130789149,-0.5182771689536865,-0.795152915489214,-0.11611647441347658,-0.6713249866918287,-0.9586913715130359,-0.36941001107195065,-0.6608804372439344,-0.7050315588587165,-0.46569812243194014,-0.5930929994415225,-0.5916557472591716,-0.5010647301740538,-0.198709387805244,-0.8291303138549857,-0.09732116877705772,-0.3899176466763933,-0.9999979185938447,-0.3727442562458669,-0.42155084145031246,-0.6716914642875702,-0.3789412819751426,-0.362100582858807,-0.5790462010193733,-0.3090149002904766,0.08084465987302702,-0.7999509309856605,-0.12600732199288966,-0.17629439480355757,-0.7902287294731773,-0.3693808566254377,-0.215871804067831,-0.48438810235777513,-0.27806798257825105,-0.12602753874068107,-0.42393728797424024,-0.15863220216340984,0.363286486493774,-0.715387714506013,-0.17997317947246483,0.05765881089939084,-0.6456499062626223,-0.3192736056495353,0.013335740080919655,-0.44743552374072576,-0.2791404940255039,0.10578138843660878,-0.4268225856872257,-0.21282654986368807
23,n,0.0,0.0,0.0,0.2719437599608346,-0.14034042245800762,-0.03318689835368505,0.45533733039840096,-0.36822129439356716,-0.05004302066878895,0.4453867786574322,-0.586551622217903,-0.08206001256560964,0.29049468257049926,-0.6714930562480008,-0.11180147954407603,0.35364955833440126,-0.6817032820216194,0.00028967745630486554,0.38873357809572007,-0.9424603756607349,-0.11223522618343956,0.3626458002492875,-0.7996402781908281,-0.1875723792965727,0.3408726858796446,-0.618114064984468,-0.21905074600238728,0.192260130458011,-0.6892221431199241,-0.038597969765074916,0.21028591378539924,-0.9999965299822101,-0.16169383501706922,0.2066887407261823,-0.8265042859413109,-0.21418439154762908,0.2008803569277698,-0.6300485221982983,-0.21983201736764485,0.04182954656406156,-0.6504731103290904,-0.09192816226948526,0.03538909279848214,-0.8129959620994842,-0.21889528802167005,0.05693179946412508,-0.5648616531777106,-0.23656167979909154,0.07873842016056153,-0.3649670441110396,-0.2099945753332515,-0.10046996186547914,-0.5716968404290028,-0.14824073456569858,-0.09014008541253915,-0.7126982889390606,-0.22066047163907387,-0.06326325425303664,-0.5415204633970482,-0.2094536265457017,-0.0413693516435948,-0.3911247302195475,-0.18093564464132006
23,n,0.0,0.0,0.0,-0.4060090880803457,-0.20629584430927,-0.08140074826012894,-0.6028187409455851,-0.4665611462372233,-0.15247821215280488,-0.5263538125591912,-0.6736973024714047,-0.2530957840432702,-0.32685038489202956,-0.7845380802243358,-0.3300105129040556,-0.30622791304894864,-0.714104134002092,-0.019441129002120916,-0.3649742747508745,-0.9999982425710955,-0.2663432145962302,-0.573468264857739,-0.8985928520632943,-0.38839113674935866,-0.661572382836838,-0.7592398413166488,-0.417028101907694,-0.06518838649800715,-0.7017923910917736,-0.07417095722217464,-0.18632995126765317,-0.9750807994655818,-0.33655760287848213,-0.41703407062097925,-0.8449621851256314,-0.40416117909186194,-0.5302386577602916,-0.682691374067114,-0.3629619329969795,0.17023062439062492,-0.6597669482592001,-0.16041556950524374,-0.11876057623147149,-0.7013417526099774,-0.41738813083887333,-0.24196133469594527,-0.48262941446482044,-0.4069914181620689,-0.24889919799820553,-0.3115328141725198,-0.309256709588043,0.3953684366856233,-0.5812326653381985,-0.2563819253292831,0.09183644583257128,-0.6042847825243806,-0.4011568701710914,-0.041718365494269126,-0.43302801806688546,-0.3588938260515969,-0.067780552902128,-0.2893980008415421,-0.26966837560201745
23,n,0.0,0.0,0.0,-0.3468418652103006,-0.21029518091925892,-0.09773226306245726,-0.5488454169437582,-0.5080388113440976,-0.16833233926256008,-0.5540083949800504,-0.756168603836814,-0.2616686353629396,-0.508144387226509,-0.9344487517649653,-0.3255439006327135,-0.20404704090612202,-0.7241403663748773,0.014809108708051672,-0.33130783828267457,-0.9999979906189637,-0.22348112607249385,-0.46796261359342844,-0.8494050130558195,-0.3126065134312596,-0.48550132471822105,-0.7227556036381322,-0.3246605484821458,0.023003026563407063,-0.706711363143776,-0.026263927406973375,-0.15892296259278232,-0.9505502415750251,-0.28896125853494203,-0.315463611087952,-0.679433321779696,-0.3082865854645013,-0.2645137561753425,-0.5544108169481755,-0.23909092151130595,0.2591429798906286,-0.6638587532341501,-0.11041881023132415,0.0004440415020310143,-0.8015134752746295,-0.3701100376548296,-0.13894846076062467,-0.5141644282401535,-0.31061919565831275,-0.04335653563310405,-0.38555970916588284,-0.19485462678092103,0.5049517797284943,-0.580329067295854,-0.20490815455908654,0.21772908840127186,-0.7045787063653767,-0.363934447375976,0.08258082044946527,-0.5106659321389864,-0.3168966190557373,0.15708912807940462,-0.40315375331129266,-0.2303527356861729
23,n,0.0,0.0,0.0,-0.39440582335553737,-0.176696560533363,-0.05994104938326743,-0.602913856691511,-0.43105761201344567,-0.1015800044390736,-0.5668449794464955,-0.6570346366160118,-0.16955268529269624,-0.465595861686924,-0.80902238404023,-0.21339431532533087,-0.4992828633260144,-0.6849338834484138,0.0276264402701673,-0.5764310834836094,-0.9647981685850391,-0.23747364620297645,-0.6312733784478083,-0.8691891927696084,-0.3705107573107778,-0.6306956785312835,-0.7046964875313818,-0.404108304169128,-0.20470192230244713,-0.6879693028754517,-0.043455378081955015,-0.2519514551487964,-0.9999981396936117,-0.301496435550806,-0.3528429201097593,-0.8217998088638124,-0.3488857362944259,-0.34319206045820194,-0.669121704495202,-0.29862279427697536,0.09580182890176778,-0.6373086238905205,-0.15215388290271795,-0.00572843245441576,-0.8201483189297009,-0.4120572776078675,-0.12230489368063373,-0.5869608010120143,-0.34801915869891326,-0.07717849118968928,-0.4624506681874562,-0.22630030887313804,0.4150319280335029,-0.5348706751031138,-0.26685933377069004,0.21647535789490213,-0.6590760462730523,-0.42557487351931605,0.10249948879770822,-0.4977469688166586,-0.35561724319603216,0.14599408306954753,-0.41077480079835166,-0.256819108810711
23,n,0.0,0.0,0.0,-0.3395121083159229,-0.25491956316523684,-0.17128149536303203,-0.33368232349492344,-0.557573416502506,-0.26975779617177664,-0.021735383406881623,-0.7487117360415901,-0.3826495751779773,0.3199365583946443,-0.8572748855535224,-0.46394767986943997,0.04529696835978482,-0.7378502346693935,-0.060625004597405094,0.19581837144664027,-0.9999981937995757,-0.3974030185468859,0.05238764291178734,-0.8594742833301212,-0.5805073108813108,-0.08142718655514715,-0.6937891793997654,-0.6258225810899917,0.39382736654820283,-0.665709998362742,-0.09289800720861148,0.5747286545652169,-0.9508373283350636,-0.42566613316531454,0.32862735282983485,-0.7918299231192677,-0.5141406619537544,0.11979367536973722,-0.6185940415385593,-0.45968189569454254,0.6787455978968872,-0.5554467954897526,-0.1725672271624631,0.5978632681491688,-0.6799229450705764,-0.5138369589200147,0.26675935218989455,-0.4763303788446336,-0.48758790894362886,0.07380059080429446,-0.32024133800773086,-0.3463988339247378,0.9101485771259181,-0.4195072290239216,-0.26531451097707115,0.7143138416732061,-0.5221625147977258,-0.4708649713176361,0.4456545422520324,-0.38346114550451377,-0.409571621818548,0.3041964300543694,-0.25895436724127274,-0.2846942042006783
23,n,0.0,0.0,0.0,-0.3834570874558922,-0.20780244952309743,-0.04208684440595681,-0.5564834627726601,-0.47659001536811646,-0.06539602320337784,-0.5070956126882353,-0.6923022236980215,-0.12399782485031427,-0.3987760785353719,-0.840916746143833,-0.1632640345592867,-0.38030714773758384,-0.7078791741937112,0.10928570935769345,-0.4759151904347045,-0.9636654802625892,-0.12796326569579622,-0.56437423036252,-0.9018176477690267,-0.25300070445466993,-0.5852702719070301,-0.7520937724871599,-0.2836761430517203,-0.08593597647272433,-0.7023132526925482,0.0332880152755093,-0.14456767682855823,-0.9999981421588988,-0.20385835599108104,-0.2830117104990566,-0.8544988160242972,-0.2520580092367283,-0.2727259455905498,-0.707513413321532,-0.19962255330199466,0.21913317430757112,-0.6398715155675249,-0.08348188371441435,0.11734357354589661,-0.8331271912203891,-0.32930949045033386,-0.04099002253885558,-0.6196088837078059,-0.2719777748837665,0.007353975029191158,-0.48905229554840085,-0.1522480213699487,0.5377136623745964,-0.5215773291826268,-0.20588726022967221,0.34599295321574103,-0.6726199589987902,-0.35399040401737797,0.1920964362673337,-0.5260054387063023,-0.28335442740718547,0.23673565159510607,-0.4310680683441357,-0.18170616725502586
23,n,0.0,0.0,0.0,-0.31482288359766203,-0.24627194297597155,-0.18815714396380356,-0.2984097675582531,-0.5668388137804755,-0.3025738291366488,0.03381626644681681,-0.7415857461887659,-0.41381262690444814,0.40925014912525104,-0.8327400597809959,-0.5020624299631117,-0.05512088976152545,-0.7846060358681476,-0.15360892533038614,-0.1768321503926278,-0.9531375973245166,-0.48576194988791754,-0.3109640402740398,-0.7890908021615606,-0.6952534456405588,-0.4043854040656551,-0.6183320544742918,-0.7814323616299748,0.28547126987921984,-0.7603944436952569,-0.17682281483860704,0.1985382069428936,-0.9999981252798601,-0.48945362713766544,-0.03509046079199654,-0.8498967910811769,-0.5882457597626333,-0.214676269980403,-0.6777600407047248,-0.5712980139903021,0.5847891648989546,-0.6687537449906898,-0.24172171869497935,0.34246640867623596,-0.7066400471940316,-0.5343112909833008,0.043945793026215915,-0.5157111930022453,-0.5300697870848238,-0.12413226340955225,-0.37596588647369866,-0.44391023040175726,0.8143236047282598,-0.5300037805764718,-0.32855818064810755,0.4821261766823556,-0.49172699585631596,-0.49399716973780167,0.2644614220343511,-0.34963745332254914,-0.4737040352604662,0.19844680196399708,-0.2536078071135712,-0.4114009545853355
23,n,0.0,0.0,0.0,-0.4257357970925092,-0.1924892283956504,-0.14564686865291804,-0.7139931069850076,-0.4896307380778141,-0.23598347488521323,-0.6975072985904484,-0.7620023800712362,-0.3321458216403727,-0.4673413200002415,-0.9266628682503296,-0.4008821581628961,-0.48061799986222736,-0.77459920281306,-0.03784119563187845,-0.6176721107513798,-0.9817037347488958,-0.28409744551193467,-0.6907164795954466,-0.8054312960776777,-0.4316985475089588,-0.695197654031729,-0.6333909067028352,-0.4894374099169332,-0.1915903144369889,-0.7856196200391095,-0.05200966070002389,-0.3485263272364326,-0.9999980873463982,-0.29330381788843285,-0.47479962678572685,-0.7953063442183749,-0.37162433285708074,-0.5244099870455676,-0.6236384027703488,-0.3565859925417396,0.0822214994411867,-0.7487726979618767,-0.10369800421913923,-0.14300940161490502,-0.8236587858930932,-0.3610840679284813,-0.26581404471445486,-0.5709241387824804,-0.3508779174049988,-0.292503068054255,-0.40327514645109264,-0.2657082138856313,0.33426238106093903,-0.6664377654973712,-0.16767681581483893,0.06664515028635119,-0.6872871541939886,-0.34230899301833645,-0.031985718512073,-0.49735347491112636,-0.32357456019142095,-0.021510549318463485,-0.3701141706150068,-0.2545068168359453
23,n,0.0,0.0,0.0,-0.3241128183010825,-0.23250587596575317,-0.05627929033806955,-0.3381526769884508,-0.5410980333547875,-0.10089677311757524,-0.16853253183199055,-0.7607585104596261,-0.19801663689755133,0.0880909192229304,-0.8934042653326206,-0.27487955331855873,0.02329222607797016,-0.6892186800214476,0.07744125394399749,0.10332850695949403,-0.9917232333110405,-0.2718560412068059,-0.17451956841280875,-0.9750235765150307,-0.43650701968842975,-0.3637177393657887,-0.8413648815163789,-0.46406215654419763,0.3412497725581023,-0.6551613185947219,-0.023695112679456367,0.42519967630831534,-0.9999982587791717,-0.4116497699808646,0.042230470173197504,-0.9194767318364276,-0.506046137701162,-0.14144567221464124,-0.7609136688087919,-0.42491637965120327,0.6512665326761155,-0.5715169055473646,-0.1697242384211239,0.37852794109441623,-0.7358404947230064,-0.5548356027576876,0.062336708958398816,-0.5241569730001425,-0.5287679103569318,0.05775896684134075,-0.35790184400087305,-0.3677005448705793,0.9484413707256535,-0.4496236761639793,-0.3180817610323841,0.5833572000387169,-0.5905160194564955,-0.5302646435559242,0.3546094772379404,-0.4423608124351382,-0.45568853546957316,0.39626985723590896,-0.32176375203016816,-0.3165948614478289
23,n,0.0,0.0,0.0,-0.40979578702697267,-0.17199696751525465,-0.13031115795397216,-0.567367884787531,-0.48873038711323,-0.17886816310214684,-0.45316127266246065,-0.7485147280624037,-0.2340108385492209,-0.2733117994053897,-0.9159590631976717,-0.25707392670315954,-0.45385165925798593,-0.7118760335191286,-0.001498837759741301,-0.47437534327102115,-0.9549182998612145,-0.2488848132843562,-0.49922886137873285,-0.8425815845984915,-0.3645554306317837,-0.49211871233560855,-0.6864788545078179,-0.3873293174267721,-0.14500891005497563,-0.6997944392393783,-0.016950716160198977,-0.16638254200114022,-0.9999980858097774,-0.2814424570698484,-0.2573691288111176,-0.8047247587567325,-0.3389485456937541,-0.28640432913872643,-0.6157487420915202,-0.2843505294782763,0.14585497877074458,-0.6435720863251988,-0.07175358749796648,0.016243366987018202,-0.7416322548499472,-0.35381216634137597,-0.09060100401381516,-0.478616354697607,-0.3198885531428483,-0.1125290788059482,-0.307871119348855,-0.19561581408419024,0.43043858583189826,-0.5516623028307571,-0.13572775764453404,0.2214726768719063,-0.6137169449516897,-0.30278708045678104,0.1292161027549066,-0.44084521392166187,-0.2595328085601773,0.12046869579643144,-0.33031604280694904,-0.1660187119742913
23,n,0.0,0.0,0.0,-0.3669068051600589,-0.2114490416848163,-0.10190931103924697,-0.5124803641122081,-0.48265803204059454,-0.1541399996660288,-0.419842080897878,-0.7101423708496082,-0.23404673499884732,-0.28943929205489033,-0.886224996191413,-0.28220601765202524,-0.3741088798542188,-0.7138134023742414,0.08943788676922351,-0.48155908602296615,-0.9563138984853918,-0.17942750843093075,-0.5746477595791843,-0.9268995003943391,-0.2974061436079986,-0.6178490856746776,-0.7940591335719519,-0.31482854459767373,-0.06096295020388356,-0.7045334791349753,0.031514065440720086,-0.10069483228381611,-0.9999982057945981,-0.2590315817748294,-0.2950612842840385,-0.8439687786430968,-0.295828093059524,-0.29552081825034343,-0.7114053139203734,-0.20970206224289015,0.24775211807992958,-0.6366316408999704,-0.07800166075322351,0.0961055883703781,-0.7998769918609762,-0.36922781620045236,-0.07956626900201155,-0.5849396841968874,-0.28122056486728975,0.00778951245932464,-0.48410550521581847,-0.12355417495561087,0.5684174222331347,-0.5158360208016929,-0.1993119907092978,0.3307233979546816,-0.6339097282841005,-0.3681774222937623,0.17464322636124144,-0.486410233283735,-0.28645205482090563,0.2525733213075206,-0.41404448830273666,-0.16763823510774187
23,n,0.0,0.0,0.0,-0.4010952949915378,-0.16757714808514618,-0.12533858125463795,-0.6336280548724024,-0.46616163022899565,-0.199675180745282,-0.5545454851335275,-0.7229411609922785,-0.2777780401135922,-0.3483398468288924,-0.8951585157895143,-0.33291111793623124,-0.5243828370211021,-0.7415956813174899,-0.06831600875881418,-0.7239005156809076,-0.8911261125380349,-0.30857248845533214,-0.7730088563801463,-0.6862487541546295,-0.43634868771147733,-0.7547533647608204,-0.5036885626860523,-0.4770462899947511,-0.24741350879507595,-0.7756012528195471,-0.09408933393900533,-0.47037863944664826,-0.9999980759905766,-0.34721273336438946,-0.5863541338252244,-0.7848592463236228,-0.4138938475788261,-0.609196878713633,-0.59819099154071,-0.3844053452481359,0.03795893163368278,-0.7519124569819589,-0.1511958449528386,-0.21590291315887458,-0.8139093274033861,-0.40670166909146105,-0.3422036121744394,-0.5587963249211575,-0.3907199644842831,-0.3687711028173555,-0.38537250892458486,-0.3020850179425803,0.3039901485066388,-0.6798543750492645,-0.21929402999970826,0.017645795940394893,-0.6672826485459317,-0.3823861762800295,-0.07778932452655386,-0.4626068974236118,-0.35661938068654375,-0.06363472872792438,-0.32988097041005854,-0.2870798986787403
23,n,0.0,0.0,0.0,-0.447991194398814,-0.22675424453630735,-0.16641657285702838,-0.6412315173565277,-0.5322290244426792,-0.257453216327671,-0.6030522651304738,-0.7846539840437319,-0.3276882406465116,-0.45495451846717,-0.9523496167661327,-0.37122436215942595,-0.30611008976421905,-0.6894891982984552,-0.18275875216524448,-0.407892988023545,-0.9999979767025984,-0.3412072075048537,-0.33471893202462355,-0.9424307391022583,-0.4295163028279643,-0.23373083437618258,-0.825767504331912,-0.45878204197441547,0.06795765314276102,-0.6555634348131516,-0.14514418463843842,0.021851740640210723,-0.9490156871875095,-0.2520601525891996,0.04897517828423243,-0.8836239357513709,-0.3013947579079008,0.08650308112869311,-0.7792909944122841,-0.32321882132480556,0.37473585539985665,-0.5803050849127165,-0.12435272586164088,0.35440569875289923,-0.8515018950999496,-0.21173635272440225,0.3312296723213027,-0.7787991960826902,-0.19348952519557527,0.33054479671714276,-0.6889308299154194,-0.17012758199108508,0.6254652082049086,-0.47611879064787843,-0.11358691159733689,0.6323080549482856,-0.7025926450134389,-0.18807932147731146,0.6209344648394068,-0.6665222886651706,-0.1620220900696655,0.6149423158441799,-0.5930768873397199,-0.12124769867805571
23,n,0.0,0.0,0.0,-0.3194060457595348,-0.1453953160064682,-0.14917674237957826,-0.5526994933890418,-0.41357447861359115,-0.2622211771232144,-0.6046003203076044,-0.6592391481479769,-0.3885539937041069,-0.5642951431934758,-0.8367902893918616,-0.47517905748109507,-0.23352670374184462,-0.7220768299293009,-0.058508679512269235,-0.34472599377173824,-0.999997998778737,-0.3188095811405622,-0.45583689577849595,-0.8211068724405166,-0.40764058811034853,-0.46377577442062873,-0.6842048283751417,-0.41132327330507396,-0.013347068621848653,-0.7105098078246679,-0.0694115688020374,-0.2319694761547475,-0.8867172960501799,-0.3241430707161096,-0.32053994123582324,-0.5640856838565979,-0.31736343499279746,-0.21210244890319915,-0.463932332153916,-0.22891818627783087,0.2158668721449608,-0.6755788849377826,-0.12932516215771425,-0.09124637967894196,-0.7338281428514034,-0.37551529908605324,-0.15688665362975204,-0.42620156058544223,-0.30491408332387815,-0.022802499660944518,-0.3365206985983315,-0.18298083725356348,0.4446649359311181,-0.6125291792548068,-0.2057325525678817,0.10624437196369509,-0.6548804019301362,-0.3494098785605572,0.04331365015801753,-0.4364458040361408,-0.30541232458249973,0.15801219936026514,-0.34869862388851164,-0.21909107226965077
23,n,0.0,0.0,0.0,-0.3871141724892257,-0.19076635629785982,-0.10862827986995192,-0.5302690721033253,-0.4948527868743414,-0.17252064433290504,-0.4273603152666265,-0.7381434220359542,-0.2551170702911829,-0.29209855626667003,-0.8930796426357354,-0.31389336353102953,-0.3326979567236217,-0.6922889273810193,-0.06295230221537322,-0.3424884126364215,-0.9999980801164906,-0.3247650774612107,-0.4333750794049071,-0.9008126901194309,-0.4420328377781562,-0.47091440094742104,-0.7396037712026494,-0.4565077056576726,-0.06137311481666153,-0.6682154521470987,-0.09728941069488857,-0.08219986932359259,-0.9932140621925407,-0.3766876338780902,-0.22744679364410908,-0.8276870058532029,-0.43389615305759777,-0.3014706415683788,-0.6218494376257588,-0.3739799829968875,0.20238106141654236,-0.6096288046116368,-0.16510456465456932,0.03512533684859576,-0.7058415146423497,-0.45131366198513173,-0.09438685874918598,-0.465878562244747,-0.4400620844763082,-0.13002108348277128,-0.2804371620863559,-0.3280241570574557,0.4591766220890699,-0.518206815710032,-0.24012115591687716,0.25401481509005724,-0.5898802470132668,-0.40151597282537566,0.11376270489232526,-0.4263643391688063,-0.3626368583083942,0.055403494881355535,-0.28673629465148587,-0.27166450910143636
23,n,0.0,0.0,0.0,-0.4851650413339609,-0.19215073755949783,-0.1378736984848869,-0.7272383674225058,-0.47688380289828464,-0.24768979543902564,-0.6184544589803546,-0.6785794032328958,-0.35800096254333563,-0.3118723171850646,-0.7598919651011584,-0.4502903994166171,-0.5021256027818914,-0.704453860476405,-0.14418413220213122,-0.4572918393349817,-0.9433907183001169,-0.348594906002257,-0.34896790939671585,-0.8388452110786085,-0.49493321489661357,-0.2755886926815441,-0.685994841847195,-0.5709965280843873,-0.0737405030114391,-0.7046009235683893,-0.16768358877545506,-0.044275222764665285,-0.9999978184710346,-0.3640832761792361,0.01053744112406303,-0.8819879440115875,-0.46507534380945637,0.01779476415935875,-0.7163212408620201,-0.5002177340136195,0.31970371939906117,-0.6567211597136297,-0.2108644527886501,0.30544926187582655,-0.9400324201193464,-0.3684257333144328,0.2956030562928674,-0.8130230906118665,-0.37028186848004097,0.2558549322112483,-0.6588741191703317,-0.34518550632268036,0.6626902178648986,-0.562304769235456,-0.26709482568878845,0.6148524534608117,-0.735951628071372,-0.4041558882768117,0.539485154389412,-0.6394463175465779,-0.390357378350432,0.4765465720149414,-0.5110747365066723,-0.3496473953323135
23,n,0.0,0.0,0.0,-0.3329015087994149,-0.11871835563889536,-0.07649071743456128,-0.5432035556560435,-0.374692979592954,-0.12413695576025606,-0.5398937126124497,-0.6203143364317357,-0.18504787251917548,-0.483593840199941,-0.8105458532179882,-0.2213430763858799,-0.4750073584838623,-0.6609643020335134,-0.02352165190381723,-0.6077575523603967,-0.9522947768457314,-0.22190872233759826,-0.6819189624298676,-0.8342126806992218,-0.2977062728264467,-0.6668396663637907,-0.6591715294895778,-0.303854133363277,-0.2691510709242557,-0.6876700083450366,-0.05644984490941423,-0.38714479375651095,-0.9999980961050633,-0.2579478421846826,-0.4745796770352639,-0.7845988240075211,-0.26880286545915755,-0.4264087026516404,-0.6426803030530966,-0.20573098711219576,-0.0534948778848556,-0.6649347746102457,-0.12074029976590189,-0.19879535904654475,-0.8124266870034793,-0.3178536011509758,-0.2548366934132108,-0.5553742774287075,-0.26288684656729877,-0.1582643782537503,-0.46163268860942924,-0.16512374709990993,0.1752713190101401,-0.6044305736886136,-0.1928681590191815,-0.011485466866564724,-0.6717870967092747,-0.3089888356982933,-0.06886394763690168,-0.49658562524317773,-0.26694186247516366,0.01366259949445456,-0.4356299969775922,-0.20029740424245412
23,n,0.0,0.0,0.0,-0.38575419409316114,-0.18392818714546347,-0.16122163239689563,-0.5838851474108614,-0.47144439394015336,-0.2407119179647363,-0.5012391052230163,-0.6927449933670417,-0.3213386543501781,-0.36097284290090936,-0.8444504150887883,-0.3681814434604289,-0.4705100080582007,-0.7623901904709924,-0.05580335620075408,-0.610373875933032,-0.9370092832587764,-0.2919789466917663,-0.6568887258846657,-0.77181147159444,-0.41737925894908634,-0.658397761043369,-0.6161654897250934,-0.4613408803046479,-0.134217637830624,-0.7900249706243018,-0.06532242986734077,-0.2733728369091197,-0.9999981215752478,-0.30320534870452925,-0.36448858804250617,-0.7870238066957485,-0.35425237045078667,-0.4015305979828319,-0.6163998839308172,-0.31445453515525007,0.17576576021454307,-0.7499161305497112,-0.11468418694459677,-0.05350077135891152,-0.7346881206507905,-0.36283404223641585,-0.147378757720104,-0.4655707113863076,-0.3464722686280561,-0.16445930477111737,-0.30824612663694484,-0.25772170450081416,0.463849506645638,-0.650642710906108,-0.18044695360798577,0.19295507916470173,-0.6013376350166465,-0.3312072830011964,0.10324798850387977,-0.42012723385147405,-0.31243965188503015,0.1033256907149007,-0.3208857236172959,-0.2502347493841434
23,n,0.0,0.0,0.0,-0.44659016148499486,-0.18792201907713996,-0.13242674420682704,-0.6105241423373947,-0.47164643438750564,-0.21213909098550646,-0.4665550400528178,-0.6835137911016337,-0.3147000459732108,-0.27607735479952017,-0.8188474333431774,-0.38335755119069004,-0.2921528245786764,-0.7203432418795999,-0.028515026600941146,-0.33811061981044,-0.9958621660354058,-0.3614644447847676,-0.524105629483891,-0.8512898279508352,-0.5181347288985911,-0.558598732279601,-0.6841859792125888,-0.5530435393618326,0.04385234057030924,-0.693192314075183,-0.08642871987074652,0.027925187488947966,-0.9999981416420647,-0.4465098651326393,-0.243405423763927,-0.8066949069906696,-0.5108075074205186,-0.3006823085196817,-0.6323034358926941,-0.4277814205746272,0.3619904389061691,-0.6189031496286953,-0.1924051472760221,0.1550775688056874,-0.7566583471861612,-0.5482256835523163,-0.12254996686436374,-0.5285814375243326,-0.5009023002632221,-0.1342770103823646,-0.38308325543788035,-0.34343322162650947,0.6681320535691466,-0.5065569063522161,-0.3092582409787212,0.3649154568588745,-0.6134918608778521,-0.4966429304808025,0.1178916151958667,-0.4590405119758122,-0.4234877130951825,0.10437186697625038,-0.34278724799509547,-0.29701372282821564
23,n,0.0,0.0,0.0,0.30398177313543295,0.13437255769332923,-0.28420494671453594,0.6521439666474448,0.08408808728499609,-0.41297222545457174,0.8452789477336671,-0.060098279002407606,-0.5280074984365453,0.9999954391660346,-0.2095363194030404,-0.645058176287269,0.8304203405084231,-0.4513130001510967,-0.2698321978405547,0.8083561596596963,-0.5965510061262105,-0.5407034277412575,0.6253901551272211,-0.5424850095770241,-0.7280344777605003,0.4880571848193997,-0.42297676789359484,-0.8233474628754455,0.5434680079254174,-0.6056020123514819,-0.23955090109667168,0.511934040719865,-0.7261527868518602,-0.513071414848112,0.2735490576747206,-0.6369594150030294,-0.6469553277595727,0.10702448887510002,-0.5100727050751058,-0.6925511189605181,0.24444499388098068,-0.6781481603729521,-0.24764740192553844,0.1537145997252317,-0.7958467173204149,-0.528761635685781,-0.09422172374325327,-0.732360682394977,-0.5791040434622009,-0.25006094282464314,-0.6314940692355312,-0.5530475531915409,-0.04867051543200263,-0.6842658027491256,-0.2759354663125049,-0.15738562010595722,-0.8240028510143629,-0.47095543372277565,-0.3011472256302623,-0.7974885366028047,-0.4879095726871209,-0.3700783537300139,-0.7322592835056101,-0.45716946635736927
23,n,0.0,0.0,0.0,-0.37114207138657446,-0.152692461352602,-0.06023142998003648,-0.5734122482393801,-0.4644246714817929,-0.09561481011974111,-0.5159290080742943,-0.7307673983430163,-0.15216817111422648,-0.33974032373998914,-0.8874909216309399,-0.19429421410067826,-0.38630517271660925,-0.6872288515608003,0.006966406503027131,-0.45311796836641227,-0.9742515104666457,-0.18520907060092182,-0.5782477070930466,-0.9029380356088126,-0.28406518972206446,-0.6419414433221541,-0.7643037945488999,-0.30544942744603254,-0.17403732384441137,-0.6872021605637338,-0.03452787581822296,-0.24827346288101235,-0.9999979828800765,-0.24147770508362734,-0.3908355186071893,-0.8970539031102714,-0.3023235449889247,-0.4618864718790114,-0.7275207150782398,-0.26935126661293046,0.0443558082802281,-0.651947200789982,-0.10044375402564398,-0.1475524005121442,-0.7572387357173171,-0.31663932739181866,-0.21835435804106332,-0.5153507331952853,-0.30745753422869854,-0.20820745088604656,-0.31356715606264585,-0.21969310240366363,0.2685900607223255,-0.5796552964991483,-0.17161430580796957,0.046100221237147125,-0.6435435042947192,-0.30759234179834116,-0.03575241022583348,-0.4615719208831785,-0.2758345338462961,-0.030926329290055128,-0.3057894957012776,-0.1996653414275637
23,n,0.0,0.0,0.0,-0.3115375901542863,-0.13228857219426532,-0.19245961762564687,-0.5261071104560442,-0.43334013175921016,-0.29596670047609647,-0.6133599400092584,-0.695243435564252,-0.4117825498812172,-0.42236719654194244,-0.8179103859686309,-0.483234904458432,-0.25516630628237885,-0.6556138935495442,-0.0778721639539295,-0.2103891350604885,-0.9797388489683676,-0.40739175972294034,-0.33669092036326886,-0.9397294354900857,-0.5199692798653403,-0.45399901598221526,-0.7775479303366243,-0.5165892287188265,0.13331806015902908,-0.6258543180422469,-0.1058943285921918,0.13001243667442705,-0.9999978817829343,-0.4403085452855315,-0.16808960325735264,-0.878167406131873,-0.4680324705809234,-0.24898230818155356,-0.726958015534437,-0.35094210270237863,0.4750850859458112,-0.5311613736649506,-0.1879067310900385,0.2531579588387319,-0.6355826257936523,-0.5437511904465016,-0.015242961917328235,-0.403112463704775,-0.47483916118140707,0.04540112627730642,-0.2732990058177489,-0.3030353398323925,0.7762969269641861,-0.3929873346787494,-0.280869248109834,0.4107170895440749,-0.4443620541398736,-0.5103184930374527,0.2230374186403308,-0.2697132212105309,-0.43533773701220374,0.30734053917701626,-0.17211021206749516,-0.2966976255680769
23,n,0.0,0.0,0.0,-0.32349908748520156,-0.2603696924503196,-0.18701942250866432,-0.35789355712391135,-0.5773251624843079,-0.2947588689826807,-0.09376938543926354,-0.7802583634346288,-0.40961956308448516,0.23656820109226323,-0.8984811753743404,-0.4887045985291357,-0.09214153511121657,-0.7856536833756433,-0.05272578771938431,-0.11160917634763236,-0.9913119799761577,-0.3722474648348341,-0.294708355422395,-0.8324417796397133,-0.5599913278113183,-0.4270333405476209,-0.663451476785843,-0.625739063564736,0.1995398022806506,-0.7438295485394915,-0.06962340270301859,0.23156274839497124,-0.9999982564608931,-0.39655235934592037,-0.05653012680157792,-0.8438787428205615,-0.4911534407871859,-0.2639044264395855,-0.6769858924825486,-0.45883343069414195,0.4759499103517389,-0.6607848638202837,-0.13623710957247803,0.3391725508901675,-0.79215994049789,-0.43653227610740925,0.05271069567405328,-0.599458949032652,-0.4109841244182709,-0.0766657333076261,-0.44317747135144564,-0.30031565933018156,0.7179821764687757,-0.5377681604897998,-0.22487180103736726,0.4502403921791433,-0.5954012223993681,-0.40213066176044787,0.24606156980185784,-0.4564635629700825,-0.3764378492147824,0.20876879080417832,-0.3462536582479601,-0.30106886746444494
23,n,0.0,0.0,0.0,-0.4013895000475922,-0.22291386483624553,-0.20122222357150757,-0.3791024904477427,-0.5382625600388146,-0.31307348844294863,-0.011150730787289223,-0.7315653314455378,-0.4374831064402781,0.3452943076063274,-0.8434431112665327,-0.5266364242345261,0.05651400477014442,-0.7217983919854579,-0.11571869300740235,0.18356467690844933,-0.9975113077532081,-0.49419961581958355,0.023814494847220914,-0.8609152832693917,-0.6916414622825022,-0.1131783690651218,-0.6954956800034766,-0.7365553683327652,0.4296610428888713,-0.6500943589851106,-0.14946914168446684,0.6131943973541326,-0.9510391543950791,-0.5436300589109012,0.3517779943585991,-0.8089670702296843,-0.6535395092676399,0.12936357797145545,-0.6338709850679621,-0.5928738945652596,0.7384504291693624,-0.5367635068396854,-0.23214244470777728,0.5905043251284754,-0.6274599121152469,-0.6249008272805937,0.20863938395203413,-0.42161318056971225,-0.6016067214989186,-0.013690208191598417,-0.26908633142861765,-0.44145035046632897,0.9999980207028436,-0.3955093749501227,-0.33044915664720953,0.7848514139254078,-0.47965909466112466,-0.5445940941067997,0.4722435209832699,-0.3414499053654725,-0.46686597664438695,0.3044307296898937,-0.22714587493809588,-0.3233627930549149
23,n,0.0,0.0,0.0,-0.43524341503018915,-0.16210661118542505,-0.07588452158785151,-0.6678264131011816,-0.41919750931902167,-0.11062800719664177,-0.6427199443823602,-0.6433921241314297,-0.1555941444560315,-0.5447774321484786,-0.8031884079635525,-0.17397609491753963,-0.6170403372882849,-0.6921629185389723,0.007798570717640645,-0.7263433490156322,-0.9465495660638321,-0.2448447233786715,-0.708691944899662,-0.8621443853738562,-0.37847234573497196,-0.6545794242704651,-0.7045205584900722,-0.4191371150357847,-0.2824041998042511,-0.7068363547210008,-0.043155015107930565,-0.34730840196498464,-0.9999981649491756,-0.28971525098495643,-0.38275372914787087,-0.8056731378243628,-0.33196976832300773,-0.35295540093574856,-0.6594686555573054,-0.282398138820233,0.03314621102871833,-0.6617996552680356,-0.13102559454054974,-0.05274448089093553,-0.8279406027897311,-0.38678528582669924,-0.12555941453835767,-0.5930856688863744,-0.31113460240801183,-0.07106762724576504,-0.488069983774298,-0.18524933846847502,0.36799475971976425,-0.5612382616051663,-0.2246790711349021,0.21000533836665075,-0.6976763128293215,-0.3885554794812231,0.11110221777767967,-0.5205300147272232,-0.310815219954626,0.1393570646572834,-0.4338876802665873,-0.2076680315724093
23,n,0.0,0.0,0.0,-0.3553565402175771,-0.23388818961138894,-0.023856612251758714,-0.37081492833487445,-0.5352067756609576,-0.05170313766378881,-0.1574297927441205,-0.7239689258771663,-0.14196397361510654,0.09569311361978253,-0.8425085625559936,-0.21580723665468166,0.025174459890766037,-0.6865218038158489,0.09668558825001528,0.07135376690465967,-0.9889582487338964,-0.22384918549539512,-0.23415267007858925,-0.9700501953945235,-0.37245824076709977,-0.4266911489300148,-0.8529211482670249,-0.3980584021833411,0.3118675521120108,-0.653194126035758,-0.02603938958519201,0.33901124686261275,-0.9999981840614176,-0.4114939503860119,-0.05506410807400097,-0.9238155244522596,-0.507625754136166,-0.2405454990509728,-0.7777546305142519,-0.4315287922597298,0.6042596653274299,-0.5730962679573672,-0.1877332195485875,0.31613149462270834,-0.7488204024595118,-0.5618097218708833,0.005802009807164406,-0.5366895331482411,-0.5229606963877617,0.005154203137962873,-0.37140710047977027,-0.3580358021286542,0.8973271859974551,-0.45352452426197004,-0.351146700210859,0.5475292274836114,-0.6058911964599627,-0.5513097877919246,0.31894515115836314,-0.46268462962669127,-0.4606675096628055,0.35801498292472145,-0.34375165469625524,-0.31341734658898296
23,n,0.0,0.0,0.0,-0.38255063622805335,-0.15768429748286136,-0.10337017917431729,-0.5339296139905166,-0.48312932412987275,-0.15777275721468867,-0.4014656625806494,-0.7352194486151179,-0.22557260927179942,-0.18544176634223294,-0.8727291657852221,-0.26716183690285034,-0.2727169129163105,-0.6969472446343183,-0.05558633361203151,-0.28111102429051466,-0.9863804665861597,-0.29860652324980036,-0.4026693354757169,-0.8362675141435084,-0.4016950784367647,-0.4392480254462521,-0.6792238812660862,-0.41371478363052017,0.006470310241227398,-0.6725235171042963,-0.09341010807810288,-0.013891735449524985,-0.9999980437585824,-0.36741631551621334,-0.17373373582139381,-0.8377815207991322,-0.424488489739059,-0.24090458338054452,-0.6575820221784279,-0.3614390820700084,0.2601290689856359,-0.6053369284000487,-0.16019813244601322,0.06408319279814763,-0.6929610036904383,-0.4313608987867032,-0.0840345695034861,-0.4446148231156574,-0.40411679530936767,-0.1237905804615386,-0.2699388340088775,-0.2807672875634947,0.4974154044143409,-0.5066264229185308,-0.23390595691090307,0.2351833184437745,-0.5513591426502753,-0.38851268562573077,0.11005001830548014,-0.37230221796144797,-0.34275725786699435,0.09166150410610284,-0.24120098331266324,-0.24384828278104773
23,n,0.0,0.0,0.0,-0.47093267839040454,-0.19327184916062642,-0.173564091631665,-0.7429213677736897,-0.47635963954098315,-0.23763168858677028,-0.7603991870366444,-0.7248011633600557,-0.29901677044202174,-0.5685425308008547,-0.8620541485820042,-0.2991288117330497,-0.6809027520863081,-0.7249134874408136,0.05863279177444336,-0.7520748754283273,-0.9315739032526316,-0.2089954673203619,-0.7271877390074593,-0.7819744598135328,-0.31819933103436526,-0.6718199418641717,-0.629803156895931,-0.34200075284482534,-0.2714936376819385,-0.7406222307108036,0.04883858156802006,-0.3641540476798964,-0.9999981022302468,-0.2793835561359424,-0.4180448906213142,-0.7312833826671207,-0.33474880817165986,-0.38581251719535214,-0.5753769364376679,-0.2602908095618484,0.07574930135393299,-0.6927743215098612,-0.013358998483712999,-0.05249029852459537,-0.8026967822067801,-0.32767001565017645,-0.1364374479195873,-0.5193085560172661,-0.20860955831531067,-0.1100072410579744,-0.40595483785235936,-0.0204413108536171,0.45185251595929576,-0.6006027983971358,-0.09065731858361796,0.20854487001462477,-0.6583455768088968,-0.2516261039555243,0.14609030567946765,-0.47259372870650745,-0.15375238044800651,0.1896795146624278,-0.4151137750698131,-0.01968915910180067
23,n,0.0,0.0,0.0,-0.4254916774859222,-0.17020492563980863,-0.15541424272183985,-0.6154613054295971,-0.46523342652439553,-0.2385024369679808,-0.4827832855915416,-0.6974783933237885,-0.3287342048266852,-0.29995852464150535,-0.8484797141119402,-0.3915117606171317,-0.5040449758936084,-0.7305281311957419,-0.060167404115074305,-0.6417102156739064,-0.9318522653729071,-0.3269741431177956,-0.6492324050398739,-0.7787903298557985,-0.4794440262622958,-0.6202831450450282,-0.6187662102364684,-0.5340359456788173,-0.17796613182846704,-0.7563755184707158,-0.07974302847665189,-0.2873004052514528,-0.9999980711703406,-0.35362845647466573,-0.3461262507302375,-0.7934143884801058,-0.4399581367422923,-0.3676485716898514,-0.608114441053819,-0.4160596160713807,0.13722497286231097,-0.7278971641544378,-0.13752028680509587,-0.07758763135516446,-0.7473436372302095,-0.4125829502577271,-0.16338254166091176,-0.47881680199382126,-0.4128140056013554,-0.18163117141026835,-0.30551799385500533,-0.32658877304099904,0.4257903622888809,-0.6480918153823861,-0.2109652473183005,0.1486891578109756,-0.6190966834720746,-0.3810063446885879,0.08415714496296522,-0.4349062270738681,-0.3674080809658969,0.10632121287027553,-0.31850239017762016,-0.3024373532571897
23,n,0.0,0.0,0.0,-0.4197726307209057,-0.1905673231153678,-0.12415445241156876,-0.6192686502047868,-0.47145067660251944,-0.2075155717539823,-0.47709492282594934,-0.6946722197991723,-0.3017771943975097,-0.19631527327577097,-0.81431679838278,-0.3612403586091688,-0.29894957146400586,-0.7115200346304145,-0.054165574824773244,-0.1611256809176078,-0.9885685866122017,-0.3508006320974908,-0.19549668542247597,-0.8838982423356472,-0.5013847723876222,-0.28844045308106164,-0.7252853148977302,-0.5386825783802219,0.07685831850068485,-0.662173142224965,-0.10385601604990237,0.22131105210264143,-0.9999980183788716,-0.42658204781303505,0.08041236344775161,-0.8157570192887973,-0.5147146260448562,-0.06220175132175181,-0.6293995090681903,-0.46667165119318355,0.39957764730433776,-0.5679251026711323,-0.1876456818721828,0.34409462365777616,-0.6894032211927856,-0.5257864977395419,0.14310588167336227,-0.447530678479467,-0.47332030784262275,0.04077560846664115,-0.28261732347204405,-0.320090211208425,0.7235239425058015,-0.42455399640725366,-0.2762977394636855,0.5977647293969462,-0.5684691349418598,-0.4725952661374858,0.4133030641562452,-0.4005958475192327,-0.37699582727285663,0.3142743085420934,-0.2753919465512426,-0.23641084893300207
23,n,0.0,0.0,0.0,-0.4638990949991796,-0.1925169451600184,-0.028044550880712747,-0.5549136035368304,-0.542428895561062,-0.007143814717574904,-0.3450209539918769,-0.7749397376076005,-0.04039300785224593,-0.06953713281246351,-0.922533636792367,-0.07168818604326953,-0.16505306716851817,-0.6989995224975953,0.2304368598113241,-0.19171374638944386,-0.9493462256668417,0.0192576204587838,-0.39657754806405526,-0.9154542115388977,-0.12315153850881241,-0.5215283853990482,-0.7959742618239475,-0.17237688025078232,0.1410335570029824,-0.6950194674357248,0.13844973468083238,0.15600962757472633,-0.9999975238075589,-0.08576963347133197,-0.08402194151212779,-0.981006123549511,-0.20254542900128136,-0.20580440912864886,-0.8753920530883588,-0.1965334485674252,0.46641008740707834,-0.6420110052440791,0.005509469918112679,0.3097141543778919,-0.8778675863811104,-0.27497032115688513,0.04514716529409016,-0.6569101062901238,-0.28007955163112735,-0.006864530470309255,-0.4484877739359942,-0.17698863151589775,0.8214683693648619,-0.5357552022848638,-0.1302285284848626,0.5150896594956459,-0.7091165504517619,-0.34058787496338466,0.2749634835708759,-0.5337587175789539,-0.29740472400961715,0.25309144531123134,-0.3586189527295791,-0.19143827628555662
23,n,0.0,0.0,0.0,-0.37320166478042976,-0.2161495794032414,-0.18253533543257525,-0.37737146058154825,-0.5397817808091605,-0.26601240656131,-0.10792311658533268,-0.7517255494705344,-0.3651141844659004,0.2614767851318281,-0.8550460160230923,-0.42758587887408084,-0.09186990220860072,-0.7041364758739147,-0.06732400568677907,0.014839667460187613,-0.9987257592996966,-0.4489967881471026,-0.16846137022758828,-0.9224275133732694,-0.6257348993157106,-0.3001027820874862,-0.7462856195596107,-0.6495349436461889,0.29810802952962645,-0.6640483371183409,-0.09908817101344676,0.40443720151089285,-0.9999981882145721,-0.4786604104021735,0.11319123309076387,-0.9037640797188455,-0.5536031824678901,-0.04943496079968915,-0.7392935914900188,-0.4674766643936159,0.6442356920824588,-0.5683609051857534,-0.18689854280455295,0.435187805433459,-0.6720325309094679,-0.5863424374665999,0.11380246117064294,-0.46585871212582175,-0.5628967650343764,0.04512180717594887,-0.31201303638356787,-0.40125064189285314,0.9497633393605254,-0.43783023297525414,-0.28657553384827333,0.6344709455384968,-0.537072614936382,-0.5045623881861442,0.3938620918023703,-0.39100465452434907,-0.43921497905250084,0.3834987521052688,-0.27679485195488923,-0.30914081106473457
23,n,0.0,0.0,0.0,-0.43307393080091894,-0.1372847375852927,-0.19650956569074582,-0.7158954268352158,-0.4644825334444862,-0.23138997637128564,-0.6686368852437695,-0.7486811119296336,-0.24127447918511824,-0.5215900151736255,-0.8790285234381214,-0.18990045792625931,-0.7144854428608619,-0.7226080776295509,-0.11149702395596875,-0.7474984786211485,-0.9476057153373227,-0.3718551044337324,-0.587226277640651,-0.7885361276562267,-0.44683118726991555,-0.498963216229834,-0.6725176142486776,-0.4529213275780361,-0.309280240928252,-0.7249496642572869,-0.10509346532880125,-0.2881434597685819,-0.9999980899793545,-0.36853677517313654,-0.24591600512058706,-0.7622034673203334,-0.36630840849392654,-0.2549139456451759,-0.6820370837669294,-0.2912426718523495,0.08738405565659935,-0.6692208588244274,-0.14365987125662855,0.16105284370251158,-0.8154470692676735,-0.45782043842764264,0.04160460262347404,-0.5437087189638005,-0.33526357260805445,-0.039096345302281905,-0.48895648539464764,-0.16685153186669005,0.4541798027438723,-0.5644151618575798,-0.1944936500687939,0.4817216794530882,-0.662485780347981,-0.3951913069011568,0.33537684137146684,-0.4782400379590478,-0.30449839967196035,0.24703317692037186,-0.4274137872203829,-0.18820454946651266
23,n,0.0,0.0,0.0,0.19606203218418577,-0.21668507588500655,-0.04833213000212243,0.2714001987720545,-0.5112363198182096,-0.06322028645894737,0.14579782117125972,-0.7467894357655679,-0.08268743323949983,-0.008570433647218018,-0.8133069673368402,-0.09623690293584938,0.13030008110187635,-0.6985845248631873,0.010191104956405963,0.11494278555806672,-0.9641714814320143,-0.05455247356329284,0.16209952320987245,-0.9465467071797122,-0.09292234531978813,0.18885383671087289,-0.8348651098572127,-0.10635112050197273,0.004259781988268878,-0.6692982472282373,-0.00657858566911011,-0.029929613089694457,-0.9999969077845912,-0.07470514560132215,0.04415026639044184,-0.9294489685191138,-0.10343101018288466,0.08087595689677866,-0.8225330852356706,-0.1049076014412198,-0.11584406341903224,-0.6039050091031593,-0.036746375314441776,-0.08880830793568123,-0.7838544417201742,-0.14689369510293834,-0.0190764951259002,-0.5759041122048909,-0.1514129055000365,-0.011465581426368568,-0.4445314367243052,-0.11932274829263873,-0.23943450868234245,-0.5005612457017963,-0.06815139604411485,-0.17622986441412228,-0.6698370786856059,-0.14108985273016258,-0.12205661410605971,-0.5165313733289822,-0.11904599470611398,-0.1359978528388677,-0.408768768063274,-0.08408724769641197
23,n,0.0,0.0,0.0,-0.11509299302357262,-0.32226447433716454,-0.05897970327265632,0.048810687187688086,-0.6326333980145855,-0.08756285585318287,0.269694536088982,-0.8190824037776361,-0.1577494556421332,0.46148938345439394,-0.9469813489937863,-0.20330410125511766,0.5094877604169393,-0.7467945505484537,0.12781677653854154,0.6867255560672978,-0.9999981925326119,-0.13608206345419818,0.4292874238342285,-0.9670105867165774,-0.27652600350976253,0.25808076227192545,-0.8507342225271528,-0.30952195866829685,0.700331105937728,-0.6495958145037453,0.053358383793060064,0.9575671302155759,-0.9016063085113178,-0.22829543402563376,0.6028076612698656,-0.851651465134164,-0.3020679888848225,0.46450236489558294,-0.740096169327849,-0.2482354684504914,0.8380123024268314,-0.5074379698998734,-0.06684099303664758,0.8630434157743546,-0.6871562205401105,-0.32013521192024724,0.49074515637336874,-0.5898896662876133,-0.2843294336768983,0.4320726567587131,-0.47653839997622655,-0.16781601549388642,0.9270130614712438,-0.3355142883503771,-0.19771045924737082,0.8451627870771192,-0.49194891609493796,-0.30390139676432887,0.5617610007393867,-0.4429411305575286,-0.23282185499504618,0.5262718780436838,-0.3570301669053035,-0.12988116837976768
23,n,0.0,0.0,0.0,-0.3841385242786203,-0.17999247480305397,-0.07376319575260627,-0.5669801959068327,-0.43972977372822175,-0.09733475515917205,-0.5140355393936596,-0.6585748821455586,-0.1407901244716378,-0.42685437139168053,-0.8209339488226521,-0.1587552223656667,-0.474346839253584,-0.6896368782326073,0.06899031588080937,-0.5467904995583157,-0.9496729583368619,-0.19091288333005754,-0.5841848505477285,-0.8851448663138316,-0.33128095162521287,-0.5776878418971267,-0.7271381544353778,-0.3679282388635786,-0.15728144868256536,-0.6947691776704433,0.011531272877682927,-0.19820006578457838,-0.9999981410286006,-0.24588521307964625,-0.30536727361471033,-0.8464350581917952,-0.302163083063832,-0.31248788340601347,-0.692183748172122,-0.2500239113573981,0.14997962004520385,-0.6396138839223502,-0.087971513671439,0.0858868743053673,-0.8159074665648748,-0.356747905867913,-0.05694360409108309,-0.5928628565425011,-0.29163518777547515,-0.03214238395528032,-0.4637245672289812,-0.15843241071440683,0.48408523311554047,-0.5255810801646897,-0.19418335441551202,0.31066206613585085,-0.6589905608376945,-0.3621229199999042,0.17268244671927954,-0.5016101647815246,-0.28818053385488734,0.1949095946980762,-0.41219536785367034,-0.17896198242698888
23,n,0.0,0.0,0.0,-0.4024054071527239,-0.15695193734741625,-0.15721716615746298,-0.6147463507282556,-0.4444646355959729,-0.2392874458466434,-0.5399846478480512,-0.696546113263226,-0.3263458356783063,-0.38328741748006684,-0.8675444344135192,-0.3827747969438257,-0.50636253886751,-0.7365770256895726,-0.03562623899330323,-0.6135981156860102,-0.9540882340013377,-0.306784345284339,-0.6228887595308653,-0.8129236845252871,-0.4568548337296394,-0.605099274651304,-0.662171811305432,-0.5043240676732833,-0.20823440540283664,-0.7571507329851234,-0.048897055657061116,-0.3147312925962074,-0.9999981120945391,-0.3311549420091999,-0.3934800852467799,-0.7960437629391861,-0.41003964027249995,-0.42031574703379165,-0.6199736671272112,-0.37179555891591165,0.08157172467598287,-0.7270909770866952,-0.10424841777463399,-0.11030758942662416,-0.7654305946595582,-0.39975067672595527,-0.19769818985251172,-0.4941463937850722,-0.39370958643766624,-0.20675505691372664,-0.3240599708828774,-0.2885893378613151,0.3552011764945061,-0.6489289050858942,-0.1727587930201787,0.0986244329052991,-0.6440446300948457,-0.3601818039981053,0.027843011855433964,-0.45511101599403964,-0.3439565418021476,0.050228981533909124,-0.33900300539874645,-0.2654034914934005
23,n,0.0,0.0,0.0,-0.4248060250251083,-0.18394155910066215,-0.12350043578378117,-0.586383234467236,-0.49735971170025856,-0.16884538517923647,-0.377663862501466,-0.7514276056504694,-0.22124810607148815,-0.06070899028364768,-0.8714908719526431,-0.2386826272758945,-0.299123033205429,-0.7184530397462815,0.010318096206170104,-0.21260290532278162,-0.9999980742780051,-0.24138635975060685,-0.2371521872747899,-0.9025738595970859,-0.3608581258378481,-0.3057093377381086,-0.7478406115270051,-0.3891636479361059,0.04445425561379365,-0.6678364842170809,-0.017580301399078117,0.13427034792117912,-0.9966306293780622,-0.29179960770581076,0.0010470411799568433,-0.8163371571072919,-0.35378979439931135,-0.09639459166573523,-0.6441114516307018,-0.3066727404327964,0.34119183241465645,-0.5783770195073851,-0.08520021578316293,0.2942396914513538,-0.7234275183888554,-0.4015183780354728,0.08235836301717105,-0.4790464196918893,-0.33948529157865176,0.0020711259648258365,-0.315521876645447,-0.1937056115027097,0.6573847244885213,-0.4394553042044935,-0.1594526326515733,0.5191158316709404,-0.5869567426075182,-0.3820208803864968,0.3358322028534961,-0.4120501893125689,-0.32277263421778285,0.2656033103088924,-0.287379746689227,-0.21134988241948438
23,n,0.0,0.0,0.0,-0.4025415240830779,-0.17164044387300056,-0.07699750830611125,-0.5988618446427143,-0.4194851002001087,-0.1107067049929326,-0.5824838441665432,-0.6527134443610304,-0.16276003390762905,-0.5051708387164497,-0.8269307362824619,-0.18356108172523133,-0.5446638027307787,-0.673696083728186,0.0938648171674942,-0.6218996109157022,-0.8994704423901099,-0.13480263831765504,-0.6358429498048306,-0.7997659474835089,-0.24943470943548823,-0.6275533094721305,-0.6468912800148329,-0.27156768816540344,-0.2621683641618398,-0.695255700349573,0.04945112886416334,-0.32067143281240357,-0.9999981337821435,-0.19408457620556763,-0.38899746413246195,-0.8205777295029685,-0.2549032569142862,-0.3827639518228659,-0.6765310253710127,-0.20662080305616298,0.01103253480416058,-0.661919830026437,-0.0337904061661396,-0.08843202566299994,-0.7941984562476956,-0.2811458498531649,-0.16366710098051773,-0.5501891358059301,-0.2253938375607069,-0.12446446097496923,-0.42728196836464893,-0.10012789878333728,0.325761446727263,-0.5761346471944446,-0.12303321167952244,0.13791002210957942,-0.6667937138458709,-0.25830277308070104,0.0786894860809951,-0.4944131106033589,-0.1887443385904203,0.13098751864657884,-0.4151112744578672,-0.0857587652524042
23,n,0.0,0.0,0.0,-0.3781413394869173,-0.24043602923726018,-0.054008713689344234,-0.4551690485928044,-0.5434496693022242,-0.094515672135309,-0.29074047806413095,-0.7600726112671389,-0.1832260854134824,-0.10418330971991256,-0.9077526863836844,-0.24003717828939802,-0.03961636140363942,-0.7274340616853369,0.0802118600168763,0.19377821385062266,-0.9999982553296004,-0.212537226267834,-0.06427816681048343,-0.9965765532530774,-0.32676267367352707,-0.28466717525826724,-0.8768376746761923,-0.3322874008083727,0.24478584616404367,-0.6858714668385548,-0.010917227547934722,0.3787876401921687,-0.9886455388826462,-0.32488920755435857,0.0220867416556313,-0.914114744697723,-0.35469367914816513,-0.11844721308051699,-0.7882600052194596,-0.2604419522568697,0.5212406348663232,-0.5997314377409205,-0.1505474085131544,0.3700303956240869,-0.7632605427909017,-0.45015533503473,0.10740269835764779,-0.5783905156601987,-0.37780758656664765,0.1482251931047881,-0.44819212068987196,-0.22831877939191816,0.7659638787738003,-0.47849442061050307,-0.2983916585674981,0.5208485908343364,-0.6083791803552404,-0.45542869123155977,0.30098177047849467,-0.4839137794123486,-0.37470651307410946,0.3624580183505561,-0.39250637356930085,-0.25876352024433014
23,n,0.0,0.0,0.0,-0.42795532019366606,-0.20273188887586183,-0.16648687732556944,-0.5848624695077436,-0.5043319485916959,-0.26487075755486533,-0.4556742948628347,-0.7461417727707772,-0.3811947624022702,-0.26067663744740327,-0.9233913699508254,-0.46138670846660595,-0.28859440315198054,-0.7266799487562664,-0.05147872423990335,-0.3458288512591964,-0.9954117386003316,-0.3865087896393525,-0.45372169233970894,-0.8130246817205051,-0.5562883964411596,-0.46287663825879366,-0.6329117727150531,-0.5974598817663396,0.04240913265385358,-0.6974905334870904,-0.0848546044945457,0.023144794079715862,-0.9999980952826156,-0.4471973313255461,-0.17185297686571865,-0.7906751085474254,-0.5346490669674039,-0.2659656597013052,-0.5862214236447175,-0.46983881851906817,0.350860728056102,-0.6301659360603452,-0.16614144809992112,0.14241135469468078,-0.7344532913027609,-0.5162780392225711,-0.05216181403920129,-0.47367260360752667,-0.4897729273464288,-0.10293368025058534,-0.29275289363512336,-0.34412290225363135,0.643759961865207,-0.5305652696404434,-0.2631979497243521,0.36514450539473026,-0.5965663342911784,-0.4505347160613486,0.19467943281677327,-0.43153350206602004,-0.40132096399485717,0.16105706828198715,-0.30599594143543585,-0.2907611612292828
23,n,0.0,0.0,0.0,-0.3137366888394456,-0.1396038535461395,-0.04229607169087315,-0.4991149217101766,-0.39846305757714295,-0.0921527560292601,-0.5196172006724359,-0.6235779522264334,-0.17381346155517538,-0.4411727096214283,-0.7898967192222451,-0.24570651092448922,-0.2594240347442323,-0.6674532872615436,0.009999993183078629,-0.27583967509401364,-0.9636636760932024,-0.2142214614759287,-0.4666627011233296,-0.968798211900007,-0.33545296441993666,-0.6018233182996975,-0.8666432260867148,-0.36390449479068204,-0.07159079855738634,-0.6646660675963312,-0.054012455154883204,-0.13858763645252697,-0.9999978887630881,-0.3147139183891823,-0.38101144332813996,-0.9500786700451634,-0.4068824681646504,-0.5272326312778657,-0.79314161724415,-0.3748538863426658,0.12257701061773449,-0.6247163594999603,-0.14021004525295422,-0.1682151686552434,-0.7566221058719741,-0.3922701082249325,-0.35252514978828925,-0.528287921544355,-0.3899303739147923,-0.39563503444556875,-0.3226314669877163,-0.2879917377068736,0.311913714543536,-0.5438888768016904,-0.2293286538924415,-0.021632695425874093,-0.5916265414938746,-0.38392965318945527,-0.15347275356522547,-0.41528471915812243,-0.35095689740259234,-0.15202201258773654,-0.2621261239699886,-0.2609113548133125
23,n,0.0,0.0,0.0,-0.3647533123555096,-0.19180608768651058,-0.16868320257557387,-0.5854002053857925,-0.4940386365879461,-0.2774373991875595,-0.6095793058872475,-0.7447774090396075,-0.3885067228915992,-0.5689718161287322,-0.8837595229638747,-0.44937654749606354,-0.2804661552973732,-0.7666718123402407,-0.07949615021870456,-0.39850759333705305,-0.9999981485807504,-0.3178779245745994,-0.4725302487343859,-0.7906490768632233,-0.3824433394601284,-0.4566930766750652,-0.6651261893546944,-0.3814118682240532,-0.017736736638563236,-0.7536619441007406,-0.08569984082998897,-0.2116673990519955,-0.9665480009817493,-0.3222558837856171,-0.32573910190655375,-0.676916985940731,-0.29740600143881246,-0.2555043196426625,-0.5963575595292855,-0.20914308115273106,0.23709922892885704,-0.705909140680061,-0.14045222273564825,-0.029571674499279565,-0.781289416156758,-0.3767090016430971,-0.1384252717441843,-0.497579925525709,-0.2980194272153753,-0.017064133965633096,-0.4240394032010638,-0.18238465423611636,0.4845333648516315,-0.6155750152269752,-0.21321476888821414,0.19778535440142017,-0.6739987510950705,-0.3365921145643486,0.08810145977979249,-0.4815213297972768,-0.2860152903311528,0.18181702757970772,-0.41117989117844106,-0.2121327283043342
23,n,0.0,0.0,0.0,-0.353213000848225,-0.2194679008940454,-0.15093470249420907,-0.3753881809378447,-0.538858843978448,-0.24031937577429444,-0.08769338839876693,-0.7537517220159495,-0.34557086393187086,0.23996356878277011,-0.8602664415321044,-0.4221261307565707,0.055710939915028096,-0.7353121214831138,-0.0751495367441179,0.13795437349766407,-0.9999980916637452,-0.3924799621719401,-0.006391371140041914,-0.85179255715986,-0.5622890192906796,-0.13233482383601253,-0.6956885778031728,-0.6062918294695917,0.3985926459081592,-0.6589747061191003,-0.11529867088847151,0.5236674226582942,-0.9372573544053246,-0.4315011086004544,0.2634398859870177,-0.778562048843447,-0.5146168295550462,0.041176456911644475,-0.6121111345972869,-0.46012066532844775,0.676042647200472,-0.5395319910581199,-0.19615720786327356,0.5039663253888748,-0.642012605415835,-0.5206450106603817,0.18397622680562595,-0.43745033975919995,-0.5013772845253911,-0.00503495361299084,-0.2854373384132397,-0.36957774797510623,0.9042779532574163,-0.39166160827276353,-0.2876198161109523,0.6810052585453534,-0.48668658980558527,-0.47634085967362566,0.4114643373292203,-0.35792349483891706,-0.416090584616864,0.2579017213769892,-0.2431908187858105,-0.29680580546668545
23,n,0.0,0.0,0.0,-0.4272213270277447,-0.16563162843579865,-0.07710006785975947,-0.6091233928424776,-0.4783350517435179,-0.11068827973740802,-0.5396130910302777,-0.7138414410242591,-0.1811405051817473,-0.4324975995622901,-0.869484917442125,-0.23463953925709177,-0.28485076687629973,-0.6795562040042011,0.0655197341756085,-0.2525242765403847,-0.9537624837400446,-0.17959028574571628,-0.4129721812093349,-0.9387832616176983,-0.31547057400279516,-0.5392856404737716,-0.8280929499004367,-0.3531420314442727,-0.027224449957004185,-0.6646267309810578,0.0007087673336784598,0.006165027506339092,-0.9999981493317447,-0.2773396268213391,-0.23504336967119618,-0.9463719847977937,-0.371900751096539,-0.4028295973978672,-0.8089149479287231,-0.33790548734594883,0.23114777252506513,-0.6123455570603724,-0.10181168502482564,0.031136758829364196,-0.7877080982694441,-0.39016305526390826,-0.1915226701640525,-0.5783211443087526,-0.3839561932877848,-0.25188597684517755,-0.3958063703531696,-0.2760439992277929,0.48324289414205857,-0.5232851829624635,-0.21342870470599745,0.1914058535430857,-0.6337138430981074,-0.39998378667138546,0.01996141239863161,-0.4801738931708233,-0.3688939640764135,0.012305015000440733,-0.34384161614659486,-0.28104954731285037
23,n,0.0,0.0,0.0,-0.3128185624142526,-0.2418288640580865,-0.10898230366534592,-0.34623160159644745,-0.5349658156423875,-0.14249746006105246,-0.1765697128368564,-0.7386348954425286,-0.19399934595996549,-0.023987847520992277,-0.8671580268306656,-0.2257319553596454,-0.21239502769205132,-0.7247779531431222,-0.01304059101753437,-0.13561548515912494,-0.9999981122594329,-0.25077619318291017,-0.07333817626310471,-0.9736039525250547,-0.39189432005341307,-0.12084377065852019,-0.8408233329152707,-0.4281789056874814,0.1322555819979955,-0.6749732762892706,-0.05513478094166898,0.2581589543258003,-0.9768838271833427,-0.2762864669361674,0.2444801281880786,-0.8872752515077191,-0.3702867930633371,0.14090631153609254,-0.7324132067752149,-0.36024294872621343,0.43895811024640125,-0.5701370064887674,-0.13037412641397536,0.5004929121613997,-0.6689899009703134,-0.3727330210748011,0.33044958702271116,-0.48030918928374233,-0.3609046395776522,0.16827645332129404,-0.34368542937739255,-0.26381287849009827,0.71091729774622,-0.41986367515223727,-0.21381846798012488,0.751905393373836,-0.53317705905339,-0.35468998329195905,0.5935296332293982,-0.41052017163593874,-0.2869843790230531,0.43342244447093337,-0.30352332916539737,-0.18191526706709418
23,n,0.0,0.0,0.0,-0.36871296478961074,-0.14797911714777875,-0.06792233088580105,-0.5622142773110156,-0.4653838668347466,-0.0911151183886851,-0.5001605439222202,-0.7286014476158469,-0.13435599798767203,-0.3184015535396006,-0.8910040960725517,-0.15983274838686878,-0.3380269111406156,-0.6981185566852323,0.07786301126548857,-0.4322942267062107,-0.9372492497876745,-0.12282919954186537,-0.5263663054382022,-0.8265617920406091,-0.22261165379201067,-0.5368927473154458,-0.6859487940572728,-0.24556826695681402,-0.11314107637425973,-0.7116104559675223,0.035268284778857524,-0.22568480110444264,-0.9999979222768611,-0.1842435601650476,-0.36817053705019814,-0.846389135861483,-0.2436027713741162,-0.37025479706259845,-0.702306829501,-0.20250727552979755,0.12380931728383837,-0.6776050046214166,-0.04210676826270053,-0.0720305027725727,-0.817739539232328,-0.2744372186392645,-0.18021139945897374,-0.5624937885913476,-0.260527600460847,-0.11813760367433704,-0.4173639650998552,-0.16854759926432666,0.38695810386191504,-0.5963092044657344,-0.1236968826817573,0.10136079667791054,-0.6789090603511001,-0.2726513248440286,0.021194806628771917,-0.48951967208351144,-0.24389206616846956,0.1017635306981319,-0.38320668352349385,-0.16754387574275786
23,n,0.0,0.0,0.0,-0.43163306581777866,-0.13301050770027084,-0.1001435684288115,-0.7039445101454745,-0.4183569410438373,-0.1558487469939534,-0.6803136179517782,-0.694789004573293,-0.22523617952469221,-0.47837407703234536,-0.861769541627306,-0.2743487073472438,-0.588765214656882,-0.6532249355358436,-0.007901806003750138,-0.6862522335756535,-0.9354014580167824,-0.22816783930994858,-0.6878880241454179,-0.857631113937554,-0.3470784840012033,-0.6563670592700998,-0.7080428760961233,-0.3819023199709858,-0.30208882576874097,-0.6726828133069102,-0.0410993977099863,-0.40819762545923743,-0.9999980246158698,-0.26362028547034155,-0.4418391250039186,-0.856861434030079,-0.3322076900752251,-0.42935764145615885,-0.6773965581831238,-0.30765005005351354,-0.024835805660599383,-0.6454265839262612,-0.10551817746376391,-0.15303460708294023,-0.7666871984268059,-0.3577885086797664,-0.18449263882217995,-0.5137347285319054,-0.3365385966128806,-0.15806225231609575,-0.32421827109382445,-0.23685097841757433,0.2670610310992914,-0.5752876920732825,-0.17686017249932923,0.08093071783423701,-0.6647047284284336,-0.34941946125994516,0.040075985893710225,-0.47884369127602966,-0.3119052190050465,0.05782795769270218,-0.33252785876861357,-0.22719222852314452
23,n,0.0,0.0,0.0,-0.3670383929683166,-0.20205467450717365,-0.10172053710440526,-0.5116147653831512,-0.48748867046894817,-0.15476970177786736,-0.419509965650155,-0.7127328380698937,-0.22707676749613323,-0.2464542198063685,-0.8517175084042657,-0.2711689398895232,-0.2124460574495384,-0.7303479642862372,0.05284361131858873,-0.3248033272415429,-0.9340916106858157,-0.20261846553694723,-0.45434136928622676,-0.8052670945021334,-0.33270401339623934,-0.47544162259731154,-0.6663542970882064,-0.36715699205435914,0.04730301094253127,-0.7275762795763993,0.007048394788697663,-0.035657427451916024,-0.9999981326712956,-0.2804548766904118,-0.25009906450209846,-0.8600678172725341,-0.3602586664360532,-0.2934136431292122,-0.7363544590980476,-0.31170075931112073,0.285887159872872,-0.673834089380355,-0.07906916572054933,0.015697624592767943,-0.7293755233943647,-0.3475540495144929,-0.1512247427701301,-0.4917130062375331,-0.3290421117511355,-0.08740893531173671,-0.3734666646783474,-0.22102968938797402,0.5151470286479405,-0.5686999507042766,-0.1770830158335334,0.17245004327613517,-0.5923980914890017,-0.3154263810444239,0.04375299509421749,-0.4173343002805915,-0.2696533756781916,0.126041673502068,-0.3338200258007651,-0.1787097980328704
23,n,0.0,0.0,0.0,-0.4470688878341136,-0.22430051840761853,-0.13957813260843502,-0.5622458786102293,-0.5332192763360137,-0.21159711354259667,-0.33255339920521537,-0.742492754387074,-0.30273435957902456,-0.043442193123448325,-0.8510778663094593,-0.36018165808454844,-0.15662768085233522,-0.7428589997789717,-0.014702137717208444,-0.27438900244816383,-0.9999981940990305,-0.30721918375343155,-0.4466732566987954,-0.8563965513184536,-0.45637989876459145,-0.4976287816303727,-0.7027635522028812,-0.49519916548356524,0.17978030982499138,-0.7207285748810127,-0.0502934161772241,0.05283002320555331,-0.9930738688403399,-0.3608192372226993,-0.19583229907843436,-0.8135714318968134,-0.4329106195695649,-0.3133442185954894,-0.6346339977635943,-0.37021645890228944,0.4810121663069225,-0.651896292141651,-0.1301660431419953,0.10683703692916861,-0.7158287443558455,-0.42210417388682264,-0.12544687754122033,-0.48932294969062073,-0.4068427472434584,-0.19031735928302473,-0.3262157662341189,-0.28964696665836626,0.7517836007518829,-0.5447458611027072,-0.22767816561920273,0.318935259931552,-0.5671669680523399,-0.3912536641789519,0.11937387772103661,-0.4158889994637279,-0.3622715172601672,0.08111654606992531,-0.30065942650570415,-0.2727312464465293
23,n,0.0,0.0,0.0,-0.4346799175219148,-0.18582188376206574,-0.10177804802064998,-0.6827992865641908,-0.4773326638144579,-0.1528721191198338,-0.6078677351341278,-0.7284958475238216,-0.22912508910472354,-0.4388233629262649,-0.9100791906226348,-0.28612819853431304,-0.44066287181959535,-0.6891985779960456,0.07776694193460239,-0.5565217877325906,-0.9170650518364843,-0.15360347127384466,-0.6400746280745192,-0.8270247541762571,-0.26055625955455436,-0.6345890558294464,-0.7030375247063111,-0.28242488004515887,-0.1618081914055189,-0.7089692591264632,0.036442787055358604,-0.2982246075152039,-0.999997857040028,-0.21820219476105246,-0.45345513203009385,-0.8543256514159276,-0.27325687322608366,-0.4347622397440272,-0.7436391128859113,-0.22059892738435233,0.14064748454641532,-0.6791061545718766,-0.04919950656043929,-0.038239151160081794,-0.8350498615959435,-0.3330091393303087,-0.17597700179088963,-0.552138464697322,-0.30613444639573273,-0.11003453886706421,-0.3956724043337228,-0.19309313466827208,0.4759261608683128,-0.597015826942418,-0.14190833509213835,0.17557216038982645,-0.7023781805472047,-0.3303376586856531,0.06951469812292087,-0.4968690874501447,-0.29795424237682216,0.15768531059040095,-0.3775670078748182,-0.21123004859545635
23,n,0.0,0.0,0.0,-0.4318511523138025,-0.1846058120024206,-0.17180185443985355,-0.632870826423996,-0.4795516258463923,-0.18770061280406847,-0.5879873022868168,-0.7287776515346017,-0.21063342930002552,-0.40032002592053134,-0.848252453245095,-0.19389445304659952,-0.6041325185868393,-0.6915460491474961,0.018276163765162168,-0.6647610892723785,-0.9791747566366295,-0.267173915151236,-0.5647781632239863,-0.9858232648270036,-0.40460592005845425,-0.5557037176276534,-0.8327940147621147,-0.42435722941735826,-0.10836333827127301,-0.6725679592720769,0.009197689568687707,-0.12942064778397916,-0.9999981763589948,-0.31864863673546084,-0.17269028617138077,-0.9089514327196168,-0.43394978152497693,-0.25128269059957775,-0.7385949900190879,-0.40225995681921706,0.3468662494215936,-0.5937652795798325,-0.047890962740648586,0.27370578387695504,-0.6718398492404295,-0.41100901652621114,0.09711760627691472,-0.4545262063366241,-0.38161200199475215,0.01929086685773832,-0.3195540524473486,-0.23071890186931873,0.8000990645114353,-0.46450398229318784,-0.11290374754528643,0.6481052122380604,-0.5727356335743375,-0.3344518907813125,0.4675000107775198,-0.40689779922950003,-0.26530635667079383,0.37369582960991427,-0.2967580181356229,-0.13667882000809783
23,n,0.0,0.0,0.0,-0.3774444899407589,-0.15414779214475685,-0.11835550013507684,-0.5933154474418688,-0.3852530285465279,-0.18355903081573438,-0.5773285616522833,-0.6026016821019932,-0.2583733970459671,-0.5585182320927266,-0.7707506400888281,-0.3099967887512499,-0.5730324354090488,-0.675895110140952,0.0006953097220402918,-0.6769116137073555,-0.9296221371824499,-0.2679409049998553,-0.6743844270019119,-0.8699695238445814,-0.4365662956217115,-0.6247214879348831,-0.7202382408617795,-0.5033816356509354,-0.25092574557885383,-0.6863115085297361,-0.03930483592120328,-0.3269172778604838,-0.9999980883197065,-0.28109437682979815,-0.3703309020413563,-0.8437398918840348,-0.35354845732968976,-0.3505054932282064,-0.6927654686804658,-0.33750328865990964,0.06183842074895672,-0.6413825294638058,-0.12121003665369523,0.009117539050880903,-0.8550675371225465,-0.37804595399546187,-0.0975623509849457,-0.6367472458541998,-0.32112867643712384,-0.08517299449143392,-0.48996822149192604,-0.21219730392652936,0.4105262629412626,-0.5366985574552079,-0.21469825479000865,0.26498815687177174,-0.7016576814447687,-0.3907964307588789,0.1449373878986491,-0.5418618053373091,-0.33020713234449206,0.148524491224952,-0.4320771412652351,-0.24028100660153398
23,n,0.0,0.0,0.0,-0.445209969058825,-0.16466967646265065,-0.08994008718879008,-0.6455383438927345,-0.45468784018776576,-0.11698281363664703,-0.5939974683550441,-0.7045809949684454,-0.16261628922784316,-0.5257870323942181,-0.8970903932865006,-0.16742855011219177,-0.5303544593095,-0.7011848565489924,0.09779899813583308,-0.6427773624619455,-0.9282629179088218,-0.20249820658705064,-0.6512067250762237,-0.738492546985188,-0.3423075504392655,-0.5977827391651379,-0.5893680125751047,-0.36697572715202437,-0.2010798649835367,-0.7130593185685907,0.03984021870677755,-0.3153573034144231,-0.9999980511766655,-0.2901150233459049,-0.38896744497081226,-0.739827851879699,-0.3546116843134848,-0.34234084689122585,-0.5902209675436051,-0.2763529207549307,0.11436786815211442,-0.6661230408014077,-0.06621284130851998,-0.051831505161983905,-0.7836100664220845,-0.38530694096265794,-0.12557755265779094,-0.49887974725008866,-0.30502733158825995,-0.055895208909500435,-0.3897871784874548,-0.1350037742250038,0.4536786514683962,-0.5775117875063516,-0.17989831209014392,0.20531832983007386,-0.6473750487765594,-0.3428233250952485,0.1416761338969878,-0.45780130586912177,-0.249422432866016,0.2145785191381009,-0.39185689816997393,-0.11250874219545559
23,n,0.0,0.0,0.0,-0.40798749603647166,-0.15636505643017723,-0.0373929458193796,-0.6253832496650163,-0.4194733293205527,-0.02637354593030101,-0.5821235635601552,-0.6458223068521948,-0.041268471638934434,-0.49370716303211665,-0.797465308005508,-0.028747277903834106,-0.5680262590117529,-0.6730050836980022,0.11502748420895416,-0.7096644873378413,-0.9163933140505862,-0.14722314427026492,-0.707698083420705,-0.9103286923561912,-0.28870109153309875,-0.655010630601706,-0.7628428268074708,-0.3218383120217976,-0.21321264503411344,-0.6854856624916905,0.03605824798963706,-0.2452849157931466,-0.9999980824886218,-0.23050965072005541,-0.34505005565010166,-0.9056356673958023,-0.29839827444216066,-0.3426571118074348,-0.7793326751744941,-0.24652161321794025,0.10985026037111663,-0.6281427869726186,-0.08234518723715852,0.0425598154633858,-0.8083599628960181,-0.34597253418682866,-0.09198267204366795,-0.6003319152284315,-0.2437181304115795,-0.048045745229071714,-0.4946089886704871,-0.07834166800948378,0.46530339850559044,-0.5165284777053067,-0.20831397365467727,0.3003815991481104,-0.6493364609492707,-0.3765953749617791,0.1579246930389097,-0.49416993370694867,-0.2771302245661146,0.1749828612825944,-0.4168810592104354,-0.14063944851657526
23,n,0.0,0.0,0.0,-0.396073215038421,-0.24983320167487702,-0.06651979343897389,-0.41766385590083954,-0.5540031341083916,-0.10261612253297643,-0.179859717940697,-0.7603226728070549,-0.186638296958243,0.0613654016227536,-0.8925767938717445,-0.25440645323405986,-0.12056827074036351,-0.707750406784213,0.08696726110873787,-0.1025221939147397,-0.9999982095257509,-0.21885047712481656,-0.2828045787188424,-0.9985509450386001,-0.3731990535775604,-0.42678739842136826,-0.8774139336387732,-0.40034775568972036,0.19982815260258568,-0.6720362574329737,0.00012073208032917453,0.2353522325980049,-0.9998259091467663,-0.34958475036679826,-0.043149532351812646,-0.932160391390298,-0.44761974402766286,-0.23222329186623064,-0.7717200040390397,-0.3868449341034542,0.5218052144795337,-0.5925549837242333,-0.13126580293501103,0.30064420457937135,-0.7440708891197824,-0.4813241313863113,0.0366720199313423,-0.5458120626695464,-0.47091209792389926,-0.028783074458991597,-0.372339998419617,-0.33347997428067233,0.8397138743449294,-0.476371328078687,-0.26903715128690936,0.5691501996952869,-0.6196136670258181,-0.46789900238344606,0.3365192885676554,-0.481597221518215,-0.4083865635387754,0.28681780618971014,-0.3525662754588478,-0.2871801037204757
23,n,0.0,0.0,0.0,-0.4215141698175546,-0.1915512086856365,-0.13414794114373535,-0.6015546623708917,-0.483191906758607,-0.22467758878466854,-0.44417040330910923,-0.7249516321454557,-0.31324952365630365,-0.2118264625749599,-0.894137340482285,-0.37868941904928916,-0.5852394435595332,-0.7088236395417277,-0.12439645006512197,-0.7857764626293035,-0.9034254365121862,-0.3697267427706988,-0.7699164764558333,-0.7140321015329301,-0.5051881631359089,-0.7139263539360184,-0.5453929691765058,-0.5554682064175307,-0.2561592074631813,-0.732984724774254,-0.1531294747421126,-0.4590376890089841,-0.9999980471653551,-0.38458660809709744,-0.5213204046346248,-0.7807964317431524,-0.44146196662287,-0.5311420109677123,-0.588467567917211,-0.4169621340662796,0.08501513161821767,-0.7022345806909001,-0.2090236852973097,-0.12004907185912912,-0.8123725943421738,-0.43484226599451126,-0.22676440187012967,-0.5540269665593567,-0.3912132344073673,-0.26958711530569796,-0.37464813852406514,-0.29904864569359846,0.4017306393439201,-0.6250701460114856,-0.2789405975532719,0.14037263092480737,-0.628331036410474,-0.4230425044906864,0.026894692622147748,-0.44506672622602556,-0.38027644778907166,0.010359539760855593,-0.32215385579714767,-0.30722432589115506
23,n,0.0,0.0,0.0,-0.33164234808236753,-0.15820107975258388,-0.04400699169975272,-0.5143489972699891,-0.4256629169847764,-0.06578231718209873,-0.5942688394866013,-0.612635295274973,-0.11597819916085596,-0.6988565582099917,-0.7128641953366971,-0.1436986208023694,-0.18460710394705535,-0.7719476816105969,0.09283946455640242,-0.3874863176998943,-0.9896009508232724,-0.09241893078210733,-0.5715735478700128,-0.8487220104924704,-0.18715266993319468,-0.6324751931642971,-0.7145368947822318,-0.21555406597127763,0.005243911905098871,-0.7694465421993096,0.02791691605689128,-0.2707030671933341,-0.9999980837010549,-0.1882416749991641,-0.4574491179236054,-0.8081085778352807,-0.24244072926348614,-0.48451693464000845,-0.6769424193475438,-0.19953273891747697,0.16827348426656735,-0.727099245116348,-0.06926122534725732,-0.25643466508085544,-0.7248614977581458,-0.2619912499774023,-0.30636242200210456,-0.4828360113315847,-0.25829199654146856,-0.1958944699825761,-0.37776970947617955,-0.19183213358229498,0.2949877916437057,-0.6467207512131952,-0.1776300791969784,-0.12170774529264253,-0.5922251524485167,-0.28280830268638907,-0.15740496413679794,-0.40931262113787453,-0.266970199300045,-0.04768995245288793,-0.3337213863088432,-0.2147771536464392
23,n,0.0,0.0,0.0,-0.32006607494363093,-0.2538828012165828,-0.11786501024380164,-0.4165505181506446,-0.5515077726698426,-0.20451776201722766,-0.26735364038564247,-0.7815683706890715,-0.3307446373459655,-0.02445451579867467,-0.9353136432837166,-0.4210036884272346,0.014973334101016608,-0.7413660831187172,0.10067390363193905,-0.004003686760014377,-0.999998243489512,-0.22697273775193605,-0.22675978908833394,-0.8826063650127742,-0.3878281899205848,-0.2774124309286497,-0.7421037200808176,-0.4282406027315801,0.27325201398167,-0.6806902474378445,0.038779646482984084,0.26330880802544276,-0.9498081755627297,-0.3168356708222611,-0.04688169469661666,-0.7447466705415744,-0.38558402722345586,-0.06240929039402238,-0.591881186152418,-0.3171976840513722,0.5366678215068312,-0.5845366965193438,-0.082176600480034,0.3668665254017138,-0.7472889556217253,-0.44510359825179335,0.0576304330900592,-0.5228632109042075,-0.3818994282572449,0.06945544825170727,-0.3937409887899121,-0.2182479467202796,0.7861767302579158,-0.45725074077056954,-0.21315994775996247,0.5785423165228839,-0.6236249643472769,-0.38220024656699647,0.32521566143399644,-0.4805498818342703,-0.2880295366711655,0.3326728565087995,-0.3757881059976152,-0.15291678214516036
23,n,0.0,0.0,0.0,-0.43397691835436725,-0.1699572752120683,-0.11248612659523376,-0.6189041448595229,-0.5124210957836233,-0.15275211752523754,-0.4751039990876394,-0.7860728203760254,-0.21039919443754845,-0.19943510930866787,-0.9018868514824953,-0.23966206823358713,-0.30264745517608665,-0.7003422092148979,0.02330428307011254,-0.32678655832554704,-0.9999980737426123,-0.21920963900641843,-0.45544711528580734,-0.8822211844182821,-0.3281789254055902,-0.4973839783664455,-0.7390701389584408,-0.3462542192059259,-0.021001813678061414,-0.6833950479680333,-0.009437177035194004,-0.0389200133770525,-0.9982299972846139,-0.29523242025527424,-0.23030879324052936,-0.8309424319877772,-0.3660415602872411,-0.30745591818457424,-0.6535021616687217,-0.301348268998833,0.24519016561953869,-0.6231460013340178,-0.08063673989707283,0.032701750645991914,-0.73463625625738,-0.3704260156098046,-0.11819021931873228,-0.4908056592847058,-0.366085017343597,-0.1252173458860602,-0.3201367101919983,-0.24905401643833147,0.516793093799411,-0.5252609050250048,-0.1600515108746419,0.23117403069547765,-0.606629794013261,-0.3422368812881126,0.1210726793671936,-0.43911403611534816,-0.32565006342664543,0.15266601674486402,-0.3182864843976124,-0.2405723988427858
23,n,0.0,0.0,0.0,-0.3741299191012037,-0.20754261452733025,-0.09991088522857115,-0.5348378363231906,-0.47750089487833575,-0.15054819463232477,-0.4254803828187665,-0.6973966252144292,-0.23388304056293202,-0.2682551556771762,-0.8631188763693592,-0.28632478873711004,-0.35297202543118883,-0.7203708638622124,0.06729254265360705,-0.4487140169893641,-0.9654067933204723,-0.21330270928326772,-0.548110650982183,-0.9702617491115447,-0.3285626159604062,-0.6103108786338096,-0.8479116501176395,-0.34094834613252073,-0.014063103906847988,-0.7122193163339139,0.0016031377618051827,-0.047835552217951716,-0.999998241997691,-0.3097353263580779,-0.27261395400489724,-0.8710697080325999,-0.3452266956973087,-0.3158928736204062,-0.7315144452254709,-0.2530954154192871,0.3091289428203929,-0.6450659492495759,-0.11453014916845405,0.1613149897170083,-0.8057734473311503,-0.42385023311510583,-0.05837452353611257,-0.5953813067091258,-0.32351469840190794,-0.009029856262788825,-0.47773246995626745,-0.15138634447603794,0.6229204035899479,-0.5242590466658379,-0.24323919763688795,0.3833515844952839,-0.6385624094308568,-0.4363082650083845,0.19578310632783533,-0.4948387952209576,-0.36130023278920953,0.2554379990391729,-0.4138434731899413,-0.24087456460695789
23,n,0.0,0.0,0.0,-0.33452816032526306,-0.08130547566059985,-0.034476577192123666,-0.5859366174700925,-0.34989768838832946,-0.0434196077122533,-0.6345109153623034,-0.6099894385982074,-0.06911028582567272,-0.6094168742679028,-0.7850987470692953,-0.08521302532651398,-0.5136038861025115,-0.6329521630604193,0.016688705704171303,-0.650610394385053,-0.9120506722392966,-0.1170659156179275,-0.7249228758611965,-0.8599604210374601,-0.18152121002898777,-0.7382938222693392,-0.7194465524810112,-0.19134385735652978,-0.33907119470552455,-0.6852379210607249,-0.018681709096882864,-0.4984505551615053,-0.9999979550749456,-0.17338735323002352,-0.5810578147899041,-0.8613761389079205,-0.2137324634287859,-0.5912748733153865,-0.6526202201186294,-0.17925967233955817,-0.1524146135910664,-0.6935435471587805,-0.07160499340629393,-0.33377892074285065,-0.7304199200367308,-0.23100670489666952,-0.3340882700287076,-0.48096896861722166,-0.2332831280398167,-0.2808850683425685,-0.2862980104663923,-0.1713994671621107,0.04916270753660583,-0.6608653902490786,-0.12724019179536575,-0.138340257124342,-0.6918571791349531,-0.22997774981292493,-0.16970800655876886,-0.5037509955552874,-0.21121247952501473,-0.14574257843221405,-0.34690292402524614,-0.15611521431343267
23,n,0.0,0.0,0.0,0.23961105614199812,-0.1848022984824124,-0.01291500790601896,0.24444209498914057,-0.517783408322614,-0.0458043267662558,0.09434341214367811,-0.7151330782348089,-0.1066388854365772,-0.04521927997747837,-0.8581294108092065,-0.1559974998506967,0.09731859546480534,-0.7022619828243464,0.008889238351002018,0.15577322612856837,-0.8853159896024667,-0.11865535156258444,0.3077803215640764,-0.8058660063373009,-0.17127932664711748,0.3669408689106633,-0.63913685935264,-0.1766735520917933,-0.07233698391256016,-0.6946925103890393,-0.06328971374824091,-0.02507870850104705,-0.9999986413540591,-0.19227625838988946,0.13296726647499774,-0.8867940254332066,-0.21397513871666024,0.18561170966112348,-0.738103228099969,-0.1890946124574442,-0.2381670325869019,-0.6234985818829332,-0.1525881640027593,-0.06683517440075898,-0.8230960583071323,-0.3069221242457411,0.046623136654671576,-0.5841550439953148,-0.24670612334788497,0.006172904102894603,-0.4478712162278185,-0.15494328126895973,-0.37480458802109257,-0.5037206685404924,-0.24279971226319658,-0.16704951022858094,-0.6392409612105923,-0.3557742796792044,-0.060690735333313796,-0.4878374217045423,-0.29988466048862744,-0.0997562633583493,-0.3994088252769102,-0.22496201479266895
23,n,0.0,0.0,0.0,-0.3889305107641092,-0.18198747283900746,-0.12192025498151472,-0.5070301738056882,-0.5143772051448099,-0.1683465506121034,-0.34181562025972234,-0.7505466878546131,-0.22944096355890906,-0.12174219324529399,-0.9010872894814183,-0.2554507544985917,-0.3511021729297268,-0.7183790569681293,0.00020709032321012866,-0.37481966009926154,-0.9815991492984818,-0.25771621909519854,-0.5459192672833365,-0.8872398152762598,-0.3571895205273462,-0.591702676567869,-0.7288585500731968,-0.36948141510341626,-0.07469870834969917,-0.7110243785749367,-0.035711730924155784,-0.08587880071377033,-0.9999983338145725,-0.30889685955554996,-0.3164168239746864,-0.8321795362797997,-0.3287293701479849,-0.318233893128044,-0.691725597597315,-0.24688026899241627,0.19256523555450572,-0.6434610668601368,-0.11988970143066113,0.05358737693248912,-0.7790456197224769,-0.38240299989165055,-0.12527572810040083,-0.5633990921721804,-0.319939007009173,-0.02140072772321853,-0.4725195153455926,-0.1978021214958096,0.4496262217050778,-0.5407542781327752,-0.21750351490464553,0.222232528040776,-0.6192059024082651,-0.3566737167990238,0.08491825127255072,-0.4759689326059193,-0.3052374462454446,0.19678005340865787,-0.4217566821122067,-0.22662654972364002
23,n,0.0,0.0,0.0,-0.3381874315811113,-0.22256788951781892,-0.11845146779759116,-0.3367475269111477,-0.5283548639833306,-0.18333380424151094,-0.0726849371016719,-0.7332014962112448,-0.2816453528222725,0.2677717998515506,-0.8506047376669204,-0.3533056005924186,-0.020620852986451887,-0.7046189385761386,0.00012947397802853835,0.07202965633777911,-0.9999981810412116,-0.35392732586385195,-0.07354024979961202,-0.9709253554355027,-0.5212041933385366,-0.2145551740155228,-0.8279095155779601,-0.5495695889335903,0.3231112578115063,-0.6507330460035936,-0.0711757768504706,0.4365767432538487,-0.9817771962759638,-0.4684454183737728,0.15080103936330852,-0.89266998974878,-0.570292951510092,-0.03450084663229297,-0.722926305695561,-0.4989516977550953,0.6369185370667848,-0.5463052635456523,-0.19024123488980305,0.4619849187767747,-0.6895787597128229,-0.5856442369505073,0.13804344712517758,-0.4772761946369759,-0.547268788018476,0.059227720977141185,-0.3137362652082319,-0.37795809992005464,0.9333927510862813,-0.4044953072579967,-0.3173562571325614,0.6548626483623451,-0.5311476133541305,-0.5490096621458463,0.42739240439367576,-0.38460882625272086,-0.48097885558553904,0.42182750514663925,-0.2729268233659768,-0.34538159843973454
