gesture_id,label,f0,f1,f2,f3,f4,f5,f6,f7,f8,f9,f10,f11,f12,f13,f14,f15,f16,f17,f18,f19,f20,f21,f22,f23,f24,f25,f26,f27,f28,f29,f30,f31,f32,f33,f34,f35,f36,f37,f38,f39,f40,f41,f42,f43,f44,f45,f46,f47,f48,f49,f50,f51,f52,f53,f54,f55,f56,f57,f58,f59,f60,f61,f62
25,p,0.0,0.0,0.0,-0.1617652536170303,0.07183127661428575,-0.11980848626564455,-0.3580301649423054,0.13730751906887767,-0.17621369832514744,-0.5369760197151795,0.2170598837540136,-0.22313290791797435,-0.6801569949159243,0.27602447294934096,-0.25749421304307535,-0.48624198696469006,-0.18100140334468018,-0.039282442077754935,-0.7056338845588329,-0.08834516705611446,-0.102275929092773,-0.7235533714448179,0.039145247516387496,-0.1535116227578175,-0.6666170167245006,0.14583308146756785,-0.1661562503396493,-0.5001916423369166,-0.18639331571985834,0.003999383440913633,-0.71045425716956,-0.08894686542179575,-0.06866336693381186,-0.677133663684867,0.023788624854494178,-0.12598044400741565,-0.6134642641553448,0.08327824788033002,-0.14043984828270895,-0.5018852534228219,-0.18821643743536484,0.032218443632939624,-0.7010402497955369,-0.12870683433621397,-0.03385319986576989,-0.6866206685823226,-0.02972322069612808,-0.07586263201723396,-0.6263541874057057,0.0168077311769971,-0.07392356247489536,-0.4987310064455151,-0.18189845037559135,0.0524309138170356,-0.7205739758123711,-0.22392130824527356,0.022684444437828463,-0.8835409126038759,-0.21253016466264302,0.010104387963431855,-0.9999977001028769,-0.21119664042119946,0.01849880114374652
25,p,0.0,0.0,0.0,-0.18618447702819993,-0.08550543487370564,-0.08405751803965743,-0.3658016495793599,-0.22078024012208555,-0.14913323881085166,-0.46100634161519055,-0.33423856413812464,-0.21475852008549084,-0.5196623810678532,-0.41841488604128596,-0.27969768563096353,-0.34637215785712205,-0.565293625961785,-0.13704806529563776,-0.4387405119220682,-0.7495912046484327,-0.24033263657664988,-0.5050708733722119,-0.8895248247538681,-0.3039173338149625,-0.5667041707272468,-0.999997850198564,-0.3461617272070672,-0.1701313294794126,-0.6250060683652705,-0.1553633797782512,-0.29889271234321957,-0.5339371953234656,-0.31083253337178335,-0.39467902344613154,-0.35574174759143623,-0.3552194927510879,-0.4756042241838408,-0.2071118717002976,-0.34619654874958306,-0.0005367707142550296,-0.5863956088645278,-0.1791423128093877,-0.1587218444513331,-0.31102819609994325,-0.31775452425060363,-0.20068804991776404,-0.08424865588936252,-0.31123117115933346,-0.2182085074328761,0.05544627487542399,-0.2684260772532871,0.1546015622081079,-0.49042782210535807,-0.21204857438323213,0.0034656244301125637,-0.26426097446345975,-0.3062576810381261,-0.03295175061742538,-0.10654418159896341,-0.2942722470561441,-0.0300919633649203,-0.013760884166761012,-0.25399280415677816
25,p,0.0,0.0,0.0,-0.265271191070073,-0.06631767203441843,-0.11652119136766437,-0.5771305550067858,-0.0971938415862477,-0.24834033003807712,-0.7492865784775778,-0.022507015190311466,-0.3870799622176122,-0.8875452815502974,0.06515460493733083,-0.5243349199925889,-0.6480958971904756,-0.63787810702416,-0.20422512966433215,-0.8555403879995032,-0.6985777367686311,-0.3897394687450273,-0.9636586397730607,-0.5638375846850469,-0.4889839453418709,-0.9999975891984297,-0.4188890903795052,-0.5322714806432366,-0.37376570812578075,-0.7197508674648123,-0.24842509210922792,-0.6216167219106171,-0.5442701375210662,-0.46256846285800757,-0.678289048620334,-0.1452531994920223,-0.5057519989239498,-0.6530159770814449,0.12543220255131676,-0.47947676273200124,-0.08935398765123376,-0.6694040652358646,-0.30512543933833347,-0.3039127805618222,-0.37096502128913805,-0.4835151302795397,-0.3816437130756547,-0.05200507812061631,-0.44885755571246344,-0.3596790745542285,0.10628341068599739,-0.3789904382700965,0.16567649390461356,-0.5379815426479017,-0.3740809918069977,0.035596477509054314,-0.27298782656726234,-0.4642574894735181,-0.08740110114481305,-0.039282253520951674,-0.399465534719814,-0.11932918973348812,0.08092512802917234,-0.3191105883364587
25,p,0.0,0.0,0.0,-0.1106474470908811,0.031154456617511865,-0.23855246850025183,-0.3071289422220491,0.021276087851382644,-0.34299561812028084,-0.5267105346996855,0.05960148496637102,-0.3982092527862411,-0.7169934766321739,0.08752127809832344,-0.45012904055638014,-0.38129697305056276,-0.3639012280861047,-0.28032665313184785,-0.6814806453734797,-0.45123180408469593,-0.36547514066228604,-0.8647118646322998,-0.4818848650395853,-0.42798531617416713,-0.9999974040971045,-0.4932089336587352,-0.4658661801187452,-0.4221623055149664,-0.3514624225277898,-0.1698402197306494,-0.7001041559861123,-0.31206081571325783,-0.2836996433331563,-0.7523614826045807,-0.14736932192548416,-0.3370266810806297,-0.7391074932633537,-0.016543890676364102,-0.3486820994333103,-0.4542087683028282,-0.3034636710743762,-0.0687218867566643,-0.691434289248347,-0.2582060785652678,-0.15911537346990753,-0.7391735620638288,-0.12581812792130323,-0.1885831609179115,-0.7296912192808758,-0.031135425089506133,-0.18398693085862494,-0.4785233247006543,-0.241531520202718,0.01620930361257988,-0.6416287804573487,-0.20330437528515757,-0.04709152527076643,-0.6817455394868603,-0.1262007699437274,-0.06215932657339945,-0.6737450255145648,-0.059061252608387196,-0.05265126028206466
25,p,0.0,0.0,0.0,0.018510681978219198,0.09602350647175448,-0.28466230927106273,-0.07842601423057768,0.21601717516138275,-0.43280612914205047,-0.22895018360332253,0.34407008821435947,-0.5281745663613336,-0.42176105735642333,0.3944628014545591,-0.6119502314200845,-0.3397996227707096,-0.16029361457201852,-0.3864586669491945,-0.678689718819768,-0.21303749529135813,-0.5184258171990207,-0.8685589470126568,-0.1573886602159757,-0.5789109314954904,-0.999997951493319,-0.0891676237146931,-0.6090997949431151,-0.39754193219245654,-0.1180599628645794,-0.2845961918432504,-0.6492644719807091,0.0519432676553221,-0.4455255837866795,-0.5860731829634293,0.24187476710986242,-0.47991095029217873,-0.47349944035086067,0.3153768339509885,-0.46985401943494726,-0.41780548913590915,-0.03762820350625798,-0.198640467911824,-0.6140947623045553,0.1306728237613226,-0.36640405450868535,-0.5144492662139178,0.27720601576477105,-0.37942500584514377,-0.3972001728564515,0.314133362326167,-0.3455637252667498,-0.4169949859303352,0.02521790736065173,-0.12830408580977817,-0.5610582066554536,0.1483229413236206,-0.26843731837186474,-0.4999102697239344,0.24204839403940837,-0.2863414050012904,-0.40016831422799365,0.2677420049988724,-0.26206718198081336
25,p,0.0,0.0,0.0,-0.11998170882130403,0.03813246997343706,-0.2005701881911339,-0.3311777407888519,-0.027667737423343792,-0.2426876250745134,-0.5238887349382084,-0.09063502581827117,-0.2397797907383653,-0.6663158789280439,-0.13248040039955325,-0.22243347627086094,-0.39299393119596754,-0.3295186151673793,-0.13798792559072906,-0.6887006732399598,-0.37848228152974506,-0.186396466245149,-0.8716090549459602,-0.3742847121923544,-0.22161567193274523,-0.9999982770791703,-0.3720337605646582,-0.2417460230181082,-0.42023045616049953,-0.31763680695185514,-0.04303161615572096,-0.6516019732633385,-0.2393551092358989,-0.12291317858828846,-0.6517647433865146,-0.11660913240791064,-0.16159619154617186,-0.6055840353541252,-0.033154168862262884,-0.16072082717396133,-0.44197633922866747,-0.27073015443950843,0.03524990505477838,-0.6412866606054984,-0.16943609886417282,-0.06159035623433948,-0.6125983493751358,-0.051210150797406935,-0.1007665126020807,-0.5616312754746109,0.020950311999243174,-0.09238834412468407,-0.43599718157460693,-0.21765179286555839,0.09953911983709937,-0.5776296273952317,-0.13068366470549,0.009167858959855616,-0.567293159756083,-0.043540648520330766,-0.024659033173319744,-0.5395927142669779,0.027304200365903013,-0.018784286519999246
25,p,0.0,0.0,0.0,-0.07686505899654207,0.08062375567589972,-0.1767101282319371,-0.2629123133012637,0.12245424410192715,-0.24581214030959617,-0.4591441841503372,0.18552401650871203,-0.29238718073927317,-0.6228229540812875,0.20750988152929226,-0.32843464996143634,-0.3819142031460905,-0.2526601999043589,-0.1691194417970503,-0.6534713267456622,-0.3364656364835239,-0.25098298912666345,-0.8496964753472254,-0.3711960596513765,-0.29353202064690287,-0.999997698355133,-0.3827564047270298,-0.3135568071450637,-0.43196010116211186,-0.24552377963413824,-0.1208831488027879,-0.6920483845654057,-0.16430791742242906,-0.2599765331631614,-0.681241068399636,-0.012174676184864416,-0.31445995481695144,-0.5984052817266576,0.07001371689625006,-0.31277771237748675,-0.4668831372994446,-0.22003809305771113,-0.0883632218331565,-0.7059718054240336,-0.15678078366426,-0.22477812495817256,-0.6840066559008833,-0.014960018862468562,-0.2532654836824667,-0.601807562099242,0.05335653632050558,-0.22433599999564247,-0.4748946844445328,-0.20439459996878226,-0.06885261438802737,-0.6928480576416878,-0.28533731942961177,-0.1515950912924709,-0.8293365710918013,-0.3014519185991638,-0.17066957149462794,-0.9047494874373834,-0.3178824634017023,-0.15625259705029765
25,p,0.0,0.0,0.0,-0.1263370039899134,0.08234701497923311,-0.2180996034550451,-0.31884976964048,0.14406923522055518,-0.30624714586672236,-0.5014143178338569,0.2190819708634307,-0.3454795370191477,-0.6513706456174736,0.26081882292497527,-0.37374960601641116,-0.4192233282442571,-0.24016663625864448,-0.26478798400463144,-0.7171996037438607,-0.2539900272368573,-0.31657227384558223,-0.8772652424844044,-0.2660609381426463,-0.3356194986443049,-0.9999979755052875,-0.28810613107187466,-0.3452905085791937,-0.4238462893442109,-0.27355981038809885,-0.15313190728947293,-0.7075625923809202,-0.11464125390111576,-0.23399743525024114,-0.6792564734338091,0.0525678860311527,-0.2361696031069995,-0.5870213343029064,0.13251804693901248,-0.21599096797852024,-0.43141997654834296,-0.2549275069368271,-0.050566624862419744,-0.6596341991422038,-0.11489055665052206,-0.1307171797488152,-0.6249431061489478,0.015823001752855503,-0.13948858505656575,-0.5493136297741189,0.08174970200267881,-0.12091016044247208,-0.43253640880270267,-0.22115374187241266,0.03839240719960826,-0.5914297454084534,-0.1309824095774711,-0.032121422913406146,-0.6004632896611418,-0.04343563430072262,-0.05390963928068218,-0.5688589170598572,0.019271488670828955,-0.04655440119733164
25,p,0.0,0.0,0.0,-0.13376458465441293,0.14736609264465136,-0.02698944945768427,-0.34928111781347426,0.23520421687924742,-0.06344306766304685,-0.48831325564719474,0.2943733494505153,-0.11290788730654246,-0.5701365789843691,0.32593023021506917,-0.1629954589656209,-0.5411556808118846,-0.02955234952718938,-0.07469423769065528,-0.7451861473700941,0.05690837624800712,-0.17943109858544165,-0.6795416726987219,0.21101886242277051,-0.24070535488399486,-0.5872058777278351,0.2891907519386751,-0.2689254056411529,-0.5317817358407672,-0.10554783479463649,-0.11220873837884604,-0.7150953931865576,0.015495732668244857,-0.23456010252205176,-0.6381352159437663,0.19143348765914373,-0.2980208543839148,-0.5523325570705683,0.26804448654577256,-0.3249729078520353,-0.49201192059442767,-0.18108760760071346,-0.15601721100272464,-0.6863151895748751,-0.08294977814648823,-0.27985316789001397,-0.6172060930117617,0.1098644277317074,-0.313294861059469,-0.5376823068265144,0.2140582532826769,-0.3078899716868156,-0.4422942946516097,-0.2573212101741348,-0.19814158464477497,-0.7038346175475686,-0.3214672660569622,-0.28609182621672136,-0.8612182358413981,-0.3558880431143452,-0.31444804370643864,-0.9999974683488748,-0.4054721241802385,-0.3201125533737236
25,p,0.0,0.0,0.0,-0.3955342846429188,-0.09103594585468094,-0.23429404797728268,-0.8272491190497904,-0.20834703760311446,-0.4303023658337222,-0.9557793078000366,-0.3492374178148054,-0.6186158581643529,-0.7880232064191969,-0.43762645349912804,-0.7822643769705077,-0.8163369048699591,-0.745264841520526,-0.34943963594157257,-0.9999969243492288,-0.8565298008728626,-0.6662696823689939,-0.9694113947327523,-0.6823955690131251,-0.847875337676322,-0.8775974257618889,-0.4941693384646111,-0.9168557764394959,-0.43891438973917046,-0.8508442191279797,-0.3446146185258931,-0.6582030648751198,-0.728334497543796,-0.6539289231531465,-0.6980344019499152,-0.40634475451797125,-0.7129327370327752,-0.7043274246927884,-0.11897383200851247,-0.664872485578234,-0.05291446306938462,-0.8252314653229514,-0.36831776463944993,-0.2539569012201313,-0.4009556978415202,-0.6410601934908795,-0.3204985014992964,-0.10450258371521122,-0.5888975383384281,-0.3376520413157889,0.1058839230602713,-0.45882830657071455,0.31133069800797464,-0.714280309238552,-0.4176339624580264,0.14757553100487386,-0.3685063225553389,-0.5708265123789774,0.08040009120539754,-0.14770358217043783,-0.5045472474153772,0.06999925673399959,-0.003779021799478225,-0.38444387030074817
25,p,0.0,0.0,0.0,-0.29257148948864736,-0.10867777822057789,-0.1259442343991425,-0.5690653318136497,-0.26441682797889077,-0.24077458426884354,-0.6949751358345989,-0.42996751402276256,-0.34426733917414926,-0.6829252873971624,-0.6034584933288978,-0.42655606746688357,-0.5693386294790178,-0.8800349545126639,-0.23310491520157084,-0.632069326501944,-0.8872346102393698,-0.41382375103484587,-0.7091414672807552,-0.8042219751611824,-0.5117114028116864,-0.7879871969321222,-0.6500555296717205,-0.5570936487113485,-0.3271736128982429,-0.9999971062329037,-0.24944941351733504,-0.4366453687004592,-0.5003455868196521,-0.47477676273867014,-0.46992063151348745,-0.0677298710264697,-0.5092307672652522,-0.4775694733841093,0.25531159155986083,-0.47998761522742855,-0.07420527500380289,-0.9366122713772802,-0.2788752670711203,-0.17603310467125272,-0.39036134399425804,-0.4525933404376313,-0.21083504843132417,-0.1024422104084037,-0.39043390366569863,-0.21628634077210102,0.06580031534172771,-0.30961030182058924,0.16029024499165911,-0.7862071831065623,-0.3242370738585413,0.0539661555950724,-0.3442809773621392,-0.43439369084255147,-0.010440505511139503,-0.13882003559456305,-0.3881168241376837,-0.027862304587826032,-0.06398632257007923,-0.31606257165505874
25,p,0.0,0.0,0.0,-0.14910070284272608,0.052076019880628995,-0.25846589784698637,-0.3742591521080171,0.04086448566538356,-0.3616783504986247,-0.6003346594815511,0.06217988157454358,-0.4083169522990198,-0.7942145002468713,0.07240606094289921,-0.44665802758518525,-0.4106916498878179,-0.38980501473933127,-0.2847033229083972,-0.721154672423339,-0.4588865575366881,-0.3620024761133902,-0.8911164599719464,-0.4643949085123455,-0.41825266774683606,-0.9999972783155906,-0.45370180494444085,-0.4484794902491429,-0.4269206421306324,-0.4117909678199794,-0.15036401313554812,-0.7452087513297321,-0.36197336372811834,-0.24963534043249852,-0.8015446383365512,-0.17648834394021867,-0.29275517988916316,-0.7783782548075341,-0.029966856887861507,-0.29885315802326257,-0.44629744890243106,-0.38628801659282824,-0.02716039737529037,-0.7158862522706236,-0.3360523991486914,-0.10860201747832758,-0.7630732152368402,-0.18585221614877143,-0.13776743201073546,-0.7452801303439948,-0.07779322981934247,-0.1327610661197578,-0.4652393303623246,-0.3421779352601723,0.07980642413200018,-0.6598070052650853,-0.31230111326530124,0.024898619294128604,-0.7193841484195598,-0.23332810189771938,0.006992739843198114,-0.7289914392892515,-0.16560069200219013,0.013937628967617762
25,p,0.0,0.0,0.0,-0.31593622977624597,-0.12897381139801703,-0.29678119229903444,-0.3625683984093487,-0.3168694886409374,-0.49032174532499295,-0.029200773089047605,-0.4179627827864504,-0.6460050113722041,0.38870920963736305,-0.4265562214599177,-0.7656667335685825,0.09927240421367901,-0.5940774847833291,-0.41233503930405263,0.28678851108278747,-0.5654411077117876,-0.6587494096790871,0.39710513132322484,-0.4773827393711509,-0.803208797067497,0.48586833977170457,-0.3772792174493892,-0.8913143955196432,0.5072604010911708,-0.6038316600368036,-0.37454403216945925,0.6053692201666901,-0.28341291880504244,-0.6864920770638572,0.5297945307613239,-0.0398504638116938,-0.7810389267710864,0.45899707684603014,0.1373225792730341,-0.7959657275596134,0.8023805887000607,-0.5338707157432382,-0.35653130186031307,0.8030474565103896,-0.21658493067516646,-0.623319908119972,0.6020404764971307,-0.054595312948233936,-0.5930619130194922,0.44576827105190364,0.05196512729844927,-0.520484771531355,0.9999982931830209,-0.4272415540311275,-0.3707456579080721,0.9792211134876017,-0.19729561394329567,-0.5578893412323046,0.7887392506449298,-0.07855336562483534,-0.5345042048141116,0.640363146664032,-0.01925192940612008,-0.46731292378558054
25,p,0.0,0.0,0.0,-0.1756311129849931,0.1034651375905998,-0.2097694984597195,-0.38869000264657444,0.1418528009500947,-0.2837767373244583,-0.5692668035573828,0.18447717669834227,-0.3076223543437478,-0.7123943669104811,0.1990629112608315,-0.323010955798208,-0.47458920000434524,-0.2530571642780004,-0.22255349450256587,-0.7343398598122572,-0.30163421708834137,-0.2340389330420738,-0.882039566338916,-0.3347168621196001,-0.23308212961887376,-0.9999976619880642,-0.36432047535080586,-0.23290476379778355,-0.44240226804718386,-0.31840087885575064,-0.1012757297732866,-0.7265968714529365,-0.18586593261275955,-0.134854648970716,-0.733408471507204,-0.021284595312681343,-0.13042741029359423,-0.6574016254956603,0.07374223530588533,-0.11332657194871541,-0.41993356165078327,-0.31594576799104274,0.013561878421199668,-0.660411165682079,-0.18969781474398553,-0.0312017743966088,-0.6635358839090644,-0.041651250210103366,-0.04550365962852078,-0.605442881310355,0.04980290112715116,-0.03733097025435044,-0.4034934118604429,-0.2942858162932846,0.11727311283051679,-0.5796168709039013,-0.20632296011672413,0.07889214728659931,-0.6206477065506626,-0.1068076001471498,0.06355367057680492,-0.6065594742323628,-0.026976606282966276,0.0694195808784534
25,p,0.0,0.0,0.0,-0.3346500797539893,-0.06747037908662318,-0.1493137535130124,-0.671778191554424,-0.11743533660468962,-0.2916135225277875,-0.8830669645427865,-0.10351634220199703,-0.4231742113931749,-0.9999967605984964,-0.0631037985403895,-0.5451751009629748,-0.6025696759178475,-0.6654940517311714,-0.34169700910324147,-0.7482561514815285,-0.3242848814266318,-0.5300214349130175,-0.8257684590533896,-0.07315958075784915,-0.6360905324279376,-0.8803440062339977,0.09954345865924646,-0.6926695127170011,-0.2905670211163083,-0.657875223071932,-0.37031490993477634,-0.5000912534030615,0.1762135848162266,-0.5584048842553521,-0.5663733973943267,0.5118007947352013,-0.584996133702478,-0.5776182835823359,0.6908898737271867,-0.5827813225682438,-0.004075700440423325,-0.5090017133054594,-0.4053061309738128,-0.24382877643478323,0.26743949434965475,-0.5493043337693695,-0.2858359956980421,0.4076969963619942,-0.476850665833852,-0.2814003878449201,0.4038805103537318,-0.41081388254252615,0.20159294645444548,-0.2946845241076164,-0.45999062544927877,0.00390038073509588,0.26806547065435915,-0.5670553091212415,-0.04947066407573356,0.3485005295582334,-0.511052827521805,-0.05138383070595051,0.28012584448052974,-0.4404468709520706
25,p,0.0,0.0,0.0,-0.40254160066073147,-0.07300219342962035,-0.12030181079248478,-0.7760390282872311,-0.09814997417463989,-0.24232631990797762,-0.90416936122866,-0.1678688298404766,-0.3693293372678141,-0.8669333093631799,-0.25825812039589285,-0.48604948572983353,-0.816672293301936,-0.6616728579224751,-0.25467792497464153,-0.8682202995435561,-0.7383664310498594,-0.45601373435959586,-0.9393062594215676,-0.7037259446728702,-0.5728008059420183,-0.9999969048004236,-0.5757292273619083,-0.632724718065478,-0.4820616724701683,-0.7945721665541533,-0.29724204423645323,-0.6281000051713226,-0.1825122173959522,-0.5815424598216498,-0.673705229096741,0.29608965427896317,-0.6562054627913062,-0.6702123126567953,0.6631679969949111,-0.6528795543589271,-0.12542047696888653,-0.7582878435580848,-0.3493065484545262,-0.2934172494254885,-0.06216110914500954,-0.5832744818343959,-0.39342649639798266,0.2701006070169546,-0.5525063120272182,-0.4336156058996062,0.49567515425128184,-0.48460033035901146,0.20191392644401127,-0.6452714355080045,-0.41730721872796206,0.0994567046000419,-0.14951058645471793,-0.5645996104530708,0.01514445770024363,0.02189626720802989,-0.5335273117307054,-0.025247404411505085,0.09822911964301452,-0.47020946112483597
25,p,0.0,0.0,0.0,-0.155774304730549,-0.11037560025534347,-0.020366872690258928,-0.359945147216127,-0.23555905465645405,-0.03848926558354878,-0.5266535227055255,-0.3007453719759729,-0.05947758920790475,-0.6668143699828085,-0.32717472345152976,-0.08226639262569371,-0.4189440367210353,-0.31609907607926896,-0.0440243666424982,-0.6306805450509513,-0.4083906922604138,-0.10866582279645412,-0.7952137621762951,-0.4611749276789016,-0.16527222206219844,-0.9312217935728684,-0.49352562535051625,-0.20437257006129775,-0.44338174962143995,-0.2552131851843805,-0.06778575043714447,-0.6706810892559593,-0.3430611794680787,-0.11650003534071145,-0.8408594162952682,-0.3880055731266512,-0.15788043643485172,-0.9874088714604813,-0.41472631929509224,-0.19116729474574554,-0.47059742526067366,-0.1719202197589943,-0.09479734861264644,-0.686324274854661,-0.25196060230183864,-0.13753332370484533,-0.8569617692888177,-0.29001925106613624,-0.15269014323108376,-0.9999950618265618,-0.31283354232148775,-0.16453930186275412,-0.49802119791795696,-0.06713262783133352,-0.12438409219812342,-0.6787512505584825,-0.13026328804468768,-0.16362052556594814,-0.8101296383950809,-0.1636856706423541,-0.1671593154328266,-0.9239566469016969,-0.18379970441031235,-0.16642330468360927
25,p,0.0,0.0,0.0,-0.33510361646691794,-0.18107142994497355,-0.21441066975670917,-0.7037571583652286,-0.41914701686684014,-0.3970025994957859,-0.8735510647271203,-0.5716966889278683,-0.5724778243419849,-0.8728917229804263,-0.6390099792343353,-0.7172748805437071,-0.4108801128051633,-0.9099675401053698,-0.3462446006527588,-0.48968617008298126,-0.9999972486210914,-0.5886576493388024,-0.7009971231465094,-0.962104080603094,-0.7196947082127392,-0.9032295610789941,-0.8824256931210472,-0.7946050651565897,-0.07451217717492299,-0.9174671117375526,-0.3616915321622052,-0.4639931613070386,-0.6139538448952254,-0.6428240784834963,-0.6653470782254604,-0.27856946905252333,-0.6941608565478938,-0.7663423099081252,-0.03975943069114199,-0.6853507601717069,0.21541353304267774,-0.7877553781529846,-0.3977840764907949,-0.1567068623626871,-0.40579274307625685,-0.6108280873191846,-0.266894093690439,-0.14497499073602468,-0.5379709883044588,-0.2944468873385079,0.005648478493068488,-0.4579744915939205,0.46463692353229596,-0.594397445618205,-0.46431133894204385,0.14024152213617327,-0.26998851463767676,-0.5991705874080118,0.018964869447316412,-0.10380913924656213,-0.5591703711131927,0.01846648875630706,-0.04838162983905503,-0.4964178217123337
25,p,0.0,0.0,0.0,0.01432281531232716,0.0834394456842816,-0.3056064682917575,-0.08462281459629073,0.19404103027481034,-0.46317980425672023,-0.23451540625295786,0.32529212504664995,-0.5615191897138042,-0.42397657938328787,0.3880937567779134,-0.6508834382165574,-0.33131592377675384,-0.16477773027459391,-0.4229032995221642,-0.6514098591151591,-0.2240770651102225,-0.5551602397822606,-0.8534362782424052,-0.18962449829757233,-0.6185670006030816,-0.9999979770087789,-0.1356673855897314,-0.6517884489531667,-0.39704812388354915,-0.12415859839886467,-0.3028157120472094,-0.6370130078835358,0.050307166002469435,-0.46409247180257274,-0.5824665017334796,0.23564210271860012,-0.4955002812892455,-0.4768441341648078,0.3077750336136754,-0.484069720161316,-0.430638606323221,-0.039190323039082396,-0.1972596632987542,-0.6117059872482546,0.13001852935319716,-0.3587483719745459,-0.5266965942199381,0.2658621421351948,-0.3677386115329351,-0.4154695628649309,0.2966644607932907,-0.33381104861705363,-0.44419320853809446,0.03873453187468516,-0.10950417372232174,-0.5739706991247229,0.165019552809038,-0.24314588109345756,-0.5205593300174274,0.25388616900082095,-0.2606713980310914,-0.42370792787157435,0.27096109477246094,-0.23861645639726003
25,p,0.0,0.0,0.0,-0.07225839934729665,0.016955869012073077,-0.2232735615350586,-0.24878256536394328,0.014329295210589822,-0.2974010589976181,-0.44269713872030947,0.05105386623677996,-0.3297480651857903,-0.6058445438641376,0.07901767394409068,-0.34780934964872867,-0.4158296478813956,-0.32502080932107985,-0.17875158011622966,-0.6935073169554532,-0.38768775723393417,-0.25442598616417417,-0.8668703612186861,-0.39074059339216105,-0.3086963384054981,-0.9999983271355247,-0.3812918276729235,-0.3400590275363173,-0.46144490499859075,-0.2566844224977959,-0.09041854686036942,-0.6845796382716174,-0.1612606831989618,-0.1968248796935511,-0.6902151756144931,-0.03143014327920214,-0.25288608224090875,-0.6421274472624455,0.047729318985658,-0.26346788321751874,-0.48679420387404765,-0.17349516066620027,-0.021394509739405026,-0.6668750930243139,-0.0868138379555694,-0.1329075497371038,-0.6388022518931203,0.016490619852642475,-0.17755262375930117,-0.5846198193788277,0.07461066958307189,-0.17321283673424492,-0.47527126048346946,-0.09950389266443632,0.031117790716112412,-0.6190558351741453,-0.03241239134382941,-0.06730243273274893,-0.6094515210861312,0.037977931920755645,-0.10087359710490619,-0.5660505348826684,0.09331745484881006,-0.09383351283274859
25,p,0.0,0.0,0.0,-0.26319523780312293,-0.1737563777347791,-0.08153289665113081,-0.4977205932822617,-0.3879058118493731,-0.16554266192834144,-0.5697320506642252,-0.6079636812291818,-0.25322204945621396,-0.5473576723435494,-0.7964512190486646,-0.32541622735267584,-0.4542160847627876,-0.8810781793221794,-0.13642357987380463,-0.471734210556231,-0.9999976245319339,-0.30890561298971814,-0.5348316536559213,-0.9743176048537496,-0.4180837044004676,-0.605580668738469,-0.8821715290416341,-0.470035585485316,-0.22673775193153572,-0.9763722018207281,-0.16191347216657642,-0.28389982247202983,-0.7206756907502487,-0.3549153606439504,-0.3265770622692371,-0.37816831634871756,-0.4020520853885738,-0.36219772216576507,-0.08831836067151205,-0.3913129897952709,-0.006028927444864451,-0.9359970564405908,-0.20113298639656155,-0.09900358167685167,-0.5569210842544523,-0.3409307989884988,-0.17243768923281821,-0.28850287859472784,-0.30262055117001635,-0.22726602023032952,-0.09570222338448352,-0.24524190266207588,0.1876834188873132,-0.8173562228483521,-0.2557224568687271,0.0994010925985519,-0.49296805464644344,-0.32962432115441825,0.008202105140934297,-0.3021075925475289,-0.2976675934034175,-0.050287149237336175,-0.1910310059654107,-0.2482128985829188
25,p,0.0,0.0,0.0,-0.13217276395563632,0.12214867412489513,-0.04685026897084529,-0.3380225217649294,0.19557134720449432,-0.1043733648280981,-0.5092810021763876,0.18700611570431344,-0.15892051232773885,-0.6428857315347792,0.11292738799085282,-0.21184847109042598,-0.49517483151400354,0.24640362891639805,-0.13359680553575887,-0.7510829523350329,0.08907170097050256,-0.22680975800429024,-0.880133148562194,-0.0684102961527742,-0.28653965618364435,-0.9502250827314198,-0.2077588236719972,-0.3204251809830398,-0.5271870439341888,0.17381397257584663,-0.14623490454972354,-0.8049225938007407,0.008923471859460476,-0.22049718272066837,-0.9255446792583814,-0.1470750980856316,-0.24629138086958335,-0.9999944297721153,-0.2773421162931077,-0.2637893597992315,-0.5342744924509095,0.06655866827167843,-0.1616722232616678,-0.8064813875790704,-0.08610551063704197,-0.22354286904673787,-0.9191089692266151,-0.2262196565700729,-0.21555776531094414,-0.9961015954694709,-0.34674346663721606,-0.20657614994553478,-0.5218403314727998,-0.0640134684623759,-0.18029119736560947,-0.7464042469198632,-0.1828928257959585,-0.21662958128855708,-0.8573299378522389,-0.28578583160098425,-0.19921354693599388,-0.9401035475388171,-0.37377949137910416,-0.18208505525364255
25,p,0.0,0.0,0.0,-0.32099092471000623,-0.07793847989173878,-0.13536247317898426,-0.6379001264224838,-0.19341545366388588,-0.2506321791451144,-0.772816072605086,-0.3207006314555276,-0.35922828247235855,-0.7877047508409465,-0.4780391546680758,-0.44992049674027645,-0.6867762021603706,-0.8769843886664871,-0.24406405761042604,-0.7859811872318374,-0.971033986413716,-0.39512467365872794,-0.8642655473291389,-0.9181760022792065,-0.46436184989957985,-0.9176736687345,-0.780998030054052,-0.4987276278302246,-0.38456998566173106,-0.9999964707879466,-0.26622424004015083,-0.5769189797409119,-0.29287959909007555,-0.488439782141704,-0.6165293365464459,0.17525550702194065,-0.5225160556582356,-0.601355518813161,0.49679420248170214,-0.4947257880670353,-0.07579651535280509,-0.9174566850446487,-0.2992613741433001,-0.27413370182468816,-0.18882776845596982,-0.4846078060038709,-0.3137874448503209,0.021276391978974716,-0.4281703535325027,-0.303581323023659,0.12049694350031932,-0.34912694494090474,0.20095066719191376,-0.7413490200706118,-0.3491307313746588,0.0446630897035505,-0.21948757434981964,-0.49406589680667345,0.004667621031613047,-0.06601142392385252,-0.45558941914240997,0.01633909272109965,-0.033244257288432603,-0.378830176712954
25,p,0.0,0.0,0.0,-0.03798666875794255,0.03061501532028953,-0.24955585899243848,-0.17773334088413442,0.09993687954901108,-0.3719306959724409,-0.3559135872634773,0.22146653410716735,-0.44814953814816044,-0.516304528699371,0.2961448998031582,-0.5191019013754218,-0.3623386244552716,-0.21834714568400335,-0.320098683155249,-0.656364452340896,-0.2365100652125656,-0.4336826881657515,-0.8465541154260916,-0.24606751811276467,-0.5009750306323543,-0.9999983315910047,-0.25006977858454027,-0.5427008285891927,-0.43417967725928647,-0.18224923439613072,-0.23372559422015818,-0.6858124317379504,-0.060470669189441585,-0.38362425073366613,-0.6753385441267825,0.1069964748104371,-0.43050333445250943,-0.6057513608368201,0.205698347829632,-0.4350824252146626,-0.4811103728944656,-0.11796127229634826,-0.16311472486707257,-0.7027034009468722,-0.023545873346015263,-0.3088748067771723,-0.679920369624387,0.113992524764467,-0.3353425957855348,-0.609667203668334,0.19474866597239723,-0.3173741159475615,-0.49603616120806887,-0.06216143181283594,-0.10948750739347722,-0.6569441168116503,-0.01834609708133793,-0.22693974597740932,-0.6691332802203489,0.04240639902697788,-0.2566803172065235,-0.6360823614498744,0.08572431024111214,-0.24937387477876882
25,p,0.0,0.0,0.0,0.006884879388779428,0.16156120111190916,-0.22430449958307247,-0.1490198777289527,0.30578016084257315,-0.3192028636720289,-0.34046511898531684,0.42256281335311763,-0.3632831579113114,-0.4967313763756834,0.5206827765987834,-0.40078801889671045,-0.3494301567225604,-0.055166240976705236,-0.32943943794684244,-0.6593454391086361,-0.09219424274799805,-0.4326205106494464,-0.8587887946669945,-0.10075166832803535,-0.4799560239933534,-0.9999982276539573,-0.10091947755745669,-0.5010408284689165,-0.4062542599226988,-0.08222456807540864,-0.23727020548217173,-0.6572666540809037,0.09481781354603307,-0.3642219546815726,-0.6292246067780005,0.29885598335285274,-0.40621216040709934,-0.5413400029465009,0.4165485136682483,-0.40588890183484294,-0.4338989949738843,-0.06429016135861342,-0.15078910902856596,-0.6275309853955121,0.1319874786328147,-0.2803088095363636,-0.5838122706589064,0.3246471579763224,-0.314752749890675,-0.5088939273368015,0.4243725331574719,-0.29945913330109053,-0.453604245954318,-0.030290754361182753,-0.07291060588156624,-0.5867870946441154,0.13383205965574563,-0.16554095058945206,-0.5636619581213105,0.2590986650871757,-0.18502397450646652,-0.49398631951291144,0.3185485575265313,-0.1722290357583648
25,p,0.0,0.0,0.0,-0.41146847382127794,-0.18852949605610633,-0.18365024491302923,-0.5432487931214786,-0.45713937887362927,-0.29882013014878067,-0.36210252343896604,-0.6468706866604317,-0.4137154907333942,-0.10934315138751306,-0.7892517729462218,-0.503088841928551,-0.17451961246738792,-0.8002147246394783,-0.18641683311462579,-0.1594530031998903,-0.908511758790718,-0.42908478382662224,-0.13648584998013583,-0.9528861249610571,-0.5719391314533749,-0.11162696185119328,-0.9591602074693727,-0.6537071966122512,0.3169979220086131,-0.797211349760893,-0.2148104074845338,0.38732939971765235,-0.6624410097391438,-0.5256070708225031,0.24213351921946752,-0.42536334941271337,-0.6083639052255188,0.0830136835168609,-0.255710890366966,-0.5951240697575122,0.7103502337576065,-0.707567327275332,-0.27060710210993016,0.7083987795573714,-0.49941901446730247,-0.5445960581025994,0.48023751515702834,-0.3140834084366642,-0.4947045217967302,0.2883696046469637,-0.21239050416087518,-0.3990675093279546,0.999997906116102,-0.5683682121178418,-0.3526557293717822,0.9726713070525117,-0.37455808299278237,-0.5130967841858777,0.7031623275313246,-0.24678307476453415,-0.47400638962375086,0.48450847410984543,-0.1992824629903519,-0.40185734249915933
25,p,0.0,0.0,0.0,-0.14180835671118636,0.060955683218274964,-0.19862211627549747,-0.3399484843231996,0.1226786412490863,-0.24317450025879067,-0.49774939944037006,0.22977170293191132,-0.23843533426992528,-0.6269244831684109,0.3163347341448671,-0.22322907437224188,-0.5022526716017575,-0.18017585932727925,-0.14184361983576366,-0.7434320940108085,-0.1379425707323565,-0.15486356546652402,-0.885441033150144,-0.10507492543643454,-0.17309904966553447,-0.9999985655521215,-0.08977346156017309,-0.18711374221031918,-0.5007746373155622,-0.16103793588857976,-0.025245029237119982,-0.7275407673162176,-0.009314770944035445,-0.052199465969440535,-0.7108253084711879,0.1356492107706156,-0.07969961291159249,-0.6376714605292947,0.21251263663668035,-0.08938885141303891,-0.48831963132418604,-0.11067199597945526,0.07872087618920233,-0.6722106260597926,0.014787439341720707,0.04078713521147583,-0.6584035696730473,0.14917826469993267,-0.012369799959405231,-0.6077173904269098,0.22401141335422023,-0.03291571468086422,-0.46449213175524284,-0.060025018371555744,0.17048737447357346,-0.5843602250170664,0.05185560216216896,0.1334535398052573,-0.6063062169500976,0.13780081213650344,0.08984345932300206,-0.5928771977355863,0.19479648864456733,0.07205035620653441
25,p,0.0,0.0,0.0,-0.42210167329548887,-0.16364196717548884,-0.2809372746680726,-0.702339690063682,-0.4352168185088969,-0.46470578157844583,-0.5555391553859756,-0.6233006920364297,-0.6300388362273088,-0.2207523607091748,-0.7300092518232293,-0.7650342612200929,-0.41262104738120625,-0.882514332371388,-0.33613098149680426,-0.38701214523823674,-0.9846189282566427,-0.6368128347884797,-0.29854203234323284,-0.9999976368207055,-0.8165480049335196,-0.23127793028971955,-0.9568434072232603,-0.9136236729701899,0.12347252123026597,-0.9049850229604737,-0.33969179765198254,0.2070929461250804,-0.7483036891588263,-0.7494263087634856,0.12054749593221387,-0.4409232659415915,-0.8676205862067315,-0.013489400833986111,-0.1991978005514929,-0.8454723864882945,0.5674253279650051,-0.8196064277020704,-0.3722720030458198,0.5757958640991688,-0.5588863275018194,-0.7437190161920166,0.3992541212412708,-0.3108051368156259,-0.7141096496606247,0.21862430127534205,-0.1619933831396417,-0.5910738538920082,0.9096604715166831,-0.6815025822971986,-0.43313970749972225,0.9173206685109991,-0.47159785946983007,-0.6547299880895571,0.7093452566490268,-0.29411251917036163,-0.6017229545900715,0.5076865528430666,-0.20194302257530036,-0.49025753121179944
25,p,0.0,0.0,0.0,-0.34093069644920077,-0.10496731035816742,-0.06685504278108301,-0.6345913217613827,-0.21259398291831427,-0.12993446184540233,-0.7733761715397397,-0.32985308737980906,-0.19924820263184065,-0.8123115689175183,-0.453120726027001,-0.25643944583784256,-0.718640107696166,-0.7498303362497682,-0.1117891695885886,-0.8286317751202912,-0.7699862186179328,-0.2356392845569081,-0.9271636566040132,-0.720166290442177,-0.3033732133101789,-0.9999971282660777,-0.6111111296603187,-0.33622589627542154,-0.4946607116290529,-0.8374721239534024,-0.14886950499718327,-0.6669899584059594,-0.26361448821791933,-0.31357567970920275,-0.695567596599483,0.09630258059107695,-0.3445399656047667,-0.66916542674864,0.33046783969522175,-0.3271876978439315,-0.2520654806028931,-0.7693365478917323,-0.19681807808499596,-0.41056468313849787,-0.14580678813596024,-0.33821271533629116,-0.43231046579392696,0.0573071030065017,-0.29888568401791266,-0.40725612092418895,0.13520528475091223,-0.23766198485239237,-0.029474562078463693,-0.6206939226443703,-0.25620098647005496,-0.14145182898661116,-0.16624390064591033,-0.3616846913406992,-0.15370014624513414,-0.060495975521088444,-0.33584474641649203,-0.12861734458229093,-0.08028341730483812,-0.27860968402832514
25,p,0.0,0.0,0.0,-0.07763546773629738,0.12321579765994765,-0.24388904143953716,-0.2244120035299625,0.2395681539208786,-0.3524760855816565,-0.37515289776473243,0.3631579840912379,-0.39710817689096894,-0.522351185555757,0.430813845180272,-0.43097133158856826,-0.4480691013265219,-0.05193788959398339,-0.3567780111217597,-0.7123720582611446,-0.04390137632160486,-0.43013974367382707,-0.876861874525203,-0.04718822838212487,-0.4632734246420498,-0.9999981489014105,-0.05471841858952434,-0.47393434419544644,-0.46351736117800285,-0.09354586185617339,-0.2076830254339118,-0.6894735452387813,0.09660498438823038,-0.2621703768892386,-0.6715071859864538,0.25749722025623883,-0.2452650728417787,-0.6001317425991904,0.3469698791074368,-0.21681699036377503,-0.46884357309285724,-0.0866912471830661,-0.06295530374553561,-0.6577752829880594,0.05984200197772063,-0.11086649614667886,-0.6441564724153794,0.18103107303479174,-0.09878736309542514,-0.5993132844392396,0.24093144173758843,-0.0695646871477126,-0.46217018213607775,-0.06122581193216984,0.06923350901402073,-0.5989582293895331,0.03322324465268488,0.04771953690934605,-0.6318495891480239,0.10344249727988816,0.058061239299404446,-0.6245326195383738,0.1519134696047994,0.08247177047005123
25,p,0.0,0.0,0.0,-0.2902279492640039,-0.11343647413279659,-0.2720962751317866,-0.6233616877453988,-0.2761280585804734,-0.4752748682191796,-0.6833697603409431,-0.42958352817342266,-0.6561933879318554,-0.47753080185502117,-0.507339641291837,-0.8096229961488373,-0.6097817803016068,-0.5084773651856608,-0.46600119784170146,-0.7668773445512171,-0.5677270140682369,-0.771409350841602,-0.7593774748611661,-0.4999762857503353,-0.9343960093494973,-0.7081461597291903,-0.4017217111813676,-0.9999976290607068,-0.27903915920474126,-0.541152436466036,-0.4308747012959549,-0.6062118505256442,-0.14102024600345317,-0.8126335146856356,-0.6894770726605951,0.14324644412156726,-0.8983227815308011,-0.718712015661325,0.35063786242000383,-0.8786915947486199,0.06805936900157838,-0.5064161923232077,-0.4167684865874269,-0.19640902463043305,-0.05538362048368583,-0.736835870850525,-0.27981273937985435,0.1347039935506436,-0.7055815500799233,-0.31703206424279007,0.26845903005417643,-0.6018866888446711,0.397500371500914,-0.44314478150995945,-0.42876205298980713,0.24512599221479983,-0.15468967903017067,-0.6053043474042136,0.1640064870306764,-0.02192790307847972,-0.5575654132500466,0.13858249335078587,0.055189730823427305,-0.4608337274940242
25,p,0.0,0.0,0.0,-0.38883291792742525,-0.09193857128939606,-0.28365178051355733,-0.6999487677566368,-0.27773324081386386,-0.5110323417629424,-0.65682708759778,-0.3782696378206961,-0.7200878091785416,-0.4107335421220503,-0.4384308833219289,-0.9073305313017304,-0.3865400547180788,-0.8209315844785507,-0.398937168725353,-0.4731083917169164,-0.8905126471220038,-0.6894972241211387,-0.5259916760711323,-0.9462955775818094,-0.8815600164022591,-0.5906349244190507,-0.9675548324339391,-0.9999975997341078,0.10706776303588988,-0.8739541445532484,-0.3982212614780083,-0.01743829305987183,-0.6378993240438822,-0.7385254252045811,-0.10955584116110406,-0.31661720502148694,-0.8505403018907373,-0.20650569164841512,-0.06255818995007635,-0.866854374497045,0.4990302714980205,-0.7782488338630299,-0.42049868837301185,0.38659964212185954,-0.5071743602380478,-0.6966656674828153,0.2224233971426588,-0.2854440511568922,-0.6606664346464621,0.10012271878826771,-0.14006995690921334,-0.586622933568009,0.806608718320793,-0.6084630750426744,-0.4763847701368413,0.6998890372858602,-0.3513227545476654,-0.6663075662937047,0.4817401958458723,-0.18430913337282834,-0.6398357369804677,0.3400779748060988,-0.09539936191954561,-0.5735861324028957
25,p,0.0,0.0,0.0,-0.10086012523023959,0.09513959432412823,-0.19970846292121633,-0.32924776450773585,0.14888638524169867,-0.3136971173613,-0.5600944477964624,0.21636873310911062,-0.4084743836137292,-0.7584239229613657,0.25343817513640365,-0.49529448305298707,-0.45968779361791573,-0.3330120871163933,-0.24169822346300668,-0.7575704058169447,-0.3890129839026052,-0.40737527193294704,-0.8490961222168603,-0.22955080748407716,-0.528216972915517,-0.883808027654956,-0.08070310191266898,-0.5974511251873836,-0.5624282637038792,-0.3320574899496109,-0.20619430636449795,-0.8515320866458177,-0.15476954172289878,-0.42071310677577534,-0.8109767728959916,0.1185707128268956,-0.531126763305533,-0.7150888017466849,0.2691297266838632,-0.562035399339886,-0.6231946668297483,-0.3156957757168973,-0.18886594763675538,-0.9608763090594981,-0.1830640410901468,-0.3926141160458589,-0.9999964147116948,-0.0006733681827919193,-0.458878641973669,-0.9656869060645216,0.08902286392233416,-0.45267723301191576,-0.6325566429388981,-0.30201770402290185,-0.18006735107612873,-0.9024140175638615,-0.23559765803954533,-0.3248856928174552,-0.9555346679623649,-0.1485948986655869,-0.34313849032264465,-0.9298868410622314,-0.09216938030552306,-0.3153465862568577
25,p,0.0,0.0,0.0,-0.04474517012266219,-0.06414407131311234,-0.18508006250509887,-0.19108679861752834,-0.057429602344299994,-0.26620052605892425,-0.3632790016538521,0.051993580842042635,-0.32138459715653683,-0.4833959197900119,0.1345371113200094,-0.3711596017229707,-0.4222541042077848,-0.27874935850051236,-0.168720646424723,-0.6727924759386305,-0.33530150183184254,-0.2635225077250222,-0.8580588837624391,-0.35633923251675337,-0.32505364560023103,-0.999997252972683,-0.3698217119914636,-0.3633176904330991,-0.48248587739514603,-0.17971405218669123,-0.11730690446509642,-0.6957468954098492,-0.10143059422215014,-0.2662027364893544,-0.6303911807498482,0.02980708127581141,-0.32103381412744353,-0.5182483494565028,0.09397342062881252,-0.31623451939075553,-0.5082917521212387,-0.08481339692633402,-0.0822317227653984,-0.6587108879495601,-0.00423452976178855,-0.22275613284355109,-0.5664512877142454,0.08655718093232924,-0.2419969882582466,-0.4524272982570615,0.11755118148132931,-0.20930545900669673,-0.49307089191491804,-0.006271400469260885,-0.06163119168257756,-0.6010676106636804,0.06869461075861645,-0.16335851060628775,-0.5396888696864603,0.12282543222321829,-0.17343295663059552,-0.4463225806157915,0.14223137404392738,-0.14638139178890558
25,p,0.0,0.0,0.0,-0.13270976077721408,0.07035500188070538,-0.20878076155968547,-0.33723304785437125,0.10179272427099166,-0.3203581851982005,-0.5344304959231007,0.16226792360091696,-0.39856607495133933,-0.701090385543615,0.19870831428907157,-0.4587027781279682,-0.4801402568929142,-0.2870352474490003,-0.20637341617379223,-0.7811855639067696,-0.20088840782353495,-0.32368559231937316,-0.8146447726704803,-0.005669019688852,-0.411766238611605,-0.7679794686550326,0.12789776618336915,-0.4513124465431797,-0.4881969398686864,-0.29723557163346676,-0.11891201005664612,-0.7731313254656643,-0.20461143412132482,-0.24080337481808267,-0.8074985350619961,-0.08621298585763029,-0.3011622250825721,-0.8008920363283625,-0.03296224924553204,-0.31397266520865275,-0.4894648624819791,-0.27897806118667895,-0.049497722634252166,-0.7642330035836713,-0.24834157098253015,-0.1323946882288827,-0.9056304248730487,-0.2445775627800294,-0.15912278990176304,-0.9999975875008161,-0.2925042466836317,-0.1557205368809341,-0.49087442430979905,-0.2483148248973504,0.004932403094799527,-0.7051233644575605,-0.2692432051620343,-0.037776996746790456,-0.8448482207481838,-0.2843301541457666,-0.040327900127179225,-0.937300737547089,-0.3245503706136788,-0.025007536278605788
25,p,0.0,0.0,0.0,-0.33552867668592784,-0.10925469961428509,-0.20876360886512682,-0.5964283407798314,-0.23744771120023445,-0.378277512961074,-0.5918682938399039,-0.36965358550324745,-0.5376261440399404,-0.41336698388997295,-0.45172972023788416,-0.6812348922209415,-0.5070203763623347,-0.5326213774942988,-0.29731597905368123,-0.5336038523062695,-0.6435233569327897,-0.6513932535053973,-0.4621161042815374,-0.6306685420569034,-0.8910219404983569,-0.39046906639597745,-0.5581499327839814,-0.9999982040051063,-0.17683133560254283,-0.5790682616160866,-0.3074718317026485,-0.23263197620077264,-0.6757644062266902,-0.6790297767349256,-0.25712857298347935,-0.622398288487967,-0.8191786806269789,-0.2942258220398746,-0.5225368199040086,-0.8272387689947929,0.14234786402390423,-0.5556939732345348,-0.34479554426749887,0.10433014865814891,-0.4391182024259739,-0.671677768195368,-0.05340385273599599,-0.20796260130289382,-0.6276566556252087,-0.19930019814882477,-0.03119565605739932,-0.4949974261067348,0.4121701154161926,-0.47539860922225724,-0.4056102293189428,0.37553965630478364,-0.3465863690073036,-0.6123944817353703,0.21098969743162901,-0.19090889820211215,-0.5492310741089987,0.07440538589896704,-0.08225437238132911,-0.4279375990066568
25,p,0.0,0.0,0.0,-0.23405319992971566,-0.09779669533696468,-0.14165345224534165,-0.5473785289026705,-0.1923551378782221,-0.2960577647871451,-0.6830493181619919,-0.13989217809275747,-0.4424527132274158,-0.7418342160128514,-0.06927294476518024,-0.579372171826896,-0.4855364585316274,-0.6704508022795033,-0.38307700490589236,-0.656835964332696,-0.6583636037088769,-0.5868371340418241,-0.849729743887065,-0.5692557856761866,-0.6906425743182405,-0.9999969740807811,-0.44557462085496335,-0.7439520934097203,-0.16843252167783693,-0.7307916107547392,-0.41078215179188676,-0.477798974109213,-0.08772527734342048,-0.6206052687884493,-0.5531694003632052,0.28961571656280216,-0.6304439787884731,-0.538473852246141,0.5091448896324486,-0.6091007645406796,0.12456744816178447,-0.6239000503642931,-0.44317635798385996,-0.16135596222519996,0.03688879357854614,-0.6106471161465274,-0.23659445598761283,0.25604877210237886,-0.5234855954477466,-0.22469699491683798,0.3291565065271056,-0.44197386050678295,0.3910690972046523,-0.4474630680908905,-0.4941290830212194,0.1524107048296338,0.03992242927008843,-0.6358892376215455,0.0023492640725436497,0.20549031148961583,-0.574792184529506,-0.04758975410367942,0.22726070565033546,-0.4892108778088135
25,p,0.0,0.0,0.0,-0.08639112743611853,0.022075487299701265,-0.2544945382605702,-0.27236848453065965,0.041762366652547726,-0.3447326357655106,-0.46935376401028917,0.10677842970789217,-0.38290775726345594,-0.64262909250206,0.13946436607318002,-0.40902930118021547,-0.3908354504713897,-0.32354209783656984,-0.2440846829551575,-0.6739231724721203,-0.3546097730420277,-0.3162333035304472,-0.8586107598656966,-0.35730552925013354,-0.36259395848813136,-0.9999981937985548,-0.35371325108424007,-0.38903408932816713,-0.4344365618586156,-0.2846493550549111,-0.12835599813076823,-0.703748259093155,-0.20333543251705044,-0.2297112639717625,-0.7123005564291702,-0.05321986882697522,-0.27156570512498845,-0.6448344127115226,0.03606316768510734,-0.27403416839002864,-0.46301900606622926,-0.21893701391346748,-0.0300775406087508,-0.6838480015931653,-0.14937148545396006,-0.1315086279574104,-0.6756460772036068,-0.021174497535099115,-0.16866211544951126,-0.6153948493724859,0.051434899261064884,-0.16161240075712743,-0.47265143607141097,-0.15368792512679536,0.050469510476753354,-0.6362212347790343,-0.11820428043163345,-0.03122625142107066,-0.6650700786965903,-0.04875227732841386,-0.06372515556930924,-0.6438651677777536,0.00484374853494801,-0.061612461607751925
25,p,0.0,0.0,0.0,-0.10684486253435539,0.07153462634329005,-0.16247262738549226,-0.29437878009551527,0.1112290872777326,-0.2526164230067553,-0.47187280359143735,0.17971565600007383,-0.3199461282281432,-0.6172449037944857,0.208369171616784,-0.36978463524447175,-0.3906950725690222,-0.20728607379894584,-0.19778501175521102,-0.6200114807157506,-0.11190264522970875,-0.3125356048346938,-0.6462266056725703,0.05562452227519188,-0.3833022919574283,-0.6112714426240898,0.1696135340499724,-0.41341511384066787,-0.4110545397009562,-0.24334831111088,-0.1548089134193028,-0.6884948618181546,-0.2598791695137315,-0.2566688407682858,-0.8730518195421852,-0.28416065649812905,-0.3113565319383076,-0.9999976748092081,-0.33067856438886656,-0.34017885281952537,-0.40978281793813043,-0.2222942200169492,-0.12319528557627363,-0.644935342413607,-0.13931382062388514,-0.21454588119017126,-0.6604619619440265,-0.04550632363323258,-0.22186330529262482,-0.6365130961704814,0.012105610376802486,-0.20554655447023815,-0.39000834836078313,-0.15820850709852782,-0.10469726721959385,-0.5641499658278264,-0.07259513363722452,-0.1699654572046063,-0.5907761551643911,-0.011820803465010105,-0.15914937768462725,-0.5795404878461389,0.03005981037775995,-0.1314629755624919
25,p,0.0,0.0,0.0,-0.09714725991529732,0.07048402548481185,-0.12614003272649332,-0.2478545829696993,0.14859034442939462,-0.20672425743294415,-0.4108622622090863,0.25593171066065895,-0.2802960107636716,-0.5570456264879408,0.3210053545455229,-0.34400539579033285,-0.41861882767563413,-0.18341247267603195,-0.11846231752058377,-0.6503194803772321,-0.08921838412528268,-0.21362518428972047,-0.6760294810937466,0.08056304150925578,-0.27742850689013016,-0.649502957023672,0.20265124540491544,-0.3074718277672435,-0.45375387797196354,-0.1999289048510493,-0.1041361161776608,-0.6963386910679402,-0.0484897505926403,-0.2197971450080097,-0.6466045673374337,0.10315325002956807,-0.2926888618298383,-0.5646007839443232,0.1923444871510593,-0.3243665501889567,-0.470239424334284,-0.19694582301525798,-0.10394490861353081,-0.7114919210046629,-0.0645196499392274,-0.21738008632911585,-0.7143712915325563,0.08322751180354251,-0.27838826320007193,-0.6761453841698144,0.17445331119721316,-0.2933613191228583,-0.46916833686133813,-0.19771081582868688,-0.11127656047994004,-0.7053342652943595,-0.2124576534930822,-0.1881178920386428,-0.8762157135316335,-0.20379743416978738,-0.22468539381647146,-0.9999972727476266,-0.18857381709149765,-0.2379595268447935
25,p,0.0,0.0,0.0,-0.07712492706958883,0.024488595240361795,-0.2373768386425079,-0.23526600986616691,0.024107386923020165,-0.32469518550987847,-0.41554817826504425,0.06346507153103195,-0.36369608773439893,-0.5628791341943268,0.09392189126090811,-0.39395504375431467,-0.4003232071349276,-0.31730024943265445,-0.23092241525741497,-0.6824697617364391,-0.35279945523870754,-0.30720861852914133,-0.8677377408362178,-0.37544783610179905,-0.3593734616061924,-0.9999981684953375,-0.3957801471880521,-0.39109609054043726,-0.4408827022714657,-0.27782368284938924,-0.13263438149788218,-0.6536275644629322,-0.16261143806437295,-0.24285163197670032,-0.6453587172117293,-0.006791883353873635,-0.28492987436780204,-0.5795830342130992,0.07982296932706258,-0.2847110234588128,-0.47172580654627694,-0.21232135197751265,-0.051283344853228226,-0.6404486405515369,-0.1011333002629902,-0.16686346603526672,-0.6257240326294774,0.03496920397882123,-0.20264913755602315,-0.5702310400762539,0.10448819545444005,-0.1922291160501309,-0.47496727807171363,-0.1458341237863187,0.013498814991763294,-0.5962040225145117,-0.04199339297396147,-0.08457881970949446,-0.5844584506096158,0.04470191518517657,-0.11360448440234053,-0.5381007573163982,0.09997974118814798,-0.10383350362532423
25,p,0.0,0.0,0.0,-0.05229662467389174,0.07855837723768491,-0.2595745640872227,-0.23775459716634206,0.14025285821053843,-0.33125076487671434,-0.4126835755583172,0.22954626502066136,-0.34779630760325303,-0.5554752029223907,0.3170817223681568,-0.35710275882734505,-0.4600043364689857,-0.03222426746070185,-0.2271470665558515,-0.7219682886177072,0.025897900517250556,-0.296665539697185,-0.8735440864971954,0.05029492834494488,-0.34462593210275694,-0.9999988589860977,0.06943725252328051,-0.374563508467963,-0.47204790721927475,0.01993630375167428,-0.11071870477631333,-0.571176506886358,0.21888186355108963,-0.2322283624004117,-0.5082572047112224,0.38234521786408765,-0.299081721315413,-0.4436205208764056,0.486078824245834,-0.3105187473036291,-0.464303299406183,0.08181233669429332,-0.011117533136046751,-0.5108686082546093,0.2549805432199155,-0.14652607327507197,-0.40418650811102963,0.3436565237114333,-0.21486879423311037,-0.3301509818361903,0.3782849690733136,-0.21736680855694626,-0.43619345048486663,0.12096363301901926,0.07315841558606971,-0.47486385002060133,0.26962494200083686,-0.049187570419074136,-0.3998759155102886,0.33089089367551,-0.09971909185704016,-0.3284691692644235,0.3683158990661441,-0.0979341680359155
25,p,0.0,0.0,0.0,-0.2581137069468622,-0.02648138120447524,0.0029236033680150346,-0.4662269096444637,-0.08743978107066654,-0.01705153558058028,-0.6099128197108667,-0.0871683814320063,-0.046748551032631605,-0.7170118857838582,-0.06631556819721583,-0.08469383345741983,-0.5693687423099514,-0.3868213761685081,-0.03583675479116394,-0.7718739753816098,-0.2794044936411645,-0.11028167920278148,-0.9006458380717658,-0.17508921377695036,-0.17443589093781114,-0.999998421996063,-0.06905434843576312,-0.21216460270569673,-0.47753224947044337,-0.39190728594541857,-0.07632540947952318,-0.6478046487282226,-0.050972811913322445,-0.12859473546549668,-0.7154332437685148,0.16422325825594433,-0.15407683834349956,-0.7703271714455201,0.31034273565933423,-0.16772344094213057,-0.364083203114988,-0.31154157807637234,-0.11807053374351058,-0.4899345686711221,0.02066352480200456,-0.1570783650352083,-0.43268753887663225,0.0748227782188902,-0.13834146728168986,-0.3856224396951059,0.043683537750601964,-0.12224989301192274,-0.26695782686480446,-0.1891711444998524,-0.1615536961674063,-0.39378380446592126,0.06927157160869184,-0.18323244184960114,-0.35439422190636277,0.10835001571575056,-0.1429964813404883,-0.30540769229046777,0.06384235610275352,-0.10452544147585309
25,p,0.0,0.0,0.0,-0.3674549750400253,-0.06805833378620943,-0.2617769839967494,-0.684347963718637,-0.2125038943842996,-0.4806307919086661,-0.6655925975806583,-0.2680393817951582,-0.6799727363134607,-0.4265838400396092,-0.2828380561018009,-0.8542013153345878,-0.4097729080743409,-0.6182731048483651,-0.4579324313871294,-0.4535751134454345,-0.6907006227699277,-0.7551456572262716,-0.4142210184726629,-0.6714631607772173,-0.922908015096026,-0.4239789716557419,-0.5803650862456595,-0.999997975285991,0.0469982362918913,-0.6589432409490791,-0.44733274891866615,0.016291937479187002,-0.3473501387605837,-0.7929705256834336,-0.12034016444971438,-0.07434564333995028,-0.8762138380083393,-0.2879508245938545,0.12493955018539318,-0.867339098671647,0.41457449710299243,-0.5845853483496619,-0.45432967074497016,0.3084374998580563,-0.24332224676759487,-0.7476768673751849,0.10522578509119662,-0.029065380773581603,-0.6984562654371625,-0.08636180482986631,0.1055980298283941,-0.5989280152099081,0.7091930823882163,-0.4577370256287253,-0.48879914722590595,0.6482518700581532,-0.2084597078424859,-0.6739354806081469,0.44800302789396335,-0.06270595046980648,-0.6248098556868774,0.27286444354268957,0.007565335738510241,-0.5340127327887727
25,p,0.0,0.0,0.0,-0.310013208835384,-0.11746295706685243,-0.1329100015066103,-0.5763594267727989,-0.3152871772137679,-0.23036005421123137,-0.6405270328754255,-0.50409929281522,-0.32306603353756796,-0.5331448878448378,-0.6430707312586681,-0.3933090437697581,-0.5043421521337593,-0.7556223645649763,-0.16137499516669146,-0.5447574211924838,-0.8620215934239288,-0.3369544875719213,-0.5734286713506344,-0.9513224510992715,-0.4551696128354894,-0.5933122720991277,-0.9999978778628934,-0.5360290537416291,-0.185618199339589,-0.8360093049584058,-0.18380371730224707,-0.27071047578510365,-0.6044937934009806,-0.41958537849957844,-0.31996348398793395,-0.36149438804119843,-0.4860983794976142,-0.3666218186484741,-0.18391217587146447,-0.48237469472488004,0.12457658478317168,-0.7832224406923715,-0.22287508574261952,-0.009093626853170968,-0.4311662361625217,-0.4036025158212803,-0.0958613163735359,-0.23740307918280595,-0.35452441059902823,-0.1521644547000257,-0.13361651695888435,-0.2840595066379071,0.39212634772886873,-0.6594945353871892,-0.2851518043698062,0.22932522407834854,-0.34186218463416174,-0.41034040728461985,0.13735313525522297,-0.20590479476978363,-0.3937783820517582,0.10480366210953342,-0.16123404859979956,-0.3452494930592445
25,p,0.0,0.0,0.0,-0.20344715254826762,-0.010281238689102344,0.001117498822672287,-0.42712168371189213,0.00536594437474193,-0.018059719620281692,-0.5763210727519497,0.06349261120338122,-0.04426740325706802,-0.6927952928809944,0.11951138431941395,-0.07803335832670896,-0.5709951993851078,-0.20763759803655385,-0.05755474862577539,-0.7595497733945411,-0.03136131645029393,-0.13360011138038833,-0.8925003191382741,0.07875649127210184,-0.19899872387909726,-0.9999983359407058,0.1883753455161771,-0.2437621559085352,-0.5001945885231132,-0.18707276499885006,-0.09860982708251738,-0.6183701403316395,0.2353341034202611,-0.17802829586848382,-0.620696242503108,0.43209877069437574,-0.21686518615523082,-0.6301438256936945,0.5455385046459555,-0.23652594187360423,-0.3887888549651163,-0.10153388369341858,-0.13770426534176095,-0.4599395912179212,0.28097850250952267,-0.20102046244507701,-0.3636897245415082,0.26271653740170176,-0.19181102403163938,-0.3071621289736746,0.15604617536516724,-0.18030888421878857,-0.27099933375744945,0.006783456279208183,-0.17694469249890793,-0.3329436567595419,0.2922115764147472,-0.23064467838612715,-0.2602268780717499,0.2799313002783115,-0.21056868188910574,-0.20926558191815878,0.17556581468133797,-0.18469331206771994
25,p,0.0,0.0,0.0,-0.3195091370102311,-0.16812461684440433,-0.2784109471188434,-0.5398356048331431,-0.3816583317584899,-0.48043891055437143,-0.3712537003180424,-0.5383802831232546,-0.6622209999871962,-0.047892093887987194,-0.642697425837801,-0.809490727586946,-0.3180596750453142,-0.7379003326016654,-0.32834905914429313,-0.3009565017414089,-0.8418745664539175,-0.666487121889433,-0.18408303492191594,-0.8351629112776835,-0.8789341101195621,-0.06729592822734422,-0.7858766532122784,-0.9999980910639399,0.12986355427915763,-0.7528517279049799,-0.3327117530571056,0.2315897510192466,-0.6369124921733621,-0.7565140817854458,0.13977027806920278,-0.37334016776302736,-0.8773324085668394,0.04092923770280076,-0.18954647908310715,-0.8646837223651803,0.5087728691757766,-0.6725545900806705,-0.37236350946536956,0.5511499759031135,-0.4299051393348065,-0.7458395607319374,0.3696695780002344,-0.23514929008121851,-0.7028512200242617,0.22120036629387077,-0.1525243827896228,-0.5817714803482613,0.7970422834742076,-0.5415075095440692,-0.4424285369815263,0.793499128941865,-0.31636666387434464,-0.6634845430534025,0.5995430495408087,-0.18195668707668733,-0.6203489691419745,0.4401423982538323,-0.15131727532547307,-0.5260557166715412
25,p,0.0,0.0,0.0,-0.07015737833991885,0.06828060581853755,-0.27866963296190517,-0.20805554029553017,0.11047087227214149,-0.4132353732185041,-0.381778898700128,0.18562730833559035,-0.48896649583574164,-0.5593271315082423,0.23880019548054607,-0.5631147168954336,-0.3790658319414073,-0.2515262838220243,-0.35939551153196797,-0.6683141930108142,-0.30505306663832255,-0.46146447539142577,-0.8582707333547475,-0.33512089322560895,-0.5289614586534612,-0.999998321587528,-0.3536532715654053,-0.5677272155026193,-0.415544997578681,-0.24318940217580634,-0.22767784360539053,-0.6905884115754093,-0.14486122810876595,-0.3427380299414433,-0.7009006563250886,0.012277653755812374,-0.37826532876913216,-0.6358835438331096,0.1176660339609893,-0.3785358901382193,-0.44335749582257616,-0.1932130307879495,-0.10683276357821632,-0.6688928812117699,-0.09137651260831207,-0.21904371460553962,-0.6618201199056465,0.0498691272437779,-0.2470438150706885,-0.5986524186725436,0.13839646706909747,-0.23649429765429356,-0.4642962646863228,-0.13958735726603366,-0.0018535857942473277,-0.6237941675765104,-0.06053461739713508,-0.09270516084218978,-0.6251036065707727,0.03571620158427191,-0.11221013952595574,-0.5754444157415001,0.10402241794467906,-0.10156279434147199
25,p,0.0,0.0,0.0,-0.14506983884243438,0.0957950891151267,-0.22950344821576252,-0.35549155284237355,0.1374736124386946,-0.30863388122758967,-0.5491406414773875,0.18479083250957215,-0.33356156245831475,-0.7146062938586285,0.1935094945095712,-0.34715751554883895,-0.4162110443019994,-0.24422560505483554,-0.23525657920336873,-0.7051998322488151,-0.27461141659037275,-0.2689011723602488,-0.881889964127273,-0.2737892936657519,-0.28637557733663666,-0.9999986182886166,-0.2734469380436483,-0.2955977046979118,-0.41655307049843826,-0.268362417620884,-0.10866339203870355,-0.7093843205772424,-0.15677136788043433,-0.15275005814988749,-0.722248269251562,-0.008659035954677178,-0.1610539011760874,-0.6449848973729798,0.07375033541135544,-0.15466377419290434,-0.4205801345373175,-0.2471738000416203,0.006431154979703809,-0.6659320871181813,-0.13195993273116202,-0.04124459216768771,-0.672581132379315,0.000237598260709368,-0.06277304320380918,-0.6171187803907886,0.07299776248020737,-0.062898389669251,-0.4179740481033878,-0.21396147512421967,0.10625158508306479,-0.5852855548407048,-0.14154012520092907,0.05808752486815721,-0.6247633500108322,-0.05845781955820452,0.0316537146454177,-0.6138395537891265,0.002055286722448176,0.0281715772760904
25,p,0.0,0.0,0.0,-0.2736210107480071,-0.06651126487449209,-0.09135469010684844,-0.5195034957186786,-0.08998579237666371,-0.17778764925079937,-0.6948703850976526,-0.05349224226787958,-0.2634788888945364,-0.8188539244566944,0.0237884910698552,-0.3521889581839301,-0.5731523052970432,-0.4869318738428752,-0.1740635802364628,-0.8199833643536418,-0.3842189258164546,-0.32519537055146874,-0.945418493026109,-0.23742489708180903,-0.4360662422298735,-0.9999982615727422,-0.09013365574665859,-0.49845841907653005,-0.37982421300642827,-0.5173977379254912,-0.19760536899304781,-0.6020324979353484,-0.16564039130864197,-0.3265270993510599,-0.6583528991525204,0.07623377363876617,-0.3687787723766627,-0.6329665096743323,0.21624504950971554,-0.38421598797364337,-0.1677896947088653,-0.43945765519103613,-0.23173473717075585,-0.35986369424051184,-0.08744092596666082,-0.33666257900609403,-0.41498782173197185,0.11812552836326368,-0.3012586534474315,-0.3944278708739599,0.21752670474690308,-0.2612243869754713,0.03227431495614131,-0.3019559636856024,-0.2784351081610923,-0.08936542938005593,-0.03611461784244127,-0.3582755253313312,-0.1532096618226643,0.0972296468496642,-0.32415851364056913,-0.15632701955657866,0.14811816749089263,-0.27877772219955627
25,p,0.0,0.0,0.0,-0.0704245326471571,0.0422129218908466,-0.2582530059106309,-0.2233202040739061,0.06237643697641092,-0.361823010688183,-0.40250693303204715,0.11843897494373964,-0.41308097979310526,-0.5575452461810066,0.15637792935215716,-0.4558949474759691,-0.39424434381147194,-0.26723592338052915,-0.26983698289424246,-0.6792771915507985,-0.2879475999762791,-0.34873250706199277,-0.8692923531383828,-0.2938891936412665,-0.39802409839320946,-0.9999982896365892,-0.29472106976607854,-0.4257086248928644,-0.43169676282703834,-0.22962696689074114,-0.15556039596986734,-0.6466519223488207,-0.09129167628829164,-0.262752094772057,-0.6256980739718832,0.05337178570773439,-0.293453191680191,-0.5543647472420499,0.1209476523554278,-0.28571689663784405,-0.4559317304536176,-0.16754341963327446,-0.05777645409591579,-0.621253092739531,-0.04240345822384583,-0.16465881170739144,-0.595110009251664,0.07621524681891877,-0.18731176197197746,-0.5356338737229052,0.12572359998964297,-0.1707522915784394,-0.45979521396342954,-0.10926274922432062,0.021567638691870714,-0.5720698950712686,-0.005648398109232542,-0.06985194269215092,-0.5585848874458147,0.0746134774962414,-0.0925804219057529,-0.5097240417759169,0.11814200740065416,-0.0798319394078086
25,p,0.0,0.0,0.0,-0.4309116582157111,-0.12755667262077516,-0.23102071100439525,-0.7373894084869346,-0.38547330985388883,-0.3987833302101602,-0.6831327426098114,-0.5441326792961756,-0.547814632025018,-0.4400244303172404,-0.6188700320188559,-0.6640054630307136,-0.42420364541875205,-0.8343471194828772,-0.37143060741626993,-0.5519726204989535,-0.9471451871200921,-0.667926839143254,-0.5109067470537288,-0.9999976419435822,-0.8410151860663075,-0.468012654978258,-0.9832430354360717,-0.9450465535852585,0.11816961501804073,-0.8843969147948221,-0.3935065845564996,0.030500154190885746,-0.5816795744715194,-0.7921934912607193,-0.157110636704506,-0.2835691834626547,-0.8830634415308369,-0.30550661234113036,-0.0827288080275844,-0.8656275837682194,0.5418425394260059,-0.7808481646674997,-0.4381666311182075,0.356537138196777,-0.4060368515818239,-0.7653912369092937,0.12310000758620575,-0.19802921258105885,-0.7142904354960746,-0.011994069961998055,-0.116189952561226,-0.6180582493565095,0.8641568865961716,-0.6059886628669487,-0.5117972843602376,0.6769468772056153,-0.28439253189517305,-0.7267491674447414,0.42229060419051595,-0.14200666249325616,-0.7071947827235461,0.28992068835604895,-0.12347457630806669,-0.6437575288318362
25,p,0.0,0.0,0.0,-0.024751255762602866,-0.033616321623707396,-0.21151753127800757,-0.1597219427179264,-0.021336799353909325,-0.31108979739631526,-0.3368956831247466,0.060727748468811064,-0.38110747297708464,-0.4887190304972502,0.10345498358304973,-0.4389848779047237,-0.3826602278025362,-0.3260914158315293,-0.192450021445721,-0.6626179045120851,-0.3717979249023723,-0.30429339213281914,-0.8626948980603114,-0.3542356396002536,-0.3739440094196535,-0.999997161294713,-0.33145454887346976,-0.4136361345706045,-0.45630555181751714,-0.22888211259605656,-0.13191542537502932,-0.6912680363413641,-0.14595109146962362,-0.28484251735464566,-0.6170750118608261,-0.015380112640923396,-0.33244127485198144,-0.5035460282719685,0.0060262279213096695,-0.3236770099029423,-0.5046913432090571,-0.1314252697309546,-0.09310178672922878,-0.6935507138145893,-0.059750110751792665,-0.22624871954125794,-0.6165002393920288,0.03576414668079143,-0.2288930197577676,-0.5136053078760144,0.03372477883668919,-0.19095122651632265,-0.5181366536183941,-0.05217045744454566,-0.07367690530416657,-0.6556138696737368,0.006637209194441105,-0.16815723428799453,-0.6035088926370288,0.06652166476231418,-0.16833071718375958,-0.5061234521804734,0.06814480055659551,-0.1369797406062028
25,p,0.0,0.0,0.0,-0.4207108908729147,-0.16982687833288287,-0.10215326418156517,-0.6790431456928181,-0.466425453995102,-0.17756496406732902,-0.6383162115478161,-0.6419775462866814,-0.2627630056986578,-0.47096207280334107,-0.750544328451873,-0.3261881369545716,-0.42451007079947056,-0.905302945352276,-0.1595132163103334,-0.5364895257963209,-0.9698032069797493,-0.4205295441198046,-0.6848389258684245,-0.9999975488516286,-0.587786161229109,-0.865424595533086,-0.9675846080420969,-0.6708693713256018,0.057291221290947165,-0.9591987701162219,-0.22285125380629806,-0.11781431687643908,-0.6765080214778667,-0.536030698944937,-0.1938182963335578,-0.36157121455847946,-0.6162744954097719,-0.24797932881022797,-0.11604402526091542,-0.5951780089753838,0.47058067920242297,-0.8704076954156043,-0.30615153172219856,0.2993922965726791,-0.5186877000575482,-0.5496675473128719,0.1378134840278946,-0.27795667591261347,-0.4799735463759033,0.0358162267272434,-0.13808493750826456,-0.37582551698273514,0.8038001994443493,-0.7085181285367256,-0.4122467796225631,0.6430756325937108,-0.39262436774412884,-0.5741370039506677,0.4444597831591579,-0.21754819564216477,-0.5286007191435619,0.3456179899430227,-0.14439659617643633,-0.44154366677617407
25,p,0.0,0.0,0.0,-0.29874797403496084,0.0054282757940348455,-0.10334796676675548,-0.5749264021395565,0.07041045854680118,-0.22803778575944156,-0.6846058262338847,0.22302700644746104,-0.34601543831973,-0.7382782884252346,0.3545307600496463,-0.4613798203834724,-0.48388553476180396,-0.3172119759063022,-0.36313348408468404,-0.65806788927748,-0.02593613983909028,-0.4980473430232487,-0.7036771473749251,0.19624159090298454,-0.5353307227286095,-0.7241507819080365,0.39181084996209703,-0.5418708310336062,-0.20918837507911822,-0.34276685224564907,-0.401303776292889,-0.41576441960252186,0.5292990501811066,-0.5716210941097799,-0.4880228018238881,0.8149930476209509,-0.5676380556724507,-0.5100488661326879,0.9999973717349407,-0.5297243673112225,0.03671119072423589,-0.2423108717090055,-0.43256683497302634,-0.17515108103505475,0.5128101381459808,-0.5588816843795775,-0.17551648303326794,0.5011963075613998,-0.4702667259593086,-0.1507074497436501,0.4007089564995076,-0.3830889370702757,0.2141702964708341,-0.07947274141609918,-0.4761668912149159,0.03806486217828104,0.5142437045706962,-0.583379675582399,-0.014679760919856748,0.5378771851938224,-0.5117311974680183,-0.029704480124843394,0.4275412124287497,-0.41859766932172054
25,p,0.0,0.0,0.0,0.29771552059569456,0.03640977221283219,-0.2660424847599037,0.4249148840075601,0.1978338744774764,-0.42798162470905804,0.35249331387162675,0.4019532825825516,-0.5245924711991966,0.3013602930486137,0.6207525866518474,-0.6139085599653407,0.059988961331328326,-0.0007197439284317491,-0.5475139076728008,0.1169438374820688,0.10713098857036332,-0.7163627880970311,0.09324936632751601,0.2322270736119618,-0.7972661759072845,0.055670872783626764,0.3818411050676225,-0.850346615587926,-0.1430640316867895,0.12890706763889082,-0.4678527456798344,0.039116387406807604,0.5644766519392233,-0.6192381602490604,0.2074403107911156,0.8248691445829668,-0.637136952673533,0.3149185705566268,0.9999974832639951,-0.6547039998504594,-0.27306526610641835,0.27160147676635227,-0.3868219625942119,-0.05431133980668284,0.6743694590728123,-0.5394704917556382,0.12075782026247256,0.707102056855122,-0.5228349639325216,0.19344085635656694,0.6821495339173693,-0.495269506518448,-0.3394389171171781,0.3953419290690517,-0.3200294860210967,-0.17777607528144196,0.6816893058280761,-0.4268049903950446,-0.04636760497339746,0.6906496527086691,-0.412356071028115,0.011356893150002264,0.623970883075477,-0.3898114950555951
25,p,0.0,0.0,0.0,-0.04276098932758769,0.0229256995373273,-0.25049269840173255,-0.18067713407431166,0.08778056890006565,-0.3668774663239704,-0.3497155816342021,0.22610418738139693,-0.437713848400406,-0.5045496154548555,0.308712205706851,-0.504237823683206,-0.39687508167783203,-0.1988620751208201,-0.3070043003361799,-0.674232546396744,-0.21029405566716503,-0.4079138322599064,-0.8569143654713013,-0.21245640934415475,-0.4674746064306896,-0.9999984186271432,-0.20852352903499663,-0.504882778351041,-0.4526501109777458,-0.13939174070214325,-0.21152803431205328,-0.6931559923497175,-0.024670776734301618,-0.3493185106903606,-0.6732940749096707,0.13404745356855535,-0.3962625624136392,-0.5908572747287724,0.2297821963099448,-0.4003066661803122,-0.4742525341421487,-0.06398751490845739,-0.13109973654667975,-0.6827675329034969,0.02513593585534884,-0.26369200083655475,-0.6545226657676899,0.15847203058164616,-0.29538406466227446,-0.5769060357411326,0.2374781055126324,-0.28199490472804606,-0.4664683531022046,0.000437070485166355,-0.06719908550904101,-0.6164685966078297,0.059646595321687645,-0.17343931386103298,-0.6334330487224477,0.12688117538940658,-0.20828259508892913,-0.6015707328881379,0.17272173488981185,-0.20640532221469673
25,p,0.0,0.0,0.0,-0.03894731440456844,-0.16603456741636688,-0.24218906747867666,0.05972271531299443,-0.27145835577741373,-0.44244356318722844,0.30196179813424967,-0.3212441383038774,-0.5966262721011039,0.5365240324277942,-0.34261612666887903,-0.7603989182232362,-0.13368743549463935,-0.24432807784848176,-0.6188824051995471,0.11051217234386271,-0.3478462481396674,-0.7987363776932361,0.4196653926033226,-0.36591038889149896,-0.9154142532329318,0.6223456731650725,-0.3626401800928193,-0.9999986302071134,-0.05167164225986784,-0.11367338370795523,-0.5789794241494034,0.17034690599412575,-0.16228534142763254,-0.6919194633199339,0.3271885399667901,-0.1591528286390137,-0.7190914215412679,0.38608593650261264,-0.1466391066882219,-0.7798542663058903,0.08149987204439221,0.004373409799535059,-0.5327472845745553,0.26189891335703563,0.021308712700728184,-0.6646354051153129,0.3106715504409583,0.05779125627830417,-0.7025941903518932,0.3178230068401532,0.09440247398090591,-0.7509781923881492,0.2329928753505353,0.10645856999846845,-0.49566215255805,0.3023837447574306,0.13704831219677152,-0.6126363623215915,0.2970390330997934,0.1953088697889387,-0.6371166554307511,0.28633230082861455,0.25574578364803896,-0.6713247450502655
25,p,0.0,0.0,0.0,-0.3539638076653631,-0.10824961318513554,-0.223772592472886,-0.7367014287325618,-0.2972353152105085,-0.4021532639571705,-0.8849105487440372,-0.46533626244939597,-0.5657434537253925,-0.820423795597002,-0.6116035933936665,-0.7027717399329347,-0.5498089053101529,-0.8114256315443475,-0.3688377232993345,-0.6319865717645672,-0.8957517444899165,-0.6227756724659446,-0.6678672919691474,-0.9728317101484095,-0.7715313350587747,-0.6914464180797645,-0.9999972362405425,-0.8664010949483023,-0.09153194185519421,-0.896143232228471,-0.37827963660329605,-0.34159664987691457,-0.5755387841725348,-0.7000143582742787,-0.47453593602285277,-0.28231595059124726,-0.7898319248317083,-0.5624858433184002,-0.05769852214072828,-0.7937379066406155,0.32125559602924647,-0.8131078015600219,-0.4036911279518166,-0.00452315362144451,-0.33154118888423156,-0.6771621572713017,-0.1591379948437614,-0.0680939094740414,-0.6402619463274075,-0.2480391522745008,0.0937000739279846,-0.5586042592741073,0.6668530314994311,-0.6437601969117314,-0.4570615814087748,0.366788099253302,-0.2611621046114401,-0.65261394868899,0.24004787689425552,-0.07384465267163103,-0.6453970826750167,0.19999158948874426,0.01984833774162273,-0.5858110921410951
25,p,0.0,0.0,0.0,-0.3551534564528826,-0.056712435959589164,-0.28426334614359766,-0.670890466477001,-0.19658752210306937,-0.4998365948485029,-0.7075207590398911,-0.28440691009480357,-0.6878779887097026,-0.5945333356415962,-0.3663268869945107,-0.8491647668442526,-0.4440607518827185,-0.6534063802261361,-0.4503176680420881,-0.5210754686056255,-0.7659543583230799,-0.7539895468071848,-0.5224377029602644,-0.7393224063565346,-0.9216875262274358,-0.545211506427175,-0.6410289832216944,-0.9999979384358642,-0.0067505310863808215,-0.7098940094247824,-0.43091277114057136,-0.05412356400390553,-0.4779784949797369,-0.7672973206306909,-0.1289213628926779,-0.19022154021503263,-0.8471070384929282,-0.2098464516043701,0.027505313023337297,-0.8303679356746437,0.3371780700479103,-0.6325378739616297,-0.4352029922136771,0.24918370264782272,-0.30590234398671096,-0.7229830481924056,0.1195666000008633,-0.09655680780239184,-0.6848598396732026,0.02659963484267108,0.01713409671445861,-0.5926359840459213,0.6027147288912994,-0.4941191780517566,-0.46936351309584595,0.5131521822711234,-0.21114122549890643,-0.6695364234866874,0.352694590265484,-0.05262997221420362,-0.6497254121577775,0.25454048096787746,0.014950048958789196,-0.5765666321161411
25,p,0.0,0.0,0.0,-0.39688502753941096,-0.09996702954005666,-0.21679453427424858,-0.7298386004930344,-0.3511453847251017,-0.3783243439282612,-0.7270569997891163,-0.5686014560735881,-0.5278975655910519,-0.5087448600240726,-0.7095067307074161,-0.6524043188543917,-0.5468706102980215,-0.8682065639930947,-0.3091602549748133,-0.6651121875589782,-0.9637592764794434,-0.5886750323490215,-0.7162275572436362,-0.9999974716231432,-0.752872737290124,-0.7850497010800753,-0.9734929198040992,-0.8360984714761593,-0.08843659196955826,-0.9571434145857957,-0.3210377238887194,-0.1804841786278111,-0.7025531433808831,-0.6394356471612958,-0.24322236682467152,-0.3658283784448761,-0.7177449218829253,-0.3242763953656405,-0.10893717376861474,-0.7011846208372017,0.30314662852316765,-0.8855989716776743,-0.3555351486284665,0.1969818625752019,-0.5488396957536571,-0.6535849261909482,0.052928326827723624,-0.26310069591851454,-0.6035448977942658,-0.06797820701173689,-0.08661112647712649,-0.4985059963165043,0.6219951537789332,-0.7300673676537305,-0.41428309802603175,0.5302436985243483,-0.4262345129999768,-0.6248432259471725,0.3301211099857166,-0.21740468162398224,-0.5915909847813721,0.18095045372345908,-0.11042491382816122,-0.5052515004696967
25,p,0.0,0.0,0.0,-0.07660401455268083,0.03898026136940868,-0.2792137776173191,-0.23779062048364294,0.05098728103537596,-0.4020900331329062,-0.4240211489151513,0.08133003510904716,-0.46530178798993854,-0.5993146589221088,0.09616469421244372,-0.5213414610083535,-0.3755746453452915,-0.31075114310946833,-0.3348778572246658,-0.6706332822168267,-0.34781912658124403,-0.42799091520000654,-0.856473990790463,-0.3824026297566732,-0.48546672393212237,-0.9999982981805994,-0.4130354410469942,-0.5178881115024143,-0.4123292919601932,-0.31225133587241355,-0.20329245499761855,-0.6863914177672873,-0.19185010171438904,-0.31897720361531623,-0.6961321467060683,-0.03610778706932537,-0.34573471558086294,-0.6348909702835703,0.06064544079270813,-0.33735374079112557,-0.43989542907588075,-0.26880077496191185,-0.08571319252147858,-0.6685701684803554,-0.16071791931808213,-0.1974864417202625,-0.6703350593747388,-0.02816846610763243,-0.21666883990592462,-0.6221758235221556,0.04499421914549948,-0.1987232550242005,-0.4578220707209519,-0.22417852287829546,0.014065134879926807,-0.6110085953220541,-0.1457918153534127,-0.07339397715747184,-0.620980649836135,-0.05393532540938971,-0.09421497165339252,-0.5874498022878374,0.006266027083093663,-0.08386838880982225
25,p,0.0,0.0,0.0,-0.30730620921858315,-0.10210084580061257,-0.17114911044788012,-0.6333367482147361,-0.28636954661125164,-0.32481253663279747,-0.7659425825896846,-0.4410075729261082,-0.4685480944543488,-0.7097370509967053,-0.5856532322980333,-0.5892344921663663,-0.5178944320787334,-0.9012780906023975,-0.2992663214523316,-0.5808430625497448,-0.9164257465275325,-0.5291646798472925,-0.647100997499339,-0.824931198593863,-0.6569567837557235,-0.7291529714135845,-0.658834285221945,-0.7136516211347002,-0.18106973352477188,-0.999996975243603,-0.30526070044605136,-0.2961224439851886,-0.6145761802415195,-0.5429726944154442,-0.3616738693368179,-0.22584103265399677,-0.596216654961949,-0.420700255997653,0.10241229596469156,-0.5863812751277712,0.12563593126744532,-0.9252624575794386,-0.32668117000869745,-0.024979655330614484,-0.3972916887089056,-0.5157040381321883,-0.12934529821438787,-0.08826308345991511,-0.46532677126668953,-0.19816257826772993,0.1263587119955453,-0.391262570077226,0.3938102077286177,-0.7589498277841802,-0.37084399197221085,0.24014727733990943,-0.3159791272319562,-0.4828853489395214,0.11509791806020997,-0.09064705192279009,-0.44650084833863724,0.05134095947883786,0.03130862915690158,-0.38432070199172813
25,p,0.0,0.0,0.0,-0.36324018062636093,-0.051102824126449536,-0.2791192154696388,-0.679251269668467,-0.19306835867439046,-0.4841773473764412,-0.6637389848243057,-0.274696106834988,-0.6683066182556336,-0.5138068742904243,-0.38764520913258305,-0.8158069292760978,-0.4797987954083622,-0.6926654587573136,-0.41226279003151695,-0.580759976938895,-0.8112982822414347,-0.7379152462327513,-0.6384089586200791,-0.7854774502176852,-0.916976171914867,-0.7185278900029536,-0.6931358549585965,-0.9999978190027154,-0.01663721880237681,-0.7551390726942021,-0.40715700553473894,-0.11183391815701013,-0.576900804124362,-0.7614652157327721,-0.11010144056284166,-0.29339820701395164,-0.8501159525290235,-0.12646046456882615,-0.07638312626076019,-0.8402903463160697,0.3484900715257735,-0.6895735640909144,-0.43132540596706703,0.26563144138870826,-0.42439695169467234,-0.7141037216250942,0.16563939173065428,-0.2081844109300454,-0.6474214689104008,0.0819806265600401,-0.09246883037916763,-0.541795259638776,0.6456448832727846,-0.553807191088236,-0.4908890568345429,0.5736488499518608,-0.3061990025762667,-0.6810728344647523,0.4257326767100607,-0.16399316752312426,-0.6456895113065059,0.32754174336229447,-0.11782778104236491,-0.5645359942754593
25,p,0.0,0.0,0.0,-0.021793199815502175,-0.032316355595971916,-0.23640509380938904,-0.13119157470957846,0.001568330273414465,-0.3761441945661657,-0.31925497582200824,0.1421534992018606,-0.48233619484094825,-0.5084945796191098,0.23795436598710204,-0.5853583770523567,-0.39182514176895145,-0.3296861099272323,-0.2895539591386381,-0.6661063246301868,-0.4056852087868043,-0.44500825957521084,-0.8733473760146994,-0.3963175463120372,-0.5573329147380225,-0.9999969787328332,-0.36740221098747483,-0.626445874968005,-0.4979001115423636,-0.20336520106965073,-0.2316628936375847,-0.6973818988717899,-0.12671942934157124,-0.4127513759131918,-0.6577308665099891,0.03738871279097309,-0.484021082901648,-0.5725047038506952,0.12987607894114434,-0.49679944503147333,-0.5403268759918715,-0.06264947301292058,-0.19126711148970182,-0.7046602101105112,0.05340948836153739,-0.3486059429022762,-0.6120521893176499,0.17221271257174722,-0.3510293904455619,-0.5047828286223843,0.21192321686750074,-0.31528416946754473,-0.5308869107722685,0.06385475886892736,-0.16945653380402115,-0.6422470040993956,0.1747940015990894,-0.2923623985389999,-0.5765153001900238,0.25363586790568415,-0.28761893779630177,-0.48187456381055854,0.2739629337309459,-0.24863332929505347
25,p,0.0,0.0,0.0,-0.10360836168815557,0.06399800346254932,-0.12487367839546504,-0.2578890504215467,0.12212742709364234,-0.1978158238516341,-0.42459180945982083,0.2258391873299006,-0.26437166356136343,-0.5655347558189073,0.28570677909862935,-0.3222713312614211,-0.4269647810013675,-0.21536007126602688,-0.11239217906283337,-0.6857209044989002,-0.20004820426181974,-0.2112978340137798,-0.8156479672907532,-0.10927936147388563,-0.27005728494080816,-0.8609599929427748,-0.03301865888837497,-0.2942719219506888,-0.4671462611912104,-0.21920441922952122,-0.09913513824982643,-0.7019504545653609,-0.08482702930085238,-0.2230884106737876,-0.6742265722204298,0.07870958910645846,-0.2833078423967167,-0.5973739674114203,0.17306269145163827,-0.3007263919749904,-0.48280468929343434,-0.20227822772957121,-0.10270072280593083,-0.7066340568706677,-0.06838381124601095,-0.2324902839629082,-0.6650973350949146,0.07268197325855247,-0.2758231575029477,-0.5836791062267318,0.14533914427217914,-0.268813653457064,-0.4799596371846182,-0.18815552781991313,-0.11474014935495525,-0.7201030165272486,-0.24472308035162657,-0.20033098934466395,-0.8820241373596647,-0.26265962816682975,-0.2313003836938892,-0.9999971884282406,-0.2802268236319221,-0.23475181298502484
25,p,0.0,0.0,0.0,-0.34375094256871364,-0.15465929840454104,-0.10765954548361269,-0.6741492169176906,-0.37147664405495606,-0.19036538474341497,-0.8156819470398424,-0.5277028159508167,-0.2672406591432263,-0.7731649783055661,-0.6664244288003552,-0.3280965030966466,-0.680445308869314,-0.883769495221444,-0.21127588066829905,-0.9244288905449538,-0.8458194120411645,-0.34899586986988684,-0.9943367144399207,-0.7540707784389895,-0.41880512788958757,-0.9999968945333718,-0.6142267177629462,-0.45076546000756834,-0.38258367622074235,-0.9813670186068987,-0.23227281840304095,-0.6151519412888011,-0.306923769965527,-0.4449817717821523,-0.6635682858955195,0.08290250825974642,-0.4866147017929151,-0.669194685196039,0.36921388622924584,-0.4645572322603568,-0.07861567936166994,-0.9170020675312986,-0.2621793708608992,-0.28566917270332887,-0.21346397723866162,-0.4064414039516876,-0.4204451889384587,-0.03877239097534,-0.3543593111487163,-0.4928675069790643,0.027785581412343052,-0.2887363494618265,0.17985097767032673,-0.7727324916059242,-0.31046415547541967,0.05359447741254168,-0.27002052116565606,-0.401833935171114,-0.05810046498914415,-0.10229805130929612,-0.35728782824553157,-0.1200016856586205,-0.055427154841668186,-0.2883722110240476
25,p,0.0,0.0,0.0,-0.23010162795387717,-0.10727605411819323,-0.09177902809910951,-0.4553795636615006,-0.27398496657708404,-0.16049630959166353,-0.5692061435319565,-0.42342882096441026,-0.2306453387459253,-0.6153817704895218,-0.5294515315567822,-0.2968558634636766,-0.43400777659891254,-0.7245729106459734,-0.10148721118721761,-0.537645397330843,-0.8428826548487917,-0.22960139130065155,-0.6407925853546835,-0.9344359620582446,-0.3207923821086842,-0.7412941280688172,-0.9999976604789659,-0.3769544572862864,-0.259931984767817,-0.7950989329268549,-0.1261021274645294,-0.41844033802927805,-0.5984720913649482,-0.29679921339610155,-0.5137443677743225,-0.3505868741978991,-0.360026057493228,-0.5832175006146484,-0.1662467873537983,-0.36112991456381116,-0.07787463418514197,-0.7478495693038664,-0.16121442327903537,-0.25341231151389526,-0.388254462822027,-0.3134499058425118,-0.2848579447776961,-0.14001470338590796,-0.3007896441560908,-0.2899249359910923,-0.0025435008801713826,-0.2501358032105297,0.08887178933387858,-0.636185557828417,-0.20808496354245176,-0.07438080663291094,-0.35533683420235507,-0.3036158724504369,-0.10986027332385859,-0.17728201134794536,-0.27713245392120345,-0.09921215231454462,-0.09279831881764315,-0.22347506125439115
25,p,0.0,0.0,0.0,-0.35213431325744926,-0.35252347324557715,-0.07361137301619006,-0.5510416007893907,-0.5632950896155738,-0.14181644781045993,-0.6337326334667379,-0.7390071998551299,-0.2173694065555681,-0.676375377365837,-0.9045558174047432,-0.2616897612034884,-0.6879670458122104,-0.9627473658294955,-0.19078106466669784,-0.8986519705848517,-0.9999972216931152,-0.3804383090808301,-0.7561828173311539,-0.9548251862711772,-0.44980119176477873,-0.5970845265847605,-0.8391940375987331,-0.44914148278490446,-0.4217671239331632,-0.9978956749572271,-0.21923023299879993,-0.8490344032985333,-0.7530224242275678,-0.49536710677470075,-0.8184207602324628,-0.5677121382808231,-0.5790471440218764,-0.7307209073079195,-0.3658880552378643,-0.5797302854010358,-0.16473953737429595,-0.9145347489003163,-0.2615729511070519,-0.42799384934320467,-0.5333080769303867,-0.5745891093578775,-0.4870562467413899,-0.23398443006184413,-0.6074556575552188,-0.5155081474734087,0.03931940040048425,-0.5399254700153601,0.09456206831519787,-0.783587794895111,-0.3087936447664917,0.10685372794021658,-0.7647475662698693,-0.6000388891814818,0.06043207495640053,-0.871226127421531,-0.7017140568796806,-0.05919967979399717,-0.9569585282060954,-0.7087754890642577
25,p,0.0,0.0,0.0,-0.2609104178154863,-0.061810337530972946,-0.16751284150528897,-0.5456141930529779,-0.172588382140773,-0.32488755987991674,-0.640820379637876,-0.24698440117103454,-0.4768008966656716,-0.5292172466020281,-0.3170642173186544,-0.6189885180809597,-0.45939466843870846,-0.873499843942641,-0.30707057786338715,-0.5862559640399521,-0.9135231839853367,-0.5246104547522613,-0.6137657359283961,-0.9772234981223092,-0.6607980724416057,-0.601574293317406,-0.9878605296326624,-0.7396216678038914,-0.11541102595400701,-0.999996767238033,-0.32571510507323037,-0.29912552897865385,-0.4495408157951633,-0.6158397613686397,-0.3613014912850649,0.005475026281579479,-0.6948948709167956,-0.40629636483557474,0.3762969724406498,-0.681775300170316,0.19356609158855495,-0.9209937315215304,-0.35338391651320394,-0.05533641858226782,-0.24329433673781894,-0.600303213351695,-0.19036622448272508,0.10048563492335787,-0.5627656882348137,-0.2757312758075715,0.36245467857086355,-0.4716057973366706,0.4616306156820198,-0.7447577725696678,-0.40071064757420527,0.23017712641479074,-0.24035363449257627,-0.5595732396026883,0.04786302890355099,0.008249920822334954,-0.5203031636724466,-0.05480700932244381,0.17091816577529362,-0.43653298785026196
25,p,0.0,0.0,0.0,-0.13465543295541912,0.04604133796350936,-0.22516457143115745,-0.3269514514277496,0.10417062853192238,-0.273740586380882,-0.48481112399187465,0.21353462469497944,-0.2678989136950392,-0.6193696607166849,0.3007767974679806,-0.250206291346728,-0.4945312435996238,-0.20124743079984816,-0.14516907724757397,-0.7408189906676022,-0.16704855246290823,-0.150825225753429,-0.8853399720546529,-0.1407390294253998,-0.1655586904400656,-0.9999985826948644,-0.12857170976848473,-0.17680378522732113,-0.4870475092690402,-0.17059303685329363,-0.010626401261470643,-0.7174073576446461,-0.025229429963009913,-0.03364377032255561,-0.7166027049885436,0.1192360071593282,-0.06749711792607484,-0.6485192908378509,0.20657490720699992,-0.07938657370285401,-0.47304663753082576,-0.1139075592555313,0.10988009119531578,-0.6614514740274013,-0.005460064579724226,0.07299055786188126,-0.6531711969257531,0.1294496470628202,0.014623841961187276,-0.6042639860979971,0.21277356267095554,-0.005920423993442795,-0.44781256127951286,-0.060593766362269035,0.21603908824674123,-0.5648910011068875,0.029007200265188174,0.1733902060083954,-0.588998648117626,0.11577080534298503,0.12433533825032071,-0.5750245558956304,0.18302295627729473,0.10665398315114417
25,p,0.0,0.0,0.0,-0.3563176076878257,-0.05719743438280451,-0.16693776112875827,-0.7406295333059687,-0.1276245108853685,-0.31955344605977404,-0.8659174658147033,-0.18897134749574926,-0.4656725244766997,-0.7939054979796758,-0.3057312965898108,-0.5886991636477146,-0.7931554728568941,-0.671859724812352,-0.2718946925842632,-0.9467942885299208,-0.586172138252871,-0.4993718030545438,-0.9999972117585886,-0.42537168783500284,-0.6434161388096467,-0.9819057848079282,-0.2472005857728126,-0.7128194717366877,-0.4274397828112704,-0.7508884909431839,-0.2956241047504801,-0.5764520586259859,-0.42017045556043225,-0.5197804469976581,-0.586876709825668,-0.14349536157233558,-0.5784027712312159,-0.5514189106782618,0.06604799673905058,-0.5692698899790413,-0.055315391506017185,-0.6972270436033363,-0.33572655869933565,-0.19609492424078642,-0.25034585509725416,-0.5084224607460057,-0.2138942685073588,-0.09544273272767057,-0.442358260273414,-0.19300765597281525,-0.03510185713395222,-0.3570051353934362,0.2773244897707844,-0.5675429966368528,-0.3992504292330222,0.17357023888933668,-0.20643972011773495,-0.506971603373552,0.09636709340414114,-0.08901641510131954,-0.43658632419391713,0.07294430573416442,-0.06914390699824371,-0.34357577187077337
25,p,0.0,0.0,0.0,-0.09237820761926459,0.007809694590361228,-0.21997326334537678,-0.2806741505352279,0.0261875204188934,-0.3034011099372049,-0.4852018336850215,0.10184065435713455,-0.34592407030172156,-0.6491362464178826,0.14712132194593133,-0.3794386500755507,-0.4045260108924719,-0.3089028411311475,-0.1985104166799754,-0.6849094861511501,-0.35253768609596686,-0.2669641251846391,-0.8688234172129793,-0.37185999382475615,-0.31248744766761954,-0.9999979603839815,-0.3868002896994114,-0.340632254557634,-0.45751595576572024,-0.2574964747406832,-0.1124071965447719,-0.7089948079577065,-0.19566713239444045,-0.20687608396313503,-0.7042658336446546,-0.060176711769322315,-0.2444825473821957,-0.6268951504353576,0.013082697285914277,-0.24473220778152835,-0.48966189385682385,-0.1880771158570802,-0.044675252622657625,-0.6937109536006049,-0.13237882141838875,-0.1407364716061601,-0.6781151491140064,-0.02084984217038157,-0.17347348589742462,-0.6126013669491136,0.034661962985906174,-0.1658443996122596,-0.48794057589753176,-0.12234839689212888,0.006557373251077383,-0.6460521221641018,-0.077017399079789,-0.07310948109253027,-0.6611718562270412,-0.015485418392450693,-0.09904920266172386,-0.6280976051239202,0.02643734797778494,-0.0924897703937618
25,p,0.0,0.0,0.0,-0.17485379653607316,0.03274763292044701,-0.19793391883723893,-0.40232317167698733,0.04474616064284444,-0.2612827923406386,-0.6092686612787962,0.08447138632293799,-0.28248456921002424,-0.7683113804529164,0.10102391507861226,-0.2939026230262056,-0.47799350453242834,-0.3401245957997797,-0.13543137083223827,-0.784550015509919,-0.3348803634824424,-0.14842785356047775,-0.9394205281001343,-0.2779049365844551,-0.16805301530498157,-0.999997919295779,-0.2264873876632049,-0.1755886499191858,-0.4466919405675371,-0.3454112738375321,-0.013593751827684053,-0.7175090309359572,-0.2501045089531674,-0.026230889598471106,-0.7396340099755965,-0.10981752736795032,-0.04564714995519648,-0.6946926424257156,-0.017567381436918935,-0.052154119201198494,-0.4191837652084421,-0.31233601204372835,0.0971705336901293,-0.6366392988615865,-0.22132370609943816,0.08552250096147287,-0.6602375071570618,-0.10413581578468475,0.05375177458927352,-0.6314943442628532,-0.016252029177688705,0.04163256800983788,-0.3886509989670063,-0.2696583749094358,0.1943653657614641,-0.5553970118007245,-0.20936232225801749,0.17978916741744322,-0.6037181624704001,-0.13239716239310137,0.16156800096698812,-0.6105744640260558,-0.05938562450367089,0.16138857555863045
25,p,0.0,0.0,0.0,-0.16234461873634246,-0.13869160556719415,-0.10980758363765143,-0.37869889121447575,-0.4257070998816428,-0.19294076630699245,-0.5542686753580558,-0.6401542012057984,-0.2721462910046502,-0.672508057986096,-0.8078747249550958,-0.34627522782977954,-0.33820756835143856,-0.7933741263430582,-0.2058911059056535,-0.46268954924606165,-0.8848787403653738,-0.33925367448740457,-0.5786181343437341,-0.9720575008098262,-0.4141474367737971,-0.6768753584332439,-0.9999974198030482,-0.45740939441826195,-0.0911209036740233,-0.8427085886087307,-0.2167775605848419,-0.3294297904309773,-0.4661713938494045,-0.39311588041499684,-0.41238400759493615,-0.15433429996039674,-0.42771086707525086,-0.46900915871781795,0.06700213227248879,-0.4182554828242981,0.141118592744109,-0.7456368680141355,-0.23340894351575386,-0.10393752136974237,-0.2969766610936365,-0.3875989868401994,-0.16047035901103598,-0.05589898505592801,-0.3550750364145265,-0.18151587196867694,0.10823538485406294,-0.30327475456194164,0.34222726105721246,-0.5873191317466061,-0.2640792038590398,0.14827613641733672,-0.23791425719634546,-0.3772226208574835,0.05827345235951949,-0.03537471069465982,-0.35233070001769123,0.0331012845529233,0.0827931587822958,-0.3042532351740526
25,p,0.0,0.0,0.0,-0.05713778743219655,0.052533067525329845,-0.28541880534619934,-0.22422794072823254,0.07316735440051818,-0.3976972068068612,-0.43040858973329554,0.10158429390154838,-0.44746775075977585,-0.6188837527048375,0.10386608221625289,-0.48347704508460004,-0.3132001565048035,-0.31261238380534384,-0.3135670759994129,-0.6406354001072742,-0.33418290340642826,-0.3975235854220078,-0.8488907009069021,-0.32126314335545314,-0.4506462515318915,-0.9999986385213947,-0.3047574261297687,-0.4800703492509243,-0.36874009160338694,-0.30515567195644244,-0.18115360493594987,-0.624656795620695,-0.18386224686936317,-0.2922620603786484,-0.6285608219788272,-0.03482587733238746,-0.3341356310112073,-0.5640991659821438,0.05370650301258453,-0.33793373574625934,-0.41937586163964247,-0.2587925947664656,-0.06478316167147571,-0.622342465976088,-0.14768310465554702,-0.1775258755678059,-0.6272682170577527,-0.024790569402900867,-0.21707704208611878,-0.5865167745412994,0.044187149635516,-0.21231896811894505,-0.451601678597781,-0.213119052938536,0.033316699338508095,-0.5820526883619163,-0.17917576788549722,-0.06184693049185534,-0.5958804407826627,-0.11258334455901814,-0.09457236540272117,-0.5758169661631692,-0.05419584021785049,-0.09070722025329095
25,p,0.0,0.0,0.0,-0.4316558692041677,0.035677898501282196,-0.2647167957129702,-0.7756562053519237,0.017546831169098127,-0.4962950352826629,-0.7546357505210918,0.05006523484796159,-0.7003917341781062,-0.6222979715807422,0.08521043677945953,-0.8959392464226004,-0.7229687012138322,-0.49394654014726547,-0.5175987314285289,-0.581906917669858,-0.20103466734612235,-0.7519695519233348,-0.41838854528486163,-0.026182294555758833,-0.8992808961169518,-0.26311985926038906,0.08217947391291971,-0.9999969606647123,-0.27731616396862685,-0.5530252255925169,-0.5056475693026677,-0.18769968072699839,-0.04750247612514134,-0.7071712287304055,-0.11995953565031021,0.22813742824130434,-0.7760788950511397,-0.07243595455989771,0.4045378004157204,-0.8301354139751042,0.12653984643165975,-0.49871694164292485,-0.49926752924326906,0.17525173670401406,0.04336409134699086,-0.6967860912593651,0.12621530097858427,0.27443773655924,-0.6901652009739748,0.07891617526989687,0.3992550373919222,-0.670985497663489,0.48053569340619046,-0.3907443469222616,-0.5197660211454525,0.5162492801320084,0.01490843877245202,-0.6603519013094493,0.42046860718394774,0.2078630746934707,-0.6420082897669271,0.3390009050182419,0.3010772751694574,-0.6097201838314196
25,p,0.0,0.0,0.0,-0.40445582021511617,-0.17421159570001507,-0.17104128698892784,-0.6980184185957864,-0.4370714338626474,-0.3072297574007452,-0.6850743572144115,-0.5908647006177873,-0.44254808874588064,-0.49696430491087196,-0.6535275118222503,-0.5545395016201456,-0.37036310830018415,-0.8823998016700639,-0.2502874939170673,-0.45793655574605974,-0.9736886459269001,-0.5259952022865987,-0.6088104999226494,-0.9999977278139931,-0.6946856074060307,-0.7974706804215019,-0.9559532415386846,-0.7788576590800481,0.12596093786048035,-0.905370497914021,-0.28519642569933146,-0.06611546830618974,-0.6515105782553621,-0.6107188042007472,-0.2467572798076006,-0.36040398670824797,-0.6897899133961157,-0.4020527676219262,-0.13813255803999214,-0.6692015485208576,0.5225888753673492,-0.7949592138400432,-0.34350490181281473,0.2831823483733411,-0.47342079547093346,-0.6191131347615048,0.06475504543028628,-0.2526664854742427,-0.563887313231384,-0.08615411128465426,-0.12151427143095937,-0.4595642770382787,0.8312638826111916,-0.6166857164084107,-0.42545399271238116,0.6010800611426462,-0.346194576304517,-0.6095901069137607,0.36486013343655577,-0.19196921107395953,-0.5693250433244333,0.22816614302103813,-0.12151318796824088,-0.48018920878028587
25,p,0.0,0.0,0.0,-0.0954305756277055,0.0806818923826857,-0.1380727869802378,-0.29163065095002455,0.12238948218819552,-0.20365028654018166,-0.4971613279461908,0.18292215276914747,-0.2610469471757205,-0.6732258735756218,0.2136058834402183,-0.3114323566688962,-0.3963048263099532,-0.2520407739793249,-0.12526619031450797,-0.677767660180666,-0.31180554545584405,-0.2287864489388472,-0.8779658312859457,-0.301234239043984,-0.2925871299520534,-0.9999976071305459,-0.2683151289777098,-0.324456012482018,-0.44986307894759836,-0.2581423199837148,-0.10933629525754086,-0.7191057056734743,-0.17434918111809872,-0.2606766362475497,-0.712085932619616,-0.011716166387952545,-0.33508133854205857,-0.6311952355770325,0.08731400760484859,-0.35169378879063995,-0.478177646909952,-0.24749998575721738,-0.11024437802324212,-0.7272930162587009,-0.17964332057899043,-0.25768708551329267,-0.7160593540814275,-0.03348847359244357,-0.3030042931697983,-0.6407156726349807,0.049790212808519974,-0.2889665833735544,-0.4753510821901063,-0.24085360792167348,-0.12181667921284724,-0.7086296735189993,-0.326572912724393,-0.21377684901028882,-0.8738393719825561,-0.3512189938990208,-0.24299709292233568,-0.980171148269624,-0.36583389383052684,-0.2398139628679651
25,p,0.0,0.0,0.0,-0.038660166822830154,0.051358572193589594,-0.26968994731498236,-0.19891856465185007,0.09553380679654987,-0.3981297650357862,-0.40133132958810835,0.18419119487145327,-0.4710527869515469,-0.5915163795644266,0.22707290928343402,-0.5389893320710902,-0.33502692371036613,-0.2522009941461371,-0.36602045988641807,-0.6541721327055249,-0.31251704470959846,-0.4827812813370127,-0.8574003943678311,-0.3260263636475859,-0.5579034938195855,-0.9999974369118172,-0.3330300414124691,-0.60340074058419,-0.40445964102671567,-0.23027424571924085,-0.2586690162653524,-0.6906662986699981,-0.16910511652740703,-0.3965759596168178,-0.7467808147711563,-0.041780228575561386,-0.44673867109528514,-0.7326555192877539,0.0463209167905483,-0.4539427474795752,-0.4608807704529355,-0.16510218561397297,-0.16214841718185502,-0.7083947208457654,-0.04531995490424878,-0.2782527775174574,-0.6884118428464141,0.09368282172109124,-0.2858547293768133,-0.6140563546414459,0.16428363344871155,-0.2605169459015977,-0.497195123819702,-0.08593697777128079,-0.08462060966535945,-0.6729323767036467,0.0030364954902456043,-0.178313676656063,-0.6732614475069265,0.09072928140548858,-0.18338543839932353,-0.6148076871440132,0.14039559859075404,-0.15960176588699762
25,p,0.0,0.0,0.0,-0.0983878899198305,-0.05806448790529999,-0.19992406059245235,-0.31144055185040226,-0.11251793647018302,-0.23993809768469487,-0.5219738347731199,-0.06472362299101762,-0.23743198599486534,-0.6807788327098704,-0.014832932122291635,-0.22225747336157187,-0.4441567803086789,-0.37986558014316896,-0.08090509418346266,-0.6906412488192716,-0.41403439329653796,-0.1243902109965892,-0.861914279440437,-0.41983506939231047,-0.1690413433441596,-0.9999976320355295,-0.41584347679419453,-0.19663911146353513,-0.4873267983187223,-0.29657649798742536,0.005820111971032631,-0.7062077648291443,-0.2612708238781173,-0.04951236147047071,-0.7177393930302198,-0.1465200260127381,-0.09662689250662404,-0.6769759112539813,-0.06487669114418389,-0.10760747712057206,-0.5055735948529171,-0.2016024019086574,0.06919744731807514,-0.6854391898785165,-0.17603515094189348,-0.003062618227715339,-0.6906706768597835,-0.08171821053038429,-0.05864283446433385,-0.6671878062396857,-0.025842477244932886,-0.0680373394367827,-0.4867496699846542,-0.11065606598379045,0.11700946084618752,-0.6245403653039604,-0.08033121123009397,0.058830065969752,-0.6412052458762488,-0.029298260736126354,0.02834528666466148,-0.6297541390042478,0.004937136005307338,0.026299415943551396
25,p,0.0,0.0,0.0,-0.3735989195191715,-0.11967466274526727,-0.22168205170889208,-0.6693894960544806,-0.380667057345968,-0.3770100805638957,-0.705857142221126,-0.5870403604417457,-0.518613940243823,-0.5844218938666267,-0.7462439791218444,-0.6295993086603726,-0.39712659311297294,-0.8097428153339241,-0.3445179059819436,-0.48245874781062004,-0.9999977518190774,-0.6049016633837911,-0.580536773147483,-0.9553215435894311,-0.7303982451206865,-0.7047030497783425,-0.822657260520951,-0.7737265939789844,0.023028516049607674,-0.849597630693747,-0.3350308640961866,-0.14471260616506493,-0.6304925941724212,-0.6423944250438816,-0.26557646988374095,-0.31668993440513293,-0.7023018394757402,-0.37339195339111586,-0.07152706504955068,-0.6685528263981158,0.35653335959280646,-0.7689578249155721,-0.3479814228290283,0.15918750493655798,-0.45015889963546096,-0.613756852219814,0.013787267378733207,-0.21076086440873465,-0.5704620038678379,-0.0845731002254093,-0.061217619234101545,-0.4723018687899804,0.631039858443693,-0.6332803053054776,-0.38475998719484567,0.4725370368553386,-0.36240499333581605,-0.5680240380207804,0.2930516421394571,-0.1790402399878783,-0.5445334159869707,0.19354026413911263,-0.08321311367077236,-0.46540203750694425
25,p,0.0,0.0,0.0,-0.12368283690147051,0.028701017114526543,-0.2301747890085163,-0.32863276496139576,0.027217591938969252,-0.32398715492219066,-0.5378397214743242,0.05993109827352067,-0.36805337491053824,-0.7135389894672357,0.08203500175012755,-0.4064030211924143,-0.3909606126417388,-0.34686554541314824,-0.26344641953136616,-0.6833637459144742,-0.42505540137261977,-0.3274155979121426,-0.8604359070552773,-0.4542797162559422,-0.3689907262436894,-0.9999975307327523,-0.47703577341375697,-0.3934270983507098,-0.4100108296869078,-0.3438654324278759,-0.1497247664939852,-0.6904111561417994,-0.2846519828452985,-0.2360411917484949,-0.740697488717646,-0.1215248131256387,-0.26808690654839035,-0.719623549461552,0.00201150628776084,-0.2699384467941149,-0.4305038502836184,-0.3025003296668738,-0.04516506042906954,-0.6611872827978684,-0.2462980315543556,-0.12162278035262976,-0.7057029898867371,-0.11019145361516883,-0.1442891958152379,-0.6949515057043321,-0.007804576693805367,-0.13780226465296574,-0.44074462056988456,-0.248323078383455,0.04429687305283014,-0.5995479422086313,-0.19561527019486347,-0.01641938459468497,-0.6412151315033006,-0.10723983637306012,-0.03237260870294441,-0.6400789034692395,-0.02319369628466462,-0.023297044772989266
25,p,0.0,0.0,0.0,-0.06546307350635817,0.08778827280103528,-0.31995317291766046,-0.21052498444464016,0.178265263952617,-0.43021284899527207,-0.3457000589073805,0.28593255356721725,-0.460570517804167,-0.4988705599249625,0.357516245475597,-0.4753820486083674,-0.44802276615673653,-0.14510425847104036,-0.3596392638612974,-0.7101357512438501,-0.12796483829376357,-0.4128677283024686,-0.8742229912330455,-0.11643156649243575,-0.4355799175504313,-0.9999985320791236,-0.11628378760229344,-0.44357030201659803,-0.45353923225773235,-0.13644838777727014,-0.18066195545614086,-0.6764398894239431,0.01930347534562174,-0.23712691102115457,-0.6427963058082161,0.18838921161364458,-0.24572041972324396,-0.5459930394865373,0.27198595362062594,-0.23547155121532434,-0.4625145030926893,-0.09605767851093425,-0.016764330591510255,-0.6427703635696566,0.013543948405777289,-0.08379454443414491,-0.6030623770266956,0.15359651369733507,-0.1245189045738949,-0.5361563813375182,0.2256129553929522,-0.12927063241738482,-0.4626055415386296,-0.060401930877417125,0.12844394017896585,-0.5877418883752734,0.0037951351387610402,0.07757525153436204,-0.5979035463392325,0.07941579809611701,0.039844343553331586,-0.5698307194114364,0.14262815273330967,0.028818692567748463
25,p,0.0,0.0,0.0,-0.4456097274609267,-0.09111357650157371,-0.24397324718825342,-0.8331932222739301,-0.3293010176957663,-0.4412817224372651,-0.9104473153047858,-0.45907144943712713,-0.6301776101142632,-0.7813090326309359,-0.5012611275296525,-0.7997474089443204,-0.6244361344984399,-0.8399794058731451,-0.4347552702052206,-0.7318998600957988,-0.9743875818563336,-0.7576665901019516,-0.791225004718442,-0.9541142474404518,-0.9284653928570189,-0.8918396975088784,-0.8405845952669844,-0.9999971463200727,-0.08830475270866606,-0.9165377777353243,-0.44572551861660664,-0.23684855746355565,-0.5669186487524205,-0.8206745792314551,-0.33011729197936235,-0.17107988074082314,-0.9013633516973297,-0.45364566627971287,0.14110582639536204,-0.8705067720089976,0.3583565721180311,-0.8182845227335388,-0.4757494100875301,0.17864151640482545,-0.35263652880003726,-0.8170516073121811,0.00783812115014224,-0.04166545276598999,-0.7695308025821042,-0.13920470164692414,0.15897201064215608,-0.6471303972152121,0.7209357775403786,-0.6485011726713386,-0.5310396610892325,0.5934901711601746,-0.276092147052429,-0.7585199445676323,0.3703351718571372,-0.045554449477834276,-0.714692274945407,0.20931244004386712,0.08297345597853611,-0.6077998052725027
25,p,0.0,0.0,0.0,-0.026548454360921455,0.025894063490305024,-0.3014427278811426,-0.19401582118021726,0.03085086434982259,-0.4249292249620894,-0.42902079280931427,0.07284584487375427,-0.4883102641893929,-0.6357582454953374,0.05946633864861881,-0.5357467300595676,-0.27680084781287323,-0.4025087041020837,-0.3032434958742122,-0.6132653251042317,-0.47369413713434977,-0.41842354314386004,-0.830765722735979,-0.4646703962797774,-0.5021414776483663,-0.999998398649798,-0.4379908919384948,-0.5522091560521295,-0.36119808509249274,-0.35459208752090604,-0.18065726347991276,-0.6478849024544706,-0.32266094372627063,-0.31857705943579673,-0.6880629842885512,-0.17494351526194066,-0.3950291888292101,-0.6471039476552606,-0.07085327430564041,-0.421796767729399,-0.43073255562635554,-0.2847668349293809,-0.08006974606097601,-0.6616446731528464,-0.2527123724350902,-0.20733531224056867,-0.6656938121126955,-0.12347074817580503,-0.26363256552105385,-0.6126489225017753,-0.042537029204537086,-0.27140021188068564,-0.4683449499170282,-0.22257059060828535,-0.0012657220028272666,-0.6386381475583004,-0.18590179435537732,-0.11143543257509081,-0.6399566649863481,-0.10363676793612833,-0.15703513465915617,-0.5854555266133225,-0.03854711567281188,-0.161465218158604
25,p,0.0,0.0,0.0,-0.26468243200923525,-0.15247264599221716,-0.10159240071515228,-0.53030559201188,-0.3216686436883038,-0.20836900685720255,-0.6247750965581038,-0.5160945312300074,-0.3203335485588247,-0.6137396065772501,-0.690186295574122,-0.4211471357395743,-0.5236378052957293,-0.8652688583520114,-0.16440286345380906,-0.5979944260857673,-0.89854141133144,-0.3733763403807323,-0.6161842454068798,-0.913202141497187,-0.5120732578173336,-0.6360151650632513,-0.8521293576073744,-0.5780294442008984,-0.28668922359555327,-0.9999970576441569,-0.1956416226661661,-0.35604542087140595,-0.6674579108988996,-0.45525733824892883,-0.36401749433009695,-0.2757102930438336,-0.531664874090594,-0.3843891484357004,0.07598114789722514,-0.5159179398183629,-0.04133389387821023,-0.9863051159637929,-0.24134602585827666,-0.13761303708960848,-0.4867864873212383,-0.4506323991929631,-0.22177995662970984,-0.14479634765673366,-0.4273092197769412,-0.28050714645765534,0.10529559310572566,-0.34815749935382984,0.17745972489322653,-0.8791144312259299,-0.30202010961721354,0.10093613261053988,-0.4812859293821452,-0.4039062871813885,0.003909528044199184,-0.2652658271751705,-0.36600208693463165,-0.06505763681715299,-0.14164532978619146,-0.29659952408024476
25,p,0.0,0.0,0.0,-0.13341587129326848,0.02680252973522836,-0.2134294923424821,-0.3447661909073188,0.040476420203924265,-0.26444319018532825,-0.5381495049915956,0.10700609842313641,-0.2696056213884833,-0.6900633909488745,0.14370987588573775,-0.2611351514891701,-0.45847104019024765,-0.2908613532753838,-0.13251098342357845,-0.7158528233400109,-0.3229230271181221,-0.1541087175930288,-0.8812211213939958,-0.3282963393473846,-0.17432598432884283,-0.9999980573800822,-0.33914265828139556,-0.1886631441113618,-0.4820854888095772,-0.23664944276425207,-0.025165327831405213,-0.7257608447338367,-0.180428242783776,-0.07060291414111555,-0.7278167972387453,-0.06616864758673272,-0.10304323304383997,-0.6609395199307893,-0.0053370702190104445,-0.10747816812786297,-0.4895092535581669,-0.1658107863676539,0.06453553092577478,-0.6889538991206455,-0.114113006107653,0.00836556584387745,-0.679257829802751,-0.016364714993452024,-0.03682187243740352,-0.6239907325841834,0.03160673819327974,-0.045170351209156905,-0.47327873821290073,-0.10023231618109683,0.13848410351160784,-0.6298747908429092,-0.05103697146604319,0.0878030100599731,-0.6519414856250506,0.014105668284127534,0.05421281061911216,-0.6221715689321999,0.05772530130052349,0.048628096312476506
25,p,0.0,0.0,0.0,-0.26013454217211884,-0.06208692521362232,-0.1737999084462733,-0.4273140654808186,-0.12196131223852963,-0.376637451491733,-0.4386676029215697,0.020856755389599267,-0.5774631308642102,-0.44820559807493215,0.1850728973155584,-0.7796694222029701,-0.009487623218900874,-0.561232852171094,-0.36623543176073997,-0.20726639851388926,-0.0711392354186577,-0.6608474343433346,-0.4103664687923263,0.2900818770426977,-0.8774345541964129,-0.49623272616281294,0.5550755648546438,-0.9999967897404567,0.3118942162526241,-0.47769303192185136,-0.4004579470385348,0.0434103704745652,0.06067153604282539,-0.621854151534846,-0.19106328275229684,0.41660144273894323,-0.7157769525502995,-0.3044403180305889,0.6581236268824013,-0.7690471149523231,0.5383672946505877,-0.3146292257311676,-0.4476314071715875,0.23006694610188524,0.16451320718047613,-0.6670074483456958,0.034607958641445564,0.47610796634883673,-0.674033209043105,-0.09765936528205206,0.6918488090010037,-0.6390103157772343,0.7120855064471168,-0.1014454404244035,-0.5113243982233988,0.4725760948719448,0.2130758659486014,-0.6191536800778422,0.3061338291643104,0.40328813567708865,-0.5718220482436527,0.19780527676857973,0.537016293536567,-0.5090687114260567
25,p,0.0,0.0,0.0,0.044908353290553114,0.23724988884941528,-0.21932644525485576,0.08066677127176135,0.5159498419571078,-0.3939967641145048,0.25893939129165183,0.6982881311838504,-0.5408931305616536,0.46447655175570507,0.8500685135413657,-0.7032286960053238,-0.3668518131935341,0.300729835468337,-0.49521924031213066,-0.6554009879957744,0.2964541987130968,-0.6934928131950271,-0.7580133639963011,0.2655642670355189,-0.8739614195054887,-0.7956564041938379,0.23735051343575356,-0.999987810827293,-0.4980364859949665,0.04856062618241248,-0.45795667547963387,-0.7567920648653651,0.020402815493463372,-0.582512249573964,-0.854274403290913,-0.009026061721108954,-0.6961569580980294,-0.9023133799932468,-0.030945511322739504,-0.838218985213085,-0.49910666661356784,-0.17532944168590955,-0.4140115664805943,-0.7233563674799942,-0.22951923245279113,-0.5586304389059097,-0.7745637472221926,-0.2874368553676995,-0.622075739063019,-0.8173426372451825,-0.328758686849885,-0.6969794369483656,-0.41919839402871745,-0.36731679323148714,-0.3828574044474647,-0.5910368527734325,-0.4693116176191075,-0.46671296704395776,-0.6407265086104998,-0.5330701889951464,-0.4638867602507744,-0.6484989405574088,-0.5834446005912304,-0.4940890300440983
25,p,0.0,0.0,0.0,-0.14893775296813758,0.04762299707641357,-0.21230537941579938,-0.3698619340317067,0.049006502282646906,-0.3061865676573817,-0.5856384885994108,0.0706298886936488,-0.3556556478657324,-0.7565521937405957,0.08845421611465112,-0.4000127324869264,-0.4170177780073684,-0.32950431493178894,-0.2575140531532513,-0.7183733284552842,-0.3945486080999614,-0.31955502118563567,-0.8861248251090081,-0.41484304480113765,-0.3572753638140361,-0.9999976739787874,-0.42525080550655237,-0.3767346231064189,-0.4057733841556449,-0.37247428966337837,-0.15199660038498625,-0.7149599705860123,-0.2913900566638244,-0.2311315661911001,-0.7744260162371192,-0.1316586339070423,-0.2560115240749315,-0.7558907343419646,-0.01389342020461454,-0.2582789738967217,-0.41247962028458696,-0.3607400054773303,-0.053589723505649604,-0.6719417485539149,-0.2919383151404302,-0.12906604833626312,-0.724332285993025,-0.15762157385123454,-0.14991369995368078,-0.7150327574617786,-0.0555402681764397,-0.14294720741835273,-0.42075257658419135,-0.3260813214665822,0.032084250582333045,-0.5971868543085014,-0.3166019746917759,-0.017229350577180058,-0.6772651033641301,-0.271823835324482,-0.02982922127227662,-0.7206653525127499,-0.21922582062902074,-0.02291312065076038
25,p,0.0,0.0,0.0,-0.11296081063057507,-0.01173450866180543,-0.27690302812477713,-0.337415210794024,-0.061220535918361234,-0.3846118484447523,-0.5817485676336945,-0.04557045618559954,-0.44089940513467546,-0.7839747186340373,-0.055481554762847225,-0.4882656857757169,-0.35854362928356265,-0.5109923484725076,-0.2726964704630564,-0.6465801459961361,-0.6608886028364892,-0.3558239874563434,-0.8382844693091693,-0.7497883291294525,-0.41681673295246013,-0.9999971950905566,-0.8119278008686336,-0.4574111596096377,-0.41235934641907446,-0.48117337010487443,-0.1558219800489758,-0.7189528830235118,-0.5085491812538138,-0.29312910415275933,-0.8202526630771082,-0.34105120569353187,-0.3628704020427255,-0.8305162725573303,-0.19103616593872116,-0.37641808066918964,-0.45615445838903024,-0.41792976266212756,-0.05482549562822662,-0.7208955800557917,-0.4491231323058464,-0.18425543884695958,-0.7987229990731571,-0.2948767078231107,-0.2370038429141345,-0.7960876519716229,-0.16666133686632437,-0.2333567092719609,-0.48208586927890057,-0.3476319247047491,0.028792162614208822,-0.6982657510070113,-0.34069338664677307,-0.07408575052960785,-0.770123556290891,-0.24755928718273051,-0.11173576654813423,-0.767008219242741,-0.155042437068359,-0.10690350621327474
25,p,0.0,0.0,0.0,-0.1572481056763779,0.049533361832846234,-0.22054491585556577,-0.3672254812115811,0.07768353218304982,-0.29039538604091114,-0.5529098393039358,0.12693168315550013,-0.30988182729131597,-0.7100740370124118,0.16687732091040927,-0.3210546823280953,-0.46052787449832094,-0.27506747063827025,-0.19239885650573635,-0.726814030536024,-0.3015239632846527,-0.2125891500255012,-0.8929937881908906,-0.3069821194238179,-0.22176702642375137,-0.9999981729499006,-0.3050825105489358,-0.22073471611456255,-0.44385463708674494,-0.2936915546909812,-0.06075913865351642,-0.7160598985837128,-0.16870641660006558,-0.09375879886728804,-0.7624611137341317,-0.0030875518571764618,-0.1053357434607137,-0.7285693460202896,0.1105873257738576,-0.09776407030136941,-0.4348274792187689,-0.26755136404689733,0.06003853717878846,-0.6598517423022919,-0.1792162571195462,0.016340701240894654,-0.7077083604858384,-0.04804240273025725,-0.00771255265488306,-0.6925248298191216,0.046358253835250406,-0.000533045226195506,-0.42684685681028306,-0.22790117381556746,0.16766164110669463,-0.5800210427913646,-0.21367564236187195,0.1373949453552435,-0.6684675823315068,-0.18282702225613168,0.11795616176149416,-0.7163621251741342,-0.15169803736990678,0.12139346173990738
25,p,0.0,0.0,0.0,-0.12094553446482081,0.14256687765866524,-0.31715512717625755,-0.3067269513856849,0.19758909166783287,-0.4406630933689499,-0.47780020775119797,0.24883959086133703,-0.4788828053434818,-0.6640729562774219,0.2752788872924505,-0.5075297864894888,-0.4277993698956958,-0.16944662776799094,-0.46035120851947703,-0.6934625953338345,-0.22623758228113744,-0.5461466215515732,-0.8665117887879668,-0.2694058164141784,-0.5855675143261969,-0.9999985103141825,-0.3050066026274223,-0.6000322954778629,-0.41818459596332375,-0.22352391524887824,-0.2693070338656269,-0.7030705322672705,-0.12090211508196712,-0.33405436830622875,-0.7522591879244848,0.06580211911087755,-0.3239067080217167,-0.7139263990909259,0.19102717094870392,-0.3056983813779258,-0.42332948205880816,-0.21982572036982598,-0.08629253154584628,-0.6714924764020569,-0.13751384708784783,-0.15675735629233994,-0.7055298984559857,0.04110332726605898,-0.18180020678978678,-0.6822880977221003,0.15021153039112345,-0.1799297548276097,-0.4292855736384467,-0.20346043109832243,0.08181569263577695,-0.6052527005670774,-0.16395185603214865,0.03255102253625198,-0.6721506041437985,-0.07498190008496682,0.002803798064832511,-0.6872635683114807,0.004030100100130229,-0.006545176608298077
25,p,0.0,0.0,0.0,-0.09857227540897533,0.05314122357934871,-0.2890272124347485,-0.27342845895516826,0.12252855381468261,-0.3940763439023146,-0.4269272671143379,0.21988127360053686,-0.4298615085188462,-0.57556511251951,0.2988352712354506,-0.4622070935916446,-0.4580077610788371,-0.1833055016081608,-0.3162979571646513,-0.7218731318428675,-0.16292031877193702,-0.3444356259481776,-0.8888869515408823,-0.14744557130417518,-0.35134719675653486,-0.9999986655743747,-0.14218262367316367,-0.35313234685144973,-0.45536718016629574,-0.1896695728318475,-0.15400249859095938,-0.6822566234341398,-0.027226640928101457,-0.1870506325696846,-0.6752533055827206,0.12879065736675632,-0.18510481578470878,-0.602158869857109,0.22441613069648994,-0.17214112165287232,-0.4479634681971701,-0.15743398876516504,-0.0037582528616398755,-0.6367078554157557,-0.015346532267574606,-0.04923334076151923,-0.6328876469387124,0.11891625757913397,-0.07875051104541633,-0.5951286681733924,0.1923967705886841,-0.08348057916401806,-0.4376319637225278,-0.11431212291533775,0.12912506841838667,-0.5591007934555138,-0.0026403422986452513,0.0793024471374331,-0.5666376122096973,0.082622368136053,0.04830657162584909,-0.5392588151538302,0.14373178462480585,0.04149024255990762
25,p,0.0,0.0,0.0,-0.09170298368663916,0.10420535171134007,-0.2012042910653871,-0.25498077650767104,0.2117077866046702,-0.29838492314399595,-0.4074149168611071,0.3004426054489733,-0.34889941296644766,-0.5440512817199175,0.3632166945106808,-0.3937143572037252,-0.4357722739780883,-0.11144586415760975,-0.2929672263435016,-0.7068409635551017,-0.08462621224788283,-0.35813354399542363,-0.8660706549546388,-0.0917613942214831,-0.3898142271422731,-0.9999979918726235,-0.1099519668514884,-0.40747608269227964,-0.44646487297237863,-0.17481483100246148,-0.19780925353615744,-0.6934673449502184,0.018653069159999123,-0.2773906149180518,-0.6825535519633223,0.1854125128776304,-0.28450505995484526,-0.6099752306893158,0.2763530475746058,-0.27215377532687957,-0.45165778496869896,-0.17140451756235178,-0.10680884953713843,-0.6643523265923311,-0.011102190900511542,-0.18629260817209262,-0.6543807625609505,0.11943170939173436,-0.19337674077456393,-0.6039486519405609,0.18923397424230756,-0.17495854061455973,-0.439713429061708,-0.146137532574747,-0.025864206619918746,-0.6066260807395857,-0.05373278461394793,-0.07168748066899763,-0.633213885915721,0.013431071589975753,-0.07001229974468044,-0.6224784365700493,0.05965020269102722,-0.05284595374852354
25,p,0.0,0.0,0.0,-0.23410247213592358,-0.13144773364475074,-0.08421699545039467,-0.44480207940470523,-0.3046616169180655,-0.15061546312616422,-0.5459570760924373,-0.4635823618235073,-0.21932269447854638,-0.573411869934885,-0.5923164949762865,-0.28106629386264964,-0.4191144069249058,-0.7417627835009815,-0.10755075812111121,-0.5103719406878653,-0.8307924827987387,-0.23353690659722398,-0.597176953032473,-0.9188904549428533,-0.3224579213500169,-0.6738845559543467,-0.999997866404462,-0.38062702800621256,-0.24506201372358402,-0.8165520255164315,-0.13180838711360207,-0.38641102545923156,-0.5972558633851428,-0.28766669022284935,-0.46731766380355183,-0.39694094754825093,-0.3418542259256805,-0.5141476834288268,-0.2573176944158547,-0.34762367910401953,-0.06871355816953821,-0.7707961341203867,-0.16712648473426514,-0.21857983289841051,-0.38918452405935383,-0.30250469789936657,-0.2567624605725729,-0.16412399563789182,-0.2845098628063935,-0.2583079843695047,-0.049531793102261364,-0.2406632236076509,0.09331737374649053,-0.6521612861803527,-0.21608964322223323,-0.044985641148610554,-0.3364202042861214,-0.30490758490356945,-0.08162687812247572,-0.1773279040772927,-0.28997165462986324,-0.07341492379834373,-0.11774391127086958,-0.2523480918616325
25,p,0.0,0.0,0.0,-0.07483555591429118,0.12444288334689026,-0.3003809761121661,-0.22181914641801923,0.2169827814748521,-0.4230381662456705,-0.37016103805581113,0.3128604406154225,-0.4741574051164956,-0.5305435456247776,0.36572466363065054,-0.5128715383972527,-0.42866806948205793,-0.13358586388645993,-0.3841455508013726,-0.7032814150650547,-0.1317764680036663,-0.46029935777872827,-0.8763612832007873,-0.12586036675147552,-0.49428371372565527,-0.9999985733998047,-0.12054616449624679,-0.5047866960392463,-0.44199717527704047,-0.15810424524988703,-0.2120766918623807,-0.6685920588237416,0.01040753389597577,-0.2784228444307731,-0.6550754574734435,0.18837716706954136,-0.2708352904543423,-0.5753577043691303,0.29432142431060554,-0.24517106040354336,-0.4530117951218487,-0.14218480970362188,-0.05176424534516389,-0.6401224105830339,-0.02061082093305449,-0.1083835823620733,-0.6286433459658295,0.11433640523939284,-0.11386174756720556,-0.5839425348746449,0.1949480147053738,-0.09554231576790247,-0.4528384999101783,-0.11328379413769152,0.08985690318804063,-0.5778620667705606,-0.028698639410986566,0.05677489617356913,-0.6035742973841604,0.05679342408905998,0.046945946563637875,-0.5892570347418662,0.1304984370755969,0.057694804213585936
25,p,0.0,0.0,0.0,-0.09353286265913818,0.043400440545608765,-0.2028965991447812,-0.29181566197049624,0.005280783202522154,-0.2611346194167541,-0.49270037122330107,-0.03592823676425941,-0.2746656505882718,-0.649606590426286,-0.06950452945446609,-0.2723607915736919,-0.3532823072443422,-0.3125233028021895,-0.17077204081452044,-0.6579045556534514,-0.3808008720203752,-0.24964932825476638,-0.8577621344320117,-0.39281501113581135,-0.3017062731494107,-0.999998155385375,-0.38880758605654575,-0.33008295145240363,-0.40345513510067665,-0.27138360479687346,-0.086130475603085,-0.6495178627135141,-0.20903336563989053,-0.18898519050944865,-0.6193546183798407,-0.08526678223581899,-0.22295134364392438,-0.5310773609229461,-0.02387396677501685,-0.21605453688094897,-0.44402019197736514,-0.20489037517047895,-0.019734783240869906,-0.6535837249418978,-0.13376153485524955,-0.13029076400862777,-0.6067553381400276,-0.02677394465862552,-0.14986139548385663,-0.5253936747421678,0.018169995262136425,-0.1278673402514699,-0.44851473989608054,-0.14032617617677756,0.03148470453206482,-0.5966709443166811,-0.07881698118193692,-0.06291807040580136,-0.5636904576679999,-0.0014771459988733113,-0.07882295271056612,-0.49973778722254814,0.04451387988543683,-0.05991388281307046
25,p,0.0,0.0,0.0,-0.27512080152926555,0.004023104652278883,-0.02852312826751856,-0.4901663190290335,-0.03351209330957441,-0.06145586245759193,-0.6282253808646049,-0.049385060670062306,-0.10054999454529016,-0.7157530672281749,-0.044046459848457155,-0.14636550880005292,-0.624889449337916,-0.3311411836924466,-0.05621238830131588,-0.7781961585604537,-0.2831094982538299,-0.1355281602359835,-0.8943790652046623,-0.24616590512426476,-0.20059121582553818,-0.9999983064484822,-0.1901873640570157,-0.24438775209524835,-0.520431159708846,-0.3773889192441341,-0.08939438993714816,-0.6591983404538575,0.04107831609746962,-0.1859654058600799,-0.666069062274391,0.2877775563975044,-0.2241580112221602,-0.6753845356084998,0.4471657856353396,-0.23410488637787238,-0.3846507972690982,-0.32658391108022045,-0.1268527067779177,-0.49962134680252945,0.09385275789686495,-0.2026429184433711,-0.4297964312878894,0.14931376145182612,-0.1948036938606675,-0.3825067565511355,0.10842355363486139,-0.1773010057192748,-0.2574348882509523,-0.22738207946982528,-0.16831780065391672,-0.38245078336007565,0.10858188357206122,-0.2160930768915581,-0.34216457119452004,0.15446637380719558,-0.1888005817374452,-0.3000855513466962,0.10523494919987994,-0.15453820035600463
25,p,0.0,0.0,0.0,-0.0991388560797476,0.0457928401417112,-0.2542662840551498,-0.2904579952904578,0.06645697326995663,-0.33614536979933846,-0.48725593703599407,0.12090718832424353,-0.36275098855922694,-0.6612227870199527,0.1550862151553455,-0.3718993451612071,-0.38738109594683584,-0.3013998222881269,-0.20871940012262344,-0.6853599574423952,-0.29767814739891646,-0.261957495821113,-0.8656800519842843,-0.2687725422442997,-0.3014311073325538,-0.9999985128532487,-0.23973149386501957,-0.3243603466795426,-0.42134614375677476,-0.25681737300556323,-0.08407795544797796,-0.6683462762773019,-0.1754877054336712,-0.1605808459857106,-0.672252767346763,-0.05003953480819961,-0.20390024066184068,-0.613944015924941,0.023813010819959596,-0.21257206403359186,-0.4437835371660342,-0.19115169663781165,0.022497059420922935,-0.6423671489121217,-0.12008637401771068,-0.0633823880569405,-0.6296759060231208,-0.011072660897932867,-0.11518591463687476,-0.5830548943840083,0.05049319869813861,-0.12321739648050571,-0.4518174123127187,-0.1337109164567639,0.11217717740892587,-0.5953705659753008,-0.08761191080589886,0.03337195980391824,-0.6049546810147448,-0.01466651567590999,-0.009569347005262482,-0.5728907135970532,0.041411234095682516,-0.017031347373336024
25,p,0.0,0.0,0.0,0.01211940784403209,-0.001476115363265148,-0.2639120426398868,-0.12235664774656897,-0.0011137007262318223,-0.39247459007721175,-0.3666195214283714,0.08613486266606173,-0.4905640247897228,-0.5736856435943534,0.12067161100430814,-0.5799675067070733,-0.28103544155005444,-0.4802313171684068,-0.2885192585460937,-0.5902194038408384,-0.6432894791559891,-0.44467891531372983,-0.8208937511590149,-0.7311321183062431,-0.5281522169112439,-0.9999963316388254,-0.7758891780601941,-0.5654370302642077,-0.42459208831772577,-0.42745576524154205,-0.22397411362733785,-0.7111819304859145,-0.3860906441085854,-0.4496469203030896,-0.6727734131067826,-0.1638976739024477,-0.5302904086068994,-0.562310962298578,-0.022602975502866694,-0.5289301784669389,-0.5346325419920093,-0.35358997727866737,-0.18378842528713374,-0.7989118548576523,-0.34447571379142927,-0.4059988602710289,-0.7525525179029893,-0.16717318067172537,-0.4463188005491748,-0.6359162271603817,-0.05573095309818357,-0.4024518705010233,-0.6063805821618304,-0.29473143505944327,-0.161258916642815,-0.8280652972706625,-0.45828855946133024,-0.2884830717452315,-0.9425138717835043,-0.5283680710669273,-0.3095705199763412,-0.9935077430648993,-0.5799796324536732,-0.286017312973796
25,p,0.0,0.0,0.0,-0.07765677260444465,0.005358844373140076,-0.24149572992905796,-0.24496063070738522,0.0205446588784451,-0.3469040863738649,-0.45597374612199537,0.1064718830882827,-0.41608468956360933,-0.6327873899824672,0.14205297395355856,-0.4813910005268327,-0.3941521964148202,-0.3711020851493178,-0.23599094610171276,-0.669919591862534,-0.4844459020569154,-0.32434394638926306,-0.856787490343121,-0.556927939172697,-0.384344579806128,-0.9999971649063586,-0.6054397430624645,-0.41987945334244153,-0.4581382717771275,-0.3174539053090023,-0.15218577956717239,-0.726936398189869,-0.24173014925300457,-0.29029858892658233,-0.7478813819396553,-0.08318510868123821,-0.3625301695206517,-0.6918555021828328,0.022525667095723137,-0.38120535011642626,-0.5001091829716651,-0.24663907173085312,-0.0864869275926274,-0.7300469004721719,-0.19334128176842943,-0.23022489072869332,-0.7444577509167044,-0.05656392719892884,-0.2865964710366116,-0.6928454148448489,0.032849283406390185,-0.281914326092465,-0.5068893580720529,-0.18331457166246745,-0.03624535356176017,-0.7025863717395665,-0.228721280781913,-0.13650636060885457,-0.784594501641197,-0.209768627227615,-0.16696293614068128,-0.8134045425825529,-0.18546819780126297,-0.15967804584000722
25,p,0.0,0.0,0.0,-0.3743842125460703,-0.11146999611180075,-0.2658638091591885,-0.6630178585467655,-0.34268100228609627,-0.4401526518024666,-0.6788513207547495,-0.5039236839123298,-0.5869657308558982,-0.5401912099842527,-0.6292507888185511,-0.7006026685683487,-0.372112847053506,-0.7286050466240023,-0.37933722722413277,-0.512191664319795,-0.7863078808374776,-0.6932006480779664,-0.570097979279079,-0.7796375859763038,-0.8912386922979342,-0.6219499836647452,-0.7248280519546667,-0.9999980425226924,0.10534165541592615,-0.7572285687956762,-0.36891872718561214,-0.05900743281396878,-0.5074094000943308,-0.7282913927265939,-0.20777513461071906,-0.25922192762586116,-0.8212442326082088,-0.3047926307320774,-0.08163743195134045,-0.8170920703137882,0.4725574303002318,-0.6612764005526398,-0.3875885523125245,0.25536716924260267,-0.3430013911209534,-0.672532709698561,0.06548299753480145,-0.1737776906092252,-0.6258620554850558,-0.026669161946519363,-0.09951853583876469,-0.539985713570425,0.7448426701298542,-0.5055532216625237,-0.4402824524502374,0.5320301619756027,-0.2304890812232108,-0.629445486761446,0.31547624494758425,-0.11511794851917277,-0.6174160294250078,0.2165070137827116,-0.0976880258496628,-0.5623866218566526
25,p,0.0,0.0,0.0,-0.40842263138735707,-0.141639760600513,-0.22733707082482613,-0.6742824021731391,-0.4144761348805607,-0.3906057908133162,-0.5394236156171254,-0.5814832307255046,-0.5271223138355986,-0.20285614365612775,-0.6519242296138925,-0.6346067555224304,-0.3678090325615168,-0.8248868513654769,-0.39938569654324885,-0.5037792523651042,-0.9310441332236823,-0.6942921736433266,-0.4934252884999801,-0.9971008631197287,-0.8666606108423573,-0.4685586552039024,-0.9999978141075361,-0.9696551840236703,0.16014658015603397,-0.8816284469071216,-0.41552050087726855,0.09293095911892235,-0.6466594326635865,-0.80041812091434,-0.03191632911223417,-0.3504285643834386,-0.8805122572873704,-0.1491641004962558,-0.1222026751300191,-0.8524646748062636,0.5806008461443904,-0.7955679380395764,-0.44880929793744745,0.44948481642401694,-0.474607468280728,-0.7573857004202261,0.2383276129488815,-0.2649821417657178,-0.6805536183487614,0.084289518389149,-0.14426430914270005,-0.5647253493658083,0.8961215077918282,-0.6396344918227584,-0.5125888632543035,0.756427748830816,-0.34808035953952293,-0.7300031798947187,0.507308399821529,-0.1931538219441881,-0.6956628826851297,0.3370735157724479,-0.12820745040862888,-0.6124652541419794
25,p,0.0,0.0,0.0,-0.157402391795789,0.02675458209339709,-0.18696401894563108,-0.40850887288289844,0.020232214874838804,-0.20926878071928387,-0.6104381480193887,0.06941962149496729,-0.18897857725582157,-0.7334976944573961,0.13334618245918,-0.15875523162452596,-0.4928942070701093,-0.27145312086340034,-0.07084048426657331,-0.7519393961617739,-0.21516974415955326,-0.07272273878445984,-0.8915425805964806,-0.16243191320703065,-0.09209846700999295,-0.9999987598635094,-0.13073048686794367,-0.10804914489278016,-0.4960974020907649,-0.22708800683589536,0.031001798948419774,-0.6993630758098152,-0.0929511616129026,0.01139108342476371,-0.7647882666566278,0.04182385375652846,-0.03298632407265259,-0.7840252509932555,0.15790717710070903,-0.055568118567075074,-0.4835794065733819,-0.16181458790698092,0.11581923867029693,-0.6593648462238703,-0.03770344853582882,0.08101402763958551,-0.7058263826302725,0.08348117049563346,0.008988405347297298,-0.7275468234439907,0.1795460495173004,-0.026177883050793018,-0.4470339188215953,-0.10233725591935255,0.18718450851784574,-0.5758531106786564,0.00731506272448339,0.1449897162847592,-0.61677232027729,0.08965494092139588,0.0929276427282798,-0.6327175559550582,0.1640603983516629,0.06916288703176722
25,p,0.0,0.0,0.0,-0.06031859697013992,0.04013244070837966,-0.2410694486271277,-0.20016877951462902,0.0965474758584808,-0.3520037877991431,-0.36791999889583116,0.2103906924520909,-0.42425889639423503,-0.5224689710871098,0.2839062238366253,-0.49204772062621066,-0.4120393455903631,-0.21391996923610146,-0.26123576499277135,-0.6837023446297694,-0.22977315859567987,-0.34488430333677206,-0.8647959356554764,-0.23918726401393534,-0.3922925569274678,-0.9999977716604348,-0.23928023758569536,-0.41548172635222985,-0.4551623476440981,-0.17317390295410565,-0.16958623650914983,-0.6896191163268833,-0.040420791600223965,-0.30090677454402126,-0.6632127624756009,0.10813264699672111,-0.35068074066815086,-0.5800178853545185,0.19099587410539667,-0.35258819310734896,-0.47714548381889726,-0.11353759918129608,-0.09346945400858168,-0.6842578617210355,-0.013348746975139764,-0.22781138408930102,-0.6603850377002138,0.11315096194216259,-0.2632079668837309,-0.5886992926176109,0.17634828633276936,-0.2442646680473198,-0.482832079516211,-0.06549509980696168,-0.032463226161946974,-0.6738415676089011,-0.09929271979377789,-0.11576171070705946,-0.7776945746878141,-0.09725620011406866,-0.13747198605116653,-0.8316624126098032,-0.10044479516727284,-0.12901486092752168
25,p,0.0,0.0,0.0,-0.27424524923474297,-0.018627583770886653,-0.25567603516139054,-0.6398571150042893,-0.11955104828960014,-0.4807272260993158,-0.8115280403780543,-0.06639627099366019,-0.6945223465078,-0.8156599940519891,0.03069647646975387,-0.8923400420081441,-0.47098996366774853,-0.634932077134911,-0.4788382193170355,-0.6992158682115399,-0.5087219944605316,-0.7549386830958791,-0.8258371414538612,-0.35699370829176846,-0.9149036464756302,-0.8866543862621792,-0.19953717272074734,-0.9999965324790272,-0.055807933023846214,-0.660255846084539,-0.4810409152093905,-0.37595347906457743,-0.025804042426509098,-0.7677822137684311,-0.4648226735195993,0.3653764568442457,-0.8308698422856414,-0.4893389423189641,0.6248504160574365,-0.8321755454336548,0.30941454695529935,-0.5135272093936122,-0.49808320898090247,-0.030872051432039173,0.1846007967649687,-0.7452435142838236,-0.10549626739165312,0.4762127245897131,-0.685744941815848,-0.13197594790140016,0.64173020739917,-0.5909398358710388,0.6107534723668984,-0.30387210319294067,-0.5439752385726572,0.349494828281037,0.16658074990007105,-0.7105237980073063,0.257172160090211,0.340175507696075,-0.6569206793494624,0.23205315970313053,0.4031193900257992,-0.5646837318362207
25,p,0.0,0.0,0.0,-0.08921109582138823,0.09187002836919764,-0.29404869812263823,-0.2609179882235643,0.11884637522955327,-0.40254287219283763,-0.44175952336928537,0.14301212645765338,-0.4419728828570217,-0.6062539117797903,0.15480919671396154,-0.4704646649159334,-0.38121293445374016,-0.2325417239536547,-0.33939782282046144,-0.6678173515513915,-0.2774852257781131,-0.4212060310329538,-0.8584670919627564,-0.29722579953802564,-0.47309366032972994,-0.9999984569531067,-0.3061209452094676,-0.4993831086175047,-0.4062423099164972,-0.2357102775753974,-0.184663940301937,-0.685142904528171,-0.1620841502109929,-0.27439977522000314,-0.7240672489471853,-0.005459595121774964,-0.30120330526066547,-0.6681486374399148,0.10331677437526,-0.2975952368027815,-0.4320177684241462,-0.1976734703091454,-0.04387594516000141,-0.6547189126999526,-0.13071325281217716,-0.13876305950861476,-0.6817367392759451,0.011567322296971334,-0.17332514732520674,-0.6320588015712615,0.09489335699983031,-0.16567720978870557,-0.4525242913455308,-0.15802897916410721,0.08004864863732959,-0.6115732484396003,-0.13778678596055052,0.009910289358185947,-0.6575601812483166,-0.07630244276422138,-0.017100883563309657,-0.6412276581822497,-0.03111079842803728,-0.014135967696032438
25,p,0.0,0.0,0.0,-0.08708084604018956,-0.07771824229346978,-0.1919939844168608,-0.28746025696002014,-0.17665778812404334,-0.2479686962410037,-0.5157109513666277,-0.128169824717084,-0.2707497078708127,-0.6893370869923793,-0.08118638166072942,-0.2861314268277949,-0.4701657769752636,-0.47947427077954935,-0.07347205591838887,-0.716382907910187,-0.48436686537934065,-0.130593563084482,-0.8808224950653334,-0.470052102104329,-0.178616016017172,-0.9999970477587254,-0.43711084898695257,-0.20441531762900095,-0.5063907557373928,-0.34483887983529904,0.0009307532801303765,-0.6660005686161591,-0.16588348677349585,-0.10246105615203567,-0.5729291800548216,-0.004627587857333914,-0.15624368842412087,-0.4772973794044228,0.08184449933456123,-0.1549204143847585,-0.5115088524224823,-0.1974882683045748,0.05374022627979466,-0.6472197554582996,-0.05057599129938936,-0.07038775070680381,-0.5524936584622355,0.07002424839758158,-0.11514431667901502,-0.47150348033260836,0.1264842340225292,-0.09954340846335186,-0.4941353376861388,-0.07305264550096269,0.0942512513825324,-0.6207110747007516,0.003373644931204114,-0.008128708656153484,-0.560912813570386,0.09173685261525712,-0.029221580127783604,-0.49554615545350417,0.13864269409563312,-0.00881616956337663
25,p,0.0,0.0,0.0,-0.16774556646237235,-0.12641730967325893,-0.09417310934374606,-0.37939389405160373,-0.35008366752286485,-0.18437554833527517,-0.5071642610379808,-0.5190474170146826,-0.2772187845322133,-0.5708051513745254,-0.6352869144009053,-0.3628820942238798,-0.3238382949529018,-0.8384141511197092,-0.182831791165715,-0.44239327802472084,-0.94783921442668,-0.3284221086759296,-0.5813967782231502,-0.9937187560839202,-0.4181909803074406,-0.712799896812797,-0.9999974822642671,-0.4691577773520149,-0.10452273012943458,-0.9072127541188971,-0.20426879235048082,-0.3493051483961626,-0.6346223349680875,-0.3700594320433174,-0.4462231074060527,-0.33574414882713394,-0.41391143241751743,-0.5066545900661603,-0.11415009026346724,-0.41529461603099427,0.10571052423821933,-0.837497493714152,-0.2321230706834944,-0.13335236150550348,-0.44659947981601256,-0.3750429148941733,-0.19419615803975965,-0.17461248708483948,-0.3510598661572434,-0.22166196467032812,0.005596213532620643,-0.30791996073193123,0.2950673404557381,-0.6965058827951693,-0.2731546415657136,0.10042817948368124,-0.37070986604237477,-0.37136630570046864,0.028826179794956826,-0.16746666370164254,-0.3494145874823651,0.013112481610389306,-0.04870481086621516,-0.30694243169208785
25,p,0.0,0.0,0.0,-0.3167135937157048,-0.09538237990449953,-0.07357216601683954,-0.6058138786573077,-0.2370686943308064,-0.1550462543818487,-0.7929381861125406,-0.3549030517449401,-0.24608416151026558,-0.9036350851172733,-0.4536586784891769,-0.33195438569978875,-0.6193162329227516,-0.7463058296125783,-0.08396993476449813,-0.7803493124627625,-0.7880004586557643,-0.2533655221291761,-0.9079237605576554,-0.7006890364304771,-0.3716914970715639,-0.9999972185732122,-0.5884487116250737,-0.43233753317070284,-0.41019598367540605,-0.8076538863409435,-0.1335288330274932,-0.5244914740801019,-0.8024202723998097,-0.3008039092222946,-0.5884862621440299,-0.46176171575080865,-0.3365859272197124,-0.6032916940209317,-0.21892897531374647,-0.3211161081255182,-0.19718523540667574,-0.7454866812056808,-0.20185004392158182,-0.2947150407947904,-0.6375722507877044,-0.35200292276378564,-0.3617226570308591,-0.3120886629107629,-0.3056930406708191,-0.37236661274185606,-0.13901003174414833,-0.2396420301221313,-0.009793473758480503,-0.5910629903598168,-0.28042707451960946,-0.1158383774010105,-0.39883981149890996,-0.3595148502005251,-0.18866259389127807,-0.1653027724884704,-0.30526112680984574,-0.19846460562647486,-0.06927904961451473,-0.2434032782678376
25,p,0.0,0.0,0.0,-0.07138275102250322,0.013029360479427793,-0.28601785248546746,-0.23523337261408064,0.010444380589605081,-0.40566567764745637,-0.432888333384138,0.04712702136766501,-0.46477491618873185,-0.6133953726454334,0.06951572541086355,-0.5182395609091329,-0.3714696043239656,-0.3552702416569125,-0.32778151931925587,-0.680888698060577,-0.38881236439848343,-0.40812522324481637,-0.8596537913823208,-0.42659199797500336,-0.45925514873967815,-0.9999983001306797,-0.4630513292372412,-0.49136541572916287,-0.4131599913903682,-0.32265575515495565,-0.19567437326481948,-0.6773552606491522,-0.21733963379771135,-0.30879879199287935,-0.6989429785864835,-0.06524954098563425,-0.3541267988707267,-0.6622104883157809,0.033172000390709666,-0.36272477249046603,-0.4477628343320941,-0.2633978293566616,-0.07722386047223133,-0.660348427389384,-0.17729519186948026,-0.18234164772002834,-0.6785831590258528,-0.05996610268615182,-0.2197989313761363,-0.6545598576964664,0.007847647567370683,-0.21875720869604331,-0.47187945148002497,-0.20362930087915457,0.02272630844026791,-0.6208498981976545,-0.14457143163212674,-0.05468021898791382,-0.6329908839789298,-0.0751686781405652,-0.08150607880439295,-0.6090860258546232,-0.03137215001000922,-0.07997384015629919
25,p,0.0,0.0,0.0,-0.0807309220484134,0.06134606760772135,-0.26654277217754774,-0.23453367060307279,0.14618569038861481,-0.3610972468788618,-0.38113306215353165,0.26450584316443154,-0.39434204346981266,-0.5185739297572594,0.3237059074872232,-0.41513402996715243,-0.4535286683735745,-0.1497131600532737,-0.2797666964528954,-0.7128966100118784,-0.14814057136260042,-0.3351256551092408,-0.8726962619405819,-0.14061769217072684,-0.3652455304241197,-0.9999984007479834,-0.14192595060292235,-0.38100111039811385,-0.46655091333252324,-0.1344831426036637,-0.13636479069681584,-0.6822755271603692,0.026852541703370328,-0.20876044457828286,-0.6512522772116663,0.18203213347961386,-0.2313694275494683,-0.564506006818053,0.2587646433310895,-0.2258833831504502,-0.46727317455448003,-0.0867191033818333,-0.0064484279863519815,-0.6350960553060523,0.042144995618650344,-0.08059543143225056,-0.5992685814618751,0.1622091752278999,-0.11748206127516957,-0.5348130348795147,0.21723009523327996,-0.1154211336323933,-0.4524341714288065,-0.037208606593937134,0.10707395231457842,-0.5629027718316347,0.04680857065138253,0.050267802174565716,-0.5691263052776337,0.11694416745986771,0.018042213861800074,-0.536790888659953,0.16182731189740515,0.016256171993536957
25,p,0.0,0.0,0.0,-0.06738477352815037,0.09282586052378254,-0.2262888169422064,-0.22644318234396163,0.13822902016588273,-0.3465631278839481,-0.41295540833115413,0.2226751437175125,-0.4413436116951536,-0.5877612399813572,0.2554850112106426,-0.5350681677664848,-0.36333656505478873,-0.26706053582112477,-0.28238931485507673,-0.6251342769903802,-0.38772953879003375,-0.4158660672640934,-0.8326120520910931,-0.4355954757319616,-0.4923432157244689,-0.9999979594519801,-0.45439474166813876,-0.5365855146745162,-0.4268940072133001,-0.281990935060895,-0.2318117535311335,-0.7097568800709709,-0.20389947325247146,-0.4279665302942833,-0.7166297299831217,0.0029132501153959003,-0.5136204926344933,-0.6575708738602287,0.13918536650373298,-0.5356487501451861,-0.45755668683304745,-0.2650639819219793,-0.1984858567330417,-0.7348561368004798,-0.18855998449122605,-0.39052316296987666,-0.7263632267051717,-0.0009517853576048687,-0.4396731678835525,-0.6573470817628556,0.11207885277476957,-0.4224998609983166,-0.4570150856321767,-0.25422909969027613,-0.18037336799894566,-0.6920276809134287,-0.3700403850390459,-0.30979670124756004,-0.8409293340404191,-0.41066044469782126,-0.3508129276504487,-0.9345973947697777,-0.437151286906729,-0.3529152962912869
25,p,0.0,0.0,0.0,-0.38520261762896896,-0.14456919872725799,-0.18594336936184122,-0.7562787379873163,-0.29734536879660733,-0.3409812488888848,-0.9213824126255012,-0.4459098414572365,-0.4926223297775156,-0.999997544974041,-0.5856689223549223,-0.6148999471265559,-0.7110516458845161,-0.7356344406982626,-0.29359806169169883,-0.7636714507570074,-0.8640661890717448,-0.6061670257667002,-0.7055389199975479,-0.8272359327189234,-0.8118638205594191,-0.6413562629365027,-0.7126647616968078,-0.8951909558354205,-0.32556587786690583,-0.8261931417850449,-0.31004516662747117,-0.49750108608075644,-0.7489269978836818,-0.6331561233083095,-0.546385720283861,-0.7132921556457998,-0.7772739642196687,-0.5674596452427085,-0.6130902449406913,-0.7993383302149599,0.05467787652161042,-0.7944713354865204,-0.34624466341944593,-0.2350117496223173,-0.36507025916919766,-0.5990662798254001,-0.46706483376249597,-0.11970778978432652,-0.5814475578454649,-0.6162759428920687,0.09104023966116027,-0.486675476544035,0.3806717724178577,-0.6852941793680214,-0.412430554606022,0.14795961367796825,-0.33895296484615567,-0.5449073294359442,0.002698781714579499,-0.17866818789455505,-0.4859690638819338,-0.08539918153086479,-0.07221929917710125,-0.3808522258041708
25,p,0.0,0.0,0.0,-0.24459742089410574,-0.023377064391639696,0.01106825716046032,-0.452194021249646,-0.05660069730686852,-0.008889189491803012,-0.5886445400293482,-0.034294857938585534,-0.0398336745030363,-0.6930765418510237,0.015085776857703227,-0.08157690155344524,-0.58970820472675,-0.288034737128402,-0.047999606955011806,-0.7837552376823149,-0.14667383541732498,-0.12429512713980578,-0.9042253735505217,-0.04182996654814813,-0.18641554526186135,-0.9999983633390764,0.07546078398641592,-0.2231417308630801,-0.503227879838925,-0.28774763984730384,-0.09439412944395273,-0.65601953101891,0.09878873064749737,-0.168441455619777,-0.7170397509974981,0.3394719513014461,-0.20420823585732598,-0.7604546301354121,0.5234572147133395,-0.22164490826476213,-0.38508583660184553,-0.21430816997528615,-0.13970073017354717,-0.48235299068055987,0.13411662176929354,-0.1993599939276703,-0.4157534452524827,0.14383803031610762,-0.19391832738092996,-0.36238734804687545,0.08403390096143039,-0.18265769744008015,-0.26899873873558916,-0.10951200432406955,-0.1836550141801912,-0.382192231589296,0.15960516325938,-0.21938363915981646,-0.3420138304400577,0.176352699761958,-0.18804441748883255,-0.2995513328791198,0.11895163220610212,-0.15520070314690876
25,p,0.0,0.0,0.0,-0.08994366595332108,-0.08038389691224418,-0.20725372256534283,-0.30509195709411924,-0.16319254494724658,-0.25354958576065595,-0.5386105017754501,-0.13569240230675794,-0.2584650156113018,-0.7174214599604926,-0.11603220460308102,-0.2496047335151268,-0.41803153692432526,-0.44741695038270163,-0.08438477205087755,-0.6761771045405501,-0.5175932910293196,-0.1377380940733624,-0.8576667853958662,-0.5491864613463697,-0.19256550484792917,-0.9999974470128757,-0.5595983437326828,-0.22593128320006803,-0.47341696419856877,-0.3562163230900374,0.0036657485899208283,-0.6985894468867452,-0.36860314240231096,-0.059554607067258486,-0.7024300627571707,-0.2653896152612031,-0.11054186323638085,-0.6547194760883702,-0.18550643337418313,-0.12191634381916903,-0.5009365845850622,-0.2541948568299052,0.06664418205838797,-0.6855364658356248,-0.26227348024022074,-0.006216221470603956,-0.6932765873241621,-0.17710399243653827,-0.059213984277629125,-0.6667919504490082,-0.12637526815634204,-0.06611228290978628,-0.49358495282738574,-0.1514959302165445,0.11279113274976078,-0.6498078124425183,-0.15592772611219297,0.06138919936265644,-0.6763995769206984,-0.11650583338776739,0.0358628048208575,-0.662837663670258,-0.08392268380454102,0.036585015010213426
25,p,0.0,0.0,0.0,-0.25098693784567944,-0.05827953997583298,0.010794349864616875,-0.48069273666571444,-0.1053764949191005,-0.009812809452293557,-0.6403900824203881,-0.04953609079033478,-0.04328756839424167,-0.7666393454937181,0.039836402484594614,-0.08531464627478638,-0.5734882403505445,-0.41202183022068234,-0.022818129733414412,-0.775363300250764,-0.25704499650777013,-0.10709459293769881,-0.9064866104919727,-0.06252897333456679,-0.178921726559016,-0.9999985234210521,0.12038130809276015,-0.2203498623283806,-0.4909270915757316,-0.41446444250081443,-0.067669295165078,-0.6485604922214504,-0.015887035073457664,-0.13970917878900446,-0.706338237687936,0.283883675845131,-0.18048964187674363,-0.737428110603304,0.4704202730084294,-0.2031934451259538,-0.3751888018712241,-0.3337634934540673,-0.11417003633703911,-0.5005274595089736,0.02556181627648007,-0.1726396799943928,-0.47102085982449304,0.13179685814615216,-0.16814808446912924,-0.4303688597395963,0.11960821978790921,-0.15895967385407161,-0.26079135919818336,-0.21044781182168568,-0.1601005159706051,-0.38804517941080857,0.09841333150665839,-0.19682882227467005,-0.3784576170727802,0.18041622673893146,-0.17037006426471865,-0.3485837036314354,0.14835876128900838,-0.14172486088575842
25,p,0.0,0.0,0.0,-0.33419496719468944,-0.20469078715241473,-0.13443859946866363,-0.5344608063898697,-0.5048726190364572,-0.22594576967681992,-0.5551644098285877,-0.7301112238444629,-0.32319741373046745,-0.5411370901666246,-0.8971008362215939,-0.4052704913374285,-0.31694008422067776,-0.788932822093696,-0.14382989610210087,-0.4943186116572465,-0.8942123128597179,-0.4059231051693153,-0.6125565240490114,-0.9716093070281364,-0.5728258847393775,-0.737331009361338,-0.9999981074209028,-0.6529265124083067,0.0502921292116449,-0.82360257586715,-0.1811124318372635,-0.11019937726306078,-0.6923859648804046,-0.4888509176631362,-0.2503813134203104,-0.4646459322317398,-0.5767260004330358,-0.3619581145102159,-0.2793253756313222,-0.5607462257860165,0.3712655536081484,-0.756747546983555,-0.24503917306604106,0.14243879949550511,-0.5209523966499806,-0.5094186456668242,-0.03675551784555614,-0.3222918504213385,-0.4831945174962666,-0.1352675771789459,-0.20030295253525907,-0.3939699305094599,0.635393975332502,-0.629426680438407,-0.32875742073898656,0.4059445293133698,-0.4252271656143907,-0.4717485490836124,0.20592054726447792,-0.2839736804680581,-0.4397712891683203,0.11305270499543951,-0.21292453393767302,-0.36931034395558193
25,p,0.0,0.0,0.0,-0.3226644159036346,-0.12880620122603967,-0.3285148740673674,-0.4137294699668039,-0.36397562010144163,-0.5198071014975291,-0.16275611308525736,-0.5580696350153653,-0.6801919908234968,0.20295957718495844,-0.668765660998694,-0.8182160821148862,-0.131521797532897,-0.61541631971795,-0.4219066417240474,-0.02233189023653957,-0.794972345292947,-0.7186848527811068,0.13002565091579196,-0.8978841623342068,-0.8913084410446223,0.3238844818448955,-0.9745440572699807,-0.9999981201846054,0.3072438983815561,-0.6216351377824951,-0.38295643711277394,0.43332694021404217,-0.59119040848122,-0.7904518227844791,0.3351273743674412,-0.38027272738304396,-0.8942227504515646,0.21930727311312878,-0.2177570644318619,-0.8787108036147585,0.6659929213701318,-0.5672885334922745,-0.37195993314793163,0.6914550891559391,-0.464690332446018,-0.7562272868438922,0.45411780951907915,-0.26601157437684736,-0.7008130548264876,0.24315710286103137,-0.1402741936178106,-0.5613923135251968,0.9186480846414594,-0.47872086667906055,-0.39022672030811884,0.963641391603036,-0.42081653038407485,-0.6517451489130401,0.7661210183014038,-0.28030883346737656,-0.6099881707830715,0.5786243679468871,-0.1936903141529389,-0.505703737540745
25,p,0.0,0.0,0.0,-0.035171312667475314,0.002597675681285158,-0.21769454994101228,-0.1812768240058821,0.04002420764048407,-0.3254798651730414,-0.38846860645556924,0.1478368611844706,-0.40564012248374004,-0.560370839953013,0.17765262151286335,-0.4792444305111315,-0.37562450082149007,-0.3341231819783555,-0.2181526964000126,-0.6757587329800515,-0.40175203952858285,-0.32618373098356357,-0.8600206402868055,-0.42723195889611343,-0.3943147098545322,-0.999997430471906,-0.4396107771815844,-0.4330030159485267,-0.4534438098762177,-0.26307190471384256,-0.1563642537643503,-0.7037320289227441,-0.1713110520736031,-0.315394153097616,-0.6824953678293627,-0.01075337568152783,-0.38574545088026735,-0.6078038067118561,0.07926823958846967,-0.3987728074401562,-0.5042196319064228,-0.18074330574423733,-0.11371603721562212,-0.7167570881454937,-0.11320358487501395,-0.2706577432394277,-0.6870395006908526,0.014934069807584133,-0.3110984389587865,-0.6126209398033967,0.08928233217857816,-0.29282951627087556,-0.5256580757785373,-0.11173206385940239,-0.08560016278672317,-0.7141426419030917,-0.13231314151113868,-0.19334034491620358,-0.7558999606814464,-0.107309077243057,-0.21517842972817147,-0.7546181231356345,-0.09202611850192133,-0.19892434828931108
25,p,0.0,0.0,0.0,-0.07135596311898144,0.08397548314277394,-0.29394918109368406,-0.22037880881703414,0.16776493926426952,-0.4047516974127048,-0.36402516441395755,0.27954003937632405,-0.44837705220118546,-0.5212498607482244,0.35119814610604294,-0.47859076913704157,-0.4465690296353608,-0.15159093756174366,-0.3268522381145099,-0.7132669349347283,-0.1344166756083783,-0.3881110392835326,-0.8779579193827078,-0.1215221945926086,-0.420021801892034,-0.9999985590879419,-0.11696187013469637,-0.43414607095844293,-0.4619609191175398,-0.14062461889186945,-0.16854096705277158,-0.6749326146212588,0.014706569714731813,-0.23794841306868164,-0.6497820791191157,0.17179019985211522,-0.253737692683573,-0.5654457069904638,0.25565789725541344,-0.24559093730781587,-0.47045838610058693,-0.09842864901342367,-0.024547965968959227,-0.6451623651481776,0.00997773878602174,-0.0900028343056576,-0.6227243372236128,0.13147747443769578,-0.11680549759857668,-0.5703726747326961,0.19551087807644074,-0.11182208190632813,-0.4691025187945291,-0.053405128531082924,0.10033002328775015,-0.5916440401193824,-8.468266065579606e-05,0.05755385157692454,-0.6171412935739264,0.06246806269238336,0.03401278315019494,-0.6047333084316707,0.11039939335912906,0.03415389765741985
25,p,0.0,0.0,0.0,0.007717073771981201,-0.2670191927545463,-0.09853178975131756,-0.1405797380957733,-0.5536551684091373,-0.1408169809634749,-0.3966235089326862,-0.6328812320308193,-0.17960695962122356,-0.5990717303904703,-0.6550337678002852,-0.20982592224567506,-0.3106558291660547,-0.8276871230217702,-0.02333690208337747,-0.594363937073448,-0.9506437696400465,-0.13656481995989234,-0.8166032658168221,-0.9602518490322722,-0.23798986081621976,-0.9999961415859231,-0.9479553104487228,-0.3036890391830535,-0.42344221174769214,-0.6536389427365232,-0.024482368388767575,-0.672771389019209,-0.6637847139670137,-0.15494897076834627,-0.5648024999286111,-0.4850139066934152,-0.2286840749721801,-0.44342627175026417,-0.38448922081615816,-0.25325806384904104,-0.4912256502997156,-0.4733033556222262,-0.04295563980832612,-0.724389460523522,-0.46842756235317123,-0.17808187997452862,-0.5764019709493801,-0.31680398346812916,-0.18733990197183617,-0.43334489475190124,-0.25535877719265654,-0.15896438235287252,-0.5132629663895535,-0.2877729938104425,-0.07112852242149165,-0.6937693132086886,-0.30163730196689637,-0.168682420645941,-0.5835935417913207,-0.20438223322591376,-0.15789565370524375,-0.45867839059876614,-0.17707815888624676,-0.12509436738277876
25,p,0.0,0.0,0.0,-0.2900391821821202,-0.15864331309947147,-0.3143225926947089,-0.43509135208399635,-0.4018970367173932,-0.5372173220833356,-0.25733831196179535,-0.5803361370603465,-0.7174622284410153,0.13422019160394033,-0.6264961205607489,-0.8538353523363302,-0.0917378033385226,-0.7645946195470115,-0.5073058775879213,-0.11970248924492927,-0.707242988947393,-0.8052415474992521,-0.07728970405291191,-0.5699069801990699,-0.9394234447115315,-0.038693783749133875,-0.44432823878102196,-0.9999978690770134,0.3461336072684441,-0.7696222667307938,-0.4595253681518488,0.40435340284517945,-0.43902348118594164,-0.7412025920513934,0.32639237206880445,-0.17813623806462617,-0.7836014058235676,0.25776488481218807,-0.015554127685557046,-0.7783329739200795,0.695423167760093,-0.6930905757108263,-0.43286589863783403,0.6861828517145605,-0.3298318816083712,-0.7036332535738173,0.4795418688601363,-0.1393886643490962,-0.6410881604394599,0.32464873887238005,-0.05575892049072696,-0.549112017379704,0.9531622054455713,-0.5747980567538856,-0.43659817292956854,0.9693534298759757,-0.31297796733222494,-0.6008489471363128,0.7789744176415253,-0.1702769333641346,-0.5432498001328823,0.6280882908647828,-0.1378928333355261,-0.4597758058525372
25,p,0.0,0.0,0.0,-0.06625118467233614,-0.04431791500552794,-0.1983716469297881,-0.2278423212589004,-0.045517183101202945,-0.29973114700481,-0.42565910574308896,0.04606384355124956,-0.3705056718786096,-0.5838553624635588,0.1102404264289506,-0.44118802184602945,-0.37214087843880445,-0.3790714074679983,-0.21032855378355722,-0.6661433307099403,-0.4720859369105111,-0.30297044866077893,-0.8578319330778014,-0.5268815387493859,-0.3725396549401143,-0.9999971605447526,-0.5505855736247778,-0.4166348438923106,-0.44283642949449165,-0.3252354655105094,-0.14212923543463468,-0.7096849201785135,-0.2732719202167909,-0.2679048675502408,-0.7281363181924396,-0.11913237484535891,-0.3287925600686095,-0.6693209003537871,-0.006180817224675606,-0.34556813916264434,-0.48515827225610325,-0.2534011513470394,-0.08899025381757,-0.7047062482097763,-0.21764177265680773,-0.20538713680911305,-0.7312780079553546,-0.08990956578413661,-0.24899117757987424,-0.6934057781634567,0.0072138870039587365,-0.24832657471461828,-0.49598722650866744,-0.18082275276603682,-0.049213153530987666,-0.6491345747010288,-0.1593451745115353,-0.1324356065064504,-0.6755612917203873,-0.09122781291893942,-0.15627617956081286,-0.6537023204862634,-0.028611412505249113,-0.1504832395041473
25,p,0.0,0.0,0.0,-0.077735851101191,0.049103425792080525,-0.2788289902528578,-0.27701885249506747,0.051376120127188264,-0.3723228205287218,-0.4807324989424759,0.1470881041636774,-0.41138480356675167,-0.6628771766872298,0.2285088061326495,-0.44325832315890223,-0.4326467837547092,-0.4792531202669922,-0.22958384547704608,-0.6896018222475326,-0.4931823779661071,-0.303768995075883,-0.855833668054591,-0.503960492041251,-0.36723705941831924,-0.9999986805493888,-0.5116753487101375,-0.41557774294418615,-0.4790158274791659,-0.360815667480394,-0.11500223828651843,-0.6878789377988094,-0.16729992878045094,-0.22897629021674118,-0.7363179673785918,0.14489759425587218,-0.3065438008713858,-0.7347149384965758,0.3939282844355728,-0.33917898135570657,-0.4984223233537599,-0.19436420443578326,-0.02160391300003768,-0.6765107867228645,-0.026305229722212654,-0.13936541853341905,-0.7027182209088564,0.23932647883643762,-0.2117078084554793,-0.7017364119227852,0.4086404766034946,-0.2337411978177778,-0.48687328789236456,-0.051660816420810315,0.05231649657161548,-0.6188231385149993,0.1142750474798816,-0.055585689257979125,-0.6480133562170696,0.2999838554264747,-0.11556833759826655,-0.6466657675454635,0.42820099946456897,-0.13671543279455026
25,p,0.0,0.0,0.0,-0.14234785792847782,0.053968201888866967,-0.22736913200164607,-0.33865186965484184,0.11645861672037543,-0.2729616779706763,-0.48826818079249884,0.2262414957563958,-0.2624174078004899,-0.6233469114927216,0.31759585073487867,-0.24070468366968928,-0.5124254457328246,-0.1812586421676626,-0.13392079985391564,-0.7466740353531447,-0.13485975875295658,-0.12505386828016998,-0.8853111233857319,-0.10479463236043601,-0.13456628896606906,-0.999998586479547,-0.08982761751930197,-0.14610980294774864,-0.49713153163990403,-0.1516184848024644,0.0033402456533504436,-0.7243638354377968,-0.004938874778278462,-0.008499245967678403,-0.7127670844806733,0.1415036490359778,-0.04812845028933299,-0.6413658847092968,0.22493617356363108,-0.06863242125730623,-0.48215533328886157,-0.09481283110904501,0.1269558927917615,-0.6676404963240155,0.01328980262327001,0.1021435760936438,-0.6545536998211525,0.14731082888871785,0.033047774318821936,-0.6032382263838633,0.22957612088177082,-0.00038820366745751075,-0.45598182453552016,-0.042129393831129396,0.2365301418607107,-0.5800287165165647,0.053198472104248204,0.20795428167937308,-0.6017807443847258,0.1369982527758543,0.15591578587311175,-0.5880444462498985,0.19856922133552118,0.1297084497874012
25,p,0.0,0.0,0.0,-0.2578440546267059,-0.10848000159735957,-0.08405243758452347,-0.5130043257024454,-0.27974461906911546,-0.1528291896162277,-0.6759978176648804,-0.4144592320307508,-0.22306238383788887,-0.8099601355094358,-0.5092059799931068,-0.29369780580869986,-0.5390375972722691,-0.8587869514646032,-0.12740915496074476,-0.711599826223601,-0.9485081569453323,-0.2553992898915358,-0.8710873308712266,-0.9083969683760346,-0.34067030755999045,-0.9999975742037911,-0.8253130720007779,-0.3860807089132123,-0.3746214968806684,-0.9462098469254315,-0.15247281456532966,-0.6142132858287432,-0.6282897569410039,-0.2975488179597829,-0.7117750316066725,-0.2887338444629217,-0.3440326098329782,-0.7617551233503481,-0.04481498499878497,-0.3412152263035028,-0.20100919234067763,-0.8871974062018131,-0.18539494346855967,-0.3912674903068645,-0.437309816666659,-0.3220297488702277,-0.38731580825855544,-0.13829303922583103,-0.31004171724885726,-0.3486249508460625,0.03753696712191904,-0.2681690946555472,-0.040994517215082876,-0.7447589721882711,-0.2281203141930936,-0.2300000984996668,-0.3601051507309417,-0.33603895007988954,-0.2515947132077421,-0.1250325184152158,-0.3128777888705645,-0.21679415993135365,0.0031609986257160457,-0.2589008853239348
25,p,0.0,0.0,0.0,-0.30276964771908593,0.012875857405717754,-0.24083135160231617,-0.6850383331585491,-0.00023187291321798766,-0.45527744683991206,-0.8739396487934372,-0.016557908337065195,-0.6293301212303684,-0.9999969488769024,-0.1529968407244561,-0.7669845223357926,-0.6276929336850665,-0.6626842385049136,-0.5316832998979614,-0.5992291696292456,-0.3599987924790198,-0.7529940836619299,-0.5197331780824341,-0.24815993943408174,-0.8713890751301909,-0.45227366399549135,-0.18042467844151794,-0.9516189217146988,-0.21182272601619698,-0.7347393373360056,-0.5201568973818952,-0.3657176878245174,0.12035022571001389,-0.8220141479201069,-0.395767689933135,0.5493422124684436,-0.8436821715422796,-0.3648321151571331,0.8262463003222317,-0.8246908706441844,0.15663779104530373,-0.6566110322549635,-0.5139129235511516,-0.017930323191653073,0.13140601714280173,-0.6996524019552884,-0.18493183322170462,0.24395158245500656,-0.5584378423264261,-0.2862770275199386,0.24553941179250166,-0.4560336707939424,0.476090740335701,-0.4933297639890247,-0.5421837329709536,0.3670650058461452,0.04901120499327156,-0.6785357812138033,0.24364678323731764,0.13501259571416058,-0.6040132817944094,0.16886240382181864,0.08821427668797645,-0.5247147914113272
25,p,0.0,0.0,0.0,-0.08875264626871879,0.036048802671766245,-0.23051961571445923,-0.26095203563926783,0.04459689557009799,-0.3105101880994468,-0.43641751544736784,0.0892504883309179,-0.3406696370712575,-0.5799377187484845,0.12396706778780045,-0.3617747643997888,-0.4030511115294633,-0.289654050634265,-0.23604086638693947,-0.6846240440479588,-0.3220951328204158,-0.309767015470967,-0.8685754534828996,-0.33471706356249087,-0.3601933254141563,-0.9999982018506326,-0.34680535477223234,-0.39013536370283003,-0.4286323159395061,-0.25464198128169185,-0.13438126273800555,-0.6403816398924407,-0.12319517144076969,-0.23783009682533596,-0.6314210722521556,0.031378626133926994,-0.2731981580852491,-0.5666719694342609,0.10939385338923528,-0.2702591214803786,-0.45197574975392885,-0.19081744994917077,-0.047975594803604714,-0.6286188484335924,-0.06504228838541797,-0.1566512681468961,-0.6082470333525457,0.06805066919141718,-0.18703880541550277,-0.5533659211716225,0.1201717857071692,-0.17503294752677073,-0.4537355062273943,-0.12911536562584855,0.023001435513105538,-0.5793231061961313,-0.018671167304524765,-0.0681546099622319,-0.5689685271926617,0.06783084700205866,-0.09142423159038754,-0.5243198110333122,0.11336405005447554,-0.07918533511847677
25,p,0.0,0.0,0.0,0.010711235616830949,0.20650998916416147,-0.3206090971655861,-0.1257693313262921,0.3658585547324476,-0.44769766887728996,-0.2994154212967931,0.4572418424433554,-0.4825170866736057,-0.4722769150062783,0.5118068599786928,-0.49796827273669697,-0.34803249563702227,-0.042777866150940654,-0.5108506033910303,-0.6377914035904487,-0.0867630331669012,-0.6607679548393278,-0.8513617030705415,-0.09106866264383379,-0.7413335296537606,-0.9999987781174283,-0.08294208651899121,-0.7773070460902126,-0.41343911426837177,-0.10381403671515022,-0.348431530223707,-0.6890291517966636,0.0802926812666721,-0.47863732990031094,-0.6554158695873414,0.285452258858221,-0.4992379523910569,-0.5466652053440714,0.39059099819953075,-0.49062669343719173,-0.4465086122037799,-0.10200661766663728,-0.19465832840912084,-0.6763879608638771,0.06249855807215232,-0.32899159747693285,-0.6313471612009942,0.2583270626240893,-0.35822882371861386,-0.556660450443679,0.359606692462131,-0.3398401174112255,-0.47590391569270263,-0.0810682830379232,-0.05458711199175017,-0.6898690259340472,-0.013275575573237455,-0.13462163865694607,-0.7560150863028973,0.0647323232185012,-0.15833657591752665,-0.7548718393143801,0.10331449659129358,-0.15665742848924152
25,p,0.0,0.0,0.0,-0.23484646759236036,-0.03103251259948889,0.007427208840563541,-0.46803678791545855,0.00710695098639835,-0.011768928938302803,-0.6203519318084535,0.10089760152938364,-0.04019158153606815,-0.7257208661566031,0.20545211356433105,-0.07641055759101242,-0.6261348872426289,-0.1592864491403797,-0.024333468639648276,-0.8006121068283513,0.06020082083355786,-0.08944841420252311,-0.9126861684843203,0.22198372684486398,-0.1466404084597877,-0.9999984680189411,0.35732511900676817,-0.18438313907726084,-0.5556390981314036,-0.1375109934806266,-0.06215081639843464,-0.6507190452156221,0.28266782271963975,-0.11384375933347969,-0.6559281885838526,0.4569879836240405,-0.14454413163007768,-0.6793325345266036,0.5589119453732238,-0.16702732155838815,-0.4508320594783195,-0.07010862119913014,-0.0995095864794994,-0.4965564985835812,0.30402232458817613,-0.13966406957297975,-0.41286074912595194,0.2573592772356439,-0.12853659897112063,-0.37448976095489545,0.14594020506869834,-0.12231716650396986,-0.3444922376713602,0.018541051269581957,-0.13735782948433717,-0.39950099070262196,0.3081028369673743,-0.16657346077747295,-0.33460101064919484,0.2980439589342167,-0.13849868502625437,-0.2960352514506622,0.20825807648196662,-0.11195558525652086
25,p,0.0,0.0,0.0,-0.07632596984313707,0.11172587369288983,-0.25660905374215287,-0.22661839649198112,0.21060494375343078,-0.3669670826469081,-0.37820581616185706,0.30670392118176387,-0.422174017202641,-0.5238872449498561,0.33129244979455247,-0.46891409631917225,-0.4257554341099269,-0.12893969865469812,-0.31367579876261287,-0.7080530522071697,-0.11128270812810001,-0.38378642201759083,-0.8690021161707677,-0.11618492083633455,-0.417532360088886,-0.9999983875332022,-0.12388712105248968,-0.43527133288110237,-0.44466229377278815,-0.15803672326868123,-0.18273825092220972,-0.6849957562506881,0.03714584738694032,-0.271359590342614,-0.6459766188998965,0.1942667335992602,-0.2798997540738442,-0.5465906620059785,0.2664681208761524,-0.2643911458203187,-0.44977306628921915,-0.13601943914837195,-0.06288032275410545,-0.6381059369585025,0.03045463363272927,-0.15788000017498457,-0.5946272719117127,0.16884012133325818,-0.17419641727085625,-0.5100460819739124,0.2362157037579141,-0.15709981109064777,-0.4473530997405653,-0.1040320350911647,0.04196020296334068,-0.5748466715961722,0.011323163706386403,-0.04223833799341615,-0.567804654477944,0.10933656639714598,-0.07040053171136286,-0.5185310061891238,0.167983680572503,-0.06536693593501561
25,p,0.0,0.0,0.0,-0.41943802324306406,-0.1438868506883857,-0.24423091691788187,-0.8243682854225417,-0.4268952215927552,-0.45723680119244925,-0.9174282882751433,-0.5288061056151686,-0.6664130000538436,-0.6956120244667887,-0.5043666561936208,-0.8487101726460691,-0.48056875584626363,-0.7679076619904713,-0.47444740961144766,-0.5961786320365927,-0.7650941904687945,-0.7770757919648621,-0.6935570453096668,-0.6930865075314159,-0.932807840777556,-0.820855405346639,-0.5621259781116928,-0.9999973495672514,0.02954316898947207,-0.7881066236905973,-0.49086330918589643,-0.16969549632416903,-0.31122081134756113,-0.8611176938261718,-0.3100325000606707,0.03057839949505477,-0.9397560336810411,-0.4467796093963084,0.3150217644933447,-0.9262010385535403,0.45996667352312215,-0.6690610397274294,-0.521094235844536,0.1720691173140027,-0.13813241931632667,-0.8095733884379531,-0.05600924049874576,0.11756951556260141,-0.7581447230207533,-0.22590837059701765,0.2931364260437194,-0.6609810414834817,0.8132559477156605,-0.4917682579711909,-0.5820819192759356,0.6262819123884246,-0.14435802037904652,-0.7288721705208376,0.4097542815169526,-0.0010214864106665297,-0.6677138707387544,0.26671253468780914,0.060256639762151315,-0.5800225562264697
25,p,0.0,0.0,0.0,-0.0889683034241885,0.03916972822910783,-0.22653128665290279,-0.28201579378685104,0.0189807900710463,-0.3113111836805088,-0.4919965207592869,0.004329461774745423,-0.3534784569410291,-0.6684540067227932,-0.020566469177776433,-0.38009250190373745,-0.34269587977293203,-0.38390184041511416,-0.2073714043126432,-0.6446007107429207,-0.5081426546271812,-0.30218922620819594,-0.8486897323191009,-0.5522708799074977,-0.37318702868199133,-0.9999979521760543,-0.5617792177363924,-0.4151239445493797,-0.40916758210380844,-0.3393885469212686,-0.12216786054001154,-0.6610421683425319,-0.29593885217396054,-0.24554866415465051,-0.677389822971354,-0.18221553585811695,-0.30456704302433274,-0.6311181052121453,-0.11749209631268395,-0.314353799300033,-0.45563404630399834,-0.2768243455713599,-0.055567186753038685,-0.6581080944169235,-0.19610707229700744,-0.16263083543609175,-0.6038932729158923,-0.09293115853300644,-0.18666937244855222,-0.5149634183346428,-0.0537444029591685,-0.17148665673087118,-0.4639191006283399,-0.21202297083158872,-0.008262340383166209,-0.616627407637456,-0.14673433329495306,-0.0948584636755089,-0.581317577059963,-0.06477769513491352,-0.10752620548435483,-0.504691840458455,-0.019734875631925275,-0.08733645105125472
25,p,0.0,0.0,0.0,-0.25510087661188663,-0.021754108798638237,0.004760395623789289,-0.4614698406173846,-0.06772678078842449,-0.015021999348556777,-0.5966317801285861,-0.04951643499578713,-0.044927431902698184,-0.7029804205764171,-0.0053934733615012284,-0.0837546962134043,-0.6003164662510068,-0.3743444072483354,-0.03957647101702206,-0.7881825414864336,-0.23293774130141473,-0.11365722140181025,-0.9095375339437838,-0.11416463129588325,-0.17977975024545548,-0.9999984153501584,0.009378565631222854,-0.21953193466999926,-0.5156584153016852,-0.3988364340137558,-0.07890082402912248,-0.6318824887091077,0.04431644756189039,-0.15576802620281263,-0.6540604530606506,0.3412866021489919,-0.1938857102723671,-0.6621136613395932,0.5597597473155554,-0.20763004713131447,-0.3954252586918529,-0.33934055025277565,-0.11835071915982799,-0.47384467539111824,0.04246612326519919,-0.16722573909648838,-0.4243013214354252,0.09380284666557197,-0.16136426544914909,-0.37623090684904054,0.082899723378765,-0.15060687054923633,-0.2797040503459712,-0.23699556198912777,-0.15904628325689932,-0.37565767468178074,0.08161025797302594,-0.17842394377142196,-0.3508759385136536,0.13997037414408073,-0.145715908052435,-0.3133302705355386,0.11710701529233676,-0.1131839908092887
25,p,0.0,0.0,0.0,-0.060947108036860834,0.09121121089557145,-0.3178964915796691,-0.20501605645628043,0.17814907806332672,-0.43928687504460756,-0.34154284675002766,0.2856863295944416,-0.4869423927991872,-0.5014856582337262,0.3600416219569543,-0.5242543159455956,-0.4385992214821963,-0.1417688184140209,-0.3624239614467304,-0.7025937018683518,-0.13088271524991912,-0.4289113118044474,-0.8731012751444713,-0.11727775397695715,-0.4656238884320569,-0.999998538570452,-0.10845171120037603,-0.48470885685143283,-0.456665723293361,-0.1357696912067418,-0.19370739375689025,-0.6794641788544531,0.019332790648281285,-0.2709421495831117,-0.6567259449274586,0.18311162020066798,-0.2927782713982957,-0.5696601596777535,0.27116751840814196,-0.2904483504606349,-0.46664437898132183,-0.09579945000387714,-0.04016299889174631,-0.6516745526412656,0.02243640474486545,-0.12195005361440794,-0.618744422669066,0.16314559802583936,-0.1631365836686627,-0.5531637793695828,0.23989435660403974,-0.16716312868644514,-0.4664081421149629,-0.059718232081050024,0.09425090818548305,-0.5932943428263316,0.010392113758083495,0.028240411459059367,-0.5989213882582964,0.09228594926472217,-0.011473170137196292,-0.5663924776837552,0.1564031783478224,-0.021838374331968675
25,p,0.0,0.0,0.0,-0.369999192309904,-0.13637308362549003,-0.1605394668154126,-0.6656930161967535,-0.31272841209209956,-0.28982706073666636,-0.8152738503370394,-0.4730345290840426,-0.4103055086281587,-0.8130115387840512,-0.594960097539745,-0.5392931150569776,-0.4710933795309136,-0.6950049253902173,-0.31594150912080454,-0.6230594953037312,-0.7882855173598488,-0.5588094730664921,-0.7444995009005431,-0.9046812520951939,-0.7648326554818989,-0.8788425497899605,-0.9999975351307216,-0.9168341784102362,-0.06876143060755248,-0.7275507860662526,-0.37418528825652647,-0.42018457464700837,-0.4710960240487533,-0.7321743293388498,-0.6495778386937536,-0.2030613591644179,-0.8839928663244494,-0.8193919522839991,0.011812473519067135,-0.9242888538237113,0.29668184513527274,-0.6206645171057875,-0.439231465134692,-0.08687255795002508,-0.28879471759618663,-0.7471581674182834,-0.31122639941800956,-0.07789104077829886,-0.748798870361297,-0.4827986766186462,0.08042713338651926,-0.6830700405863585,0.5880924316278424,-0.45001862919614455,-0.5180299428261338,0.2834754168793967,-0.21364347075858978,-0.7439638102444778,0.10974969411017059,-0.09638914923130631,-0.7247004811710372,0.0011796018741398228,-0.014395285942454617,-0.6520376521617184
25,p,0.0,0.0,0.0,-0.208367460769828,-0.08366132845762479,-0.09727223444900521,-0.45856283939886117,-0.2285105314691846,-0.1891282536296589,-0.6176028885414363,-0.29583344135547995,-0.28621753546731293,-0.7357986631070474,-0.36966843654344295,-0.37976351325247,-0.46677541474655027,-0.7566484367211512,-0.2059823252428945,-0.5933379157281293,-0.8964746626098734,-0.35294317640845396,-0.699154296400137,-0.9827593941904131,-0.4248241739171311,-0.7901314219361106,-0.9999970273267023,-0.4663636343750054,-0.21805275467127153,-0.8829029456401606,-0.24603726218733146,-0.44345692063321834,-0.414561125699221,-0.45123826954069174,-0.4797759311342358,-0.016643531375439873,-0.4881420352866369,-0.465695072676363,0.26241969123239406,-0.46792627438525575,0.021636165543745547,-0.8280290191096141,-0.29171886816093867,-0.18124037215919395,-0.24720391768246064,-0.4773365326594168,-0.2441185929101172,0.05144694451980236,-0.4321782429848457,-0.23677883154213084,0.213680667145356,-0.35957091930761464,0.2440389481915065,-0.6818170852174426,-0.35120959703829324,0.09456973135254942,-0.23577547641351498,-0.49250424474122306,-0.008960252325125295,-0.003417192531982726,-0.459491508877082,-0.029028152230553977,0.09946606539946484,-0.3926544849298528
25,p,0.0,0.0,0.0,-0.13744806390005346,0.07472368787414332,-0.21565948225632084,-0.34873774351924386,0.10788933395709757,-0.2881878485176363,-0.5502166379321671,0.17129332840795997,-0.3179921377870512,-0.7126151068044101,0.20615359168835812,-0.3359278880626326,-0.44925241066281957,-0.2567716350749606,-0.16940790534636999,-0.723647530700629,-0.30643231560263196,-0.19744861149756218,-0.8884243910479829,-0.32635650489605034,-0.2134535435015213,-0.9999979642733239,-0.34009872677035285,-0.2208658556670056,-0.4615887409319249,-0.23195506676099675,-0.062432885529344846,-0.7258869589546764,-0.16350811188173928,-0.1147102175734805,-0.7245906969240095,-0.03857541359912488,-0.1380482806148338,-0.6492432671263763,0.02402592491867927,-0.13357174471062727,-0.46628327709550116,-0.18483801077220674,0.029644194799560892,-0.6791017644892293,-0.1165081478015511,-0.03007981671943772,-0.6683898569417895,-0.008718796987135296,-0.06297512951269296,-0.6080695658745616,0.04478395420786124,-0.06048072680235958,-0.45559763939076836,-0.13509712532061227,0.10701893373015674,-0.6321628338080326,-0.11456041793950258,0.06327073480734176,-0.6958179995032534,-0.06124574183086134,0.04133833206916412,-0.711973892098704,-0.02041548995448456,0.04362053223801157
25,p,0.0,0.0,0.0,-0.019525354112570757,-0.022362379039724066,-0.21950323381873255,-0.14385245020981438,-0.01665919088030869,-0.32369949676596593,-0.3393580003179113,0.08778937990372544,-0.395737829631939,-0.49828152906600415,0.13836241995930998,-0.4623572222405128,-0.3642116297308314,-0.344490525978812,-0.22946074527283167,-0.6569983999886333,-0.4200105874508704,-0.33673500319478766,-0.8518297719014767,-0.4474573765912644,-0.4061033333927629,-0.999997493027494,-0.46416438417739253,-0.45056368003174974,-0.45414416933210744,-0.25601168894805165,-0.1656988864753916,-0.6983649684042971,-0.1921206503312961,-0.32094857926608916,-0.672422425586742,-0.03159145154450494,-0.38260698864588966,-0.5805737809269551,0.06538037957582736,-0.390717224948097,-0.5085816957811419,-0.15781694557638562,-0.12038419912709573,-0.7140443277401216,-0.10340138492658704,-0.27023474142594706,-0.6788850028054534,0.02686641387350975,-0.3037010374417928,-0.5867032101905897,0.1105271200841326,-0.28674754967988564,-0.5233013962452499,-0.07016190073057184,-0.0909812584370671,-0.6841000869974956,-0.020799669322660478,-0.21160389533895016,-0.6622925311724834,0.054058579055414856,-0.239094858897025,-0.588381651278457,0.10462833171247432,-0.22598841190230387
25,p,0.0,0.0,0.0,-0.06085999583880646,0.055798136046652326,-0.21782883439746525,-0.2236349857218124,0.07565303219291093,-0.31104446673930647,-0.41765913070845884,0.1019763704231954,-0.36537065706684924,-0.5803511174962478,0.14066306197292186,-0.4114996574385875,-0.3524054077071195,-0.3123437886121688,-0.23491827461678358,-0.6549473402657776,-0.3194050926877953,-0.34721895543772824,-0.8632134632116456,-0.30034259217469605,-0.4256520174270999,-0.9999979729827407,-0.27447625424667965,-0.4714364099701153,-0.4195323184642722,-0.30307504923645273,-0.15584196884439136,-0.6771597901194142,-0.17102334695791435,-0.2984443371231375,-0.7082230037914115,-0.00340167706817118,-0.3623480818356752,-0.6791911307888214,0.10610719404105272,-0.37465634139759324,-0.4755278738087186,-0.2586233577731909,-0.0916865190579029,-0.6838931896820584,-0.10510161214659743,-0.21761428891517773,-0.6630166426287333,0.0463779492475673,-0.2449624495681756,-0.5960861846122251,0.13823911787133478,-0.22696663548432924,-0.5033325816903207,-0.20939859567111163,-0.044252564592707884,-0.6518798503320608,-0.10834755269404857,-0.146135197850467,-0.657804241560538,-0.007414701533428,-0.17044623960768127,-0.6211656846106921,0.06863262556667443,-0.1551356874122741
25,p,0.0,0.0,0.0,-0.09066394417109402,0.10264394267187553,-0.21051560520411564,-0.2529200962668995,0.21751026512183047,-0.3167447262492089,-0.4069711535503418,0.33907400887364075,-0.3771000773843232,-0.5392492460752143,0.4086337413482082,-0.42984094442762877,-0.45611318295105385,-0.06894674855597335,-0.28394809059341464,-0.7146888423549043,-0.034159553681249205,-0.35439232406638116,-0.8684006373490314,-0.03411260273569593,-0.3966311940751421,-0.9999980007457996,-0.042455928758317524,-0.42316008703803715,-0.4827978839375807,-0.13111516288615563,-0.18410343419850336,-0.7111272437236951,0.061030390142279164,-0.2813335247085209,-0.70089861082392,0.225701298483495,-0.30073478151884053,-0.641168785706434,0.3208235566799313,-0.2887806417875643,-0.4881912844343864,-0.13533598139249364,-0.08963336515184649,-0.6979782381775388,-0.001736231666779929,-0.1654344453080439,-0.7285323405677726,0.08825419284881374,-0.172369213172858,-0.7271045074976726,0.1272429015263743,-0.1536698670403181,-0.4780844379974425,-0.11458592758983599,-0.007273549685478632,-0.6319425674107052,-0.011648124431324949,-0.04895090707169315,-0.6771520380444025,0.05324952214760549,-0.045961243796829136,-0.6902146490841473,0.09123700786948419,-0.026589740956605542
25,p,0.0,0.0,0.0,-0.13521168577006315,0.14876452916150443,-0.30533367700073244,-0.3249077085264585,0.19704186879776475,-0.40942198170791194,-0.49597355424984885,0.22956312844279606,-0.42369450862946967,-0.6814459117165551,0.2460039801120827,-0.4239648859869213,-0.4322600930519559,-0.1779400919445478,-0.44025699443977345,-0.6926011179015977,-0.24411789294230044,-0.528847758586328,-0.8669270082931,-0.2889301309403104,-0.5770192925713297,-0.9999985038986386,-0.3319670366095522,-0.5953372693640846,-0.4189796780335406,-0.2315946147818807,-0.2458379286886334,-0.705268948072713,-0.14248619213928176,-0.2933904349621939,-0.7620771302920629,0.041698930118053285,-0.2750416706421764,-0.7245071620489184,0.1619331192438234,-0.2533637067593557,-0.4252936848918386,-0.23003945451628802,-0.06133541177116989,-0.6754022822157086,-0.15561857733798418,-0.11667394101009411,-0.7149944626405582,0.019909386529259276,-0.1377612792884486,-0.697144206573342,0.12140959939904497,-0.13570589415919346,-0.43057255310722836,-0.21986936002905802,0.10863237148911037,-0.6031688131474341,-0.17472124593710303,0.07171307679010018,-0.6696297434690353,-0.0807133483730714,0.047494027225738845,-0.6817714881453334,0.0036767575280628193,0.040636086021056186
25,p,0.0,0.0,0.0,-0.26709441123093064,-0.1526072438655889,-0.12928288111935685,-0.5193548436032265,-0.31832130442929824,-0.25232993408589927,-0.6328656894916846,-0.4705915950549779,-0.3759141067323299,-0.6347633998523863,-0.5947567923813135,-0.4838737605015195,-0.4411204374598092,-0.8298371098477072,-0.23199548110679508,-0.523181302311219,-0.9999976030793777,-0.4295678561732368,-0.6425044665789601,-0.9191335401320256,-0.5433893319458893,-0.7513216474137614,-0.7703528264082303,-0.5895083511947736,-0.21480336869719557,-0.8575965707003051,-0.2526327776857711,-0.36239038788728223,-0.6645577953976481,-0.4519483518010799,-0.46699229583456475,-0.41904067813470475,-0.5147330911539612,-0.55036025637897,-0.20012808002776122,-0.5176491260666083,-0.001931498548634073,-0.7570225290632886,-0.28636719382436465,-0.18906727026147918,-0.3518862617331717,-0.4667311126243076,-0.2679950485955217,-0.06883303929418262,-0.45478891690283785,-0.3247381670675069,0.13228254160033837,-0.4028892601654697,0.1755197784442152,-0.5946071742848561,-0.3346923031534097,0.0014440342897532373,-0.27759989462726253,-0.45310015041042845,-0.0806823353572886,-0.07049094638450579,-0.4273808746348771,-0.12096078415854465,0.07136579614689055,-0.369334125009251
25,p,0.0,0.0,0.0,-0.12818666461861464,0.04400455648023043,-0.24276640042388378,-0.31639361371294167,0.10333908593957561,-0.2922033891854042,-0.47101498972746864,0.21298160407948016,-0.2836542986357829,-0.6161232699087876,0.30156661851044275,-0.261467286043945,-0.4942587576919662,-0.19286453521864472,-0.14299147065946108,-0.7323456410420065,-0.16408618223713942,-0.15274077076194043,-0.8842243373583638,-0.13411913900856354,-0.17442375256583018,-0.9999985723960748,-0.11512026181792064,-0.1909649225796851,-0.48784359992562537,-0.14300225751658535,-0.0026104714604610157,-0.7134480656688329,-0.02107077803361665,-0.03060499378489492,-0.7082593789197905,0.1223320917943047,-0.08064573297571474,-0.636965278571328,0.20520046724901927,-0.10486186649558923,-0.47832990844964357,-0.07862442069093309,0.1203108965107822,-0.6639423227128436,0.005276458966362448,0.0768637872115418,-0.6530684384168308,0.13886722028859613,-0.005641711497032782,-0.6013589022893693,0.22049963698754277,-0.04312256229274419,-0.45782984128521353,-0.02372521750942946,0.22785272086148353,-0.5767483043425032,0.05092703170625382,0.17855383613167472,-0.5957254405719001,0.13159578348891324,0.1122513285929742,-0.5751370906392009,0.1912772323181218,0.0795546193971899
25,p,0.0,0.0,0.0,-0.3645751757090443,-0.1287264343348616,-0.24774191296888798,-0.6937716528151519,-0.41598090632975027,-0.43663594857541727,-0.8052510255576147,-0.6210546275856913,-0.6103298326660096,-0.6718929249061698,-0.7590314401858169,-0.7635998763144095,-0.4346595055406203,-0.9528324224268598,-0.3936986561796323,-0.5257515019875795,-0.9751442020603883,-0.6612847592802286,-0.5800630092801662,-0.980638733234089,-0.8114649862707733,-0.6714436002565111,-0.9779103594337634,-0.8889157934205927,0.043551945166669784,-0.9999973168119946,-0.38821971822655515,-0.11436379869687453,-0.6817166538989748,-0.6721902579581347,-0.15654442006624994,-0.3454820367252911,-0.7460886095889848,-0.2229574660411823,-0.1062123026767804,-0.7471140037841395,0.44692713201391465,-0.8963936000150579,-0.4010340670044796,0.2628973815895777,-0.5157041902006035,-0.6531424192794236,0.15613195938944988,-0.25859605165451066,-0.6166181387346804,0.07248064799785513,-0.09588999045019317,-0.5411157244930759,0.7824260690351051,-0.724552750291175,-0.4429263737227882,0.6523834069491522,-0.40833319128364615,-0.6181297615349693,0.47522107081787257,-0.20662232797693944,-0.5877678418153994,0.3566935623535877,-0.09316541499848088,-0.5162903576776561
25,p,0.0,0.0,0.0,0.06983802493406213,-0.027256392502672255,-0.2849263518631551,-0.0384906324914617,-0.047267674477225935,-0.43661200824815194,-0.3113788566053949,0.031019105137521798,-0.5432768666409512,-0.5483781336667957,0.049660605198035127,-0.6388849322528173,-0.17786654047774733,-0.5420985137099826,-0.3418212139392537,-0.5258196339144816,-0.7258714909011788,-0.520306839779199,-0.7891828542687748,-0.8021680358507048,-0.6310683101042122,-0.9999961765032785,-0.8490109081504462,-0.7008636041325456,-0.3661990762338224,-0.4823644678209144,-0.2698953569512856,-0.6414622271136178,-0.42335308700953056,-0.49571799528481925,-0.5891224511009319,-0.18924310286988394,-0.5627456940109139,-0.4708152725696337,-0.0956097748480952,-0.5618879992711266,-0.5128839062341148,-0.3851265884900134,-0.22222488671302532,-0.7618486345431352,-0.3473642045812513,-0.42066440692113055,-0.7026133437857328,-0.1570553359479517,-0.4146633354951279,-0.5900935251772527,-0.0832131402744022,-0.3637259593211886,-0.6004875046357923,-0.2896315603674351,-0.19750937357043039,-0.7891005830316117,-0.2602119584931513,-0.3438395940277153,-0.7536011139411615,-0.1337021552981651,-0.3330038909530225,-0.6497701407290214,-0.07140174818556996,-0.28306442386420166
25,p,0.0,0.0,0.0,-0.3571187950889837,-0.08353704322980374,-0.2645144332284495,-0.639110071885647,-0.2801957039345554,-0.45363690096029224,-0.6358605272357034,-0.3788754213970643,-0.6166069422089102,-0.4376501940243427,-0.4345158050177494,-0.7471728238706872,-0.3404177123888428,-0.6738722570636252,-0.4310518393308864,-0.4596649540660169,-0.7686981263296772,-0.7362617388028857,-0.4315894107667701,-0.8023604462518005,-0.9055802474099487,-0.4390220456636651,-0.776331815013856,-0.9999980345970476,0.1744582224385503,-0.7013949536997173,-0.4312459228630539,0.041089126748563944,-0.4979827893833327,-0.8096490948325944,-0.10901314995924183,-0.24842352390718958,-0.8881935024712224,-0.2580191636858957,-0.06888275544382033,-0.8649163647970528,0.5573214497921642,-0.6112285828317815,-0.4539042600315397,0.3708322155814085,-0.34680029885321434,-0.7585242064822652,0.1761102314746909,-0.17743118267959246,-0.6842200568972567,0.044429108994302496,-0.09718726283760241,-0.5737053148358131,0.8396621179482298,-0.46140347626860123,-0.5098971979845369,0.6686983948394252,-0.21871336792280677,-0.7297185436029767,0.45233101563862604,-0.09993483197202604,-0.704375340309328,0.3311954791342253,-0.06783956011926834,-0.6307972101542928
25,p,0.0,0.0,0.0,-0.1173102290001529,0.03617738289450881,-0.26215929321841697,-0.34383940681043645,0.029450913107918548,-0.3367310937653619,-0.5598755897146486,0.07017115853182929,-0.3555150772279877,-0.7389255000741571,0.11644927066357028,-0.36396216010832716,-0.43492973739805674,-0.2966948613085656,-0.19731560304392046,-0.7013366758782495,-0.2737890714679078,-0.2570182739626992,-0.8640678949215564,-0.2442948795233779,-0.3178421907823108,-0.9999987502609465,-0.2091178262275858,-0.3606888349496103,-0.4777108673884204,-0.24254763616441596,-0.07678489506344738,-0.7002129904216525,-0.13857872309430733,-0.16074686698616358,-0.7883793923791717,-0.00041342090050471703,-0.23769438515108998,-0.8298949702273506,0.12899223731412637,-0.276954584383948,-0.4984267183004407,-0.16527059174568637,0.024065995712798376,-0.6868078735904762,-0.06834115650251407,-0.06439456359558327,-0.7387746573131622,0.05120802601231814,-0.1438285198273177,-0.772633940799877,0.1444525402074512,-0.17750486456555922,-0.49315563906413173,-0.09092306272598367,0.10639344665091101,-0.6279176678540047,-0.008715880955919896,0.021844656814977825,-0.6697183943881535,0.07866997489242111,-0.03774881837732697,-0.6880211708206422,0.1516434567174013,-0.06235262283142937
25,p,0.0,0.0,0.0,-0.2706560038991549,-0.0354270325144095,0.008221374913101497,-0.48117761787993946,-0.09479939377106726,-0.007605180529229149,-0.6397173835314404,-0.08923645180865207,-0.03578322321434821,-0.7651573003867959,-0.05908664352348741,-0.07466318734839995,-0.5733540815661299,-0.42212472267438417,-0.015328763760684917,-0.7683089459259479,-0.3184491280074281,-0.07895695413072357,-0.8999418388917418,-0.23136352311234612,-0.13631008199774972,-0.9999983504652015,-0.14400429383618596,-0.1703542569064041,-0.49743998104604725,-0.4266204017346782,-0.055986940715720634,-0.6744339561904166,-0.08571286195271295,-0.09605780814354563,-0.7478048149335146,0.09004129880236594,-0.12307892244955039,-0.804669280430075,0.1956938369966068,-0.141015821600686,-0.3998812874392748,-0.3444236819027744,-0.09771471413510163,-0.5239795796119132,0.028943127714208115,-0.13473967911462967,-0.4620142758507698,0.07879163007847793,-0.12589216305998394,-0.41019401633582386,0.03716355921890185,-0.11742306814789019,-0.31710991216313583,-0.2133815934306558,-0.14084347904338007,-0.4344140018184752,0.07235688524613106,-0.17056499339860437,-0.38598115904851144,0.11127034268078168,-0.14214894656974023,-0.3285415710880212,0.06101499242254801,-0.11123762580252544
25,p,0.0,0.0,0.0,-0.3910724854449117,-0.09960074524871187,-0.24480389510052394,-0.7738828177836079,-0.24528135231270345,-0.4698801830597818,-0.8561706053092828,-0.2822827309216765,-0.6714922527537034,-0.7681044885766777,-0.25617419530322827,-0.8398328220615165,-0.6596280481548268,-0.791739085506371,-0.551298166203639,-0.9999968410226234,-0.5163960077392286,-0.7899881072070669,-0.978572294732953,-0.3034856602057403,-0.894460566639773,-0.8472293853120562,-0.1770583364746205,-0.9504435265093236,-0.1921104994769115,-0.7762115380224273,-0.5629360716335734,-0.6672471918522518,-0.08156588472236523,-0.8279710401492829,-0.6770577455069853,0.2523277186685354,-0.86228825459222,-0.5852681053297136,0.4555783796889574,-0.8589220108995828,0.2587275922556756,-0.6588782313998762,-0.576942191072018,-0.15845465269089284,0.15326115136791676,-0.7887839944195955,-0.2613898206688201,0.40244923302711777,-0.7110733418041072,-0.2705006897077218,0.5146202002760792,-0.627099231506799,0.6680594737232686,-0.48000925386309434,-0.6233462407202656,0.40520155807338276,0.08274966221960263,-0.757454325961117,0.21177303052574403,0.27049409956736814,-0.6834792944050873,0.13545035561359375,0.3308341778041562,-0.5866104918399752
25,p,0.0,0.0,0.0,-0.030911694848222683,0.004109533554502166,-0.23826269705790848,-0.1673124081176344,0.046159768220915214,-0.35117441288756523,-0.35244041743045945,0.1779854106831705,-0.4265459523732304,-0.518492567173248,0.25024132322656584,-0.49759063845255747,-0.38141380958451454,-0.2747991844133049,-0.2643995240395479,-0.6733096554947426,-0.32284418174166746,-0.3659479615966258,-0.853441781082859,-0.33798738425963826,-0.4307644250483702,-0.9999982155770976,-0.3503358742231782,-0.473163121314968,-0.4492124980824489,-0.21191698197978542,-0.18407714424395558,-0.7078851827649001,-0.12903646062227223,-0.327810920121818,-0.6820405795899016,0.030778425902009337,-0.3918158841782142,-0.6022420488584251,0.12448723526916994,-0.4089040368836793,-0.48957937471875934,-0.13770830179674362,-0.1205540569788106,-0.7079246422852873,-0.07724929681061332,-0.26309799802613,-0.6783694083353342,0.06351408655918066,-0.3086175328697657,-0.6018629290190178,0.15696699402323727,-0.30371822392810693,-0.4990497659715785,-0.07359136736275271,-0.07271989819629043,-0.6710556234575309,-0.030284384197970242,-0.18500169091081733,-0.6729171874887353,0.0484985159130822,-0.22125060497108734,-0.6264131322934445,0.11666627324051401,-0.21956438851885424
25,p,0.0,0.0,0.0,-0.07571642482716366,0.034315503863129544,-0.2850278762231398,-0.23259537212877238,0.05127929358051892,-0.4143064270139077,-0.4160751957808774,0.07659926655336641,-0.4833615922134425,-0.5863124437242141,0.0949108050997065,-0.5434871686570876,-0.34970669580724023,-0.31734120223032375,-0.3524280142916809,-0.6711848385616388,-0.3357342400356084,-0.4458201931137259,-0.8576275416768526,-0.3651011731314915,-0.4979368112850641,-0.9999983160952325,-0.4012478007386914,-0.5280581645531849,-0.38276428068964,-0.32914399115391957,-0.22239501823653895,-0.6799465107409098,-0.19770124360084532,-0.34467835815666886,-0.6923273723023029,-0.03880007084453756,-0.37205463170541203,-0.6336503147072888,0.0550130034730544,-0.36731618248816617,-0.41475555014466625,-0.29761371442836687,-0.1064814802339792,-0.6623534102432463,-0.19473655750391755,-0.22448122863899317,-0.6705182910509848,-0.06173598975616473,-0.24583262932283922,-0.6281672814352641,0.0164934627131845,-0.23115091922444392,-0.4416980810240387,-0.2636499019486633,-0.0090699708675641,-0.6124918223678905,-0.2060008189966424,-0.09673443985927888,-0.6356258687883312,-0.12886227224831381,-0.12218893177523041,-0.6184788562911347,-0.07675473743034322,-0.11829587427064825
25,p,0.0,0.0,0.0,-0.24140951528354387,-0.012414741477977807,0.010668408348087244,-0.46423992125549907,-0.022783932924016904,-0.0067477824444178835,-0.6170418192636223,0.015725418444254437,-0.03507921273474044,-0.7373895743443292,0.06103255689251714,-0.07410947809763561,-0.6201074581156721,-0.26833872384985524,-0.036818046148656566,-0.8003863584720475,-0.09731788071996196,-0.10556708990490221,-0.9102341067455791,0.021355209530413418,-0.1670617081425188,-0.9999984047119245,0.14861908693874656,-0.20584663230271635,-0.543200387022941,-0.26901533617477186,-0.0798327274051841,-0.6606720583469459,0.16020396029801456,-0.15560265809898646,-0.6954758857294112,0.4316388695634412,-0.19848809589438796,-0.7222904911963155,0.6372143419237393,-0.2204874932262599,-0.43005463206979194,-0.19679546291001918,-0.12083603334057672,-0.48745069783289763,0.1766233205962185,-0.18490100821158595,-0.41029730495712236,0.1862260191284885,-0.18767199752678643,-0.35553784740136646,0.12271902418920128,-0.18183112612094585,-0.31757281915490027,-0.09517886058081138,-0.1595335372771548,-0.39074593537468766,0.19279260319150557,-0.20279917875891104,-0.33100370335995827,0.20294870561388054,-0.17944438167171003,-0.2810778294206373,0.13088106596219626,-0.15124100106022806
25,p,0.0,0.0,0.0,-0.1754734811509482,0.06939108551677722,-0.2977017537891092,-0.4465410740631938,0.010077007219581432,-0.40995931523753737,-0.7483563366995338,-0.06759785732523999,-0.4658011047066783,-0.9999969414551206,-0.1482836461634004,-0.49710192876820697,-0.3802484185106688,-0.5778666225381853,-0.23978097542185509,-0.8309724459469956,-0.6533826150782825,-0.3463757805654413,-0.9971783473343097,-0.49166275799534653,-0.4208057342989714,-0.9813658902968099,-0.3373576962160357,-0.4561055219453639,-0.47309667524010185,-0.564533857450189,-0.1105937556280648,-0.8809166722276774,-0.5988250055116958,-0.21733855096070073,-0.9663750750484891,-0.4026866044158883,-0.2895607183867422,-0.9020017105446607,-0.2497863504737616,-0.3165239729352561,-0.550192635080788,-0.4982717833066133,-0.006018291250256471,-0.9033981552096508,-0.3993066067251247,-0.1098044954947108,-0.8714961398434262,-0.2183411876310964,-0.16210834409467675,-0.7411890753412981,-0.122122185112564,-0.17307244005314093,-0.5968475596525381,-0.4171032092747114,0.07737769448614498,-0.867504787428897,-0.3348898995686721,-0.028728215448592033,-0.8446545045047206,-0.1929855991183264,-0.06639400888459798,-0.7307822811244624,-0.10770694752984894,-0.06375633387779682
25,p,0.0,0.0,0.0,-0.26053511314328626,-0.07677909117578896,-0.004929641238544649,-0.4771936444398516,-0.15354958778777625,-0.025559757510869998,-0.6371029624706374,-0.15603321915027868,-0.05590558477224932,-0.7640484237686671,-0.13008949104000514,-0.09395190966533715,-0.5705871141132494,-0.4909164708556703,-0.028628331675100968,-0.7715932653294547,-0.40808880722232366,-0.09641699356400321,-0.9018220969699454,-0.32853994498229055,-0.15440160745946094,-0.9999983426108813,-0.24370695721962218,-0.18732880146243644,-0.4842726507637799,-0.49614944884487666,-0.062459946074684,-0.6789374463216552,-0.12665996371887098,-0.10522751430395395,-0.7498800383713948,0.03800654416422709,-0.12864345277564063,-0.7978504974423097,0.1280465533455399,-0.14269595974372495,-0.3801643779140797,-0.40908891314516416,-0.09907181851165565,-0.5361902373516777,-0.0053225046954737554,-0.1323209505503686,-0.49578501958206805,0.05663165543906728,-0.11534609431353815,-0.4507214000498204,0.023366742003028865,-0.10063246040381957,-0.2903917386974705,-0.2785503067524771,-0.13967556329597702,-0.4276372907713498,0.018188665494658987,-0.1663459271998501,-0.3957730936588038,0.0705963397954311,-0.13498593214849067,-0.344948449101018,0.033444608971156024,-0.10014866425740633
25,p,0.0,0.0,0.0,-0.14448756972619345,0.08121458616790128,-0.261355533457029,-0.33972728380652556,0.12709542197584456,-0.3287964840012201,-0.5102587515920299,0.19703223952731239,-0.328465346746938,-0.6699594456211482,0.2584837605569353,-0.31667722330080744,-0.4786674138995677,-0.22654998616061908,-0.23242572975009296,-0.7317326840544429,-0.22829447255506738,-0.2391611196386233,-0.883124632729302,-0.22426483093926627,-0.2457564356929055,-0.999998533281964,-0.2247624438364674,-0.24832648129176255,-0.45937494788736694,-0.2304147038954346,-0.06874927412075796,-0.7121381708602622,-0.10505214102743826,-0.08190322126586697,-0.7380703420603633,0.06340674106579705,-0.09710348889333592,-0.6901848046807898,0.17403810006231998,-0.09984138705063045,-0.4478948819687333,-0.1961943317948415,0.08315099679422336,-0.6618565382089937,-0.10213347353279524,0.05771971686160547,-0.6765396156047276,0.0555874345388359,0.008133675839885522,-0.6470212132973645,0.15836547938067258,-0.012161151203037457,-0.43166502576235644,-0.15987449136566706,0.2200584990647833,-0.5715196026060528,-0.0899145940874141,0.1950008003536982,-0.6136692159170628,0.0031841280642760576,0.15541219526746788,-0.6186444706569989,0.08631459382496767,0.1387073250630337
25,p,0.0,0.0,0.0,-0.08805017073393318,0.07216222694869871,-0.19835397841366786,-0.2808393330382116,0.10801181594500622,-0.2822100091118055,-0.4834135103559266,0.1568447047413587,-0.3353012895159467,-0.6574074025939989,0.17425986304089597,-0.38015178082315176,-0.3434359285337647,-0.3133730397538809,-0.21370800416478392,-0.6339021623077258,-0.4066164174690623,-0.3006508279077412,-0.8477637226238293,-0.4541725334730914,-0.35036979193972145,-0.9999976315023309,-0.4773615452039903,-0.37506995970359563,-0.39685074321995,-0.29714896195509916,-0.14835499681937298,-0.6935890315734493,-0.22114851091554585,-0.27884272204423616,-0.6970282994600684,-0.05404049547074717,-0.3246905509219817,-0.6121086502508778,0.04036276341003893,-0.3214917367348899,-0.43759538084529576,-0.2564439940726374,-0.09835146238092148,-0.7099321186008831,-0.19509127795271033,-0.23471551532403573,-0.6954568976520905,-0.048182220308977564,-0.26325658947454667,-0.6116636714979583,0.021779959404474802,-0.23789996511134656,-0.45003699807080016,-0.2186678108374049,-0.06090033986579338,-0.6820356777722372,-0.28471426222924356,-0.15102462228333072,-0.8016323292005307,-0.2830756618532487,-0.16817474505423152,-0.8581905121965208,-0.2857268994737522,-0.15226294295388176
25,p,0.0,0.0,0.0,-0.07476294967739368,0.044387443815776036,-0.26780347542042815,-0.24013994212891698,0.06079660889427452,-0.38477522777206424,-0.4412863053378164,0.09269468635102654,-0.44409696552860706,-0.6200869387576982,0.11207462656862273,-0.4959222011884226,-0.347530004669724,-0.3264838461883209,-0.3407896934171909,-0.6584996471104336,-0.35842030212958087,-0.44437101595181205,-0.8466793277883027,-0.3874613896428467,-0.5077357634623288,-0.999998257417796,-0.4171923031503199,-0.5465039531769816,-0.39995989620927724,-0.3354416129776634,-0.22636273579981284,-0.6898840552975398,-0.18012939107160114,-0.3659980998128255,-0.6986090064629998,-0.005882242796046463,-0.4080930393919614,-0.6474707924155737,0.09510188461071917,-0.41028409251968906,-0.4490179860097727,-0.30053510895925845,-0.124462055918812,-0.6960222239009682,-0.17031343151298395,-0.25361431611527735,-0.6837365387547185,-0.029451721717602013,-0.2743370099271841,-0.6341449932128621,0.04762505069154748,-0.2569192541211768,-0.47888953407211404,-0.25788518741165933,-0.040191339805476636,-0.649988400226097,-0.17869832541652497,-0.13819217946676954,-0.655007412752196,-0.08682324561827866,-0.1583383910496092,-0.6286833557565042,-0.02575201503783624,-0.1466730325648296
25,p,0.0,0.0,0.0,-0.12916877318803913,0.09516866645236696,-0.20896681152314214,-0.3250301518222385,0.16995051662374294,-0.32939191076019086,-0.5171338978423533,0.2101957257627492,-0.407081373979606,-0.6953802161087607,0.2256658655748094,-0.48109863912147294,-0.40040193287564724,-0.2344485900032396,-0.318632701586985,-0.7105718825897055,-0.26195851076795035,-0.4152256036695941,-0.8772884586793351,-0.2676184136322561,-0.47121814173010335,-0.999997732035327,-0.2724045050342658,-0.5014639615871012,-0.40310772034924214,-0.3144136940265364,-0.2337877410819236,-0.7144910567720827,-0.2010467953857794,-0.3398054277363119,-0.7696091750547668,-0.020759510928508043,-0.3650512994875017,-0.7487221882275976,0.11644402894958195,-0.36745992482511386,-0.4216614791691047,-0.32657608435361496,-0.15647173290443694,-0.7027113645034447,-0.2501041984610718,-0.2651951394418057,-0.7680449930575163,-0.11463016722292847,-0.29883010478111427,-0.7747009112148598,-0.004382305071892411,-0.29968380803564165,-0.4343274195730788,-0.31486222534335234,-0.08791110030304973,-0.6502088678148148,-0.2766071542532202,-0.16098365987699598,-0.709009457948428,-0.1972415789791936,-0.17489647813916204,-0.7275373971536095,-0.11364794041521763,-0.16979747598802644
25,p,0.0,0.0,0.0,-0.31593622977624597,-0.12897381139801703,-0.29678119229903444,-0.3625683984093487,-0.3168694886409374,-0.49032174532499295,-0.029200773089047605,-0.4179627827864504,-0.6460050113722041,0.38870920963736305,-0.4265562214599177,-0.7656667335685825,0.09927240421367901,-0.5940774847833291,-0.41233503930405263,0.28678851108278747,-0.5654411077117876,-0.6587494096790871,0.39710513132322484,-0.4773827393711509,-0.803208797067497,0.48586833977170457,-0.3772792174493892,-0.8913143955196432,0.5072604010911708,-0.6038316600368036,-0.37454403216945925,0.6053692201666901,-0.28341291880504244,-0.6864920770638572,0.5297945307613239,-0.0398504638116938,-0.7810389267710864,0.45899707684603014,0.1373225792730341,-0.7959657275596134,0.8023805887000607,-0.5338707157432382,-0.35653130186031307,0.8030474565103896,-0.21658493067516646,-0.623319908119972,0.6020404764971307,-0.054595312948233936,-0.5930619130194922,0.44576827105190364,0.05196512729844927,-0.520484771531355,0.9999982931830209,-0.4272415540311275,-0.3707456579080721,0.9792211134876017,-0.19729561394329567,-0.5578893412323046,0.7887392506449298,-0.07855336562483534,-0.5345042048141116,0.640363146664032,-0.01925192940612008,-0.46731292378558054
25,p,0.0,0.0,0.0,-0.3469639629164485,-0.10967459394382603,-0.14571833966415812,-0.6906914777301615,-0.243848541973212,-0.2715689424545613,-0.8432477245487487,-0.38376284738159044,-0.39300971238031557,-0.8958422826843452,-0.566363818072932,-0.48827511499505327,-0.7467731750335549,-0.883726751814164,-0.25967345302145894,-0.8508359111175333,-0.9719608499804965,-0.45569290714982846,-0.9111801195882505,-0.9012881492809428,-0.5470506220913178,-0.954015937915605,-0.7407203694967687,-0.5874586846579181,-0.4482662485226469,-0.9999965861216333,-0.2870279280539708,-0.6740452450889625,-0.3644969745037012,-0.5735355633626493,-0.7034253425889431,0.17079397093106272,-0.6209953295491423,-0.6613527381514259,0.5618474109831808,-0.5892461811360293,-0.1324547201002423,-0.9316458300190094,-0.3290589710872357,-0.3233872007862368,-0.18132787925582408,-0.5597397715592332,-0.41239992668021364,0.14641528226886438,-0.4929748602744315,-0.41970985023644003,0.3337313612066395,-0.39718505651436364,0.16251628219185527,-0.767182317188269,-0.3906900824025946,0.03797939113231282,-0.24234225901126552,-0.5348494757457921,-0.043796054639063435,-0.06641135955952206,-0.49041311095333384,-0.060042850136824276,-0.04514453652880601,-0.41438125285369176
25,p,0.0,0.0,0.0,-0.3181810353838744,-0.13637671528182066,-0.19674126504437864,-0.646993414239234,-0.35645636957983035,-0.34517494851162206,-0.7508953841800167,-0.5504602875236315,-0.48597219512581763,-0.63970037142437,-0.6971110014854474,-0.6033529244728423,-0.4686456402722508,-0.8860705167323012,-0.25210605467760017,-0.5393528795356355,-0.9816536485244532,-0.46634131159366615,-0.5785723596139957,-0.9999973478209453,-0.5947353900253749,-0.5989577694411183,-0.9784058894424067,-0.6677393263925703,-0.10537229239406709,-0.9529967066441893,-0.2513478332114275,-0.27591886834501617,-0.6961103412199607,-0.5088786206849856,-0.3688364972830605,-0.39139727613283093,-0.5807052004183298,-0.44035446106011783,-0.15287622774463713,-0.5767814028488656,0.22719817437462778,-0.8775825701604472,-0.27169921584705786,-0.010710068402324517,-0.4664815741262195,-0.4965334291458427,-0.12967703396877392,-0.18650758143203097,-0.4646441807176476,-0.20555166387326834,-0.002846744085447379,-0.38774845842455224,0.5132422860584349,-0.727054297669871,-0.31737880367885263,0.3068052828776061,-0.4048565519091012,-0.45915742453130104,0.18611862020245282,-0.21292264120801946,-0.43996822263923957,0.12876237041488686,-0.10854539716167828,-0.38036574348716096
25,p,0.0,0.0,0.0,-0.24770924554933546,-0.002522630768431781,-0.005437165358513512,-0.46150651605571646,-0.021697655539802702,-0.027151830421567835,-0.604427126325181,0.022395246297884547,-0.058284254421759024,-0.7161050779570526,0.08812046709050428,-0.09766417128781572,-0.6029158067657433,-0.27750351457666733,-0.02869320909909958,-0.7785276797357477,-0.13897792147334304,-0.10076647957938031,-0.9048141483086226,-0.03299111521111843,-0.16712788617778046,-0.9999984009248766,0.07771936887191998,-0.20955478849954384,-0.5243963864081915,-0.2864805278226884,-0.06431450905748201,-0.6396420205733518,0.1315419413977492,-0.13550304902642618,-0.6609593800174111,0.34364918177338444,-0.17420151269899015,-0.6813756569328591,0.47945911286318815,-0.19319959017668994,-0.4093190737731272,-0.22386854049455923,-0.10203463362145826,-0.48146758140392865,0.16420832758676285,-0.15042177177710614,-0.40962035596827634,0.16563010123593716,-0.14251270907714567,-0.36486755938901516,0.08333922063765312,-0.13361018239724579,-0.2966767998984775,-0.12718006908556753,-0.14228924937878212,-0.3722330560152851,0.17806111326381893,-0.17104905822111652,-0.3227206012201868,0.1897406830814647,-0.14150308966156,-0.28035027866529955,0.10149187797268507,-0.11188381402565294
25,p,0.0,0.0,0.0,-0.0781766369897738,0.06974128500670729,-0.30271421640476004,-0.23175023696792826,0.15283919044885091,-0.39735874034054597,-0.36734226930306585,0.2619079991900534,-0.42008515617813885,-0.517779987477367,0.33022828913652147,-0.4292200939769024,-0.47031343300459444,-0.16165666555613137,-0.28648698391042804,-0.7242086960260355,-0.13977560921910012,-0.3137710012181495,-0.8798228292251041,-0.1280419784323749,-0.3274362398890427,-0.9999985697797672,-0.12608059776490924,-0.3333937375966011,-0.46339890121918037,-0.14087155453642186,-0.11867990494565714,-0.6739849303389821,0.007423034727061871,-0.16233539397273455,-0.656399636949821,0.17565515906770135,-0.18435557466865418,-0.574084348650309,0.2676301704314897,-0.18390348443809362,-0.46017892249128084,-0.09223680726216223,0.03293805793346312,-0.631917585935067,0.016327249439225262,-0.02355475941664804,-0.6071307741464,0.1532889576777082,-0.07735092343632959,-0.5489429913906758,0.2290198361769748,-0.09155975516175507,-0.4462458992662466,-0.05189577280289739,0.16620407292552214,-0.5654904784409233,0.01776631702647699,0.12206352409325177,-0.5792701835535428,0.09437499180238187,0.0804601992795614,-0.5515737801636384,0.1573521220880618,0.06666815988037524
25,p,0.0,0.0,0.0,-0.1806091386887497,-0.11418309016609839,-0.1421639241445505,-0.4047460289525942,-0.3251056760248033,-0.2831639664401118,-0.543152515850704,-0.42366542083308684,-0.4185457897966099,-0.6320072701367929,-0.5104077571434609,-0.5433206639540995,-0.31955287692803985,-0.9569750806378033,-0.29830833515314953,-0.4793063554798282,-0.9568307990646341,-0.4990243120838597,-0.664930829823355,-0.8634008713210772,-0.6292441320783456,-0.8262147217396467,-0.7199087373510559,-0.7040574948669409,-0.012272470776828737,-0.9999964415389668,-0.32382602402756827,-0.3437426556823264,-0.4248828794585804,-0.5511469185634081,-0.4451711699399329,0.02983441749997659,-0.6118839992719499,-0.4941367619750284,0.3632454308292686,-0.6143285140844011,0.26271781474444683,-0.8450259422091634,-0.35578457807278213,-0.062421161106872604,-0.2145710378702777,-0.5395093715488468,-0.1612966179646417,0.07145241341933196,-0.4888925217151234,-0.20436718625275888,0.24718005206178642,-0.42018827192439634,0.5074670855209599,-0.6080839960450382,-0.40595954239014886,0.24975845550792103,-0.15328196481455006,-0.5472407110475442,0.12249924461168464,0.03751586028410126,-0.502762164585092,0.07688749656885689,0.11611235909597463,-0.42593275712443324
25,p,0.0,0.0,0.0,-0.2919630052743628,-0.04851121638000001,-0.024444073462637064,-0.5254856640957783,-0.09681473560051106,-0.06180399147197023,-0.6879864455539916,-0.09676249945304198,-0.10281669588871824,-0.7822210273271272,-0.074381155419992,-0.1452857557915639,-0.6373763235947915,-0.4410710882248324,-0.09906193691991484,-0.8207610908230071,-0.3029076996113879,-0.16795137101819121,-0.923174112084884,-0.1486218709688781,-0.20554373825950345,-0.9999982559659122,-0.002974705663631841,-0.22488362610913337,-0.5164804641297069,-0.4513442492033496,-0.12920532557960496,-0.7023093892849469,0.020762335319105533,-0.18478777003299987,-0.7133195737173064,0.19673287009961257,-0.1971292355640282,-0.7150617142057326,0.28006329902331106,-0.20328933268608382,-0.37875552130927276,-0.36410912927413824,-0.158980228500507,-0.5398788277622866,0.07819288687351633,-0.2061686489072852,-0.4723739244473379,0.08283623858525477,-0.1908019177997389,-0.4176554944600278,0.014418839941980646,-0.1782427106957903,-0.26562741086603703,-0.23350410329440413,-0.1913345965632581,-0.42882139978573786,0.09547447560186675,-0.23375667641854792,-0.40206261461851345,0.12555979377821375,-0.20824460696498523,-0.3635114022135469,0.07184284248685802,-0.175999687924655
25,p,0.0,0.0,0.0,-0.35853504693930177,0.01955872112412872,-0.24787371713937253,-0.66742656157696,-0.014111026113688085,-0.4837062969994386,-0.6244838656519688,-0.01907193915355121,-0.6974042760694809,-0.42418374240939277,-0.03528405901519228,-0.8922053988698905,-0.543444036368781,-0.6233890027818929,-0.5350934704227791,-0.5414783691323981,-0.38061303825779813,-0.7793194206313304,-0.42881521013597096,-0.2388424985213152,-0.9171204070661966,-0.2924994044160205,-0.11466897830981287,-0.9999966733823767,-0.16563723172975717,-0.6942224219432888,-0.5285911637601962,-0.16089908836156158,0.00477779974054405,-0.8136984220885997,-0.17066367692492615,0.40319882942421664,-0.8874716177026533,-0.17158529101830466,0.7140873398324131,-0.9100227095432668,0.181790263596599,-0.6199677483984593,-0.5230879002580023,0.14721476481434306,0.09702288402405101,-0.7643679272761819,0.02460667990129674,0.38057308446265703,-0.7389946401269236,-0.07545715389536607,0.5815543554707835,-0.6853703515984749,0.48220750888618114,-0.47751224397058734,-0.543144953271155,0.5060861969320908,-0.011127379799119834,-0.6923568129969672,0.3805659463156343,0.15861617014639087,-0.6655695778916242,0.2676726812186552,0.23958853402612085,-0.6155499544687209
25,p,0.0,0.0,0.0,-0.2237463657851146,-0.15268312637404272,-0.09768356820021284,-0.4489042044111323,-0.3791166603105922,-0.18116486199643592,-0.5478125918383265,-0.5898139702141088,-0.26604464772514,-0.561484213935667,-0.749303638229077,-0.33851342848728805,-0.3916718688491433,-0.8576010381858274,-0.15268284566760484,-0.44347018364676283,-0.9857853007142834,-0.314725752119782,-0.5188730562318692,-0.999997519903152,-0.4059543939083322,-0.6106802492555761,-0.9393889285927474,-0.44642459791330563,-0.16919321580881186,-0.9485569423113016,-0.16843871198626442,-0.2991064429482911,-0.7441760223379547,-0.3419091232615542,-0.36444348490606665,-0.44277762215542865,-0.3805070829915821,-0.42337348307357425,-0.17814130244972842,-0.3669172821931644,0.045097283458602186,-0.9043876321209705,-0.19727613727252136,-0.10471795834497553,-0.5485250358313863,-0.35385104162141323,-0.19296189662634214,-0.268898196776332,-0.32581176204104445,-0.26090184631931773,-0.06466262602099022,-0.2659825241463283,0.23200322136232174,-0.7830262828844894,-0.23912473820939348,0.09160866365703418,-0.4608471205917099,-0.3422284628478199,0.009207002639224313,-0.25825935836228103,-0.3230107314587237,-0.03784556595190232,-0.12185327485073674,-0.2727131390218351
25,p,0.0,0.0,0.0,-0.09641364646461656,0.05910663748141372,-0.3076027448144699,-0.27403148857738263,0.12355424168641715,-0.4290668054960999,-0.43880479008410045,0.2151347145490347,-0.47716317209307524,-0.5954977670784378,0.28747662415659503,-0.5217576604055204,-0.4299975869688409,-0.20564769840736546,-0.3783215151438501,-0.7178086965815099,-0.2103529682936104,-0.42379845185959625,-0.8898719283168625,-0.19836665788161187,-0.4358606986120944,-0.9999986061264914,-0.19061197066309182,-0.4381742645572738,-0.42840034829695256,-0.2302047133441356,-0.2041412048213943,-0.6938012646780058,-0.09631577665158746,-0.25407800992912843,-0.7121109786039753,0.07220590546161072,-0.25056055389422227,-0.6561469341724192,0.185624722724707,-0.23653507441733454,-0.4293448999984193,-0.21149550281718948,-0.04037868122557518,-0.6486058490670552,-0.097551362270746,-0.09720994940573151,-0.6721354386703581,0.045219924604875616,-0.12203760179236775,-0.6504573997064156,0.1328046837257092,-0.12365361684604263,-0.4344020608804917,-0.18132750681697857,0.10586437733568321,-0.5721892153678038,-0.11832319156948065,0.051509706643558306,-0.6020562076900822,-0.03807152343099042,0.021872953471837462,-0.594132657657486,0.02619695741502258,0.014510682766748105
25,p,0.0,0.0,0.0,-0.026631535861685582,0.016488009545507432,-0.2514503996862784,-0.16941308073254593,0.03254837497012337,-0.3472898395234792,-0.33934214720738715,0.10296166503304482,-0.3960620119178155,-0.5051463313589938,0.156517112186614,-0.4353983450567152,-0.3988625619847349,-0.213635800971181,-0.2533139308531429,-0.6726847675487025,-0.20395232248262526,-0.3575982113051968,-0.8488474661863357,-0.19868627843074496,-0.4311752975237767,-0.9999988142988288,-0.19420050291575155,-0.47974403683234434,-0.4396688290304967,-0.132827741020809,-0.16122517589923455,-0.5646949447818936,0.05548023440071508,-0.32771121602148423,-0.515000945236533,0.20121224807986798,-0.4150212193071756,-0.4586749634891465,0.2895407949236966,-0.43765794704898153,-0.4635379577275341,-0.0442343459960118,-0.08500797382251578,-0.5312422696384325,0.12198981422374845,-0.2506755553249457,-0.43789796822448473,0.20510535732518761,-0.3051583068100662,-0.36265769196805986,0.23893836081711642,-0.29502409170078403,-0.46753700624524114,0.029002412960272107,-0.025345755283031193,-0.5305844072521626,0.14856558885400395,-0.16399468573024356,-0.46103036313566303,0.21010174741189497,-0.2020686347676073,-0.3884052462293305,0.24922726210547666,-0.18933353631425168
25,p,0.0,0.0,0.0,-0.007779044830133755,0.01865466847546377,-0.22763684747370622,-0.1325550225226389,0.05751861249578398,-0.343318300617841,-0.32575096927137237,0.15552496218239664,-0.4174982052035998,-0.5024572023791121,0.23010049107687436,-0.4884460864688599,-0.3095936262764961,-0.27193558521237243,-0.3211470443848282,-0.612693928942703,-0.3166875900252026,-0.4469949828990201,-0.825163520933453,-0.33261934626722023,-0.5248768446847384,-0.9999974148103283,-0.34203589821663594,-0.5750364212927414,-0.40646264275077976,-0.21877384801513913,-0.25224706786036305,-0.6578177512655385,-0.059488182082559384,-0.41829519364791207,-0.6179118553170557,0.12195475647796354,-0.46524085242958363,-0.5326494621845238,0.214604961677304,-0.46441763027989286,-0.4759570765800158,-0.13448637796002297,-0.19563062902553754,-0.6954858081349463,0.001424863868636535,-0.3457606547363504,-0.6375009213808629,0.14246558480652513,-0.34763322510118283,-0.5470076583717651,0.21250718978289307,-0.31075678281132924,-0.5047401896266214,-0.052876363791294644,-0.15464730208478975,-0.6609141759914228,0.03915255330181217,-0.2682780768805126,-0.6374560813910529,0.13627966937379954,-0.26854526774762794,-0.5662859262931436,0.1978418935967123,-0.2354361743095401
25,p,0.0,0.0,0.0,-0.09641505779914297,0.08486616724567538,-0.205125990746988,-0.25304603754769467,0.13033043872680042,-0.3041915494393621,-0.4113602088757626,0.17645385018275783,-0.3633858961448459,-0.560030881106367,0.2157058191181533,-0.4179087564266583,-0.39998007772215927,-0.17712191728526414,-0.25500069131203057,-0.6845515329139983,-0.21645961110421388,-0.32775730158501526,-0.8766903769922966,-0.23293052853097024,-0.37345927312663757,-0.999997948323983,-0.24506396251295334,-0.3983335526406951,-0.40141220912202225,-0.19332220822513665,-0.1593993320286645,-0.6241533385837941,-0.060559677509567124,-0.25104288594459695,-0.6400350655840676,0.07962753306351075,-0.27056954083074414,-0.5938829161143653,0.151915866574227,-0.26025864722258546,-0.3994939161321879,-0.1772780808748487,-0.07281826202819953,-0.5910908040725523,-0.06391762269860626,-0.156589610310344,-0.6191726127888134,0.05068211646185712,-0.16506600975385452,-0.5997764712863657,0.10353768278877826,-0.14520831740724888,-0.3944100392112756,-0.15210835012160848,0.0009176124838448197,-0.5414348792802324,-0.08228904000455914,-0.06514670276059077,-0.5779548414238391,-0.0104894973063484,-0.06805447002154985,-0.5709400757028128,0.03722147540253539,-0.04617521891284684
25,p,0.0,0.0,0.0,-0.21605982978621682,-0.07225108874668258,-0.10761120480075116,-0.4546786144916843,-0.20638478030313404,-0.20714987131287188,-0.5898674605682984,-0.3019943689808097,-0.305414584626814,-0.6695184445837453,-0.3559502454272141,-0.4010314627672672,-0.42876030778153174,-0.7739890353369991,-0.183892486370801,-0.5428087551808343,-0.8528925911296957,-0.3391729668422745,-0.6047944053567971,-0.9419929382688449,-0.44162351544597594,-0.6493422830325835,-0.9999974320862669,-0.5064868388960752,-0.18177004382102796,-0.8882955794629924,-0.2046552870497457,-0.37471297823256383,-0.4832541886723055,-0.41274897762923385,-0.43909787568209757,-0.1164437533885371,-0.4632463579379823,-0.4603410538713278,0.13391137250796026,-0.45124426704096765,0.050171707774891564,-0.8226358487226613,-0.23567816921390436,-0.14782280520903934,-0.35553086216190194,-0.4128221018463882,-0.2128885499614654,-0.0679486603173789,-0.3738453252423713,-0.23119417031358344,0.1058209589496832,-0.30237189398665026,0.2626103008187652,-0.6773589218704662,-0.28039079640144265,0.07581286183991126,-0.3226609334451322,-0.3994405231667304,0.013485161754402324,-0.12655992059812707,-0.3703396867522642,0.011209318771947405,-0.03411537456707819,-0.31021799621315227
25,p,0.0,0.0,0.0,-0.08029807270955346,0.10970312781718788,-0.2620349078609779,-0.27184669712897286,0.12892283237266147,-0.3671730998905295,-0.48485198095338566,0.13539684472430377,-0.413459738454391,-0.6776672429081573,0.13283509090319162,-0.44675571264321423,-0.3071190809053212,-0.28128430396175047,-0.30001224336252025,-0.6465977499788279,-0.29928095209992006,-0.3686079424971604,-0.8485017736873468,-0.2864553938687745,-0.40940088889042603,-0.9999986837626804,-0.2855849875426076,-0.438803158886106,-0.35219035152995026,-0.29922289624509435,-0.17733412232840406,-0.6166756447208844,-0.158866433987662,-0.27893369232554355,-0.6261563227216341,-0.009558033504611983,-0.30520655561147453,-0.5721524527473529,0.05865179033008208,-0.30312523360250937,-0.39548848651280194,-0.26461901779167796,-0.06716476284734413,-0.6205527559230877,-0.12817924670774553,-0.1635644405648881,-0.6081772874745569,0.0008215687996412762,-0.17776814868361945,-0.5540850784563113,0.053558095153849315,-0.1658628738187833,-0.4229641258937769,-0.2261703511255018,0.02488330247716818,-0.5677449934659313,-0.1092556270118829,-0.07145306542875571,-0.5554366030658816,0.00037948131052949327,-0.09808134920767993,-0.5065931140470249,0.060447520682926734,-0.0921220726175394
25,p,0.0,0.0,0.0,-0.10308154928410547,0.045153122220420894,-0.27613638075715563,-0.2996525383718841,0.03260045928157951,-0.37635112634072604,-0.5101650308186189,0.03304882768880303,-0.4197693547603956,-0.6985262511566387,0.02372942975433678,-0.44817170318930377,-0.3515603802210299,-0.3646606695363598,-0.26522133660590136,-0.6470782347944095,-0.45252539927816193,-0.34440997242158655,-0.8456089904129751,-0.47119212177884656,-0.3991596657736664,-0.9999981517509543,-0.463449118862357,-0.42748600088537947,-0.39696677000120684,-0.35457612595757637,-0.13479376236185908,-0.6779518698049255,-0.3285204683686126,-0.23006784888567236,-0.7241612466416754,-0.19379732924186457,-0.27598793446016945,-0.684153454845771,-0.09103608245014298,-0.2868025363767097,-0.43334982820918116,-0.31234648693290346,-0.023599752046164074,-0.6703936673806024,-0.301838802555067,-0.12192065922534905,-0.7025490631817929,-0.18467473970039705,-0.16965670570174382,-0.6723257826902067,-0.09486985266035976,-0.17441899510613343,-0.4493030405323409,-0.272444618042047,0.06894413958355791,-0.615813516775136,-0.3168660845434077,-0.0025836272024120487,-0.6861014888862952,-0.28204570590704653,-0.03935168227588601,-0.7101411961882843,-0.2347709308230586,-0.04684582420173237
25,p,0.0,0.0,0.0,-0.09857227540897533,0.05314122357934871,-0.2890272124347485,-0.27342845895516826,0.12252855381468261,-0.3940763439023146,-0.4269272671143379,0.21988127360053686,-0.4298615085188462,-0.57556511251951,0.2988352712354506,-0.4622070935916446,-0.4580077610788371,-0.1833055016081608,-0.3162979571646513,-0.7218731318428675,-0.16292031877193702,-0.3444356259481776,-0.8888869515408823,-0.14744557130417518,-0.35134719675653486,-0.9999986655743747,-0.14218262367316367,-0.35313234685144973,-0.45536718016629574,-0.1896695728318475,-0.15400249859095938,-0.6822566234341398,-0.027226640928101457,-0.1870506325696846,-0.6752533055827206,0.12879065736675632,-0.18510481578470878,-0.602158869857109,0.22441613069648994,-0.17214112165287232,-0.4479634681971701,-0.15743398876516504,-0.0037582528616398755,-0.6367078554157557,-0.015346532267574606,-0.04923334076151923,-0.6328876469387124,0.11891625757913397,-0.07875051104541633,-0.5951286681733924,0.1923967705886841,-0.08348057916401806,-0.4376319637225278,-0.11431212291533775,0.12912506841838667,-0.5591007934555138,-0.0026403422986452513,0.0793024471374331,-0.5666376122096973,0.082622368136053,0.04830657162584909,-0.5392588151538302,0.14373178462480585,0.04149024255990762
25,p,0.0,0.0,0.0,-0.07598242003967258,0.027900886517901125,-0.22874770158179186,-0.2510743070914378,0.07474446230237292,-0.3236546447550783,-0.4327649043175205,0.14472939777007915,-0.37130771443388016,-0.5875849008339736,0.19124414819840466,-0.40977537257717284,-0.42523898737723914,-0.2561901837261246,-0.2406740889864055,-0.7145323610097156,-0.19970910741551567,-0.3137315551867134,-0.8878881437641375,-0.15504987149687285,-0.3673059814131338,-0.9999984607215328,-0.12219706228162683,-0.3970173341009107,-0.4595798597764519,-0.24486782024232265,-0.13418508920136726,-0.676140028094491,-0.07508246247314383,-0.22674435787147001,-0.6727243822319652,0.07398754009584195,-0.26517410109332645,-0.6121367047694505,0.16480150671694024,-0.27104201434575664,-0.47722128508481304,-0.19347197668555433,-0.04097447463689675,-0.6550107970065815,-0.05275867052110906,-0.13282842083134333,-0.6546771548727572,0.07189439788738168,-0.17113030154288744,-0.6099397495335127,0.15259221390337652,-0.17034663475172573,-0.47263085008367806,-0.13926065776492955,0.03743877813201344,-0.5970384922009603,-0.04600820891290035,-0.03657237277583905,-0.6096643215984817,0.0314051152156276,-0.06695189280717205,-0.5868511450343697,0.09456453909149577,-0.06535620904765854
25,p,0.0,0.0,0.0,-0.21969960279143902,-0.08095061108167906,-0.008530700110788268,-0.4257429947173321,-0.15004884583891623,-0.03591289946022866,-0.580388063333887,-0.17714461233268172,-0.06405749613984509,-0.6888004445081228,-0.15428717675413747,-0.10068556683990466,-0.5437686049362117,-0.3466014548673275,-0.08647608293005751,-0.7503267840812211,-0.27498765771233846,-0.1536078633679369,-0.8928374651840845,-0.20392751223491493,-0.19839089880908198,-0.9999982773119838,-0.1345479337097754,-0.22982919095838952,-0.4543653078524862,-0.34470307752538554,-0.1184454242763067,-0.6327180041637283,0.007165024862856765,-0.1761202549449976,-0.6263872559848885,0.1514386737843332,-0.19050227369061246,-0.6076546896925392,0.21632265613495244,-0.20271070646876693,-0.338460711334948,-0.26529557026851625,-0.14863737123482226,-0.4980116862342487,0.11082685490793667,-0.19838940994607665,-0.46501360472645104,0.16872945594639016,-0.18224067555428364,-0.4398786708106956,0.13729765832019203,-0.17337081270515095,-0.2203528542700503,-0.150179814443281,-0.1797263581540448,-0.3701051596703891,0.1466961830514475,-0.22617698433628095,-0.3382626925552401,0.17460666564974636,-0.2075533360737865,-0.29601127612925776,0.12274150677808397,-0.18666447259387484
25,p,0.0,0.0,0.0,-0.021184897131755268,-0.00663464876238218,-0.23939932333156422,-0.15706279595900435,0.011088759352309166,-0.35631690069028454,-0.35735122434786615,0.0981434397119334,-0.4317636752328458,-0.534966976562765,0.17499403181276996,-0.5051339408041977,-0.34166588130148473,-0.3084137506008242,-0.28687883128309705,-0.6427413828290616,-0.37055447524744933,-0.4103186282101702,-0.8483720528526328,-0.3819885377356011,-0.4995396993859826,-0.9999974200733488,-0.3748753392699269,-0.5565307863514244,-0.4301937320202148,-0.2220499840641084,-0.21439460156381954,-0.6472690750491381,-0.13848278079990808,-0.37249997694750475,-0.6471306769987002,0.01722948085023958,-0.44291971141522896,-0.5964606903235928,0.11878258719812848,-0.46012212775782735,-0.48988627204239893,-0.11742644007944848,-0.1563061333901138,-0.6652796591184881,-0.008644188454740746,-0.2935621308045984,-0.6179329171856184,0.12376983783346465,-0.31212817160499073,-0.53880344740871,0.19035990602605718,-0.29189339631144323,-0.5102860677891422,-0.019395102788369794,-0.11664829697981288,-0.6265252063714449,0.08448693519716607,-0.22332354400733628,-0.5881925985709172,0.17365633776748168,-0.22811890190135,-0.511577706038757,0.21879916763493332,-0.20120576712782368
25,p,0.0,0.0,0.0,-0.14427683518420212,0.059100005031471475,-0.20778342114350096,-0.3396438228370496,0.11890105287639932,-0.2391905455259881,-0.49272710737222986,0.22327105798404293,-0.21491799673175943,-0.6253114124343758,0.3049854466633573,-0.1780930924404408,-0.5079686079250924,-0.18285236827669538,-0.12759554356665423,-0.7464762903862971,-0.14374799483364847,-0.12595656192861715,-0.891171569856286,-0.10970597173755876,-0.1352245917262954,-0.9999985647899077,-0.0921590283753431,-0.14193416812875728,-0.4981103804909603,-0.16145880000296306,0.004351976484456987,-0.7151025927859159,-0.01832472020906683,-0.005151513769164008,-0.7046733512236788,0.1313974083549708,-0.031524231674923714,-0.6337295721782426,0.2150026878638934,-0.04113735877977058,-0.4825437226795319,-0.11137085218118144,0.12252080265318484,-0.6639108981794338,-0.0031640598586102245,0.09549740933653256,-0.6562923720778836,0.13801133454440084,0.03232458722403491,-0.6089547020416568,0.2209629632738701,0.004934978634475574,-0.45867430558248606,-0.06291942657328967,0.2284526597189775,-0.5722960227432482,0.034056993503942645,0.18884179460567166,-0.5908790894192629,0.12339670912723186,0.13374336890014327,-0.5750311590305747,0.18739092543917507,0.109663168460528
25,p,0.0,0.0,0.0,-0.1304996695832725,0.02494776648157973,-0.21906597562702956,-0.3439920590890948,0.017321768190096017,-0.2926240106410368,-0.5553456804268636,0.053456431698226045,-0.3231455659987498,-0.724675512557231,0.07274541580870382,-0.34064139084889233,-0.40217369083541793,-0.3564190785133218,-0.17146459396720073,-0.6869184907127249,-0.432893658263522,-0.21733275008533803,-0.8723891353778656,-0.4622943012525973,-0.2509893914640973,-0.9999978991466318,-0.4773760604043898,-0.27075329042371815,-0.4377258280251765,-0.31638880155623716,-0.06946987211345576,-0.7136430751638946,-0.3044764388750254,-0.13823655146122865,-0.7384013202390136,-0.17330039011963694,-0.17232124387256811,-0.6719269530167337,-0.08895772931677677,-0.17422315724027776,-0.4596982899952202,-0.25693630575033705,0.015423123525899243,-0.6811291658465881,-0.2518885999986789,-0.05977516659010274,-0.7003052009589638,-0.13523232025818455,-0.09785568807683094,-0.6518817615896941,-0.06069581132935466,-0.0962325471115879,-0.4551773247762856,-0.19899115314250151,0.08487661644515893,-0.6253405001243576,-0.21608163884978754,0.02352078288701101,-0.6837710704607329,-0.16288359989832837,-0.00435165642068973,-0.687502457068212,-0.11394900996336813,-0.0026037475385935005
25,p,0.0,0.0,0.0,-0.343690882139405,-0.10749019438068651,-0.2283657867088282,-0.5838009636161046,-0.32831848019895915,-0.40266635612357865,-0.525643536236083,-0.4458191143549333,-0.5611332991773894,-0.3303258302399802,-0.5295018605694058,-0.6932874205563615,-0.4369488147533378,-0.759224041337882,-0.38715099222848515,-0.49621528816272165,-0.9574811459674135,-0.6686823203176189,-0.4423975302276242,-0.9999978308807661,-0.8215413924224235,-0.4102916949231959,-0.9462722564172162,-0.8955208262622554,-0.006689895455852964,-0.8204982203346358,-0.39178398741124043,0.0547450874577835,-0.6170691769022282,-0.7474273681283405,-0.013511536995165961,-0.3015332343936368,-0.8246637358135519,-0.11896807090501382,-0.06484156944950169,-0.8002881245818176,0.3457349504215474,-0.7572936832425925,-0.41591152425863814,0.34345286002002334,-0.45694351316367704,-0.6982569888419307,0.2042568522998009,-0.22279801259110246,-0.6417379836823676,0.07147244421143953,-0.10199422356439357,-0.5410757013856926,0.6226066496741547,-0.637035108380703,-0.466523385410619,0.6046245375328838,-0.38294100113356294,-0.6214439798910568,0.44488118308657143,-0.21708742106966364,-0.5683399004453601,0.31019014154110985,-0.15479427855939717,-0.485759444879621
25,p,0.0,0.0,0.0,-0.30017088241629575,-0.006655339046962789,-0.2572679457718518,-0.5805324951426372,-0.03911259404121161,-0.4971240078711313,-0.57713482400082,0.0166454774118671,-0.7144031437036615,-0.4162866609803402,0.06332002868196,-0.9200794572834387,-0.3267464890896944,-0.31266425380663476,-0.5462963097868279,-0.42605788224716196,-0.2440027667613681,-0.7896809179671435,-0.45333096646498205,-0.16883083213610295,-0.9241126523769063,-0.4759772461869345,-0.08031281350578635,-0.9999981876045198,0.023857804644230166,-0.3081125822205704,-0.53722591490728,-0.059769066959250064,0.008956426195374593,-0.8005893954639499,-0.16870984168465836,0.23973069654668894,-0.8492775195194906,-0.24978106006934359,0.40219278576768847,-0.85994293584152,0.31089900852141766,-0.23137139063735004,-0.5338714546409787,0.1985771988412658,0.09396582976098684,-0.7562923065647432,0.025795596356741828,0.25952257385924815,-0.6993572248762051,-0.11751338031901266,0.36150791000723553,-0.631555310172139,0.5458048867351872,-0.12959816587455145,-0.5558709755836466,0.4958066629475981,0.08793753453135453,-0.6899396306118869,0.3237252927008097,0.19637646895123972,-0.6306232515872605,0.17818274586963703,0.2482061856975713,-0.5627393982604972
25,p,0.0,0.0,0.0,-0.033390907943803234,0.0253879718906086,-0.22922326839551904,-0.17625505046722634,0.05599380594479829,-0.321690463661111,-0.347700645708631,0.13487154273904808,-0.37135289647591496,-0.5067797655430519,0.1968233729424901,-0.4133556568178432,-0.4138768485949505,-0.1786887622566211,-0.24100443038070168,-0.6806147438333466,-0.14578870276236533,-0.3452078905737856,-0.8500818138314851,-0.1325881863651635,-0.4207588051209069,-0.9999988081524768,-0.12334571500956934,-0.4715761294972267,-0.45606154147603367,-0.11023232874093976,-0.16097672152057702,-0.5745285376027426,0.09014327525255958,-0.31898974935378815,-0.5409664596264935,0.23611419471267284,-0.39968489346908487,-0.5091908512044807,0.3239266591063203,-0.42181473845241774,-0.47355491277702094,-0.02664469878788336,-0.095047896449358,-0.5242681995884863,0.15435558706315136,-0.25138893512147936,-0.4330465424755705,0.2349109251507023,-0.2970196547794458,-0.36583919909497764,0.267950257875342,-0.2849024752580652,-0.4651675456673496,0.0443666046372742,-0.04479135905628271,-0.5087442604557897,0.1729728055993715,-0.1786640488211847,-0.43580543825480583,0.23178241008164924,-0.21155743058850543,-0.36879622445316773,0.268778153935987,-0.19663351008479663
25,p,0.0,0.0,0.0,-0.04180808047517793,0.24155284473699068,-0.49304312784366733,-0.23810307266218392,0.4072571572509832,-0.7229558126077065,-0.46904769489440257,0.5240525102818665,-0.8379928705637346,-0.7214193436473528,0.5904676953105497,-0.9273743746179535,-0.4798565917822874,-0.0816468990871102,-0.6922592367434947,-0.8283042111879241,-0.021796782556319064,-0.88073711960237,-0.8962067313386197,0.19547237031920453,-0.9643321453461665,-0.8781927654792181,0.4088265564172144,-0.9838600854941815,-0.5439799278496931,-0.1615972024914303,-0.44898805568155004,-0.945826031904684,-0.05717354076261328,-0.6159695070835705,-0.9999981531774705,0.1763170482659986,-0.6632289847818448,-0.9637268363456325,0.35118523409067465,-0.6651888899130198,-0.5916344247601453,-0.16612949342719782,-0.22070399269378851,-0.9180081922609741,-0.007583411184768944,-0.3617640489239958,-0.9000782168318057,0.260605022579019,-0.3961088696621105,-0.8347258464871348,0.41971724215131584,-0.3863461379791124,-0.6285568600648919,-0.13813926975498836,-0.019949272404212022,-0.8508239939352936,-0.015170179785163199,-0.12981243592248573,-0.8658506304425747,0.1604584881984459,-0.15863470699406776,-0.820424576873722,0.27617622089280536,-0.15130337717919917
25,p,0.0,0.0,0.0,-0.1129698072865372,0.029032788620580258,-0.24739832974913153,-0.3138295301508866,0.009994922280592804,-0.3489812104160484,-0.5361336277932662,0.0384043523598313,-0.3983477056028806,-0.7269675394208946,0.05671713684222223,-0.4439415837932708,-0.3667117464869894,-0.3845568301258052,-0.28275280199700825,-0.6676211216952544,-0.4832678262689279,-0.362510249755648,-0.8569822284880146,-0.5229225344628191,-0.4188390105342998,-0.9999972867503195,-0.546563744738472,-0.45297919101731343,-0.4091581855979677,-0.3700572145024172,-0.16714998410689236,-0.6961948616144211,-0.34110035449389037,-0.27102110368447757,-0.7598730107007667,-0.18187902535154168,-0.3222459091992181,-0.7517302937318842,-0.05833824101096262,-0.3372625913931872,-0.4474593591409937,-0.3221563679394131,-0.06260800512103977,-0.690239438528441,-0.28747922904496087,-0.1530687238153589,-0.7447901436623187,-0.15294060168332174,-0.19162041528300477,-0.7368812771152237,-0.05510088434198366,-0.19531886239722515,-0.4780329568166093,-0.2632487836297623,0.02577200225586558,-0.6492704941985493,-0.23343980891003302,-0.0413269597415946,-0.6961204693640599,-0.15474170275347954,-0.06535799652754716,-0.6931703314703885,-0.08292585008903662,-0.06392002768328629
25,p,0.0,0.0,0.0,-0.06537565187813343,0.09373892455373256,-0.2822016548964976,-0.2095559606273515,0.19009961212614204,-0.39371653249153193,-0.34102297209553983,0.2937659967538079,-0.44341884251566227,-0.48658787080930005,0.3294925266342386,-0.4847269486366598,-0.4319106333557616,-0.14536427105414737,-0.33070103182685145,-0.7013913367126415,-0.14395737884515564,-0.39933438458199183,-0.8679939611237801,-0.1441366759348696,-0.43242392854245126,-0.9999984474291601,-0.14872668143154727,-0.4481443272068386,-0.4479052293243154,-0.1505625448195682,-0.18749576378660635,-0.6666841397061202,0.048199407115485295,-0.2761218872327178,-0.6284316261555823,0.2087648324622084,-0.2928327692909019,-0.5280121151742155,0.27353684309326864,-0.2815024193817215,-0.4544370107350412,-0.11548426067510979,-0.057653577248068535,-0.6242923851099997,0.050090563412463214,-0.15372255423929046,-0.5737802074829627,0.18350767943370574,-0.1828364455053115,-0.4932232975054347,0.23590175931438065,-0.17231663411717998,-0.4479379886377393,-0.07908894108249176,0.055471902968758036,-0.5664807106367442,0.020271259557736534,-0.02323954399672794,-0.5561224748453304,0.10576122241855881,-0.05250766980039834,-0.5066770107941039,0.15674739214547456,-0.04819535211735946
25,p,0.0,0.0,0.0,-0.06735807244038278,-0.019522067528960286,-0.20951824021353163,-0.2246718848060967,-0.03276726391872222,-0.2899443329463205,-0.4097749768577437,0.029418873443936164,-0.3353452938542869,-0.5655222278502982,0.08485982413380222,-0.37415635338718983,-0.4071716934504125,-0.3223608653535283,-0.17451339222326998,-0.6674504150377129,-0.384782997014488,-0.25734296357428493,-0.8559986434201754,-0.41359673332776054,-0.32110892797070073,-0.9999977991510187,-0.429945536778951,-0.3624200643994348,-0.45889517642354105,-0.22850400456103062,-0.10247448470773188,-0.6710096458882324,-0.1511031219510809,-0.22770490337483226,-0.6571709874609414,-0.01476256495477076,-0.28987346250737817,-0.585543503996371,0.06123323987357529,-0.2997388506155485,-0.4852938082182613,-0.13161083246865446,-0.04834815442408184,-0.6568457902038602,-0.06557152082917371,-0.17147065306312648,-0.6303896356188092,0.05213781759857857,-0.21066126790611692,-0.5638349801211425,0.11122716930253865,-0.20010490121706012,-0.47399166216003824,-0.0506948285594935,-0.009834878431067916,-0.6007616599450275,0.021756995188859603,-0.10841184348267732,-0.5908824322601641,0.09918713112205622,-0.13193036754100004,-0.5379946539037265,0.1451085519402563,-0.11805701998516138
25,p,0.0,0.0,0.0,-0.3625734752856906,-0.04021745621360558,-0.2594933550332578,-0.7427399922668938,-0.1880378680284731,-0.4792728953487826,-0.8591260501098739,-0.2914518007789888,-0.6861349722507941,-0.6994587418962608,-0.3709151738921489,-0.8619277376797148,-0.6081182502986837,-0.7123438273819914,-0.4748406048564384,-0.6903975964663654,-0.7047024752408259,-0.7616683459354693,-0.7612941768789864,-0.5569134138028282,-0.9206987337675854,-0.8292493827296064,-0.39226026737571296,-0.9999972957735506,-0.16597695437175253,-0.7856734065795056,-0.47288700894252267,-0.4010943844980445,-0.2877344842414023,-0.8288636476639667,-0.49431541515444094,0.14354023915373623,-0.9170968253011496,-0.5411968009624837,0.4722403172655119,-0.91599827263505,0.24367785604078301,-0.7122201183113097,-0.4837342393394856,-0.02749000912673712,-0.14907434629743246,-0.733672539982935,-0.2315935349370027,0.10679082771509914,-0.6661210609007712,-0.36050265797548386,0.28562079186565636,-0.5742692116136333,0.6014764029748438,-0.5770584890046652,-0.5263072049103228,0.4185025476214764,-0.21376322972091225,-0.646426375367667,0.2787148438091624,-0.056874338583359774,-0.5702606347624027,0.213469309863729,0.023789778141583555,-0.4784108808732048
25,p,0.0,0.0,0.0,-0.18327457255285612,0.08193696769461586,-0.195737398102767,-0.45163486766403405,0.18056624104889138,-0.34717472800086474,-0.748221779937863,0.10493826106822553,-0.4859764513371019,-0.9999960295121775,-0.038816657195805016,-0.6181034888419037,-0.47193954417973333,0.5652901270240531,-0.29445012351896016,-0.7386368328702226,0.6905732967257404,-0.5246798965368208,-0.8011859430150916,0.5096579828903803,-0.6856878851842653,-0.7780415889639088,0.32147343535388595,-0.7668368358546478,-0.3351740097388715,0.47885165867084645,-0.28786042803629813,-0.5901464760157882,0.40614760701344904,-0.48192268090081647,-0.6656692608414809,0.2619214996525648,-0.5827860200884918,-0.664781314336511,0.17232599335258342,-0.6398603673141919,-0.17244929296054964,0.3837602084249918,-0.3039884190794597,-0.350622196321605,0.2574495814335052,-0.4727282220349886,-0.3610517812027415,0.15034008763344428,-0.4956055945694019,-0.30651264904486925,0.11159892482332301,-0.48660324406588995,0.000612711487571191,0.28931756024293653,-0.33555610654520934,-0.12678157942882404,0.22488038047742523,-0.433579146966171,-0.1507331790899355,0.12674738212872594,-0.3998466757404038,-0.11567301839556637,0.07488415912109217,-0.3584152858793109
25,p,0.0,0.0,0.0,-0.07133472836435117,0.01903046949904671,-0.2522394456361359,-0.2252397336259384,0.02138667045947757,-0.3484446938538724,-0.400182763907055,0.06043240789148393,-0.39396418911874487,-0.5483686655016903,0.08275103238607776,-0.43102565659030173,-0.4040015425891107,-0.3146645776403268,-0.2432452917465778,-0.6818981677737321,-0.3522672483108274,-0.31658938318630003,-0.8683060402416671,-0.3730929387943468,-0.36585530177431247,-0.999998216133012,-0.38727703465727265,-0.39470674861592037,-0.44233127563178753,-0.26169800939855464,-0.1345696293177378,-0.6477326158869359,-0.15067362875488802,-0.23938547093587922,-0.6369085519080612,0.0018484906903019152,-0.28025909824879747,-0.5773032598681653,0.0818150379341521,-0.2793334174924116,-0.46723837188997386,-0.19112606919711553,-0.043388852056010264,-0.6227508250811546,-0.08452009698804747,-0.15034857338941737,-0.6023276877039616,0.04099981059314346,-0.18558051620615593,-0.5509068447086815,0.09703496907489911,-0.17675078335722003,-0.4709162144541121,-0.12615882507086731,0.029968736236573635,-0.5806705219717703,-0.028949905419647592,-0.0575412758358545,-0.5616368626699793,0.046848526578270724,-0.08361370007243439,-0.5121887000185111,0.08529330517325745,-0.0738723946988336
25,p,0.0,0.0,0.0,-0.06685981512521538,0.0973019585267426,-0.27636891635581573,-0.214448000779803,0.1845849716131723,-0.3897094263138071,-0.36130325699766236,0.280709570904394,-0.4418158640863285,-0.515430511420122,0.33298895464447503,-0.4841494607414678,-0.41515203646893284,-0.1512793659605449,-0.33790497104300693,-0.6970609814096099,-0.14452130279906494,-0.4148917627541967,-0.8643117488523538,-0.14935013879157025,-0.4505624213367389,-0.9999983871307092,-0.15240197659766375,-0.46751396212536017,-0.4385991451636581,-0.1682960859409424,-0.19846692419372708,-0.6766638358982059,0.004230110319375235,-0.30100489639257394,-0.6452507340351158,0.1710357750218186,-0.31610844366568797,-0.549789847339798,0.2562196912757507,-0.3003338054737071,-0.45185436245051086,-0.13735654263049177,-0.07132487659568947,-0.6451290277566664,0.0074509045112307985,-0.18398941680888087,-0.6065542900962902,0.15370945388048413,-0.21146043933483832,-0.5250111796697156,0.2296980089654112,-0.1962071385425659,-0.4577150100438037,-0.10161690754337815,0.040519588255485885,-0.5879374594115875,0.0018182879546534973,-0.055906512864951366,-0.57882083239902,0.10093286250048204,-0.0904363613476267,-0.52506530339386,0.167363629347088,-0.08751962856607963
25,p,0.0,0.0,0.0,-0.13544998095417293,0.07106561796817966,-0.31145310758633077,-0.3962936415006495,0.10564068396542478,-0.4361823529815109,-0.6505747672893506,0.19057888259475889,-0.5091306705512451,-0.856400401271133,0.2972707257663892,-0.5514594187984744,-0.629054753990815,-0.3662964237288765,-0.22633968552417624,-0.961232445419256,-0.2154705865447091,-0.3652970373862335,-0.9999969567687571,0.05875698807077047,-0.4701587389166195,-0.9552598839691913,0.23461075363350936,-0.5160575285645276,-0.6640709622123038,-0.329251360335445,-0.09914089620960273,-0.9528972698775905,-0.16881308487440994,-0.23937600963133435,-0.9306150074376783,0.004809937648136514,-0.3070896858624351,-0.8756908959168173,0.050757838832728,-0.3154849244053353,-0.6812321565763928,-0.2667963597130073,-0.00528180326433562,-0.9363703081562103,-0.14968869877800656,-0.1279951824091841,-0.9663050821735852,-0.0587379420454639,-0.16400018544091913,-0.9665663755017196,-0.07827499202350967,-0.14756404378425975,-0.6778534823823658,-0.19954901634200206,0.0629154921496431,-0.8742039001648464,-0.14005068441001298,-0.015565097749129043,-0.9205067376353296,-0.10112913404709122,-0.025553374757816355,-0.9223198285491566,-0.10609397936772116,0.001122422479289704
25,p,0.0,0.0,0.0,-0.10745212519824877,0.051241161824005864,-0.24277380578149102,-0.3029169101924352,0.10479278915495127,-0.3198026117129302,-0.4906179003367784,0.18072059495268772,-0.3406347084289153,-0.6556018594422913,0.22758417097988848,-0.34467135256518877,-0.4644135002617551,-0.2338629942936535,-0.1997089407994049,-0.7549143254411324,-0.17559635850082236,-0.2408483139224669,-0.9068301608574884,-0.08659530642561418,-0.27419836834260425,-0.9999985053431193,-0.014373002837786924,-0.2879747455465839,-0.46516389263349744,-0.2200199788973358,-0.06521606946328737,-0.6992515681050607,-0.07774008845500448,-0.11209617697386477,-0.6849313501990388,0.0639989902940273,-0.14438563289161668,-0.6165719681872456,0.1477412822938,-0.15235159180290794,-0.46445483732224285,-0.17074843000823028,0.05404249149022489,-0.6510994161233448,-0.052366973102850455,-0.00014346390505036736,-0.6339285000922847,0.06680705957543756,-0.05068943908833477,-0.5830275226766248,0.14610347944895719,-0.06506194080335177,-0.45386560093496536,-0.12247084142917217,0.15763662838770806,-0.5822387331646449,-0.033103635650074514,0.10717132710821813,-0.5896112513557333,0.0473667923766946,0.06815344052752742,-0.5609282757885541,0.11780639068674076,0.058553325831552185
25,p,0.0,0.0,0.0,-0.09905596574627065,0.09933918588365616,-0.25868347042702045,-0.25045700265452436,0.1993676578523266,-0.32200778189037776,-0.37364796433152914,0.3025890116700735,-0.3142073271355502,-0.5067510762084027,0.3644027310021683,-0.28695887393245256,-0.47872263530155396,-0.12666600066360384,-0.2364489333816147,-0.7259006069007214,-0.0949483956238592,-0.25118164930759046,-0.8787798606618045,-0.06312462924998034,-0.25606412322136524,-0.9999984492018862,-0.0456213659421978,-0.2540293566142284,-0.4652149573914953,-0.11812627572151291,-0.0748624166565702,-0.6864659925953871,0.031346479435435615,-0.09400052175893835,-0.649036611987955,0.19395356846363723,-0.09735525111431491,-0.5506037028135014,0.27332933961767164,-0.08614830930969915,-0.4596644342812717,-0.07836092980665986,0.07382072602612945,-0.6343651803149448,0.03793892728084511,0.03701582606370023,-0.5844891805301723,0.17700805656218113,-0.004979772277506767,-0.5064994687625921,0.2461985327689661,-0.01336653139489668,-0.4430341249478589,-0.047256768122580686,0.2078594048801669,-0.5584298775432726,0.04055113390046474,0.1734781417165689,-0.5563499103332696,0.1257445646520087,0.13572580557470218,-0.5159681169327038,0.18865557714693099,0.12439051809098728
25,p,0.0,0.0,0.0,-0.10447796660044378,0.08978785444398728,-0.21286940557220158,-0.27892665450963283,0.16899038056826868,-0.3213957526640207,-0.45775120724001706,0.28166960524581375,-0.39737754585722723,-0.6295405107315382,0.3411003090529587,-0.46347525051560423,-0.4572402454538374,-0.18905272518972885,-0.2348445448121384,-0.7332782961130331,-0.12944328666756555,-0.32371487478759337,-0.8473911613468308,-0.0018224669538363491,-0.3760822844680253,-0.8905751931284821,0.09492099003144444,-0.40059175261943136,-0.47664801337775226,-0.1909761615790668,-0.1602856818109566,-0.6990543610231225,-0.023521645281254153,-0.2735074114242233,-0.6648379516054231,0.11784497151125123,-0.3376831691492208,-0.6062568648339663,0.1976868662038176,-0.3667925084587365,-0.4804556899469943,-0.16506934856134392,-0.09986568527580598,-0.6982346898914418,-0.015390470026620572,-0.21390704682454392,-0.7147566760919988,0.11744673802340329,-0.2750189544467256,-0.6993782784978838,0.19421800166892175,-0.2932887976164616,-0.4792788629549523,-0.14429002687691975,-0.05142515273703065,-0.7120850624569874,-0.16673111105650149,-0.13499352415147067,-0.8828068179883682,-0.16667121924848655,-0.17856862631369588,-0.9999973695869119,-0.15910870260031929,-0.1969545098614608
25,p,0.0,0.0,0.0,0.12342462919289653,8.624031898793576e-06,-0.3474818908092319,0.03654685051377493,0.07883047891355983,-0.5453510947763253,-0.1534278158361306,0.18260201741309315,-0.6723352033017832,-0.35041561679306754,0.24116512302783194,-0.7936697175137081,-0.18302693065143996,-0.32102868909593474,-0.5744032573185532,-0.49721352843966937,-0.37315179889024946,-0.8034097530404049,-0.6902137926474017,-0.3449905617267327,-0.9245056241196303,-0.8426845206100974,-0.3133831254829918,-0.9999969856823759,-0.3756694772027035,-0.20572178926244014,-0.46773709844565614,-0.653480986445809,0.028261132199677776,-0.7118755810547612,-0.5351642994796354,0.24490382052329018,-0.7588209927810049,-0.38911308526160415,0.33336752273513365,-0.7538920890498476,-0.49297661343472454,-0.052081067638808085,-0.3764998716416944,-0.6506487106363802,0.2157574673826675,-0.5927382186363853,-0.4685846172129743,0.35193147006661174,-0.5711349288962417,-0.31305181892421313,0.35689298341838643,-0.5125318473003054,-0.554360675817025,0.07764826787410022,-0.3078769900259277,-0.6256657885622313,0.3028120387157144,-0.4847066778798448,-0.4927942510935313,0.4013275891075954,-0.4922305617927157,-0.36209668833265224,0.38247653338082,-0.4585249704549308
25,p,0.0,0.0,0.0,-0.2709793645033077,-0.04737153440397066,-0.25190367382972223,-0.48936574108278047,-0.07893646558531262,-0.45633711009671024,-0.4646658643551965,-0.07824808615316493,-0.6277037695287232,-0.2564127117998852,-0.0575138968551732,-0.8030366525113813,-0.45726096037013125,-0.0327189804863624,-0.5327951367919369,-0.5439531480623301,0.03381802864516517,-0.7581743352197708,-0.4304939470767246,0.02587559019697637,-0.9093730466623938,-0.24942315541612003,0.031865378293312666,-0.99999836461478,-0.18406410171475227,0.019747385392391747,-0.4853679676441404,-0.24244612476968577,0.1777640457435185,-0.7102176246863694,-0.22136326183408542,0.2336687021504722,-0.7821440150730673,-0.1777502528109712,0.29931565285734096,-0.8199022410286649,0.10183902085160301,0.054832657992192425,-0.4380394935083871,0.010105686897344484,0.19761114965178211,-0.6593779475591984,-0.06772554076791623,0.2128302129385187,-0.6680938137338636,-0.12314993018787027,0.2450417304790073,-0.63734507811755,0.3507054389232439,0.07941980308379806,-0.40857357372638703,0.29193263235889666,0.1883986891671373,-0.5538934010232438,0.2238563709457146,0.234013330511044,-0.5352458923403732,0.17062013523474542,0.27860602765123554,-0.4959928146739712
25,p,0.0,0.0,0.0,-0.11554635197735523,0.07182095174336568,-0.25520699860490464,-0.28499625253112654,0.11917039084778595,-0.3533104700545332,-0.44069192431991183,0.20211230320182877,-0.3841265915616527,-0.5847173365868058,0.267910499667163,-0.4158472538604103,-0.42160724111628106,-0.20354347380390753,-0.33026875834345165,-0.6965356338548042,-0.20586060526914446,-0.37317491474379266,-0.878174324797724,-0.19242056785883827,-0.39763022949637095,-0.9999986678654984,-0.18191095835641408,-0.4101718400231286,-0.41305833017761356,-0.22706864081213501,-0.17403645216735186,-0.6589035370460872,-0.09934687758216494,-0.2030739623798882,-0.7060843275689205,0.06041462248757378,-0.20833962527306452,-0.6844744018207968,0.18111412556897688,-0.20810926195040477,-0.40565105262221257,-0.20991039446653828,-0.022164469116164983,-0.6191876297970831,-0.08349422851859994,-0.058210140765513056,-0.6423487810697711,0.06207538224862563,-0.09514421983377268,-0.6295368087632095,0.14567084755702006,-0.11378268699862114,-0.4013076370337129,-0.18258174141538167,0.11806823088577255,-0.5397787623047616,-0.060856173693885185,0.07528138501975697,-0.5520315105246391,0.06009399961918941,0.04997849005756314,-0.529515455956802,0.14566632167700572,0.04273169762692507
25,p,0.0,0.0,0.0,0.4264923808368776,0.1702220949952105,0.18793615606672387,0.6589672414992648,0.4470942175405022,0.2964555082540766,0.722982990540772,0.6803201203527997,0.3675858308226598,0.6334343612308312,0.8014681716206605,0.44006299380683034,0.5721817937768934,0.7471210053071288,0.27226113979819144,0.6194469032165937,0.9966022989887975,0.390829143014272,0.6336002950844823,0.8891568100725977,0.462853242757262,0.6007903218434641,0.7828233332587126,0.5067474378703953,0.3511384992168124,0.826952037581554,0.2147958210917026,0.46401487552158877,0.9969423357473565,0.3558790698061445,0.4967053763879781,0.8769226346843235,0.3911259731501688,0.44750369123474293,0.7654457189729559,0.39475679733019503,0.11822863657500748,0.8255980173357605,0.17230301714854446,0.2605600588828273,0.9999914341289095,0.2887206931282666,0.2960234420851534,0.8905639291515596,0.3027855337569472,0.25487644147099736,0.7703456180298488,0.2881699522859271,-0.12444145533855873,0.7825746877610875,0.14884139025313328,-0.06341634490554893,0.9630106496556564,0.26570309884315463,0.0021017437186307817,0.9009376031161266,0.329011092133305,0.01898002474632333,0.7976598620379405,0.36261550560903455
25,p,0.0,0.0,0.0,-0.14905198173823783,0.06952477037467711,-0.22920207723875113,-0.35510419890019573,0.10849538661849915,-0.2923651157418506,-0.5283604226577856,0.16728880602032348,-0.29747873546417125,-0.6820805901411945,0.21769569678962122,-0.29339685442156654,-0.47934657858004276,-0.23533841086720436,-0.20975619309645988,-0.737687159389079,-0.25776656667459774,-0.21399133455009425,-0.8868257945884924,-0.26950291938561416,-0.21701087438951946,-0.9999983370845463,-0.28082491145099786,-0.21790744159920036,-0.4629172111938872,-0.24926020500282464,-0.06826572941032415,-0.7184771748608545,-0.12150624150912775,-0.08428497342332651,-0.7400233089494763,0.03601106726213374,-0.0981922096783518,-0.6899700445869377,0.13352393920103847,-0.10013315304707365,-0.45143673027014525,-0.21855960478802688,0.06442144759348617,-0.6661025046637977,-0.11852240874363845,0.0417611741235594,-0.6852373829178378,0.02442324210224291,0.0029176758605353047,-0.6552914632330837,0.11505240471470493,-0.011500064806888812,-0.4394888112876055,-0.17750425048426144,0.18400121069184494,-0.5838445074737024,-0.12683697808212618,0.17093274376311707,-0.6337544727324441,-0.05282743886808906,0.14579391058893867,-0.6446866357297083,0.016242778720827553,0.13691012192434446
25,p,0.0,0.0,0.0,-0.36533601664427456,-0.06656662171028196,-0.06706480519773834,-0.66708257744253,-0.13551073212231848,-0.1371258468135418,-0.8363611900442688,-0.19834613212170918,-0.2148505297164329,-0.8600242806900115,-0.2625359060011578,-0.28027924950224986,-0.7237895424464791,-0.5853124324537373,-0.1322587971076943,-0.804281434779072,-0.5699644283864445,-0.25686780750488386,-0.9171802113781753,-0.49621545945086837,-0.3215414211278405,-0.9999976106600285,-0.3658743482180515,-0.3547284945329868,-0.5311593380706229,-0.6483062699864156,-0.172330203858809,-0.699321126280415,-0.08087442106464708,-0.3301786521559949,-0.677372721388184,0.23970608996868728,-0.35868377183870465,-0.5949513091277295,0.42725084116935463,-0.3499878299133837,-0.31158830872273574,-0.5706502670839091,-0.22167340176086472,-0.4585912806191098,-0.013528073066950108,-0.3463350080785147,-0.4489059408033333,0.14354618535550084,-0.31272784378454604,-0.398374906450872,0.18707976374342353,-0.2690482358364483,-0.10451322982326568,-0.4296769648532375,-0.2825256266947165,-0.23154182168035115,-0.04620779032617572,-0.3612316253936684,-0.2778023058378225,0.07307694456685658,-0.3306064690998113,-0.2784001671993875,0.10262921173080665,-0.2856833223370769
25,p,0.0,0.0,0.0,-0.14472534889729025,0.01569741821644272,-0.20404652734951506,-0.3656663291124998,0.02488361324525235,-0.25752241061422015,-0.569250516789622,0.07971617535657703,-0.2681371581590514,-0.7231580685871074,0.10753308187304653,-0.2642740981335143,-0.46180599875445444,-0.3164457171553668,-0.11456864556132394,-0.7439297279420487,-0.33532897684091706,-0.12754945096427261,-0.9025508781207338,-0.31966693502573523,-0.14116709300728095,-0.9999979391752596,-0.31044788170756,-0.14673150612227828,-0.46829904240255066,-0.2827853784424272,-0.0007615572692651182,-0.7143128013419772,-0.2072157349516993,-0.031086812359526116,-0.7043614073838105,-0.0900345380604624,-0.05700340231883178,-0.6370039409573144,-0.03251361512276173,-0.06064112971559088,-0.4653254593410086,-0.2319634929893316,0.09663141799974866,-0.6614413570581908,-0.16893441524141659,0.05463250145032016,-0.6565963255195286,-0.067384060144805,0.00971870340361636,-0.6096554032533722,-0.006917314793773958,-0.0012547094273534574,-0.44516975472260495,-0.18577149405125765,0.18039378460488312,-0.6029177956646146,-0.1560718996801841,0.14501884200635126,-0.6431940127522509,-0.09289812262433382,0.11600990891709959,-0.6413517989400616,-0.040676228374810365,0.1117351606281909
25,p,0.0,0.0,0.0,-0.14180835671118636,0.060955683218274964,-0.19862211627549747,-0.3399484843231996,0.1226786412490863,-0.24317450025879067,-0.49774939944037006,0.22977170293191132,-0.23843533426992528,-0.6269244831684109,0.3163347341448671,-0.22322907437224188,-0.5022526716017575,-0.18017585932727925,-0.14184361983576366,-0.7434320940108085,-0.1379425707323565,-0.15486356546652402,-0.885441033150144,-0.10507492543643454,-0.17309904966553447,-0.9999985655521215,-0.08977346156017309,-0.18711374221031918,-0.5007746373155622,-0.16103793588857976,-0.025245029237119982,-0.7275407673162176,-0.009314770944035445,-0.052199465969440535,-0.7108253084711879,0.1356492107706156,-0.07969961291159249,-0.6376714605292947,0.21251263663668035,-0.08938885141303891,-0.48831963132418604,-0.11067199597945526,0.07872087618920233,-0.6722106260597926,0.014787439341720707,0.04078713521147583,-0.6584035696730473,0.14917826469993267,-0.012369799959405231,-0.6077173904269098,0.22401141335422023,-0.03291571468086422,-0.46449213175524284,-0.060025018371555744,0.17048737447357346,-0.5843602250170664,0.05185560216216896,0.1334535398052573,-0.6063062169500976,0.13780081213650344,0.08984345932300206,-0.5928771977355863,0.19479648864456733,0.07205035620653441
25,p,0.0,0.0,0.0,-0.08813594985400189,0.08786298560478253,-0.1741398882119763,-0.24482992436799628,0.16067615508593913,-0.2726974824267985,-0.4181449753647593,0.2721960422897323,-0.3543804940719823,-0.571566370759325,0.3473997168625372,-0.430875425057761,-0.42748489329259365,-0.1884104491581374,-0.1846901610354969,-0.7219453851247128,-0.1790592677151837,-0.2947744780388502,-0.8890445597074343,-0.089470852388063,-0.37033460326688566,-0.9640996966746035,0.0010640501939266351,-0.4120569951683977,-0.46845856942541364,-0.18977439044211547,-0.15193189923903028,-0.7289109892638829,-0.04980462397120084,-0.2932242927724502,-0.7221905425709814,0.12041947208743228,-0.38086453796593794,-0.653376096949601,0.23460265263966934,-0.4198675829320452,-0.4774069042104285,-0.1765677429723092,-0.13490226734407776,-0.7165371379432101,-0.04268837031731009,-0.2706300554270293,-0.7241407146184344,0.11378948550033267,-0.33536048686027886,-0.6741102923675762,0.2049994950197855,-0.3482613694928914,-0.4676208454884155,-0.16828589149599435,-0.12985114178892113,-0.7140999948592709,-0.207051918665431,-0.2243500317260515,-0.8853587503770662,-0.21254182633154867,-0.26738772500543073,-0.9999970473370926,-0.216143159298522,-0.2828839899099768
25,p,0.0,0.0,0.0,-0.08513906990805287,0.10177193015893211,-0.2196624990733096,-0.2500186324298286,0.14877097663970323,-0.3356623423271811,-0.42770479760378544,0.22475048725361818,-0.4261199751814814,-0.5956051045283575,0.26429653701277833,-0.509484130518855,-0.40101843236771206,-0.21228575646126274,-0.23655356710771644,-0.6406454355661674,-0.1664929101966587,-0.3796613401820105,-0.7090133750601392,-0.00017899050252658736,-0.47430399472351054,-0.705092140626038,0.1446280177205972,-0.5182071767249562,-0.4511625657160035,-0.23724505911881671,-0.18007883334135286,-0.7138635142678214,-0.1701609010369508,-0.343679382869879,-0.7414440489330791,0.023979861034275265,-0.45384837278218576,-0.7011446728964102,0.1620913379686678,-0.5036804753434945,-0.47093855512578164,-0.2427248813209342,-0.14297459159474663,-0.7113387413606197,-0.17633691239209867,-0.29696837126184555,-0.743303256843542,0.011932737458127184,-0.3901560287886666,-0.7029751863919368,0.1289268589699009,-0.41592408884498056,-0.46706016654322274,-0.2541792946283251,-0.11841050835695119,-0.697544558610748,-0.36135301831717953,-0.21643906191003487,-0.8797827878711484,-0.3926445295106018,-0.27951109194323526,-0.9999981231485482,-0.414825703798081,-0.30881754252910565
25,p,0.0,0.0,0.0,-0.16271467011164464,0.0774666376168751,-0.2101366976210839,-0.37383869384539314,0.11403890919465916,-0.28281692366607464,-0.5642149716153453,0.16635243294991137,-0.30879381830591757,-0.7176675368246086,0.18758052446826556,-0.3258121329492948,-0.46583187469824566,-0.26353327809000776,-0.20181654730460133,-0.7397087968356751,-0.30477928821794636,-0.22079992886939226,-0.8898057133611245,-0.333182638779106,-0.2251120880650007,-0.9999977282984853,-0.3656563001345676,-0.22683136294471992,-0.4433483853478737,-0.29973014218364474,-0.08400758560097693,-0.7257554862720644,-0.17249950200863365,-0.13164937647725905,-0.7296109786809383,-0.02143620740767214,-0.1371185879148656,-0.655488006497256,0.06619439319928906,-0.12273694384353123,-0.4272204871574274,-0.2825549620504986,0.024083704570721388,-0.6605396575048513,-0.1607690505842474,-0.035353216394272156,-0.6582725212701116,-0.028218050239408432,-0.05959628657556088,-0.6014233710057616,0.05545171367638259,-0.053118010963478304,-0.40911846690562065,-0.2533445361749085,0.12040101094430819,-0.5766613714878569,-0.1637827365624839,0.06755813386306676,-0.6055688987008547,-0.06847202324106992,0.042380880013875584,-0.5849591293741534,0.010797179617539182,0.04508980975641866
25,p,0.0,0.0,0.0,-0.24593874495186302,-0.017831548716498308,0.0032402555447978375,-0.45337019371426657,-0.07059842570893018,-0.020319569523285775,-0.5899400032229082,-0.07317090949618131,-0.05278448128654708,-0.6804473006955886,-0.05457588564022399,-0.09457228231993803,-0.5723495171177182,-0.3486292447829728,-0.04941507456829189,-0.7772480845614408,-0.23590149102748617,-0.12647652219345518,-0.9024247810324348,-0.1325870811071556,-0.19018326822874218,-0.9999984152196318,-0.0276739311020315,-0.22834080165016804,-0.47763443964815916,-0.35613404245988767,-0.0910944558738867,-0.6379681862659307,-0.004059571831854076,-0.14993048792366334,-0.7011078400649365,0.22286512350238874,-0.17687111213525095,-0.7533673945574922,0.382417305838826,-0.19090150870597933,-0.3584782393874682,-0.28066526879899684,-0.13268795803382624,-0.4734297296100844,0.05054021225690478,-0.17748065245576275,-0.41249680942944805,0.08687539451727547,-0.15934560288889862,-0.36534521770027395,0.03920271270374309,-0.14268505453554148,-0.2535477086925006,-0.1634529192227918,-0.17498635815773986,-0.3761613910184002,0.09819664690384429,-0.2007516014111238,-0.33625853878682904,0.13142871480524582,-0.15955301402870278,-0.2909213871710231,0.08070543854335846,-0.12008088882485086
25,p,0.0,0.0,0.0,-0.10282546970794099,0.03798097365348573,-0.24637919198359837,-0.2833619733609316,-0.01133371551594079,-0.330645065881557,-0.48039757693966806,-0.052856905820379586,-0.3654829236187855,-0.6559469024531848,-0.09439212335408978,-0.39327149805514744,-0.3101968111024182,-0.38479801575870115,-0.20687616681923138,-0.540343094535973,-0.5052743196433203,-0.28693797354465334,-0.7179668630024119,-0.5626895594740239,-0.36190617809130915,-0.8582614432964903,-0.583988159120038,-0.4097185646861815,-0.38618326459485347,-0.3582438980656781,-0.10929725120221098,-0.6376176309070429,-0.4461040219093015,-0.16314878912028194,-0.8460494012485471,-0.45887410198579803,-0.22711469042987545,-0.9999981053199684,-0.44549078849758955,-0.26967189777292955,-0.4300936058132706,-0.2957015435652572,-0.03235480943852854,-0.6512588804671373,-0.3386835577281047,-0.10039796264582357,-0.7825936266809493,-0.29894336181375103,-0.15909043211269752,-0.8728637418809937,-0.27467800326472797,-0.18917218414700537,-0.43690666416739127,-0.21050790727038013,0.025008887644666727,-0.5959226714408972,-0.22012139020532104,-0.05068894057818765,-0.6523094843536328,-0.16218278238725012,-0.08399033036334541,-0.675022765667995,-0.10261911520384566,-0.09378802612501992
25,p,0.0,0.0,0.0,0.22905301844280146,-0.002889068161323292,-0.010457202577757388,0.46855852813528226,0.08930118350966673,-0.014180877150435965,0.6417232052028015,0.18150963899688635,-0.02526512369221736,0.7628543740183503,0.23935707857553173,-0.025381233189544786,0.5206718531199517,0.39832969293339826,0.028551912753672266,0.7792421845423511,0.5227334353079536,-0.021943806516210914,0.9258860018036809,0.5531748545162454,-0.06832243846532796,0.9999970633715682,0.5554121735455407,-0.09285136427824248,0.5127293005512754,0.4376235929668044,0.002832411617330876,0.7598437428726862,0.5605958852536131,-0.02560099449445717,0.8903029672123476,0.5825103043702418,-0.060350944673192894,0.9665212955455055,0.5897184904870789,-0.08313219473013199,0.5124675331746277,0.45790273176492335,-0.03068072893609076,0.7330442246488282,0.585715226246818,-0.047092183088592775,0.873887675927308,0.6132714281010658,-0.04391050553805848,0.9611128367216754,0.6358441602257668,-0.03925650136171153,0.5107635509535207,0.4496188576419421,-0.07038636176911901,0.7116389872765447,0.548538657588617,-0.0657955978035108,0.8238901945059403,0.5819295326178399,-0.03803188721296667,0.8877607342612065,0.5951507543013631,-0.013193910868824288
25,p,0.0,0.0,0.0,-0.09710053745228088,0.15999934676712635,-0.26639098220365154,-0.25059926149189915,0.28527020432619643,-0.3747678374693725,-0.4122441605181818,0.41597794861298687,-0.4087367955073227,-0.5642581382911176,0.4757580434122956,-0.4183209759018968,-0.489351692662978,-0.038194101236404314,-0.3564508391578062,-0.7003237364611477,0.09814060719446203,-0.4076074790621149,-0.7185098230003748,0.24674091414653349,-0.42541409584450907,-0.6773740059434803,0.3469708782098993,-0.4202954268621584,-0.509382314864132,-0.10807757052643639,-0.18760448478073616,-0.7926146052919062,-0.03560962134652207,-0.20379064799296198,-0.9196541419293117,0.03355663577878198,-0.18738557189787589,-0.9999979102425486,0.08614667239872963,-0.17269432210115965,-0.507075602103,-0.12372034400809151,-0.023294679513474904,-0.7426870226526917,-0.05097251019216748,-0.023844030571927896,-0.8530447125402655,0.007979390150163704,-0.009616229741139345,-0.9301691847431379,0.04111837876181593,0.00544574974280896,-0.48945532595944446,-0.0892159368917938,0.1243481560494434,-0.6502796286430338,-0.014590496932919025,0.1359448480402785,-0.733536277310256,0.04283629994554796,0.15700141807858134,-0.7860186947377192,0.08769706139045763,0.1788364678629817
25,p,0.0,0.0,0.0,-0.1173102290001529,0.03617738289450881,-0.26215929321841697,-0.34383940681043645,0.029450913107918548,-0.3367310937653619,-0.5598755897146486,0.07017115853182929,-0.3555150772279877,-0.7389255000741571,0.11644927066357028,-0.36396216010832716,-0.43492973739805674,-0.2966948613085656,-0.19731560304392046,-0.7013366758782495,-0.2737890714679078,-0.2570182739626992,-0.8640678949215564,-0.2442948795233779,-0.3178421907823108,-0.9999987502609465,-0.2091178262275858,-0.3606888349496103,-0.4777108673884204,-0.24254763616441596,-0.07678489506344738,-0.7002129904216525,-0.13857872309430733,-0.16074686698616358,-0.7883793923791717,-0.00041342090050471703,-0.23769438515108998,-0.8298949702273506,0.12899223731412637,-0.276954584383948,-0.4984267183004407,-0.16527059174568637,0.024065995712798376,-0.6868078735904762,-0.06834115650251407,-0.06439456359558327,-0.7387746573131622,0.05120802601231814,-0.1438285198273177,-0.772633940799877,0.1444525402074512,-0.17750486456555922,-0.49315563906413173,-0.09092306272598367,0.10639344665091101,-0.6279176678540047,-0.008715880955919896,0.021844656814977825,-0.6697183943881535,0.07866997489242111,-0.03774881837732697,-0.6880211708206422,0.1516434567174013,-0.06235262283142937
25,p,0.0,0.0,0.0,-0.240511328878578,-0.02459548028312387,0.010859552001279287,-0.4344878485099663,-0.07362900815172886,-0.009831019381274318,-0.5677904935146261,-0.08811715556511623,-0.03934302198682853,-0.6645498589344365,-0.08660176979963502,-0.07955426194520997,-0.5685740409776284,-0.3517187942325592,-0.05098911483501452,-0.7785907512434662,-0.2577137778164547,-0.11332351343914805,-0.906928684033459,-0.16003117335969277,-0.16180912308759068,-0.9999984833290991,-0.0715292727120801,-0.19175307756102364,-0.4809632193427431,-0.34641636786330193,-0.08926337438849803,-0.6837011872601726,-0.016475605270221152,-0.12359851687790717,-0.7576437047977327,0.13946882679614053,-0.13561925818819456,-0.8163477044902179,0.2288375338872488,-0.14925793347894367,-0.3804329724318202,-0.26184479281846834,-0.12544949238316694,-0.5402933790009031,0.0765528809373783,-0.1478018166266936,-0.4738573229994413,0.09271334961042309,-0.11570102741550757,-0.41947180661602484,0.023014554060685435,-0.100138163409046,-0.2962269549357049,-0.14150808421412808,-0.16271786412346012,-0.4548401944093646,0.1180973041908999,-0.18464794962307926,-0.40974854082405765,0.13660312681608,-0.14538717059144415,-0.3565131464594526,0.06697746537624358,-0.11147349844058509
25,p,0.0,0.0,0.0,-0.21209208575657273,-0.15159586594988428,0.007372049923003817,-0.36468695909729626,-0.37476250892183394,-0.0002471177301610294,-0.4328621718185688,-0.5756086588608298,-0.018766806835834163,-0.45889044182462646,-0.7300856484692574,-0.031431844052951505,-0.4370248855151221,-0.4155378131481497,0.023325263557231562,-0.5528877337185734,-0.6581761380733666,-0.03737584200521536,-0.6089457903357383,-0.8338743833623232,-0.08149204206901545,-0.6460273400288313,-0.9545780216812777,-0.10657893386378901,-0.36603628361664536,-0.45664038892786624,-0.01244533089868192,-0.4643465122152639,-0.6975299326985102,-0.055902182883753794,-0.5035039926820709,-0.8678976389173308,-0.08430506544344012,-0.5246636105942528,-0.9963434016138998,-0.1024426875225115,-0.26362711293936797,-0.4976005454920939,-0.05519650359673338,-0.35968356964630127,-0.7304295640491257,-0.08437355439301195,-0.40268636893130755,-0.8867929985914815,-0.08175297376417401,-0.42439761743498905,-0.999997954282585,-0.07664835601484113,-0.1425365162468228,-0.5343930500222449,-0.10152934657009853,-0.2339410590067394,-0.7259436026297463,-0.11277621975729793,-0.2812075335554434,-0.8519240679773789,-0.09665410240530031,-0.30975167314470453,-0.9500962669938626,-0.08162350244290152
25,p,0.0,0.0,0.0,-0.016755605992299118,-0.009388835468004317,-0.20613732096439874,-0.17200556405243606,-0.04002116252816124,-0.30108269378679076,-0.39728735546997956,-0.052633766866693556,-0.35340007100117143,-0.587498644754482,-0.05822647579453448,-0.39757189087889655,-0.21086203090521038,-0.3600642982599345,-0.2748364624698133,-0.5546064798847389,-0.4663224893286044,-0.39639428694512535,-0.8016497410925791,-0.5230365532375251,-0.4806868963877969,-0.9999976961208608,-0.552798190805282,-0.5366132647262432,-0.31394161484246,-0.3015782154177883,-0.20973113801876792,-0.5450970757905494,-0.2623865458127155,-0.3610945602343398,-0.5538352801072264,-0.15280281318208086,-0.42286109156029184,-0.5029330737096469,-0.08014785693470895,-0.4375252163895914,-0.3976353291587646,-0.22078044827171492,-0.1542879711078719,-0.5961174476811042,-0.14172993062156844,-0.28528755147751644,-0.5390369231229198,-0.022359643976700722,-0.2922955685440563,-0.4415912446828227,0.04801226706037287,-0.26519965798502776,-0.4387195691580109,-0.14266763320004863,-0.11404648417746122,-0.5718439484160857,-0.07347428735003017,-0.2192393062158781,-0.522570929012881,0.014224145469052044,-0.21764656102010674,-0.44040286098008163,0.06737142757221432,-0.18562197873482814
25,p,0.0,0.0,0.0,-0.25238356375278564,0.007055093030649374,-0.0006567870332290036,-0.4673403768854037,0.004198796109147389,-0.02480063084299676,-0.6117994763309915,0.061549781387708294,-0.05766244014915601,-0.7159786216623809,0.13911815191235183,-0.10064102909529024,-0.6083693486136038,-0.24392758309097418,-0.04412300656089824,-0.7960093362866036,-0.07052681123918014,-0.11425430920164431,-0.9135680146110635,0.05768942557781898,-0.1742021785073744,-0.999998378153098,0.1767600890809765,-0.2103038304694214,-0.5145125840747816,-0.2616520283063964,-0.08075299116341886,-0.627908354882239,0.16680026765498102,-0.14989395293740473,-0.6431955900962845,0.4212307136975383,-0.18230683764459898,-0.6549643899056037,0.6011036608408997,-0.19473144407778764,-0.3860330675791109,-0.20722498450786528,-0.11664858581315869,-0.45783209920057777,0.18091572220994145,-0.16413639510679331,-0.4006460322740689,0.2102432030235567,-0.15203008544319754,-0.3610875717826961,0.16432040218886634,-0.13685893834522503,-0.26853995541659675,-0.11315366177304097,-0.15337263296564718,-0.35683323898348196,0.19759760986540265,-0.17421878151262937,-0.3245374695069507,0.229518059587044,-0.13569822635630993,-0.2898528973354848,0.16987117110728933,-0.09831361764358536
25,p,0.0,0.0,0.0,-0.04198333077681202,0.10845672842770886,-0.256688594671775,-0.17389830935625558,0.21280013683111476,-0.3821952400337731,-0.332568903679815,0.31757413898847753,-0.45642664421888407,-0.4986986835293167,0.36030117692305746,-0.5201689692593325,-0.361125926675311,-0.1423778288224024,-0.338034627708831,-0.6631016907028249,-0.1795681497844155,-0.4372963199075476,-0.8539429282039054,-0.19237017829332567,-0.4834723798865151,-0.9999978919858715,-0.20896895811831168,-0.5108479086547293,-0.39164581387399183,-0.15777510506635178,-0.23854909460767088,-0.6390640802360931,0.040983491326239546,-0.3537762093319109,-0.5581943766187192,0.1964094291556918,-0.3573415808995445,-0.4386424772399137,0.22483603011541095,-0.3337908856487512,-0.4161306035558776,-0.12831668738428248,-0.15422463628176455,-0.6154478912606864,0.058829007808254195,-0.2702455757837345,-0.5360316771518544,0.18380410170363,-0.25456117944874024,-0.45181032825090894,0.1895249549897142,-0.21498190813125553,-0.42793857239614763,-0.09146976085750844,-0.08839611622937195,-0.5682710494753965,0.03020237613470387,-0.18988381762144949,-0.5320010331386701,0.10783992517758505,-0.18879827091542975,-0.4728430803500076,0.11647089866658585,-0.15923754481078695
25,p,0.0,0.0,0.0,-0.13636014544404146,0.04310665355300987,-0.23654951891159273,-0.346888060321192,0.042189496625977735,-0.3185061494967765,-0.5448844314552882,0.05573641777925828,-0.3476914857999537,-0.7146073878761634,0.04860347950021134,-0.36488148343660737,-0.4113921387988447,-0.32954051610288687,-0.2144575083812687,-0.7143082787065878,-0.37245786357366534,-0.2523259060421269,-0.8920798014297943,-0.3489456404528562,-0.2849212768331745,-0.9999984454091866,-0.3176002411364936,-0.29970049440720675,-0.40051389597219467,-0.34531986838008355,-0.08147116703931571,-0.6442153157439476,-0.2592040404705922,-0.13521281714921654,-0.6864463244231997,-0.11847808720941132,-0.16750245352111454,-0.6693789865644971,-0.006110889288830284,-0.17181144866489706,-0.4032475295428997,-0.3134366655878173,0.03962917252364094,-0.6090065619784827,-0.22806314361310612,-0.016219696415835403,-0.6633497314697177,-0.12541300928790586,-0.06206486705502515,-0.6790903978490526,-0.053821211017808776,-0.07217407129651622,-0.41015974971725977,-0.2741740467001871,0.14734493850438882,-0.5584821307451634,-0.22084227020335062,0.10808278292092463,-0.607415992446156,-0.15036416248750684,0.08719690370857694,-0.6240682097721143,-0.08033138273603127,0.08943282119634227
25,p,0.0,0.0,0.0,-0.1324866888358966,0.02681058017671677,-0.22386880437263346,-0.3467539047056331,-0.016712870331650174,-0.2816239023110944,-0.5525729926156134,-0.03982225989316713,-0.2883935050711886,-0.7137416643265964,-0.04965344810365594,-0.280696477160036,-0.427306374860429,-0.34235573663692165,-0.16001295608141478,-0.7228068600076724,-0.37555072567449543,-0.20300518688970484,-0.8955033405450485,-0.3447864607024525,-0.2379054468067614,-0.9999984310557782,-0.318212991264147,-0.25646451717695,-0.429762301585791,-0.3302699624306308,-0.04463855473074203,-0.6741004988703977,-0.22579927969064661,-0.1005491271580397,-0.6837752809637526,-0.10328021943887007,-0.1334796168523858,-0.6369805345609417,-0.025802473783471686,-0.1381442247288574,-0.43392443435426586,-0.27840994898357835,0.05325653955614341,-0.6416623377586618,-0.1577360133321656,-0.016720036520880922,-0.6291214194136024,-0.051439797669868156,-0.06018527893804699,-0.5866620915999234,0.011807563026336837,-0.06577980183874217,-0.41946540188751363,-0.2209045397343534,0.13489987224067532,-0.5629346991534566,-0.11457232027229718,0.06277919390597231,-0.5667923894021533,-0.034312369300995765,0.02472026686417162,-0.5458318188298743,0.030929788934570164,0.02149035049916626
25,p,0.0,0.0,0.0,-0.10578279349537026,0.07372222982411546,-0.2419298011407997,-0.2967035135054078,0.12706723128478772,-0.3235289796089767,-0.47849006287862794,0.19951404582766855,-0.3485795377116196,-0.6404353625509139,0.24898786621405677,-0.35588946950463485,-0.4521345199210663,-0.19716018501251256,-0.22594800551494942,-0.7496914959327498,-0.1550756016212072,-0.2768689376026375,-0.9055866723204877,-0.0670641876688811,-0.3130939669263037,-0.9999985289988889,0.00939760068613992,-0.3277967743720976,-0.45416708287776253,-0.20160609864572784,-0.09231938665992377,-0.6946436903489648,-0.06196524457740192,-0.15207265615267934,-0.6810259481637435,0.0798978648795421,-0.18294416786391185,-0.6121216518427968,0.16184823957423305,-0.18857734700773854,-0.45803309092062366,-0.16445492134036968,0.02763844999807762,-0.6579074076994209,-0.05246308728157085,-0.03307489357545781,-0.6525393354562042,0.06303404547646703,-0.07406728234826558,-0.6077773575895665,0.14058646667672767,-0.0818493299773045,-0.45739777251909575,-0.12155602389245507,0.13220283567608201,-0.5983476227336556,-0.05308976935097756,0.08404243920011178,-0.6298049144946547,0.01663160289928722,0.052148552354871994,-0.6221616728888588,0.08143267699915938,0.04566580965800844
25,p,0.0,0.0,0.0,-0.42438245855931855,-0.06797280224863608,-0.09603182087201799,-0.7379343046406741,-0.10314193580612903,-0.19648728421470385,-0.9074163479827172,-0.15336578573812482,-0.30911099403377423,-0.9374336839364582,-0.24204716155289246,-0.41043844832154197,-0.8721261936133153,-0.6758504151416087,-0.1461926151697906,-0.9796429827822931,-0.6690689898784461,-0.3170247796392697,-0.9999971412991174,-0.46960905629608246,-0.41841564099445255,-0.971968363438136,-0.27456133448981784,-0.4624017860586412,-0.5860846655894414,-0.7486869249725466,-0.19615229383636826,-0.6885175157091801,-0.45774373458164336,-0.3755318034099422,-0.7075648539276094,-0.08680237968196215,-0.43233763494394,-0.6566349001666091,0.18570496624445476,-0.42887791361285416,-0.27918534333624806,-0.6867528099101836,-0.26128760319445105,-0.39062221001874714,-0.2315809273239638,-0.4115797755350141,-0.45485082174167313,0.05362776793200082,-0.40180963461386543,-0.442320716222007,0.21877444622257833,-0.3560864937253888,-0.0018335867046130067,-0.5462596599094508,-0.33850088329655725,-0.1163518196138774,-0.1998220162649491,-0.4194939232231922,-0.20000331319401782,-0.012556345864662864,-0.38311705222844467,-0.22118446855786744,0.09166451113964566,-0.32491794783083916
25,p,0.0,0.0,0.0,0.14697737398774907,-0.2184069151555736,0.023431857893216963,0.14164655621216946,-0.48612615980861057,0.07962388457056674,0.11255628386969702,-0.6837073434027128,0.12930229036944066,0.07353644768340954,-0.8183712609183114,0.1802044829421723,-0.010069868958871806,-0.48731072845528917,0.16278456420995097,-0.10148771171176796,-0.7128473179261647,0.20089026532868506,-0.1532613346298214,-0.8837063310090479,0.19804960447983727,-0.18896820981519263,-0.9999913139143128,0.19529218507667293,-0.14803898150960854,-0.43648196470689854,0.16195726234725344,-0.2285728232245673,-0.6746750074717885,0.2130620414626723,-0.28177590157683385,-0.8476686256815318,0.19133217351458678,-0.31160264634059137,-0.9876719035350658,0.16992418866890607,-0.2859829841043296,-0.3866223934876085,0.1556449721091866,-0.34788523845564207,-0.6107310807174267,0.1994815514947375,-0.3918576898841181,-0.7816232285876296,0.19458341126666287,-0.4154007328713293,-0.9160909260345693,0.18486983834604986,-0.42288712388136973,-0.3321218811193557,0.14928631258378666,-0.467384295730916,-0.5333520331670378,0.184807079635106,-0.4985473043395501,-0.6736400630991003,0.20596223375742506,-0.5134004904866489,-0.7858706941371711,0.22123227429675615
25,p,0.0,0.0,0.0,-0.1545840144291718,0.04189365950833603,-0.19835642102770407,-0.37353420052629477,0.030424646332930537,-0.29057011407320227,-0.5880590205384159,0.04478185439654299,-0.34492927580016414,-0.7604576420882108,0.061552290354158774,-0.39381804589115255,-0.4119422479963355,-0.35797677733617816,-0.2301717928246791,-0.7183811799124792,-0.42028645535286374,-0.3044081451100827,-0.8912011056209416,-0.424065467853745,-0.3534021503484014,-0.9999975601274175,-0.41276347843609906,-0.37793959096811974,-0.41008891689586674,-0.3884718834084509,-0.13937499314693613,-0.7255573843865988,-0.32778459724336845,-0.23009537054805507,-0.7865481782420986,-0.15981083278149033,-0.2620502075463287,-0.7707213501662618,-0.03449327817519468,-0.2662615948924768,-0.4175004961648788,-0.3751387774799217,-0.05808221430860117,-0.6809738207116102,-0.332453191221146,-0.13872704894692478,-0.73472594887927,-0.19764015056585035,-0.15479570517355348,-0.7265717428631971,-0.09308524148281062,-0.14269233620246022,-0.42065991378553824,-0.3404742581425486,0.009567786138056516,-0.5955427319657637,-0.35610904888958994,-0.04048688495005631,-0.6809867637803438,-0.321943928406502,-0.05032501238500229,-0.7311568613190296,-0.27646285744286436,-0.04114869932063477
25,p,0.0,0.0,0.0,-0.12091031081151773,0.11364192646256278,-0.22024763187033464,-0.28553657513001607,0.20091644642525375,-0.3004608245878394,-0.42556650539596697,0.30514737621471266,-0.3220007996708938,-0.5530328689305278,0.355171524940701,-0.3298362750904634,-0.49050467869479464,-0.12275406513129786,-0.2570395652762632,-0.749813741450974,-0.09715087772289434,-0.29082838226401286,-0.9039598217956605,-0.06859858022323495,-0.30885365909849155,-0.999998346576985,-0.05869078447345411,-0.3129718386297555,-0.47060058777629704,-0.16834378194810978,-0.10923706020782047,-0.6969320371551011,-0.004572502828919389,-0.138603283808331,-0.7025616054266782,0.1648316460435122,-0.13074965023960888,-0.6545582591341876,0.2653000693562057,-0.109341759061041,-0.4552809244413861,-0.17182088272639143,0.033480725774792275,-0.6465391079996494,-0.06635909158637558,0.02535002490460648,-0.6836198224994944,0.04213380465219532,0.036931119044686815,-0.6819087187564267,0.09827111479978136,0.05851993265034299,-0.44398581653084707,-0.1523641179354552,0.16249125264655925,-0.5796729679606843,-0.07552883371877217,0.16740696174100683,-0.6431688372549162,-0.005037469709253067,0.17663714069819458,-0.6646934629120248,0.04244621351414059,0.19741724528316654
25,p,0.0,0.0,0.0,-0.11209190553335252,0.07317732683549748,-0.23069064439971043,-0.3237703285478961,0.05342853725439591,-0.30058585466347126,-0.530603133745406,0.023750667326820133,-0.3163548186365597,-0.6992487062307375,0.005135198436371442,-0.3182915675289643,-0.3779173628409915,-0.2730139391815293,-0.2126746799620199,-0.6834490284522675,-0.3022053043046527,-0.2758406171982064,-0.8693338478838584,-0.2915041650393623,-0.3117222076146232,-0.9999984289873565,-0.2828213816219341,-0.33141923787888117,-0.40379823857826047,-0.2874921273915586,-0.10043291587291232,-0.6541845775818869,-0.15789087133992435,-0.18465191426789554,-0.629266972929865,-0.02746095120071411,-0.20175830995993152,-0.5480445955170362,0.03325612189418887,-0.18959837028361945,-0.43177814072234383,-0.25047267476143703,-0.0052684712670041,-0.6354088444295153,-0.11012210184430239,-0.10010935576537992,-0.5992027458041042,-0.0017394501486877444,-0.11824631433654229,-0.5369051290475033,0.047578774644648276,-0.10256847344839905,-0.44058509031640636,-0.20298061043320156,0.07354446320008477,-0.5686830085982243,-0.08107901510783094,-0.01823415636063927,-0.5412976714153324,0.008756711921540396,-0.04604427372395363,-0.4938645532471206,0.0615293034238068,-0.039276149020116655
25,p,0.0,0.0,0.0,-0.09526004306962457,-0.05251484514163276,-0.20836406570260665,-0.2943226686319764,-0.12174877117402443,-0.27601414306122446,-0.5272149209858465,-0.0720882573372377,-0.3057495770181334,-0.7115305050056282,-0.04636847258478206,-0.3244185651739568,-0.39441595441697574,-0.45163306885056304,-0.13394559308563242,-0.6537093767162555,-0.5294248145387898,-0.20586754651424335,-0.8440716479650625,-0.56968648956102,-0.27292335217604,-0.9999972871982532,-0.5874819375336955,-0.31929643308497946,-0.4603558988503491,-0.3557353388196873,-0.05247453006163578,-0.6844525581914218,-0.3675987013088302,-0.14738374929581893,-0.7193951356908429,-0.25212654848494653,-0.21830642401240896,-0.7045684590729216,-0.16712831356419167,-0.24445799661124207,-0.4964190267501431,-0.2463996546981056,0.00931573847646046,-0.6821233332971403,-0.2550903477004784,-0.08231428293546254,-0.7170128746448553,-0.1607389933916757,-0.13596964788215019,-0.7158161656241974,-0.10545737510418708,-0.14602858870835494,-0.4982088351746348,-0.13852517314947774,0.05551258256754903,-0.6583029865754466,-0.12102340478209471,-0.017564737605212623,-0.7086659060311684,-0.06745761918920311,-0.04834550698753437,-0.715849798305767,-0.038198722331673554,-0.04943414272192264
25,p,0.0,0.0,0.0,-0.08182084356577313,0.03188364353429458,-0.25474548578146133,-0.23237384844994813,0.054623016160685045,-0.3693910890826192,-0.40389005026547237,0.10811016551010012,-0.43349346521556653,-0.5644568761743807,0.13415447609554154,-0.49132217720240356,-0.3936575884564992,-0.2855418355177118,-0.28316030215170446,-0.6841916087399438,-0.3064035187914153,-0.36332068723711886,-0.8698954930285651,-0.32079130431806085,-0.41518555016571174,-0.9999982478224678,-0.3368114023057899,-0.4448891304612097,-0.4216355149004601,-0.260104622557676,-0.16582728925410026,-0.6728328884082844,-0.1335790231597106,-0.27398702361169014,-0.663224756481416,0.006618335389572409,-0.3035089863653714,-0.5906993054929022,0.08456891853864429,-0.29582178108981677,-0.44481180356261263,-0.20480359542432044,-0.06274082917927844,-0.6493020330098077,-0.08785557986180226,-0.16386702867139677,-0.6403803715270803,0.026542375023005476,-0.18401953930823223,-0.5846602350232184,0.08543366451118156,-0.16785286270064137,-0.4602680934425225,-0.1532817588419593,0.022905093980162945,-0.6042481412130994,-0.063799767261519,-0.060842898452340026,-0.6037377008820878,0.021936767215889386,-0.0811021968617503,-0.5562960971533586,0.07423614410809837,-0.0692365152872689
25,p,0.0,0.0,0.0,-0.02238437748264517,0.1741786902898951,-0.35406616326613805,-0.16975945901109415,0.27423893690578066,-0.5139335954378311,-0.3419698450059611,0.3569495312619049,-0.5782574750050739,-0.5261976026243174,0.4439123867816989,-0.6332302185151749,-0.3431533040364825,-0.0780175244686513,-0.5785717464796175,-0.6323160641220379,-0.09822224187447942,-0.7664985636480205,-0.8309579241151922,-0.0980377460883933,-0.8886961615094762,-0.9999984020001784,-0.08684074731237927,-0.9535860059507115,-0.4024746522764001,-0.12844888086843084,-0.3943348688449898,-0.6733092752232769,0.013227500153290125,-0.5388360498935061,-0.6790100235665567,0.22819938029982903,-0.5549390459342751,-0.6131996051591251,0.3716864298261948,-0.5438670128120272,-0.45361332189635284,-0.10888165974359103,-0.2206919973700805,-0.6778781414426773,0.04564141908099554,-0.35678033249502983,-0.6495991855059184,0.24455711768282182,-0.3663999970730405,-0.5823875706559918,0.34711410567231366,-0.3408552363016858,-0.4938626444641212,-0.07398919185071634,-0.06502239200906386,-0.6299245243982675,0.060306309997231224,-0.15992879360729334,-0.6225110703360887,0.2014994968409373,-0.1682193527330485,-0.5724817566379454,0.2861168651473237,-0.15042347450744295
25,p,0.0,0.0,0.0,-0.10512809114654517,0.03224428299788876,-0.30280932547593603,-0.3346182409151704,0.029121705221543105,-0.4272933441316793,-0.5768908227215087,0.05934893236197742,-0.49097953429149244,-0.7994514831064171,0.05222167364462891,-0.5374901343687247,-0.40847353795356706,-0.43307994286268503,-0.2841231758654678,-0.7587678573532639,-0.37788617107980893,-0.3752683919757907,-0.9118919826067723,-0.2001970991281029,-0.45530875294028106,-0.9999984713112976,-0.044771405349890686,-0.49755694779170184,-0.45492559539230204,-0.42269051520606815,-0.12999089854063897,-0.7298453337780323,-0.2981563366709587,-0.23157735368161073,-0.7566518029328098,-0.13442838558436015,-0.3027143816170813,-0.7477212942743242,-0.02247773079149361,-0.33003449978177146,-0.4844559601214877,-0.3665786035059657,0.0089072395603748,-0.7140017823447773,-0.23952476803332237,-0.06825821586250293,-0.6971539854793077,-0.11462293261675524,-0.11203882122468216,-0.6577022608506423,-0.049472857585195124,-0.11950598032348488,-0.49802099561764934,-0.3032023932001102,0.12541377658782227,-0.6470844485661756,-0.20898100061874084,0.057160463351933685,-0.6453131806734628,-0.10645493612988761,0.0326573708237786,-0.6111081520914134,-0.036902910268066774,0.04029196870245459
25,p,0.0,0.0,0.0,-0.23475624175663992,-0.04444807196528652,0.008960739815359857,-0.4312222058347932,-0.10507052161285636,-0.0073539019099308385,-0.5634087195885075,-0.09526852823064523,-0.034933411165920074,-0.6705890726447231,-0.0485342526687003,-0.07053675837123269,-0.5748108172107684,-0.3717947651278878,-0.022961151137191462,-0.7654363400753097,-0.25127556132178613,-0.09068334647310089,-0.898878273152262,-0.15296567635176103,-0.1514632462283841,-0.99999843230002,-0.05058236553867995,-0.1879699809471148,-0.4935914172559773,-0.38029994429207326,-0.06354540125528105,-0.6514624820822639,0.0022285030378969618,-0.11197520306432061,-0.7124133810643218,0.18608397495791432,-0.13892179617608597,-0.7690091259690474,0.30060449318398696,-0.1544692584554538,-0.3836737216594593,-0.30836986708687053,-0.10495737844509906,-0.5016817831319333,0.0731538429830474,-0.1425252311115625,-0.42093870479380047,0.09691105522968722,-0.1269763905597384,-0.36399713030530806,0.03215364805008262,-0.11326630562784537,-0.2811013305538215,-0.2031419888085012,-0.14740631293370285,-0.39110405855272484,0.08880858858877635,-0.17245487302964355,-0.33607786228851066,0.11633815590870807,-0.13679349821786801,-0.2837695725869109,0.05347398115188136,-0.100690375403591
25,p,0.0,0.0,0.0,-0.07797223526375938,0.05952569667653758,-0.2743591963108004,-0.2684052137236986,0.06403322871949116,-0.37016122681119484,-0.4820069462457818,0.07886262208740931,-0.4046382133447644,-0.6730360853437699,0.07871222888105694,-0.42118622220817487,-0.30846368247851713,-0.3504300702821892,-0.26548513610620345,-0.6372436092702305,-0.36873503096822924,-0.3458947827489239,-0.8443325943322748,-0.3568435123044458,-0.3976880217411668,-0.9999986242206609,-0.3515629395001597,-0.4313006983538237,-0.36682403681292086,-0.31645859024837925,-0.14472474209048486,-0.6377392754293346,-0.18470827828073252,-0.25635323847572133,-0.6210662532381792,-0.02995973715421864,-0.29415281603163834,-0.5377068004782792,0.03294283642394949,-0.2923950236799111,-0.4174457832501202,-0.24821033361192082,-0.04449239547021844,-0.6303531157332766,-0.11885729263364438,-0.16279016223404613,-0.6033461777998536,0.011872863017957301,-0.1997307498032173,-0.5434220703310243,0.0548243919255084,-0.19189328748384404,-0.4365205455853603,-0.19128326589541778,0.036490894343535175,-0.5712145544586963,-0.0920409702990033,-0.07308941969967546,-0.5548134946824087,0.00508917817853555,-0.11177903556717751,-0.5031112788412296,0.055301156430269935,-0.10875911702282713
25,p,0.0,0.0,0.0,-0.10307264959075063,0.0630449153421339,-0.20638141787684172,-0.29043958628120925,0.10219386561011362,-0.3020652241190237,-0.4909877891209981,0.1551306675439655,-0.36374476679368517,-0.6537801154279086,0.1614271387245224,-0.4139327159018369,-0.3936274821845006,-0.290671189416797,-0.2158113178409267,-0.7006683984992449,-0.3261460773697742,-0.30411464041085123,-0.8870527801717574,-0.32420589212524503,-0.3589224983102162,-0.999997929858374,-0.3063776330673539,-0.38193856889322714,-0.40734648219898334,-0.3000663550800466,-0.13968505144751378,-0.6767727419002314,-0.21186467506896084,-0.25646214102610926,-0.6861727197756748,-0.04587148731277977,-0.3010445724212093,-0.627433068581308,0.058666665976093,-0.30284834995855026,-0.4242374703895733,-0.28591931496042067,-0.07981168470441172,-0.6664338273917273,-0.21896675992679648,-0.19114783576936203,-0.6753130375347531,-0.08172567629868008,-0.21970506072733142,-0.6288516223630256,-0.00332375794529898,-0.20461393243979634,-0.432989033519405,-0.266649736655433,-0.033474099166013085,-0.6455263694800315,-0.3057482203904051,-0.09444956275593534,-0.770306414717169,-0.29499354308735504,-0.10473374606261249,-0.8533653822686956,-0.2824381113033423,-0.09197932467725549
25,p,0.0,0.0,0.0,-0.2582812033178658,-0.07395120599864563,-0.21188593608083997,-0.5471825365199671,-0.2530047439722172,-0.41750846662559565,-0.6690260619106454,-0.25634151629650986,-0.6110592888408723,-0.6432040074529105,-0.24182659150271588,-0.7881250538144772,-0.30419662031330236,-0.6673719506689395,-0.4714652673940911,-0.5526615527312683,-0.5551217134100898,-0.7061328508969852,-0.8006375787955067,-0.4507440367459743,-0.8413088424956026,-0.9999974038653268,-0.34489082074463195,-0.9139852864932965,0.058826598965989026,-0.6367270234296843,-0.47008725400382945,-0.25415609947938905,-0.11668969883038469,-0.7125507622819662,-0.3367795711007998,0.25981361022432675,-0.7838348405981156,-0.3622526830588812,0.5280196357341134,-0.8126036409631247,0.36227968548291206,-0.49665361224280247,-0.4704907429474422,0.027166914441987402,0.02939039771361592,-0.6399946686297737,-0.11546321623514998,0.23924348855516941,-0.6007211516083419,-0.17670842773754053,0.3408383681272582,-0.5600633154729852,0.610473587839617,-0.3124106958068107,-0.4976339432262048,0.36655628143099456,0.056806136785068045,-0.5970740061493796,0.18956042101358414,0.18092475179931922,-0.5470060960372229,0.09782506264235016,0.19728234057798014,-0.49248769900847567
25,p,0.0,0.0,0.0,-0.3728873687777682,-0.0003496781928357941,-0.2327058307437216,-0.6295566620128372,-0.030525516389516495,-0.4461138733353904,-0.5500640055071738,0.05544305064228337,-0.6340426242117343,-0.3423226297672557,0.13588608830799254,-0.815396129010941,-0.47312751279178794,-0.3922874739883457,-0.5263118975197258,-0.48629070966460225,-0.11510747850254151,-0.7631225219448341,-0.3835387831086276,-0.01830502668568356,-0.9053131349785242,-0.24942884003249705,0.05705595303089148,-0.999997138928763,-0.09337669693912966,-0.42661131752176845,-0.5184391927200123,-0.1357836831605661,0.25129089133099697,-0.7935821272777639,-0.15191526504366873,0.6190903613997653,-0.8594648753640959,-0.14330982199715334,0.8793319401086096,-0.8815854956735807,0.24300946124053519,-0.33604423924446086,-0.5110944585055314,0.1496094865285101,0.3711136110097929,-0.745086852345512,0.02663139225715592,0.5889085545433678,-0.7203283402409135,-0.05326517197819855,0.6982774225279297,-0.6728463731954357,0.5268946064188837,-0.19522330571592017,-0.5268434066675048,0.4609574582625618,0.27817100616520773,-0.6722310043786359,0.3064488958385205,0.39172117608107454,-0.6502372180881326,0.20855008649825785,0.3879033655265213,-0.611984760095843
25,p,0.0,0.0,0.0,-0.30496725571889344,-0.07934372041596456,-0.12804003455996096,-0.6039147559925973,-0.22742389552727968,-0.24030219654754137,-0.7282539819301027,-0.3609926177197345,-0.34304071249223655,-0.7091789291015794,-0.5017497560775476,-0.42565528062687996,-0.5995303174518306,-0.8704392298675792,-0.23775027600933152,-0.666251979199272,-0.9074591310388527,-0.4247748752903641,-0.782215018972849,-0.8321587818190459,-0.5355830208407464,-0.9152558592333342,-0.6947267529741794,-0.5944397409247846,-0.3221643703570169,-0.9999968099453598,-0.2620304918717705,-0.4830514697679609,-0.4234929828256006,-0.490904909975645,-0.5307816936637665,0.04453365042464614,-0.5265726157901598,-0.5517701461794252,0.3640981131376158,-0.5015363237396125,-0.048008877104739035,-0.9227948973825022,-0.300268086650455,-0.21162850825610077,-0.29231871976661467,-0.48142176419444715,-0.24533670493062001,0.039534339953215245,-0.3996189363399729,-0.25326638997010104,0.22476713540321128,-0.30499444817516197,0.1987131079034548,-0.75102938965392,-0.3565856257152178,0.04163094152831205,-0.23482584124134634,-0.4860632272832696,-0.019641866350072566,-0.005355351504339685,-0.4310463788410658,-0.026658584222925226,0.0708562536034326,-0.34830158715373166
25,p,0.0,0.0,0.0,-0.10307264959075063,0.0630449153421339,-0.20638141787684172,-0.29043958628120925,0.10219386561011362,-0.3020652241190237,-0.4909877891209981,0.1551306675439655,-0.36374476679368517,-0.6537801154279086,0.1614271387245224,-0.4139327159018369,-0.3936274821845006,-0.290671189416797,-0.2158113178409267,-0.7006683984992449,-0.3261460773697742,-0.30411464041085123,-0.8870527801717574,-0.32420589212524503,-0.3589224983102162,-0.999997929858374,-0.3063776330673539,-0.38193856889322714,-0.40734648219898334,-0.3000663550800466,-0.13968505144751378,-0.6767727419002314,-0.21186467506896084,-0.25646214102610926,-0.6861727197756748,-0.04587148731277977,-0.3010445724212093,-0.627433068581308,0.058666665976093,-0.30284834995855026,-0.4242374703895733,-0.28591931496042067,-0.07981168470441172,-0.6664338273917273,-0.21896675992679648,-0.19114783576936203,-0.6753130375347531,-0.08172567629868008,-0.21970506072733142,-0.6288516223630256,-0.00332375794529898,-0.20461393243979634,-0.432989033519405,-0.266649736655433,-0.033474099166013085,-0.6455263694800315,-0.3057482203904051,-0.09444956275593534,-0.770306414717169,-0.29499354308735504,-0.10473374606261249,-0.8533653822686956,-0.2824381113033423,-0.09197932467725549
25,p,0.0,0.0,0.0,-0.3219792285918674,-0.053742554840034776,-0.14040528978338732,-0.6466626198861077,-0.12798302494276614,-0.2566659030708687,-0.8070093811987474,-0.1332157376642446,-0.3621049243122976,-0.8653028338427101,-0.14432515200694615,-0.45819311919601086,-0.6409488844116686,-0.587899352198164,-0.30193673622627215,-0.7885195390374771,-0.5341483537125129,-0.44221940770065227,-0.9014318681992548,-0.3892248009193741,-0.5078482301439754,-0.9999974589979134,-0.2238627034300251,-0.5370512411260855,-0.3839536184941009,-0.581554880182571,-0.3154952810962392,-0.7042472985287581,0.02163670936833622,-0.4702184229728565,-0.8034008018183817,0.2780503860631806,-0.47606271311135484,-0.8479948370205582,0.4652993217232949,-0.44614827765621434,-0.146615765393526,-0.4420728594184184,-0.3340023513236775,-0.44917725953948384,0.1230050604172826,-0.4372944526095315,-0.39248987916506894,0.10672980096816306,-0.34609361398242316,-0.32061999096704186,0.034814173201057244,-0.26173941710179116,0.019218949067049036,-0.24698579733789416,-0.37076560569849143,-0.25330406754735935,0.1767788908235914,-0.46127232364650067,-0.25922151070527844,0.19590810249104057,-0.3819366245766989,-0.2095101718930076,0.12496012408434594,-0.2815294103005134
25,p,0.0,0.0,0.0,-0.40787452527526014,0.0032400784828124133,-0.24534630865192544,-0.7822817646467332,-0.005854551033784966,-0.4748280504023309,-0.8273023028907011,-0.05178183589429469,-0.6769280518745957,-0.7431132308723772,-0.15237714759733345,-0.8535744653536941,-0.6702248769137426,-0.6599091274334433,-0.4939730774123982,-0.5374941748121451,-0.43622975337264397,-0.7324424717627659,-0.3847028285520691,-0.2942283268418845,-0.8945741485394,-0.26006676265905826,-0.16841252265298348,-0.9999971517161875,-0.242001351530145,-0.7216896231257593,-0.4928622236773884,-0.21737751903002253,-0.10636217604379922,-0.775579316487947,-0.17633029997975347,0.2703858651155186,-0.867958563314082,-0.1376748988862621,0.5658952835073796,-0.9059301270416438,0.14312896026110264,-0.6561118182668368,-0.49461943784224827,0.09475188066614267,-0.03987495067595313,-0.6991222923827072,-0.04128489837308476,0.22191744875221947,-0.6462042219971449,-0.155548044420112,0.4198819148929638,-0.5868631650116422,0.4658294024959128,-0.5175606042059006,-0.5270622409792273,0.433880887464918,-0.12676635170921888,-0.6690171078283567,0.31481865634835227,0.041093057205383525,-0.6230340532124576,0.22051132090134737,0.14939045224973704,-0.557845108702756
25,p,0.0,0.0,0.0,0.09818637721849813,-0.20303693437461856,-0.17573217142757916,0.0027272464342723225,-0.4112841338807333,-0.2633194447435185,-0.2522139179829181,-0.4213661807967073,-0.33574887991815106,-0.43048893463550986,-0.4594734155948378,-0.39989362135617934,-0.1723882252738342,-0.8028384544502217,-0.11918717393431122,-0.385768611725722,-0.9530275015656295,-0.28078475601406466,-0.5638154769485734,-0.9999963052646551,-0.400953363826102,-0.718155074253478,-0.9930224912438135,-0.46754252981264566,-0.3021059669313405,-0.6613888623671847,-0.1199864609562984,-0.5237219373043576,-0.87900954003909,-0.26275804027221933,-0.6287837988010533,-0.9418306838607112,-0.34013608766574155,-0.7122638784069649,-0.9886270526471047,-0.36976519000902613,-0.37802952143234364,-0.4605234407077747,-0.15323280126368458,-0.5297082696543919,-0.44587616296311333,-0.3544702077529792,-0.3870359973223982,-0.2631830247048714,-0.3983928815522264,-0.25510302860720896,-0.1994402460053893,-0.37481304039203434,-0.4134544353673091,-0.2365807001311639,-0.20002296250333504,-0.5105791156333179,-0.20325077128415334,-0.3653270556030115,-0.3876783889445536,-0.09243898724420556,-0.3865377886133091,-0.2701504522474673,-0.06897000103183741,-0.36745578992514366
25,p,0.0,0.0,0.0,-0.29311925620343116,-0.11287439701889918,-0.15409707356451718,-0.5747244596405726,-0.2830066338765028,-0.2668664456869792,-0.6381415869766748,-0.47382906189401847,-0.37821889512324863,-0.5354133400142623,-0.6222525237052549,-0.47781742166396807,-0.5437785085390793,-0.7327042557017696,-0.20645891565176452,-0.6058646279959822,-0.8623895852740487,-0.39195118689419867,-0.5692011243980676,-0.9610743379034067,-0.5073006181028052,-0.49966798039502347,-0.9999975961454668,-0.5739348672068851,-0.2342389035035337,-0.8500020205280467,-0.21393837541063554,-0.3116750635028026,-0.4890972174045784,-0.5033248956333451,-0.35962605695092054,-0.12223937963285461,-0.5742346466605969,-0.3928528249882051,0.1709954326128365,-0.5494136672820172,0.06659875126220775,-0.8189971093380352,-0.23791267215719428,-0.05506900923785551,-0.3478765578530206,-0.49228406384482876,-0.17198758117406315,-0.05602841811444929,-0.4606360005349231,-0.24698732118497502,0.15771358015726758,-0.36574002462655825,0.3380222709807665,-0.7121320921795659,-0.2788241319261114,0.2367948913992261,-0.38817653057995993,-0.42465720051661165,0.12941567492685663,-0.19788682093209414,-0.3895769149942858,0.058393269295479784,-0.07930253694468566,-0.31146321546019123
25,p,0.0,0.0,0.0,-0.3174876481346179,-0.0382541557648696,-0.25776907217912703,-0.5902719924947109,-0.22326033123347877,-0.47233949310600326,-0.5980076225025232,-0.25330091725425224,-0.6547676938337958,-0.37400724695063825,-0.22386844371524617,-0.8103387304737699,-0.3476098986296259,-0.7209318463108391,-0.5187390938120501,-0.49073477898296386,-0.5973280269529042,-0.7693664057335949,-0.46695991573957346,-0.4755587797524472,-0.9106521829370857,-0.43748405128540624,-0.32160237556976057,-0.9999964227088154,0.12143933765017138,-0.7555475085914872,-0.5040486037403638,-0.13860305658025196,-0.07187625137759507,-0.8487760449419488,-0.25485025011562756,0.4265926117451962,-0.9376013528228996,-0.3362872152274332,0.8065823144914405,-0.942454632014256,0.48806773026274397,-0.6049449449606379,-0.49210080330857026,0.16025064555910068,0.16364004107458968,-0.7589505604747953,-0.02152722449920015,0.44667055835569613,-0.7156243585458155,-0.1436930134906694,0.611854974852951,-0.6402835504851918,0.764909978083088,-0.3730685852490742,-0.506904035131566,0.5154570993836942,0.16520723137647972,-0.6823380361205595,0.3345023773744337,0.3179131882767944,-0.6516221723193663,0.23381135998226463,0.3414015328850603,-0.5899854839445046
25,p,0.0,0.0,0.0,-0.2470774283148338,0.0034505720884838035,-0.04354314167743979,-0.45329000269671116,-0.05298137407005179,-0.08263843906341276,-0.5863849459726185,-0.11307998825733132,-0.12148966271188551,-0.6532495985652841,-0.1430942362583455,-0.16611958223146014,-0.5267625002280376,-0.3686221718488103,-0.10246957052511899,-0.7207002999275359,-0.3124804099220938,-0.1940440273506201,-0.8747021894915384,-0.27777416812943384,-0.2664927108133696,-0.9999979505436595,-0.23727224299156657,-0.31785037248209996,-0.41793754975426256,-0.43318709455377824,-0.1313923446842879,-0.5435886658602087,-0.006745271695468498,-0.23360241091552564,-0.5504507197596844,0.23708338808843366,-0.2674029340326253,-0.5432653770496386,0.39131444440423274,-0.27719993482904265,-0.2783767081098369,-0.38404035454856855,-0.16370400158777368,-0.39203364443152583,0.07797960652614715,-0.2456685412417915,-0.3324792402012044,0.1900047680767819,-0.22552785601037617,-0.27711054959044956,0.19768698486088532,-0.19975952981804995,-0.1364876128908562,-0.2824243231084515,-0.20301813199691318,-0.24711254848601796,0.08251896499989862,-0.2678922343654189,-0.215924370589074,0.18120798975568955,-0.24316925243356954,-0.16552295483349022,0.18801580589514513,-0.20741166541205217
25,p,0.0,0.0,0.0,-0.158071659937868,-0.1360610801009689,-0.08879122923115215,-0.333415190489135,-0.3375651304649607,-0.16043216459864854,-0.4383994677925118,-0.5182115022901445,-0.23572865241020607,-0.5432011907690381,-0.66776194594628,-0.30696446858128495,-0.33154933784398405,-0.7227855068105474,-0.1318593244959371,-0.46803609027493187,-0.8625020563461528,-0.26288682929490526,-0.5898699526462574,-0.9453379581675905,-0.3434756991928646,-0.7016261388185266,-0.9999977717327223,-0.38607703246243275,-0.1779159594196591,-0.7925490844266263,-0.1526971139765815,-0.33434283741229814,-0.6818867632495853,-0.31355976659813695,-0.44766634113464493,-0.5040330941022382,-0.3666682336265078,-0.5377867848282937,-0.3587781557491224,-0.36517386475887664,-0.017689175593365834,-0.7583165953387693,-0.18209920163038953,-0.18682160894916816,-0.4143486491110039,-0.331940211476825,-0.22974279413407858,-0.14044344646601867,-0.3338302696702252,-0.23494449672491302,0.025565707478930545,-0.2950472703265997,0.13202170867887408,-0.6518265270709194,-0.22147543612873952,-0.021825900468775646,-0.36242977354645173,-0.3130957107101662,-0.06244739255116343,-0.16849027244614614,-0.2993989564082719,-0.050016365957443604,-0.061897006861480856,-0.26036933606379475
25,p,0.0,0.0,0.0,-0.07686505899654207,0.08062375567589972,-0.1767101282319371,-0.2629123133012637,0.12245424410192715,-0.24581214030959617,-0.4591441841503372,0.18552401650871203,-0.29238718073927317,-0.6228229540812875,0.20750988152929226,-0.32843464996143634,-0.3819142031460905,-0.2526601999043589,-0.1691194417970503,-0.6534713267456622,-0.3364656364835239,-0.25098298912666345,-0.8496964753472254,-0.3711960596513765,-0.29353202064690287,-0.999997698355133,-0.3827564047270298,-0.3135568071450637,-0.43196010116211186,-0.24552377963413824,-0.1208831488027879,-0.6920483845654057,-0.16430791742242906,-0.2599765331631614,-0.681241068399636,-0.012174676184864416,-0.31445995481695144,-0.5984052817266576,0.07001371689625006,-0.31277771237748675,-0.4668831372994446,-0.22003809305771113,-0.0883632218331565,-0.7059718054240336,-0.15678078366426,-0.22477812495817256,-0.6840066559008833,-0.014960018862468562,-0.2532654836824667,-0.601807562099242,0.05335653632050558,-0.22433599999564247,-0.4748946844445328,-0.20439459996878226,-0.06885261438802737,-0.6928480576416878,-0.28533731942961177,-0.1515950912924709,-0.8293365710918013,-0.3014519185991638,-0.17066957149462794,-0.9047494874373834,-0.3178824634017023,-0.15625259705029765
25,p,0.0,0.0,0.0,-0.17879073880159632,0.053485573063606136,-0.19847143668464043,-0.40288305608376973,0.07168549752504615,-0.26776031807113465,-0.6001004705194712,0.11627190187582107,-0.2918547545040239,-0.7570600068398833,0.14751013516754594,-0.3090295844058769,-0.4716491322607522,-0.3001197854782507,-0.18981742521694747,-0.7548631220506111,-0.32390351576758947,-0.21266136909129207,-0.9093252526166441,-0.30517291440872624,-0.22386717516625318,-0.9999980470978428,-0.28822419546832195,-0.22662871169818558,-0.44542276337655123,-0.3371046710509331,-0.07234648048397703,-0.7419340565342617,-0.20605244562484765,-0.10953024621602629,-0.7901167309914445,-0.03454987131139797,-0.1207663168212199,-0.7627331512329877,0.08217064402410043,-0.11621917300556918,-0.4299194667598478,-0.3225946912370726,0.037020761610173786,-0.6798226558467416,-0.2127272295666088,-0.0007535049607694369,-0.7266140058280142,-0.06974728716773237,-0.01928877949166051,-0.7115063888435911,0.03493865412284641,-0.014724076246494792,-0.4192118759635846,-0.28916059167391983,0.13407714214386648,-0.5863452415287939,-0.2273839341510773,0.10382137843994205,-0.6569355413660509,-0.15419428947347524,0.08655759555463884,-0.6840428408840967,-0.08652128664706359,0.09029784770860246
25,p,0.0,0.0,0.0,-0.41879247725437047,0.014680379062108406,-0.12699382616397223,-0.7536439416430547,0.06906695076427787,-0.24953894281762398,-0.908010493548688,0.2086275883045528,-0.3621143634240332,-0.9547221019157637,0.3948385480328012,-0.4763293842520202,-0.7479448338061012,-0.4063324356427876,-0.31108556868790777,-0.8873260962127572,-0.04066423752890103,-0.4525336607014412,-0.9514730377426117,0.2528967163149171,-0.5257108010358229,-0.9999973836858408,0.5358219450006552,-0.5587773457175312,-0.4712327839227371,-0.4403808847181772,-0.3362603677197019,-0.6007575367322003,0.5018340023819873,-0.46129508920143253,-0.6430593472044901,0.7261871096273831,-0.48533556760723,-0.6593757397652263,0.8584376939066076,-0.49347777957879924,-0.19780753677573804,-0.327787491510899,-0.3616209940878132,-0.3804952429557547,0.552697320535925,-0.4529422352287889,-0.3837354572798887,0.4920494221743897,-0.3914440496113897,-0.3637949150948924,0.37479765557744305,-0.33770449154050486,0.005825773737655113,-0.136803149341868,-0.4025741187586652,-0.19229809640782522,0.49431061707765,-0.48492145705098116,-0.2365876531445569,0.4790346080891276,-0.4202671501681778,-0.23660675634287756,0.36736097540181006,-0.34266492938035364
25,p,0.0,0.0,0.0,0.027195364145353926,-0.011322931690858443,-0.24844340747915666,-0.10561610525857956,0.046564570572887466,-0.3810508750177936,-0.2827502876942182,0.15391963145846713,-0.4623365669614099,-0.44180837324297473,0.22159579367116786,-0.5379243537160012,-0.2977731183408114,-0.303570052804785,-0.3935122341586812,-0.6512327246470616,-0.3741242606280349,-0.5297877405852565,-0.8440740958828148,-0.40916480110048703,-0.5960818968479561,-0.9999973845957716,-0.4443557756545219,-0.6375482719850295,-0.4059397438157378,-0.2312238866729411,-0.3068162155462468,-0.6486178217616022,-0.06378077689602848,-0.4619293816545767,-0.593012240830714,0.12306583516121374,-0.49435727965004916,-0.5072013670008979,0.20193678728750764,-0.493158093978987,-0.4758950213369765,-0.11474020511449076,-0.23046676856538303,-0.6722944314100806,0.06812964692080858,-0.3663490223753236,-0.579962668841814,0.19856612851861508,-0.35765541341712287,-0.48708217262881054,0.2299267239860502,-0.32534834984391653,-0.5113938791149759,-0.009011702992884117,-0.16942408681695983,-0.643095565900477,0.1656079698718436,-0.2792758662998125,-0.5763223199577525,0.2568612837599141,-0.28069513001716934,-0.49378857075283966,0.2685870358308863,-0.254468838062384
25,p,0.0,0.0,0.0,-0.09108154316440188,0.120636508140674,-0.2600548284949491,-0.2934813069290632,0.16801899462951575,-0.37287877154726357,-0.4786718101455571,0.20367252757620743,-0.43163360074486606,-0.6454769921029225,0.24092674367733058,-0.47493379343047487,-0.418061965734987,-0.2126466043504849,-0.29795442889259044,-0.6867729912489253,-0.16106456065896185,-0.3951460398555896,-0.7681419421582742,0.002763675878826751,-0.47242793440660175,-0.7952728246666035,0.15311271987378347,-0.5096288621625075,-0.43529608449759927,-0.2397961305196477,-0.17887973390630785,-0.7039402600002621,-0.25304001218438893,-0.25340281677349263,-0.8817274003477196,-0.1950668809031686,-0.3134958368353795,-0.9999980511605929,-0.13842947208877024,-0.3490578648361421,-0.44726153955661596,-0.2205279941680898,-0.07157509853991656,-0.6628441720087423,-0.21119649344125896,-0.1314253589713704,-0.7447421150142656,-0.12056779957130925,-0.16682320950091423,-0.7775317261051875,-0.05371256110126292,-0.17731337599658864,-0.45384124175240964,-0.18396112512034543,0.018091372254238316,-0.6250774585144878,-0.1709565037696347,-0.027929003509909667,-0.6989745412652266,-0.11183780374610648,-0.03387455261763898,-0.7211983076982744,-0.057191723764539626,-0.023412436918127156
25,p,0.0,0.0,0.0,-0.009985357136786136,-0.04034663493582416,-0.23314292978202136,-0.12768622282090056,-0.035978925507772014,-0.3442913281894617,-0.32997926568824343,0.07674386228391587,-0.42350172631591043,-0.4991471378483257,0.1394150812950106,-0.498085027232252,-0.3510244843472501,-0.35862300726958873,-0.25801420289520816,-0.6408686743787515,-0.4518233365921204,-0.3734151234391192,-0.8406995089235001,-0.49254251454874026,-0.4438209752822716,-0.9999974746526348,-0.5185013122377852,-0.48628357931499905,-0.44093341489635574,-0.26358013284905296,-0.1941459542385062,-0.6931501201071519,-0.19669473729120374,-0.36703097787275013,-0.6649670148003076,-0.04126783222360991,-0.43797381849436257,-0.58120383991487,0.04627721878202654,-0.4495693140931494,-0.4967740011752489,-0.16469442072309723,-0.14877411848118566,-0.714332953900204,-0.11836180968585742,-0.31720289727402623,-0.6747846146859112,0.005150426077804746,-0.35520789235580447,-0.5857028049041884,0.07308029679577578,-0.33360160132911454,-0.5163413905905496,-0.08488336282917969,-0.11962198738358275,-0.6981434383958837,-0.1250124928498322,-0.23157111809443284,-0.732392447215878,-0.11228521907998966,-0.2542286389754095,-0.7159217934379855,-0.10651057647400722,-0.23988238355064836
25,p,0.0,0.0,0.0,-0.1157783866797632,0.1423106694125093,-0.334147793797399,-0.2981767446931867,0.19797798577614945,-0.46884658387477546,-0.4738760570507662,0.2642034564553094,-0.5100199587844326,-0.663714341224165,0.3023771962584322,-0.5406806018205496,-0.40815589979545097,-0.1787510708406033,-0.5244248992357644,-0.6888185603701572,-0.22736913901800784,-0.609314046569923,-0.87767994723199,-0.253215677795006,-0.6283233385384004,-0.9999984909660983,-0.268512921881306,-0.6250856178795491,-0.4058731747360427,-0.23429529688375011,-0.3150122634183901,-0.6997675275775612,-0.1210868759930228,-0.3747141719749778,-0.7446905025862799,0.07708566174748693,-0.3380094209291053,-0.7087069339954425,0.21231105982918078,-0.30146025299019175,-0.4132937626286405,-0.24030954301085763,-0.11078220455592638,-0.6642912512100212,-0.14286666708596893,-0.1749311613163584,-0.695444120609967,0.03338990218108542,-0.18126213903084423,-0.6732890322117534,0.14577140976420921,-0.16995008461024955,-0.42074861972993977,-0.2328810399204495,0.078122125626981,-0.5873486926411274,-0.17771867719893547,0.0217439129114261,-0.641713194428819,-0.06820067231455162,-0.0063569590879482985,-0.6475872156310826,0.028503256932943623,-0.012838047292157049
25,p,0.0,0.0,0.0,-0.09818054231078976,0.09578692869363485,-0.29814970030856214,-0.291530583513426,0.14600517131705956,-0.4376227265157391,-0.48743124478412914,0.18287786561296457,-0.516463747870436,-0.6826184934916735,0.16750577392249108,-0.5890003028048425,-0.33778244100280147,-0.30819964130012767,-0.384025094058362,-0.649129404227541,-0.42039444020177963,-0.48039252123343523,-0.8548831097383834,-0.48149396463265876,-0.5423732927094825,-0.9999974047969061,-0.5019272714157453,-0.5778258133838869,-0.3734757306829641,-0.31596999110176544,-0.24882161852019108,-0.6715435059421949,-0.24537726110703664,-0.3639164735220382,-0.7482602609532842,-0.09034406417637873,-0.408023491408721,-0.7343286454426189,0.03260521255426937,-0.41627673272576227,-0.4067162392903325,-0.29333971548056026,-0.12551959934077606,-0.6624683010502437,-0.21742129573366478,-0.2244546813971248,-0.6878768947648779,-0.07410812763357219,-0.2543666725809287,-0.6553506108230005,0.01577628662272279,-0.2513908589345915,-0.42527424710197204,-0.2722375844195123,-0.0207078257676777,-0.6088802591346957,-0.2236939741483765,-0.1035714896787057,-0.6423968438635077,-0.12252141481614308,-0.12427186211450128,-0.6184955507491683,-0.04123932986516091,-0.11518197170537424
25,p,0.0,0.0,0.0,-0.15611131829803576,0.09920808031115519,-0.32337180496908374,-0.36854659863614747,0.11026012470567045,-0.4024801184951638,-0.5572563620944079,0.13957720549641825,-0.39681571965323553,-0.7537927202443867,0.16186236056259334,-0.37325738762675736,-0.44096776113454855,-0.3293923289827679,-0.295089388619162,-0.6965369281287265,-0.39758648854451045,-0.3142805663814121,-0.859069827098436,-0.43235787489481764,-0.33431430523835554,-0.9999983685348861,-0.468249353572348,-0.34865765708872687,-0.42898092075604266,-0.3137542608700593,-0.10429105434069422,-0.7145308027022857,-0.2473983810629573,-0.13962845513751296,-0.7826989497886598,-0.05113858171652264,-0.18342804236649127,-0.7532200568146851,0.0839743967921661,-0.20415563361548397,-0.43973472118063184,-0.2680085272011974,0.0720183919343241,-0.6791134803982016,-0.2353031634739908,0.026964520216931246,-0.7225113329024466,-0.05969284501826934,-0.05229630967904022,-0.7086425507078404,0.05010518143337806,-0.09042157321275457,-0.43877678138678056,-0.23073464347754083,0.22935478842395587,-0.6033039863418924,-0.2052945398100349,0.19383883750999317,-0.6616636312207139,-0.12207581758268637,0.13744382737714664,-0.667896998262198,-0.04022588639566373,0.1073087271682331
25,p,0.0,0.0,0.0,-0.03177960823244818,0.10712234602706504,-0.36456930765443496,-0.16582692451270695,0.1924250768459747,-0.5298991815170775,-0.3133613547589375,0.2912750250370373,-0.6177909682359317,-0.4858855159603931,0.35222394605243634,-0.6995612456305087,-0.3798206283578673,-0.16944659566179862,-0.485469704285813,-0.6711753243009927,-0.18767229832351134,-0.6053533591610496,-0.8593209934363437,-0.1958737018353706,-0.6634621456864725,-0.9999984836574017,-0.1908591797575683,-0.6912309135338114,-0.4259084625038889,-0.17819534688468436,-0.3134845531424212,-0.6884724067419423,-0.008034740833666917,-0.4500366675776436,-0.6755727696784923,0.17738684309522146,-0.4747872954335422,-0.5848924560560218,0.28295978657768167,-0.4661608749779739,-0.45953880374140466,-0.13486716289299344,-0.1583962319072378,-0.6796212989664249,0.004878769722788801,-0.30437683093682916,-0.6466014818022222,0.17335304592038286,-0.3423246077167741,-0.5624077266131499,0.2663890515409038,-0.33135471930178084,-0.48680966231859085,-0.09103460738522205,-0.02401249189481519,-0.6444994894449992,-0.025344205480100437,-0.1409062762801372,-0.6557242750498905,0.05941560629981715,-0.18629623305649387,-0.6160007137604805,0.1265180315354154,-0.1927174233868537
25,p,0.0,0.0,0.0,-0.32564292562111646,-0.055928507190531135,-0.04185160906338016,-0.6015728841445466,-0.12021239402326053,-0.08926359629473998,-0.7718967195019155,-0.14451558090288044,-0.1432399861356891,-0.8531267602262462,-0.14939545496607998,-0.19064943734334497,-0.6814339075068327,-0.49290943724141734,-0.10093324040310923,-0.8046846272644697,-0.4432364981935448,-0.19632984014814717,-0.9142902654352146,-0.3503561984196185,-0.25082844928040204,-0.9999978354255028,-0.2400385060766821,-0.28091165752392966,-0.5257812394097456,-0.5450750497120626,-0.13852923945298812,-0.6550550678781248,-0.0008704891284246947,-0.24405964477300748,-0.6359357876141178,0.22572207571555597,-0.26053818653553895,-0.587075698593125,0.3360060941793582,-0.2531536564383614,-0.3412442531557984,-0.4700866753661118,-0.18233982708284355,-0.4684321073795696,0.06917853353639204,-0.2597232399548817,-0.4511389577104526,0.13177646858526346,-0.2186156423463573,-0.42572685515589415,0.0991573172744626,-0.17803029628381217,-0.1800192676648085,-0.3358900096094308,-0.23589239051399943,-0.3006970966266776,0.06250788000045873,-0.29706447546611886,-0.30461952296169575,0.1128096884175656,-0.2659032999068762,-0.28931248706803003,0.06608556838510625,-0.2214765996311558
25,p,0.0,0.0,0.0,-0.15865445102881404,0.03452778088405366,-0.21836718091713248,-0.37951599672427994,0.033274161670945754,-0.2906322256210315,-0.5771225579124762,0.0856082829034898,-0.31494839071914393,-0.7415287258768648,0.12902138436765187,-0.33127862147781745,-0.4356237147255731,-0.3483203869614436,-0.1924977308055911,-0.704455489178319,-0.3836805440434479,-0.22993155152511136,-0.8663729348929822,-0.3987345658536952,-0.2593870480537303,-0.9999975148008603,-0.41560750574530314,-0.27923494498970225,-0.4480731030212649,-0.34243072451101547,-0.0771783587022526,-0.7160272847730706,-0.25752146430239226,-0.14398000648375378,-0.7424092071013376,-0.1013097043085484,-0.17910249918241522,-0.7003329735797843,0.0023602940495877633,-0.1841237529554423,-0.458405870149983,-0.29558487205494005,0.026571657312586944,-0.6779156608969418,-0.218696856534323,-0.04205901838263865,-0.694658506132528,-0.07531047431598561,-0.08693255549321845,-0.664889678865338,0.021372555940546708,-0.09445474293436634,-0.45749502239606593,-0.2456574464102688,0.11708266731434448,-0.6151574507532288,-0.15114606739723974,0.05699381398010927,-0.6452554215737126,-0.04827456063407678,0.019995611772268974,-0.6333280413256389,0.030738260203522782,0.014512985800585784
25,p,0.0,0.0,0.0,0.10676575743398149,-0.018683147599195895,-0.1537931209890071,0.15056777453223227,-0.10962493643371482,-0.24897475741646874,0.06769811370939056,-0.17202831650821584,-0.3249172749488723,-0.027199310448541354,-0.25766366780019856,-0.39372800922024725,0.07382396751777487,-0.5701246030103719,-0.19848627647008713,-0.03305326250001212,-0.7788168018449529,-0.33300442535420577,-0.14185050429417753,-0.8993075676360184,-0.4222893262385248,-0.24139994628049943,-0.9999976053782119,-0.4753486704109046,-0.03860876490649275,-0.5613495268869891,-0.17211760447932947,-0.15857767201056866,-0.4355495046244116,-0.32024877173837024,-0.12094332878095186,-0.16759624650523466,-0.36031834845933586,-0.049464281979362035,-0.05636573376520994,-0.36168863340277335,-0.13423254499142362,-0.4975265484532954,-0.16167704088823806,-0.24425470063222,-0.336604526648866,-0.2951634260845411,-0.16724826934861775,-0.13506937438816066,-0.2794083249904385,-0.06874675528841616,-0.07977411998087804,-0.24203637409277234,-0.2067017138338057,-0.42780779790788126,-0.16565906352782397,-0.2928844369041419,-0.32597937673382266,-0.2658303648144885,-0.22448922703686908,-0.16382616093719574,-0.2520400215339257,-0.13534655717657332,-0.11247712163497635,-0.21733135191349215
25,p,0.0,0.0,0.0,-0.38176830214528457,-0.08832492287302586,-0.26433312801548914,-0.7840033977156423,-0.1998935603702548,-0.4790502863831927,-0.905347395773547,-0.30146841437318045,-0.6804879148088222,-0.8337351271234489,-0.36487038201942545,-0.8586169457875911,-0.7361376060520798,-0.6951222795675072,-0.45842351227284156,-0.9057594335027273,-0.8251302017950259,-0.7580519897387987,-0.7934180861150749,-0.8135448013140376,-0.919314031251039,-0.6426546578043099,-0.747982537823698,-0.9999973319776216,-0.30735835933439776,-0.7928905156146675,-0.45855343694468265,-0.601759555373485,-0.2957215137722093,-0.8886260463993092,-0.690025717945109,0.11589733953825047,-0.9837080858804917,-0.7208961062223,0.4077711269976921,-0.9588073148541048,0.09657585515430288,-0.7416204431064266,-0.47887054665204415,-0.18399337266928065,-0.15576974237958935,-0.827751725872499,-0.3763258578285726,0.14970542483248006,-0.7563352983893193,-0.49343816002638974,0.3504570128244223,-0.6215627426560492,0.45737698691007367,-0.6220193757748113,-0.5308241151695544,0.27349191130508166,-0.2445836718204382,-0.7261398982022502,0.13770631684378729,-0.06791203944030785,-0.6581156257911323,0.07132816776118235,0.01358523856022653,-0.5424118612918029
25,p,0.0,0.0,0.0,-0.02686809363462405,0.04710147283397699,-0.22609371754842095,-0.16189889513290803,0.12126080582186108,-0.3376856236419391,-0.32298361775489,0.24664617792292254,-0.41574684281973817,-0.47578539250682494,0.3174867008871892,-0.48690818542220143,-0.37186918643132394,-0.21283417266268553,-0.2908193550867461,-0.6558550831189378,-0.23822401116240888,-0.4093487353724749,-0.8459813221727547,-0.2453150068694936,-0.4675807058976624,-0.9999983190317404,-0.24139924387761413,-0.4966109255105696,-0.4364191095909835,-0.16829434745199756,-0.22408934626106236,-0.6869392197128601,-0.0442533719484756,-0.39581822724764454,-0.6475254450704399,0.13220814976584377,-0.4492533079529669,-0.5591411376500272,0.22506880290009404,-0.4482902478772813,-0.4759715019627744,-0.10173078510475043,-0.17320784760099192,-0.7039289340255873,-0.008944876333427915,-0.34273282191312354,-0.6607419216677819,0.14003005717206776,-0.37232455103801176,-0.5709535023143003,0.21413668837054164,-0.3432656510311527,-0.49625618024231366,-0.0489173801177604,-0.13646182551529304,-0.710097097353656,-0.09339127799492765,-0.24473667497172358,-0.8126688817832385,-0.09902325572218151,-0.2729002206713265,-0.8583041978493705,-0.11315975928009195,-0.2658766802488814
25,p,0.0,0.0,0.0,-0.3547944470177069,-0.17225970775437638,-0.26129631764811506,-0.5351701000837178,-0.45761491088413714,-0.42436900565741503,-0.3844095810015529,-0.6378016421435774,-0.5635836994424603,-0.030784727222656825,-0.6981714748746616,-0.6758497949180605,-0.297301102286219,-0.8032795016469889,-0.40123794048380723,-0.33316646406197226,-0.9199638761973257,-0.7055512387149196,-0.22850216006096102,-0.9087025274793195,-0.8676819994353517,-0.15741427877170805,-0.8236915959940545,-0.9445944875170992,0.23330523411153872,-0.8362705984477656,-0.3927324012860413,0.2931165936576033,-0.6523080422286865,-0.7745551932106625,0.24401964820088484,-0.34343175660592573,-0.8677711321367708,0.12718495484292927,-0.09964824302020175,-0.8401601077767556,0.6659612948652962,-0.7536291994904867,-0.40536609720261835,0.6553847788745826,-0.485007514253739,-0.7498424989492849,0.4919235908484086,-0.24478493324774805,-0.7093051157172019,0.31954376919235744,-0.095333105230599,-0.5910492391912519,0.9999976319895735,-0.6127168206180805,-0.44280133779315145,0.9944221450989075,-0.39217090095718526,-0.6666468964257005,0.7967016776555669,-0.21654249932352365,-0.6182767741613137,0.6073211517188759,-0.12000296216041571,-0.511695764218742
25,p,0.0,0.0,0.0,-0.08605622525794138,0.09000693547582785,-0.28296107708516927,-0.23124273559671507,0.18320657911312055,-0.36608307025802267,-0.36745629816024183,0.28817698265619207,-0.3699301470025033,-0.5137264879812434,0.3576474773978059,-0.353943638645374,-0.461248383061076,-0.12664234049621642,-0.321228855137413,-0.711661852980743,-0.12044241448028328,-0.371114105966737,-0.8770015254712705,-0.10122180776346906,-0.39394124991435975,-0.9999983689670092,-0.09625148415995356,-0.39950270234999935,-0.45407453571626877,-0.12007473924911918,-0.14647509993752675,-0.6749041974042496,0.03529050307752128,-0.1814366080542698,-0.6477252496150028,0.20505545126476327,-0.1758817299278601,-0.5632576496750024,0.2909187977129136,-0.15723927355470876,-0.45286855706936485,-0.08717529177986891,0.015671805149839964,-0.6279468595457813,0.023843573471850257,-0.028103143235379265,-0.5942705012859844,0.15424714797613323,-0.05358021988836084,-0.5409174420875311,0.2138983225039717,-0.050159324866333316,-0.4416144090563428,-0.05402998215842034,0.16154110641451308,-0.5544230418928666,0.013032055106498786,0.12965145339954665,-0.5652385461610414,0.08381964768835883,0.10623970632045869,-0.5405347954164942,0.1399882125371937,0.10593004541880205
25,p,0.0,0.0,0.0,-0.027260697336041632,0.0994142442974749,-0.2582962547814587,-0.12646686412511027,0.21768926480312895,-0.4034625746320312,-0.25959424350707816,0.3563810641073302,-0.4992450333346628,-0.4229609065144313,0.42035497737645094,-0.5933753044739849,-0.3347476169436154,-0.11776182200539778,-0.4028399955344465,-0.6465958970895503,-0.1341869721219022,-0.5269044929006743,-0.8456662948660336,-0.14087680392257862,-0.596790777218937,-0.9999978661605726,-0.1486898218337292,-0.6399074640051517,-0.3732022737355566,-0.10532817338419512,-0.30114220869094277,-0.6081781244525222,0.10802669446968144,-0.4457250116717847,-0.5379473866427307,0.2694114064907908,-0.4713485930733347,-0.43280147185850265,0.31605765252870616,-0.4618181408007007,-0.3921268976877577,-0.05599574337467823,-0.20772380174144336,-0.5847077191873944,0.14490563472638723,-0.334787871209293,-0.513320726714448,0.273411556684486,-0.3294663461658364,-0.42475856391285066,0.2999898971546355,-0.2968067306543912,-0.39846779266428217,0.0011664931958117433,-0.13085486199868238,-0.5202349795197594,0.14419300741611812,-0.23787241711878152,-0.4885823968274974,0.22936335420660411,-0.24260350951346124,-0.41892234592493005,0.24862642207681812,-0.21690553976672228
25,p,0.0,0.0,0.0,-0.3956538488589385,-0.10947040288420881,-0.2191923264795388,-0.8173225060695029,-0.2559450334147106,-0.42173689979096896,-0.9894590112012921,-0.4148905674234808,-0.6078798012681902,-0.9595332906273883,-0.6105622950711852,-0.7617559801147421,-0.6828114728532192,-0.8836507532696191,-0.4181528796988804,-0.7615785167651724,-0.9280901763530051,-0.7231107934464858,-0.8096994836419816,-0.8996611991005717,-0.8938527000219734,-0.869819379716908,-0.7681721490875401,-0.969556989469554,-0.27424117294466316,-0.999996769642246,-0.4239605942168598,-0.38691137371757806,-0.5367480207317996,-0.7767159522367976,-0.46048824090248075,-0.1152014847602708,-0.8491429447042858,-0.5169133557615422,0.2515950719921004,-0.8287377708948289,0.10928864104006292,-0.9298030025448067,-0.44742958148448453,-0.07688757060562997,-0.3163845049354222,-0.7184801505320284,-0.2507967832147393,-0.006004206003096889,-0.6518739655967166,-0.38195162441317754,0.2208126254377654,-0.5487197867965776,0.44001548403444846,-0.7718511898047198,-0.49873523152037535,0.29436763884161876,-0.32063626875155526,-0.6540282959290126,0.16378157358344214,-0.12364166530914286,-0.606565878784661,0.08069426821122995,-0.014722324287164504,-0.5244042783978221
25,p,0.0,0.0,0.0,-0.2450535335966949,-0.020518236186552102,-0.27400792569366383,-0.32835460450146114,-0.0879541033380383,-0.47773304547507855,-0.21672971999453156,-0.11326024960846967,-0.6436332600439052,0.0222619612178359,-0.10306216101088612,-0.799344542200307,-0.11698695783245384,-0.21254190980756418,-0.5208768842946546,-0.04611343617922477,-0.2782011072692436,-0.7663919248394455,0.09694435024880023,-0.29661578034777436,-0.9097338347361649,0.2690865475369037,-0.2869715176959544,-0.9999988183438758,0.2466488227801172,-0.23227776758035243,-0.47631334375012296,0.22519102113189388,-0.05070688297677163,-0.7931391137894717,0.14871011082308053,0.12025212389224524,-0.871298282405684,0.06537037264406707,0.2493466575210359,-0.87024468722269,0.5143116539570343,-0.19362183291632068,-0.44050906773767634,0.4853940265312314,-0.005256777196199022,-0.7038970169283763,0.38585967322980474,0.10364738210691508,-0.6834501989860621,0.276601380857629,0.18061758486417148,-0.613027584235803,0.7046309213187998,-0.14005994575877131,-0.426490842611393,0.7193147658900251,0.002077080603254559,-0.602996138208108,0.624259900097016,0.08016972601267916,-0.5903715548951747,0.5371199929161681,0.1264630460141759,-0.5374283793416772
25,p,0.0,0.0,0.0,-0.05399273878907607,0.152749401433264,-0.3673751847442598,-0.20347272626200974,0.22389260843535452,-0.5180217046398778,-0.3574129467000886,0.2954514912907468,-0.5711273576830741,-0.5338202830854845,0.3773218616170656,-0.6132907623247732,-0.3841507049758487,-0.12162375228513447,-0.5344790346616456,-0.6493195028936186,-0.13054050836451325,-0.6927812201535142,-0.8461931377265552,-0.11654608797001954,-0.7958482981789414,-0.9999985525355797,-0.10462849388118808,-0.8495757394900384,-0.42141762406788197,-0.14857719956738158,-0.33471615931121274,-0.6709281765951173,-0.02801955490351118,-0.454891732468992,-0.6840130795870565,0.18779782968017433,-0.4677843702805487,-0.6224811904030343,0.3272658785743907,-0.45582169718936144,-0.45598165794402373,-0.12410452096214564,-0.15027137700363405,-0.6740707654196332,-0.007676458016475794,-0.26534101980199826,-0.6601504557677684,0.18287063001598475,-0.29117305680171807,-0.6073542733110797,0.28794309814812574,-0.28049498429536623,-0.4828047427907501,-0.09121125726805365,0.014070852885281315,-0.6149278045336599,0.004086012538890191,-0.06736018859206179,-0.6336817048208989,0.13256030649686035,-0.09220116696032467,-0.6052360778539733,0.2249116095776018,-0.09048048634217379
25,p,0.0,0.0,0.0,-0.05805395763313904,0.009856555489875261,-0.25581531222233134,-0.2507704150816454,0.029112994449228567,-0.3348463638008536,-0.4377015915243369,0.13080213840124966,-0.3631692540348822,-0.6000950700605122,0.21294595050450496,-0.3880049977301387,-0.45133728545555496,-0.22599387695172565,-0.2238061818716332,-0.6951479656144924,-0.2603991210343178,-0.2960850243039383,-0.8569255333029893,-0.2885597094629436,-0.3603657642128288,-0.9999987908648106,-0.3035599421297714,-0.4095705978777721,-0.4939293655664012,-0.1329268722715788,-0.12156975579937358,-0.6698127402752112,-0.00571980534408819,-0.2396227342428773,-0.7061347960662377,0.16094105034599696,-0.33506671805041793,-0.7073540775688149,0.29758389163954224,-0.3809044378839152,-0.511841193165453,-0.03119596371199513,-0.036750655273778195,-0.6703966520102792,0.0744426923349976,-0.1644582781398259,-0.6812092170244295,0.22180538049320359,-0.25974803199018986,-0.6802575317045613,0.3307795116093991,-0.2952933705821592,-0.48727917160914835,0.04785957367398074,0.03291320787452321,-0.6159505943239728,0.1474869369648287,-0.08177465217769302,-0.6224690802220011,0.23690261947889107,-0.14700980706048355,-0.6108758521722724,0.31594086004723965,-0.1690656278477038
25,p,0.0,0.0,0.0,-0.37897367242289326,-0.16298544636830245,-0.1552833118592205,-0.6127288562053991,-0.452067900630515,-0.25029053805456025,-0.6036634751291383,-0.6583962878488573,-0.3405084984797722,-0.5778771239274831,-0.8147235146655397,-0.4092584229925356,-0.41472234555460147,-0.8404995569666804,-0.22137886076210322,-0.5480343866459828,-0.9534494910164475,-0.47588857152338676,-0.6850738601272451,-0.9999977683270884,-0.630941119418717,-0.8379317096120855,-0.9824371216275335,-0.7104528709782053,0.045919500888295335,-0.8763755283924831,-0.2534742091968221,-0.129133477913181,-0.6273215371923273,-0.5649595670028134,-0.2690237946954187,-0.34171624181911936,-0.6364374926278412,-0.3633940638570369,-0.14260016092778963,-0.615879283694828,0.42448879837488007,-0.779568567694428,-0.3087710517927524,0.22445702108172527,-0.44948681797784024,-0.5770775797939902,0.030223767546321376,-0.2325979265634648,-0.5247482373474375,-0.07595551342718265,-0.12539600265892784,-0.42966226445397443,0.7332092425538616,-0.6163460166142933,-0.38559942980284845,0.5318720259104002,-0.34202304800023636,-0.5668313973000942,0.307152360647181,-0.17679924003958777,-0.5305579346231653,0.19556004228613078,-0.11434446225322918,-0.45199599860075296
25,p,0.0,0.0,0.0,0.30144760807988974,0.010721443180826603,0.21448641028615234,0.4181715490753664,0.14860111249247834,0.4529138613931577,0.548650163315576,0.2634380461944431,0.6502400649418193,0.6553638756028939,0.3150717350278225,0.8409301468166902,0.2927673745297349,0.15779674107010078,0.6648069289055705,0.37170933350952223,0.36967600922563704,0.8850730847589301,0.4330139621018266,0.5110182219262425,0.9402579723732596,0.46847042392770555,0.6323513671558888,0.9749493365234291,0.12732272322628974,0.2346210463628686,0.6740186019735295,0.15621726230126567,0.4432914164510863,0.9555985859904444,0.2051596384689015,0.579301820499496,0.9758711554665219,0.26644630599352526,0.6705685765067154,0.9523459899596834,-0.034207948584669724,0.25799102386419887,0.6791756735313087,-0.03128664663765076,0.43633391213638956,0.9252047358389637,-0.007668937824775292,0.5560781599885389,0.9223260366683333,0.05710064356800086,0.6180315773914506,0.8867511303625975,-0.19089592228161237,0.27030136442252234,0.6939327714862863,-0.18102741077820136,0.4429668030083719,0.9147116939181846,-0.16685087148038616,0.5466832073671445,0.9825757810905211,-0.11958281728043518,0.5847926503118879,0.9999926503240959
25,p,0.0,0.0,0.0,-0.07995079826980675,0.1321706508086325,-0.23221159618195653,-0.2319845321120774,0.24968889738441913,-0.33843442545767183,-0.39220740826887157,0.3697011488397967,-0.3838095209482382,-0.5391736076942424,0.4414862994483426,-0.41908872396270175,-0.4432005720348558,-0.043241211745188954,-0.3567966968281451,-0.700639133362199,-0.04151443844055026,-0.44808748806142823,-0.8658279476977347,-0.049970727798228885,-0.4966017426810936,-0.9999981274352844,-0.0566424280299384,-0.5190787593588392,-0.47204843460763884,-0.10357257937125,-0.22461979566044984,-0.7047399269751349,0.08986152385867578,-0.29825798240737966,-0.6867077526926629,0.2578236280910303,-0.28933107449634254,-0.6189514049542766,0.34879101904959364,-0.26675410788037035,-0.48594460120066957,-0.10150616601968379,-0.09741532718520979,-0.6842777581866878,0.04480257376177422,-0.1644212202610835,-0.670556936488078,0.1649488730963368,-0.16065461158258962,-0.6247442042495646,0.22661837562959927,-0.13688019894510514,-0.4846774525142522,-0.07237167983845191,0.01796901297369607,-0.6263362041869128,0.03325838379998893,-0.01926644953366166,-0.6499896277311112,0.10560048604644749,-0.016077418329195164,-0.6362326990475586,0.15750480706615919,0.0026283117105445454
25,p,0.0,0.0,0.0,-0.21952036274469552,-0.10493221923258655,-0.07765726284944208,-0.41934960830308665,-0.2558943276055586,-0.15464628431721508,-0.4770609711630663,-0.4400175174968071,-0.23620550071129398,-0.41149540123092637,-0.6063004848454042,-0.3131708816324897,-0.46196212775529755,-0.6880381965291442,-0.13362736041540027,-0.503732638983679,-0.8130897240410799,-0.2563695403787405,-0.49539159760215823,-0.9183059166744129,-0.3395392620365476,-0.46645572794811924,-0.999997861152376,-0.39220765887781706,-0.2615283471278426,-0.8030052262127542,-0.1523848234167253,-0.298227463126126,-0.4835779535466611,-0.32797816626696685,-0.3066487564743223,-0.16705718528921804,-0.3707761130194631,-0.307315058148397,0.08338453430887682,-0.36052314342948244,-0.05577792151509953,-0.7920051930410118,-0.17857233411828757,-0.10922722927276506,-0.38824346157566625,-0.326896931966145,-0.1559481840975933,-0.13096751254223357,-0.29497268049980646,-0.18615422119719321,0.062065557928798566,-0.23416790391482697,0.13783641796634938,-0.7190361082768862,-0.21555637965671384,0.07776976505977473,-0.42222121362376613,-0.3050316494062469,0.024367212518595728,-0.2383679737554494,-0.276955221584366,-0.008261363098483026,-0.11166713765594614,-0.2247438275032877
25,p,0.0,0.0,0.0,-0.3535482943163146,-0.027164292708343987,-0.14134521170417552,-0.7075753952021065,-0.021917966932899133,-0.27195334768182405,-0.8983068914486211,0.03515412509165575,-0.3883854153632766,-0.9999969222064222,0.10826853032861058,-0.49322470002014823,-0.674587594661146,-0.5574782954463424,-0.3815594636041899,-0.824449831539296,-0.2629901952599725,-0.5582405782789962,-0.8960624627228472,0.022673142121885034,-0.6347547394727308,-0.9430272874497038,0.2704752627866112,-0.6639208930959324,-0.3757971147542146,-0.60090582198444,-0.40517593263453217,-0.5348903203550627,0.33561808899414813,-0.584119706457657,-0.5765734591661422,0.6387854755062581,-0.5923953551763119,-0.5743143543769361,0.8107071198786354,-0.5692842242863706,-0.08475426632126452,-0.4802626184205461,-0.42899142284382524,-0.280565148121682,0.39043107622949697,-0.5617867279685127,-0.2803220758210853,0.42873211622261365,-0.46598854046368443,-0.25997518147860893,0.3711979116507357,-0.37596373286231183,0.1337765375532283,-0.28048016454186964,-0.470568985723589,-0.0394365086757909,0.3749891057368726,-0.5918964607450118,-0.0748663603091801,0.4066621603077943,-0.5241521647060132,-0.0756906964470905,0.2969406996993906,-0.42919707118266964
25,p,0.0,0.0,0.0,-0.2300858060141744,-0.06608628552843032,-0.03512090465116493,-0.4336225416652828,-0.14294296443492469,-0.07678110186146848,-0.5657433306675416,-0.14511348185803014,-0.12049303284528683,-0.6537471790446316,-0.1395656237625583,-0.16769370441364678,-0.49337333391004307,-0.5605713719314018,-0.10729428713917312,-0.725269210410634,-0.41966620943149185,-0.2213046929646809,-0.8741274663454038,-0.3286299053044313,-0.31269343013902773,-0.999998161357217,-0.24833325409762352,-0.36489812493893375,-0.381524808315729,-0.5874275180976306,-0.13551563703727648,-0.5783436854164882,-0.06943694063403363,-0.2501061320144095,-0.6561897577387406,0.23825948004247333,-0.28048764977417606,-0.7203398875874858,0.4524694012781392,-0.27051796038856685,-0.23901807344343448,-0.48308536297506355,-0.1681401259997224,-0.397319102110849,-0.0022355600673514115,-0.24193341691304762,-0.3497576411318939,0.056695157860825185,-0.20257904171667032,-0.30541680476587524,0.022458397641168196,-0.15440067564118456,-0.11865137246920034,-0.33858811496470814,-0.207429417454985,-0.24122892059372192,0.04667278228950202,-0.2584917014978888,-0.21755290492577262,0.09995931106189979,-0.2157978221462907,-0.17512756621342335,0.045960874931420016,-0.15814450448994352
25,p,0.0,0.0,0.0,-0.4425348669392659,-0.18047693309624116,-0.17872985666274968,-0.8395275507234115,-0.39825613575715485,-0.3338541856994008,-0.9913257776329686,-0.5733615385700207,-0.4880495197371516,-0.999997577046733,-0.7423881899402467,-0.6117923179193052,-0.5526691457377894,-0.8062311106268015,-0.281092266668565,-0.5785725468361359,-0.8916882162334572,-0.6092644752480395,-0.619725250735653,-0.9030630749963469,-0.8310858288231164,-0.7029246138084974,-0.8391583067579326,-0.9468024900374487,-0.09309554904741037,-0.8572743681494019,-0.3216915198252617,-0.6263739528225727,-0.5092776543334897,-0.7611783819918975,-0.8511195077521096,-0.21711090249458795,-0.8932788315733801,-0.9664767094064235,0.046526833729730634,-0.8867892073110325,0.3273444695404045,-0.7808733977355781,-0.39161972692636926,-0.19371924131903712,-0.34574146251448756,-0.7163530960870506,-0.4570747100825056,-0.15783791293998942,-0.6431565004091393,-0.6023611443719561,-0.01955422457489733,-0.5192715936664962,0.6822948267292865,-0.6405751327804998,-0.4922566335610903,0.3287749423977695,-0.33635774831522286,-0.7038943346070748,0.11970436606416165,-0.2105876285426124,-0.6499606698389114,0.026035761358192567,-0.1707073306107696,-0.542453377539678
25,p,0.0,0.0,0.0,-0.3430883572796023,-0.17109074667392657,-0.18707742787335788,-0.5306795774406173,-0.40251030317433206,-0.3032407731037176,-0.4428742270341026,-0.6057830541913586,-0.4092254995984554,-0.2821513891196653,-0.7641409549331386,-0.48860012616876836,-0.2704296651481055,-0.7442505698474359,-0.18022449444223204,-0.37438942043316603,-0.8699641773433185,-0.4324817637405124,-0.40385644957516464,-0.9486197178457872,-0.5868188041393579,-0.39700452875115644,-0.9999981878689773,-0.6792541183222417,0.12134306016163826,-0.7687405674988332,-0.20726977240155656,0.07646031628273665,-0.6711825684175394,-0.5520978832193527,-0.08290773431679714,-0.4506131376874967,-0.6378171009462815,-0.19458252973013068,-0.2895201986222568,-0.6094100419322273,0.4499437368755606,-0.6956216656844875,-0.26518364926662064,0.3178403624441848,-0.4698178932445237,-0.566031681193083,0.12448003600368106,-0.28046279249305733,-0.5250004087384682,0.03599631983688159,-0.19059102149218105,-0.41835467932015696,0.7209306869755313,-0.5669743328472253,-0.3474021626748313,0.5511927834108423,-0.36341502751731997,-0.5341683105563503,0.34974477742275456,-0.2388836860863425,-0.515645755165227,0.2638498791116202,-0.20131018340865559,-0.4470912001860238
25,p,0.0,0.0,0.0,-0.3375666208090746,-0.16810399397427206,-0.10521922968082162,-0.6574398908022485,-0.35971955538856104,-0.1825992175752906,-0.8045401901979907,-0.479916935691723,-0.2521477115149223,-0.8027714170708132,-0.5893311024539754,-0.30167852473376205,-0.6792739810934983,-0.8940451766683386,-0.16558136838373902,-0.8184240088238554,-0.8425131789454634,-0.33993117225601055,-0.8652383560259903,-0.7958892046074002,-0.4416822476713293,-0.8917456592121253,-0.7254379309039839,-0.49505101500530224,-0.42007242184367116,-0.9999970990675195,-0.18568220755077486,-0.6190366178838015,-0.37703129593106816,-0.4344704273313161,-0.6525593599563897,0.01596849658742831,-0.49033483421148727,-0.6588876582780643,0.26758972308438767,-0.47109654103365955,-0.13808482152771,-0.9524907698472053,-0.22165437922594347,-0.3199060362581526,-0.332294623873971,-0.404607996938597,-0.4276882874063181,-0.10929797188063906,-0.3491954662470213,-0.49871366238306264,-0.03296320838672412,-0.2709199499620529,0.10600682102256223,-0.8345591032809777,-0.27571997003149623,0.004025495593510899,-0.36748135618942473,-0.4069558857015533,-0.0882641911274058,-0.18212544820395243,-0.37225991249731827,-0.15650663817134422,-0.14833374610405844,-0.30078475785420977
25,p,0.0,0.0,0.0,-0.2633751348599956,-0.032743560230304815,0.0048333638533764834,-0.4787953378392905,-0.08645479816848348,-0.01068167615803418,-0.6251539660460618,-0.07285836401136955,-0.036213170354142704,-0.736681558699498,-0.03377303604533778,-0.06928909132457267,-0.5871619526364592,-0.37061927910915826,-0.01969236243244622,-0.7740940118845683,-0.23739524946923105,-0.08044333649165569,-0.9027660769761099,-0.14054494690482486,-0.13578774319977693,-0.9999984284132742,-0.05144648481897466,-0.17098425906037568,-0.49966929484171024,-0.3752734886850333,-0.05686420696795238,-0.6558588550388352,0.013151295933907682,-0.09543498437420471,-0.6991912156927534,0.1691891044640305,-0.11653512864139916,-0.7348833014455227,0.24856047204278123,-0.13174568064544545,-0.3860577864722476,-0.2955438185591942,-0.09540358020978343,-0.5124987273633838,0.08672874739696973,-0.12316782399428157,-0.4549150585375295,0.10240469459828969,-0.10108528674021894,-0.4083863113050433,0.03648442616964435,-0.0861114368926887,-0.28452126128739974,-0.17505599252329615,-0.13656504896075453,-0.4130119269325527,0.10258960681474784,-0.1606530617751918,-0.38060240771738957,0.12234748651068804,-0.12711925708082011,-0.3383079535266711,0.05814533734149921,-0.09325470752055524
25,p,0.0,0.0,0.0,-0.16652484118562663,0.06995873742332623,-0.2485066602302573,-0.40703144104201955,0.0718133352902093,-0.35653840373695395,-0.6395185188694766,0.0940811861419367,-0.41321576687330913,-0.8376511685876399,0.11141873225877817,-0.4588536524695927,-0.43679874591756174,-0.39432984750739003,-0.2754996783448378,-0.7693757301725503,-0.44703222646669477,-0.355042457643006,-0.9295421645514993,-0.39149987193783,-0.4086101710508573,-0.9999972016378267,-0.32539473335135954,-0.4322978676029033,-0.43947147513951823,-0.42083571885562776,-0.1448745306723517,-0.7751015654880729,-0.3546624443550804,-0.23557132381535947,-0.8325097842951912,-0.164495191563973,-0.2719826934408989,-0.8064238203244044,-0.02648477173225062,-0.27833182225438075,-0.44910791161413843,-0.3951977255855319,-0.025895607414637763,-0.7324879303840449,-0.33069002808374587,-0.10477432477451984,-0.7829584620182939,-0.17698866615909328,-0.13405606743986057,-0.7664611476448127,-0.06575282503810063,-0.13160056835522593,-0.46218717159539896,-0.34991728249565446,0.07870169665960718,-0.6839341278969573,-0.3317948807027074,0.026554248546710534,-0.7716217968040322,-0.26227623289821117,0.008714833364772426,-0.8087859765426613,-0.19580318539503266,0.013844655349127396
25,p,0.0,0.0,0.0,-0.403592071776379,-0.17138438584635493,-0.19117008948234013,-0.6231867668230391,-0.4403855109215958,-0.3204491954284382,-0.5024172583908146,-0.6308970283980062,-0.43833193851718094,-0.23502684582536318,-0.7505807196278721,-0.5290344321996063,-0.363223549787935,-0.8625253025971913,-0.23997040553423413,-0.46145204207576573,-0.9660565654542328,-0.516789109479473,-0.4748894509005308,-0.9999978679864544,-0.68950851230978,-0.4905196526020352,-0.951005870792,-0.7850529285206469,0.13724096589821064,-0.8959194076487695,-0.26331936714593973,0.08942980841334916,-0.7075620513644456,-0.6384208415313363,-0.02244500878335661,-0.41120899462641985,-0.7417951631694754,-0.1439946485053324,-0.16686066640466,-0.7250877220245402,0.5469954267662834,-0.810872008041148,-0.31215796541823404,0.45385100396448025,-0.5284063430073481,-0.6235050083011361,0.25316550193215265,-0.30328388595174677,-0.5701390212124944,0.09597127091069983,-0.15262145950648143,-0.46174985577982336,0.8654297953091239,-0.6623195196752742,-0.38757981696020455,0.7410045095607951,-0.4009670233886299,-0.6008430139863818,0.48342851460479547,-0.2369211962303676,-0.5759632559855649,0.29894417532379347,-0.15418794890357604,-0.49651344769845285
25,p,0.0,0.0,0.0,-0.11506516546421333,0.06994527691141901,-0.22989175263584727,-0.31991062566975986,0.12582760735997417,-0.30470079966157104,-0.5111956840681929,0.20581638101810568,-0.3269572205788427,-0.6709586005743703,0.25036938104861645,-0.3333903820668527,-0.4738454762169955,-0.21135013504592337,-0.19041570148196324,-0.7621746982951396,-0.15201583329790447,-0.22985232046376175,-0.912452793431724,-0.05581068096671046,-0.2625962244197721,-0.999998477417564,0.025527317322941074,-0.27673215897101294,-0.4699491783018109,-0.2139881428207955,-0.06283354397015381,-0.696625722871069,-0.06251238053803707,-0.10775656660972253,-0.6949968882920335,0.07651062012242686,-0.13874691869673528,-0.6393437998841873,0.16374329706218405,-0.1466992624693681,-0.4625327535952495,-0.17365066433104087,0.050918544910971746,-0.6506411852514282,-0.03823881570614659,-7.567388180204244e-05,-0.646773156891145,0.08136726612739051,-0.0443347390625013,-0.605211511383527,0.16630779491901415,-0.05593135971031529,-0.44800029656326146,-0.12677733735048047,0.14982991155750516,-0.5816268524625714,-0.02682780760138878,0.10110423673939335,-0.5979924290433637,0.05702386687336008,0.06731392817535284,-0.5752240932246159,0.1329304805025414,0.06099762249995876
25,p,0.0,0.0,0.0,-0.07783835838999731,0.01612985074254634,-0.23108158897515937,-0.21974448392938867,0.04664262965203332,-0.32673854867530666,-0.3856269754555079,0.12516513267426632,-0.377577747309235,-0.5233539164076935,0.19050632166969048,-0.42154028278001837,-0.4063920673799586,-0.24830531193827582,-0.24355968631473418,-0.6864972008366007,-0.2388526220012643,-0.32111816192425435,-0.870898792181553,-0.22628113581289955,-0.3679188641135646,-0.9999979954519264,-0.21809852227139373,-0.3934578243260236,-0.43052877603110495,-0.18658091340083405,-0.14125669044696637,-0.6540383255649316,-0.06708799209065397,-0.24795636999116566,-0.6370761745240698,0.07833647207700231,-0.28190640515884224,-0.563103962136497,0.15354446999220586,-0.2765829868820166,-0.444016676702398,-0.11515100445103833,-0.053838996655296345,-0.6247998048641057,-0.008970108698869697,-0.15950891591124516,-0.6017565806129281,0.11591986066976638,-0.18486958153281108,-0.5370556869517952,0.1792501949392864,-0.16908834465696151,-0.44251421097582383,-0.05115934630107391,0.018103277750088693,-0.5730901319517713,0.04201228716553969,-0.0664126521592355,-0.566553002146757,0.1172420305091517,-0.08908299309236756,-0.5165863089576245,0.16214156095760718,-0.07775236288008462
25,p,0.0,0.0,0.0,-0.08222092888093617,0.033763319396132405,-0.265051059495396,-0.269139915173092,0.06496589414668232,-0.3604861565788785,-0.46983335113903496,0.13796399747575822,-0.40071942076331823,-0.6481681656220109,0.1599491952743245,-0.4276176745836624,-0.3718784225572577,-0.3085457462235906,-0.25557818212776967,-0.6613106750065371,-0.3406925827920431,-0.32470208770350667,-0.8513645521562736,-0.345394335299856,-0.3695891372575598,-0.9999983676368387,-0.34516452114077456,-0.39727427592615616,-0.4215297618971719,-0.27039824985531086,-0.13181034136178463,-0.6907420656114818,-0.20850984167465209,-0.23016929335405548,-0.7090300965044859,-0.05416093140565009,-0.2718206772769171,-0.6431827453831216,0.043981779279017606,-0.275162566281596,-0.4537168791861408,-0.20427044178494047,-0.02508427068499451,-0.6741585708120207,-0.1548676948143968,-0.12697845488370435,-0.6687814351605734,-0.025088564614003755,-0.169699430583684,-0.6031394767952722,0.050428154008037254,-0.16728225897726096,-0.4663544201178165,-0.14248390296268915,0.06393963344914043,-0.6231654164560637,-0.09948189869719848,-0.02589218372339547,-0.6364892863793402,-0.022426923574277523,-0.06613919406857302,-0.5881261030763266,0.032003421635985886,-0.06876728000325555
25,p,0.0,0.0,0.0,0.0003396151238995156,0.03919497778828237,-0.34077278432797814,-0.155852467767705,0.07280357356367505,-0.49119278297356533,-0.3616539854737624,0.15114947557943212,-0.5795588565446631,-0.5649573856083692,0.19438499471154305,-0.6670730245534388,-0.2978510059015831,-0.33039105876334113,-0.4177661444013204,-0.6042114268964601,-0.42973028247630934,-0.5771303582431315,-0.822765901312226,-0.48239051790071114,-0.6792127703405475,-0.9999979526423678,-0.50935294454733,-0.7417175732371813,-0.3976667341618192,-0.2849162824915338,-0.29755547847550856,-0.70927929145476,-0.2476625291313619,-0.4986594649263849,-0.7310559672245877,-0.0419055531142098,-0.5879270805857286,-0.6779994328009535,0.10526274970126336,-0.6134221941709865,-0.4710013910956742,-0.2125090689431033,-0.19925096429741068,-0.7381512752191581,-0.16636973677443076,-0.3919509713240728,-0.7217664624153297,0.023848840560117227,-0.4516026044742702,-0.6514581996865442,0.14092319193488329,-0.44685223335252483,-0.5152332406909822,-0.14907346678037406,-0.12378415620627307,-0.7068853892321452,-0.12876715487251733,-0.2725408964943238,-0.7328627123618117,-0.03132080039799196,-0.32441295758114524,-0.7081010722591977,0.045350273098915345,-0.3299376829137079
25,p,0.0,0.0,0.0,-0.4346513792570171,-0.19615745099564427,-0.14907805827548795,-0.6321494409772195,-0.4882361272917946,-0.251025928368726,-0.5291266039265092,-0.6799587279800409,-0.36311096907172624,-0.35050066634880755,-0.8210770905853241,-0.45136603707334294,-0.34300009293613015,-0.8204631792476546,-0.1672744293324021,-0.30863027207716864,-0.9945075478957928,-0.4377658967198323,-0.3474017188569365,-0.9999977432683793,-0.5896033947469784,-0.4232745153155728,-0.9485425842559472,-0.6605026215933598,0.13151638036860444,-0.8142201219651345,-0.2223057833007833,0.14438941780016665,-0.735981029543648,-0.5734888274357428,0.01011433725096087,-0.4296615337306829,-0.6550156208733301,-0.11530435934042284,-0.2130449897139609,-0.6210471156313575,0.5343662376548706,-0.7215584174823853,-0.3052092702228608,0.5347955989585168,-0.5640381033474329,-0.6119348904456109,0.3355399402852778,-0.3269794820379888,-0.5480053530127948,0.17727537298833465,-0.21015890696614375,-0.4302573871176451,0.8430193094629189,-0.5787536818621233,-0.4079779138138075,0.8183563227003456,-0.4037816197393856,-0.5861160447600327,0.5750498353155853,-0.2423175574648334,-0.5239523767489794,0.3935881896167004,-0.18444229016238603,-0.4269696524736226
25,p,0.0,0.0,0.0,-0.37822517628974434,-0.17327802385514687,-0.2489659885200974,-0.47381203464702265,-0.46666392689453245,-0.36902906453290113,-0.2862465032087645,-0.715487313794234,-0.48008463267228485,-0.016007352599540777,-0.9101596055797436,-0.5622541057932197,-0.2316678673991666,-0.7633662693803219,-0.20587559833276206,-0.19051970915599512,-0.9465461138190308,-0.47435871733415264,-0.12224479103200789,-0.9941673331861604,-0.6166518847639975,-0.02312306444689551,-0.9999979567176769,-0.6843140818401033,0.19472630525892157,-0.7772357967137157,-0.1917626297780239,0.36350495197375243,-0.6704699153023661,-0.5429505307407054,0.28383891504835046,-0.44554222300812885,-0.636937628150966,0.1898158898485599,-0.30195772557019684,-0.613618239647385,0.5492450472310981,-0.7194270090471442,-0.2131759577052051,0.6560113549043574,-0.49477669146698955,-0.5843836755177753,0.40769747277583684,-0.28492429965950505,-0.557734024503005,0.19957265959371462,-0.19566201104522105,-0.4317339269413016,0.810128053395705,-0.6193105698485213,-0.25490485212939257,0.9014205665912219,-0.44117267306658875,-0.4782943935462001,0.6723230585074075,-0.282009642510251,-0.4339764604008329,0.4558012510720001,-0.22683892890811178,-0.3295784638977389
25,p,0.0,0.0,0.0,-0.2591010943226394,-0.11462257432900741,-0.17587580707299752,-0.5694172901357804,-0.29946269934675007,-0.32604014829197153,-0.7155847024591773,-0.4661937821051389,-0.4616345529373703,-0.7439939674805417,-0.5964998901865135,-0.578977514813986,-0.532569910681221,-0.8589371973289106,-0.3290755951497412,-0.6542426426577435,-0.9296032684381247,-0.5450708827290439,-0.7594145036265181,-0.985419374479634,-0.6713364308638917,-0.8420804461776585,-0.9999967484394622,-0.7530731119756496,-0.22624596814298345,-0.9537163890668106,-0.34852368187280525,-0.4569733127805673,-0.40130043093295836,-0.6326705014534248,-0.5297526675302274,-0.015080596719587714,-0.6885578319756628,-0.5465937202245026,0.24294680066907598,-0.6768458624823683,0.07349843129285209,-0.8487210388349707,-0.38003477302989713,-0.1560105871080522,-0.23670753615725665,-0.6110395297521145,-0.24286133129220175,0.02892615125293715,-0.534722014131216,-0.2726938261754164,0.162354604903773,-0.44069213300179677,0.32822411370548515,-0.6597594874364592,-0.4344338752951165,0.14154998253499668,-0.17567804038655735,-0.6130029512708643,0.06699704131114066,0.001807066825341025,-0.5798942756302203,0.06767682325986264,0.03456218801981078,-0.5069782861624279
25,p,0.0,0.0,0.0,-0.09345654417938985,0.02173123068114419,-0.24833435198352333,-0.2561455483223026,0.033329210975886925,-0.3488947243499945,-0.43198121721934474,0.0827672547042749,-0.4001915143806373,-0.5832326922780152,0.12814490262696063,-0.44196431049715457,-0.4141375723416239,-0.30370889118749783,-0.2457749101310297,-0.7011622011697723,-0.32069818131289185,-0.30809654148769816,-0.8801836416362605,-0.3291575612024974,-0.3481036018642229,-0.9999982125334554,-0.3417268786062267,-0.3714376932600922,-0.4414895495611305,-0.2686839687465862,-0.13039083290970727,-0.6522804096127147,-0.13038290935191094,-0.22635104456662591,-0.636052410406731,0.016690548296546974,-0.2574405974272818,-0.5722400796977907,0.08562671688131676,-0.25257520213038454,-0.4607792796182168,-0.2078577245597607,-0.030125263673086964,-0.6283552803083117,-0.08878204427187796,-0.12259204908537893,-0.6121168400541014,0.023016118860850025,-0.14987798401132046,-0.5647967842667136,0.06706540974998913,-0.1398158899012889,-0.46590913707797266,-0.15228364725477253,0.05271255800094556,-0.5851286481322404,-0.06526688592232627,-0.019699665601052425,-0.5813423298424829,0.010395128922530555,-0.04115228243710376,-0.5420658232178854,0.05314418968354943,-0.03146339920109824
25,p,0.0,0.0,0.0,-0.08188191940911126,0.03825997636855359,-0.277067177696132,-0.29003459056459935,0.040838439208448755,-0.366730524016351,-0.49428170411028993,0.08301250026354587,-0.40083847896512254,-0.6763770368710778,0.12047851973397762,-0.42735068605468235,-0.4357858402875512,-0.2177646815148224,-0.23282095876169193,-0.6953389086523529,-0.2179609216250735,-0.3041798396257286,-0.8603681578366775,-0.2199656060760363,-0.36502092335883735,-0.999998687517354,-0.22140046275619216,-0.41053955424991867,-0.4786768798598704,-0.16497280619467095,-0.11555332346668615,-0.6940017613194976,-0.0779923207319393,-0.2240947865081693,-0.7394132952558515,0.07037075695230381,-0.3018746735070462,-0.7314164618693295,0.1869437190764839,-0.3350651854050026,-0.4970805019194983,-0.0904177970370864,-0.01834844394248983,-0.6796380570009634,-0.010446803349762739,-0.13189453706843418,-0.7057227759173251,0.12090737693325873,-0.2096075960369416,-0.7008548320861565,0.20362549747391245,-0.23593324398640914,-0.4853499432541203,-0.02778231125937524,0.060327931451718296,-0.6219142456590173,0.05020961832225462,-0.04317939777086866,-0.6555527420063868,0.14011379588800207,-0.10661960685896929,-0.6537610388989197,0.2044961980627484,-0.13145437562520998
25,p,0.0,0.0,0.0,-0.0714360992777961,0.03943315477247445,-0.2707779820077526,-0.25350466529977106,0.048593052461125955,-0.35910091881548684,-0.46022577165196793,0.09697729359787995,-0.39136974477089864,-0.6444149872474996,0.12104382919502608,-0.405453678339228,-0.38352957391784825,-0.3058339583540171,-0.21862623558357416,-0.6849152634794273,-0.3216353891825316,-0.2955201507182804,-0.8661209151687025,-0.2884261449011762,-0.35014612716836196,-0.9999985286548961,-0.2542620338832554,-0.38003039532767763,-0.41680380315987553,-0.2555736601609989,-0.09729291198210044,-0.6592854493175636,-0.17642802929386406,-0.19824571097600596,-0.6525134639118445,-0.04208175233961342,-0.25326389928892773,-0.5839110947949502,0.03063352458509135,-0.2638098797082382,-0.43803108355897774,-0.18817083799696463,0.0014606152827256668,-0.623678119669014,-0.11218587917114262,-0.10715108008909094,-0.5972752826517631,-0.0005396119608822914,-0.1635658421258166,-0.5381436164875162,0.050342735255139055,-0.16781260053582053,-0.43736536043285107,-0.12983916213129862,0.08110646481516685,-0.5758494517115529,-0.06152839219690612,-0.019421485954386957,-0.5733589754454819,0.016694469768489175,-0.06752619885412155,-0.5291877943771148,0.0724576172560761,-0.07173826682754554
25,p,0.0,0.0,0.0,-0.0385716779219055,-0.02452103119049896,-0.21663907934413143,-0.16495835653358318,-0.003502459205180315,-0.3198756938772838,-0.3484627622982685,0.110193364771054,-0.3938767966970081,-0.5050209565505981,0.17368521829767888,-0.4620638818273585,-0.3923058182158494,-0.32464709665036945,-0.21351638718550806,-0.6754962111360477,-0.38821998280540543,-0.3142444399965546,-0.8590403258246193,-0.41366114536344156,-0.3807591628786878,-0.9999975371342212,-0.4292665322533654,-0.4233216243507182,-0.46472616088903845,-0.2455193221999267,-0.14909853036175094,-0.7058027077582648,-0.159168340356429,-0.29883189094448664,-0.6766930571857496,-0.009695730147271446,-0.3651734102533472,-0.5936768909574949,0.07457761620727378,-0.3798627027273304,-0.5088531980016578,-0.15747296748411133,-0.10417645233174799,-0.7103740049479759,-0.09292401983214574,-0.2516669743563318,-0.6804693685074169,0.031271548251156016,-0.29621416638125364,-0.6040200747417355,0.10996700188516659,-0.2870995737660878,-0.5188295329844506,-0.08065462294338382,-0.07462388394485957,-0.6819177533411447,-0.05717806122959629,-0.18465365125246275,-0.6816640859826405,0.00021021507950116144,-0.21713382611207055,-0.6372241484217274,0.04812692215361646,-0.21164881997781687
25,p,0.0,0.0,0.0,-0.02231180284870065,0.08599593687803705,-0.1681857748184634,-0.1599616941987299,0.14577428254393815,-0.2360583441631136,-0.35019196561151705,0.1829902786132187,-0.27436455241391083,-0.5120474137147207,0.2178622394276966,-0.3076626720298144,-0.3661863358738173,-0.20256662401566095,-0.20481328471840116,-0.664467404822488,-0.25206636841269103,-0.2966993366894193,-0.8480181631873648,-0.28088947010421195,-0.3530720738530199,-0.9999976418081864,-0.3055240134911319,-0.385080070986016,-0.41892779676300784,-0.15595821720146327,-0.1524707659370836,-0.6208867482805231,-0.0508377975621483,-0.2744642615860318,-0.6186484838127105,0.10948583653890624,-0.3341039983252611,-0.5748233948473893,0.20510297937584446,-0.3456845290486106,-0.45092314356932073,-0.08865601946114146,-0.1076652063742224,-0.5818104513928867,0.07102329133418255,-0.23138032363526212,-0.4902485113334308,0.17613576937952416,-0.2569428036241905,-0.384252689087639,0.19906511900914262,-0.23403097118304864,-0.4621162931777938,-0.03679059369476191,-0.07190498178780642,-0.5493128866172511,0.10730773140243144,-0.1714331136780386,-0.4574270981947055,0.16114379694768144,-0.1749032212765252,-0.3346686091793876,0.15380548299794752,-0.1415660437769873
25,p,0.0,0.0,0.0,-0.2378151886868375,-0.10794689784137829,-0.1097618950867455,-0.4702700278786824,-0.2943820284445456,-0.17029224649915192,-0.5536819226792813,-0.478239970574377,-0.22286312768114014,-0.5153913154011346,-0.6205337866185222,-0.27294200094136367,-0.4827283966187509,-0.7004880970091573,-0.12844839335546263,-0.49472361404195436,-0.810964150066536,-0.24518274440511864,-0.5335973376380694,-0.9212117160410594,-0.3364721440411079,-0.5559399583429854,-0.9999977347453732,-0.4026388842810259,-0.26268878737366835,-0.8046314562210141,-0.13389381369852235,-0.38531533050621325,-0.47131075970592395,-0.3261321330878258,-0.43891757652393876,-0.17872645102186194,-0.38679999362326106,-0.463885520224299,0.03338510538863155,-0.38778445599162836,-0.03556817136537713,-0.7709589614065544,-0.15279514518319948,-0.18210923451948904,-0.38882344603791363,-0.32220603032802697,-0.28754247065513877,-0.1559493706857697,-0.30239519772320994,-0.355812750270058,-0.0015208618710494002,-0.2501098663236734,0.16135569438771297,-0.672359477213325,-0.18480347159532562,0.03936884082632969,-0.3726268206919967,-0.3098692130705057,-0.061820996260728005,-0.19705746774362662,-0.2946953619320816,-0.13271369594759833,-0.0934013608646133,-0.2474030420634109
25,p,0.0,0.0,0.0,-0.1693376765160731,0.08520809910225675,-0.1844924640997786,-0.365102187971101,0.1109710195955276,-0.28973323499317843,-0.559669834852031,0.14094610538943084,-0.3572076798225244,-0.7167533227011808,0.1476859498705342,-0.4164597030278268,-0.426617417078864,-0.2508747711623755,-0.2749841421536812,-0.6887327945210838,-0.23247632030071097,-0.3462191628891351,-0.7520678169244676,-0.09427720843030905,-0.38418799168055334,-0.7538422816377378,0.02605457056354371,-0.39893213094742846,-0.41265987800151965,-0.3269967966467781,-0.1957843703919836,-0.7125061431063974,-0.38111715611561,-0.2569392610200662,-0.882430987621091,-0.3963342597821598,-0.2922267820225682,-0.9999977230915658,-0.39621252403854196,-0.320589717428025,-0.3978481530040741,-0.33946901036623445,-0.11890203936724304,-0.6697591185208193,-0.37515861896561914,-0.16469900575913093,-0.8122940314359293,-0.3642581127677217,-0.19269746339819566,-0.9047595894297225,-0.33446936273300165,-0.21380660419871317,-0.38769305770006857,-0.3009010367875956,-0.05268086961665853,-0.5912033281642884,-0.3223452562402786,-0.08487773027625391,-0.6871855155768395,-0.299020375620166,-0.0877665028473015,-0.7515362239392378,-0.26121484508238,-0.0885097932049682
25,p,0.0,0.0,0.0,0.020234055630325796,0.10211109556056483,-0.29599467577309496,-0.0888732258716572,0.21553215730028966,-0.440068249701629,-0.23986558181739867,0.34404400718709066,-0.5220671635990748,-0.4296129910216289,0.4111984858116308,-0.5952962376923996,-0.3161879598498933,-0.14916375025863912,-0.42722034569659534,-0.6432645678844248,-0.22349707071946964,-0.5538698807353897,-0.8473082586098185,-0.19257866860831174,-0.6109941008476282,-0.99999791887443,-0.1475594795025224,-0.6448359896347435,-0.371063496728011,-0.12701425761597462,-0.3153542779359156,-0.6298640135054493,0.03614682631551434,-0.4805496647617543,-0.5910602106600779,0.22993871460450338,-0.5233546860852043,-0.491237554676117,0.31659662527988064,-0.5224549895110053,-0.39702593892892907,-0.05346595435765589,-0.21566740443679308,-0.6046073859339524,0.12300234027817945,-0.3841965404447373,-0.527110924339512,0.27519755816794506,-0.40721279578038605,-0.4179831754537233,0.3170450470523512,-0.38357405287635543,-0.41350726872729016,0.017832363196663543,-0.13159578028917426,-0.5527171100174604,0.15557475509033947,-0.2729507894693085,-0.5017790016045601,0.24826409366138388,-0.3011039860059397,-0.4066536722263851,0.2669844312033394,-0.28868378830007024
25,p,0.0,0.0,0.0,-0.1244768268629935,0.07322483829917362,-0.17925747288848493,-0.30901100179746116,0.12820957687464318,-0.25197095491002963,-0.49107790484818725,0.20337504715254917,-0.2977722702104204,-0.6326052894576635,0.2553526892841119,-0.328283676761826,-0.47041605761609206,-0.21787244618146684,-0.13456447711421224,-0.7498696124161078,-0.1556122656306086,-0.2030953760545594,-0.8239337286460914,-0.02344517768896578,-0.25191914916594926,-0.8122246976073823,0.06689794519378962,-0.26574509475433417,-0.48137685947469194,-0.2158714881862183,-0.06075612453672635,-0.7167439126376162,-0.10684110675630397,-0.14937661314115483,-0.6854777467702928,0.03765786279663498,-0.20459984160511446,-0.6075444939779173,0.106296680005188,-0.21856487908621938,-0.4865662029222438,-0.19570904086404553,-0.001701006792825973,-0.6899021314517119,-0.10835050100460018,-0.09104165058092917,-0.6563926462629921,0.00478714927352089,-0.13400823392687145,-0.5775644539060109,0.04859689753587337,-0.1302980206577321,-0.49320579624519817,-0.17510640019661358,0.04747749481087376,-0.7260384726049778,-0.20506790712117803,0.009246108260665582,-0.8894453881995165,-0.18712247200185914,0.0002843402483408642,-0.9999979131904959,-0.1857411927989478,0.010133349650290033
25,p,0.0,0.0,0.0,-0.0035761686775263443,0.017715624822757375,-0.2673009744653543,-0.13363078699901149,0.09362360374616403,-0.4067586050609349,-0.3149062636299777,0.2438928846909736,-0.49775267616206026,-0.48615610867355735,0.32283761079868667,-0.5854966284348639,-0.3014923138771353,-0.2269573397502978,-0.3837280573762968,-0.6126123008942689,-0.2624122379080128,-0.5208229768887003,-0.8295520345703702,-0.2598377602834585,-0.593755470045152,-0.9999982047230893,-0.25103634047809587,-0.637312872816211,-0.3920385078388296,-0.17113122795862937,-0.2956276653110083,-0.6768546613615944,-0.0644610289500463,-0.4776003450245126,-0.6589148037003045,0.11401760983757743,-0.5279488835536468,-0.5738041828154495,0.21990141556036935,-0.5287535750095115,-0.44940343152957546,-0.09225905249015517,-0.22191548017227922,-0.7040556937271994,0.000126482087876605,-0.3969665694108027,-0.6635480394718148,0.15046606652823177,-0.4184405688122132,-0.5652938216217827,0.23464984764646818,-0.3903414547689209,-0.48391779304482735,-0.023294533565172502,-0.16441986099923195,-0.6615745657783595,0.01773777523916216,-0.3016224293952258,-0.6821645549018761,0.08392086530612741,-0.3331600210614123,-0.6460579850731217,0.12186228146383286,-0.32430659593057753
25,p,0.0,0.0,0.0,-0.3321406334404036,-0.07297652836343851,-0.222970938800634,-0.7193231918281153,-0.2303950112772059,-0.4458947191461878,-0.8692677813981713,-0.2730857274073128,-0.6608930945756476,-0.8040005557356338,-0.2762703445955886,-0.8511471985084017,-0.4259354367542138,-0.6019646640375833,-0.518027355978151,-0.6118647408797198,-0.5962058108984647,-0.7986409324644754,-0.8141699271793511,-0.47009833642526444,-0.9324799770848912,-0.9999975010986182,-0.3069542153591885,-0.9919733805223261,-0.001634385875634905,-0.6086348440681693,-0.5312734703760761,-0.28447072268443896,-0.16278694824827109,-0.8405871413678111,-0.4053437833394093,0.16304134823693275,-0.8967162985851636,-0.4539988237938565,0.40250829587796194,-0.8973900564005681,0.35123791034101465,-0.5010706413680466,-0.5504598915350092,0.032642586835552614,-0.022457650521334555,-0.779177173612985,-0.17051293291564174,0.18502549901356272,-0.7123008829167754,-0.28131246896103035,0.29679661065967733,-0.6373551377792761,0.6392154206911739,-0.3470295864067953,-0.596923785482898,0.4147710306944225,-0.008022536410593936,-0.7247942608142913,0.23210096576791805,0.11648317138926473,-0.6660874418851246,0.14361668774435546,0.14544291623439096,-0.5963049887891656
25,p,0.0,0.0,0.0,-0.0709176566858963,0.07219129526153599,-0.27613002475587817,-0.26047866760972943,0.12339912348859527,-0.3479783211358663,-0.4314615545346788,0.204662999533782,-0.356708828024965,-0.5794346705051644,0.285610667061521,-0.3583061092727963,-0.4651501975791392,-0.05033532567859136,-0.2390580533510599,-0.7099088824894031,-0.006397689685730732,-0.31438553415119125,-0.867945719938911,0.017351933830250035,-0.37178207352048925,-0.9999988504661759,0.03841488122880895,-0.40809994071230005,-0.4675059681635137,-0.010282977655800895,-0.10768865950756776,-0.5951865481265958,0.18912691795258937,-0.21098623967400018,-0.5814920471364543,0.3732033041318637,-0.27297600752353074,-0.5495684505738384,0.49744536484383944,-0.29200876263084247,-0.4573093226273193,0.05345695123669755,0.003130956929114308,-0.5484759038967068,0.23071748509059145,-0.11520948039415192,-0.5056133426043908,0.3490370938800038,-0.1855396247379203,-0.4702953178374676,0.40930979466574896,-0.19995773962898597,-0.42942555538062477,0.10507054042590754,0.0969215472498993,-0.48966742326651047,0.2554082657453939,-0.008161078495107662,-0.4642330215846527,0.3333609624158939,-0.059418966825673165,-0.4307739123502573,0.38387559853655695,-0.0677354392578255
25,p,0.0,0.0,0.0,-0.14970430191524325,0.06085109745540172,-0.28963058272124914,-0.37615316956139977,0.08705643575102566,-0.4224290027685049,-0.610379822137022,0.13016954970671368,-0.4972940085571921,-0.8234882827775056,0.1483599773498235,-0.5606066913863679,-0.4651336215454198,-0.3910317183175461,-0.3433763062096626,-0.8188582480883629,-0.4452722954143442,-0.4439864396901421,-0.9518999343360064,-0.34730673735819373,-0.5141603886005511,-0.9999974325205069,-0.24741023829398073,-0.5487882810754848,-0.47915632931663704,-0.4171700278511854,-0.20101769856300944,-0.8246323627423389,-0.35438492871365795,-0.3282403165063733,-0.8880739382080022,-0.1291110155819475,-0.38914421058936566,-0.8632986233515682,0.06339436456823802,-0.4027875095520204,-0.49345510988835706,-0.38328205333103615,-0.06996910891842804,-0.7836256046769619,-0.31789408045329115,-0.16823139454270494,-0.8321602436345423,-0.15376918313861154,-0.2099513853108777,-0.8134951819610781,-0.02348883703080914,-0.2107161712424259,-0.5094652663625291,-0.32504289686276433,0.044104260243724165,-0.7233465472039767,-0.2708067577433579,-0.023533451539587465,-0.7940703844682698,-0.16868775020813453,-0.04687018741636403,-0.8110054766443482,-0.06766499960550657,-0.041084007011354465
25,p,0.0,0.0,0.0,-0.08739284220372585,0.04442435847765491,-0.2796295349356786,-0.27105288003664907,0.04720526515009828,-0.38773463041253936,-0.476983209756047,0.06457820600873572,-0.43356489391468306,-0.6653644732035007,0.06576794628373964,-0.4642753428141671,-0.32587165673824803,-0.3486289349953006,-0.2849852529474704,-0.6564281144171423,-0.3720489278206012,-0.35713432940910855,-0.85791797053402,-0.35910605351480285,-0.4059277818393711,-0.9999986671654929,-0.34617652565439716,-0.4337323600271102,-0.3661443173812539,-0.33840913276524404,-0.14363087503807,-0.6356588209785792,-0.23152738200625084,-0.24125292355205102,-0.6353993597246954,-0.0900177225740787,-0.2752448701301128,-0.5645716409392774,-0.010098969233376517,-0.27436672566130776,-0.40613201552650074,-0.29020884244524564,-0.01812890149526595,-0.6145694114584103,-0.18996742492787083,-0.11283434951011598,-0.6153052931469359,-0.0682122524256547,-0.14753689500142836,-0.5684303127987427,-0.004899893207912059,-0.14357847236520013,-0.429061605926748,-0.2454754502022485,0.08880587258602944,-0.5589523504917621,-0.1742430878477377,0.001512346859626264,-0.5663440965533006,-0.07856257971392655,-0.03382299556986083,-0.5342704035887079,-0.009242095661916036,-0.03244401928294166
25,p,0.0,0.0,0.0,-0.1527052804957341,0.055425972494245634,-0.24380400606845137,-0.35769899649863224,0.08107598901885742,-0.3317301243102485,-0.5464963842484939,0.13383638006120455,-0.3665290007810934,-0.7100241812237708,0.1811752164403465,-0.39457239383703596,-0.468700564777127,-0.27520573188996633,-0.22732290041991743,-0.7383366902732509,-0.29670737360481086,-0.2627808021822265,-0.9019559086502792,-0.29111457316239125,-0.2844304956277083,-0.9999981816282107,-0.2791576075872552,-0.2918393413011862,-0.45377974662072657,-0.2903900842945692,-0.08780248141153701,-0.7228840618464958,-0.17255841062712834,-0.13925404123430676,-0.7589291307030416,-0.011183433216747835,-0.15928191250971271,-0.7181171971385721,0.09853503812679122,-0.15630261529329764,-0.44275487832485894,-0.2622907654018706,0.039798245751933914,-0.6712298589270014,-0.16626664560866203,-0.014299310302831126,-0.7126445938918163,-0.0323778079796475,-0.04102213794216134,-0.6931597505691377,0.059312276231772064,-0.03620714422864755,-0.44032188765915925,-0.2191997997978875,0.15251446319953402,-0.5988243796983246,-0.19067106585629798,0.11562879975302469,-0.6821015272805148,-0.14092357088578142,0.09471557154156948,-0.7208909181323765,-0.09663832854688459,0.09677417883204673
25,p,0.0,0.0,0.0,-0.1230815202415131,0.04348789541639526,-0.22034496632469763,-0.32827072682876546,0.07006681422105644,-0.29480555055762114,-0.5217507445827015,0.13123629402830295,-0.32008251345111327,-0.6786530131315989,0.16771458483066373,-0.3329257202369783,-0.41338149791859813,-0.29566234616995074,-0.20498781448004097,-0.7094405130809627,-0.2977922001139506,-0.24597671562504955,-0.8811213219884451,-0.2904438080369297,-0.2743220401182569,-0.9999980460947251,-0.29243216085768153,-0.2914642024287756,-0.42505598112662396,-0.2917917372554257,-0.0918921100294216,-0.6971401639994103,-0.19203030089616543,-0.15661721317467905,-0.708607345150332,-0.045870238607474696,-0.17954872216169157,-0.6461097346356612,0.04190308283601742,-0.17645703908055213,-0.43534095824290314,-0.25105979458021654,0.008603133212602233,-0.6558221271655628,-0.15826405672514346,-0.056767622489099015,-0.6536070813930395,-0.03451451142770389,-0.0846318722787205,-0.5992524820203454,0.041809680448490746,-0.08180562026550095,-0.4319667096471295,-0.2075112225504779,0.09396778836189836,-0.5875234946759573,-0.13481341913164696,0.033245889563863894,-0.6070111691238707,-0.052112592686564346,0.004982656102960659,-0.5786413003000258,0.015849872731225848,0.005665359443807377
25,p,0.0,0.0,0.0,0.020259693284884046,-0.1422906045460648,-0.1855665872996402,-0.10523780526019631,-0.3327606050543788,-0.27043215185911634,-0.3354268796761287,-0.41875593273757933,-0.3332673699831812,-0.5171499283674372,-0.5160445613200043,-0.38760541680679783,-0.2131034913171593,-0.7589825921720242,-0.11900078297226002,-0.45098611455889154,-0.8950811994957987,-0.24213399970431254,-0.6563584355148508,-0.965118376544316,-0.33648152890052463,-0.823830865839479,-0.9999962980373862,-0.3930967818866864,-0.3351323063637576,-0.6821274220306572,-0.08194940414758886,-0.5644349026654946,-0.7070633287405782,-0.23268172684386565,-0.612274160229976,-0.5881578734217797,-0.30767465856469345,-0.627880808777313,-0.4847816170378521,-0.3233922409942735,-0.4220088164611558,-0.5629730688119676,-0.06818095650752039,-0.6011634506535883,-0.4928776390634758,-0.24289622194095814,-0.49594131183921847,-0.26953634605288007,-0.26487500425581906,-0.387129902024336,-0.12313473372944768,-0.22722849356213748,-0.4756918789730799,-0.42529126784305266,-0.06943204494564477,-0.5927182434093674,-0.395010455256304,-0.21394261658435784,-0.5139981042521499,-0.23938307157440897,-0.2249848130420256,-0.42329865039184134,-0.14295058115827597,-0.19279199072929076
25,p,0.0,0.0,0.0,-0.0829429516748563,0.03186487683619913,-0.2471306018132513,-0.27624358659295895,0.07159341869485651,-0.3446650228375299,-0.4827068443029399,0.1420321893031479,-0.3914652361339525,-0.6553314833789593,0.16294471748532707,-0.42445988374957744,-0.3819987548683653,-0.3217918958432044,-0.26662567158093436,-0.6901734765843475,-0.3250369685194021,-0.3383697243497423,-0.8704831634445395,-0.33040340255885986,-0.37529891448924674,-0.9999979565632541,-0.34274181611004345,-0.3937062643479562,-0.4165612209262147,-0.3145987305798749,-0.15960380076330463,-0.7133759350065594,-0.20881226013587706,-0.26993356174137745,-0.7097476239121784,-0.03734336533131509,-0.2974593733788548,-0.6230872047717,0.05339443531442673,-0.2858773274033642,-0.4495328791086815,-0.27754914279969856,-0.06812551199801813,-0.7005709120862165,-0.20228338291728667,-0.1816669576874438,-0.6879466987739438,-0.058711175638766475,-0.20609578818271626,-0.6169338317778861,0.015154147144560417,-0.18552170708603738,-0.4682864102462981,-0.24399638482598682,0.007204370894396285,-0.6558777488502932,-0.2429087258161739,-0.08018741291011683,-0.7012854419385196,-0.19561236705766025,-0.10730035868773825,-0.6980793447251595,-0.1638434672986988,-0.09892613793929217
25,p,0.0,0.0,0.0,0.32402119074491925,-0.05411335437974413,-0.11460873138816269,0.603741520657615,-0.13503654307904878,-0.24479786783745683,0.7540821100407853,-0.08208951464730187,-0.38547237615373925,0.8441966372062413,0.005292861442984585,-0.5341469745890511,0.6738360063079343,-0.5491533707633359,-0.23439371865126774,0.926599084058264,-0.2012214398085023,-0.4789714286168882,0.9780027228134306,0.11454472213589531,-0.6613658743265268,0.9999964490150884,0.33162104089159367,-0.7690966220520536,0.3884667050879031,-0.5966614427542569,-0.296271829030918,0.6447738432386029,-0.12659816796649506,-0.5515728642156791,0.7282171045084236,0.24371344243673865,-0.6663210928208603,0.7880257826830472,0.4876342011362599,-0.7191636165004388,0.08625187278391858,-0.5385296028561977,-0.37189207620861114,0.330711928918427,-0.022828811770630338,-0.6049611408136699,0.3912012901978068,0.24444756847804677,-0.6254319020649941,0.4137168522809249,0.3890198130243161,-0.5969715276267565,-0.20699549933564834,-0.4159224581465618,-0.4582736671697149,0.026382978706526602,-0.15160596996208345,-0.6035656981178809,0.2097424133606179,-0.02528517612767267,-0.5925172440634499,0.36093047014162516,0.046824796110034955,-0.5586764887593992
25,p,0.0,0.0,0.0,-0.3521835138365743,-0.039127611484579806,-0.31237635681782894,-0.6447420598454287,-0.14848229918509492,-0.5538607381342885,-0.6300765016047191,-0.19274346793913066,-0.7664237000213678,-0.4013001247313638,-0.23960094544008675,-0.9568443452976664,-0.3875809134734546,-0.5219331603893004,-0.5309987381045627,-0.4597233500113761,-0.4508771127356034,-0.7938304641286196,-0.4549300009173405,-0.3848006401086869,-0.9294324200717072,-0.45889640045516994,-0.2982216766236274,-0.9999982146556008,0.08909176320299608,-0.5325872790201608,-0.5015943018130514,0.009666828546560927,-0.191287127937656,-0.8278850151681809,-0.08954934692345505,0.061528462897419915,-0.9175518440514933,-0.2026324374197516,0.25362056573121816,-0.9281117057566802,0.4839310718385262,-0.4605983990656398,-0.4847937430645354,0.36491003445813436,-0.12367689852865237,-0.7691770770407063,0.18113696328450796,0.06263033513776695,-0.7420594952033027,0.01834293513091886,0.1934781026401047,-0.6665154557778624,0.7964042466432572,-0.3546009924806502,-0.4969670130436149,0.7216753979365554,-0.12730734648380998,-0.6723144249087206,0.529023074289651,0.00400215491691648,-0.6317366986895607,0.3729722339533463,0.08420264077212021,-0.5560887451936488
25,p,0.0,0.0,0.0,-0.3097078475286232,-0.05478806266834421,-0.3118067770290204,-0.548958999128295,-0.15834278200832674,-0.5596444058120269,-0.5363488896746745,-0.19253249371368683,-0.7723026435136506,-0.33570186524429374,-0.2108012051064692,-0.9572797136666112,-0.11626247835642596,-0.5088125319890612,-0.5022511394662726,-0.22817722617764508,-0.33585132508652554,-0.7694885078170839,-0.2844165050761658,-0.16262266512001383,-0.9209740500707331,-0.32879971091797155,-0.032340869414446714,-0.999998226961247,0.25955190389500554,-0.47680083354409764,-0.4621607627009221,0.09437629452270702,-0.16008789805907714,-0.7510571528342752,-0.031061543891988123,0.09141182711281184,-0.8319394191333939,-0.135049081180608,0.26076512573613764,-0.8499444555702856,0.5398916454046633,-0.39268950016742393,-0.43971364870803337,0.39070541217518745,-0.10583680230491342,-0.6755750447450073,0.22016182456260464,0.061483504283755736,-0.6502511524382757,0.08186615962150026,0.15896683035082543,-0.5926765897450943,0.7365405331892505,-0.2839235016015245,-0.44754804459934566,0.629264562327496,-0.07181200633849816,-0.5752098940798687,0.4546226521540156,0.04120800982988821,-0.5332189968458771,0.3260270551493355,0.09055327186565529,-0.4729625058187821
25,p,0.0,0.0,0.0,-0.08390716804262205,0.11530163447177294,-0.22520148440825177,-0.23469658197173,0.2252998403789673,-0.3286594019283986,-0.3812238190558379,0.3460183059518454,-0.3789899783416238,-0.5115281807505956,0.4082156518203942,-0.4202938368461306,-0.4461249023384921,-0.06034514201400781,-0.3093252839862316,-0.7142648617770541,-0.04725470169921087,-0.371600382737056,-0.8746782732766957,-0.04800106173334854,-0.4010193792344375,-0.9999981087685385,-0.05606008175457947,-0.4131301445051803,-0.45947021654502523,-0.11893062836680299,-0.1802755083056614,-0.6723801534513869,0.07537097810377977,-0.24331644053812343,-0.6657962682144372,0.23565543085413068,-0.2367659222502908,-0.6139137059440908,0.3236040578823899,-0.21021377794867874,-0.4574568142538709,-0.12131117982442557,-0.055217662545632554,-0.6391745718601045,0.012360989207576755,-0.0989865607792596,-0.6547017576329798,0.11331833007053173,-0.08398784238103156,-0.6450633874745663,0.15749673433255534,-0.052774199311797595,-0.4433454129317964,-0.0951377391226754,0.05641773964226771,-0.5718992497858769,0.011117281269706214,0.04039623195903914,-0.6126344328966039,0.08467370606288124,0.05843673244738414,-0.6175718959195984,0.13554319815851146,0.08984003379084943
25,p,0.0,0.0,0.0,-0.10755486651975085,0.08867992697897882,-0.22260919350771352,-0.2747017919324957,0.1862694162091224,-0.2956950043377978,-0.41424665308650466,0.29354218943760185,-0.32022225668461185,-0.5384913776149909,0.3493551709630465,-0.32973953046843285,-0.49075200137410735,-0.12214262328902627,-0.17610362801061114,-0.7513791048774338,-0.08927721634570138,-0.20138632609219123,-0.8959771283697027,-0.042001527230143026,-0.21418907602053863,-0.9999983347149614,-0.008514512532917011,-0.21687970704440074,-0.4848812449330317,-0.10940827502828879,-0.05143598997918006,-0.6882177022989652,0.06591990175430354,-0.0952449286051734,-0.6357444790322848,0.1930659587612776,-0.1082638764399425,-0.5355518305280796,0.23239434931751862,-0.09645507234714684,-0.4691488365680696,-0.06487232518988477,0.05922282398958046,-0.6214525132580793,0.08676343955186137,0.0056606290058928855,-0.5665817947917617,0.18895654836299247,-0.02639141977817375,-0.4878878909168112,0.22337451062490332,-0.022341004732559885,-0.4462295010926939,-0.024155106578939618,0.1558156191582743,-0.5539505267150444,0.08511683659306443,0.11100685671921602,-0.5428387111727333,0.16458694368326557,0.08560076143371528,-0.49417464066672506,0.20173809414660102,0.08911519023059174
25,p,0.0,0.0,0.0,-0.12409370088974012,0.08765235744951726,-0.23239252353737555,-0.31081430077235994,0.15384391370857234,-0.31236102239068636,-0.4848136360345967,0.22990403964793701,-0.3379740141718537,-0.6433318143123059,0.2745908378787006,-0.34681604458919424,-0.4585148137482418,-0.19650891372220755,-0.21276743950153784,-0.7410292177625124,-0.1788261940902555,-0.252593437822317,-0.8995912663488426,-0.10196199548252655,-0.28140294835283913,-0.9999985482807816,-0.03692305154297065,-0.29541641853805245,-0.45099473331109335,-0.19656792664228553,-0.08187898385536187,-0.7037287258128262,-0.05597816768356858,-0.12673469250885225,-0.6974485656663773,0.08539628140084773,-0.15386404376901694,-0.6217554533641251,0.15846941906881776,-0.16230894838474783,-0.4413614365482207,-0.16069944982578133,0.03605075209452165,-0.6407938693675161,-0.040431637882151115,-0.007954185158486324,-0.6324495549564636,0.07941365193722591,-0.046917414263241225,-0.576755332870015,0.15330604814962134,-0.06016536054239928,-0.4272467920861728,-0.11949947583830435,0.13815419849632046,-0.5566914159541547,-0.027482801443872065,0.09139437675709984,-0.5758976986216973,0.06299213878122147,0.055135258421534876,-0.550574017248566,0.1360115418108214,0.044262263099058965
25,p,0.0,0.0,0.0,-0.10827201742468849,0.06866742523575542,-0.20420434817693114,-0.3128615797044851,0.15727986786615644,-0.29152307694999435,-0.5078370712933349,0.26154986062556485,-0.3458540125377077,-0.6643080903566837,0.3218951698881797,-0.38122138843671294,-0.494697827133772,-0.17952708360415365,-0.16049141888011695,-0.7494238611326975,-0.08272959573138662,-0.22944590370307266,-0.7778787782032094,0.08814120646496915,-0.28359925504352634,-0.726634155193696,0.2147264705624352,-0.3016139988376052,-0.5281973166937803,-0.17255655540203158,-0.07092154234829058,-0.7553046468177154,-0.04791675747381415,-0.15554310153044487,-0.7210186264271385,0.10153184765577375,-0.216663818175681,-0.6431173889446385,0.19396841086064404,-0.2342086584857913,-0.5411952610800583,-0.14844706835626956,0.004039760400953567,-0.7407603654759116,-0.07055698985988912,-0.06752458616326101,-0.7311087664749575,0.0326209148630395,-0.11113522327322191,-0.6742007803188964,0.08651234987323426,-0.11222327772713933,-0.5394939066167186,-0.12105538232628496,0.06636373681505611,-0.7468911266652769,-0.16069984834460072,0.03476070850575417,-0.8963520280024997,-0.15286432102734954,0.022629764477935993,-0.9999976150736246,-0.1494020501238024,0.03022458731155289
25,p,0.0,0.0,0.0,0.04246027623776938,0.035593259150944696,-0.37423751984685427,-0.007524567189111319,0.05518831775742187,-0.5482881801345463,-0.08161280667186252,0.11710816537554089,-0.6349153799717777,-0.17443499602793686,0.19928870723043454,-0.7202256221182711,-0.28060519022708913,-0.04747100906275494,-0.5875147914874415,-0.5077041803146864,-0.045374999821783744,-0.7804107415544437,-0.6734553192589854,-0.04969048650172945,-0.9158155827073703,-0.8156394385934299,-0.04900889834319437,-0.9999981668560822,-0.33777129369429676,0.005531484534440224,-0.4246122714724737,-0.43142039218531714,0.20388500211291874,-0.6165976708951746,-0.38458737498817397,0.35864572321265065,-0.7025433918377629,-0.32214699418838433,0.4505191741941562,-0.7479070828467207,-0.37068955424035915,0.07233335211272367,-0.27573732307711635,-0.45613501045325,0.23826149856212467,-0.4513586518128593,-0.42054918124696394,0.3772518343322889,-0.5237899043728493,-0.3691807291552019,0.4495783028198142,-0.5454504875944189,-0.38936952775101535,0.11667526183528504,-0.1482142737503338,-0.49045687495643675,0.1638278759166403,-0.2732515149012984,-0.516264569200321,0.19004225036669126,-0.32922044121941507,-0.5088534179311456,0.20403633260339182,-0.3535848960293382
25,p,0.0,0.0,0.0,-0.34203646398550885,-0.17176640565639809,-0.08504224500589978,-0.6314899654014108,-0.38061204313623803,-0.14860303990926577,-0.7235030141607304,-0.5687564014031454,-0.21207412839843967,-0.6505378516802157,-0.7080821806922873,-0.26787917830445535,-0.5925430111970469,-0.845631052478776,-0.12413889134559632,-0.672719128375307,-0.8921409779011836,-0.25276026273885266,-0.6646169685600449,-0.9648084781891518,-0.34244900088773367,-0.6399485360052746,-0.9999973432941086,-0.4002033838423046,-0.34186386029359467,-0.9585323941759369,-0.15025205836909142,-0.4659020197434889,-0.49262859297232514,-0.368750794847249,-0.5068118658873438,-0.14198348026459318,-0.44110970665391636,-0.533366706360326,0.1108125203209774,-0.4421247034559778,-0.08166624918911837,-0.9214670577414542,-0.18623034783653933,-0.22933915885443176,-0.40661320580300186,-0.3622143405400618,-0.3139664322959386,-0.13137943785263545,-0.34410104782976836,-0.393123593871864,0.049564021069220594,-0.28895990852358,0.145843152179012,-0.8133741540322019,-0.23526778908741205,0.039172962111964325,-0.4406227047185515,-0.3537324921905913,-0.049327047284863174,-0.25048263605788756,-0.33459632466569256,-0.13557236157405742,-0.1451457699228743,-0.2809339754075796
25,p,0.0,0.0,0.0,-0.11830318709962359,0.09191356187904541,-0.22601459930313367,-0.30337480919377957,0.15637076232668173,-0.3031523690084274,-0.4807858235820366,0.22712679000635363,-0.3263255009512471,-0.6336832365762105,0.2697857770363584,-0.33467417067637173,-0.4486442246374423,-0.16991795259349837,-0.22771506770663874,-0.7335523278296182,-0.15631845531052085,-0.26677230802540325,-0.8941764678673069,-0.10369588072870889,-0.28681672440195943,-0.9999986288029555,-0.06462008776514981,-0.29419326005876284,-0.44476492382169835,-0.18954199219251786,-0.10148383284856549,-0.6951883597992672,-0.054276783967899755,-0.14341542543508307,-0.6840342972515235,0.08935272478940663,-0.14816616931303853,-0.6039703586405923,0.16040436884010026,-0.13850207007739468,-0.4365309821808485,-0.16489165698900166,0.012451088827431164,-0.6329529815927769,-0.042807162999223033,-0.03077123429500685,-0.6192378367662562,0.07674297432784825,-0.049175253606930217,-0.5617592913013214,0.14137908111669734,-0.046268189021648434,-0.42162822289833757,-0.1315157350575797,0.11078027608316769,-0.5475821284086172,-0.04584146031483052,0.06763942599110194,-0.5648458956330898,0.03596965523044315,0.04471795515816487,-0.5409911991832083,0.09970362944994256,0.04455949146135405
25,p,0.0,0.0,0.0,-0.3545630193825176,-0.08360766222636906,-0.27161321703008967,-0.7493351003537393,-0.26564983917926865,-0.48894090782392285,-0.8610026355562463,-0.41357907059566223,-0.691334585757726,-0.6936535338874227,-0.5236460074675036,-0.8646174936449718,-0.47768085710770597,-0.7826919722823324,-0.40723800163279905,-0.5596079481521113,-0.8500103223083781,-0.7042233398208267,-0.6488545523735136,-0.8380109706995691,-0.8880909521317923,-0.7164874541291546,-0.7892866346873464,-0.9999972645834856,-0.012579052878512915,-0.8347722740264159,-0.40964444260880617,-0.26168625097325,-0.5351007936872504,-0.7621648526517515,-0.401923414747375,-0.19551642033100713,-0.8636193411563973,-0.4789808031696799,0.06347822653286156,-0.8710886913371512,0.38083829940476926,-0.7329166169170432,-0.43684446477040323,0.08391361340977482,-0.3002904750995171,-0.7461371030338841,-0.07330053941189428,-0.013393373787396511,-0.6994097241729291,-0.15773002254951127,0.1726117391974031,-0.6025222072166889,0.7001297044072567,-0.5515731630104989,-0.49618619543404235,0.43166092412194285,-0.19255554983239342,-0.711115841993646,0.27805843004752273,0.0021727180762404243,-0.6909749117312974,0.2226412386645488,0.10487008740747934,-0.6178175652993265
25,p,0.0,0.0,0.0,-0.06390238758561184,0.137075660926525,-0.32522217619344784,-0.21010411889281436,0.2327203210741846,-0.45761334466580866,-0.35258063679458196,0.3242399044685674,-0.5021401425017186,-0.523092094720114,0.40094420696257904,-0.534882662912508,-0.42519218564132166,-0.12627738560433827,-0.4626650826222414,-0.6727185524427332,-0.14316836991540455,-0.5719290687480906,-0.8616505456697188,-0.14281537015894366,-0.6387306129753402,-0.9999983516968655,-0.13067494908863214,-0.6695565893423886,-0.4446005897296425,-0.14549838445039665,-0.26856153980425473,-0.6675194938253449,0.0054316572601439,-0.34409307355546825,-0.6432262726228477,0.20711275788951822,-0.3359117417381439,-0.5554948786550219,0.32493755302705024,-0.31279327877053176,-0.4607704936865355,-0.12082121583675297,-0.08578955443427443,-0.6578177479442548,0.005556675960421241,-0.16377141786847776,-0.6184654962182917,0.16845402836807982,-0.17986428427067133,-0.5474939765768405,0.25747107633341393,-0.16776746009485732,-0.4736104299992632,-0.09123432461540026,0.0804920161193642,-0.5974885863932888,0.007128079969526107,0.015539784612214148,-0.6017479661432487,0.11691350951519608,-0.010755111246039905,-0.5594439958859437,0.1927676848473218,-0.010439118191538562
25,p,0.0,0.0,0.0,-0.24224951175070122,0.013478683908310389,0.00014934372757902255,-0.43305774793952634,-0.02743900617562154,-0.021543322938718735,-0.584930798950849,-0.02784955325455112,-0.05414228099957614,-0.7066150695304635,-0.004840485761883589,-0.09910881949108051,-0.5675388540104722,-0.36214966462852943,-0.01848773813591395,-0.7572115538411234,-0.2573106348931886,-0.07945882764047996,-0.8942798457776228,-0.19665250652060265,-0.1354019306637154,-0.9999983009775477,-0.14175464532193227,-0.17068901667589856,-0.521542238821455,-0.3659371487804698,-0.05620942199905327,-0.6951555501345452,-0.03391894597322071,-0.09853083573809439,-0.7371501414610369,0.13081747467616658,-0.12868200716106112,-0.7675665760203803,0.22830184818710644,-0.14673041981746549,-0.45287798669640844,-0.2874541984352218,-0.09444653030141237,-0.5524918073465175,0.10228556665648782,-0.1393276352015349,-0.4670162903379719,0.18891434220841033,-0.13810641207790475,-0.400949654850341,0.16838050700562854,-0.13179603561658645,-0.3863477388438689,-0.1622159208350118,-0.1349306344656509,-0.46312920750519104,0.1438352804995711,-0.17591642837557694,-0.3908697822550633,0.20733417389055694,-0.15862698095919175,-0.31762591493432024,0.18310521243814948,-0.13300285313538737
25,p,0.0,0.0,0.0,-0.09190753692314683,0.013466783457856865,-0.22194604494834505,-0.2715190217444282,0.02928759050581742,-0.3093703559632241,-0.47550675565859296,0.11042345201502152,-0.36119978275880527,-0.6392764000336798,0.14701847432034462,-0.40614145843760213,-0.37956939133502793,-0.3706530333465312,-0.21281400877734513,-0.6722914521089766,-0.4721470780810905,-0.2972118498755201,-0.8568005422463861,-0.5292536986429692,-0.3520676607372003,-0.9999971193317112,-0.5666593223610479,-0.38365482408687696,-0.4291374702686424,-0.3273936002734266,-0.12818167748283837,-0.7192383403696134,-0.25541902852888865,-0.2596133842358779,-0.7432150407466565,-0.08595448426869863,-0.3230510576661809,-0.6897792203549329,0.023040413678513796,-0.333876175081759,-0.46347187444214166,-0.2695406804019647,-0.06044191755523194,-0.7068207371559089,-0.22533611801801212,-0.1959086295733059,-0.7167265233674525,-0.06987346403687213,-0.24783719235505305,-0.6649216927702143,0.03493930753658716,-0.24010701071369586,-0.46907929256071246,-0.2167178333302025,-0.006624780969912672,-0.655891411028834,-0.22115253218397335,-0.10978877557665552,-0.6869154158721218,-0.15388746707992837,-0.14358588373853318,-0.6626720635158351,-0.0799444268125061,-0.13424524132861995
25,p,0.0,0.0,0.0,-0.1172325085838099,0.05063637402241181,-0.21996083310462197,-0.32660448056231733,0.05629864374726378,-0.29529298847204355,-0.5319858215943507,0.08884680349724637,-0.3269943386462636,-0.7022629366836461,0.09440331622672722,-0.34451486268136666,-0.3897243249088859,-0.32307531184980226,-0.18552492040742485,-0.6769043057858494,-0.3912929071377365,-0.23431086101617277,-0.866388561742899,-0.4098562428760091,-0.2663769911830372,-0.9999978927458969,-0.408550074902003,-0.27996955973566884,-0.41647067096506485,-0.30210320981939376,-0.08464908295070686,-0.6882343089283071,-0.26725502382328775,-0.15845555706758122,-0.7048858232107689,-0.1287237848641019,-0.19362606953562442,-0.6328443966080148,-0.03988797155342915,-0.19362655624388697,-0.4369958178077915,-0.2602256376897459,0.000335993296000984,-0.6651343811751169,-0.24111998334486565,-0.07781883899787861,-0.677789800818351,-0.1184642886949792,-0.1123623220712315,-0.6250407361300961,-0.047683844699147125,-0.10538259588073573,-0.4395856081730612,-0.22157748478395128,0.07076196786660761,-0.6256473316278928,-0.29039533266200257,0.024347625131510366,-0.7335005009844602,-0.28713087044324603,0.007308980545726731,-0.7914835949275933,-0.28562402166240597,0.013504303757398145
25,p,0.0,0.0,0.0,-0.36397961422425334,-0.15124448996539838,-0.18755093349251725,-0.5707864594955135,-0.39316265549660373,-0.30358663387596735,-0.4629205443054879,-0.5931391550213402,-0.41023228041935356,-0.2312816168224372,-0.7207732436027757,-0.4889755611078504,-0.32990097307312444,-0.7672044065263596,-0.18490336755506034,-0.39508247259178914,-0.8998240134622241,-0.4561579401176462,-0.3651343749557796,-0.9753621904341949,-0.6412748639606867,-0.30051440478954217,-0.9999980659209122,-0.7578686352936544,0.11787908677433263,-0.8077310669823525,-0.21578961462035617,0.07496618595074193,-0.6429360068365539,-0.5973532622884532,-0.10419234197936575,-0.40406215810660095,-0.6947985483913688,-0.22917014656600967,-0.21855867127833634,-0.668196282650283,0.4816432424973159,-0.7306258588320029,-0.2804980190309953,0.3625924488171998,-0.4672595718760096,-0.5925080974521068,0.13943277594793715,-0.2828669817023674,-0.5426953369835087,0.01894167273605621,-0.18674649447403496,-0.43337421230918244,0.7791985801173281,-0.5907844437602685,-0.37321610065680716,0.6189190125505154,-0.3320899115547277,-0.5895841330721097,0.3813066739218992,-0.2152150873453038,-0.5844252910918596,0.2581901817812194,-0.18750653615347515,-0.5206193713305012
25,p,0.0,0.0,0.0,-0.22227480075222503,0.003340118305231411,-0.34747458711952756,-0.5825606421801623,-0.10621584416306702,-0.5807194124230988,-0.8331268180070427,-0.08535812304086857,-0.769831678382545,-0.9445829403137265,-0.1001766072044332,-0.9087948503951536,-0.4800834384015735,-0.8649611282172393,-0.6180634886825935,-0.6689182159262936,-0.01275352710297875,-0.8714104295874852,-0.7405301308373431,0.44838821431169057,-0.9515930309035852,-0.6966222701123678,0.6358010858453575,-0.9999954110562771,-0.16905856381593398,-0.9289101090571438,-0.6037339941190107,-0.39570760253784637,0.2971856004726607,-0.8297973530865049,-0.41175064630936425,0.6478188377985944,-0.8045426232581077,-0.37958694679653693,0.6714517167904139,-0.7883825802968863,0.11993039207965839,-0.8184823624453454,-0.6096636169916746,-0.08396548394238879,0.3193611523277425,-0.8694270505709181,-0.07777061276063113,0.5188585152706081,-0.7595147568474798,-0.01928907038473769,0.4295633113727194,-0.6697381535951132,0.3482021705858202,-0.603658105651338,-0.6529090749401119,0.30081756713654434,0.3272577428753436,-0.9069538397672261,0.26385908902476274,0.5823012062212292,-0.8607902401352171,0.30091671899222516,0.5827897171570801,-0.7781962656889595
25,p,0.0,0.0,0.0,-0.14193134527814624,0.078683538781604,-0.19212612943377777,-0.35221784078549884,0.08361998995086918,-0.28138493472782183,-0.5772473783720562,0.11794459233323454,-0.35050471198259026,-0.7650061428298902,0.12387537399856559,-0.41339986611949997,-0.36967683874136564,-0.37859998754675167,-0.19544419393437545,-0.6514511454630442,-0.5132967389190114,-0.3073556182223373,-0.8626786154840748,-0.563995917270149,-0.36870800884612853,-0.9999971400484301,-0.5689287460284692,-0.39288321239337193,-0.4201908053517222,-0.40123349299586036,-0.14647602726984119,-0.7497038005007982,-0.3666340135476787,-0.29885639803899894,-0.7891700955949048,-0.17788577688610493,-0.36499252324827974,-0.7366390001040498,-0.04484425423265191,-0.3755875212462195,-0.45443290199774333,-0.38823619729248454,-0.11685791688664107,-0.7590994821597921,-0.3595490891387142,-0.2709755746366566,-0.7809626499590255,-0.18328248732836477,-0.319257155923191,-0.7234118304637729,-0.06916708168004841,-0.30488568797373067,-0.46200041677776266,-0.36570872194256204,-0.10066361978727498,-0.6948056938487701,-0.5286235005595318,-0.19889586147393964,-0.8603070017301717,-0.5880573344971243,-0.23616192546843473,-0.9754830493031447,-0.6225394478306921,-0.2375374827539982
25,p,0.0,0.0,0.0,-0.3450460095647049,-0.20465174717032336,-0.12496255090369793,-0.5137589304423559,-0.5307720012524676,-0.20287954982042516,-0.5369999410990607,-0.7809326384738587,-0.28728512413266877,-0.6087103935209451,-0.9727292364711108,-0.357018335955373,-0.31841300937981915,-0.8477398474360099,-0.127496981819055,-0.40019431166227243,-0.9272040899785225,-0.3560366849394791,-0.5230517889840742,-0.975255813238662,-0.49846826472463246,-0.672724626803925,-0.9999978979743294,-0.574432172784785,0.0555320042336461,-0.8725926576452314,-0.16490326518517587,-0.1269603024643636,-0.6803229940674738,-0.4396895452899183,-0.24873182443450478,-0.4173774643171928,-0.5184285124886842,-0.3175317160491493,-0.23264064107492885,-0.5141434210008292,0.38713384269311985,-0.7859980704773156,-0.22631812792393124,0.17937138315232867,-0.5119849423461156,-0.47211256372429394,0.015554689466779768,-0.3129715179603819,-0.44791489750513114,-0.05213343695456101,-0.20004732153738103,-0.37728169274561507,0.6654354764781204,-0.6389463097796733,-0.30636517485786796,0.4769424442433227,-0.41008430469559903,-0.4546247672346389,0.2883357735309992,-0.25964199531044996,-0.43230244912088783,0.22463959016554935,-0.1969819643255289,-0.37736269304960685
25,p,0.0,0.0,0.0,-0.32532711228558225,-0.0022535439660979883,-0.3062412765813811,-0.5825769139646176,-0.05793383908896545,-0.5458337527769013,-0.5256636657742763,-0.07519293877125469,-0.7504163345421583,-0.347499377119508,-0.10880214953897283,-0.9339877266765947,-0.33465889671060467,-0.3991519648002718,-0.5439488048551959,-0.37166926707344405,-0.2768045999656935,-0.7904123001503357,-0.38416807058611885,-0.18782910406905676,-0.9284137805598677,-0.4199517035875707,-0.10483381844711649,-0.9999984318459608,0.05080045176401039,-0.3985214912441821,-0.49917095167731407,0.023730818084141524,-0.059466314414397196,-0.7637061684399465,-0.04402897743103923,0.16403229668420743,-0.8377587821848057,-0.11778697605432475,0.3332283963526973,-0.8564583367016672,0.36395136970319686,-0.33399089524483483,-0.46356972394545326,0.2863418765686283,0.0019552835432104444,-0.6861356519886572,0.1417329603852501,0.15777929636118837,-0.660607840560666,0.011183690961741618,0.26693765726701313,-0.6051046229593154,0.6132841844786882,-0.24171488278358264,-0.4568544246404217,0.5662614799763029,-0.01144895673427526,-0.5871648800932383,0.4095631556585788,0.08534557027675296,-0.5474138039579425,0.2696394798254548,0.1364122225059416,-0.48717987320917866
25,p,0.0,0.0,0.0,-0.10576004732491992,0.043494831049121684,-0.2205102347102071,-0.3018657762733145,0.0782682118840899,-0.2890529954960739,-0.4923755416368755,0.15662286669534486,-0.3134160833531705,-0.6502989211686613,0.197442941339591,-0.32488975145712395,-0.439029698927007,-0.2595926424505715,-0.1655983324608513,-0.7136966005877768,-0.276552700544023,-0.20289309430243227,-0.8792645415914631,-0.27898879930216025,-0.22828584233319973,-0.9999981454326589,-0.2842258920902658,-0.24450570522759363,-0.4640999717285261,-0.20595613263458978,-0.0613252181692788,-0.7071575579324719,-0.13141303609901006,-0.130054178070397,-0.6998783615309198,-0.01076789255508254,-0.16569263760437772,-0.6247068127553591,0.05612931601866587,-0.16722746936007454,-0.46879524865026395,-0.1371914473197591,0.026528577849341366,-0.6552651336587899,-0.06920894890086178,-0.04719065271670725,-0.6341846662174137,0.029259604355438017,-0.08819208340619655,-0.5705670381866271,0.08291678530617659,-0.0893399946301677,-0.4504548119724473,-0.07540343579660985,0.09855982579748639,-0.5916772963810354,-0.018725174028197657,0.032378849244017474,-0.6027914028080884,0.04735569053389617,-0.0014429346156544071,-0.5675790643468128,0.09762888513002652,-0.003065786016609615
25,p,0.0,0.0,0.0,-0.42347860229869233,-0.1523142048556314,-0.14889272816460095,-0.7345925405611466,-0.42099157903537154,-0.25736693165983604,-0.7294862254854588,-0.5925707292713658,-0.3620383623503722,-0.5274441787907457,-0.7018977944059351,-0.442694260073542,-0.5072025824197584,-0.8199252447129309,-0.26948412141026756,-0.6432455362389892,-0.9153618580141875,-0.5413497086260518,-0.8088423610298908,-0.943861915561666,-0.6970327733116399,-0.9999976726816808,-0.9041633173801591,-0.7701962160752388,-0.046731927991412445,-0.8786135698151175,-0.3058932763788383,-0.232034547086504,-0.6013022568551828,-0.6240679067703375,-0.328108123271959,-0.3016703661455962,-0.6896346125798762,-0.4076407787205981,-0.06619156546258434,-0.6614182700297095,0.3376056570726965,-0.797069870609099,-0.3617993495449115,0.1387073293006488,-0.42432083459605424,-0.6352484486164909,-0.016936963429555446,-0.18484630300480548,-0.5746248203209304,-0.12475809529884264,-0.046392898800149594,-0.468626213112899,0.6406433762208614,-0.6470372115251525,-0.4387931008310758,0.4542753953463514,-0.32495767647868135,-0.6397201243509237,0.2591731125083905,-0.13616627499395775,-0.608771642096781,0.15048609675536237,-0.04505037649530431,-0.5254532069187006
25,p,0.0,0.0,0.0,-0.06525487858487486,0.05391920520461201,-0.26749686754708335,-0.20832164982038748,0.09659147769171618,-0.40138150361862207,-0.393840576745045,0.18691853750790774,-0.48301242534242655,-0.578108985811318,0.24329030752226274,-0.5631804141320992,-0.41070535067266056,-0.2601863089105871,-0.33196669618117597,-0.6995494787903965,-0.31802534900639473,-0.44446212509740246,-0.888615456222603,-0.31699111022773413,-0.5239507851879518,-0.9999982359937594,-0.2923582688771304,-0.5666682165786735,-0.45355888963202734,-0.2284326602316869,-0.20632065544543524,-0.7216349689479946,-0.15181077566287504,-0.32143213333965254,-0.7465911249170482,0.001945880859723634,-0.367119906072981,-0.6950088798317774,0.12472941750669429,-0.3739922605741566,-0.46886570767057634,-0.1658143466459167,-0.09261334213915481,-0.6870475596384767,-0.08281816980278998,-0.19388301807395603,-0.6997096115266238,0.05450117151782163,-0.22599044654551606,-0.6583822227093055,0.14203048216902772,-0.21969882292770723,-0.48061617004914303,-0.09726712638705222,0.005077886612928868,-0.6354815591413524,-0.046674329177203086,-0.06970924828195729,-0.6631405201776808,0.043285991975849335,-0.0851281684358749,-0.6360949632012016,0.10888573948707063,-0.07361843087647592
25,p,0.0,0.0,0.0,-0.26431460750070623,-0.07172532169677204,-0.08877047774196792,-0.5295869223592675,-0.13501913132160576,-0.17044920417338838,-0.7146453911267834,-0.1582355621597233,-0.2525121928268688,-0.8359666995297925,-0.18129187681799824,-0.33369205105688143,-0.6091710999463884,-0.6486317656877151,-0.1737043877020188,-0.7576215952846069,-0.647033759706112,-0.30922647732973013,-0.8886148593903731,-0.5869797282409456,-0.40117645323091444,-0.9999972133778691,-0.502911134948877,-0.4569075969837647,-0.41839769605653504,-0.7189596003428372,-0.2039288911294493,-0.592575821945568,-0.190603529592204,-0.35602751071462035,-0.6614166855425567,0.13154673624298663,-0.40455741266948864,-0.6979585529142013,0.3285975996038101,-0.414375989282781,-0.20673855662378815,-0.6336276837479858,-0.24079973164289958,-0.3751544516620498,-0.04028317126267566,-0.3616927832459071,-0.3888419766520673,0.15963815664175712,-0.3265771997444188,-0.3771815656837186,0.22357650032870607,-0.2814001663060128,-0.024432832127616592,-0.4681203306747327,-0.29078429905737496,-0.15978099887688638,-0.022965709496341226,-0.38924954183667626,-0.17020233650329986,0.09038043455684315,-0.3582388663052625,-0.1446730241254439,0.0753991077173612,-0.3051439507447529
25,p,0.0,0.0,0.0,-0.08849491925681473,-0.03209665633325553,-0.2545336251417686,-0.30701218365099364,-0.07340004400790835,-0.3568344041289433,-0.5575682880672289,-0.028776864392884013,-0.41206911378961997,-0.7610113258950726,-0.027835284467641025,-0.4609936290746517,-0.35156464152821193,-0.4838354131071274,-0.26752586225169345,-0.6311593323889202,-0.6672631236836333,-0.36385758030653353,-0.8337499237712861,-0.7767021092175549,-0.4337439068302566,-0.9999971131049367,-0.8489667983197169,-0.48007972259220044,-0.42558827574976804,-0.4290101496146005,-0.1713424813211781,-0.7324996250008727,-0.4949890140883603,-0.3008304665153594,-0.8363351388291901,-0.348172923343551,-0.3642459045931366,-0.8352127108590951,-0.2164879290783249,-0.37962211814207447,-0.4835580754893441,-0.34000701465800415,-0.09229870067665194,-0.749953526197352,-0.39015427609595554,-0.22194658410649332,-0.8215223762059116,-0.24141957859557983,-0.27080629264091377,-0.8023595384181402,-0.12392410088469397,-0.2686890498608221,-0.5074004209647951,-0.24420087010173205,-0.02997306941459014,-0.7241992847881701,-0.2355205511116322,-0.14349618422283247,-0.7796304150418046,-0.14906731336212548,-0.1815737637263789,-0.7560807646417991,-0.06750501720620888,-0.17798756076275127
25,p,0.0,0.0,0.0,-0.10611897150028902,0.03631788159402437,-0.208604422940202,-0.3137211076190206,0.05488731188078564,-0.27724046959666426,-0.515319567106545,0.11429508952504527,-0.3042541676419776,-0.6808362147200261,0.13262379726539442,-0.31832015171457884,-0.4084640409379232,-0.3045790383385953,-0.1822603645725733,-0.6920744435290895,-0.36560808110851273,-0.23632962079573033,-0.8733451328886769,-0.3958133732000005,-0.27109059626127796,-0.999997945750683,-0.41164645177403614,-0.28906281178703963,-0.4498097300406193,-0.2677482438519359,-0.08732580827038738,-0.706737887248292,-0.20785951088605525,-0.1691883711570289,-0.7269556425196924,-0.06121748224037941,-0.20418592141911088,-0.668640789315552,0.030454218305554847,-0.20285411107459161,-0.47507029206379175,-0.20949926487463685,-0.008089220651038535,-0.691639404257776,-0.16005061732067447,-0.09210005204391096,-0.6930105187413585,-0.04252169098317188,-0.12636833298430894,-0.6391822146448651,0.020253875897642167,-0.11981828596514266,-0.4690352700755746,-0.1556931229250919,0.05671348819529523,-0.6409183923390925,-0.15071937391298224,-0.0058841195535395095,-0.7048498804810479,-0.10280285312568066,-0.02966703420374099,-0.7167469740013239,-0.06416333358530805,-0.02412808922304614
25,p,0.0,0.0,0.0,-0.28630186769872606,-0.051972676150205836,-0.3344537340901619,-0.4529730502377006,-0.17074749334562542,-0.5560543547267449,-0.34428121252112226,-0.2594985063793528,-0.7294265954378536,-0.09403439943898599,-0.31037555046076154,-0.8796015673188946,-0.1388323594845949,-0.5012940704636761,-0.5040038056902764,-0.17107233059733282,-0.6092627176363925,-0.759440493508007,-0.11162660905799576,-0.6724766521909121,-0.903057816236551,-0.036186447914082626,-0.7192751841119948,-0.9999984611422457,0.28096587811293544,-0.5265883809078826,-0.45086175212315177,0.26616461806189196,-0.4745967180822276,-0.7690914114665411,0.1787715192150634,-0.2526039125299343,-0.8483199647009936,0.08622275833767691,-0.09791850455286466,-0.8427266919044054,0.5935082026516537,-0.47323710701853744,-0.4153266755892753,0.52440807767713,-0.3597778710258774,-0.6967741456802115,0.3890440884925316,-0.19452656160745357,-0.6492150919258571,0.2589042784716339,-0.10357103045254555,-0.5585931117142878,0.8151528732925096,-0.3820293374216711,-0.4098680063976231,0.7698602048699181,-0.2841358732668627,-0.6303729720346416,0.6125733930486301,-0.16182650757658373,-0.6120388145039952,0.47408733401407654,-0.09598993528718637,-0.5430837037028301
25,p,0.0,0.0,0.0,-0.18993820916121498,0.12275385297847692,-0.1527908067648353,-0.3884871278920606,0.16010422008997527,-0.22134129396758082,-0.5658584643266349,0.18550663968406794,-0.26316991657280775,-0.7131893620281421,0.1955313493323114,-0.29718290447778195,-0.4624766243132775,-0.24225826032175202,-0.17374590653125493,-0.7342908764880165,-0.3071143191722487,-0.2144111927081686,-0.8915923111074826,-0.35166852934159504,-0.2260361520957293,-0.9999976300714544,-0.38681660192506007,-0.2270196661364228,-0.436357245938066,-0.30186860489459366,-0.11232581666549088,-0.7193180847464973,-0.1988672453219699,-0.19539958378406516,-0.7372294116164224,-0.048645699208005794,-0.21505919956237704,-0.6706923030221164,0.04309013386417321,-0.20444485823799574,-0.428244120312183,-0.30655119116891305,-0.057891060230041896,-0.697585849971837,-0.21521801616107827,-0.1465979349170395,-0.709811724078121,-0.08259490878775583,-0.16267272147507,-0.6476530716712957,-0.005641803810165569,-0.14267995576564887,-0.43123555684213144,-0.2847757312170245,-0.011586159753573898,-0.6727934562857854,-0.32062529474858054,-0.07124478833259645,-0.8408764649312379,-0.32164045074907516,-0.08719189463877318,-0.9491173233965559,-0.3209302723879137,-0.07934422951715922
25,p,0.0,0.0,0.0,-0.4373965992887429,-0.10515928317006208,-0.2535349399749572,-0.7718507674832641,-0.3071676786812324,-0.4473395554100813,-0.7043050876029233,-0.3947757518203989,-0.6217159726984859,-0.41327361640637433,-0.43524768680966314,-0.766405773774361,-0.5664914228706321,-0.8317488535792803,-0.40752614026911427,-0.6692517227331471,-0.9446201293045378,-0.7114793760636575,-0.6404507924799075,-0.9981954806366636,-0.8950918532675962,-0.6159024678875265,-0.9690616020989735,-0.9999975247833013,-0.008007356448169745,-0.9201184255863724,-0.42105891863471745,-0.03622109974135054,-0.6399441593088416,-0.7953422143850917,-0.08902019876434329,-0.33229072357585204,-0.8898275303759328,-0.1759673177374134,-0.09121462560954825,-0.878205359530305,0.4437937651635251,-0.8520894229720736,-0.4555519478074324,0.35792431130345753,-0.4991463897907136,-0.7476594612384512,0.19350753645460936,-0.2591956843197186,-0.6743917329529838,0.04648639659912358,-0.11431703919638739,-0.5648708899587458,0.8042308088062395,-0.7014976552755464,-0.5248362100832691,0.6844095557641545,-0.3798992669132188,-0.7282557353623347,0.45910119808837657,-0.20322887393506153,-0.6862003872954745,0.29809040267669407,-0.12134189022734304,-0.5962620081175818
25,p,0.0,0.0,0.0,-0.047286553585741554,0.045438189354801845,-0.18727175157646206,-0.15849708943011767,0.14128014724330454,-0.30864364899134966,-0.27376092229380006,0.2854551379699246,-0.39427254143478435,-0.38398834973517015,0.3952101515002688,-0.48034151718622936,-0.36829302479804393,-0.1332293252870559,-0.33597182597670394,-0.672472384908231,-0.16967308353373742,-0.45447029624453084,-0.8500174326276542,-0.18276138620951618,-0.5304454570123633,-0.9999975946008417,-0.2075712171107519,-0.5837774032431319,-0.38843721275766935,-0.10461989582343661,-0.27957191341055193,-0.5469897875242262,0.09619694934334343,-0.4239253317888478,-0.4547651294764471,0.26912395394466476,-0.46179009530886944,-0.3703935820698014,0.324655886596598,-0.46329637165158216,-0.38605736495520515,-0.04967184956077599,-0.2254901803514225,-0.5107559989809429,0.15161604747388743,-0.3354735690892099,-0.432064314851749,0.271309244637186,-0.3213990754917341,-0.37800324542082187,0.2901716783131781,-0.2908850616743037,-0.36560965643423166,-0.0028367774335536057,-0.1846855004730386,-0.446425554373975,0.16404763029550706,-0.26983620824371174,-0.39166941282145346,0.2597305875687358,-0.24956886290940614,-0.339415416208302,0.28111251431254536,-0.2097131865906033
25,p,0.0,0.0,0.0,-0.38857488171788807,-0.1162124574918944,-0.2636495923666111,-0.7053469861778382,-0.3589977851138475,-0.4574099105711828,-0.6982220076628675,-0.5541346671008901,-0.6286910961060961,-0.5109533955410906,-0.693790575422061,-0.7650593802858269,-0.47726515517258455,-0.8300713441589607,-0.4227937705431581,-0.5592986334408901,-0.9999976712680608,-0.7292736147557927,-0.5949600312678684,-0.9921574049564686,-0.8891879947607931,-0.6543671933808819,-0.9064725686562563,-0.9607863148461849,-0.009743293433045398,-0.897857051548355,-0.41246080624570736,-0.09946987187771435,-0.6430715939130981,-0.7580852114911354,-0.18265395960414701,-0.3322069553483031,-0.8333882594542208,-0.26759134045686384,-0.09995457279185631,-0.8120020808468671,0.3716533093257051,-0.820216765228231,-0.42602847594934157,0.2357950576514196,-0.47576149967347237,-0.7245714467953317,0.10730975648039645,-0.2380187549581238,-0.6737628677949372,0.019992038864615404,-0.10446664971511305,-0.5720418849706151,0.6832007904297674,-0.6747226191278638,-0.4682609232611898,0.567652645244598,-0.382033848433672,-0.6753920014230255,0.38887379449526627,-0.19682604801643852,-0.6449017877045282,0.2862085332291035,-0.11073167275655384,-0.5592906906255753
