gesture_id,label,f0,f1,f2,f3,f4,f5,f6,f7,f8,f9,f10,f11,f12,f13,f14,f15,f16,f17,f18,f19,f20,f21,f22,f23,f24,f25,f26,f27,f28,f29,f30,f31,f32,f33,f34,f35,f36,f37,f38,f39,f40,f41,f42,f43,f44,f45,f46,f47,f48,f49,f50,f51,f52,f53,f54,f55,f56,f57,f58,f59,f60,f61,f62
27,r,0.0,0.0,0.0,0.13765772951501792,-0.07558782069504585,-0.14687651845010896,0.17911761336845403,-0.25436880652255456,-0.17657033802403507,0.027883428058197907,-0.3979595398643364,-0.18411829776706082,-0.0854818940892217,-0.4834190273243199,-0.17759340434538737,0.23883022408345592,-0.455114475345558,-0.06075777062110919,0.19274280546836517,-0.6638390920300397,-0.1380549455315222,0.13314313321790724,-0.8118340859946532,-0.19117363230043,0.07190883323780747,-0.9327728865461754,-0.21915645676947404,0.1209370276364141,-0.47033928953212606,-0.039503498481578525,0.14409846605145502,-0.7250501555057443,-0.11224133927960057,0.13598379588021414,-0.8762999198359926,-0.15490185444678195,0.1323658419686111,-0.9999987342732035,-0.162168910879573,0.008343564828172296,-0.43479513301354966,-0.04210608127783028,-0.0802814436964737,-0.5291176871499684,-0.1913822138768147,-0.06816692615503157,-0.3725592491621837,-0.23559641565463482,-0.023946952972710683,-0.2671775523543998,-0.20844224039062395,-0.09741380137453248,-0.3636933156442971,-0.05381574705306465,-0.14728281019354147,-0.42544990887091505,-0.18001667752533665,-0.11663435127711502,-0.3053454723465297,-0.19283860705569827,-0.07457333603724857,-0.21411110999878305,-0.16550342470347293
27,r,0.0,0.0,0.0,-0.22692545299180292,-0.09631334341747115,-0.08436980574020103,-0.38105454690391677,-0.25955398745364805,-0.14720686529763824,-0.365492009598067,-0.41207787991919,-0.22811975335698503,-0.23541131698151357,-0.5183796720282464,-0.3023481916034867,-0.28095650137024547,-0.4953182135853592,-0.035991084792441064,-0.31106362146490013,-0.7206499991360078,-0.16046381326374082,-0.31622710846218005,-0.855527536503699,-0.23113003901216464,-0.31106748109317217,-0.9654784725057506,-0.2689548897513011,-0.11797689835551253,-0.5036339173356124,-0.07706738343962272,-0.14414297894925118,-0.7521529134037782,-0.21561296453700735,-0.21804043163172823,-0.8892868971698461,-0.27550261447658,-0.27629487824682386,-0.9999984940972744,-0.28415356733371633,0.05967025699994767,-0.4690108975245039,-0.13620355876750542,-0.10294171642187579,-0.6128727968008756,-0.32152064820803233,-0.189307765556197,-0.45719567779589393,-0.3137383361090921,-0.18569483933780082,-0.33556371146678265,-0.24567888534382817,0.23265282719168448,-0.39352967330824434,-0.20318179750352205,0.028846547549254958,-0.47239417586071514,-0.33579285792726904,-0.03586474300913317,-0.3647427704796116,-0.31362591321581995,-0.00040229892825985786,-0.2758020351320664,-0.25610643407045297
27,r,0.0,0.0,0.0,-0.39114356832490516,-0.07901700608288333,-0.12250720697559138,-0.5859400073982921,-0.2999303839910197,-0.17326832598991715,-0.46679833246583735,-0.48842677055546463,-0.23484721382175347,-0.28046030111619497,-0.6220223258817025,-0.29046054516002995,-0.4355066657746073,-0.4579280576941783,-0.05824134555764912,-0.47524165365562,-0.6906702123791849,-0.19516458508802045,-0.4728236512510514,-0.8403432020326951,-0.2645766769273551,-0.44954811863005006,-0.9654427500691222,-0.3033692702186369,-0.15531754860944333,-0.4679840966692174,-0.09489928186994556,-0.24418452002080204,-0.7249475648612789,-0.24002740645988602,-0.3086058416321671,-0.8776637839893716,-0.30157203431444346,-0.33624040170992375,-0.9999984327551766,-0.31268515823259896,0.12515228084399074,-0.4357667333321926,-0.1533619480261188,-0.058916978676960524,-0.6058897766625568,-0.4008599239680569,-0.1913540470005421,-0.44845492876200305,-0.39977028387270686,-0.21809653985805388,-0.31371489869375463,-0.3180174539600413,0.4107160808250504,-0.37194116633595,-0.21962660587920188,0.13874520123616263,-0.4635126908820831,-0.4395256362391914,-0.02970319011689079,-0.34203601283561824,-0.4362662909979157,-0.06633478921761514,-0.23158147242818242,-0.37399405315555917
27,r,0.0,0.0,0.0,-0.35523497041772356,-0.10256213490913388,-0.05435644230590454,-0.5047024187921667,-0.3177748865690801,-0.06477958663986658,-0.45255834299634085,-0.4993091753612888,-0.09946698382499537,-0.35821536618581534,-0.6291475139125172,-0.12570146432663362,-0.30267275274053995,-0.5157509368874468,0.06424902977244275,-0.35669588300576965,-0.7261084751333249,-0.029987066183345897,-0.4121228916975197,-0.8661225461537415,-0.08657476080083272,-0.4423723210988285,-0.9795429611304048,-0.11901023977567658,-0.1187384664313256,-0.5236108496061914,0.012237781009988671,-0.24114015558007962,-0.7580150146383287,-0.10597560594207145,-0.3447545591297397,-0.8958326419002627,-0.16325665554952756,-0.40868780562619444,-0.9999984377560044,-0.17340110070725007,0.07485726716486135,-0.4935411360118128,-0.060216830438553116,-0.17221974888281064,-0.6240447955166769,-0.2525823604498782,-0.25789600074187263,-0.46500384886025886,-0.2478962242256722,-0.24716366141469198,-0.3231557454391695,-0.17853481542393598,0.26194533309320595,-0.43172793077664556,-0.14002537284096664,-0.013558952372399232,-0.4992125199169398,-0.2919666837914037,-0.13612089587541593,-0.37906905765511295,-0.27563931649779183,-0.13761747227385288,-0.26589214362929037,-0.2186965260266829
27,r,0.0,0.0,0.0,-0.2980623473671015,-0.1560433584355168,-0.1666547437210374,-0.45728790414912995,-0.3552657967486577,-0.23266234563774763,-0.2886180780308063,-0.5390542560870933,-0.3170261474280801,0.016404826311926253,-0.63164316781267,-0.38421129798382586,-0.3367379128574563,-0.5511698560396001,0.08711317994301164,-0.2875444400656305,-0.7579207780009989,-0.008688157500017023,-0.23590884454221428,-0.8818323651804482,-0.0904475177363321,-0.16756516499487528,-0.979047679348713,-0.15706609412771358,-0.06181021932149547,-0.5537459193550675,0.07784599937411037,-0.07098588897002231,-0.7979940762489462,-0.032499681619767816,-0.1535163658104506,-0.9216738350590155,-0.1087980751145465,-0.2045337805261091,-0.9999985817922961,-0.1575144189173408,0.20687746601571483,-0.5148120247865632,0.026113506671828778,0.2685080553335886,-0.7360194426417829,-0.18043551380711695,0.11967322781046713,-0.686924872016657,-0.23139925085110497,0.013546215567232874,-0.5931219573277803,-0.21866973894504413,0.47132131855206794,-0.44727541227902545,-0.04254099882221821,0.4044640455852857,-0.6121323908075342,-0.2287473202752845,0.24348428558671303,-0.5922366984040496,-0.27139706223164795,0.12868270800623155,-0.5159579374120197,-0.26749490683062077
27,r,0.0,0.0,0.0,0.1769403988099827,-0.10843315899665384,-0.059700878979026144,0.28046602099949697,-0.292343858916814,-0.0662700319350792,0.18864396407171063,-0.46129958487477,-0.07405055465801083,0.07292987909264867,-0.5447327532077049,-0.07809152707254147,0.23374185461249622,-0.5148369245956705,0.018807174843298625,0.244657293304465,-0.7176036972521832,-0.014870351905443934,0.2300083050118542,-0.8421891142829562,-0.050812469282824596,0.20737450939757504,-0.9557688634922076,-0.07662771576650729,0.11201119445671806,-0.5141743254363994,-0.0009972854211366751,0.1595607355042173,-0.7549049707348012,-0.028515108307621835,0.19104142331283602,-0.8810562867426847,-0.059251124251618534,0.19631182644799045,-0.9999977439737765,-0.07957804693931067,0.002519423206109437,-0.47149056837230485,-0.036031053606238206,0.02874248249553127,-0.5952606623482932,-0.12161361830884934,0.07370778596964178,-0.4374361988571676,-0.14591046721633721,0.08820119288685396,-0.3355257587684317,-0.13555282540667216,-0.1044253585618498,-0.4076386003183647,-0.0765347552223584,-0.060990991958018735,-0.5347264637629877,-0.1406693700587117,-0.02025502765334428,-0.42444387654978677,-0.13370555710874418,-0.01209863706891996,-0.33090464229802424,-0.11699605687959323
27,r,0.0,0.0,0.0,-0.26605926284401954,-0.14029692173665903,-0.20758346605433503,-0.39319453994458253,-0.32501182121144456,-0.31279429006477344,-0.30101089118697893,-0.47779217682946584,-0.4279111316822762,-0.056967589224600115,-0.5735551205412812,-0.5228369027608956,-0.19402093072954119,-0.5435672513723047,-0.053416018459016085,-0.13366141015001082,-0.7561504618198086,-0.19571884663234135,-0.08007230933102057,-0.8761387171285739,-0.30258486868165313,0.004122956545569663,-0.9775780957786394,-0.3878493875449884,0.07337472881516603,-0.5401521438940653,-0.06590278316016547,0.11432163332461848,-0.7740588637180094,-0.2291961783464214,0.01995835194441699,-0.9040293066983115,-0.32853051878109707,-0.04975231554470988,-0.9999986615117837,-0.38815921362027467,0.3188792035775624,-0.4940938072183925,-0.11648045889484433,0.35748224809838713,-0.7071538634112258,-0.35869869100920776,0.12567681682444384,-0.6402982071053601,-0.39019272896287077,-0.02503228745674666,-0.5520006876229548,-0.35604644098735766,0.5439764834704586,-0.41569676062508254,-0.18763688167683054,0.4304449924014434,-0.5819291206065089,-0.39585344721853266,0.20227633765432518,-0.5549620456990592,-0.4249494145956558,0.05451470970928805,-0.4836869699415433,-0.4064012958480453
27,r,0.0,0.0,0.0,0.15394311576307662,-0.14149073720062602,-0.046899808324382446,0.2065630848041905,-0.37370866482620496,-0.039160361218173206,0.09513351041107732,-0.5282270212443098,-0.0346297523461215,-0.043507594712078074,-0.5748918084753207,-0.02933665378484304,0.25399271950817215,-0.5181862014686411,0.02125117073666134,0.25056236383012237,-0.7238392110369337,-0.009530543963138226,0.2231474486240865,-0.8801879340134164,-0.035256773446873904,0.1926800792179762,-0.9999968550919035,-0.054338337788546916,0.151598851931946,-0.5183677010252133,0.009061442693199976,0.1644981139881928,-0.732929700446548,-0.03828333595962427,0.1588856397064175,-0.8803945520214017,-0.08019976932868154,0.1483148955863857,-0.9929757792941334,-0.10364844122323297,0.040714010522461916,-0.47554852058786956,-0.014389889396488558,-0.002989845522671791,-0.6471447527882411,-0.12809773896514284,3.430355678049766e-05,-0.55810818410429,-0.17675586979632604,0.009385678076500098,-0.4521376552430895,-0.17215300730045108,-0.07340492523201629,-0.41558843392581396,-0.03761205588973678,-0.0843959347853917,-0.5580907511492047,-0.14358969617817957,-0.06522624498125185,-0.5185481227377884,-0.17576506170189862,-0.051705582429227175,-0.44680860706979575,-0.1757099042069114
27,r,0.0,0.0,0.0,-0.3163499443277167,-0.06504244826969977,-0.10184165885914503,-0.5096395053078212,-0.2592972435153458,-0.1596164673754457,-0.4565708363616735,-0.44658600992473035,-0.2311982004019277,-0.32340226733739164,-0.5862455491053836,-0.2972742175213762,-0.48510860157425023,-0.42403114580258444,-0.049596756604542026,-0.5593341954768112,-0.6386065882004954,-0.1990701921073208,-0.5867483735305496,-0.7739277957906805,-0.28515491043448826,-0.5933294721775394,-0.8938013326697734,-0.3341991770022335,-0.2611516867915062,-0.45783933426728585,-0.0979011486968267,-0.40214371730974136,-0.7075836629388718,-0.26546152672609885,-0.515448341618938,-0.8595198484296439,-0.35011221041867474,-0.5895708717193908,-0.9999985211685527,-0.3754917763602393,-0.02038825453838166,-0.44079090223211115,-0.16446800249109989,-0.18858674889212343,-0.5868334336708398,-0.40268356401609995,-0.23997827867837354,-0.41723303361632597,-0.3928850765807873,-0.22289560222402502,-0.29563484730208534,-0.3085646069302447,0.21782579749967285,-0.38692676672010995,-0.2380237257525699,-0.0025890014928528645,-0.45864780225354645,-0.4198178054259612,-0.06287927634963636,-0.33542324842791305,-0.39305286101295556,-0.03643711974361792,-0.24470083529632866,-0.32060987202972974
27,r,0.0,0.0,0.0,-0.2370784597876773,-0.15432083176978778,-0.26292517906543583,-0.25928575870101195,-0.3382738848657215,-0.3726848646607785,0.04255980050992946,-0.45154505997863487,-0.4786311981460802,0.3709886276116467,-0.5365360806621745,-0.565339753002192,-0.03559452683412502,-0.5626781040450192,-0.08704954685153157,0.15322297588365763,-0.7742031849685296,-0.24204298464555485,0.26547963344797115,-0.8876097952660634,-0.340822138014176,0.40313678598706393,-0.9800504989053697,-0.40559810719569667,0.30033765876278506,-0.5153080279870891,-0.0776328599826258,0.38445719973227976,-0.7697634866741534,-0.24465202299811897,0.3338102569190934,-0.8995637367238443,-0.3240918421213524,0.35942512169529667,-0.99999860599672,-0.35356623575842666,0.5785387274110773,-0.422714648181071,-0.11185762714106735,0.6145709674676448,-0.5825597814246491,-0.4202309649141802,0.32476451601156164,-0.4569264067069407,-0.4342895525231513,0.18847426176829324,-0.3501500549536834,-0.3524294110983167,0.8114798500312707,-0.3060228622212489,-0.1648702611921199,0.7622112718056128,-0.431349430546803,-0.41057800908075437,0.5311728888957334,-0.34967320677912045,-0.39584490439893044,0.4244617620626769,-0.26109103493184144,-0.3224364170288439
27,r,0.0,0.0,0.0,-0.30861816494613065,-0.08702354964597385,-0.09004609749309556,-0.4496983299795189,-0.3090900268072261,-0.11258653346600961,-0.38802816340154034,-0.5046622666205062,-0.15376278390890566,-0.28964740894165264,-0.656005004644847,-0.18717117232030145,-0.27656289100578485,-0.47167340866691954,0.04146167987341459,-0.2941387062397938,-0.6915267801639072,-0.04529239673047907,-0.2906198390020197,-0.8324075309212774,-0.08832560697935966,-0.27004648372823714,-0.9450918521092734,-0.10905737807760037,-0.08656712572012673,-0.4777681958844758,0.007613591490249383,-0.12975972808300962,-0.7333890253079219,-0.10047893309683473,-0.17939835352753,-0.8860742699321251,-0.15447642301922274,-0.2053223921073369,-0.9999984674226375,-0.16310054236462831,0.1121751890453544,-0.44942323328129247,-0.050067114879802345,-0.03811174036596912,-0.6229421542205437,-0.2442701000434278,-0.150848221678384,-0.4760897086583219,-0.2566803044969336,-0.17533342642330288,-0.33635351180446443,-0.19563950782651132,0.31785507440472827,-0.39474553788350386,-0.11537393717266592,0.11013500652561667,-0.5127281767184645,-0.27005263944158014,-0.028306413439427205,-0.41721668584525906,-0.2661779232288961,-0.07052875527426343,-0.30847013433033255,-0.21852202195339634
27,r,0.0,0.0,0.0,0.11396750760442789,-0.058224295301004425,-0.19695630234993006,0.11437840189271506,-0.21046472016780196,-0.2729469900347704,-0.04294075553449619,-0.33417369905539246,-0.3192338872004546,-0.18260909767831868,-0.43965803015742344,-0.35444751248412903,0.1995898550072875,-0.4686276568197219,-0.15842674265386247,0.10357310371923299,-0.6794010138938876,-0.2634725791080082,0.013381674243015514,-0.8094110568826435,-0.3265014110495311,-0.07136838382189557,-0.9185565219307789,-0.35980120209121075,0.07234372972487897,-0.4709815174772321,-0.11847729144908266,0.04668607010167051,-0.727002681446878,-0.233643868657269,0.007750591983592838,-0.8746893038602813,-0.28912323636490705,-0.028241000002712877,-0.9999987230411729,-0.2994081141074984,-0.04454551522223288,-0.4188896966972215,-0.10109444987422166,-0.16728584612244046,-0.4885289146603689,-0.2836933389397004,-0.12788874461666963,-0.32937296804873795,-0.31895276502692704,-0.06968758756955781,-0.2355270264293392,-0.28058267090384226,-0.14488057634018242,-0.3368495163377901,-0.0949304932470886,-0.22307055886314997,-0.37945579471198654,-0.24702381133687643,-0.17736156622787094,-0.25722134672130953,-0.2560490052423418,-0.11978586510629395,-0.17954919679820522,-0.21999585712828723
27,r,0.0,0.0,0.0,0.1168255808254657,-0.11624750524931002,-0.08367361760706697,0.15844149601009336,-0.3363276447454835,-0.08679614642439576,0.030222254670642695,-0.5039194952151288,-0.08457708494293359,-0.10266419326636528,-0.5664322011797024,-0.07546520321314595,0.18218585647733476,-0.5234076984725237,0.011751700604353453,0.11362201853109483,-0.7339318779379466,-0.03316938318383332,0.06836864413144754,-0.8704291433818914,-0.07357578647304494,0.027884052996552527,-0.9846923775124775,-0.10019627604375417,0.08274724821759454,-0.5183636725456281,0.007260629308666268,0.05384796468253704,-0.7452199201633866,-0.042032259281912496,0.040207946277589446,-0.8744082020830563,-0.08542859373085776,0.02260540682618475,-0.9999986161805229,-0.10564395890298318,-0.012947540199965794,-0.4752126011045391,-0.015539185175096733,-0.10177342816902732,-0.585515334999343,-0.1359022582375026,-0.0640431195021038,-0.4253808120539324,-0.18737144006831252,-0.013213874798725395,-0.31889794646834346,-0.18147170392313527,-0.1043064937296364,-0.4101946260363964,-0.043411640419567354,-0.1383140154818138,-0.48715320021387093,-0.14679487111692888,-0.09849761158276626,-0.38117223801429995,-0.16853515445877948,-0.06226591961601716,-0.29617974541366576,-0.16119455968180238
27,r,0.0,0.0,0.0,0.14413422731960063,-0.1144487619816232,-0.14423024480092608,0.17452275687941576,-0.33343320092347295,-0.14218421763365865,0.028975608930752433,-0.48180735867828534,-0.11221201982438483,-0.10052907269991913,-0.5510739557066596,-0.06535380552792593,0.20639917672743413,-0.48675933654826636,-0.025119464621605393,0.17577839824792402,-0.7018292491623576,-0.07053354071113614,0.14446923543112294,-0.8482948028233368,-0.10215072091889828,0.11282104761896836,-0.9658217759190622,-0.11923056574486103,0.09184933534176759,-0.4902305449695631,0.0008667948389508754,0.10975496019061129,-0.7574665593514609,-0.03200458609391562,0.12161020854439443,-0.8902851884014377,-0.04874082758988543,0.1182786416119206,-0.9999987746885876,-0.04491557194063463,-0.02699141438664122,-0.457606144835049,-0.002492181120612441,-0.07779517174453258,-0.5958339461692491,-0.1306085078774015,-0.04262616699576591,-0.4325371014986442,-0.1800115595847896,0.00016487482270800428,-0.344696470151914,-0.16360364813097272,-0.135349886654772,-0.39399480900124784,-0.016140083705888642,-0.14213075173309964,-0.48909055333826773,-0.14157569625035718,-0.09406932096677041,-0.3749474031819476,-0.17378712420989786,-0.06775601134652481,-0.2953103441323056,-0.16737597677110672
27,r,0.0,0.0,0.0,0.1582879814655539,-0.1842601475241147,-0.03698473026617774,0.20207466578935482,-0.3956047515806633,-0.046154395251966504,0.07171377548434046,-0.533807840207352,-0.0651448932314272,-0.06489020610904495,-0.5676732636826436,-0.08396825245441364,0.12301827331653431,-0.5458346504882569,0.005254068172168483,0.1079023877847064,-0.7474494653027584,-0.03883666209296691,0.07921116535471076,-0.8784452435428669,-0.07562043446320596,0.04978564931393271,-0.9937028535301454,-0.10326540916483865,0.0066844333412663425,-0.5161699544990732,-0.029903115504376312,0.020075319258542175,-0.7565880859598536,-0.07605987177251615,0.04033796157207317,-0.89362606986122,-0.11068744698008248,0.04241941749398899,-0.9999973230329172,-0.13357770800048313,-0.09566176754325204,-0.4505925248825011,-0.07617613093856489,-0.09767971871569124,-0.5995646148953102,-0.17167986958536888,-0.008766208382526265,-0.48739432500256213,-0.19780479408496027,0.042657161405346186,-0.3806147586300843,-0.1886243488488285,-0.19324064454620654,-0.36323216839708844,-0.12613157667475947,-0.16382932931624108,-0.491173017156093,-0.19918903407488672,-0.08597298513692223,-0.4202254472169453,-0.20234081627692604,-0.03564259910260465,-0.33142346909454456,-0.19238963798990705
27,r,0.0,0.0,0.0,-0.3618355648089018,-0.12243538980686865,-0.2597167492917602,-0.5268355864051737,-0.3131971717333243,-0.37221647258508644,-0.34141726229450386,-0.48972444747810906,-0.4862818343035858,-0.04095573746108717,-0.6089324313919934,-0.5795115834275917,-0.39467288187861904,-0.5303742961739565,-0.041838443845324404,-0.3034727595128978,-0.7387353606997205,-0.1958445455320096,-0.24498640305438663,-0.8682761120146377,-0.31042070379928993,-0.1623898516652102,-0.9724354170441296,-0.40429918316822794,-0.07689803560427776,-0.537646269803675,-0.03542340333885403,-0.03810886221728367,-0.7889420131139815,-0.2111203991345605,-0.19050480243978207,-0.9180904504991422,-0.3123183968039225,-0.30005812075723587,-0.9999985463923279,-0.3731453589898833,0.21100762399978013,-0.5016917984919486,-0.0755982629044899,0.3580429513362427,-0.7591554826912661,-0.35395522521064054,0.1531204386943678,-0.7034286232525833,-0.40262539415497645,0.025251916840861213,-0.6005636596092737,-0.3782366026162873,0.4748935860008298,-0.4338524197555686,-0.13872473554387046,0.36921852654463144,-0.5990671829761562,-0.4102722233980104,0.1695083827221375,-0.5632292015227685,-0.4757684621351992,0.05605783099603053,-0.47035078477181086,-0.4744287637829771
27,r,0.0,0.0,0.0,-0.3123145260130753,-0.08347923225787451,-0.25293285750619876,-0.4789037540620331,-0.2655331763435286,-0.33869686458501214,-0.31193651397106437,-0.4276914012141009,-0.4057008029494631,-0.09891902897248463,-0.5522659071298284,-0.4490487916027471,-0.5084200701597172,-0.4928964915382926,-0.1086475300197886,-0.5023882282055228,-0.722892189539408,-0.2557086712943249,-0.47303670250854435,-0.8567929380198732,-0.3317762886687091,-0.4188694644649368,-0.9703420099218368,-0.37111435687437366,-0.26849004846189517,-0.5154115543795643,-0.08079300569088996,-0.408198489180448,-0.7672959792377566,-0.24548065558731733,-0.4993431036042863,-0.892254809814462,-0.3028403402708732,-0.5159322937015637,-0.999998611040368,-0.30133445984201696,-0.022068501966412572,-0.48491518866441957,-0.093744295568818,0.009864491642953716,-0.5776108446141174,-0.3677585686315153,-0.07362384734392237,-0.4085129610905615,-0.3719449319535402,-0.09482083534488403,-0.31153341703007636,-0.2824927824175336,0.2185974262231824,-0.42255653067233895,-0.12588504678208845,0.20369360190453784,-0.4908923488503819,-0.3258596468363845,0.11964660648763772,-0.37167326189514555,-0.3039431858500755,0.10148157972508294,-0.30674625795928373,-0.23033488203678995
27,r,0.0,0.0,0.0,-0.35132574488339857,-0.11732935203829463,-0.2117973046152951,-0.5052495582623245,-0.31646155961921657,-0.30326517304456785,-0.31882739869794996,-0.4943082786958111,-0.40084484466987047,-0.01378770909459678,-0.6056751160923048,-0.480972299800019,-0.2997910183283579,-0.5334408126347664,-0.027848149447154615,-0.22025102118203962,-0.7522592571725438,-0.15130539018884437,-0.16726578831035044,-0.8776546422117151,-0.23330754093607428,-0.08849935831135097,-0.9831836994821123,-0.2976741244357979,-0.028840107901110343,-0.533213578068881,-0.0346118675902732,-0.01609449309854704,-0.7908516858521766,-0.1678067698270598,-0.12984535001080932,-0.9155205430127256,-0.2317474713649714,-0.19310825560017464,-0.9999985976224408,-0.2667441857460235,0.2215526568855405,-0.48614856420156843,-0.08250990072371496,0.3040778817930313,-0.71620122320972,-0.3323384920690257,0.11410602324312379,-0.6189579523607299,-0.3534739397251779,0.019270510963318357,-0.5012623585529202,-0.3075333336458545,0.45248474751689605,-0.4110893551816318,-0.1487822380871217,0.37204697113390606,-0.5865780088836046,-0.3731380675988344,0.1644988511759242,-0.5349382955289494,-0.3966956092032586,0.04897684354946463,-0.4409359487946516,-0.3722361925395663
27,r,0.0,0.0,0.0,0.14642212845490973,-0.05553346995790824,-0.12533793229681434,0.18990252979503564,-0.23363323405550934,-0.17230941283688375,0.05643235696100237,-0.3682181587200954,-0.20610640961945748,-0.07993599250440142,-0.45654197097714894,-0.23243040621843625,0.21566440039696022,-0.451448497870809,-0.08396839802672508,0.18107714174528095,-0.655747140093894,-0.16928705785237017,0.13195245573266223,-0.7985013147759945,-0.2252024310865471,0.07291698798405728,-0.9146402864567927,-0.256450448221778,0.09305766458879787,-0.4575390263369847,-0.0811806113166703,0.130269673289512,-0.7131532308326701,-0.17400133259012046,0.1419961078117113,-0.8699920907062618,-0.22306552103343003,0.14115791629800042,-0.9999988931507221,-0.23385638736547318,-0.026340193058373988,-0.4085941177249848,-0.09444837315574395,-0.07109031764705397,-0.5480375183946248,-0.255348165355892,-0.04349630091940997,-0.39374311899335124,-0.27468987160826774,-0.016538927096709705,-0.2842377684619926,-0.23182506767187552,-0.14266751867633434,-0.3177505850048725,-0.11393291172824434,-0.1522587254660462,-0.41204980221834775,-0.2522488359559025,-0.10341647139913361,-0.2920376006612447,-0.24640923715697585,-0.06817046876757214,-0.19808810821866138,-0.20225631989848
27,r,0.0,0.0,0.0,0.1353330907753473,-0.11338521374026517,-0.08886984168833684,0.16796204413806523,-0.31381691135412226,-0.10650342732521728,0.042905665983709214,-0.4505585728257628,-0.11761534030298564,-0.08419891960626683,-0.509330944560975,-0.12209808156183484,0.18357376922117807,-0.4855182377496095,-0.028705891314804406,0.15378292550311096,-0.7041341582248996,-0.07815417194684934,0.12019636593539242,-0.8498837219546372,-0.11880615002881657,0.08294864030381441,-0.9753932496686373,-0.1465158001832666,0.07750966901282051,-0.4873996656412545,-0.03649848061663972,0.10107332005267178,-0.7245371078944521,-0.08449275058530503,0.10840346800180152,-0.8728387053969883,-0.12383856203967829,0.09592454264696178,-0.9999985900244728,-0.1434954684442727,-0.03196166710463683,-0.4487894238309435,-0.0611038262250434,-0.07757776330634825,-0.5932337874056273,-0.17007455582959982,-0.03925433272743103,-0.4710939292333011,-0.21255765270544832,-0.004484516626884715,-0.3858392014078564,-0.20599883388436244,-0.1376624576790291,-0.37913465533595025,-0.09253470556017561,-0.14818324663692617,-0.48808291970651885,-0.18500593677020472,-0.09272631692978235,-0.39704238300984085,-0.19879655445433478,-0.05014597400716027,-0.31138551856664826,-0.1882493345734948
27,r,0.0,0.0,0.0,0.15146340041615497,-0.14144143566110554,-0.057275689704440996,0.1973175984284345,-0.35776998305833374,-0.055964730652296575,0.1118303957015311,-0.5344400573531666,-0.05690164588409771,0.005052792466892801,-0.6159181781774176,-0.05352934305087901,0.16022119580240515,-0.4925578178308558,0.04313322481310693,0.14607372222917678,-0.7048890000171423,0.006765016022220755,0.11406964048786464,-0.8615699665857233,-0.03248763317888123,0.08007310448772795,-0.9999979308056038,-0.06178643872106189,0.07032642032108437,-0.4963177658676571,0.033670493128405164,0.09808215298164936,-0.7153866624556511,-0.014492936668761837,0.11630913194139209,-0.8567367387548115,-0.058443843868009965,0.10945289395300985,-0.9731042074875638,-0.08222443063595994,-0.02142403246003673,-0.4646337964772443,0.007035354113082957,-0.03899426001598863,-0.6472763002046725,-0.09367615553042166,0.005232181183665335,-0.4848075962649378,-0.13066160416928946,0.03194044160528284,-0.3571393783770976,-0.12403044228700215,-0.11666581270378891,-0.4085786149939336,-0.024397288385957797,-0.10366823992178001,-0.5463224477514992,-0.11052899009462942,-0.054726508643303404,-0.44463858373794307,-0.1310387737254806,-0.019875085815866046,-0.34659571250692417,-0.12916290825752855
27,r,0.0,0.0,0.0,-0.3037720196433071,-0.11364157628013931,-0.20039524021200325,-0.4209374728203769,-0.2966115984081065,-0.2776976787234998,-0.2634178841266087,-0.44000771945895967,-0.36808056314443943,-0.045140020111921635,-0.541500320869555,-0.43955568772683384,-0.2839903219553558,-0.5415201328021547,-0.021103345766225478,-0.20565001115842205,-0.7430292846031247,-0.1431537380313886,-0.14912238998759397,-0.86350951399809,-0.24193043989443144,-0.07073563075577614,-0.967815678684528,-0.32516787577244843,-0.005019326239466997,-0.5459614386698453,-0.037895928463453264,-0.0500892807692928,-0.774369528480326,-0.19197076390760456,-0.15402983464526096,-0.9016560253048864,-0.29616148996380093,-0.2053551483870164,-0.9999986121541853,-0.3615404332520318,0.26261208857147833,-0.5012921484220515,-0.09198907052390716,0.26001643587371814,-0.7013305847754634,-0.3481776362822716,0.054925791263267736,-0.6091673769289383,-0.3870006692499597,-0.06516587195047013,-0.5092214298140285,-0.3520170564648037,0.5215210415489757,-0.4222869177326901,-0.16566797274056297,0.44675271052499227,-0.5704601962017758,-0.4008810167679874,0.2555712007083303,-0.5285211887991578,-0.4388455188693454,0.14573657620343547,-0.45378772512210863,-0.41924647148277266
27,r,0.0,0.0,0.0,-0.21392968708966864,-0.016138765981145206,-0.06507976958664188,-0.40298747106013316,-0.20779605071301152,-0.09199876813766075,-0.4232316427112223,-0.40128129812842167,-0.1307236782951177,-0.3698518288047239,-0.5468816568842247,-0.16494493663735507,-0.33206201655590606,-0.4251767519123099,-0.029079226402296158,-0.42290177009381136,-0.6474034673370178,-0.12232054063879448,-0.4750214660346843,-0.790608424657198,-0.17566556834742578,-0.5084113443970436,-0.9062723295824433,-0.20545649611097647,-0.19727250273155703,-0.4621283715670065,-0.06144766933975643,-0.3340296061153527,-0.7226881069065695,-0.1709015338487184,-0.44035979818881565,-0.8753888081941991,-0.22413783883097432,-0.5098426530825884,-0.9999982972558558,-0.23658893799096056,-0.04120609090631037,-0.46231785612256565,-0.10605620434893713,-0.2258269727260622,-0.6107393222423755,-0.2693663407659279,-0.26881002685733657,-0.43106335807566704,-0.26013746859218134,-0.24331735122389692,-0.2874605542328344,-0.19759723850161212,0.12963509242528903,-0.42577676942300396,-0.15582001709137042,-0.0691232960243527,-0.49500257182181556,-0.2830309733114637,-0.13394183177873087,-0.36181350220086855,-0.26337009845305664,-0.11757217272640348,-0.24645597462007665,-0.2101639491208117
27,r,0.0,0.0,0.0,-0.19301413617082633,-0.1562240402016337,-0.1823541603364755,-0.20344016656047037,-0.3597736993840957,-0.26296196331268934,-0.0133339507225376,-0.4981987405219749,-0.3475203307307619,0.22772765076224702,-0.594084953406095,-0.41481656613484524,0.08110068405517909,-0.5754675524374542,-0.058478449319491005,0.2558803148743293,-0.7868303274920327,-0.1908614413612185,0.3708592318457357,-0.9070236560382866,-0.28476641687430093,0.48288521576342985,-0.9999986219194527,-0.3468759424190408,0.29800704674059253,-0.5281013152258871,-0.07165782796046702,0.471435803095171,-0.741871161954249,-0.2192703617429619,0.5383169850717048,-0.884286687574713,-0.3184183540864121,0.5855239117503741,-0.9894306946772276,-0.3693393025376376,0.4826098003384202,-0.4428537110552777,-0.11545603698463357,0.5631697567637638,-0.5947685635685296,-0.3405458232038992,0.4000860407573561,-0.5364107620570316,-0.39210764848178187,0.2616444073391751,-0.45909845701076113,-0.3689631013307947,0.6319864857355041,-0.3322341282431653,-0.1743764769713656,0.5880058540355194,-0.4515920929742243,-0.3627616544279936,0.39049635986292486,-0.40783734627834833,-0.37772895908024107,0.24090027852185025,-0.33115809422359277,-0.34557463944537076
27,r,0.0,0.0,0.0,0.11496263684526013,-0.1188566199592299,-0.1277476607045255,0.13212076091929342,-0.31826557105251396,-0.13546148806178873,-0.02337760662463489,-0.4531406579754517,-0.12271335617232923,-0.1585178683903786,-0.5102248257189247,-0.09642132533988575,0.162355248253347,-0.5048625323412744,-0.01599364815648712,0.07606447784564392,-0.7040853085091338,-0.07182927951548773,0.005305858839766698,-0.8491035967836443,-0.11967538123948657,-0.05961612985793764,-0.9644572262792641,-0.14852102218831456,0.04960848949646792,-0.49513613674707524,0.0006435876355681183,0.015595714068933947,-0.7402725851329234,-0.03875102186396361,0.00042047526768445903,-0.878728059662234,-0.06838975154557199,-0.01590057867268791,-0.9999985847317908,-0.0772820505748104,-0.05815737297454905,-0.4422045893270656,-0.00934160428403618,-0.14315002247609057,-0.5518490512749641,-0.12925588216512113,-0.09594059133558858,-0.4013495268747973,-0.17999169162517983,-0.03736078180336135,-0.3131566004211484,-0.17027469124272473,-0.15268326263961857,-0.360422170851578,-0.029089369928696686,-0.19049864193872706,-0.4411482764969031,-0.14281800212482093,-0.13431740571225226,-0.33774198207739575,-0.17117544003376217,-0.08658222231859682,-0.2590066912213882,-0.16524983464512183
27,r,0.0,0.0,0.0,-0.24559739992822133,-0.08098785611904266,-0.18733831314496693,-0.37012261669247315,-0.2831700131923217,-0.28567844872602816,-0.2537376616864887,-0.4343103999072512,-0.3935375909623111,-0.05149288603012101,-0.5517188568091437,-0.48987597295766266,-0.1557553685863989,-0.5269086501861298,-0.10299644435538767,-0.06659158969559557,-0.74790018186887,-0.2694751393909772,-0.010332489828575155,-0.8824848853033235,-0.36516917770677926,0.06531665069699023,-0.9907257274696698,-0.42833234221205163,0.0921831037071102,-0.5077990452730039,-0.12189131297127974,0.09102539162543095,-0.7471781041118516,-0.3185136542418825,0.0069864007579589086,-0.8873836533610046,-0.4109937340888992,-0.028051738834413906,-0.9999987077915201,-0.44176372019805366,0.3203120755591707,-0.44555224557990497,-0.17047082706130703,0.1811450859340855,-0.5965928892873316,-0.43823270220001326,-0.05011801146994434,-0.44460719021151934,-0.44632282287883335,-0.12684164220876676,-0.32677534542372494,-0.37757998061871495,0.5143951004232221,-0.35197843936818424,-0.23471722373454806,0.2918997984868258,-0.4649184865555786,-0.44280543770884545,0.10720563298307105,-0.36382367247000946,-0.43846834986909033,0.07076146358223206,-0.2704890954330406,-0.3851807058769382
27,r,0.0,0.0,0.0,0.1378885826115981,-0.14737160308488598,-0.05014796419603922,0.1827014313103495,-0.33156031833375926,-0.07145151603347609,0.08255961901532931,-0.4612305086760028,-0.0987784559656119,-0.03706076517987772,-0.5104237566494437,-0.12577760402772187,0.12821898226957743,-0.5012507631483704,-0.01409190219195536,0.09242481819254714,-0.7080479135032873,-0.07083267753569944,0.05020393590286033,-0.8511752473385562,-0.12057392460528288,0.012916287347861972,-0.9719602055784818,-0.15579316480054395,0.021748673943552347,-0.48467573476432374,-0.042601489332076393,0.021107059032419245,-0.7304572267403586,-0.09486297384306207,0.028304335192379907,-0.880266769197659,-0.1346374350565208,0.028155945009769947,-0.9999976357320552,-0.15888922449732806,-0.080400140232504,-0.42582303278613465,-0.08171622724079766,-0.08480872377739483,-0.5792680642567035,-0.17297448968212764,-0.030076421181288046,-0.46305459464343235,-0.184969345161264,0.0010302759972093357,-0.35632414550344904,-0.16674791501823827,-0.1845775172563005,-0.33551372591489875,-0.12638770540173613,-0.1675422397398663,-0.4574945427394665,-0.1972761476660224,-0.11312616465541835,-0.3788483096415908,-0.18576771746022308,-0.08416090832681744,-0.2900840644627914,-0.16214875296127987
27,r,0.0,0.0,0.0,0.14654710083557126,-0.08364066669801772,-0.06676305392929383,0.20040877836766843,-0.28610967133492315,-0.08564845014913727,0.1323073900946681,-0.43662223145944457,-0.10337519084202104,0.006702156468836039,-0.49776280694995956,-0.11812945680356918,0.09935202272427307,-0.49698490975261056,-0.046318426197717304,0.09207378037303161,-0.7076011447704965,-0.09090634257351737,0.07934227465884627,-0.8383379507438697,-0.12611637194735864,0.05847260136876584,-0.9490129457289854,-0.1544581448459694,-0.007149704779541279,-0.49760530696711425,-0.058821881847980484,-0.0038657298678830285,-0.745222815501401,-0.10787921214381035,0.027646337586256627,-0.8863390978785377,-0.14877649879487417,0.03411895441310063,-0.9999987059690342,-0.17512538977905787,-0.09814570551971814,-0.4500943033270528,-0.07903124301605359,-0.13798618232628965,-0.6599558959197874,-0.18378150630686393,-0.04543589123140762,-0.565280434880078,-0.21812249944455614,0.009862260189284877,-0.46059921280971056,-0.21430995088821664,-0.17792422890675896,-0.36628857788109725,-0.10267206178662634,-0.13330977490223817,-0.49492198392441195,-0.20983876779293878,-0.04221493173893872,-0.41703187916126633,-0.23366912452646185,0.008820924602411729,-0.3211425421519094,-0.23048798352867655
27,r,0.0,0.0,0.0,0.04452217654343917,-0.11033456646581401,-0.09239589376605861,0.06358571264669319,-0.30833854386033066,-0.10901187811600059,-0.01529314020466454,-0.4705344845561105,-0.11488513060522972,-0.07278121703351703,-0.5804112448613385,-0.11810550129312414,0.18774858025035054,-0.5174660623394796,-0.03494736659576033,0.11709289181955414,-0.7209764891017613,-0.09316833910690396,0.07125074267485554,-0.8624031965475877,-0.14832255388438204,0.029833935876609822,-0.991327259941927,-0.1890568562026323,0.13377609374069327,-0.5245384994470268,-0.03515421299483334,0.0996296847784202,-0.7422436129226745,-0.08980658882832679,0.058127200483147255,-0.874880582732304,-0.1374023356971069,0.022501067307510624,-0.9999980336116635,-0.16504812573052166,0.0622424160756548,-0.4845885242155331,-0.0501897932819639,0.007728790025950055,-0.6332197597937353,-0.14573098540812582,0.018950666842464388,-0.6148783291066027,-0.18269081892351616,0.04637391221448319,-0.6153496139431917,-0.18723058350864596,-0.023480205214713723,-0.41589603424603094,-0.07299510507340339,-0.0874020643203318,-0.4967074948244502,-0.169398617472954,-0.09245023870399767,-0.42963197715178475,-0.18357484426048998,-0.08432318310363103,-0.3649357388083296,-0.17508477275360135
27,r,0.0,0.0,0.0,-0.27280041861198034,-0.11287053909151622,-0.29659318582398614,-0.4116890427823522,-0.28142259144881254,-0.41828414095349914,-0.18022178127734081,-0.4227970214840031,-0.5223161640725508,0.12084274491223326,-0.5222289299518077,-0.6034705630397703,-0.4046603571941982,-0.5465905856675294,-0.1353015715941448,-0.35932148891453053,-0.7560016909924684,-0.2888762746870637,-0.3129110963612435,-0.878036279900352,-0.3903338471045842,-0.24690316282538294,-0.9886079846347898,-0.46067088546209234,-0.11134957387756385,-0.5387218429857298,-0.11228512012963207,-0.16054258676157115,-0.7720049274209229,-0.2823716515033044,-0.24623313912512773,-0.8920498688027446,-0.36740086324327614,-0.29536471822255167,-0.9999986321328371,-0.4024305143437314,0.1564626006325653,-0.4795474092582215,-0.13267621482692288,0.21042347868659247,-0.6097856100183687,-0.43520476685326925,0.10625786663679519,-0.4646218119461119,-0.4480630173710833,0.03271530542566289,-0.3589172978103671,-0.36751667836449936,0.3853847015327012,-0.39396382587674506,-0.17642456155663425,0.39478207336466925,-0.5111153255948492,-0.4191608871034984,0.29431284297689064,-0.41686415647789826,-0.4025956150973231,0.217340588777813,-0.3313179144026663,-0.3301866234306661
27,r,0.0,0.0,0.0,-0.27506410187610764,-0.09516113589341525,-0.08501383576856925,-0.4194025752792541,-0.23910882893074073,-0.14746457420297462,-0.38696639075314504,-0.34985790158088087,-0.24025437205193695,-0.3061383801264345,-0.4330124796483549,-0.3264783796100613,-0.3099482922816666,-0.5257160696740686,-0.014444694999452683,-0.29767587181842375,-0.7426363674354012,-0.13169216774400858,-0.2744927575914708,-0.874106070097933,-0.22238256210775387,-0.23937864224553013,-0.9915129770902665,-0.2822547427293637,-0.14322539246799992,-0.524447273683623,-0.06709536405831977,-0.1592077684566282,-0.7531163924588825,-0.21618920173474693,-0.20337046164767086,-0.8897876334217115,-0.313814011535376,-0.23103409308637282,-0.9999984936052373,-0.3612570016279785,0.038603461448884324,-0.49201795794905506,-0.13949731474389887,-0.012919972418737428,-0.6626310629484865,-0.33698567777642696,-0.16652541083334083,-0.5537250711345134,-0.3643656685291323,-0.26788917772364057,-0.4375248716443802,-0.3215230852418139,0.22896160359154125,-0.4303486455641046,-0.22122606861430424,0.19132816814809028,-0.5808589975314183,-0.3519622471919202,0.06005411380932762,-0.53019739497894,-0.339565043682345,-0.03486863461295091,-0.44695343283330535,-0.29418073816039814
27,r,0.0,0.0,0.0,0.10434781509864936,-0.061947046910505725,-0.19037777843572193,0.1041696434134908,-0.2267717390589625,-0.24744278975014353,-0.052810538073249015,-0.3533911649998494,-0.272761737198258,-0.1822700657347884,-0.4406503817000563,-0.2835558247224778,0.1896592341541291,-0.45460785210896926,-0.13091277199260193,0.09207803795867998,-0.6589732907925723,-0.23048867436337556,-0.0030599344141742824,-0.7940133471349838,-0.2927355716409695,-0.09178875773476816,-0.9041626876380041,-0.3238412500479433,0.0665703111328764,-0.46085208439806497,-0.0910921137973894,0.030930153951278544,-0.7129796255961816,-0.19121398377663631,-0.007255323746685757,-0.8667502009433431,-0.2410943580034472,-0.03463864080930083,-0.9999987400527515,-0.24785707177382205,-0.044754586998649454,-0.4159162466672215,-0.07593731182826771,-0.1664471058653143,-0.4857319109247702,-0.2464307407840242,-0.13160579241731096,-0.32605110479314636,-0.2847173764419078,-0.0712493361460712,-0.23365400997276092,-0.24854334254385377,-0.14100328804017243,-0.33886166773072457,-0.07255082945624697,-0.21766617088947623,-0.3855310840412099,-0.2145346860228033,-0.1749035020266101,-0.2647738632609038,-0.22323565990196637,-0.12077439960980242,-0.18625681208129702,-0.1876603880042366
27,r,0.0,0.0,0.0,0.12760357513566076,-0.12706627768544063,-0.11977847688007615,0.1671908074435584,-0.32973725023197126,-0.13177484242908685,0.04029645469330982,-0.47656289573603433,-0.127434719999668,-0.08821243803451966,-0.5311433403690662,-0.11112627764994869,0.21741620471799863,-0.473143314753577,-0.03290616510392625,0.18756523607727546,-0.6949243459683091,-0.08740959902409125,0.152813595414039,-0.8382024703245311,-0.1277179306728408,0.11832355737201129,-0.9619151441822267,-0.15073866241359102,0.1120992854075513,-0.48276171631912956,-0.02019930540112877,0.12831608570289355,-0.7263633783174083,-0.06624480571298938,0.1318476356818917,-0.8717728850482874,-0.09761175428399506,0.1262451290071476,-0.9999985671029441,-0.10694305914331409,0.0017593053850078718,-0.45548594919152635,-0.030431797608000116,-0.07506543304250952,-0.5777959359289405,-0.14634711410160758,-0.04584289146246348,-0.4259644819914246,-0.19370856906578407,0.003948551218975869,-0.33263887852219204,-0.18286275755245282,-0.10033989314383977,-0.3977641806246491,-0.04992873542200115,-0.1398195976358374,-0.48812380138802886,-0.14745592530962923,-0.10040937199867273,-0.38146598715333163,-0.16639856427876948,-0.061224151946089996,-0.2983761947660467,-0.1562529326508437
27,r,0.0,0.0,0.0,-0.33104752704309715,-0.11888421829449068,-0.21005326512617736,-0.48516286046757395,-0.31639029117309114,-0.30327196525224503,-0.3045631919267543,-0.4996433391274119,-0.4046423902845395,0.024654598926978577,-0.6056425549288981,-0.4881289250442229,-0.321212029865401,-0.5156641011542688,-0.02752344961617404,-0.2372601513279099,-0.7381716048438836,-0.14971189078150685,-0.1708325229844184,-0.8682039849466349,-0.2282063131108881,-0.07655695086728502,-0.9761037223220007,-0.2890809187896404,-0.03910446992055167,-0.5210530716778555,-0.024943874587962968,-0.044458419003897395,-0.7735072480416798,-0.15794356893455005,-0.1321273552329279,-0.903856924868028,-0.22406771937951026,-0.1691339625076176,-0.9999986158721612,-0.26121065864477305,0.22737346262213476,-0.4819992570324698,-0.06274788994427681,0.3046081546709977,-0.7080216510654248,-0.30748150936903457,0.12222424893797026,-0.6108196230514035,-0.3389567090964012,0.01719169088749432,-0.49563876737405876,-0.29889717273780475,0.4784375064345787,-0.41740482989716504,-0.11858008885702162,0.4036124049749243,-0.5904458486284188,-0.3413625665403308,0.2105386686733509,-0.5397416094464161,-0.37881244872294734,0.09356672826660167,-0.449156612376965,-0.3622673138476291
27,r,0.0,0.0,0.0,-0.20922564927576526,-0.1522859589310174,-0.2756517130838184,-0.2935627333064574,-0.3416801675321896,-0.403336478164503,-0.07398085935668186,-0.499720249822961,-0.5182778431043572,0.20990060013554543,-0.6060044866296697,-0.6088008093090427,-0.20257396531414235,-0.5525604227042854,-0.09879234249914304,-0.09364478512428207,-0.7720796888869064,-0.2887830661668072,0.016144743175844706,-0.8977877898040322,-0.3947021627365144,0.14169444644206955,-0.999998687019959,-0.4628291567343943,0.11008096745623107,-0.5106003841184911,-0.06560331459670203,0.2210070615093392,-0.6456013950442167,-0.3945379347372972,0.08740991237249038,-0.5115454483636885,-0.4858039377485433,-0.0024345030258034637,-0.408663200234593,-0.4508637167952405,0.3792186890821139,-0.45414156055534444,-0.07408476435696565,0.46771609837007827,-0.5649194307197143,-0.4188496654891765,0.28203820856748935,-0.43255659371231675,-0.3858054425044394,0.17164357619781412,-0.34360183468528865,-0.253691627890899,0.5888151719887063,-0.3832305165416665,-0.10409553341596656,0.615370882504967,-0.47835347104846676,-0.3454741841110244,0.4625341317424077,-0.388752599864404,-0.31825436170467214,0.3673685256942334,-0.3197371625207471,-0.22478108273253897
27,r,0.0,0.0,0.0,0.14360138197086134,-0.15539097447949987,-0.07719337924986795,0.18717620739234786,-0.3768898897682794,-0.10505899172617249,0.07724133392467443,-0.528410890163972,-0.1308191081902187,-0.0642278977853481,-0.573198892776074,-0.15781633022544253,0.20410863583341343,-0.531364688155175,-0.04967417422940928,0.1982429471088913,-0.7263173466433845,-0.11679262097923203,0.17377346989358522,-0.8780567957317565,-0.17092817020023524,0.14711324810664353,-0.9999968186103282,-0.2091061798995748,0.08099402457408747,-0.5298139299878734,-0.0570756199584315,0.08128794425607787,-0.7238835020509027,-0.12856500496455403,0.0717710145788297,-0.8370882793871197,-0.17493601394777616,0.06950404051547787,-0.9378494929222696,-0.20125807402962784,-0.04586588193620145,-0.48409064650383754,-0.07580560428687001,-0.10170644975115097,-0.6474113843778374,-0.1847058804739372,-0.0688989452217802,-0.5431631930670738,-0.20059421850273224,-0.01993458096059598,-0.4497227129014996,-0.18206690838726622,-0.1699166747890672,-0.4059797843844747,-0.09970400030070875,-0.19594866695895452,-0.5277365815258056,-0.1903983343600862,-0.14721678368494467,-0.4560811437509586,-0.19064590243416274,-0.09677239160573778,-0.3738436492964504,-0.17100563225835982
27,r,0.0,0.0,0.0,0.13982896661956493,-0.15001906815423652,-0.06198403158470161,0.1989806613461459,-0.35104417727138554,-0.07325585121916159,0.07828451984409267,-0.5071611734116124,-0.08718255095589857,-0.06735628833576035,-0.5585556903028429,-0.09657425700693441,0.18983052349780571,-0.5022617103758901,0.006572004181266707,0.1734489743749428,-0.7355782704253965,-0.045665266734295724,0.1469232800855002,-0.8776839733674109,-0.0861526462508348,0.11396305151678436,-0.9999978433009398,-0.11130418889401893,0.07729751846168813,-0.49787117394513514,-0.009876743074144217,0.09774315311525171,-0.7323304728314332,-0.07336655625341654,0.10429055366357301,-0.8607060198536043,-0.11936288710316668,0.09289838779875488,-0.9730185628721622,-0.13872830607666797,-0.029228700028934736,-0.45485884149530476,-0.04030826466883607,-0.07280645649289721,-0.5586952948224172,-0.1563652192754679,-0.03262773585243694,-0.4209049912561935,-0.19625857657993376,0.0030468107925320964,-0.31991828267326383,-0.18338381971568643,-0.12339336252388342,-0.3890995208820779,-0.0742746685487067,-0.13338263794372546,-0.4694185902025077,-0.15925977951287038,-0.09521799530654322,-0.3785195936516337,-0.16422305119813566,-0.06815059434538234,-0.29717997158636017,-0.14695798286437584
27,r,0.0,0.0,0.0,-0.25739147652558353,-0.13841678895448112,-0.2618337480041067,-0.419395565551996,-0.33510479838510965,-0.3717912746762972,-0.24872714340434943,-0.492865739640188,-0.4680086517716691,0.038240085052055214,-0.60816061859074,-0.5408925114994403,-0.30930773777921344,-0.5665435024599773,-0.10922100932225481,-0.24834318137615635,-0.774565840398924,-0.281380333821418,-0.17266771190074867,-0.8963987901809564,-0.38802330087714754,-0.08140352209432933,-0.9999986379503366,-0.4583980728697808,-0.021905522844944656,-0.5453373839649392,-0.10467229329235951,-0.04923100318311212,-0.7723707742569884,-0.30143227277013745,-0.14202576411069096,-0.8837494759549817,-0.38170024715776557,-0.17069395466860368,-0.9834580295168693,-0.40541159712483993,0.2382979813265924,-0.4785403311012711,-0.142945775612487,0.2611739023368805,-0.6154254123517838,-0.46388809257472374,0.09791190028671558,-0.4639348360844462,-0.44801782444504973,0.04481180685312769,-0.366097219602741,-0.3459617808681041,0.4608426001838551,-0.3765340536144581,-0.20247924233434592,0.4075398702723372,-0.4782432770657159,-0.46358535562512404,0.24798093619806194,-0.3728376427664491,-0.4405147136243251,0.19298185644425755,-0.2975758082489955,-0.36071831962178347
27,r,0.0,0.0,0.0,0.11803407872870467,-0.1708487540388025,-0.04134410179190718,0.12705412305831504,-0.3806699777322641,-0.059317627824218025,-0.02218052484804679,-0.5052339361590521,-0.08510448397889746,-0.16291442011256635,-0.5251119101053735,-0.11126530771916975,0.07730924042286108,-0.52699671602457,-0.010088639946605901,0.04035408275399114,-0.7194312999791104,-0.058965224293790086,-0.0011985400758622049,-0.8444692806275097,-0.10162409820329334,-0.04910333586963021,-0.9553815366690536,-0.13549411251418164,-0.03288241928353668,-0.5085893805411169,-0.042538651550083836,-0.0422500340432748,-0.7459670501851953,-0.0899380830687815,-0.047364589337441164,-0.8807547529110147,-0.12944320853552618,-0.07032391411997851,-0.9999976915026993,-0.15666112246956593,-0.13275160872747596,-0.44333186270875496,-0.0838882970670638,-0.1854077033088635,-0.606062384214882,-0.1753014959457843,-0.10590922324683065,-0.4995835087191483,-0.20449094500992304,-0.04936979277301202,-0.4041649682647964,-0.200570647079965,-0.22383542580086382,-0.3456403547424155,-0.1287058597459588,-0.22556275176864252,-0.45922722441057207,-0.20889916247481105,-0.14127960560730923,-0.3913677442529068,-0.21982281193581743,-0.07310303279080417,-0.3115472180342176,-0.21422111109075495
27,r,0.0,0.0,0.0,-0.5159955369117794,-0.07383311251227623,-0.09950186591080941,-0.8211839363581104,-0.3782626002041874,-0.11223320332709005,-0.771408809042374,-0.6378710995852445,-0.15333815725735495,-0.6485300225197016,-0.8219699565998598,-0.20175076835776062,-0.2961410886726974,-0.6556765919100647,0.06976903669785767,-0.3534560682630891,-0.828183087612268,-0.11676640543351594,-0.4307578921726749,-0.9344181441502425,-0.2553127960881077,-0.4594296076291784,-0.999997183870295,-0.33954686028738207,0.06471257525197067,-0.6653956979989599,0.01939309287806308,-0.23900210443193454,-0.8413514339868305,-0.2533094117326884,-0.4987748493538707,-0.6753793426391331,-0.3441786558782984,-0.5749858713754615,-0.4984317549383807,-0.3133087190591447,0.4010325545801486,-0.6301242828221846,-0.06455620893616797,-0.008663133991122457,-0.7419458698573891,-0.3910397047333118,-0.2911468324636555,-0.5239362255192086,-0.3738480979520585,-0.3541372214617478,-0.32054435039206636,-0.24215189825302036,0.724819516478299,-0.5570841145460995,-0.15259058616655866,0.28871361492601216,-0.6584832855115363,-0.4050643184205056,0.0069835827575642755,-0.5362557321388138,-0.3835851644628996,-0.08810787123502974,-0.3878314765954977,-0.27918916281225986
27,r,0.0,0.0,0.0,-0.31056392443810277,-0.13019096439266722,-0.1611034702810896,-0.3960983508923346,-0.31335482222982275,-0.2521268163323939,-0.3549079293014763,-0.4711694809384101,-0.36767695609399964,-0.1604814710897887,-0.577385338532261,-0.46625084086422597,0.013959420611830546,-0.5275198463533418,-0.002050918287726785,0.07234467809572295,-0.7494988242584796,-0.1511316778975384,0.09404236415018623,-0.88423702369165,-0.25487612942102666,0.12580229454162442,-0.9880357860911804,-0.3254590997811858,0.21453310098793069,-0.5097854123682879,-0.0467000652765777,0.3504304896922854,-0.7484490090254655,-0.217018627746852,0.2812211728283279,-0.8971228484714145,-0.3247348990423958,0.22900089981921198,-0.9999985976370934,-0.3768892843284795,0.3811488382039841,-0.454698177085423,-0.12801535790798127,0.40402778058815436,-0.6734755089958843,-0.379290957658037,0.08316397299724333,-0.6242303184885442,-0.4218310222808521,-0.09748624626455492,-0.5378428414064589,-0.379186682447783,0.4944124462008619,-0.3773616628723704,-0.22449238104291255,0.36192199400531894,-0.5579781964349844,-0.42281334073448334,0.08955029675598977,-0.5386828106151502,-0.44317329495335145,-0.06405582282548053,-0.4634297945109483,-0.4108973798942596
27,r,0.0,0.0,0.0,-0.2690968787466569,-0.0999065760064724,-0.12777280593736773,-0.4329836474770616,-0.28558942514300206,-0.20360028236796388,-0.36337169322268553,-0.45176786198968416,-0.2965430942118804,-0.141162959075162,-0.5469392695073368,-0.3760261560035472,-0.2995169967128464,-0.5142170181995734,0.002499156589483693,-0.291052834929316,-0.7300701172371546,-0.11937963038245002,-0.286230787772642,-0.8606903996996437,-0.18623034359128257,-0.27472461851696595,-0.968658918231452,-0.22335934126590493,-0.1023167346901568,-0.5118967653150274,-0.028770736758590636,-0.10630048270479249,-0.7500235828306353,-0.18991310826681138,-0.1775475202999201,-0.8880543475437511,-0.26059290470402735,-0.2364623277566677,-0.9999985489475596,-0.2702652810725156,0.09526204847724576,-0.4726566246604928,-0.08898085909740513,-0.03682492233713242,-0.6039884991984134,-0.3283535087097677,-0.13203542309308286,-0.44368758369771294,-0.3414940910128395,-0.137988925434296,-0.31956854135993246,-0.2688462267936187,0.28217823738839154,-0.4065900898108118,-0.15952607252108406,0.08336023316273512,-0.5003668114564047,-0.3354781000329756,-0.00985854494246168,-0.37792151325034723,-0.3291700989960256,-0.008749966221483989,-0.2711083209954899,-0.2739741871889194
27,r,0.0,0.0,0.0,-0.24964195337982242,-0.09828726611931979,-0.07703796773429358,-0.41607181285186834,-0.2748451160238126,-0.13039243141058057,-0.4216392923582768,-0.46259604807686133,-0.20824947203423252,-0.23627508410393144,-0.5467406530585696,-0.279264827460475,-0.2857797975025534,-0.4569181754484757,0.04523611474172737,-0.3423347202212017,-0.6632010862855937,-0.04088260953631264,-0.39410632666014567,-0.7843808821937087,-0.09300182045839159,-0.4208722121609292,-0.8810288580935814,-0.12919024441372598,-0.13770251097639435,-0.4842097327596443,0.009593822388619073,-0.17915301842262216,-0.7344704865494648,-0.10494635171900075,-0.25345003966889085,-0.8829568129418895,-0.1660173422634094,-0.3127771546481239,-0.999998477526303,-0.1884022928260317,0.01531356327725156,-0.47397520593163533,-0.04867946974699931,-0.08356509780789272,-0.6876209251080407,-0.2180265003629007,-0.16025319868505128,-0.5339623656068826,-0.22619956154875942,-0.17063037901716896,-0.3990605639799191,-0.17819108784952137,0.17723441046421426,-0.4332739016214896,-0.11463619534406054,0.018153974222132552,-0.5849386243125184,-0.2508038199537286,-0.056542876120257456,-0.4807093224920011,-0.25537762524258634,-0.06154895238037574,-0.36481110922980203,-0.2242221044825815
27,r,0.0,0.0,0.0,0.06569206074258349,-0.09368073500264519,-0.15662325179117542,0.06434908712448346,-0.26350778360975696,-0.19645851670128148,-0.057249586383500736,-0.41399709606065316,-0.21370735506128757,-0.14811139540094115,-0.511095720153264,-0.21860080540439034,0.22315040948953546,-0.48149906462529996,-0.062410280520323526,0.1393061907735648,-0.7082420794014976,-0.14132732928183667,0.07790800266165972,-0.854546416524997,-0.20625251331232883,0.017392391154493696,-0.9693162401576199,-0.24165616363335984,0.13551238528725293,-0.49705165567591625,-0.026988850228164427,0.11184205621756045,-0.7497679903102424,-0.09473565439052253,0.0876050588821511,-0.8829172650048874,-0.14556687897607817,0.07582571189783247,-0.9999981251989953,-0.16268332525803106,0.04099600735598801,-0.4699446081723864,-0.016295352603054175,-0.08168705756404833,-0.5672240945383286,-0.13085754360809504,-0.08747107441151522,-0.4298885035541118,-0.1808684066464817,-0.03902021133821247,-0.3461088186428052,-0.17328466490846667,-0.045883702736423754,-0.41524245880710975,-0.0186627602111728,-0.13277905738754198,-0.4848898551046491,-0.11084395553158317,-0.12986022972031178,-0.38493878097246254,-0.1281820866072419,-0.09040923428343267,-0.30918022893021985,-0.1150207174656591
27,r,0.0,0.0,0.0,0.11509236852816668,-0.1074750148358866,-0.09877509278296967,0.13950368366842156,-0.31389409239795774,-0.13310262536167677,0.0005843841448557594,-0.46105594541380546,-0.15899595694028462,-0.1314066740005487,-0.5216232564533814,-0.178447041547476,0.15479447656499415,-0.4951537278701559,-0.06037975796866517,0.12694024086712566,-0.7112696447265715,-0.1320134355948956,0.10543231134187149,-0.8538195207845871,-0.17748406819193174,0.08145234564888361,-0.9733278550890492,-0.20477466370144226,0.055550730893202,-0.48671929278026976,-0.07033317767632258,0.074062071054469,-0.7277835627618265,-0.1503937815123527,0.08521559707176699,-0.8693279811691327,-0.1956438535117423,0.07936344843692672,-0.9999983887692645,-0.21044016474622054,-0.04663327853847577,-0.4335706832384572,-0.09599112897308451,-0.11609364857652595,-0.5344144025919744,-0.23757369201104547,-0.07760679065785867,-0.38640343989383547,-0.2764390551081701,-0.03804614487992561,-0.28840274700412066,-0.25633852139997837,-0.14617790761632102,-0.3500456225844217,-0.1268405314893123,-0.17946451494045715,-0.40907072609890865,-0.24523407020569127,-0.13675165210638596,-0.30628250091581594,-0.2598134942514861,-0.10412131249858045,-0.2280918062972797,-0.24191064348081992
27,r,0.0,0.0,0.0,0.12611581637843494,-0.11191109395240031,-0.09610412908598477,0.16392872527256225,-0.31558694866133996,-0.11321148497361087,0.03699452267672495,-0.4615397748235206,-0.12191027691891917,-0.08944047280885738,-0.5246629567962297,-0.12105169037167773,0.19483448842125556,-0.4712771207308888,-0.02656399092106425,0.16783723541227508,-0.6968650937341525,-0.08591044228292254,0.13193948194541766,-0.8433254477982957,-0.12956611215315733,0.09670274671299042,-0.9671685974513891,-0.15629791776940233,0.09016571462976747,-0.4816798876216974,-0.029389394510108812,0.10840149710833259,-0.7277484796080598,-0.091173332939844,0.11172860202553472,-0.8738772945540725,-0.13341219615896785,0.10350677119032174,-0.9999986446629149,-0.1490886283241152,-0.01884130184015037,-0.4536766266599691,-0.05047645682620196,-0.0815468285397761,-0.5769790864208485,-0.1763824913025414,-0.051666057674425274,-0.42814060161608153,-0.21515907713140964,-0.014190665942955991,-0.33178454109350447,-0.19650184251364228,-0.12042124425949612,-0.39402648659688483,-0.07813073429155398,-0.14651464117120536,-0.4909221868146643,-0.178052708472947,-0.10738005933795251,-0.3809348922187834,-0.18610705308090272,-0.07545859411025027,-0.2927616436732183,-0.16622566237536782
27,r,0.0,0.0,0.0,-0.29540618428211884,-0.10930098880203706,-0.2615063655057096,-0.477851780217093,-0.3071815682218989,-0.3589429757865735,-0.31633987830569243,-0.4814290271851384,-0.4474052450194881,-0.06990285380420996,-0.6129397611231676,-0.5170070360105686,-0.4279049422288716,-0.5347887794361218,-0.07176947310619074,-0.38031421560872,-0.7598376809448247,-0.240645443847344,-0.31466232734269234,-0.8879610340573016,-0.3385716174380801,-0.2264546889673977,-0.9999986114100768,-0.39828189141868403,-0.1541006251910531,-0.5211511099082132,-0.055937764357946874,-0.20289080261199396,-0.7559072697091166,-0.24322140348960627,-0.3084867117271188,-0.867456359715338,-0.3144021292672351,-0.3463173337028545,-0.9764758185767951,-0.32840759202561626,0.1075450994328165,-0.46722945650579734,-0.08667968134703137,0.15338668214608978,-0.6161067763844704,-0.4017346990906359,-0.00654674019401265,-0.45098224486513094,-0.38505143262358543,-0.05876696452440079,-0.34736797050006807,-0.27793775309824303,0.34573217519046284,-0.38243378057955996,-0.1391636253213396,0.31381082652579195,-0.4945153068955713,-0.38758987839091963,0.15820674951329688,-0.37544241923582056,-0.36148849808188643,0.1088272338763044,-0.29105999599025806,-0.2799125596195535
27,r,0.0,0.0,0.0,0.14418432354405408,-0.07985637059360454,-0.11962001794460955,0.18431244097523689,-0.2953655001364328,-0.13392843066961801,0.042358935273168107,-0.45860220595355583,-0.13055550831839757,-0.07959103151211917,-0.5251669662585626,-0.11487502870959283,0.21218693432108995,-0.4413051550643057,-0.04154868285890575,0.18335011370685023,-0.6605892575829316,-0.10784236719500208,0.15442587560544063,-0.8155225514650972,-0.15370327493075703,0.11983662422975935,-0.9444806889052869,-0.18128629397538976,0.09868901492078197,-0.45549713974892,-0.03937836184980792,0.12907384894380372,-0.7280750064959358,-0.10148989199845661,0.14396326276103014,-0.8726443491364867,-0.13792262715464457,0.13937029874618725,-0.9999987670264275,-0.14550050885429408,-0.01872430029148161,-0.42701880799757613,-0.05942566462838819,-0.08059464232268125,-0.5501699843900862,-0.19775236429986345,-0.04740996839060017,-0.3861813558995891,-0.2372762391253206,-0.0055136219135571325,-0.29096471496055526,-0.21341411290232737,-0.1349009832577532,-0.36275765832231566,-0.08728834430373893,-0.15862323782672702,-0.44933257172976626,-0.2016435448431999,-0.10886299205198549,-0.33096628097273295,-0.21091334442163104,-0.07627835336863936,-0.24660513550644936,-0.18897396197066424
27,r,0.0,0.0,0.0,0.14172203346069384,-0.1357704550735644,-0.07647415736346315,0.21476826991764233,-0.34695635572703937,-0.07512814996518918,0.11961086846049457,-0.5016879284419569,-0.06811363399313154,-0.0085261537091507,-0.5664746362860992,-0.05274164895448609,0.18090954148819885,-0.505001013803474,0.009445119386354684,0.16454086634724183,-0.7217316954792927,-0.03249839176583189,0.12040383085313297,-0.8537338775517891,-0.07186185959465399,0.06601667164120006,-0.9672858582026526,-0.09729432566785523,0.07059035024841764,-0.4932055918607256,0.005906304692984036,0.09985423597244945,-0.7596855173809118,-0.025617974351560643,0.11796581182297704,-0.8884166232315225,-0.05374740226279251,0.11048137842443431,-0.9999982157052921,-0.0673360793830352,-0.0315817267091661,-0.4430690131137308,-0.01564170435972495,-0.05601083904675189,-0.5932087209862992,-0.11452079819321731,0.007355959877847013,-0.4415821022752816,-0.1512768012660156,0.04972797339392116,-0.3375861905441791,-0.14246915973327104,-0.12525966198552083,-0.3716912307897908,-0.04315775230322715,-0.11787083926173426,-0.4861280621792208,-0.13290266829279138,-0.06272187886706682,-0.3787862022406616,-0.145705259358204,-0.03431997814737167,-0.2852609887985114,-0.13648982340830915
27,r,0.0,0.0,0.0,-0.24516525307614367,-0.10649038609824583,-0.07827219883195784,-0.3970894622793558,-0.2645673006844608,-0.14088276693234533,-0.46509875470719947,-0.40661710188756234,-0.21862580471694373,-0.38662395934265054,-0.502540765256011,-0.28249239688284833,-0.15988745097680393,-0.5327802837917172,0.00829657373510522,-0.20151465977312202,-0.7291549417903231,-0.108264456839587,-0.2642459847301203,-0.8639389991445862,-0.18912335337564673,-0.3172574283236725,-0.962954417300446,-0.2376633852184948,-0.04180786210730273,-0.5379319582900828,-0.03151428272016352,-0.05899028017293419,-0.7787335510771943,-0.18172419492858635,-0.17225489152442136,-0.9130967161361193,-0.26543332200388636,-0.2749962262771179,-0.9999985860230373,-0.28517172947417674,0.04921199305044337,-0.5018145279895054,-0.09010760863635796,-0.23035083877945797,-0.6056914038597907,-0.24256106208869155,-0.3236177564879259,-0.473537796931999,-0.2531844839157432,-0.3143701358327151,-0.3658401056413786,-0.2074283335013014,0.09420987995243882,-0.43437281649136833,-0.16074540252504832,-0.2129386745389984,-0.4657719379689162,-0.2623995305076484,-0.2763934766057796,-0.35560460171828523,-0.26145136399871216,-0.24287023543610517,-0.2674660973400785,-0.22650855947771054
27,r,0.0,0.0,0.0,-0.2694378245078674,-0.06731685512354549,-0.11833375770482542,-0.4654412120743385,-0.22468740786209074,-0.1830054757195034,-0.4934744326031755,-0.4041531476244053,-0.26349597389514673,-0.3083166867030166,-0.4685188631001529,-0.33409899292468176,-0.37218879291347085,-0.47996962875925475,-0.010506539545063552,-0.4058011332077912,-0.7118969439889515,-0.10356708630691878,-0.41006850326771077,-0.8460740793820948,-0.16841488923109668,-0.38239511090836786,-0.962474011506894,-0.21386032976016725,-0.21809372811171857,-0.5069118429627463,-0.02239336753780125,-0.28819470226004257,-0.7613027690268583,-0.13053142971422668,-0.36104701312087994,-0.8980718559992421,-0.19531063896479803,-0.3880480251675696,-0.9999984658411887,-0.22627241272266163,-0.05091326274416115,-0.4992469085730795,-0.06005329323443144,-0.10213985489690469,-0.7291949402630811,-0.22160347076786696,-0.242764727026821,-0.655333327389336,-0.270531003241469,-0.31748284067555127,-0.5449410626072334,-0.2536520216127434,0.13472094686048294,-0.4658651875020029,-0.10866464442116998,0.1025244183954581,-0.6519519027474963,-0.22517313080663268,-0.014104898472206721,-0.6448100222662175,-0.25641012510658906,-0.1039486429799235,-0.5768733665498305,-0.2510919379158583
27,r,0.0,0.0,0.0,-0.3136707329709377,-0.10814212558174101,-0.22630942752306912,-0.459785162644713,-0.2973024775318329,-0.31285585169604835,-0.2724394890244125,-0.4550063967393736,-0.40579446574603206,0.0236067596408123,-0.5470371695345868,-0.47629520630401767,-0.3673205005160756,-0.5233403684429039,-0.011791584762540296,-0.2851845384049,-0.7333397514401078,-0.11715864522379144,-0.23868599510491006,-0.862616471641893,-0.1950641654136704,-0.18463388620681112,-0.9781278539968893,-0.26771602635834846,-0.0859184561825553,-0.5374047844917484,-0.008355796824928092,-0.13924755566102368,-0.775167185272068,-0.14103634511326216,-0.2557727411547727,-0.900451830720591,-0.2137529965721936,-0.33111580382807565,-0.9999985960549533,-0.2570244618043273,0.17886633797481033,-0.49890285926350564,-0.04728624399353294,0.20558153603015927,-0.7276030398945809,-0.2950921211317399,0.06053647410794177,-0.6126277640033418,-0.3152445233547288,-0.008735192277494782,-0.4955471415856579,-0.26834324121396025,0.4369835459588747,-0.42805580221441575,-0.1083997605803322,0.3860774066934494,-0.573549272235602,-0.35097422210081,0.25366634860775533,-0.5161813618046974,-0.395110662664658,0.19571764571424125,-0.42889914584069316,-0.37937361787975143
27,r,0.0,0.0,0.0,-0.3204830094074195,-0.12426664240481142,-0.2115970597447907,-0.4623076737041038,-0.30377729082749716,-0.3268937015047714,-0.33096978213855616,-0.4494603486078301,-0.454549192025364,-0.06567849321891249,-0.5528071242685727,-0.567728474696959,-0.24550805878952667,-0.5184919177890943,-0.07967811654273886,-0.17490218704839983,-0.734762776841296,-0.25199134008481705,-0.13867433817988695,-0.8584175433227563,-0.3584047891118115,-0.09169468303111737,-0.9618799740843634,-0.43246076826926605,0.042651552392770485,-0.5118791094674977,-0.10075220716134388,0.07014103862714764,-0.7607467184464574,-0.2969525934768529,-0.04418414126169241,-0.898104166057139,-0.38725554305418436,-0.13462921651390375,-0.9999986250695421,-0.4224957854599745,0.30545690201773057,-0.4602387074143437,-0.15939013208994435,0.21030895640898645,-0.6651508628616107,-0.4423976004835908,-0.01078917650239607,-0.5382072095109799,-0.44941349090517096,-0.06889929826342886,-0.4249276172957477,-0.38216184245777735,0.5266442809201433,-0.37753578334818433,-0.2365832532973395,0.26501027468342453,-0.5051053879196497,-0.4690400283494755,0.10848165725852035,-0.42065126738027714,-0.4804557297383968,0.11854719546817376,-0.32903652876077594,-0.43984409156576265
27,r,0.0,0.0,0.0,0.14675911538721367,-0.13165748316519899,-0.044724944778440266,0.20144417328898936,-0.3101534354509854,-0.050030215501046416,0.10915228971408596,-0.43782862124031763,-0.06389270610068809,-0.0015029596043077383,-0.5055880940704515,-0.07582425391597965,0.16482847652943108,-0.5044319790696385,0.03265665898928249,0.15718668064404356,-0.7060528582169187,0.00033049596295471297,0.1223260195988191,-0.8336308507325655,-0.03449359096867549,0.08862884892756666,-0.9459360114396489,-0.05990629796461024,0.05587855493092917,-0.5023464660182725,0.010675036522183465,0.07576953221093015,-0.7336685790722195,-0.02410394131812443,0.09206264081191777,-0.8815167743905058,-0.06220274163670045,0.09261922890415569,-0.9999983049557729,-0.08609692370740527,-0.0466726747732717,-0.4576670616156238,-0.024579150881605817,-0.05786586438351947,-0.6104531702964227,-0.10527896850061699,-0.013865600506560211,-0.4898719821285255,-0.13189323618283208,0.00814493778034935,-0.38423501753357664,-0.12278598901211367,-0.14658917870702776,-0.38624576652826154,-0.06466751809789573,-0.13749564669940997,-0.5210983017589773,-0.12239458907213732,-0.08822714367166941,-0.45768454023968574,-0.12127932909216275,-0.05138432583181509,-0.38305556402317814,-0.10801986049445532
27,r,0.0,0.0,0.0,0.13606630321466867,-0.09826207425402128,-0.07478568393748523,0.18316850943466384,-0.28343586544105265,-0.09132374298974784,0.08351561037446187,-0.4062010446182802,-0.10777100475646294,-0.030252408947719255,-0.476073732993623,-0.11929419904479437,0.17972195237398733,-0.4797259470845699,-0.011884845622097833,0.16887999699842657,-0.6865060876610621,-0.0561207528134608,0.14932644669473316,-0.8213125530044778,-0.09346086020085381,0.11986657993742429,-0.9409016970826071,-0.11974588607776089,0.07583209108562913,-0.4863816421485651,-0.026114816462647586,0.10779994281294081,-0.7270451193392375,-0.07200039929102116,0.12835148282526299,-0.8743139481710066,-0.10849536124954091,0.1275416349393551,-0.9999985939884194,-0.12615341411612932,-0.029419389028857112,-0.44646062912146106,-0.05573391499839815,-0.06267163343991941,-0.574892606477113,-0.15861788273596486,-0.023337924597059405,-0.4386491817736602,-0.19063522120996548,0.008377548912379703,-0.33825234731911824,-0.1773267642507034,-0.1320014970396636,-0.3762160987561795,-0.09146361323568153,-0.14166301961168987,-0.4822397564896191,-0.17465192388246573,-0.09223349066415537,-0.3922078184681708,-0.1814782036592219,-0.05102879729427757,-0.30989187410361957,-0.16777292039781677
27,r,0.0,0.0,0.0,-0.24568597994077346,-0.05842301542646324,-0.06780819531374009,-0.392489037728886,-0.234599200723264,-0.11308627518923951,-0.442564586838908,-0.39243514960624204,-0.17457001563619656,-0.4038479764806089,-0.5056926504723485,-0.2264242070870341,-0.2747628787785834,-0.47660643598719965,-0.025278465408676933,-0.322480566231199,-0.6989625583385872,-0.11979905711698213,-0.36118070705987276,-0.8457204642092156,-0.16623427188076054,-0.3998469728073146,-0.9487827690813422,-0.19666800143933552,-0.14590750761428087,-0.49681662145750066,-0.06530570711708719,-0.1376811669994814,-0.7807206017615718,-0.20861465056419484,-0.2510158228203411,-0.9163990383006408,-0.28120910564790025,-0.3541549929261313,-0.9999985043959082,-0.3012599668052228,-0.033041887951057634,-0.47959083064373337,-0.1171301018681832,-0.20987667614296776,-0.6979880257385148,-0.2918222131703415,-0.3497214356662379,-0.5688436466443334,-0.28998001047974076,-0.394639080220182,-0.4549005319630828,-0.2345799226147125,0.0705406222803556,-0.4255886024629886,-0.17349147316499944,-0.1712044822563103,-0.5010497585821843,-0.30892712343108114,-0.23372887857045505,-0.3883335012837087,-0.30768085473531065,-0.19502557309603458,-0.3027002377127411,-0.27031380978430186
27,r,0.0,0.0,0.0,0.13449047577060397,-0.16137223048078436,-0.04322990517664696,0.1700150052457251,-0.3741302811846917,-0.06267257318236366,0.043553051016246895,-0.5262853239148574,-0.08901154924520782,-0.08526280719367085,-0.606161433597185,-0.11499897237089349,0.16261530537370328,-0.5314851290852084,0.0013772759874676696,0.12243832802980102,-0.7343954459411753,-0.05605968828202818,0.06611998901009743,-0.8651578268308204,-0.11145041127947998,0.001532184203101738,-0.9769762934123676,-0.15123187763242849,0.04617055466185311,-0.5215574174457839,-0.03138804476742148,0.049408019983305906,-0.7590868794994462,-0.08235026142868788,0.03909879346643726,-0.8875077841844289,-0.13145699704396235,0.01079182856570529,-0.9999980047514008,-0.1636009336555472,-0.06460041097189877,-0.46260730365039504,-0.07512506328628252,-0.10288860424985141,-0.6361023239658732,-0.16276253449492964,-0.04058626146195827,-0.5202662369518904,-0.19251519460418068,0.006674429148800969,-0.4216431545565545,-0.1910242628864634,-0.17150491122596795,-0.37065954234949,-0.12321399231035833,-0.1759614283713734,-0.4993571880319204,-0.1947261791631837,-0.11320199317965976,-0.421676810638324,-0.19869691298700573,-0.061519452376978506,-0.3310294466028217,-0.19007105545751274
27,r,0.0,0.0,0.0,0.15892442708288299,-0.06433683453966842,-0.10459479017658559,0.20936364333374063,-0.2644459630857997,-0.14145016262441695,0.08000417197373845,-0.4043487659683429,-0.17309189624711144,-0.05966805387668544,-0.48500678929599583,-0.1986104999377527,0.140605723271063,-0.4809739873025302,-0.055624928488332996,0.12027505968444721,-0.6818701176233678,-0.12429123217906198,0.08239691263131044,-0.8272968519850711,-0.16942106462117903,0.035426549425234176,-0.9478071670762024,-0.19844350136918829,0.02144618642868391,-0.47233162812501867,-0.06366028473556683,0.042726624729931315,-0.7288241819761218,-0.1452507059580395,0.08477490670730509,-0.8809039530368218,-0.1870088855937398,0.10126684538723771,-0.999998553177869,-0.19858462874200297,-0.08602767624282547,-0.4124757709265201,-0.08768270866751003,-0.0926284746857376,-0.5495229974595289,-0.24347415011459986,-0.02021626978274245,-0.38624479308124554,-0.2618511287948461,0.011981813124884765,-0.26648383717500473,-0.22341877761009085,-0.1890323976452205,-0.31739757427457177,-0.11703241065192074,-0.1445635203561842,-0.41926169933435126,-0.24935031792389226,-0.07081741815966354,-0.2979858986796455,-0.24765459039847718,-0.04312404941530652,-0.2011979609379176,-0.21394586681169428
27,r,0.0,0.0,0.0,-0.2708965980222579,-0.12448186156099868,-0.08683366195492621,-0.39819003323933594,-0.32159602752220307,-0.1315096612527414,-0.3967407261151329,-0.491603911095033,-0.19602163819350718,-0.30889257045051605,-0.6227597725966075,-0.24742497688201961,-0.11249039472872252,-0.5176973985413655,0.030044306034500805,-0.08542682001687348,-0.7109611920760357,-0.0953833121700086,-0.12157855217690694,-0.8450753502238669,-0.1753864039911419,-0.15947813888700255,-0.9508171645874681,-0.21670052812864216,0.051556607781328326,-0.5146490816974433,-0.009869580648823841,0.10333153937204038,-0.7569880586580289,-0.181671350993687,0.011721270802672849,-0.8991545099433932,-0.27134910848666244,-0.08240820893527014,-0.9999984851672009,-0.2824998074396876,0.20711020012707013,-0.48048853852348894,-0.07186038329562157,-0.05187330371243397,-0.6223588350963725,-0.2788558855467166,-0.2153247011734361,-0.4950926677826996,-0.29496715336102786,-0.2646601034656228,-0.3743577953720795,-0.22751979113324078,0.3272152923183141,-0.41940906693323265,-0.14414869564535673,0.003026737277982377,-0.5087728485136126,-0.28399137078506165,-0.14138489177584174,-0.41316453647128937,-0.27532771680661156,-0.16314964470212687,-0.31159583996707696,-0.21944045581997962
27,r,0.0,0.0,0.0,-0.3378510296239024,-0.07468244477179745,-0.10697636459221516,-0.534421662102027,-0.2618949803691825,-0.16214630765936452,-0.47071218877122883,-0.4346509621923697,-0.23143909083261724,-0.3309375254495718,-0.5574238600627706,-0.2927128261039605,-0.4508161299472117,-0.4386371067684724,-0.05660873597171526,-0.503226585538647,-0.6508612016143119,-0.20974684801071236,-0.5191896720524802,-0.7872282683450517,-0.2980534209746477,-0.5181066533039947,-0.9011427466049252,-0.346777347500068,-0.21333134736493575,-0.46044590248712425,-0.10378597315684067,-0.3387716022177444,-0.7086164019986909,-0.2726882750346721,-0.45221183535128834,-0.8658182088989549,-0.35715747924500885,-0.5209739167018436,-0.9999985107135383,-0.3789744860397834,0.03955759156029204,-0.43591218348481525,-0.16954436518937335,-0.15016305052691584,-0.5589203175900824,-0.4065091092518625,-0.23406600117415366,-0.40493973804484823,-0.3978882782385502,-0.22837900985157697,-0.2840371901626109,-0.311877499966422,0.2864007373284791,-0.3745764213005992,-0.2445447228557536,0.04711444464488445,-0.4301770353103838,-0.42392932889600926,-0.060851708150734485,-0.3136429574621999,-0.39642635161514894,-0.05566106528372572,-0.21885056642943798,-0.3212379270174126
27,r,0.0,0.0,0.0,0.13612637477789896,-0.14092509931118752,-0.06799590928836552,0.17277967899610702,-0.35316521022675906,-0.0777959993713475,0.022764049297927517,-0.4822082526978316,-0.08356000542610986,-0.1269126189076032,-0.4954802832388336,-0.08558968362504574,0.11586608203588351,-0.5055298028470269,-0.018972426464407124,0.07790227297446807,-0.7098675768711428,-0.06505955327981638,0.033091344253746255,-0.8362485954370747,-0.09934593942854823,-0.011657910782948129,-0.9431151340526194,-0.1228432930955282,0.006500357542590877,-0.4863646445931269,-0.0391928667017302,-0.008161281045045049,-0.7363770836262263,-0.0817384987641574,-0.02466667026169868,-0.8793061510716768,-0.11717837172556632,-0.056656542020275175,-0.9999979551132047,-0.1356162284344026,-0.09750658198637357,-0.42348649545589473,-0.07267322137402202,-0.1285618414739573,-0.5523539020007152,-0.1781793890475891,-0.06154204849630589,-0.42618490195922143,-0.2183928097233994,-0.009438511351217886,-0.3363710760348861,-0.212424022051292,-0.19507788477555066,-0.3290573815485896,-0.10986290229258276,-0.1910610509201988,-0.421901749922842,-0.20160973657268352,-0.11754528825099404,-0.3326376242257077,-0.21279919855059423,-0.07344580082210644,-0.24887074457008568,-0.20190475861258153
27,r,0.0,0.0,0.0,-0.22029347461071996,-0.1096667897339992,-0.2878814962621272,-0.271759000438772,-0.2885748780051317,-0.3773106289204291,-0.09642270960985837,-0.4580360460360107,-0.43513283165396127,0.09239412718615968,-0.6056128575042665,-0.4719862407060111,-0.35567858876988173,-0.5309184874337071,-0.1325411805076467,-0.2468659068278046,-0.743166063285523,-0.23731255992069547,-0.15851703750318588,-0.8724775762645274,-0.2968163585452236,-0.05187204046520734,-0.9875235775438514,-0.33733112434224516,-0.07768696041445634,-0.5324093529204068,-0.06660374376481634,-0.12495003187545416,-0.7623394817165857,-0.1839245594684257,-0.1520817013372497,-0.8878177995972435,-0.2343233046643671,-0.13517475961155126,-0.9999986352808654,-0.24898518338719874,0.16278505481122008,-0.48424023577937814,-0.04017171822596626,0.20936809378264945,-0.6080298198682075,-0.28480077012846394,0.10569868627632852,-0.4669083550912987,-0.32110742817828475,0.04716749273190177,-0.3694458709242743,-0.2719001633520746,0.3686853896150667,-0.41400304755686373,-0.033320566290700224,0.3480352594835704,-0.5051542445467787,-0.25908179495450756,0.24130830876936696,-0.4007751954807694,-0.2918171842955045,0.18367734483762607,-0.31909027850772476,-0.26014733509672994
27,r,0.0,0.0,0.0,0.1583608159662221,-0.1612450426259145,-0.0893348702021575,0.2003220436040838,-0.40185279392106515,-0.1073779594920546,0.0545159654827958,-0.5524992725273388,-0.1213841250657203,-0.09736305783766554,-0.6002338840064348,-0.13201968943628453,0.1595355663895122,-0.5331495038398353,-0.027589819137248933,0.14190624970878915,-0.7351120821226333,-0.07998876055830344,0.11399229319088255,-0.8790837488712612,-0.1230822289462913,0.07987788389136226,-0.9999971227676501,-0.1558449678363278,0.02675652723224458,-0.5168764665346728,-0.03471783170107683,0.037732469106841644,-0.7292276114804229,-0.09285178464114512,0.047843211582095854,-0.8719296474157335,-0.1388403589924717,0.03966403319699003,-0.9996355654567155,-0.16844403750380504,-0.10236072053260109,-0.4569676248751207,-0.056834579774616145,-0.1370210029120239,-0.621957205912324,-0.18139135207322293,-0.056124430332436366,-0.5082531981902809,-0.22290591730561615,-0.004967908067425944,-0.40053501549003434,-0.21692502280566922,-0.2284580022275304,-0.36304272710842156,-0.08395380048152579,-0.20493701205528622,-0.4894697964039329,-0.20285318482467235,-0.10859169967557909,-0.41137453196875884,-0.2300376170423055,-0.04383448294787598,-0.3138735052675113,-0.22748714383772628
27,r,0.0,0.0,0.0,-0.25597779728259856,-0.13423921448458837,-0.2158571767463179,-0.40877808281944095,-0.3255347814719911,-0.34062087587486045,-0.28117040658111364,-0.48227688044379324,-0.46609193537628907,-0.010118696605773046,-0.5853383455324515,-0.5763558390177739,-0.28819226192044783,-0.5432931166173578,-0.13976644208665326,-0.22549505695553076,-0.757868230797727,-0.3637059793877612,-0.14496427671684087,-0.8860985954469511,-0.5130549293182409,-0.04812052161744114,-0.9999986673923119,-0.6133046260031056,-0.014407816001144332,-0.5123830052851456,-0.15114869496572106,-0.0285858421467208,-0.6852146833455232,-0.4271404896877314,-0.1366266699231404,-0.6511970871794175,-0.5226239333227498,-0.17980663021626458,-0.6443674912059326,-0.5380932863182725,0.2579119082342327,-0.450259123229834,-0.19611584129332185,0.2934043136444644,-0.5825830118650496,-0.5156221339594028,0.11282816938715538,-0.431222149682027,-0.4646614478533546,0.03255072988276681,-0.33322579154282594,-0.34464362808023974,0.4993074620968045,-0.3586483495561246,-0.2597441002642889,0.45578591477503544,-0.44711823824583125,-0.4835446853951293,0.2833363725581203,-0.34804354375018726,-0.4317954221421479,0.220966735296059,-0.27855534560121015,-0.3372157285854742
27,r,0.0,0.0,0.0,-0.1725020001511205,-0.1439189617099208,-0.24052310714627229,-0.18536908759701212,-0.34100244510217437,-0.34219473875318396,0.05368069953688217,-0.4585896604097061,-0.42414894975216155,0.30679091980162615,-0.5521936058925154,-0.4866848682482706,0.02980394328204649,-0.5928368989766161,-0.14247377139305484,0.2038748468076894,-0.7738251934240493,-0.3114683554326912,0.3558552039648249,-0.893736364507502,-0.4223405299249851,0.5069480193624384,-0.9994749401191355,-0.4908627335760726,0.28709425414804923,-0.5528097498777419,-0.1266489638716723,0.4015589828584122,-0.7674590712074741,-0.30774816894375556,0.46622080779278224,-0.8890007686227159,-0.3901463006005153,0.5771744829254334,-0.9999985640810213,-0.41636601304309584,0.4793969086931342,-0.4625086237295472,-0.14665989590887932,0.6036564352861601,-0.5245758654006666,-0.4159239539121478,0.4217199603775056,-0.387281286009477,-0.4258391305300825,0.31932417343526937,-0.3047576189741465,-0.3526152236207057,0.6279690883762171,-0.3382469574505051,-0.18554186365502015,0.6913787690539038,-0.3941949538775991,-0.39860644793371,0.5280876892653442,-0.29831288469333594,-0.3917066880246932,0.43314571252916095,-0.24258416328918264,-0.3311213500946773
27,r,0.0,0.0,0.0,0.15113695452994513,-0.11763298468268471,-0.06239818297845634,0.21289630186952355,-0.3168563803746249,-0.0902190888430357,0.09832594186077204,-0.4619783306915239,-0.12074763061775882,-0.029536342690488195,-0.5277257230659219,-0.15024189708051106,0.10571504645313759,-0.49750110397242764,-0.04275007818212771,0.0878893263868827,-0.6962593370572318,-0.09954931767937816,0.05615401245059535,-0.8345422107591095,-0.14350907327778684,0.025653980136176556,-0.9507910572229878,-0.17489607133221644,-0.01142351760163363,-0.48437286465337165,-0.06596021868345708,0.005227547111927024,-0.7299653754573469,-0.12550958737370801,0.033727311775846085,-0.8800708849468242,-0.16784880935590307,0.04459852007297927,-0.9999980862840767,-0.1924642295625436,-0.11645245491256342,-0.4288348675681118,-0.09796513558556813,-0.10577652821999545,-0.5980636019438962,-0.2071270321097637,-0.026580484127462143,-0.47877243461777425,-0.2269431816031575,0.011997385447759551,-0.36228741376005696,-0.20962477166324825,-0.2153920452617465,-0.34391976442786204,-0.13408736322248332,-0.15660840403145249,-0.46254284509630966,-0.22797658003000276,-0.08034811430638181,-0.3732864904442916,-0.22765963239654188,-0.04717077347470112,-0.27331462807354656,-0.20760191887390278
27,r,0.0,0.0,0.0,-0.13670589394985394,-0.013281551632524353,-0.11565852807841367,-0.27467339956931314,-0.14674316886424466,-0.20631254203927318,-0.2911438081148142,-0.3319430476371747,-0.2925966762232276,-0.27107614437890776,-0.5011446125011254,-0.37756530181834413,-0.3094311188866092,-0.41383981368575684,-0.1850157769376229,-0.4549232369640712,-0.6316734162924398,-0.33072768718141504,-0.5345882467968606,-0.7908514784277496,-0.41992636017468427,-0.5921280746914159,-0.9334827559778349,-0.4698190164005494,-0.17130844443395382,-0.47089254982805806,-0.21011838294197907,-0.34571318080166175,-0.729150828232164,-0.3540364494387437,-0.464418496914287,-0.8667820409120869,-0.41222565575513453,-0.552115107792996,-0.9999977782794701,-0.42895919250337583,-0.010435741327095883,-0.4664933958798806,-0.24421694095068702,-0.1614401436447249,-0.5380468531557265,-0.419899146865342,-0.149844360517929,-0.314706097772317,-0.38760396719379614,-0.09791706248481608,-0.1723263281432454,-0.31437632858773246,0.15097699037099227,-0.41356940211555276,-0.2860546893547481,0.008344421678492855,-0.42371983407535946,-0.4082947561224524,-0.001800580861931638,-0.2542113745914538,-0.35670245988646176,0.040506050875723947,-0.1537426174218867,-0.2851098710636054
27,r,0.0,0.0,0.0,-0.3093152902938397,-0.17660495256781414,0.015531723096806508,-0.4145203892599965,-0.35005708088529947,-0.012027083858312146,-0.503694994809886,-0.4719884932828653,-0.071075792536619,-0.5524463694711877,-0.5673092393170636,-0.1308838210809843,-0.019062639169961867,-0.5666919080319432,0.03872861844386003,-0.07628673118966703,-0.786020823500493,-0.06760573608836563,-0.22258258861035948,-0.9005952034789757,-0.15186761918829866,-0.3638998046635459,-0.9699433981842611,-0.19252737412245546,0.015112482260536717,-0.5643400255947868,-0.028764271422045042,-0.10906925844570128,-0.8185517470844451,-0.12490798496185526,-0.3293784533489256,-0.9407257610111678,-0.1804025247153422,-0.5122609279063222,-0.9999986080101722,-0.20036730720845902,-0.01313557848652132,-0.5255813614567838,-0.1058159851160622,-0.3929397635963214,-0.7006574846548957,-0.20652047932053663,-0.5677687634515489,-0.6084226898092956,-0.22006544788751017,-0.6306682295135533,-0.49854431709808894,-0.2006787315722382,-0.10864358568737728,-0.46655119895599556,-0.18735188866195188,-0.48010879956223523,-0.5654175447668662,-0.24986559008311662,-0.6181031877627526,-0.5130494658451412,-0.24360184095736465,-0.6543061974541569,-0.44386339268157005,-0.22113786446244768
27,r,0.0,0.0,0.0,0.1310419497040919,-0.14327354502471107,-0.09398216155376642,0.18723494532390372,-0.3548498806909972,-0.0831673395580821,0.0773922029322199,-0.5106050495892759,-0.056872370731953524,-0.05725805108524467,-0.563333802716015,-0.020488698098944,0.19748980261617471,-0.49825699484437225,-0.005876617304502837,0.16475841823012868,-0.7201737363248266,-0.03924654231253167,0.12127689314796541,-0.8577913424427086,-0.06971800120297525,0.07666263001287929,-0.9726809277181881,-0.08851162898078954,0.09349706666220968,-0.4884519998899014,0.003637444363722676,0.10352926147566403,-0.7365482905884881,-0.017029377009099202,0.10466507171307492,-0.8755137822022081,-0.042742366271336575,0.08854702122197501,-0.9999984140706847,-0.055524443879785855,-0.010828410503996732,-0.4453705204924556,-0.006315019877208593,-0.06061070238483701,-0.5712351303685759,-0.10192814813429836,-0.014200487462428734,-0.43022105887386464,-0.15809179257615535,0.02885149896393202,-0.3421718733320797,-0.16241567955335398,-0.10560355317760119,-0.3768885978630404,-0.022582927982806058,-0.11314628600384449,-0.47745802227418854,-0.12162922831330986,-0.056435272814975075,-0.3768526769367189,-0.15540270949378784,-0.023534776488957496,-0.2862265430463794,-0.15957725285658594
27,r,0.0,0.0,0.0,-0.3138830825476245,-0.1247232713440885,-0.20262470122710713,-0.4554045139890873,-0.29891064918543814,-0.3182242866090067,-0.36511517209201333,-0.44550672461492186,-0.45246602260632846,-0.09350710687813946,-0.5265583795239079,-0.5679920438327407,-0.247877445517274,-0.5272513852244796,-0.049950848117249876,-0.2131559378438265,-0.7396721294545958,-0.20966965514104818,-0.1720903209273563,-0.8635806365457147,-0.33021770762982977,-0.10126284161242534,-0.9702776152901641,-0.42337053377022255,0.009000196728026039,-0.5331261335728738,-0.07789656361311509,0.01558248850381661,-0.7716153838714032,-0.25321265137957905,-0.10271327509714515,-0.9017500287920674,-0.35727461623463247,-0.1820676402188573,-0.9999986335989742,-0.4204694224692397,0.25561583271198746,-0.4930678141654728,-0.14562167369877252,0.2822312749400186,-0.7070816000577328,-0.3930081451603192,0.048468048239182465,-0.621208184308014,-0.41684052894469253,-0.08480275492709387,-0.5173614959035466,-0.37536919950061653,0.482643408871705,-0.4192600601295383,-0.23575025562085347,0.38287217060904105,-0.5760251329462212,-0.43118181320867927,0.15181116933296304,-0.5410065995600007,-0.4488334641086322,0.00987213456212173,-0.4638085417515258,-0.42513061676411773
27,r,0.0,0.0,0.0,-0.33292141298464356,-0.1446417868199364,-0.136119347052091,-0.47731363646447106,-0.3332698876289421,-0.19994268218033948,-0.3523704194408444,-0.49290812162679243,-0.295092357643773,-0.1376350389749202,-0.5957637997059708,-0.3769145101625258,-0.26941721371038324,-0.5513949389030491,0.0331809126282214,-0.2377620055302656,-0.7592116695048753,-0.09562425729872183,-0.2060621566872835,-0.8891551712342384,-0.19765313439880902,-0.1587754940207538,-0.9999986308116211,-0.27570053938593103,-0.01769883948095382,-0.550644249438042,-0.021499540897395683,0.05625743645760895,-0.7875168693304703,-0.16781639055177153,-0.011714868797453223,-0.9103457552145593,-0.2617819765132242,-0.06427741309566704,-0.9982197779259593,-0.31957735317500324,0.20975651838176343,-0.5077078071261575,-0.11212761248326616,0.298111570758774,-0.7222833136276365,-0.34344172515793614,0.08445009611119281,-0.6469045348114517,-0.3754467953521306,-0.06141714627286237,-0.5463113304006314,-0.3412485179660063,0.40630323622502895,-0.43345185931549535,-0.21901722121139652,0.3770036187083852,-0.605035918373882,-0.3971142060837337,0.1723177736461071,-0.5766020604038522,-0.40446657222350507,0.021910812517696898,-0.5006003525572386,-0.37716542006741943
27,r,0.0,0.0,0.0,-0.33398261481619684,-0.1518550654003079,-0.08084778504604175,-0.47841545504715066,-0.3392239591675153,-0.12599213927300118,-0.4556854593652998,-0.5184152583077221,-0.20927937188969856,-0.23966095778532245,-0.6340203181842609,-0.2807598724630814,-0.2651425798203931,-0.5152667763928002,0.1505629039107085,-0.2767012395688223,-0.7299339057205159,0.06515443903045949,-0.3084592591874905,-0.8632232753496012,-0.006275515377174743,-0.3070076857989772,-0.9711131591212137,-0.0623930997751741,-0.07005030921123837,-0.5273898701144131,0.09180533159585973,-0.07905931259046249,-0.7746495191903269,-0.025352453037408896,-0.21608443995108376,-0.9082728005042936,-0.10248763550247178,-0.3227696311607314,-0.9999985593137554,-0.13766010282389754,0.1308869401040949,-0.5021610111099323,-0.0006319289085928379,0.07389130257857786,-0.7323779829675501,-0.19698271021307298,-0.10402596268925089,-0.6234255241184729,-0.21341535564291658,-0.17957493047676518,-0.49810173215612796,-0.16724312382857143,0.32776267780423596,-0.45024347603964027,-0.10362608886527874,0.14274228620234158,-0.6253561321820822,-0.26113359812890435,-0.056364824811838694,-0.5608951190123099,-0.25921280089466314,-0.14416397627689356,-0.4539362979752547,-0.22094425479723756
27,r,0.0,0.0,0.0,-0.18451411281880006,-0.13386471384083895,-0.20611040543878936,-0.2642801258831226,-0.34118776931152894,-0.299856618889009,-0.1366693841646127,-0.5055962044047295,-0.40207325955217565,0.13610961678134198,-0.605116692104077,-0.49185223654364457,-0.0258912991508051,-0.5146808974099967,-0.047444855069343234,0.06916735105927718,-0.7379094973540247,-0.19373001703789233,0.12187897942482816,-0.8716304536613156,-0.27402331419622084,0.21719230181913365,-0.9739290017574377,-0.3234619415182973,0.22298423610990362,-0.49561576372169325,-0.04941307070583845,0.27503892690830706,-0.743446240047582,-0.21052174000353965,0.24221010814102625,-0.8936235583261246,-0.2784679111697201,0.2510618643979373,-0.9999986593378588,-0.2943999257280986,0.44760246557499916,-0.43875158832468564,-0.0918463600558233,0.3775178311763124,-0.6130326259733387,-0.34047267696869826,0.14153292766896738,-0.4957590018422518,-0.36293149531083796,0.04479505521876369,-0.3843789571284902,-0.3035188800132483,0.6512186703140459,-0.3578979244604063,-0.15305223871085777,0.4951438570433342,-0.4961282645229219,-0.3561080467778196,0.28800563268720597,-0.42092685281008957,-0.3689991579893275,0.206659325579834,-0.33139739382779454,-0.3284564170508446
27,r,0.0,0.0,0.0,-0.24417801295051056,-0.08666484565706306,-0.041746654963967914,-0.40082851100583583,-0.2613508414981196,-0.07404593845463524,-0.4696795110632016,-0.40347919832067797,-0.13705293507933888,-0.42733774689879866,-0.4998950461199806,-0.18931887272883113,-0.24597423376299682,-0.5208761284873712,0.05832425554942015,-0.2858074765058123,-0.7202167394966548,-0.029115862874031843,-0.34742419857829226,-0.8498216140680356,-0.08394343633095182,-0.4031206406915003,-0.9428125967844617,-0.12119684623261338,-0.12875776378316314,-0.5367980844106987,-0.0008691497480162705,-0.1597134174225118,-0.7938534563325674,-0.13511401341256968,-0.27864878405620824,-0.9212633189349521,-0.2033942769229322,-0.381173953668137,-0.9999985041405463,-0.22015583189003912,-0.008546983188014688,-0.517208524837931,-0.07794660121953446,-0.2226351323432969,-0.7162880302853479,-0.24270504106150023,-0.34805329045745936,-0.5714344482446794,-0.23084992574497962,-0.37103042387142654,-0.4456991251108993,-0.16770403986331922,0.09975440583628967,-0.4619682707415544,-0.16289587701162914,-0.17120950701895502,-0.5583591982729582,-0.2817110334442715,-0.23442081417636057,-0.4578454152570822,-0.2737060772280779,-0.19582948346060358,-0.3663192004160621,-0.23360990113988256
27,r,0.0,0.0,0.0,-0.26819602712354695,-0.07624695259789553,-0.10731057112595264,-0.47042905737238855,-0.24362951795037796,-0.18019469918711298,-0.49630803903796766,-0.41697317718001825,-0.26442029743969914,-0.34345721240064886,-0.5104312203569081,-0.337077121741178,-0.28655619362621754,-0.47832689539695633,-0.043878266575364665,-0.30100517846679903,-0.7000515089275023,-0.154120389348789,-0.3193093547051363,-0.843169485899837,-0.21693388987182013,-0.31794515829217945,-0.9572094270934592,-0.25756087429790997,-0.14079774569631345,-0.4956796549794209,-0.0657858127196676,-0.17371892155115778,-0.7606019229906434,-0.21051137112182589,-0.2541759637737576,-0.8996469491004037,-0.27765530954983,-0.31480915370294377,-0.9999985241779126,-0.29185286599601923,0.0034386291090670574,-0.4753049165424293,-0.10600932527531085,-0.1793157928211325,-0.6367621021533695,-0.2840247409085828,-0.25615761448824087,-0.4760141852012187,-0.2809061975408242,-0.2515060242560128,-0.34197375628483284,-0.22011871550851062,0.14213984068913874,-0.41860151305287585,-0.15710084832151666,-0.08820190763180924,-0.5059076644212034,-0.2903047549795198,-0.15143822701470067,-0.39191689613844116,-0.2874345172184333,-0.12976190185939357,-0.2881996156425679,-0.24657393947429618
27,r,0.0,0.0,0.0,0.11144040524669588,-0.08096710544726114,-0.05799913218705615,0.17949633164467646,-0.29876401202303693,-0.0743135840194625,0.1369608656750537,-0.4879766922735866,-0.08903527378490149,0.0736195635499546,-0.6229886334264658,-0.0990592095438765,0.12267562283141242,-0.5147992102686199,-0.003987421049302287,0.1164509817214397,-0.7235719528749317,-0.028712882301075975,0.11112172814361915,-0.8754408822327244,-0.048041872378246794,0.10327278508288963,-0.9905040595218597,-0.06362756668635196,0.03208121868187415,-0.5234913528616196,-0.009117530081232252,0.05169558298181728,-0.7867047672435403,-0.03176056240304397,0.09208658458160653,-0.9088197984711572,-0.04163948653766341,0.12258009897340061,-0.9999977833687428,-0.04633486648558845,-0.047965396144684,-0.490867378980973,-0.02621613654564677,-0.029643444540552077,-0.7206882686080358,-0.09957739839776783,0.0223170420862357,-0.6386571885707759,-0.1125558520728456,0.041662935460203734,-0.55111809454091,-0.10380577419390097,-0.12177759286888648,-0.4272284070742686,-0.04803032826055138,-0.05822159327591854,-0.5283824914834689,-0.13231891914207267,-0.020501163933380542,-0.4161484322740111,-0.14645905952781424,-0.013946879634279936,-0.31020388584020203,-0.14212763720469898
27,r,0.0,0.0,0.0,-0.37275951330232354,-0.13467298390636176,-0.14380833514324973,-0.5729906292825061,-0.30299760583718116,-0.22698208434704206,-0.5527024204071685,-0.4647078449402645,-0.34193543630089746,-0.3633443179756249,-0.5605862889159107,-0.4394039485212554,-0.31329400437778177,-0.5291414632108097,0.04862200833499793,-0.33529401860509017,-0.7597514688944288,-0.0681295992930908,-0.3658738808918475,-0.892277261393339,-0.16153232325151615,-0.3438135707989143,-0.9999986274128067,-0.2270783777443833,-0.09891426308791608,-0.5324693941117007,0.008880058366422503,-0.11180416106982193,-0.7720174232953465,-0.14611819039714452,-0.22002043179096034,-0.9077795575207012,-0.2577414638700918,-0.28712735766687736,-0.9914572721685225,-0.3177723181208675,0.12588950435499907,-0.511505781547535,-0.06750837086683865,0.058138222661359304,-0.7135065852744369,-0.2844808190387175,-0.14985003415340944,-0.6637026911437066,-0.3484586799233334,-0.27587330206376365,-0.5648672544689921,-0.3322219523363855,0.36863804135851713,-0.47185818192771384,-0.16011184224216007,0.31308010540807174,-0.6538318816030798,-0.30532394213734854,0.1063574890834212,-0.6524671660881696,-0.3151200772528069,-0.060900296907440796,-0.5844969948579227,-0.2909336220365904
27,r,0.0,0.0,0.0,-0.17551738619908996,0.01104738892329716,-0.08867560283095939,-0.36346274036641213,-0.162816288699339,-0.13390535936611592,-0.4067318717440355,-0.3679358777289754,-0.18014232412005754,-0.367965281076355,-0.5285159040319013,-0.22856856525729807,-0.29781823591700507,-0.4501771934922854,-0.06918581129118827,-0.3885081900652844,-0.7024736111091786,-0.15959000644282273,-0.4887151042199937,-0.8727668494480502,-0.21131921403097492,-0.5525150846198478,-0.9999974306963015,-0.24672396455316947,-0.14851454647660844,-0.5047367891219994,-0.0849911490048815,-0.2760702491128129,-0.6740407273354933,-0.23761300428279097,-0.30133974619302073,-0.49116791001846316,-0.2681508691011124,-0.2479719049867881,-0.342812401959843,-0.24189331617780527,0.01137886572227241,-0.5110497796898704,-0.11285162464487798,-0.11888041344851698,-0.6262128136889417,-0.27933761763959436,-0.14691550974918868,-0.4097572388186282,-0.24369174435464327,-0.0959574413173959,-0.2683614418277971,-0.1667445625440126,0.1831689182136892,-0.4859233176432698,-0.14483428304510387,0.052750677196128574,-0.5596899608077848,-0.25956895851272044,0.004620613526764283,-0.3998778672415007,-0.22126673399135213,0.038723825642910874,-0.28229571877949916,-0.15827450336104987
27,r,0.0,0.0,0.0,0.1603516251347779,-0.12029439264714104,-0.07125548511815293,0.23366119947339403,-0.32650531901644186,-0.07535985513928391,0.1536072449126852,-0.4860346021658937,-0.07910865346517588,0.01642452795134262,-0.5429794970133901,-0.07973317818306723,0.1598084721278499,-0.4870076750487621,0.008270516440525295,0.1444494570363236,-0.7001462261774416,-0.023061565831659157,0.1078178772074793,-0.83347220244933,-0.05845032394957885,0.06884772950351264,-0.9455778694384345,-0.08522191862982438,0.05680292511036397,-0.4803743474021772,0.0007700592546571359,0.06731585034045046,-0.7307661313639024,-0.027931882735288238,0.09228729912588024,-0.878758835300966,-0.06091419102049792,0.08969489122981275,-0.9999986934410612,-0.08176933027008246,-0.0405485583634285,-0.43655958949941776,-0.02288988602611428,-0.038036402696716425,-0.5960843168454565,-0.12037972525837001,0.033390456677531245,-0.46545303988473347,-0.16835984059333658,0.06755586719719318,-0.3590957454638245,-0.16979988332605683,-0.1260891020192827,-0.37488608221695674,-0.05186333797425144,-0.06731678486422753,-0.49072077164598343,-0.14636288364407615,0.011110319554574935,-0.40553931875146626,-0.17643726057567563,0.05415869008316012,-0.31799437734777164,-0.1813487086937739
27,r,0.0,0.0,0.0,0.1389439587467646,-0.1235532030667915,-0.058181649489795054,0.22052000602305663,-0.30284108184422537,-0.07181837355573191,0.15537656519795315,-0.4505550908906813,-0.0886140179087012,0.04564426596422057,-0.5358685295649598,-0.10070540605604866,0.25517780636126314,-0.4938831683523379,0.002948966436991072,0.2538891983305714,-0.7253234614882045,-0.05780755210602332,0.22180932756871555,-0.8699662642776795,-0.11343171103745532,0.18097272545322202,-0.9958554558873738,-0.14830162599699298,0.1464798659915908,-0.5015102271342189,-0.01684530818050518,0.18287804825386278,-0.7492944724866043,-0.06616112892209644,0.20285825112177305,-0.882832901301742,-0.10842574205499068,0.21629587849830562,-0.9999980048675461,-0.13371782601508803,0.04238921068403464,-0.4641117563475685,-0.051718891052920886,0.008202092385831656,-0.58866441550461,-0.14523507245219375,0.036864226454988956,-0.4433329518526639,-0.1778686456934612,0.07559786212393826,-0.3364817665967446,-0.17303321422059548,-0.05564465390561892,-0.4005593944396522,-0.09260731590912823,-0.07020951601110381,-0.494595256289564,-0.16271879050427565,-0.043293828743232884,-0.38551421784210715,-0.16496784914034596,-0.008462406429684023,-0.2886578313270101,-0.15363500172756578
27,r,0.0,0.0,0.0,-0.289024705779856,-0.14643646409281608,-0.1474950250017455,-0.3802476020597502,-0.32123368163994526,-0.2346330385145287,-0.3310675291443013,-0.4780683231804866,-0.3500603848737327,-0.12468485603989421,-0.5855597544419529,-0.45010911360223854,-0.05460294486302182,-0.533150289477026,0.03423641744520152,0.008258187198224546,-0.7377107162081996,-0.09641267339303883,0.03148700711107478,-0.8665107172993868,-0.1968537606210021,0.0721824007561717,-0.9729205094309665,-0.27312761411246056,0.14528758891938298,-0.5225821014681983,-0.009691511094726754,0.23232539525602058,-0.7556029834476633,-0.15084080656436824,0.14690456927151851,-0.8944999946453981,-0.24042215081114954,0.08371926487283596,-0.9999986433750745,-0.293170990009107,0.3276323859068447,-0.47488554758212653,-0.09153291544544899,0.36296191471284767,-0.6854424348055486,-0.3101163530045043,0.08687794384945594,-0.6310074789749597,-0.3444685939905388,-0.07875685672559483,-0.547536296100441,-0.31404452686915796,0.47507710763884553,-0.40646351359575583,-0.19002376321247127,0.36346964185347175,-0.5755420286898218,-0.3671109280058025,0.11489398623505104,-0.5501014542597047,-0.3870351550026704,-0.03563631599688175,-0.4719826324127679,-0.3667700174109831
27,r,0.0,0.0,0.0,-0.1702905804608505,-0.12204853689453156,-0.18493963191169718,-0.2282184214398547,-0.3042710494920176,-0.28056186040434594,-0.10555846637962009,-0.4365362815006545,-0.3885087577090046,0.11772293389251418,-0.5390121323164703,-0.484323072429144,0.008150786851660392,-0.5373825794793424,-0.09097905109191373,0.10622555197787756,-0.7763002310783856,-0.2541019038522426,0.15553824903773708,-0.9037620689463162,-0.34603618592889873,0.2425990908867961,-0.9999985913355353,-0.3997935454468271,0.25322997520873075,-0.5095917682670529,-0.11359226630823775,0.24778178763167216,-0.770121272009265,-0.3135196253093186,0.1705994381541406,-0.8927470121694001,-0.40254954515446756,0.152783256885437,-0.969779613734472,-0.41852777755648063,0.4800446201706413,-0.4352962327655173,-0.16725076995376234,0.2996393175924235,-0.5719121726967353,-0.4567430082088779,0.057375154893349135,-0.42288659345313784,-0.48347571838790876,-0.022463530276073108,-0.2987608132985824,-0.41432891661998494,0.668065529788903,-0.3308190411919841,-0.23307357318629093,0.4725575603994372,-0.4484937803540514,-0.4540191243277112,0.2672529625098475,-0.3450756973691172,-0.4411395024305304,0.2056547233703617,-0.24209430566128018,-0.37179442216791997
27,r,0.0,0.0,0.0,0.13152560472515118,-0.14626982947690836,-0.08232779174501764,0.19975420374444489,-0.35564881645410196,-0.07215144311331664,0.10340335140052566,-0.5149316821237098,-0.05077315645950015,-0.03150291798092693,-0.5734805203990466,-0.02083021122526037,0.2231534164718259,-0.4964845159520518,0.003927285476774907,0.19786577146274528,-0.7309791798913843,-0.039091170287644514,0.15293859153572198,-0.8810754743005789,-0.07661142461128519,0.10612760266432188,-0.9999983137667628,-0.09727234645677696,0.119302405409653,-0.49154860082329205,0.008358311832853663,0.134423633167885,-0.7345423658646034,-0.020817950901048706,0.12740410051653683,-0.8714227500292271,-0.05111994444896043,0.10774994178162742,-0.9884188136661322,-0.0653127922530149,0.01888281520699928,-0.4515081879391404,-0.005813654787534812,-0.04078291080746082,-0.5730725108803091,-0.09949414271725907,-0.003543888565263045,-0.43185267235523406,-0.15249150870223796,0.04340444357682429,-0.3357216295488143,-0.15590035310205852,-0.07204481220360327,-0.3898109574543065,-0.025746458325273225,-0.10149934048219487,-0.49385192737604683,-0.11340862918057242,-0.060835932893795255,-0.391969653954724,-0.1389757097025167,-0.027309953058475323,-0.2977500596092847,-0.13927304808408958
27,r,0.0,0.0,0.0,0.12715176150467025,-0.12251047098637269,-0.07220086813898821,0.16776995809105857,-0.3384983374006609,-0.08260411538699289,0.02122111280064647,-0.4612029541401902,-0.08861276278375263,-0.12386596226559031,-0.4822335013253831,-0.09178156823717774,0.0999313096652921,-0.5185724104600815,-0.022678395995367567,0.06762762488058095,-0.7279919516649669,-0.0712617788401562,0.03304272749627944,-0.8643170488614634,-0.10813023509286422,0.003974464298683216,-0.9752727788455571,-0.1324389353658998,-0.012268620460277052,-0.4910219210693019,-0.04151111582393714,-0.02693332479558962,-0.7336896896746247,-0.08037787708045421,-0.03118857417984446,-0.8793358288156126,-0.11345718591233568,-0.04540392008859377,-0.9999982838644699,-0.13031986464564155,-0.11625146967451766,-0.41823045900024397,-0.07468630841523125,-0.1426057839138675,-0.5422600335588659,-0.18458670970099686,-0.08166657229021615,-0.4043947611224961,-0.22158254853180176,-0.03713114246356987,-0.30453377559065775,-0.21008735289124883,-0.21163002051242738,-0.30692837626578773,-0.11158931299677417,-0.21453995643750629,-0.4097861416344173,-0.21299705866461824,-0.1391718692635279,-0.3134654008427005,-0.22461313509747508,-0.09191824545821586,-0.22045035462672813,-0.2103083368909726
27,r,0.0,0.0,0.0,-0.2646996582837884,-0.1277020158682032,-0.21800058130149536,-0.4197931965337964,-0.3209632240395562,-0.32988126875211626,-0.26909851665103685,-0.47961498001902775,-0.4378397566355283,-0.006780795057760223,-0.586586339110331,-0.5311613612567796,-0.30841791448686395,-0.5413976910918586,-0.12368130341512665,-0.2603254340744237,-0.7605164591162649,-0.3253923822618122,-0.1952476207676843,-0.8901249481177981,-0.44796087057226014,-0.103575532323679,-0.9999986404849085,-0.5303686113667228,-0.004270298855792352,-0.5138560543104493,-0.1289411924529808,-0.004359678711535244,-0.696270129671518,-0.3841934891215009,-0.14699825966556296,-0.6849923042653375,-0.46523484448755315,-0.20289154323563982,-0.689850946224141,-0.4707086921261391,0.2635092369140776,-0.4515970288295888,-0.16980919960715649,0.2448194471877784,-0.5926646555013322,-0.47746286770737023,0.03609171540244266,-0.44175552068817964,-0.42708090972989665,-0.03143958709945129,-0.3316265730666811,-0.3076110986575995,0.4840048841940191,-0.35885031576460946,-0.2294936314555028,0.3791679857465923,-0.46365480084639976,-0.4554486821679684,0.20076611781743461,-0.36712642041259963,-0.4132752874878397,0.1557124309501316,-0.2889545392729405,-0.3260025030948604
27,r,0.0,0.0,0.0,-0.29064741983156783,-0.10451621930358215,-0.098921624102925,-0.4505716092374988,-0.27439329295261927,-0.16443278236127598,-0.4127773272973669,-0.4304189284222911,-0.245581547543451,-0.2774055451057179,-0.5393122220165822,-0.3184476410407786,-0.3082684123204745,-0.5193270189776187,-0.0461904016897318,-0.27823545574770786,-0.7389615573405774,-0.15895556994965687,-0.26043659420827825,-0.8710246099761663,-0.23093535079429037,-0.25970659632065196,-0.9832055462310144,-0.2747250501682656,-0.13078788241246841,-0.5227186613372347,-0.08437819336074119,-0.09511085521526322,-0.7770859252820708,-0.21559843865252848,-0.15023421744552135,-0.9052948803744976,-0.2775575637110339,-0.22328370171652423,-0.9999985411158737,-0.29231997751520494,0.05195263227487252,-0.48433390284487815,-0.14040683014534566,-0.05288876000080952,-0.6602490025001156,-0.3274948757306236,-0.16936507513059235,-0.532472676590585,-0.3253352950232178,-0.2228183117588618,-0.41227611135641656,-0.26309723598924684,0.23018463826922367,-0.4094687281757119,-0.2051549253943586,0.07076501262064258,-0.516076245775591,-0.33932786322898173,-0.040947620641494195,-0.42350060061556843,-0.31523882423908206,-0.07468404475851398,-0.3238693236983095,-0.25787405545123876
27,r,0.0,0.0,0.0,-0.26196297666360796,-0.08306908434952145,-0.1008437702795326,-0.43752105065429636,-0.27073825748802205,-0.15964506063145975,-0.3952411587672586,-0.4487059991300278,-0.23615896655468752,-0.2137614151283264,-0.5449529040149388,-0.30328849463900026,-0.3305488951702891,-0.4824750353372214,-0.014279071558505512,-0.380057854140255,-0.7124328646561529,-0.12433683280565745,-0.394574174663712,-0.8516686713872849,-0.18508816774940545,-0.40347399395961064,-0.9660981503562993,-0.22278161939848828,-0.14708472312021176,-0.5001140094676939,-0.049677055902408555,-0.16588135352629726,-0.7487293093146874,-0.19166004108579687,-0.2360563239304642,-0.8915632218812526,-0.2625190966537899,-0.29894179637994067,-0.9999985654590893,-0.27919316483432355,0.03870200805538487,-0.47367696734998505,-0.10559622974831229,-0.08779051608205672,-0.6497013872544922,-0.30120039104991136,-0.18090724289342916,-0.5048666506352391,-0.3017608355479175,-0.19107130082313203,-0.38623753603546407,-0.23510297608243552,0.22495098089033327,-0.4136492530837965,-0.1707199851606187,0.029239093597136754,-0.5260275026249495,-0.32118007280612465,-0.048071550724507556,-0.4194607063985398,-0.31324693369516887,-0.031143895196356,-0.3216105771124365,-0.26260541425555006
27,r,0.0,0.0,0.0,-0.235459042763417,-0.08091631991522066,-0.10625367925443066,-0.37430621052673535,-0.25661357380910255,-0.16795484777390568,-0.3149633994667785,-0.41602584883453625,-0.2405378029731606,-0.1733773798145294,-0.5238764238815004,-0.30412340098668317,-0.2884625562670256,-0.5076049199058105,-0.03485928953226306,-0.30090527224004787,-0.7158801251170386,-0.140590846337778,-0.2972794755032037,-0.8459440380372732,-0.20548542740816444,-0.28610451855072544,-0.9582331970812217,-0.24224187445345838,-0.1309042894523275,-0.5157485512800988,-0.060170899219991025,-0.17385078248757047,-0.7504479298351652,-0.18839172658620487,-0.24544674746988185,-0.8895861781208643,-0.2508463243212796,-0.3083441667230767,-0.9999984673139906,-0.26390226210881135,0.030359709903713224,-0.48154703525698533,-0.10384681218098259,-0.09928008647665407,-0.5811028317427551,-0.2894713735713304,-0.18927099298415323,-0.41690797469537844,-0.289149095246394,-0.22092221426174713,-0.28956430004102696,-0.22538019301375586,0.18476736408110847,-0.4132926838071255,-0.15711079079384904,0.031256269886967745,-0.4772671809289336,-0.28978001713189955,-0.05966376473441874,-0.3465423587771058,-0.2651707519709965,-0.08552509865938282,-0.2314981094565128,-0.2055079921438343
27,r,0.0,0.0,0.0,0.17867464402826183,-0.11024878451731947,-0.07606818674341843,0.2601702628952692,-0.33253738182889336,-0.07756870964869277,0.17233780599156354,-0.5116246332135179,-0.07593184768275274,0.020791281802616104,-0.5605687746674956,-0.07016249928792691,0.16234646920260473,-0.48385302226494953,-0.0007077151035562291,0.14835894383825948,-0.7050622390619358,-0.026794740795241943,0.11524379359713775,-0.8433112518865673,-0.0561290176313432,0.08346087104314347,-0.9587126628948793,-0.07955671333153336,0.0581928014843501,-0.4791823959984027,-0.004223446550199807,0.06408748662643418,-0.7289513107998284,-0.03346178473290232,0.08648358152138488,-0.880861694267382,-0.06506146416916711,0.08064798745580376,-0.9999986173169397,-0.08482172206687225,-0.03628756635460391,-0.43920872499497077,-0.02291628882037559,-0.02350988339341551,-0.596230692615862,-0.12582191509229468,0.045439224715458935,-0.4636789413994752,-0.173211299859225,0.07153329192313783,-0.35465862492448924,-0.1722998385473917,-0.11643896624908467,-0.3817296728384504,-0.04666935630582891,-0.0453109468067046,-0.4987080408946646,-0.14386186651226165,0.032258082388830864,-0.40546425890980914,-0.1716207753518119,0.06474177401326404,-0.3105667097190309,-0.17380997817510596
27,r,0.0,0.0,0.0,-0.2932448231412917,-0.05424913984756758,-0.06832931937801087,-0.488717969292959,-0.26508947049730686,-0.09609983907399061,-0.47945200062228066,-0.4673016527404972,-0.14175493897883254,-0.3962760458479954,-0.6124492422537876,-0.18081363818632193,-0.397486696079536,-0.4505017525744928,-0.00826854310206098,-0.45329102626687945,-0.6742577147337787,-0.10205860257847212,-0.4878347877748115,-0.8163748799396067,-0.1476557146622282,-0.49822009988692295,-0.9342071850457159,-0.1755423072569856,-0.21313805801342692,-0.47587158448688743,-0.04998865145480346,-0.33467998179551756,-0.7303516178840345,-0.16953967530221936,-0.43500486208987216,-0.8840146296765382,-0.22621396010929373,-0.49562057955382743,-0.9999984642869775,-0.24114273471140593,-0.019142937666136266,-0.4613587020159566,-0.10734620396589528,-0.21620093170143387,-0.6136764146663953,-0.28336651857883594,-0.27398417065602937,-0.4309758298358656,-0.27300923925316095,-0.2545040614998069,-0.2834274438404303,-0.2083634597593708,0.1840154483758923,-0.4154670397194514,-0.17145010397689084,-0.04711357141043494,-0.5001255970795724,-0.3090321478769272,-0.12776245630212094,-0.37401970682654456,-0.2948272141464666,-0.11722176245947563,-0.2623997875694686,-0.2462254107090014
27,r,0.0,0.0,0.0,-0.31909468661019563,-0.12267758984230238,-0.17454096321534462,-0.47374466646036617,-0.30177931860142093,-0.27209454841112213,-0.3287193876272101,-0.45599919093473085,-0.3948199606622362,-0.031167141328035865,-0.5482324806212026,-0.4979433961781527,-0.26139674026288806,-0.545463655602061,-0.028067982297423626,-0.18217038935547564,-0.7390132148391267,-0.19934533935446916,-0.08627675232741994,-0.8659208186081194,-0.3335984945331783,0.016177169465133222,-0.9782007745992483,-0.43655207224908005,0.015851405569607704,-0.5502121098253326,-0.07594544938874322,0.02759151277042753,-0.7641975543041502,-0.2690981467180618,-0.06283335025453161,-0.893183646870181,-0.39483992168524634,-0.11850703875257913,-0.9999985899351805,-0.4732431220269268,0.26830035462315993,-0.5063814853836309,-0.15919076842772,0.29437785531567295,-0.6850421805922412,-0.4207643738602795,0.07895715024761667,-0.5845972202018413,-0.43134380010206747,-0.04487095093778396,-0.4853692938901716,-0.375177893788193,0.49845128611574896,-0.42352483372716554,-0.2641884494520746,0.4302424113529829,-0.5593351798283006,-0.4671284513424284,0.21124435477585848,-0.5168820340671241,-0.46978759579303003,0.06358733062263261,-0.4463873910420619,-0.42951394160532297
27,r,0.0,0.0,0.0,-0.30858659003280003,-0.0974744937065191,-0.10347414316138599,-0.5127516349950485,-0.2474749899146373,-0.16887673078031654,-0.5368059653385518,-0.41194520988700745,-0.25770655117979957,-0.3742504431459114,-0.4704521081607232,-0.3358649909014187,-0.33667251614928434,-0.5221882140291868,0.027089204306177117,-0.33604234769141017,-0.7316438175848089,-0.06656112216961224,-0.3270356939465246,-0.8548050669171428,-0.14233651620136203,-0.3009029819189766,-0.966425997226097,-0.19773799020113092,-0.17470585627534715,-0.5328892522651398,-0.006409211848079918,-0.2026899744177663,-0.7701072033006572,-0.11460208784073506,-0.26364184636066773,-0.8988529010754248,-0.17990169117669763,-0.3054644371888815,-0.99999860281851,-0.21275277178972363,-0.00770775888067738,-0.5093559955361361,-0.06670192530429583,-0.058732832861559385,-0.6956939853881607,-0.23036274065340795,-0.18332151743271863,-0.5858890678288606,-0.24509287630715013,-0.2522308588577162,-0.4718257038451657,-0.20441855034470657,0.16534805870825645,-0.4552511991103426,-0.13997855816154356,0.09559081717042081,-0.6109076383586329,-0.2510177464640911,-0.02891246529243265,-0.5539772854894388,-0.243677807926524,-0.10700580204167918,-0.4679295189235795,-0.20984608126146984
27,r,0.0,0.0,0.0,-0.25916740864449495,-0.1475490108404699,-0.2453584278242055,-0.31171123007297746,-0.3477860418847451,-0.3582301489909811,-0.03807199080656594,-0.4894276549874566,-0.46389993799767065,0.27999696366972365,-0.5886897631610559,-0.5468746128025175,-0.21821799137582537,-0.5662211899872958,-0.06951972673655707,-0.13487888621274105,-0.7727942617087683,-0.2526715140388778,-0.06432032096782242,-0.8986064752153533,-0.3490451142881325,0.040471656496594975,-0.9999986600642478,-0.4158232436812013,0.09362298165506507,-0.5195655584286872,-0.0713357487819642,0.24648750038343625,-0.6402708750698816,-0.40852892606924346,0.05596805316073141,-0.49439183060582326,-0.48809829747734484,-0.07435565324002781,-0.38028743153928296,-0.44087561451757795,0.35045270093168573,-0.44857703244881986,-0.1149461995084098,0.41906120835457833,-0.5397128947118462,-0.4817317877706345,0.18092142339374492,-0.38793767373846094,-0.43086819555026057,0.07947417066582245,-0.3001211386984691,-0.2841764905552674,0.5491889625563598,-0.3600030445231116,-0.17587390585291765,0.5433042468746477,-0.4443953877640518,-0.41748158949720887,0.362149294143299,-0.34372299879585316,-0.36589828126253365,0.30106372188670455,-0.2794477224745453,-0.26067209017765874
27,r,0.0,0.0,0.0,0.115821442313759,-0.16746497665685242,-0.05209180818216893,0.13167208798518404,-0.3695186629591849,-0.0613974019911839,0.006420992822100698,-0.48724018071067804,-0.07501314882438445,-0.1316671139657135,-0.5345330023981614,-0.08332477421913073,0.06844608299068695,-0.5501882623672605,0.0072888085898590756,0.0006952746591119712,-0.7567582806297601,-0.049562023822444824,-0.06443065033501078,-0.8774483553764959,-0.09806697130941114,-0.13041117404941022,-0.9822442617814398,-0.12984102711678094,-0.038598080214926556,-0.5147511715258418,-0.020337405580636708,-0.06719884760845703,-0.7547467560682649,-0.07048627136004687,-0.08362337077629194,-0.8799158576291392,-0.11107775302451113,-0.1055584857650161,-0.9999973921812799,-0.13439158460545322,-0.13088821360425362,-0.43741091996945247,-0.06254633734213974,-0.17586982605714363,-0.5413867349141962,-0.1648678585007004,-0.09374752109418598,-0.4170461961904328,-0.19551807735418872,-0.027999377351924346,-0.33797374235343897,-0.1859778691502269,-0.20817328463214207,-0.3321009797398533,-0.10942292006238934,-0.23214160779849066,-0.4298525865077984,-0.18100270332366888,-0.16138268347307164,-0.3460602545076176,-0.17692159806717114,-0.10451238729512484,-0.27135467888951303,-0.16042504876583166
27,r,0.0,0.0,0.0,-0.2541270852618424,-0.16770757055183308,-0.12603696561447097,-0.28330598067432433,-0.3685239809933761,-0.20497885088559584,-0.13817920619351803,-0.5420356734019309,-0.31891886467877467,0.16032109677445433,-0.6354233433588701,-0.41920545827197275,0.007136076921861942,-0.5104647855157953,0.055326847885417425,0.18507876220271524,-0.7213481767747291,-0.06798550132068944,0.29001401862499937,-0.85213042469802,-0.14617301778072125,0.4169968476399238,-0.9625636727647887,-0.2060856228148627,0.2333514047489963,-0.49987803702662914,0.006010259451718975,0.39567478497345626,-0.7479451278694418,-0.13225589348430075,0.3653492171326084,-0.8921407775116963,-0.19739442394061196,0.3662130204907652,-0.9999985757036343,-0.2285730771864012,0.42751207236208777,-0.450966901600083,-0.07956331559765244,0.5395474103623658,-0.6887686552081748,-0.29165960774635585,0.27864993200817095,-0.6073711701252047,-0.2846371411285778,0.1336819954716508,-0.49788755393699535,-0.2211950292059067,0.6002115349299384,-0.37655433846313224,-0.18223399584752845,0.5518803999498716,-0.5674296668961442,-0.34607650268050905,0.318663171240931,-0.5500991822438109,-0.3476239416644543,0.16945983917237714,-0.47669601683938945,-0.31364766916906317
27,r,0.0,0.0,0.0,0.14514094827125176,-0.10274798380512655,-0.09314399518298466,0.20792544618233846,-0.32098009110892345,-0.09289583515600411,0.06425592159364349,-0.4937259852214926,-0.08045442914171047,-0.07787615701738163,-0.5567692515102017,-0.06134410067814055,0.2138351732053469,-0.48184339098189544,-0.0016212443298778008,0.1652769945003358,-0.6917807213942273,-0.04759277951718624,0.1152281485425335,-0.832558877385187,-0.08977157058440623,0.06563423122667883,-0.9512292749784341,-0.11691570164564548,0.1019981496663374,-0.48435667219855005,-0.00148183132838913,0.10354557214931313,-0.7228737195306182,-0.03766250422840353,0.09073409875570417,-0.865422771723405,-0.07459082682823283,0.06415535842016032,-0.9999985121956938,-0.0924849084449583,-0.006912387976260125,-0.45021591820125145,-0.02098304273390736,-0.0649478920016586,-0.5801349363769255,-0.13096484920249474,-0.04147791939947086,-0.417713794115436,-0.18015458503339093,-0.007701196995777541,-0.3166891296668336,-0.17522359752091188,-0.10733017052210063,-0.38438552671024745,-0.046604894876793146,-0.12887277097924155,-0.4829365499232772,-0.14750023056161385,-0.08578251530227142,-0.3674349564553157,-0.1674908082583324,-0.05653051494499037,-0.27217316487161936,-0.16008101389753343
27,r,0.0,0.0,0.0,-0.33683088422294644,-0.10696545269408288,-0.13639246523697574,-0.5599729255541817,-0.2755368100217867,-0.22851921015367305,-0.594007680948241,-0.44951857316085514,-0.33753290326160756,-0.3855984406064634,-0.522535043985464,-0.4343563645166967,-0.3606150539689482,-0.5187565746588343,-0.03206144949139524,-0.33594820075088194,-0.7385962233176527,-0.17388005289911823,-0.2990126877731561,-0.8641752922827459,-0.2677421216311636,-0.2506431384598561,-0.9762614915801028,-0.32561434729041877,-0.16388521151244637,-0.5171373586341423,-0.0588213362749741,-0.1787841399184507,-0.7573673224672228,-0.20440193455788475,-0.22203374885481747,-0.886264774260491,-0.2727784608155963,-0.2605719054268976,-0.9999984970851706,-0.29356734293947867,0.041615880837541266,-0.4759228441432378,-0.11488760933215508,-0.05348424921901841,-0.6480053171849082,-0.32769653879128646,-0.18554457173740133,-0.5149787771874885,-0.33268542259749556,-0.25159457512264566,-0.39398973394169456,-0.2640791666230225,0.23831056286751595,-0.4007811158940595,-0.18461523656590698,0.09788716493582811,-0.5171983630939258,-0.3373093994038108,-0.033692467522058706,-0.42813091121273295,-0.3277282727558654,-0.09699435884415195,-0.3304661751662473,-0.27512260869167937
27,r,0.0,0.0,0.0,0.14396336140578292,-0.1411942280014172,-0.10819094468181095,0.21191730444191106,-0.3579996329219069,-0.09949089554643094,0.09373354323662679,-0.5339671696089162,-0.07200736552390433,-0.03422671039308766,-0.6036318798035165,-0.0360876401509365,0.24642081158852613,-0.49644265275624366,-0.0071642154993369145,0.20818351151989933,-0.7094468872367956,-0.04526981258915453,0.16207261169605527,-0.8581893403610806,-0.08398676759715172,0.11557736369497205,-0.9805014440201685,-0.1084273246401585,0.13333869921712171,-0.49736631254416397,0.0070108232034328125,0.13732422270718875,-0.7218054396542481,-0.016740712037627815,0.12031283247829215,-0.8676431785143756,-0.051287242486233266,0.09489246569168175,-0.9999983699968683,-0.07012820922073078,0.016009325744557663,-0.4578721570167772,0.0004140040917368,-0.02689300518309743,-0.5777255399171715,-0.09738998729867009,-0.007153675591076133,-0.43420904641867153,-0.156758318537453,0.02634558106665302,-0.34098192756876344,-0.16279459361539725,-0.0907193344336044,-0.3849417989183721,-0.013214577403110146,-0.09953932842403063,-0.49360570463304254,-0.11315147477771308,-0.053758418131024,-0.3946572775270019,-0.14423909478579686,-0.024141214081471147,-0.29767941207537324,-0.1453930987306211
27,r,0.0,0.0,0.0,-0.3355833041796637,-0.11430527913377954,-0.10099611037519077,-0.45972198735973785,-0.32160506648081016,-0.12137968753578668,-0.3432091842668193,-0.4886781735747009,-0.16402914332104407,-0.19602555930653004,-0.6072925824632831,-0.19994479266575918,-0.3605557197447386,-0.49477853156616125,0.040020123852227606,-0.3344796332733216,-0.6952443660749612,-0.08130792853454424,-0.29607710422854727,-0.8142576756995898,-0.16559432780727545,-0.2448734134125523,-0.9179951362812578,-0.22195671359579383,-0.1287780444574577,-0.49692640256134807,-0.0058623201547579286,-0.17092350100224002,-0.7369834538790497,-0.15103346052023361,-0.22709774088708717,-0.8788679375659992,-0.24084673536351464,-0.2572662483686899,-0.9999984720447919,-0.27972589614392795,0.11028840336572868,-0.45838157159874904,-0.07759267591151478,0.02590760100071251,-0.629334762473124,-0.3177655439140956,-0.09229206041025431,-0.47900792721530744,-0.33048152944938314,-0.1378066799297628,-0.3540637468754245,-0.26646909501598576,0.354320209083805,-0.38581752048990203,-0.1590690449050369,0.19500690525797318,-0.4929343897843796,-0.3605497653076098,0.041342054069203917,-0.3886613730889397,-0.3544202183467652,-0.023305365673987867,-0.2861191120071587,-0.29891784842881264
27,r,0.0,0.0,0.0,0.15223200077742557,-0.125659938726076,-0.060295730894032125,0.21866270263104856,-0.31904492095939874,-0.08662652385229365,0.1125159347706679,-0.46940505597839927,-0.1171687224208714,-0.016796189366658575,-0.5311396916784866,-0.1471462373345955,0.11350271309804691,-0.4951957869015323,-0.031294238247751564,0.09536680388208911,-0.6999632243376569,-0.08810677487083077,0.06500289849196848,-0.8404872861473154,-0.134809366901799,0.035493828402443604,-0.9606386642524404,-0.16889355537030826,0.00220858776462191,-0.48077402529172325,-0.05485420106664291,0.014090020878104051,-0.7272517394543295,-0.11461463467244204,0.04633860969637867,-0.8779806710274742,-0.16072185050054458,0.05951025365049136,-0.9999979616605341,-0.18968463575852937,-0.09969771831647464,-0.4250118162128249,-0.0880221995121572,-0.0846537226259377,-0.6024332716338713,-0.19517146405082852,-0.001206136646768656,-0.4933184538906163,-0.2198453264109213,0.035166522219981275,-0.3816278312570926,-0.20795617839670183,-0.20186280768214607,-0.34318587806974193,-0.12539122717836412,-0.14012367668556613,-0.4633812371837947,-0.21704212937746367,-0.061546319225396676,-0.38039612001811596,-0.220829857090054,-0.029845974337471444,-0.2846399870114164,-0.20586943442856728
27,r,0.0,0.0,0.0,-0.23390198689479968,-0.10819047423547098,-0.1845610867645221,-0.3670728457153986,-0.31725581390737934,-0.2629640691391556,-0.25230748306847117,-0.4749513122041634,-0.353591206636574,-0.04322426274556231,-0.5877697603547288,-0.43074210123152135,-0.18662504576020542,-0.5421577962258817,-0.040950292619901706,-0.10952836991345329,-0.7593764051299328,-0.17236290665195403,-0.060708347824018905,-0.8807865253127639,-0.24646128572351245,0.018726463472384405,-0.9790726185614392,-0.29508302485190535,0.06402326670746732,-0.5299621924651782,-0.054298986878569,0.05238061727232892,-0.7739877425203284,-0.2149006869846408,0.010949187800420703,-0.9026317203967585,-0.2956645882190713,0.021472854560041468,-0.9999987097309933,-0.32408090331925776,0.3087542372843486,-0.4745106406762791,-0.1017527541930041,0.21122201535366372,-0.615180375355414,-0.36208247785214637,0.030495238789849194,-0.472982056507304,-0.388410256009444,-0.04147465065841274,-0.35746274563636027,-0.32962586623308315,0.5327252721604357,-0.39136907429493173,-0.16353653665542642,0.3778402276708074,-0.5028148267908364,-0.3652575431276615,0.2147146256097433,-0.4067610463002994,-0.3644095003810682,0.15803326956213623,-0.312807953904729,-0.3141984597763241
27,r,0.0,0.0,0.0,0.11032283078967145,-0.13641855875409326,-0.0656568564611785,0.14107486938895544,-0.3226638051312583,-0.07931657612469001,0.03376196126170028,-0.4422111945781744,-0.09365627436137075,-0.07834126582375565,-0.5121375991783436,-0.10272506629027758,0.18135461261692223,-0.4747295585992924,0.007405413947473163,0.1580025136323967,-0.6709109478306302,-0.03855133091154194,0.12007547796110124,-0.8008985428679342,-0.08202117518041391,0.0761095486390129,-0.9152074990954282,-0.1122835090781262,0.07511243099314263,-0.47825847635395297,-0.010098262680833374,0.09304303181654248,-0.7260041625609096,-0.053837878716554884,0.09593426139257316,-0.8721038654739084,-0.09427251522575204,0.08449751247770078,-0.9999983940810097,-0.11510572436763748,-0.030303206436330568,-0.4378122756443534,-0.04281179352254215,-0.09394308914822322,-0.5691954716489981,-0.1400665573787565,-0.05719609248415524,-0.4413055854730983,-0.17539337690618576,-0.01855005429803262,-0.35267889367241084,-0.1667229307009174,-0.13278214718006892,-0.36839328398848287,-0.08121026927883998,-0.16022130858596037,-0.4673367980018556,-0.1593674411684092,-0.11994012955452923,-0.3784581705532916,-0.16452036032650078,-0.07732758857792997,-0.30405014473975533,-0.15094686066102303
27,r,0.0,0.0,0.0,-0.306182881581011,-0.11247755999068726,-0.13088611193256006,-0.3708665811754627,-0.321848560076242,-0.18263081984380858,-0.17770689443231874,-0.4646577545023072,-0.25101308032194725,0.03352471005929492,-0.554049714302439,-0.3100655668543296,-0.09432503906835843,-0.47857474366639036,-0.06335154191851038,-0.023998769876296448,-0.689728480975499,-0.2348488434021998,0.06016127959993818,-0.8194621990068062,-0.33713989501162145,0.15093183161503934,-0.9211410616936498,-0.3978335203578769,0.17359947655493752,-0.45329244641756933,-0.11972487406008728,0.22174519412499122,-0.7028682748812943,-0.3168959258412898,0.2350416778213488,-0.8689575420262237,-0.4336704036819521,0.26470903092733616,-0.999998542783558,-0.47770414338903444,0.41255027802315,-0.3836548653349134,-0.19876205115357062,0.2623883891178886,-0.5361436063157117,-0.48680131464126203,0.047126148220543986,-0.4107273694979691,-0.49956988229158983,-0.05296479719852812,-0.29633339956328714,-0.41654383608895906,0.6139360050570777,-0.28071844547919156,-0.28846319969092754,0.3554287716744335,-0.3804276983901561,-0.5276553981105925,0.11920831586382957,-0.29424292845505357,-0.5176297703637885,0.010757092863888313,-0.20156717103197905,-0.4440685171088149
27,r,0.0,0.0,0.0,-0.30660967391874216,-0.12452857959436396,-0.20880408762409916,-0.4440645931540093,-0.30252079274721605,-0.3094738859852152,-0.33636270364646975,-0.45347216337239027,-0.4246884948941692,-0.1234730173682566,-0.5657301448265103,-0.5216467560082307,-0.24257056426420665,-0.547736759461713,-0.02455303118031823,-0.19657265866236268,-0.753686561936826,-0.16884513753343414,-0.160935186297673,-0.8808334063716838,-0.27330661484131596,-0.10899061323461981,-0.9762548717048003,-0.35041223140460326,0.02574598509548371,-0.5479738755883514,-0.04343859068800289,0.040029608759443745,-0.7872583880444544,-0.20909166558129597,-0.10132687152143814,-0.9140135025951491,-0.3030642650245405,-0.19920317073642263,-0.9999986459671635,-0.3494881403052127,0.2759461925148377,-0.5029627297966994,-0.10468011542244125,0.2722545898094033,-0.7129839808077518,-0.3583722068627905,0.019566761433148356,-0.642125442019622,-0.39315116227815544,-0.12144861220742137,-0.546633257487742,-0.3522329329903414,0.5065849651396949,-0.42501943877547765,-0.18640833629713743,0.3797646396188423,-0.5897348840294743,-0.4031462768811271,0.1453509750296362,-0.5578076172521762,-0.43180665967880233,0.008861751169893772,-0.4786454541061905,-0.4070241505260719
27,r,0.0,0.0,0.0,-0.23771013243132885,-0.058831571310063856,-0.06671189982585632,-0.37645848840765705,-0.26210865715402293,-0.11733960462773702,-0.35107082943307455,-0.44328075529827105,-0.1862341270012129,-0.3105457395936035,-0.5910678421772851,-0.2534229334976803,-0.25022558852249177,-0.4549285080261459,-0.07734880589181883,-0.3298507516108488,-0.6768376533495555,-0.20718542513344235,-0.3652250858442881,-0.827225038639438,-0.2800475870417893,-0.3703355647494898,-0.9479707907597295,-0.3165573349292367,-0.06586446964223525,-0.47475733343718163,-0.13075990467952267,-0.15709110089653472,-0.7257889366051627,-0.283248190934003,-0.23100716179945333,-0.8761948741701292,-0.36504622916296386,-0.27727209004176234,-0.9999983872770654,-0.3893363961028162,0.12868439559225103,-0.45046519591888773,-0.19059441630628818,-0.09930561836160948,-0.5507775395496933,-0.39774848306108407,-0.19308299518840527,-0.37535347453082674,-0.38277333654029183,-0.20234250297087977,-0.24112622628556113,-0.30023789343963037,0.30662628310477313,-0.38812945551083133,-0.2529351672705039,0.060220636859812604,-0.4339563626158913,-0.401400325384972,-0.046402508261552504,-0.31534715009225667,-0.3591299759267169,-0.07109880661192271,-0.22132998751314445,-0.2798258248727799
27,r,0.0,0.0,0.0,-0.24022401416930486,-0.08642714603124753,-0.08256903778677822,-0.40169794392125646,-0.24533907087727858,-0.14173030457088354,-0.4449958515760729,-0.3829308210154322,-0.21495044139790764,-0.3672562306577586,-0.48393254037140504,-0.28179640692847746,-0.28122329113950467,-0.48258683037252914,-0.051616841746051766,-0.30458927257630747,-0.7033544001239314,-0.1631993077591288,-0.32702494103939633,-0.8400619975123303,-0.2252933009359233,-0.3454561875787799,-0.9509424996907826,-0.2579351478840178,-0.15208687028986517,-0.4937282257926634,-0.08710430228601555,-0.15402375508681637,-0.7573543037570706,-0.21412529365178135,-0.22106000781742116,-0.891157721207071,-0.26645555588983905,-0.28499205297247043,-0.9999984903702768,-0.27201156421089767,-0.005878455031698327,-0.47089979051167513,-0.1374153359163019,-0.18192356132776225,-0.6445247693543095,-0.3166983727174175,-0.290768469614364,-0.5045690848618736,-0.30978108769427637,-0.3152623621765661,-0.38240722190584314,-0.24381403352350867,0.1364475524620006,-0.4103213801072598,-0.19386208009543984,-0.07801964161414542,-0.492008959907302,-0.32275006356037833,-0.1608533086901518,-0.37989369423317426,-0.29955315631620616,-0.1472558384297034,-0.28202142210737796,-0.24244022697505907
27,r,0.0,0.0,0.0,0.11716164158833428,-0.12549718720469735,-0.12904692577659774,0.14155197579554507,-0.32834840536110926,-0.135352477611464,0.00901997425721514,-0.48525448899286633,-0.1215765880132921,-0.11090529328348447,-0.5588963940560169,-0.09510343426637809,0.19939549747178714,-0.512039914584851,0.006504897298349895,0.13015776192218415,-0.7091259764665229,-0.05020160048078862,0.06202297249700086,-0.8491747339516302,-0.1051394339482721,-0.004715821682896083,-0.9653966149479701,-0.1364413053508751,0.08687015464481625,-0.5139180047651103,0.02869406867613378,0.06543842064809882,-0.7423483123696395,-0.00805436901913704,0.05019051373151727,-0.8741460045656932,-0.04800613092205849,0.038844902877679215,-0.999998285124381,-0.06391350696355155,-0.02199217638587393,-0.4717565463154885,0.023326971003517837,-0.10509076738008076,-0.5637347709868791,-0.08371567268661838,-0.07029427626736996,-0.4028877541916853,-0.13962210722081175,-0.00922491443417279,-0.3093268905028764,-0.1364289501668902,-0.11329660272983072,-0.3958025480838681,0.007771274509685385,-0.1534746900105317,-0.4736838016953072,-0.08618937345036559,-0.112485019186168,-0.3634551176394393,-0.10776385006908867,-0.06568036249291616,-0.28001594775764,-0.09963434343611832
27,r,0.0,0.0,0.0,0.11540618467729749,-0.10256824737287869,-0.07368147389263344,0.13411136763989454,-0.30252856312836124,-0.09847828967775087,-0.011220624977779382,-0.42373748611271567,-0.11904475210997892,-0.14722872311552215,-0.4674078909474019,-0.13543697625098977,0.12686003978333785,-0.48438862286348366,-0.047532808269013814,0.09228809475060828,-0.7144705585262281,-0.11460401295228553,0.061016792090771876,-0.8636747949090571,-0.15675056560103356,0.03148192598226636,-0.9854408977026433,-0.18153295980312084,0.04760642512749822,-0.46966428403284627,-0.06964026983271278,0.05554930686760122,-0.7112996616790419,-0.13660659830375035,0.04813909798989162,-0.8608294555544632,-0.18003086179563854,0.024450137494404882,-0.999998365175584,-0.19828120459479703,-0.04020903002119715,-0.41701683353441643,-0.10535035060727986,-0.12433665252557886,-0.5274355865615025,-0.22805649944268752,-0.08901644170846829,-0.3934264367634904,-0.265755418832395,-0.04654468479846896,-0.30970943960295316,-0.25253937782829594,-0.1331068264273429,-0.3346414333681959,-0.14479194290854747,-0.19082034518074992,-0.4104336732105464,-0.24302010987555794,-0.13980613896048266,-0.3182554943089786,-0.250218087619216,-0.1002585041745357,-0.24429684181715522,-0.23298909497228953
27,r,0.0,0.0,0.0,0.13985386869443162,-0.12548298681949777,-0.046843505987874984,0.2162490054607208,-0.31085596310428043,-0.05926284327998818,0.1409373051777304,-0.46014398298710757,-0.07819416355004424,0.03304315688894607,-0.5467608831560502,-0.0934775550277447,0.20957273891097863,-0.4846271509948389,0.01526626508421421,0.19079792846679294,-0.7119501102874997,-0.046949229728590725,0.14495796777258227,-0.8510715830521207,-0.10623564533945856,0.08569287125193217,-0.9735614269229894,-0.1438155014424106,0.09644164129103626,-0.48915616005158186,-0.00771784020842775,0.1271545053911331,-0.7446653448596984,-0.0657395797038089,0.13410487907843213,-0.8805485449423129,-0.11448790055694773,0.11772226480081532,-0.999997863032224,-0.14004441072146698,-0.007376946551461724,-0.4468180708875068,-0.043323826091489465,-0.01639191252159528,-0.5719746638687194,-0.13986498964031405,0.02961618080345885,-0.43184866232141134,-0.1654851227208229,0.06213354110140357,-0.3305648012620836,-0.1528804136306271,-0.10275311098113019,-0.3773978908371173,-0.08365283778812707,-0.08709550498742318,-0.4714228803061893,-0.15422531546086823,-0.05107143297754578,-0.3715816481687805,-0.14735461371341205,-0.02511353800018908,-0.28739063437917794,-0.12691451802381976
27,r,0.0,0.0,0.0,-0.2510027887618791,-0.12821955967459217,-0.27272055744163626,-0.3642151174147508,-0.31878537809672725,-0.3857553071335437,-0.1352367991517573,-0.4656262702771465,-0.48660025993860445,0.12062888485913167,-0.5814008321223192,-0.5700277680741717,-0.2994083912745029,-0.5374761492106082,-0.13220808829596606,-0.25820260111675836,-0.7539174164228322,-0.3130890997612827,-0.1897215712361513,-0.8851137043799654,-0.42755855848103386,-0.10866633084549406,-0.9999986805666141,-0.49931198010908245,0.00527050895790172,-0.5284497429906465,-0.11383600925311779,-0.02736957363060243,-0.7474279199118099,-0.32125753535474316,-0.13893744875213548,-0.8157261803038072,-0.4048971080023741,-0.18605937872696512,-0.877561211400443,-0.4251450024480344,0.28929154170500626,-0.4802016651276292,-0.1380528583579249,0.33223891117654775,-0.6068037462857678,-0.44793507577463787,0.19082125529778252,-0.47130502209880615,-0.45120534412440627,0.12855364090850546,-0.37128764387577684,-0.3630463554624915,0.534575745277764,-0.40681892900720806,-0.18395028584401066,0.5730882020979784,-0.5264355036867419,-0.41721985317686927,0.44527641342099455,-0.4260289145346549,-0.3946032299824211,0.37604798688160807,-0.33619283493272106,-0.3180202583132673
27,r,0.0,0.0,0.0,0.17423802009129966,-0.10695090155632324,-0.061646590883419644,0.2849646618867685,-0.2853818551338578,-0.06794413153037762,0.20480082464339125,-0.460819692848482,-0.07449609914165335,0.08496499244318077,-0.5480549488989275,-0.07721210425123826,0.24024501904364562,-0.5126312843373891,0.004806527143587726,0.24582496189572772,-0.7242538041759252,-0.04023138183804487,0.22355419285653141,-0.8545332662974221,-0.08537910968080535,0.19524293946854684,-0.9722640496088224,-0.11637020537230856,0.11975936696486145,-0.5119488186497095,-0.014698687515450334,0.16684445109375565,-0.7468181499087614,-0.048443944157664495,0.1982353149110444,-0.877483303754334,-0.08427511760384851,0.20441392132227654,-0.9999977414194192,-0.11040093600503377,0.007231618860000165,-0.4727123255174435,-0.04972311297317406,0.04375534622198693,-0.5999268509959972,-0.1376719912657112,0.08623138059270274,-0.4404062347590975,-0.16426757276328816,0.09823399934842512,-0.3363297125558644,-0.15815481328557734,-0.10530636050874585,-0.41147975931909686,-0.09081366088820969,-0.048523922923631176,-0.5379625474970524,-0.15807814611738846,-0.008097103011512528,-0.42824907006995844,-0.15335041033259988,-0.005689794316949756,-0.3346443810746413,-0.1395601474568071
27,r,0.0,0.0,0.0,-0.22105100243701353,-0.16079919450575195,-0.24954861960406513,-0.2888738441017793,-0.36800057480196624,-0.38855789107414296,-0.09312600526919244,-0.5119118252543815,-0.5249932105566728,0.2021662287128579,-0.6020185127455016,-0.6445858593342784,0.0040389737356971295,-0.5859630975460616,-0.11117716670091103,0.13278061509210615,-0.7948647116693707,-0.30869137415898745,0.2300696340416033,-0.9118242822052234,-0.4329804042741457,0.35459728302439103,-0.9999986227366358,-0.5176702977580306,0.3312313918572871,-0.5289123985625174,-0.10350208225278731,0.3945598993808373,-0.6691249026455004,-0.4016494411643275,0.1808604185582805,-0.5412797392606912,-0.4973551653344423,0.056493504328333055,-0.43055578233994163,-0.4864277880170507,0.606647928110312,-0.4430082106639167,-0.1351884083111252,0.5961340035930635,-0.5577449952433564,-0.4503602804042931,0.3343471669053224,-0.43133138088173684,-0.4250848226114515,0.20477073918444305,-0.3337287731907433,-0.31734467898429863,0.8345714494637112,-0.3405984189118535,-0.186093363123219,0.7896520787092826,-0.45470433190008913,-0.3905426122791581,0.5804741042461181,-0.374274073549059,-0.35279605039305073,0.48009910938815714,-0.29933900639063804,-0.2690096947320139
27,r,0.0,0.0,0.0,-0.27682200817449104,-0.12411910974665424,-0.18554027284949567,-0.45905258480497824,-0.31185871154294953,-0.27706812745086823,-0.3666889871824129,-0.47926669120867066,-0.37711635272432004,-0.1667244265177404,-0.6053325580785661,-0.4591756428934267,-0.37090610010169167,-0.5348017408939845,-0.036408248439199084,-0.32704078250974056,-0.7599643560438897,-0.19704392138745622,-0.25656882328717456,-0.8819998739154737,-0.29405693765439106,-0.16066013453748773,-0.9827529933530658,-0.3506902488833165,-0.13220082844399686,-0.5279589222379271,-0.0519989393058054,-0.16880259305005332,-0.7779000186866961,-0.21947493094821288,-0.2371775271688034,-0.9012029246539696,-0.2894045761119208,-0.2572588628228061,-0.9999986564996707,-0.3068718575032582,0.10561040278250873,-0.4801434746455546,-0.10749828883439654,0.05211676343282058,-0.6344623644658764,-0.35639098283969,-0.06369360404871628,-0.5017814232174374,-0.35693167530163544,-0.09235510926341749,-0.39299701474451554,-0.2803691982722043,0.33675731113164126,-0.4058174800544297,-0.18139829392050424,0.2299895285872105,-0.5287083002087335,-0.3550323248634463,0.10123097001424246,-0.44197284505605566,-0.33417710710751225,0.06643190066249356,-0.3570230283605298,-0.27359939151664736
27,r,0.0,0.0,0.0,0.13818865489428842,-0.11606020566744893,-0.09964789230473545,0.170530429215808,-0.31537193938312347,-0.1265623956011824,0.04659601268900871,-0.4482593922044589,-0.14692814673588,-0.08369885928611054,-0.508265387275453,-0.15889805365400858,0.17375188902719405,-0.48074074399567773,-0.026891641428986725,0.14176671426108037,-0.6957302881625169,-0.0807660639532517,0.09897067603952485,-0.8432821489842688,-0.1288477183078829,0.04822416341518703,-0.9698786187334083,-0.1629930537235907,0.06880848679334625,-0.4801474237512563,-0.031124439450437084,0.08873984576203267,-0.7277093466599373,-0.08169226739395591,0.09902104034862759,-0.8764253654104384,-0.1216684632061727,0.08216257913382316,-0.9999985846350209,-0.1417434701268268,-0.04193832644492632,-0.43849031912273534,-0.05416500888204973,-0.07856081395319893,-0.5944878612056164,-0.165512471341885,-0.03406280796951049,-0.4649278694592978,-0.2005888293962157,-0.008041670078058808,-0.36839577083840613,-0.18761206865295707,-0.1510433011694964,-0.3704022444191427,-0.08587937003382766,-0.14407499406596277,-0.47909694405787706,-0.18091047304561828,-0.09142644842147332,-0.38788026256200503,-0.19123751855683185,-0.06388227526304269,-0.30453728575152256,-0.17748369642136988
27,r,0.0,0.0,0.0,0.17320495162024377,-0.09063143260230219,-0.09332090050992925,0.27314254449635594,-0.30740505979183935,-0.08679435095900531,0.17592643939231442,-0.4788636555398009,-0.06758219705331533,0.027061072678145778,-0.515494162930675,-0.040221565895715176,0.245845771988516,-0.47385632277615874,-0.01669253144627757,0.2490672072507011,-0.6976790653953462,-0.05605989427236127,0.23032743073155662,-0.8487402000442879,-0.08889730239867771,0.2164407133453629,-0.9698841092233254,-0.11176127624754792,0.139215803431107,-0.4812077856857715,-0.0192087111587306,0.17414284878626957,-0.7445901080097616,-0.04210283459871563,0.2089362383884873,-0.8880188070969316,-0.06298956027960324,0.2269438639761823,-0.9999987905224181,-0.07344050388475612,0.030141318732055583,-0.45235602148914017,-0.04194653792888344,0.041647896776703774,-0.6013359399786212,-0.14587696125456837,0.074415435709354,-0.4469110274115132,-0.191335335607558,0.09655564815657458,-0.3371306327163261,-0.18637132922337635,-0.07112367618233738,-0.38733848119147224,-0.07223195652241018,-0.019021650302323636,-0.47513124294381176,-0.17626049499359558,0.03502566513403443,-0.3616978433181527,-0.20303659399785204,0.04753271488276454,-0.26701838599127864,-0.20191564107634347
27,r,0.0,0.0,0.0,-0.20310831923571557,-0.1172542423423823,-0.16845388835417044,-0.31438946759803976,-0.32664394787456374,-0.24018681598933228,-0.2077420172276416,-0.49465482267529987,-0.3223325096421163,0.008166164367187107,-0.595778602876236,-0.3936156552649202,-0.16168224567189535,-0.5082533555628606,-0.03769826788960584,-0.13079613955136718,-0.7398969425559566,-0.15518171707189551,-0.11414369784244253,-0.8782354580062616,-0.22330496595200916,-0.051686643632831035,-0.9799800018605687,-0.2680437690102633,0.06140991105899329,-0.5032089195506236,-0.04544181636555796,0.054529492016044914,-0.7606643265051859,-0.17827102454204813,0.003218204029488312,-0.9089795968284904,-0.2453845822557599,-0.015181824475350252,-0.9999986645270376,-0.26923057104782633,0.28713520894160177,-0.45283214016066586,-0.08381671239644871,0.287201834469315,-0.6250527612680226,-0.3072035597268419,0.09589295987192434,-0.52713914545703,-0.3349683951946712,-0.027611385813051316,-0.4185480127261761,-0.2884487124767444,0.5097165301598267,-0.3715038629285355,-0.13528717131592474,0.397650322936007,-0.5017902017723288,-0.32316512973755274,0.2138530188860308,-0.43031589580925805,-0.32936158241625274,0.10362645631093316,-0.3323384802844517,-0.2872378512208405
27,r,0.0,0.0,0.0,-0.2404043250210019,-0.10098344667409402,-0.12150998372413672,-0.3945010763492896,-0.26823775848693354,-0.20224137781646753,-0.35226860739265,-0.4268230437184159,-0.2995810658017228,-0.17558082001852987,-0.533195256283184,-0.38601515490786437,-0.30506898431034507,-0.5013745042112047,-0.04379445287645909,-0.2992572037619729,-0.7218498883439095,-0.17736679382373985,-0.28696845897104206,-0.8590013326946135,-0.2564248345211345,-0.2736418711733897,-0.9760263258711388,-0.30378391973911356,-0.12687765732453338,-0.5046748730304332,-0.0804917715298875,-0.16430466616591483,-0.7431193569646013,-0.24650415133364934,-0.23075165810500636,-0.881782269396286,-0.32463056500565585,-0.2879332452781753,-0.9999985735373532,-0.345436250056863,0.06561758477646759,-0.4662949174459775,-0.14058512624737238,-0.06659905700422256,-0.6066133070187858,-0.3698701556975784,-0.1344778497243072,-0.4469468166429152,-0.3727615600419508,-0.13716183851017416,-0.3269375093652817,-0.30080253895908277,0.2539888325139716,-0.3941563898667394,-0.211012879331987,0.07349593253580312,-0.49219435706007664,-0.37579678214291773,0.011065932508731112,-0.38251790709320976,-0.3587006642012434,0.026046148179871335,-0.28646133451984057,-0.2992596758401935
27,r,0.0,0.0,0.0,0.2000271729617931,-0.11760245703894182,-0.14015860446761463,0.24082653980090118,-0.3131501519748444,-0.18637321301889234,0.09336620784225401,-0.4434874474735937,-0.22741048479954537,-0.07468376177958147,-0.5050578009098294,-0.2612624026638001,0.2038604241011185,-0.5140695361944055,-0.043742519495861894,0.1466848341975551,-0.719329183651905,-0.11970718560746003,0.08695824804223236,-0.8570279072648643,-0.1927596117374008,0.025371448903024202,-0.9818457571253429,-0.24970770274984652,0.06526795939755657,-0.5112151868401443,-0.04696243117062719,0.0799973811585585,-0.7347319230892522,-0.1266049867261018,0.09808778191422603,-0.8776524761111102,-0.19545916113170705,0.0891427218440263,-0.9999978611386742,-0.24383043558585743,-0.07910038917318225,-0.4683171443240516,-0.07634940442092046,-0.13965047159478386,-0.6494955019024052,-0.23350360181504673,-0.07223634795933406,-0.5125261260933598,-0.2945896516088086,-0.023029721034436394,-0.3945988982922312,-0.2967852166986537,-0.21585609832965655,-0.39661789517574514,-0.11782913254171654,-0.22565295657357592,-0.515500312353001,-0.25977349285748835,-0.151300021144485,-0.41834266880223503,-0.29875573700422003,-0.09093007653916206,-0.32307825712736876,-0.3056622310792294
27,r,0.0,0.0,0.0,0.14516179118989986,-0.14782300440251145,-0.07943900422813498,0.18221920948327294,-0.3373045816104732,-0.08247925892690872,0.04553219615700997,-0.4639458067522088,-0.08112298484867479,-0.09099876137070563,-0.5042195666537271,-0.07344345044054436,0.23487090452447917,-0.5047170248962928,0.018417915357609328,0.1973227126216557,-0.7101565228935626,-0.02478764107038617,0.15073993521648102,-0.8562969139868533,-0.06806101424076297,0.1001821103445693,-0.9731449389217338,-0.09654646162423683,0.11397445308207273,-0.5086002498117818,0.011348284406166604,0.10406588218458587,-0.7264594922904064,-0.030924272900450085,0.07307458613521428,-0.873352816150053,-0.08117758614734878,0.037834537277728154,-0.99999796091757,-0.10806076495394396,-0.007646491051253435,-0.4708665897247034,-0.013205837189040276,-0.08231833988468389,-0.5877938275620008,-0.10907839399931961,-0.05955910874747013,-0.44700402950710566,-0.16153047678029278,-0.017400707693167726,-0.3492185424425641,-0.16450401428287098,-0.12039315933821279,-0.39792721548659504,-0.04433003494910161,-0.15550863094218564,-0.4805360330648367,-0.12742263006054455,-0.11478159214605489,-0.3842802939040464,-0.14637294965245964,-0.06779323981895452,-0.2930052141081091,-0.1406255324845803
27,r,0.0,0.0,0.0,0.1542084258411652,-0.10605810296776676,-0.0612286616498601,0.23200335952270057,-0.31171587084320407,-0.0676410618886773,0.20107203896511874,-0.4959426704732154,-0.07398458264727263,0.12581153999139355,-0.6042645580356945,-0.07725041076655528,0.20391873296043647,-0.47513397737834506,0.028008641552559964,0.22475955358671773,-0.6798036649300343,-0.004107355270321865,0.20721978390195273,-0.8164142883518306,-0.03940221312255957,0.18722452265309472,-0.9367212689660591,-0.06459702061625745,0.12081738084315165,-0.4962249186674814,0.022468610671676385,0.15604735663775987,-0.7268591966671856,-0.011148542675387034,0.1845347837124168,-0.8700435617005449,-0.05013276363949069,0.19516810770539517,-0.9999985796823873,-0.07508405111187415,0.03204719141799589,-0.47713947185886846,0.002132116923505905,0.05362885006108038,-0.6524343098114875,-0.0798894398486953,0.0754522906006327,-0.4885320468807235,-0.11218850328213145,0.08163495676726115,-0.3682814905080902,-0.10926501432783843,-0.060173300168379455,-0.4346190438310247,-0.023209667445596934,-0.021043406087852514,-0.5622258736639607,-0.09978410150026815,0.005265994466714677,-0.45330676957885124,-0.11673548020956902,0.01377234042824831,-0.3585820236929608,-0.11463363488138544
27,r,0.0,0.0,0.0,0.13171358118389145,-0.13872892559047298,-0.11490488309681118,0.17691850669243475,-0.3462767449879242,-0.1050081966538655,0.06366560870644722,-0.5202292040551257,-0.07460904896672185,-0.04611045293712646,-0.6004575648474506,-0.034381085360266156,0.2300057033929211,-0.4848323149904585,0.015452672189214615,0.1911160018841467,-0.6842235406299354,-0.021357242911764527,0.13755378904201027,-0.8234738725952361,-0.06543884721952438,0.08113056400099047,-0.941555472895179,-0.09237202429801451,0.12016504272945726,-0.49266978363634867,0.03700274490538368,0.11594536727352922,-0.7264014910198314,0.024357861977006224,0.09675916067481591,-0.8711309312528049,-0.008332875627235805,0.06847421685522947,-0.9999983351893854,-0.026286975773316536,0.008538879048491746,-0.4563851293928069,0.03408660089128202,-0.0460942783745426,-0.5733064777110821,-0.05300026128597376,-0.025767616267998863,-0.4186919982086799,-0.11358496932865611,0.011426137700156923,-0.32119406686860713,-0.12197177771972594,-0.0871020537382409,-0.3817292031019594,0.022799857159159973,-0.10478333140353768,-0.47875072907414795,-0.06744064159826543,-0.06713649122214307,-0.37050574358632726,-0.09667656659228518,-0.038051601167772425,-0.27637028550046033,-0.09807409097247036
27,r,0.0,0.0,0.0,-0.3136009039826281,-0.12468702274488808,-0.18958802798948385,-0.4764679103139313,-0.306940966581888,-0.2945929569582665,-0.3504545042961377,-0.4577227724779998,-0.4142638888680256,-0.06562258264637016,-0.5518174120793106,-0.5181124112269648,-0.2633192082909166,-0.5267296374587919,-0.0514012559285467,-0.21059008453211184,-0.7369270614616861,-0.20281265566932463,-0.17577441473326758,-0.860921366775796,-0.30074389975999843,-0.12568276592431468,-0.9643120766461384,-0.3730821975301353,0.007650108908234716,-0.5224402227848292,-0.07865403686964546,0.023868961218123846,-0.7659458336413052,-0.2508337166456462,-0.07179501908763519,-0.9008149851689551,-0.3310740889696695,-0.14690278349561725,-0.9999986353701681,-0.3674184913384801,0.2523045009111437,-0.47274074647543557,-0.14222572571355244,0.1719779100141591,-0.6729088763168835,-0.4020871422027701,-0.02049740832395527,-0.5523723018007652,-0.4053662134766962,-0.08690116377666533,-0.43965323036566883,-0.34336769840351195,0.46334300336093065,-0.3928430523097952,-0.22406752669205546,0.23941498692998267,-0.5250638702276966,-0.4355549554237449,0.07126916713084767,-0.4471585571419497,-0.43910508650370267,0.031575030860507024,-0.35533455686402343,-0.3993031770171604
27,r,0.0,0.0,0.0,-0.28708312022567906,-0.06519661706837386,-0.06777675846680928,-0.4740993599140569,-0.25861679610943,-0.09954508401072648,-0.46824047772852473,-0.43838856803910614,-0.15186312040650363,-0.40180029999231576,-0.574004521898938,-0.19707257077296442,-0.3832369529261575,-0.436200355459541,-0.008358582908645757,-0.44269626503121084,-0.6455054124979144,-0.12001883682061729,-0.4739028226387487,-0.7809181314682265,-0.18486269808882735,-0.4846902396052568,-0.8932684808246355,-0.22589637450337421,-0.21312535844263705,-0.4585478545552447,-0.05783891279438675,-0.3447156469657573,-0.7061715149252307,-0.20743628601923303,-0.45765336821751007,-0.8690845491381884,-0.2945965756629136,-0.5274718048200181,-0.9999985116911216,-0.3282846215133742,-0.029133646009052352,-0.4444919131433612,-0.12120028931428171,-0.23300999842103964,-0.592199855023947,-0.31896493569301476,-0.29204711687792756,-0.4312799598322593,-0.31299798240134663,-0.27889158320442264,-0.3056331607735361,-0.24680510630776475,0.16727810447647104,-0.3971380951751376,-0.19161235187573505,-0.07400207248898488,-0.4603349199630908,-0.3463993393150087,-0.1462905315511461,-0.33716348814887176,-0.3318650507477289,-0.13434464910133884,-0.23311121667025048,-0.27729717041512175
27,r,0.0,0.0,0.0,0.18392767561731962,-0.09185141527855598,-0.04781325691830877,0.2755501542011234,-0.2867827301710763,-0.052850298533110907,0.1976340018756174,-0.46563684389978727,-0.06244144711162573,0.07665320112943487,-0.5378721838130158,-0.0704502412724388,0.2819247909283052,-0.4789274470990471,0.009566028740212102,0.2689487240163318,-0.6958132714456607,-0.03415455273984846,0.2438107605201619,-0.819629899664087,-0.07446236496629323,0.21511917994879762,-0.9365434533065793,-0.10130944642698077,0.16678801335011997,-0.49151851068435637,-0.015365078883639643,0.2048189121357717,-0.7244546158373397,-0.05949405359230287,0.2190253270606203,-0.864744067312081,-0.09957409004411424,0.21773977445468423,-0.9999978207543954,-0.12360372391471831,0.05704751721691886,-0.4621815559468212,-0.05294224665384719,0.04952891142835698,-0.5848442133305363,-0.14857217683690152,0.06819897490836238,-0.42666974016240433,-0.18481413831112767,0.08982228927738085,-0.31585437812901923,-0.1810091292611214,-0.0519788263218156,-0.4116397376556685,-0.09379925933886067,-0.03316302271612966,-0.5154569757931851,-0.16607581597546708,-0.0060483451089023595,-0.40275394141002063,-0.16953673804425434,0.013721004185393931,-0.3084738487696894,-0.1588760491851214
27,r,0.0,0.0,0.0,0.15529969321844653,-0.11865254990750194,-0.0492992984956143,0.22323936433606428,-0.3177252378953447,-0.06721503151460449,0.11783439707288539,-0.4672926666503031,-0.09059144770892533,-0.015885151544491685,-0.5118261539593049,-0.11351713717571135,0.22987315530398222,-0.4809775065317935,-0.009868137535849392,0.22487203377047688,-0.6890983155428488,-0.06272189523216375,0.201569222923187,-0.827814180669147,-0.1065834298844609,0.16838481408561,-0.9488924887985224,-0.13845634297478576,0.11892124168763236,-0.49309214229846654,-0.0398933776476796,0.15979667676719292,-0.7344620331806924,-0.09241118032170507,0.17747592059902234,-0.8767169937115891,-0.13355676005200515,0.1771390494160072,-0.999997821217964,-0.15683067581902482,0.002102652784964559,-0.4559985212977741,-0.08035016278544348,-0.013084861136104877,-0.6307036309635616,-0.18326946323476176,0.01788663908212826,-0.49508479898011043,-0.21371085236237508,0.04653471511557967,-0.3807422262591568,-0.20450888938651043,-0.11428075672900483,-0.383295512430807,-0.12444756164704161,-0.1017702908290125,-0.4706118997137896,-0.21693758870261462,-0.04952785583498324,-0.37285003831228103,-0.22858183528895665,-0.00532539576017798,-0.27884882290836394,-0.21859296837146427
27,r,0.0,0.0,0.0,-0.3172494650267186,-0.11798269222528986,-0.2356133828597856,-0.45817348553816695,-0.3066857169340779,-0.33759737155452174,-0.28543817910975805,-0.45503152247040596,-0.4473970646589674,0.02196715872925185,-0.5420695094967412,-0.5308699449845768,-0.29827366176221454,-0.5460797723559276,-0.060417123250612007,-0.2346304610472572,-0.751312065352655,-0.2091923774361361,-0.1718380758891885,-0.8790807716983439,-0.3296172440615115,-0.08452025725302312,-0.9857720865596425,-0.43270833700284067,0.024130843235346915,-0.5550927065809041,-0.06766149780214817,-0.01889161059555902,-0.776836699773794,-0.24654599798681057,-0.12484011802506986,-0.9030815104258539,-0.3627987782441382,-0.16791058012586724,-0.9999985931089715,-0.4406279824615117,0.32388995214665717,-0.5135207314300202,-0.11446193517855947,0.34683262214865546,-0.7203550331394226,-0.38722320567667284,0.14334766246149722,-0.6300981440276401,-0.4099386644869316,0.03201048879054506,-0.5261173048057591,-0.36549311136485885,0.6134257733596662,-0.435425699761894,-0.18521469944962193,0.5325343962383775,-0.5859263009368786,-0.4411700356607753,0.3427392148360237,-0.5517732596647148,-0.4795596285542254,0.22887215209196166,-0.4784032899694079,-0.4568559097575646
27,r,0.0,0.0,0.0,0.13684711044367,-0.1372850136418118,-0.047043961535716196,0.17938314720119677,-0.3458640535609483,-0.06809555639338372,0.04681875676393106,-0.49300171097043205,-0.09701769279104054,-0.09635554259514822,-0.5469026498748086,-0.1266271322906842,0.10697997404418398,-0.5279553402556787,-0.00971370159860278,0.06177936537479026,-0.7353058011003948,-0.06283204236483414,0.012477791027417301,-0.8638175823115208,-0.10858777018253349,-0.04310366265281898,-0.9758321289792645,-0.141304184102767,-0.0027718426037413755,-0.5070344815537331,-0.04204311425192688,-0.0060193647954540535,-0.7432376847262275,-0.09674003855317502,-0.008576933301223715,-0.8813954755255158,-0.14048134483797792,-0.035416790989323925,-0.9999985052295945,-0.16637778396509673,-0.1015258295720283,-0.4418407631146929,-0.0848130956700835,-0.12469086420609884,-0.577548612481122,-0.18807634404622436,-0.047509066830910204,-0.44900170546412266,-0.2178712464644503,0.00032911788686383083,-0.3455911547825336,-0.2093209080980476,-0.1942706086043908,-0.34896243028904156,-0.13102262462120812,-0.1859809184182859,-0.45910724612455667,-0.2157554122529608,-0.11232194758521852,-0.3688845756848691,-0.22007276804131373,-0.0607317833190932,-0.2750972039313153,-0.20711388488893895
27,r,0.0,0.0,0.0,0.15735615154750204,-0.10695169557705413,-0.05775319756176357,0.23283426582668568,-0.29796408235178085,-0.06894728289702512,0.12568631782202058,-0.4598889573532924,-0.08061765574678088,0.009515349921411117,-0.5366127281266806,-0.08851432492064051,0.24339488721794617,-0.460926101382878,-0.00013853052478219534,0.240888421374808,-0.6741683229756454,-0.05337902183920808,0.21515914955146548,-0.8060706173139395,-0.0992107939504333,0.18918091173315182,-0.923528016663297,-0.12967101660886846,0.12837571994770486,-0.47484133522242455,-0.02037586317136662,0.1540535639004521,-0.7074402267056535,-0.0734915149756071,0.16184451895370636,-0.8548366364285113,-0.1174432253349238,0.16138231096673114,-0.9999984592562617,-0.14200801175178032,0.015553624777681107,-0.453623251922863,-0.054323211140636256,-0.002010370562859977,-0.5865901491002211,-0.152999387477018,0.016061750506259256,-0.4414473821352359,-0.1774731419711467,0.044964121945331434,-0.35636300080626726,-0.16370768032527352,-0.09452892609282797,-0.40412557951358996,-0.0933660910736082,-0.08945372994893808,-0.5077303768229473,-0.162769167604651,-0.06245676111542155,-0.40679307887652966,-0.15601930550676024,-0.039376851147085536,-0.3346390417474661,-0.1365282458660623
27,r,0.0,0.0,0.0,0.18628925139707153,-0.07632383749759494,-0.06759312388996756,0.282310949305833,-0.2914440289503987,-0.0543089750034637,0.1953820922694663,-0.4605721800916443,-0.03691806596724352,0.03418539569650959,-0.514988214367438,-0.01462587600320372,0.24744720782724575,-0.4748083983068951,0.02230835491493328,0.24702883676049234,-0.6865063312582297,-0.002513007716020782,0.2253034750100761,-0.8297770754433542,-0.03074581774540268,0.20627074608037013,-0.9454988419885842,-0.05445079213952974,0.13387628777742372,-0.4840984372038839,0.01033390817927452,0.1567890438188368,-0.7264550547883516,-0.021684722302424835,0.18986447331470294,-0.8754344819936611,-0.056403428507080224,0.20098565675503388,-0.9999988238770517,-0.07696302255398171,0.024217641938958003,-0.4582857555729285,-0.018937394282194073,0.054539379431952,-0.6037557169029348,-0.13491008795296905,0.09682121567289059,-0.4519064380336254,-0.1914341361635497,0.11231608725912395,-0.3430674293453744,-0.1936174575913762,-0.0714039115245909,-0.40555221372133304,-0.05230355153583524,0.004389671490945931,-0.4785537587263714,-0.1732853808529781,0.0602788023503896,-0.3677398955941675,-0.21693817449454722,0.07551306829978385,-0.27820827700176515,-0.22706434212912563
27,r,0.0,0.0,0.0,-0.2796748969924123,-0.11432837192383229,-0.0842089735824923,-0.44562855420151154,-0.29108347121389866,-0.14459442939958994,-0.4130211210586188,-0.4671634642815556,-0.23034783188892488,-0.244406304291277,-0.5888217938617409,-0.30953866720132683,-0.3146630107798896,-0.48759705691360106,0.03260071517203113,-0.3182213295193426,-0.7036381287181321,-0.07592006748914502,-0.3267065676337807,-0.8360051655365038,-0.1359750883773824,-0.3209172056383486,-0.9519931521339606,-0.16915699692069427,-0.14782199999419615,-0.501172734124642,-0.015981313821943784,-0.17883195638680843,-0.7483198872860746,-0.15112368541423302,-0.2621084030720129,-0.8876400204052692,-0.20921673248475625,-0.32941154129404976,-0.9999985600809921,-0.21651819595526642,0.027125907054303573,-0.4760159727115601,-0.08942277126189414,-0.11322628204308492,-0.6258507178843519,-0.2961561410904044,-0.17829533019107813,-0.47222761920823564,-0.3040168458710111,-0.1662791088739068,-0.34828486268654635,-0.2383889855422262,0.2007299527716965,-0.4220042993619539,-0.16945591766622872,0.015124791088663386,-0.5469544798397379,-0.30920173632761416,-0.05327327055472963,-0.4368793801081179,-0.28625883154185167,-0.032586234155232506,-0.33330035396764246,-0.22833296252027016
27,r,0.0,0.0,0.0,0.16150391256135158,-0.0991578896594033,-0.11826620833825323,0.22023952760516144,-0.30692060116052483,-0.1244493729248491,0.08409615146229328,-0.4752255517299729,-0.11165959827683251,-0.05128353029906751,-0.5457426142680131,-0.08906580168059716,0.22416229481767624,-0.4617654291772756,-0.019954192821905123,0.18244235710038126,-0.681236995444685,-0.0707926705060148,0.13746482525597659,-0.840651969643952,-0.1163939768816202,0.10008062348664584,-0.9687505717410515,-0.14582644240857856,0.11330310381240141,-0.47156896995808806,-0.005971650134179802,0.1172797617744244,-0.7267518006307159,-0.03796119756695449,0.132132873047057,-0.8734787716277188,-0.06816496536761829,0.12826076459166072,-0.9999987814868667,-0.08179720513300942,0.0021614766182453016,-0.4443775280081335,-0.015687818744322644,-0.046495079372165495,-0.5770105064843359,-0.12234391145560404,-0.02388774653814094,-0.41991548547397034,-0.16824891617227203,0.0013115534060727549,-0.321954958208626,-0.16074626345671422,-0.10357876500239578,-0.3839955578297532,-0.03486806282787389,-0.1035139435819968,-0.4797848398706408,-0.14436821465125008,-0.058889570456572594,-0.3661784916486922,-0.17183673639820418,-0.03776018416490546,-0.27235825557804194,-0.1673734275371522
27,r,0.0,0.0,0.0,-0.298280922826728,-0.10840727808191084,-0.09507417099893663,-0.41299820077635585,-0.2516952625504511,-0.16675539872767445,-0.47329953164353505,-0.3904227941396592,-0.24980353735428862,-0.4364557010927062,-0.5056706155618911,-0.3176797644085547,-0.06034869677310585,-0.51645508445866,-0.019909353695530752,-0.1216708195707862,-0.7161859141735025,-0.15253650504674923,-0.20836330006464057,-0.8600972702250179,-0.24269962597914782,-0.2716620089155731,-0.9608933684761154,-0.2950566745823511,0.03994092623126984,-0.5242220958536608,-0.05480271459781657,-0.08790124028261172,-0.7605941478901532,-0.1950847204312642,-0.2126566001693014,-0.9042120166298265,-0.27273806367773806,-0.27934489483555014,-0.9999984791042397,-0.29924765073234266,0.08712770291367018,-0.4928621493797175,-0.11081700037949081,-0.2729145538384215,-0.6069108654992804,-0.26467887943144247,-0.3639947489652096,-0.48135037586428947,-0.2656362826352083,-0.3144021468715425,-0.3755433727021863,-0.22028059482134774,0.07055072366876741,-0.43341635102389253,-0.1817609857145701,-0.2885272629563548,-0.48079993417857364,-0.30107692655185175,-0.362577987126407,-0.37376377442611797,-0.2979301759910829,-0.32409910363348116,-0.28379067236369154,-0.26041610653983577
27,r,0.0,0.0,0.0,0.09598242969860131,-0.06521129252377428,-0.1890928121396599,0.09683107754586796,-0.22534360490541192,-0.2510236485263321,-0.05966810778585182,-0.353808277432686,-0.2823899986400276,-0.18951261310608525,-0.44704640235572685,-0.2998124254509508,0.20030260386957383,-0.46166738291505754,-0.1281312299628326,0.09987443809808998,-0.6665850979467282,-0.22546909424419084,0.003974720455263698,-0.8032822047753599,-0.2901076057817231,-0.08518693710640271,-0.9149510866267688,-0.3247771393853464,0.07816422200829211,-0.4728952490863176,-0.0877828398485496,0.04112971440990154,-0.7230156564744112,-0.18695365313466594,0.0014705760416500104,-0.8730451343434287,-0.24018960620813834,-0.028385078990842146,-0.9999987610017629,-0.2513457824435559,-0.034063815495170895,-0.4325050321500796,-0.0715286654379112,-0.15994497326780968,-0.5024309118530301,-0.235374121398424,-0.13247212701711125,-0.34670286874131284,-0.2750051044351896,-0.07796726392547783,-0.2534615682661306,-0.243870588090326,-0.13492708729755873,-0.36120879092305647,-0.06738131125998581,-0.21827454890105236,-0.40483844029373317,-0.2037105986843368,-0.18117075149343775,-0.28475678231935714,-0.21421724526925856,-0.1264650531913756,-0.20825854358448354,-0.18292590834364647
27,r,0.0,0.0,0.0,-0.275664486534147,-0.1105271232666006,-0.12913690766614597,-0.39770005744462616,-0.3014364351051028,-0.21761991556947533,-0.3171430759111239,-0.4670048957874913,-0.3286856470976513,-0.11876962151614984,-0.5933017697811733,-0.42934491716096457,-0.22330604540761048,-0.5076979269473451,0.014270558584222617,-0.15496709188999222,-0.7411691492642821,-0.11788043856929845,-0.0977420282355942,-0.8751471638102323,-0.18787656550816229,-0.03390834134431735,-0.9848127510145918,-0.2252565893193261,-0.01209690264199085,-0.4962109551221154,-0.0241602981139911,0.04678131595224908,-0.7499894304793635,-0.1814545161906603,0.020109930232152337,-0.8894057459404001,-0.24300843952956322,-0.004196963462915197,-0.9999985263621748,-0.2460714665924665,0.19720089226387477,-0.4449855500800851,-0.09538633014502206,0.08639102601064483,-0.6369819160355569,-0.33729613284098237,-0.061620930967335626,-0.48608851026093886,-0.34341129534506104,-0.10302819778912678,-0.3578501168586034,-0.26642228611968904,0.3965536703399374,-0.36377665228477385,-0.1769619418170582,0.19895567306129056,-0.49333047251772794,-0.3595341673806224,0.0596484055710214,-0.387111688329776,-0.35257275221898526,0.034183837889071304,-0.2810510961638556,-0.2962714122734682
27,r,0.0,0.0,0.0,0.12970240082880255,-0.13066063651947107,-0.06621455508955185,0.16865320896367103,-0.3344459627018532,-0.09105211134720273,0.035781855247087525,-0.4709081970495042,-0.11843973862554671,-0.0958560925114667,-0.5270134046885729,-0.14408014433573846,0.09128556187675949,-0.5206551808959258,-0.022890883036103336,0.044505300870366665,-0.732080373847964,-0.08405818211351856,-0.004418949456883523,-0.878696354518031,-0.13331655601939377,-0.04916024628828814,-0.9999975476276164,-0.16726807219857975,-0.025013817796605897,-0.49324222918261745,-0.04521673406116808,-0.026534745622310407,-0.7536025623343725,-0.10560708367634684,-0.012532927653994962,-0.8882591242715547,-0.14580761430634642,-0.00490190433781843,-0.9928146169832032,-0.1662264997489848,-0.12687088781470143,-0.420954817230964,-0.07957641490237301,-0.1488505240310996,-0.5813835413722249,-0.19241317142752212,-0.08656074586771001,-0.4514023159564419,-0.20563892153820934,-0.04421536715174246,-0.33792005127787617,-0.1810988131939006,-0.2261465464534657,-0.3199596550383626,-0.11902562655436853,-0.2172602643479343,-0.43822410854400656,-0.21210849244966778,-0.15571260541290627,-0.34315888388462773,-0.20240948966072292,-0.11750355107443734,-0.24882233055741004,-0.17477614593115268
27,r,0.0,0.0,0.0,-0.22837481275163055,-0.1389911129704056,-0.204883249076374,-0.3701686214072465,-0.32072004032543183,-0.3144273900728696,-0.20102408409736913,-0.46857506646741237,-0.4293927132479265,0.03941127318414554,-0.5840035064125217,-0.5318458719237567,-0.29120454822046266,-0.5346452172777443,-0.07467866619471758,-0.23200099182426134,-0.7541550753357844,-0.25264103934161813,-0.16076553275360256,-0.8844628590286897,-0.36083336487905404,-0.06381181061238413,-0.9999986558584751,-0.4376355187714033,0.001996597703741233,-0.5158225109450544,-0.09134074512085749,-0.04006022151688917,-0.7084737194426246,-0.3335726477620565,-0.18097458500602034,-0.7101992810710978,-0.4154227383952919,-0.22117849650251145,-0.728635021916485,-0.4246570328189994,0.2691457929270302,-0.4592847702061014,-0.1449554242793648,0.25574733325113963,-0.6220182588080185,-0.4529236999688277,0.08349809893009176,-0.4762725550986892,-0.42616944296114356,0.047363934709223426,-0.3733115342646786,-0.32497830852907406,0.4969023021282967,-0.37106232741363604,-0.21524723436006318,0.39375260557532177,-0.4865540598504574,-0.4472299795197835,0.24963007386863262,-0.3863775080663857,-0.42359852598292425,0.23807038125259378,-0.3047410095634089,-0.35070985100533153
27,r,0.0,0.0,0.0,-0.26902882885290647,-0.13811729202647308,-0.2802100142550334,-0.3634275727063732,-0.3408737412613019,-0.3793247148063664,-0.126645230096949,-0.49241123854214053,-0.46286252563669383,0.19952791008165358,-0.6122944256527473,-0.5218995612435093,-0.28113273185667104,-0.5599282675058047,-0.06864096743504294,-0.18021781204416898,-0.7769757526971813,-0.21147506583808298,-0.10630292238147944,-0.8982060304160124,-0.2840562798197983,-0.013344713800868161,-0.999998658330062,-0.3225803122582944,0.02730535469372471,-0.5319126214032198,-0.04248173934250982,0.14508769622265383,-0.7688030431433662,-0.2055343522724453,0.14812654710496476,-0.8979538057927806,-0.26521478458383,0.16955900258958334,-0.9995836952451064,-0.2636833436862254,0.2810562807660529,-0.4562158855317353,-0.06591419354325932,0.2942366567099961,-0.5938644747944919,-0.3877733600172713,0.07310355646199254,-0.43988182213003385,-0.408754906009787,-0.002010119888888622,-0.3326411743420813,-0.3156810811485678,0.5001083279479939,-0.3581885538003891,-0.10660438186685271,0.4459259365954302,-0.46912556383787263,-0.37175237822620794,0.25628876640785814,-0.36731734182061127,-0.3702666200540381,0.20477440616020334,-0.2876070036614345,-0.299681851132241
27,r,0.0,0.0,0.0,-0.33398261481619684,-0.1518550654003079,-0.08084778504604175,-0.47841545504715066,-0.3392239591675153,-0.12599213927300118,-0.4556854593652998,-0.5184152583077221,-0.20927937188969856,-0.23966095778532245,-0.6340203181842609,-0.2807598724630814,-0.2651425798203931,-0.5152667763928002,0.1505629039107085,-0.2767012395688223,-0.7299339057205159,0.06515443903045949,-0.3084592591874905,-0.8632232753496012,-0.006275515377174743,-0.3070076857989772,-0.9711131591212137,-0.0623930997751741,-0.07005030921123837,-0.5273898701144131,0.09180533159585973,-0.07905931259046249,-0.7746495191903269,-0.025352453037408896,-0.21608443995108376,-0.9082728005042936,-0.10248763550247178,-0.3227696311607314,-0.9999985593137554,-0.13766010282389754,0.1308869401040949,-0.5021610111099323,-0.0006319289085928379,0.07389130257857786,-0.7323779829675501,-0.19698271021307298,-0.10402596268925089,-0.6234255241184729,-0.21341535564291658,-0.17957493047676518,-0.49810173215612796,-0.16724312382857143,0.32776267780423596,-0.45024347603964027,-0.10362608886527874,0.14274228620234158,-0.6253561321820822,-0.26113359812890435,-0.056364824811838694,-0.5608951190123099,-0.25921280089466314,-0.14416397627689356,-0.4539362979752547,-0.22094425479723756
27,r,0.0,0.0,0.0,0.13682737554891794,-0.13925734794530234,-0.06788827904188818,0.19206394644142127,-0.35512521077446113,-0.06685407510668713,0.0828636446139204,-0.5193276340690431,-0.06358831484103056,-0.04615994297224803,-0.5809077938105768,-0.055828958479554956,0.20294228527579714,-0.49172048425484144,0.00444314960934635,0.186278456004849,-0.7143141543369667,-0.03738760394263078,0.14578030921187785,-0.8576264754214514,-0.07492465306120447,0.09931918890081823,-0.9796855982626211,-0.09807209674460811,0.09068165984949468,-0.484477170687738,-0.007216402388593429,0.11636071361975421,-0.7410533546299473,-0.0371082076424722,0.12741470345222417,-0.8833198137171427,-0.06766625343217211,0.11767803885285293,-0.9999980789212936,-0.08467250338865674,-0.016813315827670317,-0.4400753693957286,-0.03488311012173718,-0.05697172565105532,-0.5797055463174289,-0.13002151327962075,-0.017700902993072087,-0.4459656893556093,-0.17390915753499908,0.015349080405161749,-0.34819169106351383,-0.17180705650541236,-0.11732868344530073,-0.37348669434641507,-0.06753656912087555,-0.11849260031810183,-0.49564864286965027,-0.15131375780086945,-0.07271653607539123,-0.3969521905745261,-0.1640543951206609,-0.0457932400247928,-0.3005370256555613,-0.1564026700819459
27,r,0.0,0.0,0.0,0.14432778658593903,-0.1189741946321476,-0.04319459460445476,0.2186373442727945,-0.3012765432610817,-0.058981094591951805,0.14925905151656335,-0.45216927098933274,-0.08256422300182294,0.04390872955626109,-0.5375782979013058,-0.1023579115888936,0.21081164123071677,-0.5024059598129551,0.008663170951769428,0.19206395994525757,-0.7278039303443562,-0.056939089316317075,0.1456584453767424,-0.8674887439519378,-0.11579158029109639,0.08746365518653935,-0.9917680340780123,-0.15323708896992871,0.0972358688402674,-0.5014990018391722,-0.019003928127893654,0.12797780427056996,-0.7551875426784909,-0.0829888073469605,0.13589526334376645,-0.8869823847542952,-0.12988256936993614,0.12456201912353031,-0.9999978039789539,-0.15446321329517973,-0.00790214458583428,-0.45355032360607156,-0.05880229467967191,-0.02165586316762227,-0.5770278283275556,-0.15984476669449504,0.025214845316151105,-0.4400818209897725,-0.18098296419368542,0.05969246851839236,-0.3359181754604582,-0.16564184009493224,-0.10558527499291018,-0.3787254399641312,-0.10304970592372728,-0.09448174808310686,-0.4794307601037331,-0.17181192597708222,-0.058145574401757064,-0.3810120107310547,-0.1612511798405195,-0.029675811502396454,-0.29389181891920235,-0.13961095839289536
27,r,0.0,0.0,0.0,-0.1843803286032008,-0.1255578327952517,-0.2520753057559685,-0.1957575748329283,-0.32600959782337013,-0.3458346469801621,0.043958180353813055,-0.4524153920852063,-0.4110250991493171,0.27901805456490775,-0.5553650770223718,-0.4571088492131,-0.07810251964721622,-0.5805022253450246,-0.15781403341633202,0.07224890472809334,-0.7586191234045819,-0.3128351444628522,0.21611389323539684,-0.8745193118910725,-0.41696793311174773,0.3509835725497554,-0.9883631917069002,-0.48483647880077885,0.17404478870092796,-0.5655192612484613,-0.12393978257749197,0.21552750001615908,-0.7764114302676692,-0.2905074869003972,0.22401447208178385,-0.8825677998433791,-0.35728961103055284,0.2732545889350418,-0.9999985811875252,-0.3748975600600754,0.3765171324984793,-0.49226340756428727,-0.1254332607359706,0.5156013333695053,-0.5619290192915073,-0.3807232253168161,0.405237207662213,-0.40041016143191716,-0.37858323679463396,0.3317273968339127,-0.31931123501457814,-0.30320959363933775,0.5426721670331561,-0.3809084853533045,-0.14645628006763053,0.6589627205470481,-0.4394713579736188,-0.3606587927228562,0.5434855402639939,-0.3213862754559448,-0.354968139980467,0.4632254419893746,-0.26209527396086313,-0.29605073794374814
27,r,0.0,0.0,0.0,0.16543983119764827,-0.14104116736292638,-0.05396327619706606,0.2498434637774497,-0.3488159425367025,-0.05131935596008145,0.1572577163981145,-0.5139894051099303,-0.05258258608630727,0.03396992725123739,-0.593948860659462,-0.04822555290487759,0.21278379638529463,-0.5018297680067103,0.04510294687717993,0.20422568505809258,-0.7315767270141368,0.005547712687859197,0.1628507779991467,-0.8712162880438032,-0.03642206138313145,0.11272908183736766,-0.9881466214440164,-0.06435944216126094,0.09451873193784202,-0.4988287041552999,0.028308359806684856,0.13028177756937226,-0.7648947193221445,-0.01208316892789618,0.1440803971269344,-0.8931474746657019,-0.054613714090868015,0.12902388798117592,-0.9999980999473012,-0.07620057226613727,-0.013057045683112724,-0.45302439944766876,-0.004110893210827731,-0.023910774364482412,-0.5989135437262268,-0.10408942103764104,0.03656033947333292,-0.451399346985165,-0.14083576270890447,0.06943262866849766,-0.3448995762947454,-0.131578603620548,-0.11424394013679273,-0.3835476025123667,-0.040717078495713876,-0.08043618970110383,-0.5064845370680642,-0.1187091385846442,-0.03413787991706031,-0.3998341412626449,-0.11943169320702575,-0.0144471003158238,-0.30631859524109384,-0.10296628005443759
27,r,0.0,0.0,0.0,0.12228053337040062,-0.13189264701097309,-0.1534195988583459,0.1663785980512668,-0.3512179184643907,-0.15752910698668574,0.04288923627268606,-0.5363368643970999,-0.1334218198250187,-0.06902334621546251,-0.6209612698913947,-0.09434394273778708,0.25899555140933705,-0.49876720182168266,-0.015213890485674992,0.1974286681933808,-0.7149259399456693,-0.0713315496364353,0.12967848274503843,-0.8734848663538456,-0.12629090683970873,0.06331718017693896,-0.9999981752867595,-0.15842475698815797,0.1394999620508002,-0.5118068217338273,0.024579412191302736,0.10450783552697865,-0.743904975803869,-0.007134093049664797,0.10448434306792365,-0.8534088742898798,-0.04048477151594415,0.11164301739663078,-0.9507339992221737,-0.054169686317582975,0.02246140112981767,-0.47804772302624016,0.03496349374639551,-0.06777585313508769,-0.5858049136769571,-0.06937470800867405,-0.042147320488224255,-0.4276563983532442,-0.12433885751045264,0.013805028155661397,-0.32580712610932416,-0.12247661789445893,-0.07458757864719538,-0.40896803841359947,0.03269673995225509,-0.11302222051365197,-0.4903219890755602,-0.0685656932475537,-0.07990144237177717,-0.3768990916213589,-0.09827332841819876,-0.04405575650229026,-0.28513221724464954,-0.09574871837534213
27,r,0.0,0.0,0.0,-0.22324993823961808,-0.13716407235831407,-0.2341078046393409,-0.3321849525966757,-0.3451103108455411,-0.35807004969349043,-0.1637093316218346,-0.507748515127227,-0.490567888919426,0.13090986675402436,-0.6027815260633071,-0.6076066269693084,-0.08584305856913597,-0.5529891072496423,-0.07318259863152743,-0.0020108098230915326,-0.7724398740269864,-0.2518913845766812,0.05068588805207421,-0.8948992596250336,-0.36892810647988167,0.15656782381604503,-0.9999986735165345,-0.4595597506123893,0.2608174714133895,-0.5060122570434723,-0.07323847257891192,0.19135813470156665,-0.6738814131899237,-0.39307668125829953,-0.06098954403321555,-0.5508356253995865,-0.504184508754187,-0.20531374390491133,-0.4352628236489252,-0.5008696868830369,0.5580506237285477,-0.4365360005124362,-0.11016587918116245,0.4570731426637292,-0.5967262469316371,-0.4299746165399344,0.21743410617564612,-0.4704211801346234,-0.4128642516990718,0.09287324345225127,-0.357673276611397,-0.31202363141489897,0.8172083320352332,-0.35076666966019915,-0.16650251246301556,0.6884644788665232,-0.49428539916630976,-0.3823956105247537,0.48612597447985995,-0.4185524464968474,-0.35871513756714046,0.3839238622010489,-0.327295638763782,-0.28322293653087627
27,r,0.0,0.0,0.0,-0.2852781600099073,-0.13770513673985554,-0.048673983074911616,-0.3954119728055501,-0.29916652632340995,-0.06741599633627689,-0.3953656707854197,-0.45240105911348366,-0.11843955190642977,-0.3557842488940742,-0.5728948089304575,-0.1616791887291636,-0.18764175777140252,-0.4958110335307392,0.109075707360048,-0.2065511582194951,-0.7014175013246337,0.05095727170948675,-0.2547494506645827,-0.8315164006273428,0.0003831582143478564,-0.2744528769183538,-0.9409269112610784,-0.037572443825810174,-0.06770453670057303,-0.5078800965621125,0.05695692595931237,-0.0413651049217094,-0.7582692752231014,-0.04626392523943218,-0.14776034186125847,-0.9020139828612996,-0.12457279286828749,-0.24248858959075284,-0.9999985547553619,-0.16297037978401463,0.06158788909058064,-0.49210321083034136,-0.01839848655618633,-0.016251664492606177,-0.710538353215628,-0.18903402380948744,-0.19978727297554932,-0.6475902615243786,-0.2459228608598828,-0.3181699521761023,-0.5478136291646823,-0.23422453702690263,0.1998204381434567,-0.4633409127850808,-0.09848410268029761,0.06585460947768766,-0.6480986361695874,-0.22225636932776702,-0.1232831127245706,-0.6371768725895761,-0.24101504054846756,-0.2576199605544359,-0.5755638727290084,-0.2290857450104182
27,r,0.0,0.0,0.0,-0.24743065823640736,-0.10689684377083117,-0.07302093740906554,-0.4004851349862565,-0.26299908692978,-0.13722871332534467,-0.4625595228927418,-0.4208982245559581,-0.2252629026738432,-0.381387038647723,-0.5306126150690228,-0.3013306271769426,-0.08152133931448922,-0.5042109496358468,0.03965468607040728,-0.11235468926522618,-0.7038039530440257,-0.07397904939219746,-0.18738893723546174,-0.8381357625024382,-0.14931432037391623,-0.2528287453333539,-0.9270951273058289,-0.1921399599642299,0.043029307314360825,-0.5135925773391057,-0.0059721655840394,-0.013861568448847929,-0.7709251050795676,-0.1438738933947067,-0.14499207296076358,-0.9161269494060056,-0.22435526692557667,-0.2582938182445495,-0.9999985212691124,-0.2456064063220322,0.1340915859890235,-0.49109953416735824,-0.07338329981542233,-0.1752421615617733,-0.6274271242638589,-0.214430503256718,-0.2731977212188034,-0.474047061201068,-0.22866445994925275,-0.251271192943221,-0.3382735142997899,-0.19081209840558758,0.1935967594317576,-0.4402761629474396,-0.15366732961194562,-0.15909567173320063,-0.5177203577941265,-0.2531398425266239,-0.23216754383324323,-0.40632836926065635,-0.25770761401418546,-0.2016169445300204,-0.3024286999813211,-0.22907115638793485
27,r,0.0,0.0,0.0,0.1483864081616872,-0.09218747728069693,-0.0929664247269386,0.20998944404116685,-0.2645970362713362,-0.11298477194388003,0.1009094841706147,-0.4139594549088583,-0.12483995092599658,-0.0048317251205986945,-0.4989011374958175,-0.12696761164896725,0.2718243173302095,-0.4202797763462558,-0.03586637446317329,0.2705991650338459,-0.6286942688052992,-0.10222592121552906,0.2500613727576182,-0.7813414399204723,-0.15207833428276252,0.2238139588102629,-0.9174314170447645,-0.18320418483597967,0.16843275516649223,-0.4530854369574414,-0.04347033658478086,0.2145732365651357,-0.7023408411378215,-0.1062925724602257,0.23309829651049851,-0.8605595739127798,-0.14816816286517698,0.2400791877756474,-0.9999986008682384,-0.16417805794972348,0.059866048294917,-0.4433916310266466,-0.06855665582937709,0.009961211201932963,-0.5559385192098103,-0.18555107993667158,0.021424737157309696,-0.41321774198775985,-0.217704260011015,0.05030263005831345,-0.3224091135307016,-0.19826192034366064,-0.04793701283587804,-0.39942458364528094,-0.10168889028799039,-0.058257697114761205,-0.47598438483689176,-0.19047305902723416,-0.030565635884722154,-0.37129853612770014,-0.19260508755032205,-0.003752722126486606,-0.29059935304361745,-0.17105916739453347
27,r,0.0,0.0,0.0,-0.37514390350931376,-0.07355288483386035,-0.13387205190504087,-0.5797757740929846,-0.2929426898878997,-0.1885454606849424,-0.45640538038583106,-0.4860345951951137,-0.2472710086512998,-0.28321757534916103,-0.6144348337487072,-0.30215311234148856,-0.4590323806084995,-0.48595119526602026,-0.10773412395203236,-0.4946016212447734,-0.7236024146187918,-0.27314629998549633,-0.46791003481511617,-0.8732589540476762,-0.373879221710927,-0.4252250732110745,-0.9999983634869886,-0.43810155658287114,-0.15305872004512705,-0.4966391644247377,-0.14119501681941712,-0.253165118092701,-0.7473432042589668,-0.29428184166521093,-0.373096508407901,-0.8703761940424545,-0.34600194190337974,-0.4393632145241797,-0.979249046391187,-0.3536686145079923,0.14294045531432836,-0.45534898128398016,-0.19746129108717192,-0.027562847443298306,-0.5971507105489079,-0.4258373287642866,-0.17235682960281334,-0.43290815755611983,-0.3881083469817655,-0.19983198519084258,-0.3037882897897927,-0.29213956085499615,0.41527575430155056,-0.3742030937828731,-0.26724880324515393,0.16822175382020343,-0.44162271856806473,-0.4724774466547827,-0.0017302315114157084,-0.31521290955028103,-0.44868403214706865,-0.02883979302430761,-0.21162795410929458,-0.3760799800152839
27,r,0.0,0.0,0.0,-0.32077037537264996,-0.10213983091176251,-0.10839889433307975,-0.4343621487886579,-0.315581452249305,-0.13808577393248703,-0.3073764517202571,-0.4732653631899078,-0.18490994710502712,-0.16252709017873435,-0.584001696703059,-0.22336389721081007,-0.27543949506219517,-0.49577912854862977,-0.0016935750772481444,-0.2281905034333333,-0.6907963748179181,-0.12704458373489502,-0.18553428823409304,-0.8047285467518618,-0.20933348316597286,-0.13797885960180997,-0.9024413767407407,-0.2622277586495153,-0.04365358700405955,-0.4935281759556796,-0.04233367131783881,-0.07001587856048501,-0.7322262429536924,-0.19655632734399978,-0.1285856668722786,-0.8769051057113568,-0.2901003699060357,-0.16365408714003843,-0.9999984537865272,-0.32642847666161867,0.18729696917467464,-0.4499155086597461,-0.10448347040308804,0.054951205068536985,-0.6052369515866048,-0.3450263457626369,-0.08957494607569313,-0.45339626437259173,-0.35316869950880486,-0.14659407098867067,-0.3280802112056887,-0.2840582155713604,0.41047499268558024,-0.371044245830922,-0.176154166382988,0.1936840379410203,-0.4631197639352845,-0.3721915944295307,0.041681054317074924,-0.35725504148449205,-0.36044408997942906,-0.01017946860763302,-0.2540532335530536,-0.2988011993308448
27,r,0.0,0.0,0.0,-0.21779893692684107,-0.12874364969297022,-0.24025996794406548,-0.29175784490799234,-0.328669471125878,-0.34736938007662976,-0.03314794614502004,-0.47813110485125576,-0.44472998622590526,0.23339469587205613,-0.5913519596861249,-0.5239769430737555,-0.2476881047370377,-0.5561578926496564,-0.11366179535910893,-0.18675395625978003,-0.7655089931620556,-0.31898269589446,-0.1064284139861675,-0.8899257141363924,-0.43081613678571007,-0.0036829607600206123,-0.9999986375801337,-0.5037211461329552,0.07325764879999107,-0.518399769332076,-0.11347643125298933,0.23301635454555214,-0.6313930834077985,-0.46347477285070227,0.07663462327148043,-0.460769225206433,-0.5361060349106228,-0.03689635938607998,-0.35216147098000194,-0.48318246616771243,0.3487088932084535,-0.4542865061476619,-0.15130694006099954,0.44906671138805165,-0.5397285078432636,-0.5192195790254089,0.2321563771581992,-0.3747100943177067,-0.4517187033111727,0.12498947078670707,-0.29751189757424995,-0.29523455027319173,0.5630273579130799,-0.3705975508967704,-0.20557616227808168,0.60091792911723,-0.44809434413251203,-0.44433008455980333,0.4246340148337297,-0.3361988614354132,-0.3747830067475666,0.34768057463847707,-0.2787997965866965,-0.25525234190510876
27,r,0.0,0.0,0.0,-0.19245180973577117,-0.17550639560460926,-0.17587833960720145,-0.2004894012931633,-0.3978109372144095,-0.23206353651026643,0.04104083228421855,-0.5336362815927724,-0.29022990190639736,0.29307143925437895,-0.6257956702754673,-0.33017035893745655,-0.08356502564591609,-0.6056067115389051,-0.0013511020201787806,0.06536753707774036,-0.7923778888956813,-0.11870783956936805,0.20254183974233797,-0.8946083877765721,-0.20673215782478294,0.3372532804028696,-0.9877460347713212,-0.26483444840379367,0.16359846062085426,-0.5786887546010384,-0.004616201666130806,0.20587316905183164,-0.7897710840275061,-0.13533575566630734,0.20956982703397692,-0.9007672463711772,-0.20627834297209208,0.23885512499424089,-0.999998654992747,-0.23431140615798315,0.37683728744253603,-0.5109117077754641,-0.04428897798148615,0.47704509045436067,-0.6260730539066665,-0.2662156745835421,0.32922438714720725,-0.4960800210489832,-0.2764080599517082,0.22023137955696523,-0.40300907439560923,-0.21554744570019674,0.5580918575386505,-0.4149803426361987,-0.10022032076079619,0.6007011900380167,-0.49784445351692,-0.2630146995469761,0.46899439131786413,-0.40827687815932684,-0.2424442982331753,0.37804382606957265,-0.3315343674793955,-0.1833162493994846
27,r,0.0,0.0,0.0,-0.31973080409603144,-0.11625043606496524,-0.16379603183690203,-0.47898702905604423,-0.3070446917553771,-0.25246839844670926,-0.34294033327171614,-0.4682151187597163,-0.3502700975900937,-0.08425169150876838,-0.5627049228598349,-0.43121700804949487,-0.4070149182249652,-0.5268093640643551,-0.05593680490804417,-0.33825084639831743,-0.7519297984078575,-0.2035449660804317,-0.26535598438189406,-0.8742588734164395,-0.2919701317423677,-0.1912835495730933,-0.9774936992779963,-0.34082223804772516,-0.17350509977431353,-0.5187243927193812,-0.07547033800825843,-0.1683259054139369,-0.7731855849684767,-0.23911344659829145,-0.2103027295403159,-0.8981345950323906,-0.3172191230235538,-0.22206629749777412,-0.999998612174276,-0.33622208970235623,0.07872221566974177,-0.4710559185093438,-0.12294288786307501,0.01463513986674042,-0.6193075807562846,-0.37428503841222444,-0.11346472840762274,-0.48145219338365036,-0.3807107120407643,-0.15613152722131302,-0.37041590124211043,-0.30224222192666994,0.32351276042219457,-0.3878039085850565,-0.18184991107678466,0.18491669047550635,-0.4831267117381932,-0.35383280227871716,0.0781383718448955,-0.3804821198878626,-0.3200192241104122,0.06716950318260563,-0.286119788631905,-0.24306706938768954
27,r,0.0,0.0,0.0,-0.22345876961662026,-0.15695413649373685,-0.04932403548591497,-0.3276420269268626,-0.3125900863168141,-0.09401386234897384,-0.3855019757215009,-0.4351138620045035,-0.16200392162433538,-0.3526921391003774,-0.5304813128502082,-0.22247236202107792,-0.0317341069458589,-0.553327830081884,0.040215935693014855,-0.11291700830542396,-0.7460897016039947,-0.07185325016895615,-0.19215960149740302,-0.8738851233793534,-0.15441786698655857,-0.2678987155635904,-0.9588787329121701,-0.2006124670349536,0.058597062084437795,-0.5574657003003677,-0.0078092047346855435,0.010185965675400485,-0.81211834778417,-0.14512598186306544,-0.11674345091045477,-0.9349729541669881,-0.22749945183035586,-0.23600070149290245,-0.9999986322281834,-0.24958560060816476,0.11338052183848321,-0.524083839634796,-0.07342621438424714,-0.1781799664893822,-0.6421414824638007,-0.20357007143750516,-0.2684551274645893,-0.5180705963518978,-0.21912217131680325,-0.2631694997445359,-0.41309364701789353,-0.18749366034380424,0.12136823249578331,-0.4650894220037694,-0.14986059875002342,-0.18405139607238474,-0.4948676901641463,-0.22539260733884814,-0.24380652864087968,-0.38931052346759115,-0.2241448383648168,-0.2115568948589817,-0.3072112748893846,-0.19899471471884045
27,r,0.0,0.0,0.0,0.11413242386415684,-0.13030425408415935,-0.06584411033017001,0.1284100625330239,-0.3280591202523381,-0.09610833276590232,-0.010324204538084965,-0.45301389113854423,-0.1273104506505925,-0.14637689062895892,-0.4933801005006012,-0.15623349193618516,0.08755187065952659,-0.5127068331190444,-0.05154743123152514,0.025829036556700085,-0.7301612008312006,-0.12300379191886517,-0.03303665734895701,-0.8777657377490639,-0.17361503205450726,-0.08518100594042964,-0.9999984801883883,-0.20619947494993637,-0.021827862638856856,-0.486563094436632,-0.0734190308076504,-0.03402750704701152,-0.7317282797237445,-0.14487504612888386,-0.03445508161044333,-0.8632133008941437,-0.18494271196962517,-0.03985964220978778,-0.9688488126579835,-0.2028557875112008,-0.12135535399989257,-0.4176951451451011,-0.10530015544310613,-0.15930060357217937,-0.5360175279673961,-0.21774095347024913,-0.09782906011320029,-0.41533324862129645,-0.22759632068777447,-0.051798484251815276,-0.3180357579017864,-0.20027550637324507,-0.2126648984869012,-0.3167689776697884,-0.14214731064863445,-0.23027471993993692,-0.42327526496138007,-0.22355227607879902,-0.16930059426227229,-0.337359954060955,-0.2044687717872233,-0.125408525332865,-0.25168624090643515,-0.17097383060004562
27,r,0.0,0.0,0.0,0.14849014846592234,-0.134533198115206,-0.049951155818578,0.21650543871218272,-0.3225118950698462,-0.07829339374694873,0.11389934905867524,-0.4684079013632572,-0.1139488712099232,-0.011479715065178222,-0.5402921059620656,-0.1491475999603205,0.11731016160967649,-0.5134913103705822,-0.022187239955341498,0.10300968903135886,-0.7014459764651223,-0.0815067500246167,0.0716202440026194,-0.8315254010515617,-0.13228229311657305,0.03699383129369252,-0.9470763846300858,-0.16902539702419928,0.004508113581785602,-0.49744172674304593,-0.05315563583260541,0.025290152942266608,-0.7369070826976142,-0.1156741408314975,0.05657178384190858,-0.8805682190017212,-0.1634556092441988,0.06402367778594933,-0.9999981839147272,-0.1927569944368356,-0.09761259599654806,-0.44147060615652084,-0.09359815602028061,-0.07045144575068155,-0.5934155696267357,-0.20041113458916202,0.014435997969512455,-0.47631167289958454,-0.22543356534790418,0.05068341126401651,-0.3693920979816783,-0.21414615128708508,-0.19573879750417572,-0.35828518598940345,-0.13760822720247276,-0.12894074609496478,-0.46854743189780207,-0.22226146475291922,-0.05503094024689034,-0.38167100151585925,-0.22196152552102866,-0.025019426901229647,-0.2897503637023766,-0.20548815442821466
27,r,0.0,0.0,0.0,0.12209567156449706,-0.12080791513061077,-0.10544230625542678,0.12572124765791798,-0.3191686632842787,-0.12302347062652527,-0.029401140523449183,-0.4405959489310106,-0.12954176980664314,-0.17167017888648206,-0.49394920276192156,-0.12854124319204924,0.11369008396755816,-0.5266168712461468,-0.019954773906108905,0.029849424050580078,-0.7200440682907926,-0.07280088283672512,-0.03887112460482464,-0.8556516811978837,-0.11925746117256798,-0.1048735661845728,-0.9654685928849839,-0.1508998347366721,0.0007663515698767086,-0.4978279563264834,-0.023517769580051636,-0.045666870069259,-0.7507742276597911,-0.06577219477065877,-0.061967433777335934,-0.8894958930580339,-0.098617894273416,-0.08683828725606366,-0.9999985425928565,-0.11263103275683416,-0.101691343845942,-0.42011163728500556,-0.048687770114071785,-0.18192977350767695,-0.5243438770070407,-0.16868460739226898,-0.11210803967027924,-0.38649441212311964,-0.21273133058463706,-0.05164837784922873,-0.2999490662728049,-0.20260874888722227,-0.1947396674914124,-0.3132014236119208,-0.08154107601666322,-0.2207290797991491,-0.3990414862616202,-0.19352050726490636,-0.15344181358844863,-0.29405140805674623,-0.21170843539951,-0.10561264112863436,-0.21365720193245386,-0.20081574508105132
27,r,0.0,0.0,0.0,-0.283573048090175,-0.110511052324737,-0.13776492920676048,-0.4117031435638665,-0.29942585788311743,-0.20338114600407525,-0.2952476971488051,-0.46320146294555775,-0.2879081023860958,-0.11339458690713722,-0.589458891559026,-0.35903249395694614,-0.3492659579177788,-0.4809566222493003,0.006380357866928335,-0.39256188157597954,-0.6899537069166469,-0.10507942557454414,-0.40546473703724406,-0.8119853283592926,-0.17073701497540641,-0.36495601426820784,-0.9146298614988195,-0.21543557879450145,-0.10511567162339346,-0.4904283174994705,-0.02513250458583474,-0.145187866684466,-0.7414125522279608,-0.15870143259554134,-0.18162609578810043,-0.8899631162827101,-0.22282588418243765,-0.1722689293104806,-0.9999987065136619,-0.24816636774329587,0.12470907362246955,-0.4538949882672996,-0.08864741860638489,0.09275442816291399,-0.6440424333514525,-0.30216105586184394,-0.059572617120939135,-0.5190453994694909,-0.30925237600578803,-0.12773369716735186,-0.40021032965169206,-0.25121306053162656,0.35914534630106665,-0.38921926818095665,-0.1657890905942844,0.2586879233733931,-0.5210369896765057,-0.3337342407125904,0.10383893215962116,-0.44771683366645854,-0.33164446646529083,0.03525165550960136,-0.3607593115145092,-0.29119424164722907
27,r,0.0,0.0,0.0,-0.27806865143908627,-0.10665085156371412,-0.2300612095028563,-0.43288951521243973,-0.26995686756631565,-0.3408173412996299,-0.3460370602200405,-0.40431509104266977,-0.46451903946143847,-0.12316390121583963,-0.5005113101192745,-0.5657634551147401,-0.2492943649159876,-0.5251810131406252,-0.06806871615838517,-0.20814692656669526,-0.7207523774818592,-0.23738441297077004,-0.15645455935233551,-0.847120665438503,-0.37350072842510534,-0.08152130587683634,-0.9552208176629836,-0.4849018144435419,0.04080815010724708,-0.528277127835637,-0.08599362711659363,-0.0102208492722197,-0.7623024867159257,-0.2905002022543299,-0.12236210282267497,-0.8961988370526451,-0.42636698836613773,-0.18809010239867588,-0.9999986640900907,-0.5133057584147156,0.3045664977951275,-0.48338246942752056,-0.14356136027385458,0.27983420839540385,-0.689154776432077,-0.4267169465505519,0.04074866915986201,-0.5802964411945257,-0.4399661484210971,-0.09316085935194743,-0.4748487450725632,-0.38446138691038356,0.5482997524495709,-0.40160110361205015,-0.2260631064520998,0.44073948736499335,-0.5508501075550548,-0.47575675812934903,0.20744008269797062,-0.5003257008979163,-0.49718220147227427,0.05042184780809973,-0.423153352053651,-0.46397538997245374
27,r,0.0,0.0,0.0,-0.2944335950206766,-0.11320383536671261,-0.20171236516361776,-0.4720158259272179,-0.32016107736175736,-0.27413261323564875,-0.3298048144027157,-0.4941493332610618,-0.3492102896331442,-0.08684638239445845,-0.6086725782808011,-0.4123787569076592,-0.3686113593573159,-0.5318197824922275,-0.05737317085516407,-0.32094052368398335,-0.7624838288524851,-0.22022023198043794,-0.253100770062277,-0.894039859044448,-0.31640453984389116,-0.15740075941426218,-0.9999986499133483,-0.37473820281470394,-0.08826324295562228,-0.5213721760484324,-0.06002400052293474,-0.1483190751130919,-0.75357379012279,-0.23580813241415763,-0.26580785346616514,-0.8722574888184952,-0.3105339474608444,-0.306501212164027,-0.9745763957263253,-0.3282594106301917,0.18467204600567783,-0.4670198373386284,-0.09997130351475159,0.15916887779047004,-0.6219910031785929,-0.379533535879396,-0.016734276383012562,-0.4781311721807014,-0.37543677534446274,-0.06254763015124697,-0.37192497188399987,-0.28566897808106856,0.43663832977322614,-0.38123921863316035,-0.15663756816955224,0.3418878015902066,-0.5118157102790468,-0.3854073471198544,0.15741492238687335,-0.41349917091255406,-0.3698503678351452,0.1013825815225048,-0.324902454329087,-0.2974858261141942
27,r,0.0,0.0,0.0,0.12161611755643496,-0.13298850032935097,-0.10918653065293106,0.17748798910861258,-0.3193083014793325,-0.12350656893668976,0.0626374494763423,-0.472611837610361,-0.12559838799114023,-0.052882792809602924,-0.5480592996667886,-0.11721764245452355,0.2714522313774111,-0.462235074395427,-0.024576686305759602,0.2526768402437957,-0.6892025994017632,-0.08242732600911912,0.21649026307493865,-0.8431569676031221,-0.12902140892861716,0.1781562839138888,-0.971725771550715,-0.1552325273611987,0.16332243511260733,-0.48635016376536566,-0.011892264970869608,0.1961651557424086,-0.7163936750788907,-0.06933973716541797,0.18433998726525344,-0.8694655930743198,-0.11485737107704132,0.17005205875458893,-0.9999981830941014,-0.13275205827822145,0.053255872635267563,-0.472397140729554,-0.018697548619404845,-0.012712546152480577,-0.5965996923865255,-0.12968809283043714,-0.016682137156758526,-0.4733899445907385,-0.17363611114750985,0.0076942163871760935,-0.38260711481498794,-0.16147883935529553,-0.050125684164727395,-0.43641302299003804,-0.03412530638989476,-0.07659366724505881,-0.5455839772937213,-0.11685652934024815,-0.06590419924155971,-0.4849149706188865,-0.12776460641866227,-0.04330476696888939,-0.4232503443860698,-0.11292799606859868
27,r,0.0,0.0,0.0,0.1439186225392518,-0.1533425251802759,-0.03805915439703001,0.1834158944434253,-0.3661995223679028,-0.048068593245592615,0.051518239095667946,-0.5051816942365775,-0.06659926803176469,-0.1007060392389501,-0.5239862548746411,-0.08398772967874302,0.11854758639131444,-0.5277203553229833,0.008747040760960025,0.09263032565401251,-0.7217739848282428,-0.03704699439863856,0.04415039559692023,-0.8514257519585775,-0.07847601340357375,-0.004736779710937708,-0.9619343081526103,-0.10899513801855443,0.0038025462814075734,-0.5155365496789674,-0.020444469206207058,0.0017956965615964706,-0.7398081943255318,-0.06697580865330462,-0.0024455591770621253,-0.8813063097573401,-0.10749280603857528,-0.02011711014272824,-0.999997498190576,-0.13443543083663184,-0.0948906784592508,-0.4646186655373758,-0.059364355213437844,-0.11452822041213563,-0.6253077101333312,-0.14833789420018023,-0.04523270465223223,-0.5135886021466526,-0.1739381828810344,-0.00031658061785993244,-0.40992999755978604,-0.16673815469685294,-0.1800366983146811,-0.3868346735216746,-0.10241709643040799,-0.15050045735371329,-0.5030471982572807,-0.17293792680969672,-0.081504522593,-0.42667477106902285,-0.17629272326646855,-0.03545166089967986,-0.3387306736283246,-0.16573150512858129
27,r,0.0,0.0,0.0,-0.2639845968766882,-0.11443179783289,-0.08190971899281337,-0.42459935857544867,-0.29971667218059017,-0.15108727780318273,-0.39054151035707163,-0.47856701874753677,-0.24580193950103413,-0.17749089464226345,-0.5707270361561088,-0.33208429722738103,-0.2787718744261252,-0.49164805280536117,0.020011883264483804,-0.27630887540108895,-0.7211088201077434,-0.08989821421493852,-0.2751539299684734,-0.8493227977063148,-0.15025750041004712,-0.25361979486064984,-0.960039650880931,-0.18609898397011285,-0.12638147987757792,-0.4974323350769035,-0.026284960738881594,-0.13241854231712757,-0.7552841372898987,-0.1757271854410044,-0.2172403722794878,-0.8945592624156963,-0.24196309542683983,-0.2845191136705392,-0.9999984804917667,-0.25375394077513114,0.038429106559010336,-0.4694814238590283,-0.09454367812970396,-0.07061053072838105,-0.6500799477111336,-0.30146366153356424,-0.16830395220520603,-0.49676334162975677,-0.3028895916536316,-0.17973267705663762,-0.36625310391310045,-0.2338462798529465,0.21194824602118525,-0.4165337149094465,-0.16955326079028307,0.03865190814027086,-0.5526552013931743,-0.3081840047980833,-0.05750128419390512,-0.4420770105034808,-0.28646974910297035,-0.061021005759330525,-0.3328650189847322,-0.23022729384318716
27,r,0.0,0.0,0.0,-0.15577963497146555,-0.14302291869079276,-0.2236933532215487,-0.1489599990043179,-0.3350000962934607,-0.31839811992749184,0.10684982746156103,-0.44846061137805615,-0.3931267498469959,0.34459854765022796,-0.5428408824581827,-0.4531267855252171,-0.06243579048867609,-0.5627725209861533,-0.13647390572680906,0.08869025695284413,-0.7289186036217384,-0.28571692765073897,0.24640953849141295,-0.8389575689894913,-0.39286622304047647,0.38250266641426073,-0.939387956662287,-0.4579985421299852,0.12382305217095883,-0.5394809140500071,-0.12077069259872607,0.17315107998837942,-0.776348313504343,-0.2650082779045885,0.20531216542355016,-0.8928034255427506,-0.330446239518731,0.24427016431090592,-0.9999986187661536,-0.3458621486736582,0.2877851800396157,-0.4575299409824137,-0.13889191886344346,0.4113430538747239,-0.5452399190017052,-0.3619568517991189,0.2906115809859324,-0.3991307723456748,-0.3711269096536823,0.19508234099704122,-0.3307353436844164,-0.30698752742046354,0.4321535021344662,-0.344300108821461,-0.17529439635106192,0.5027564725211197,-0.4022006170483126,-0.34538682823837935,0.37882343020526904,-0.30748732939925844,-0.33215730252498693,0.2872755700120109,-0.27468828465812495,-0.27862847033583094
27,r,0.0,0.0,0.0,-0.22697915492394422,-0.043317888483382326,-0.04380386507100514,-0.4047423630242665,-0.11861377353803777,-0.09918647056742799,-0.518763691651827,-0.19693178105014753,-0.16238939120319884,-0.6165640432979695,-0.26879544797595595,-0.221351292987924,-0.4658332859528242,-0.3750062272339764,-0.15682373566942867,-0.7277825626603517,-0.5801697856360324,-0.274339593370055,-0.8792360536318364,-0.6853569255686455,-0.3281360695317775,-0.9999977632432837,-0.7789011014223765,-0.3513630364376973,-0.3561464925880463,-0.4367649554999873,-0.2026701419414186,-0.6322476696280388,-0.6383173122105028,-0.3319579185447744,-0.7878114831199898,-0.7685750830658665,-0.3902275339069815,-0.9125566935654885,-0.867275518717695,-0.408386299594438,-0.21717078902780493,-0.424221974075964,-0.24674534420873695,-0.4481949724686184,-0.2536816359825357,-0.38005576805105723,-0.4471946643338787,-0.09123908754603863,-0.3835293490479308,-0.42737128485282944,0.017754636134820263,-0.34735727098169444,-0.07930111722630016,-0.35838075406692615,-0.2941944866236417,-0.2730498572639313,-0.21781399662423992,-0.3715475827502819,-0.33597001220137823,-0.1269999367116213,-0.3445656273577642,-0.38125505336076804,-0.05163685782784298,-0.30162180452132925
27,r,0.0,0.0,0.0,0.15146340041615497,-0.14144143566110554,-0.057275689704440996,0.1973175984284345,-0.35776998305833374,-0.055964730652296575,0.1118303957015311,-0.5344400573531666,-0.05690164588409771,0.005052792466892801,-0.6159181781774176,-0.05352934305087901,0.16022119580240515,-0.4925578178308558,0.04313322481310693,0.14607372222917678,-0.7048890000171423,0.006765016022220755,0.11406964048786464,-0.8615699665857233,-0.03248763317888123,0.08007310448772795,-0.9999979308056038,-0.06178643872106189,0.07032642032108437,-0.4963177658676571,0.033670493128405164,0.09808215298164936,-0.7153866624556511,-0.014492936668761837,0.11630913194139209,-0.8567367387548115,-0.058443843868009965,0.10945289395300985,-0.9731042074875638,-0.08222443063595994,-0.02142403246003673,-0.4646337964772443,0.007035354113082957,-0.03899426001598863,-0.6472763002046725,-0.09367615553042166,0.005232181183665335,-0.4848075962649378,-0.13066160416928946,0.03194044160528284,-0.3571393783770976,-0.12403044228700215,-0.11666581270378891,-0.4085786149939336,-0.024397288385957797,-0.10366823992178001,-0.5463224477514992,-0.11052899009462942,-0.054726508643303404,-0.44463858373794307,-0.1310387737254806,-0.019875085815866046,-0.34659571250692417,-0.12916290825752855
27,r,0.0,0.0,0.0,-0.28188850721308406,-0.11853630914652698,-0.34520903397081504,-0.35378078976925714,-0.2822949182775972,-0.49288837178474526,-0.05401467788456183,-0.3814197581937336,-0.6133802880789526,0.2923292753212717,-0.4433707619772431,-0.7119783267636607,-0.2517174495681763,-0.5418980913363588,-0.21828212920887852,-0.1496385683956531,-0.7516172594296036,-0.3790119663745234,-0.05181192321259499,-0.8825081800893352,-0.490657970101587,0.06288890769347126,-0.9914197687413397,-0.5776205965687642,0.09408914627468314,-0.5288843080532946,-0.17551400414050003,0.07278745926702089,-0.771242280876742,-0.34673881431203196,0.05112183705749408,-0.8974427185302144,-0.4275325547941969,0.07589791558369342,-0.9999985944246105,-0.4681678805068049,0.38148259231007764,-0.4580187349581827,-0.17784150547811517,0.48314442250772016,-0.61124282747948,-0.4792149140588905,0.33935508200253184,-0.47533405806733675,-0.499114227368576,0.2448361503720556,-0.3746852813828034,-0.4371800212388358,0.6340889770668783,-0.3554244464739949,-0.2088123157558496,0.679582971770493,-0.46164786596056967,-0.48968374807237847,0.5594882089809907,-0.3734636186034321,-0.5116873759384252,0.478500227300501,-0.29678723020764713,-0.4686523734332282
27,r,0.0,0.0,0.0,-0.3212066577359849,-0.0972022760719923,-0.1707232014311837,-0.5015162350310982,-0.3064851650977867,-0.26545948733170516,-0.38889244524458566,-0.469522586889679,-0.37019546368740364,-0.14983819038962382,-0.5742978924442343,-0.4691319190051137,-0.31051590320935923,-0.5069062469613824,-0.09290388390537571,-0.2461052864180165,-0.7450343861757581,-0.2823337542059667,-0.16749912715953494,-0.885689520086906,-0.39920739578921777,-0.06079722785169224,-0.9999985585265662,-0.48207094619386376,-0.038521650762821685,-0.47367245101810584,-0.11408619088861133,-0.01768280303120896,-0.6186910424784522,-0.41066527375001854,-0.18919260632977006,-0.4756411018830053,-0.4755672585113504,-0.27508899428864664,-0.35523172021530175,-0.4400924929794673,0.2165176573267091,-0.4182189250187429,-0.16615566593641495,0.224222142132595,-0.5687617331250795,-0.4544813091392955,0.00019675339242437658,-0.4218622136005609,-0.383179211461637,-0.09704796642448393,-0.3042852215986487,-0.2496988747300448,0.45771197047796197,-0.3421971086819787,-0.23463834764359048,0.3977818322491286,-0.4729874227221235,-0.4479235787127494,0.19356744808180526,-0.3782139770651725,-0.40017354945638467,0.10440705881222748,-0.2865967479456493,-0.30652050267522496
27,r,0.0,0.0,0.0,0.12855862592933176,-0.13030393000619078,-0.08870933156358235,0.1834136891012831,-0.3427719567322601,-0.0924655157978071,0.06539654972850796,-0.5057352591167472,-0.08806554871206007,-0.06092050430172926,-0.5714309210003005,-0.07424772143368938,0.19746761183655537,-0.4837378537611075,-0.005075215149241,0.16807809465604429,-0.7031816397883635,-0.05565646853348598,0.12601566101711117,-0.8466896917050664,-0.09814640851844755,0.07917212251219946,-0.967544516960391,-0.125240199407768,0.08870231496530273,-0.47982807931485744,-0.00828083128481179,0.10722301048001584,-0.7379189804604257,-0.05057589446224855,0.1119697106269064,-0.8796147947079918,-0.08418370411908448,0.09581287937399412,-0.9999985694785537,-0.09840819560340415,-0.016775071691394156,-0.43766170676001775,-0.030872757886852988,-0.05801381713312773,-0.5807475654510346,-0.14391563089265455,-0.014142705668978309,-0.4413856871966203,-0.18844494044456123,0.020947315348382026,-0.34524798805220286,-0.17930379416746503,-0.11289701799355256,-0.36834365854839574,-0.06019880805962263,-0.10630896193324127,-0.4710519342799818,-0.16211802946472684,-0.05320988236991044,-0.37161794756375865,-0.18201475386973065,-0.0236288370599038,-0.28224352553969184,-0.17343688361465506
27,r,0.0,0.0,0.0,0.17536356370285167,-0.07539955236646438,-0.08930316138488104,0.26724969227466033,-0.28889455308462486,-0.08757425827887139,0.18356692040794806,-0.4527815283572473,-0.07793775228602001,0.030345957364114547,-0.5057847269423712,-0.061564541595454166,0.22498516513091332,-0.4692660958712998,-0.003385451512240297,0.21524446693545427,-0.6816026358358529,-0.04106399844760964,0.1890003610869303,-0.8275643963469321,-0.07670446778179472,0.16783422682396476,-0.9442525635828266,-0.10382296907103292,0.11559675521230152,-0.4786598445950208,-0.006235579365263311,0.12945104537762542,-0.7262203101952832,-0.04774045972287569,0.16057737930858704,-0.8798712370733779,-0.084066944753032,0.17178490700354648,-0.9999988379224938,-0.10340584527636518,0.00533117058614508,-0.45420911911134143,-0.028311003586523237,0.033258975328462066,-0.6057676823155962,-0.14844483397608918,0.07631956761069697,-0.45162341392972466,-0.19889685609024943,0.09493154699836968,-0.33879889512830536,-0.19525502951307938,-0.09112715495700134,-0.4006931847576926,-0.05702642743993539,-0.013496362156698112,-0.46715530764974933,-0.17704345502833138,0.044559179883710096,-0.35609538951552894,-0.2160823183346908,0.06283494590827308,-0.2702152479060698,-0.2219014970069071
27,r,0.0,0.0,0.0,0.1371421017084806,-0.13168225234106304,-0.03239516163794827,0.19869618663404834,-0.3061843624001015,-0.04625503802395813,0.11938493716843004,-0.4363948555286735,-0.07003996035911814,0.011339118051296908,-0.5098114232824666,-0.09288794013847933,0.18123532214322835,-0.5015399293571715,0.011780087894841416,0.16186089940687817,-0.7132882996205276,-0.043205674482815135,0.12146224342285665,-0.8424378832095326,-0.09614197713097195,0.07135461287520055,-0.9592258484733146,-0.1311797122674462,0.07287544716867107,-0.49272565023973625,-0.020411395619445688,0.09532594037033736,-0.735082691048596,-0.070255943119723,0.10864144016907162,-0.8759977170418795,-0.1147380419560579,0.10026624739175702,-0.9999979312984075,-0.14126807851396728,-0.026746967219732912,-0.4402624158050637,-0.06281898373929765,-0.03224917158794559,-0.5583230039602766,-0.15001155018101944,0.022617385468263695,-0.431429764358317,-0.17501812452419355,0.059049591188594625,-0.3344545683456645,-0.1659440434077034,-0.1177253239713353,-0.3598435244991466,-0.10866044613508563,-0.09914535034742478,-0.4557464669836639,-0.17342726884476514,-0.0505987512701219,-0.36682316007413435,-0.16770169887556155,-0.01715155584600317,-0.28433732006857015,-0.14996358483805206
27,r,0.0,0.0,0.0,0.17173608335457205,-0.1452302667484552,-0.05965937981711839,0.2508263977511961,-0.37722095225639657,-0.03545207370098085,0.17424821554725156,-0.5490263371333252,-0.003936760976702139,0.049269734946934166,-0.5692575823870248,0.032539945638276974,0.25867129168775793,-0.5154474458998829,0.03718775194004207,0.2581232145511157,-0.7354308267829105,0.023457041375537495,0.23421495722202368,-0.8839954374144966,0.00735024454967443,0.2149128514924389,-0.999996779261469,-0.003874141319119669,0.1479842823709663,-0.5155513021979297,0.04338359719499683,0.15032594433690738,-0.7082916979267823,0.03573335282951712,0.14044596608316723,-0.7733818569960468,0.017587782244279645,0.14848187114090558,-0.8296789774780048,0.006229364264696563,0.04530591823331301,-0.48882327918702706,0.0332191779456705,0.010953479951849858,-0.6256344668095345,-0.02945094400713122,0.014887541164182207,-0.4983842976640488,-0.07124782176955517,0.046477517100187764,-0.4130183560746394,-0.07884588302455894,-0.05174788827685162,-0.4471142251466026,0.018400486872096427,-0.05949698869636109,-0.5757989933961609,-0.04040689258575131,-0.038370774752284446,-0.4920996478353888,-0.06361990902777458,-0.018640573746092976,-0.4095668139106258,-0.07004883104403431
27,r,0.0,0.0,0.0,-0.3232932166320519,-0.13176949604923685,-0.2279032880535509,-0.46682592700505743,-0.3305648657899872,-0.282132216938894,-0.2512755401277057,-0.5056416980454558,-0.3378043878286684,0.044294418201160354,-0.6193397359089421,-0.3766907743127703,-0.40661604004584306,-0.5481018977191778,0.10024960214214912,-0.34804867742954454,-0.7502906235673417,0.04729877443241755,-0.3110215959928108,-0.8722935642199596,-0.0050251737334169036,-0.25615136443435005,-0.9709047970568623,-0.05446000808190756,-0.10982836959998184,-0.5512796341511607,0.12943491733971366,-0.15837853967963433,-0.7868425953423281,0.0557458358955405,-0.25383473834845766,-0.9116819920925765,-0.010079027781180128,-0.3060975889817722,-0.9999986086546659,-0.04741796796247965,0.16071411541777128,-0.506529553524364,0.10860746651405842,0.19947050811678174,-0.7195345501332558,-0.11358481494034313,0.07742147875854044,-0.6391958615621041,-0.19826377208295762,0.013369166252505756,-0.540703986655149,-0.19535970677748304,0.42681914751515965,-0.44349840750810493,0.0713298516006031,0.3740519541679482,-0.6140395969602434,-0.1588814810780261,0.22341142412501253,-0.5627571524049836,-0.2302374954360553,0.13630323144774587,-0.4731607916038905,-0.23499414840670194
27,r,0.0,0.0,0.0,-0.33497537325687987,-0.14798851579186556,-0.13896013137439484,-0.46118540826514953,-0.3371450288666949,-0.22522365393841937,-0.4486328944756323,-0.5092613337958266,-0.34337571764163666,-0.23588232484644245,-0.6272318694215969,-0.44697059915926635,-0.08778702039566787,-0.5405787726428449,0.0664157995289168,-0.04092011611023178,-0.7449116229848289,-0.054375522279532996,-0.03901410290378484,-0.8706761503736604,-0.15178251409622798,-0.005880961859018087,-0.9756012123292553,-0.22861341422571407,0.13080413874240798,-0.5343940067419661,0.01496894342983172,0.21433427831182622,-0.7724343980580499,-0.14089963719594356,0.10321996229743077,-0.9058397509191749,-0.23874973978717726,0.008241269360271294,-0.999998585938124,-0.2891092316399941,0.32958064957721933,-0.49558901406924144,-0.07530389222127426,0.3168310782624225,-0.7221714121361335,-0.3107979071228263,0.027721813287912032,-0.6584278962219235,-0.3535398360683526,-0.14704912116055513,-0.5619615369674211,-0.3220394784470665,0.4992265291022844,-0.4370159403655863,-0.1804719573751462,0.3294999891616109,-0.6242127930505468,-0.36877588901414754,0.05622536675844524,-0.5962072354688563,-0.390481168574174,-0.11722967350121619,-0.5113039724293386,-0.368653086270635
27,r,0.0,0.0,0.0,0.14360138197086134,-0.15539097447949987,-0.07719337924986795,0.18717620739234786,-0.3768898897682794,-0.10505899172617249,0.07724133392467443,-0.528410890163972,-0.1308191081902187,-0.0642278977853481,-0.573198892776074,-0.15781633022544253,0.20410863583341343,-0.531364688155175,-0.04967417422940928,0.1982429471088913,-0.7263173466433845,-0.11679262097923203,0.17377346989358522,-0.8780567957317565,-0.17092817020023524,0.14711324810664353,-0.9999968186103282,-0.2091061798995748,0.08099402457408747,-0.5298139299878734,-0.0570756199584315,0.08128794425607787,-0.7238835020509027,-0.12856500496455403,0.0717710145788297,-0.8370882793871197,-0.17493601394777616,0.06950404051547787,-0.9378494929222696,-0.20125807402962784,-0.04586588193620145,-0.48409064650383754,-0.07580560428687001,-0.10170644975115097,-0.6474113843778374,-0.1847058804739372,-0.0688989452217802,-0.5431631930670738,-0.20059421850273224,-0.01993458096059598,-0.4497227129014996,-0.18206690838726622,-0.1699166747890672,-0.4059797843844747,-0.09970400030070875,-0.19594866695895452,-0.5277365815258056,-0.1903983343600862,-0.14721678368494467,-0.4560811437509586,-0.19064590243416274,-0.09677239160573778,-0.3738436492964504,-0.17100563225835982
27,r,0.0,0.0,0.0,0.11842062406871172,-0.11770682405709647,-0.12633668671678666,0.1596676496016735,-0.3179299274613807,-0.12859470584155042,0.024257496524375314,-0.4878666800963791,-0.11021424213285945,-0.09150090527031972,-0.5795132486547381,-0.08033334201840772,0.22411646439048125,-0.4892926470213943,-0.00018215694767358627,0.16060668107548576,-0.6918913639629055,-0.05696702378784766,0.09973004181350632,-0.8424810288601376,-0.11221594422453589,0.03460349126533846,-0.9634779560912042,-0.14457059120161198,0.11020963306125096,-0.4893035343428298,0.01866294394704486,0.11710098998304998,-0.7292794237768921,-0.015745720969397217,0.11735607085151598,-0.8717794913006695,-0.05112464894539966,0.10568817383292535,-0.9999984778421385,-0.06491792122259815,-0.005865090784984785,-0.4428704693355835,0.010701042946020624,-0.07796832763670242,-0.5503636249709974,-0.1052643441241271,-0.054054825105849726,-0.3863750696746082,-0.15917860937386052,-0.014210041209941559,-0.28718231717394405,-0.15264553605496822,-0.11222219979244324,-0.3602492180642217,-0.006634475356208338,-0.1381700663792789,-0.4566762280095533,-0.12027678092386532,-0.10726853658504777,-0.33727098180851817,-0.1447478277218141,-0.08271932789195992,-0.24288144334216258,-0.13579668031209632
27,r,0.0,0.0,0.0,-0.3022651693652023,-0.09803230052151155,-0.06082012628676294,-0.4642324362614101,-0.2789533972938256,-0.09777634311067554,-0.5288076445090236,-0.42935430855919676,-0.15926211130899404,-0.49124046557052115,-0.53439836511342,-0.20919729670212073,-0.22427056927532274,-0.5078385625916604,0.020410181388054043,-0.24183776108359498,-0.715990917815849,-0.07913166945971767,-0.2835944324186098,-0.851760880851719,-0.1400601385206753,-0.332688264121995,-0.9573784625475403,-0.1803976976731087,-0.08562484542307056,-0.5139451993907306,-0.028588735651409826,-0.03358230220305359,-0.7705509233826591,-0.1861783001077455,-0.13432885511184953,-0.9100981410398131,-0.271392565726048,-0.24913681023765305,-0.9999985164731449,-0.2925644726963778,0.03739470579809432,-0.49102382409705286,-0.0940739734885112,-0.15998566060215677,-0.7094051938725946,-0.28644751226790865,-0.3699703163538858,-0.6073803678452444,-0.3025269519165464,-0.47683305597160275,-0.4926821482576344,-0.24711364421954485,0.13290379634188404,-0.43898698429541905,-0.16613003287771375,-0.16438595841611753,-0.5637636305040488,-0.31588121867913516,-0.311012931001125,-0.49022437284740916,-0.32929901886975943,-0.34746741280436677,-0.3980405962837213,-0.29507141245731666
27,r,0.0,0.0,0.0,-0.314624974512861,-0.10999849292154723,-0.1380620257904957,-0.498161638937844,-0.28637270159599976,-0.21165001584512244,-0.38135631073181503,-0.4415771403519598,-0.29836459188859765,-0.11696163106191099,-0.5115232109267012,-0.37447314454160896,-0.39256558241193407,-0.515681448525562,-0.008660277394541125,-0.33903231002907197,-0.7237606562968233,-0.13586723159230785,-0.28239533431106856,-0.8539110624386033,-0.21998578474443792,-0.2355854286228906,-0.9694989124983855,-0.2699933664650592,-0.1703024872936692,-0.5146882460961556,-0.03254981765165887,-0.18156770853814036,-0.7504789822748146,-0.1586874811051353,-0.2290403279179614,-0.8828812173142073,-0.2118207075920694,-0.274333518612225,-0.9999985435563595,-0.21847332348000884,0.05778891170585486,-0.4662869681210566,-0.0877677134039206,-0.02336660417061722,-0.6093376336295572,-0.30218604696627305,-0.10254383199862084,-0.4508914189517963,-0.3061691003589856,-0.11578043983249764,-0.33244606100218327,-0.23051999389578576,0.26624900188765904,-0.3840913719800344,-0.15568006180500096,0.15718424599353034,-0.49637819774304237,-0.31524256578347265,0.06962148497177394,-0.3921889971362794,-0.2979206414276253,0.062476261166199094,-0.2980629051403712,-0.23627863210537303
27,r,0.0,0.0,0.0,-0.2835887179246818,-0.1167923298052529,-0.0640251383743126,-0.431879175970476,-0.2725644388586049,-0.10760882558981101,-0.4621807733888358,-0.41182376013839844,-0.18050302214703637,-0.39981787823496767,-0.5171847152358592,-0.24516080379937746,-0.2610139121355156,-0.4717565444200539,0.011358437203860603,-0.25897062068003446,-0.6829180346799629,-0.09238172033341482,-0.2813100524061958,-0.815508155240395,-0.15466211991432555,-0.308930580858827,-0.9316193312760896,-0.18964348067475553,-0.1320496052351589,-0.4882824958161148,-0.04009999438826509,-0.12599455120048797,-0.7495809120508786,-0.17408092597686145,-0.21608455768595938,-0.8931956513837748,-0.23257965036093703,-0.3075178906161646,-0.9999985751681415,-0.24124095302956416,0.016145862412125057,-0.47420107158207175,-0.11103007230986726,-0.1542355321376214,-0.6680043297973729,-0.300778319076563,-0.30016129402238073,-0.5440503099379704,-0.30620929001471897,-0.3577237132926656,-0.4175041604913281,-0.242324616404611,0.16707520213669214,-0.43158770789029094,-0.18912283817313133,-0.030466100236343042,-0.5636571010225021,-0.31279078279124506,-0.178981826080124,-0.4953900027015121,-0.2933883887935389,-0.2403477042193208,-0.4057534617796036,-0.2406897369530954
27,r,0.0,0.0,0.0,0.12159718041184472,-0.11796546581637102,-0.0760767226828622,0.15443281077901183,-0.3376175486540466,-0.09458230780394601,0.04981020573822151,-0.5065771184112419,-0.10661610867882552,-0.07943489742021023,-0.5959479138030019,-0.11474003852284652,0.17961515059917707,-0.4626946541940792,-0.04759027494265641,0.15005825224835334,-0.6929528148254666,-0.11861473306533846,0.11442142529433942,-0.8574571102383582,-0.17281258134772956,0.07999891407861225,-0.9924275192596119,-0.2079324095988269,0.058600475936052096,-0.468080546084375,-0.06021346216690315,0.04027440770499876,-0.7189526507680671,-0.13008418179429004,0.025384924583969154,-0.8647410662957068,-0.17838985023337053,0.018092071894451583,-0.9999966645649259,-0.20345926743740173,-0.05817880539235429,-0.43700873517203437,-0.08406373012718145,-0.12942482506861694,-0.5848691713616516,-0.1949935006553895,-0.09654704752782235,-0.460013239079452,-0.2163798612470163,-0.04473544746456272,-0.37096500873113825,-0.19816852974982982,-0.1759990423863909,-0.3747466241233815,-0.11347174656927736,-0.21419193637497472,-0.4903648701028038,-0.20186565198739528,-0.17238472344040967,-0.4007393029987623,-0.19978894692551863,-0.12957909962868744,-0.32035321146430307,-0.17861125957501808
27,r,0.0,0.0,0.0,-0.2922495059655633,-0.1336175310681539,-0.23439424722843938,-0.405737904819362,-0.3104417736041331,-0.3509800360418151,-0.2776830662832255,-0.45723131024100605,-0.47185714417692004,-0.04926908869309037,-0.55664713065186,-0.5717163154531085,-0.18011501969231172,-0.5329618901649211,-0.09428054217366603,-0.08967213065513094,-0.7484863401389379,-0.24613863712876388,-0.01309727124425146,-0.8715021117021515,-0.34510554608466504,0.08989851742372924,-0.9646842482868503,-0.42216629992653926,0.09561035507946768,-0.5239904955360152,-0.09859168752492457,0.15461059692623286,-0.7735016332218806,-0.2518972443982722,0.058134569255015416,-0.9040022212753275,-0.3262338754963897,0.020193635053925487,-0.9999986430369001,-0.36862566739043434,0.3357196073983548,-0.4693767703052415,-0.1432620472818699,0.37558729601228813,-0.6967085156134082,-0.38118467355965124,0.14343409487836312,-0.6120318973492459,-0.3767273453624137,0.03542326098460981,-0.5064588663847305,-0.318683363167359,0.5354403763898379,-0.38603934422438263,-0.21233146547011428,0.40338167068474046,-0.552558823402007,-0.42572875738145044,0.1940492911062093,-0.5173888017787697,-0.4423539093233513,0.10350663498111641,-0.43687017000745676,-0.41245370903202605
27,r,0.0,0.0,0.0,0.11109785869905216,-0.13356600358699638,-0.06748949489556899,0.14162209339533896,-0.3124949552532279,-0.08483624654785751,0.04052564156394595,-0.43208498507294585,-0.10351903151345922,-0.06564189483533281,-0.5074439936236737,-0.11755716556804502,0.1880990937110906,-0.4698060671611131,0.003091421788195793,0.1639027495479783,-0.6677038273302351,-0.04599445783023681,0.1276933318173653,-0.8004254515974024,-0.09173330018056856,0.08545571409679836,-0.9168890824698053,-0.12303583170332126,0.08145841540232862,-0.4753461164283172,-0.014406464386387503,0.10138905083177562,-0.7255669311110741,-0.062068283614638294,0.1042445139849117,-0.8727671543872128,-0.10483586058876172,0.09412187087805023,-0.9999983701870415,-0.12678719714933695,-0.02303770263669692,-0.43695182349265616,-0.0470515136126511,-0.08953675128340947,-0.5678398467863103,-0.14583896698898935,-0.05467948676870795,-0.44102771202487806,-0.18212125517948347,-0.014829970384928948,-0.3513687530580419,-0.1742282587133611,-0.12265440205330647,-0.37070000740104775,-0.08548245124591362,-0.15588415748669665,-0.46822533311920556,-0.16216533791409707,-0.11699277654142147,-0.3786582727759955,-0.1665422284392424,-0.07229857066624798,-0.3029065093253518,-0.1530118318515805
27,r,0.0,0.0,0.0,0.020517874303626442,-0.10538580133466201,-0.04929340123877009,0.05746423142967397,-0.312525232014478,-0.05310039217066659,0.0212651947751671,-0.45494970213303354,-0.05836456918892824,-0.04748350096791677,-0.5260875043725732,-0.06346365683125083,0.25815815395444636,-0.440055133852048,-0.01839512682956319,0.251539542739228,-0.6392325718323687,-0.06637883785309007,0.22966886128771957,-0.8069140052628161,-0.10624594443617208,0.20001826701937145,-0.9330412037808807,-0.13438661846150773,0.25237528491220623,-0.4365225297852247,-0.0372377998216747,0.24615075620390242,-0.6573723362470785,-0.09745079040016184,0.21976952068312314,-0.8443629148340899,-0.15397851482450872,0.1874843786303187,-0.9999974898985041,-0.1863226514325553,0.2188350334628543,-0.39652068670721746,-0.06347044555325206,0.12599314463568212,-0.5882728711655507,-0.16302486092542132,0.07221135540140958,-0.5699038985501602,-0.20956373834435116,0.03954619453024412,-0.525974471216167,-0.21570203345169714,0.14925104438791628,-0.33897364409015657,-0.09287263898743797,0.05756656720595701,-0.4666862990720682,-0.18782677414438212,0.001064800759950921,-0.46908542968696115,-0.21576253349487617,-0.043239708140038746,-0.43516583268093434,-0.21675430406360172
27,r,0.0,0.0,0.0,-0.28297277001493026,-0.1456360809354039,-0.16335334768972193,-0.3744063423042416,-0.3223848251988176,-0.26168747169486173,-0.3228671970712068,-0.47731559302826565,-0.3841602108959645,-0.11303047505014413,-0.5835638421667563,-0.4929459102014114,-0.03225998934066275,-0.532578932864305,-0.006025125176215418,0.031061072753422774,-0.7323427161126502,-0.1549830087175031,0.05959888274790077,-0.8580955477713765,-0.26730677350607707,0.10920176922846433,-0.9582956081422603,-0.3494418500659548,0.17838827660173648,-0.5199930091424237,-0.04799407208746036,0.2834367627451228,-0.7584762844159613,-0.2129382681557369,0.20017932920458956,-0.9003909921079083,-0.31781233382136886,0.13349077296460543,-0.9999986475840416,-0.37551887026290204,0.3625272094542033,-0.47014232668329664,-0.12645276601238348,0.3808857154210144,-0.679969657607579,-0.36266124961657437,0.1038301424804034,-0.6316187292737527,-0.405534468083345,-0.058192314097947805,-0.5515016704355259,-0.3770773489719321,0.5012052534729936,-0.39749360809359496,-0.22145347386444764,0.3622503131671617,-0.5723626014057649,-0.40723054852803153,0.11641171324755382,-0.5412386526395642,-0.42731770148973724,-0.021394772501806113,-0.45754826132386345,-0.4056287014922392
27,r,0.0,0.0,0.0,0.14287417734565036,-0.15386307204962338,-0.04785394822601574,0.21272182284779323,-0.36424168631981185,-0.044212390154634275,0.11545307999843511,-0.5274806837121878,-0.045630371185917826,-0.019295185480124523,-0.5971001423385119,-0.04207919146548712,0.195676634148017,-0.534188086496638,0.04610858780154138,0.18865339654869193,-0.7580497838054933,0.00986071276422021,0.15504302212572618,-0.887115838890209,-0.02642012255190699,0.10852477143655177,-0.9999976951592391,-0.04850461053221459,0.08799681357222554,-0.5240901646903905,0.027341840057429102,0.11837582279376484,-0.7559735030422868,-0.012841036127407607,0.12511241866136463,-0.8825205041544261,-0.05523726104048872,0.11102514183591244,-0.9920247207030485,-0.07734731228750429,-0.012739586728052199,-0.47733404189075246,-0.006638416095417553,-0.03758798351930318,-0.5848241417708753,-0.10523474337943148,0.013091277517995516,-0.449712096131468,-0.15181391316417836,0.05032695204088868,-0.347899329683063,-0.1495767956852196,-0.10537095680189211,-0.4125955293878252,-0.04352305559946315,-0.09525524438732522,-0.5061851881746532,-0.1179893903039085,-0.05444908407121845,-0.40762089063991996,-0.1261832018479248,-0.03114867627257735,-0.3171059847496217,-0.11531473719814475
27,r,0.0,0.0,0.0,0.13438013528374854,-0.14145851294898382,-0.05201716432627939,0.18195860013899168,-0.33970900858020175,-0.07627018948481218,0.06615947938770574,-0.48326736085635513,-0.10603849376633284,-0.06001315582168696,-0.5477560461397902,-0.13427381027701205,0.0971886328235974,-0.5103205756894991,-0.023433493716679438,0.07486068684863106,-0.7119549084646202,-0.0770630784486333,0.041488342459208356,-0.8449166225948538,-0.12058121889654658,0.005115875394527181,-0.9590196222938804,-0.15183451862379274,-0.014090636306959947,-0.4956463549504519,-0.05002030327698747,-0.007885982314267822,-0.7412781910939381,-0.1053505827606025,0.011188403406339633,-0.88173236728241,-0.1465223173575492,0.010251138231541371,-0.9999981198421369,-0.17122735429386346,-0.11434461430019409,-0.43767386753319953,-0.08542513174044519,-0.11922767228566485,-0.6097880174683109,-0.18646577202251097,-0.04332527461831707,-0.4933674899621668,-0.20469552924257348,-0.007187978351664727,-0.38770811369772806,-0.18871269816045622,-0.21184226950909743,-0.34911068545884416,-0.12469215517505097,-0.17090702949147654,-0.47684423392072417,-0.20820792025909454,-0.09769707690777983,-0.39433794663143584,-0.2052423699885022,-0.06279867183588982,-0.3023964746871837,-0.18561317281764875
27,r,0.0,0.0,0.0,-0.26863725104727515,-0.13388686544773412,-0.2876119425667885,-0.34155984178897175,-0.30559660957697593,-0.398276428224424,-0.031158888820488527,-0.4245463004786161,-0.49189390123308746,0.2795614790000899,-0.5221203574598197,-0.5630767310796904,-0.2531270498566899,-0.5588887071080233,-0.1178054269335279,-0.11650797736727708,-0.7633046520043902,-0.274095154065553,0.016937587560943712,-0.8806168267650951,-0.37520735556277307,0.14245174369592453,-0.982800938103789,-0.437070192049977,0.04151201021809187,-0.5394848848725369,-0.09362579263317877,0.08350044258877654,-0.7803312037019726,-0.2457387355538321,0.08308482326338282,-0.9004816704370746,-0.3018878463652325,0.1123165024728205,-0.9999986577603087,-0.3095010603631073,0.29756591616721745,-0.4726247760230486,-0.11780886709348785,0.3735717702739474,-0.6080707139642592,-0.3992901553605287,0.23398047958285959,-0.46532379654339906,-0.39774600356083206,0.16526456444241933,-0.36674809298781064,-0.30614830446725805,0.5222675643046174,-0.37875281118106896,-0.16755324009852515,0.5039366319561748,-0.4762063825599544,-0.3961847309650557,0.37122430112174293,-0.3854808840218072,-0.3804022771153145,0.3178509393766305,-0.3149039223467551,-0.30809977520639853
27,r,0.0,0.0,0.0,0.13435837266124154,-0.11328788807278269,-0.10155699694270347,0.17568314539971577,-0.3240479461775061,-0.11218713524028996,0.03481776236473937,-0.47627207307077263,-0.1111540552726429,-0.09325586139665877,-0.5475993195978973,-0.1006598790851294,0.1915004374731493,-0.4912561368659258,-0.024838661042086613,0.16474228701458213,-0.7136429683274165,-0.07890413032697388,0.12823062342245461,-0.8637452992872484,-0.12061371871925289,0.09060252676499446,-0.9878772629206882,-0.14603785637656058,0.07935529706184548,-0.4912177950463876,-0.026014680321967385,0.10516261075567504,-0.7453444690393302,-0.07091616212859932,0.11661918679350265,-0.883683731563889,-0.10485309181911585,0.107079096335435,-0.9999986457494985,-0.11679460106452925,-0.03228736371445758,-0.44884750142882135,-0.04720545480176298,-0.08852262431438163,-0.5787332806610255,-0.1641723363137859,-0.04973951061319039,-0.4254138692428874,-0.20568884841980875,-0.011246261067708022,-0.33016358747328095,-0.19128041641535432,-0.13612201564037918,-0.3716067355346032,-0.07555974998282461,-0.15570641166334698,-0.47687254632455106,-0.17509231858717625,-0.10939199596941004,-0.3693405322008447,-0.1858662084381735,-0.08058917717439516,-0.28197922106056045,-0.16926722756388096
27,r,0.0,0.0,0.0,-0.2646996582837884,-0.1277020158682032,-0.21800058130149536,-0.4197931965337964,-0.3209632240395562,-0.32988126875211626,-0.26909851665103685,-0.47961498001902775,-0.4378397566355283,-0.006780795057760223,-0.586586339110331,-0.5311613612567796,-0.30841791448686395,-0.5413976910918586,-0.12368130341512665,-0.2603254340744237,-0.7605164591162649,-0.3253923822618122,-0.1952476207676843,-0.8901249481177981,-0.44796087057226014,-0.103575532323679,-0.9999986404849085,-0.5303686113667228,-0.004270298855792352,-0.5138560543104493,-0.1289411924529808,-0.004359678711535244,-0.696270129671518,-0.3841934891215009,-0.14699825966556296,-0.6849923042653375,-0.46523484448755315,-0.20289154323563982,-0.689850946224141,-0.4707086921261391,0.2635092369140776,-0.4515970288295888,-0.16980919960715649,0.2448194471877784,-0.5926646555013322,-0.47746286770737023,0.03609171540244266,-0.44175552068817964,-0.42708090972989665,-0.03143958709945129,-0.3316265730666811,-0.3076110986575995,0.4840048841940191,-0.35885031576460946,-0.2294936314555028,0.3791679857465923,-0.46365480084639976,-0.4554486821679684,0.20076611781743461,-0.36712642041259963,-0.4132752874878397,0.1557124309501316,-0.2889545392729405,-0.3260025030948604
27,r,0.0,0.0,0.0,0.11484968983887316,-0.31776157518337966,-0.019312363681368423,0.11647557181598923,-0.6396074529940952,-0.13170034957738533,0.07840888418659087,-0.8800460008827437,-0.25984532182753994,0.03373414766448505,-0.999987822422714,-0.41770614520515364,-0.032633048129089924,-0.6049768927216912,-0.24725133711392136,-0.143914507700328,-0.8281023379946427,-0.359703168591622,-0.1695156162783909,-0.891498307059055,-0.47496563466123676,-0.19442064413500101,-0.9347464047302583,-0.5510922505334657,-0.1797448817710234,-0.4387928828160515,-0.29305396121013566,-0.3135491617663292,-0.6319999221895624,-0.3089054031868069,-0.3436816905154348,-0.6708806395677712,-0.3380374973588662,-0.3608579722593967,-0.6771225020955434,-0.4031158051559893,-0.3077794582680722,-0.2460224363038065,-0.3231413290912664,-0.4367968223530742,-0.4319140955405475,-0.32885373658123385,-0.4558036730016284,-0.4551467876492668,-0.3174434384046661,-0.4520655961345982,-0.45679371899126514,-0.34451981712491137,-0.40737924616979865,-0.06828631719870662,-0.35586789718954787,-0.5632338246395728,-0.23999759998637257,-0.3408520333416853,-0.579716203182587,-0.26709466515141594,-0.2760161788432981,-0.5801284803982129,-0.2746379591010493,-0.25289705803842116
27,r,0.0,0.0,0.0,0.16775907185111832,-0.09159162958352106,-0.059038674495669914,0.239870310539277,-0.2967171890341996,-0.06659016038233263,0.12143145281520491,-0.43658269950533635,-0.07666424040629724,-0.01784210074663059,-0.48134473357663327,-0.08529544876678359,0.14344310265907437,-0.4900180270533095,-2.8862038450269897e-05,0.12822248985867346,-0.6944745745277611,-0.04148739448550059,0.09853043836017442,-0.8260354130198047,-0.07727624561476536,0.06987067619374686,-0.9394079622346992,-0.10401060983168439,0.024917371561161927,-0.48237230017879645,-0.022929842879818994,0.040229083335847494,-0.7322905914451762,-0.06254225265082515,0.06167723693223176,-0.8744058613058094,-0.09355076511127546,0.06196159498566055,-0.9999979148879006,-0.11028637218567927,-0.08066248688141393,-0.43378696768196195,-0.05910138660079331,-0.07058306271571094,-0.5876262902576964,-0.16212993779569526,-0.008713188116165097,-0.4293141696116609,-0.17751899980792574,0.01876837722049632,-0.3173915606198113,-0.15451649326575306,-0.1888752672478923,-0.35630113807574026,-0.10021680516513036,-0.150700447139809,-0.4731964088139795,-0.18831098138384608,-0.0919929373433644,-0.36115635298625126,-0.1821127246203536,-0.07361157541062038,-0.27086260415096314,-0.15862099607968194
27,r,0.0,0.0,0.0,-0.27189188123198144,-0.11697627698545979,-0.09965381303428743,-0.4102678107854713,-0.3138281768568941,-0.16472985455005107,-0.3476859348011798,-0.48184713220709063,-0.24880462811388857,-0.16031049419851698,-0.5929466905490063,-0.3208683049518755,-0.16024821264815808,-0.5186735701709744,0.004435292579783581,-0.11687378948052757,-0.7373118666574895,-0.11372833520275794,-0.09992975015947174,-0.8754155526938767,-0.17911793440283735,-0.08361069843877895,-0.9856847937975202,-0.21292156724179334,0.020678804574321065,-0.5139100289598947,-0.035261616292188616,0.07810620625670363,-0.7586394632396773,-0.18465125119567485,0.03022419466929047,-0.8992814438348551,-0.2532841344253777,-0.034707047782951944,-0.9999985125821733,-0.26131559523306447,0.19348444061551703,-0.473181618619647,-0.09896439395104421,0.024683574755156427,-0.6256999594479239,-0.31730271944020794,-0.12115618909189516,-0.48649098645306776,-0.32867100850644687,-0.17510273920105215,-0.3565054456170554,-0.2597256868871945,0.3481588312988515,-0.40516227515373765,-0.1710202135614147,0.10748164302939497,-0.5063325142137385,-0.32731528765562745,-0.046469927041731585,-0.40287616546326865,-0.31688877985497566,-0.09521567956063447,-0.29683067735809254,-0.26114889788778
27,r,0.0,0.0,0.0,0.16663526851479882,-0.08690015848666237,-0.05628003782286122,0.24787577989738532,-0.29784569110170744,-0.05933032406217314,0.13185203551716096,-0.45759654452117765,-0.06113005567213098,-0.008055618950676196,-0.51197499765522,-0.06122813609831026,0.18807818440902055,-0.5068084609185631,-0.007882851563136761,0.190191298468175,-0.7071603065153341,-0.04391867870911159,0.17939438805055327,-0.8421524727672061,-0.07228925806711439,0.16191085834178418,-0.9581344869485275,-0.0959920888987738,0.08116514788904557,-0.5044594689120923,-0.03359634920491841,0.11571935416605252,-0.738037005647665,-0.06912966362022863,0.13284884451142207,-0.876722072060013,-0.10357195911329092,0.1309643122880488,-0.9999985072141562,-0.125456412098729,-0.024123080182817086,-0.4579819037779968,-0.07164930233292723,-0.02331837246666091,-0.611438882251644,-0.17916917291002843,0.02340343444992554,-0.49918847321272336,-0.22779585440974118,0.05785709675089794,-0.41622145270538075,-0.23167033432162656,-0.12393264030746608,-0.3772930496090512,-0.11176175533463978,-0.0882575021631288,-0.4692624930042237,-0.21426826302883945,-0.025608283765090292,-0.36729835555242724,-0.23884561513169583,0.009571608564549364,-0.27264518878986166,-0.23974592860205476
27,r,0.0,0.0,0.0,0.12161313883269051,-0.1354517185002674,-0.10209864203105747,0.16866915941844451,-0.32486379255655934,-0.1149960795858555,0.039075501556900004,-0.4692753141768642,-0.11758518161159415,-0.0870772167612041,-0.5383614055399708,-0.1101231175081223,0.23373979916264911,-0.484623580240142,-0.014688277084404747,0.2018832036483778,-0.7054264789352716,-0.06568563691288669,0.1656717707481762,-0.8541113881879934,-0.10648662071547782,0.1285129448853026,-0.9796273454009453,-0.12971139402419912,0.12335177145127002,-0.49715410470026916,-0.0064892429384313536,0.14773970998454067,-0.7243286716023224,-0.05633013140650069,0.14964930924472578,-0.8710246311833855,-0.09515321067125365,0.14211375637581214,-0.9999984170285457,-0.10961795448430535,0.00937769012647845,-0.4728883054150992,-0.018379312542366875,-0.05885262450408806,-0.589686449957273,-0.1269723305713071,-0.04068534307956803,-0.4547323934609508,-0.17030303332565205,-0.005696717947141457,-0.3628500894166079,-0.15843856640678003,-0.09738489182310497,-0.42553012110432203,-0.03828978646252291,-0.12238579105570824,-0.521005036257437,-0.11874149448937385,-0.09797700063071858,-0.4475336788428826,-0.12838660305071467,-0.07150585432702315,-0.38500423366731107,-0.11391371544171729
27,r,0.0,0.0,0.0,0.1487711480715558,-0.13923370899417697,-0.08210121974724564,0.2230318175351807,-0.34268575985087596,-0.08278936752139966,0.12675020848922267,-0.4996651937045789,-0.07813737710264587,0.005775439849772541,-0.5680504469583577,-0.06520030698837008,0.20208916805675084,-0.4912862577095071,0.016423628641244012,0.18349198401253958,-0.7074883248607713,-0.02964688259829868,0.13798213355979302,-0.8418679892097966,-0.07449592791543135,0.08462058143257335,-0.9591287704635102,-0.10335087359653387,0.09204412920655233,-0.4796552704362605,0.012548564754053368,0.1161623061493316,-0.7455568141448605,-0.022676677154751988,0.13170254301921214,-0.882461869754826,-0.057332873662087794,0.12380003627825989,-0.9999982316025431,-0.07444670391948581,-0.011884485582130998,-0.4294774673401649,-0.010791634080563058,-0.03987712856980539,-0.5753188917129922,-0.11645127488472264,0.012381995776698303,-0.42651907356242746,-0.1568345041323278,0.04861886754998325,-0.3251788820466232,-0.14749290699170872,-0.11053801664256954,-0.3563429417152597,-0.040629423437268906,-0.10664837232055202,-0.4696841964138711,-0.13692082853274126,-0.06176620686963774,-0.36082580370147743,-0.1496498824671487,-0.040614856080775,-0.26617195947219374,-0.1376082384739796
27,r,0.0,0.0,0.0,-0.2587676684384687,-0.09270941198221035,-0.04455591841562357,-0.3912640218484626,-0.2503843882826721,-0.07967394212360852,-0.4432884020737759,-0.38518014006475904,-0.14132584604589624,-0.4104351996234338,-0.4719303169112384,-0.19675804895474167,-0.19445641218853643,-0.5084899683679027,0.03482823895040919,-0.19383435988477712,-0.7365670756961835,-0.0354235890136925,-0.2459052134191153,-0.8805379137138409,-0.0731175238091271,-0.2919565577652104,-0.9999984460533258,-0.1006646298337586,-0.08706865910473968,-0.5090469997191249,-0.010157204914561842,-0.19177351060564604,-0.7053473394334565,-0.1582549934722469,-0.30070896149807025,-0.6229616708704186,-0.20862099207371648,-0.35177872855055814,-0.5161152033231272,-0.1963462495886735,0.010908005767611152,-0.4914967146356052,-0.07013945187822096,-0.16829427792411558,-0.6660101725719407,-0.22492559796824596,-0.30722708043381364,-0.5456520824823696,-0.22771702989463394,-0.3561860978678837,-0.41632054520804446,-0.17599338315260957,0.10189371415051231,-0.45493057960817507,-0.1356401712852625,-0.1095502554902917,-0.5947793948890321,-0.2291107428975735,-0.2649174742434946,-0.556592089302832,-0.22410037834341817,-0.34663387621423214,-0.48310558472806,-0.19033875816195703
27,r,0.0,0.0,0.0,0.10450776031514203,-0.14001362518823096,-0.04937281077493731,0.14311050929626937,-0.381319356327212,-0.060675255938124985,0.09789380037856474,-0.578632181901808,-0.07284557113342022,-0.0012337344256022353,-0.6691667222097171,-0.08169283966367222,0.12016114328781896,-0.516769653801557,-0.003140911308658285,0.1199716476923713,-0.7318139392239782,-0.026311558739504998,0.09937017505669486,-0.8800672677221951,-0.05073044035990381,0.07700271620253699,-0.9999977484358812,-0.07188569609128852,0.035969941196784413,-0.5339992589899089,-0.006786941146198645,0.05071355742616128,-0.7456881840175832,-0.02957898636712732,0.08829609003576376,-0.8696042791558468,-0.0513564669738305,0.1188389686374292,-0.9439411399179651,-0.07073996572851546,-0.04833090530039798,-0.505904121298562,-0.02024035832452491,-0.06165612284118679,-0.7090264899548392,-0.06669924391804505,-0.023803438224759846,-0.6788535437957031,-0.08866342910304888,0.0016713726244370975,-0.5822818509656884,-0.09459114691225583,-0.136155269402735,-0.45200577635429273,-0.0390933289648392,-0.1581215934588808,-0.6247709371994865,-0.0811445505310933,-0.12396648861991419,-0.6281720610489413,-0.09537602035632539,-0.09403598140778678,-0.5607007585715345,-0.1016046731413411
27,r,0.0,0.0,0.0,-0.3866709454958854,-0.09967602129691269,-0.1692426305381567,-0.5631399690867638,-0.31956622108441896,-0.22475653096555406,-0.39171931983348046,-0.5167271669747129,-0.2984350163343954,-0.09636995941724012,-0.6295570778285492,-0.3513340243239299,-0.45616515005438585,-0.5348068761786592,0.023233056370041062,-0.3950648880001616,-0.7458813444316936,-0.08322604250209786,-0.32370572660806507,-0.8820147180421569,-0.16259524932346484,-0.2552711515183634,-0.9999984953336878,-0.22703796298710904,-0.18311603485452843,-0.5569405313198585,0.005079438234858788,-0.24784038215671647,-0.7864069922986638,-0.11565157867707732,-0.3515985105126091,-0.9017279965190136,-0.18672391590540727,-0.4121408863958081,-0.9876180725094166,-0.22984609318580224,0.0835917159060265,-0.5285359593862243,-0.05029887513572111,0.09918732718134056,-0.7374179856592117,-0.27039252557493876,-0.00787076446735384,-0.6307648222417171,-0.2967485104305955,-0.050736027565179385,-0.5014116422699497,-0.2548491334497058,0.33756799393556064,-0.46339448667909483,-0.1248695478897178,0.3196068484351905,-0.6275933328561565,-0.3076289499399569,0.15455738391730586,-0.5977616467522082,-0.3303024869681475,0.02911528151683322,-0.5157601373727388,-0.3085143885212589
27,r,0.0,0.0,0.0,0.10270766447232345,-0.1165481614135456,-0.15891848548585683,0.10008789364175595,-0.3219972901023135,-0.18988340063778666,-0.07922672478869838,-0.4695697965004341,-0.19767206169874973,-0.20398988494473327,-0.5290732909958242,-0.1837554738102282,0.19000376674720604,-0.5104134239054577,-0.05228992612641619,0.060764465784660895,-0.7325481658344977,-0.13804124722128225,-0.03082399637845242,-0.8715458764596518,-0.1975753753299712,-0.10129567393321473,-0.9999986067184081,-0.2320589621855243,0.0748762326624217,-0.5118480444943772,-0.024547431450346335,-0.023527113289844418,-0.739065121903665,-0.10620343499206542,-0.019666675930295023,-0.8424940413580299,-0.144592335218788,0.006250585849835423,-0.9665182577224465,-0.1515320060853605,-0.028510250258169632,-0.4694729648010605,-0.026325496782603378,-0.18462487380686948,-0.5583304159438026,-0.1629769254004934,-0.13180970091380076,-0.40756537007825333,-0.1972877660822389,-0.03475539659144504,-0.34607433436407253,-0.17345574920384352,-0.11605432805134533,-0.39112715103389395,-0.04293662030731143,-0.2183745411570926,-0.4583722817619707,-0.15005645417240263,-0.1646521316432626,-0.3461504875959127,-0.16194966646968087,-0.08961304566825791,-0.27868661356067453,-0.14227980364705012
27,r,0.0,0.0,0.0,-0.27088026728410325,-0.1419378737827552,-0.12458162559906569,-0.41561472008315276,-0.3412704277323664,-0.19427210413048318,-0.3310563105095477,-0.5165234435871807,-0.28302424212795235,-0.08007386780246202,-0.573307994545044,-0.36261472921061194,-0.17261605091935464,-0.5024452185574304,0.01685363100726997,-0.1336630676420776,-0.7326151252242536,-0.09786783030768044,-0.13592033523524405,-0.8697811957403856,-0.1562244593742041,-0.10585031405663795,-0.9769887556843846,-0.18299711235789712,0.036680368176338046,-0.4989088896664985,-0.0036880153543973012,0.0766858835366575,-0.7596776926297704,-0.13249368243103316,0.01905415014974868,-0.900091997390932,-0.1811792877622814,-0.039875719294585776,-0.9999985286374116,-0.1781933972376125,0.23713732439538945,-0.46158278606313535,-0.05455617126675367,0.09902369874937947,-0.6260138795373152,-0.254307586109742,-0.053294615390426785,-0.4769917715668336,-0.2769140046334949,-0.12052165448676455,-0.3346596860844346,-0.21849384784729842,0.42736994633644787,-0.40368242744018445,-0.11759426707290072,0.25478862463468144,-0.5450751577468582,-0.25481008543922684,0.09658230491296448,-0.4812054079007798,-0.25195262066709767,0.00671931430291715,-0.39911676312795785,-0.20867223217325748
27,r,0.0,0.0,0.0,0.18628925139707153,-0.07632383749759494,-0.06759312388996756,0.282310949305833,-0.2914440289503987,-0.0543089750034637,0.1953820922694663,-0.4605721800916443,-0.03691806596724352,0.03418539569650959,-0.514988214367438,-0.01462587600320372,0.24744720782724575,-0.4748083983068951,0.02230835491493328,0.24702883676049234,-0.6865063312582297,-0.002513007716020782,0.2253034750100761,-0.8297770754433542,-0.03074581774540268,0.20627074608037013,-0.9454988419885842,-0.05445079213952974,0.13387628777742372,-0.4840984372038839,0.01033390817927452,0.1567890438188368,-0.7264550547883516,-0.021684722302424835,0.18986447331470294,-0.8754344819936611,-0.056403428507080224,0.20098565675503388,-0.9999988238770517,-0.07696302255398171,0.024217641938958003,-0.4582857555729285,-0.018937394282194073,0.054539379431952,-0.6037557169029348,-0.13491008795296905,0.09682121567289059,-0.4519064380336254,-0.1914341361635497,0.11231608725912395,-0.3430674293453744,-0.1936174575913762,-0.0714039115245909,-0.40555221372133304,-0.05230355153583524,0.004389671490945931,-0.4785537587263714,-0.1732853808529781,0.0602788023503896,-0.3677398955941675,-0.21693817449454722,0.07551306829978385,-0.27820827700176515,-0.22706434212912563
27,r,0.0,0.0,0.0,-0.34425462697095904,-0.07004840962946426,-0.229495411123947,-0.547786673976818,-0.2747231390164911,-0.31785645505127946,-0.3904820300469765,-0.45843050909485455,-0.39625173932762653,-0.15559877691311932,-0.5841764220460769,-0.46099860059818537,-0.4591783632341243,-0.5163261615150128,-0.12287958284047269,-0.40308016914654077,-0.7453132874139579,-0.30676570679605225,-0.3112811585152913,-0.8811649596364771,-0.4217884687351229,-0.2026431524358703,-0.9999985745386922,-0.4938568152320036,-0.18780136595438188,-0.5004200295662858,-0.12311272437173335,-0.24139103703186882,-0.7458107523066442,-0.2994584105769172,-0.3506938873103112,-0.8691049832406319,-0.3719958014700532,-0.3896056252018768,-0.9814266934852631,-0.3930619740443346,0.06902569657852241,-0.43700238939113784,-0.1600998020302183,0.0948191875412191,-0.5962416662170453,-0.441960818820752,-0.07449279751529277,-0.44217797844971746,-0.41712980135153954,-0.135548095440014,-0.3373513776001877,-0.3168721457802683,0.2922400206553198,-0.33717108374838917,-0.21712826821174241,0.23130333263498623,-0.44676442633564356,-0.45796134590112264,0.0655271292196595,-0.3316557231943608,-0.43320411976569295,0.010665290449910984,-0.24531000683121196,-0.35395129267775194
27,r,0.0,0.0,0.0,-0.2852147111451591,-0.11464719969889646,-0.11585198761720795,-0.4719672160517569,-0.3006597572464146,-0.19378717367228718,-0.5023108619521767,-0.46522109660331534,-0.2893746686300453,-0.3366743839478001,-0.5584751625709155,-0.36934282143080444,-0.2468528065138289,-0.5553560143020438,0.0004381773906600616,-0.2768085113890996,-0.7723135050000725,-0.13232773412694723,-0.30464680086043805,-0.9025805589893344,-0.21043406875145482,-0.3217539758027776,-0.9999985679713148,-0.2529511674521537,-0.06544462667590974,-0.558161736950597,-0.030633203480232976,-0.02849083273586305,-0.8163718690673535,-0.22708725880325278,-0.1414686910487634,-0.9292458069846281,-0.32039851299678246,-0.26542703016238384,-0.9914142738370433,-0.3241697777523732,0.10433402867476935,-0.5244146660850991,-0.08650551872865439,-0.14904677115113843,-0.6354464602829532,-0.29293903150555656,-0.25594074113630544,-0.48390867243699637,-0.3115084539038003,-0.25506324329053104,-0.35841517087941155,-0.24581239108381292,0.2433763598662392,-0.4644311308854376,-0.1556330458155376,-0.058644050379493474,-0.5131428667543826,-0.2813241668359335,-0.14355853660646398,-0.40182060758214305,-0.2797565052620845,-0.11573249565814178,-0.30828550842965774,-0.2337486628573136
27,r,0.0,0.0,0.0,-0.30666911457347745,-0.04033888361563535,-0.1238921530168,-0.5616100428906537,-0.2066645536600765,-0.19011504026724038,-0.5758138237838495,-0.4034586214965087,-0.25863341426538067,-0.4563032746284282,-0.5341089019913628,-0.3146452425331779,-0.546289203720652,-0.4255253768815116,-0.11410188830010316,-0.6709562291155484,-0.6416000598239968,-0.26611801520560496,-0.7339612039365448,-0.7774749262617826,-0.35286355862325014,-0.775925553716727,-0.8926445906990763,-0.39940375188511207,-0.3220860564364895,-0.478581653071783,-0.13684483701815636,-0.4943561955196581,-0.7136578097597005,-0.2957769326218553,-0.6287433429862119,-0.8693225370096294,-0.3748381539898278,-0.7307094830725342,-0.9999983463224217,-0.39246597526811644,-0.08509573123753578,-0.4680376105787172,-0.17390300879072296,-0.2780795983549866,-0.49890890042986685,-0.3733726864882851,-0.30774659825413625,-0.33650895146974874,-0.3650852337939661,-0.29005744374433406,-0.21579519659783827,-0.28677822143239534,0.14256671872753965,-0.41194049733130234,-0.2229086180748999,-0.06714512811931324,-0.3896507836985155,-0.3682568937221843,-0.1129881825893918,-0.2732049740649094,-0.3432282286968873,-0.0966244074247827,-0.18355653791716486,-0.2732412946618266
27,r,0.0,0.0,0.0,0.10308117039546269,-0.15235332630206558,-0.11082335010254574,0.0995395929273467,-0.3678364895301299,-0.11397868116063485,-0.03826181796285758,-0.5111385562187588,-0.10611548737834399,-0.16246788957985145,-0.6095210075794254,-0.08656136007000229,0.125537927154193,-0.5409041626915088,0.037034370279164334,0.05434294096045223,-0.7357961706426964,0.012938143465899173,-0.0105287642841497,-0.8674813469288624,-0.020966064496242384,-0.07069301299016022,-0.9768671137353891,-0.04733332131683543,0.020320762029259996,-0.5300504860244906,0.054860518560189066,0.01447248355917646,-0.7540618862214494,0.024258533040642103,0.0006347327137269787,-0.8913945408646504,-0.020415473131693226,-0.019840704795942937,-0.9999987885042274,-0.04655130118763291,-0.08651605467730433,-0.4759105295530356,0.048592013997188634,-0.17455806745545946,-0.611813122004809,-0.05366170215197051,-0.13992957075056886,-0.49949695167849456,-0.11524924780241012,-0.09683761014210937,-0.40954629979648566,-0.12271949762527724,-0.18588136689878298,-0.4025818593746299,0.03404756111762361,-0.25490392802698114,-0.5157562547638164,-0.05689619427233757,-0.22925256657481724,-0.45417530285978425,-0.09212883791449804,-0.18385585465531976,-0.3947331980108416,-0.10075403590174953
27,r,0.0,0.0,0.0,-0.1859718075933992,-0.13269107752925333,-0.2789790275098206,-0.25286673064246157,-0.32014826816051073,-0.42015843314525225,-0.030350723429927767,-0.4623843759337076,-0.5431263385990313,0.24609283687828792,-0.5741868670934809,-0.645971779129997,-0.16940986523426538,-0.562760913655935,-0.1730659813340842,-0.08485832219696159,-0.7775288462464108,-0.3611071639472737,0.011469176902120558,-0.8983651241475298,-0.4686946648264145,0.12909220757061682,-0.999998613442827,-0.5378041499342566,0.15377809513858753,-0.5134717837677462,-0.14131627014216763,0.2884965432404609,-0.6504855796580775,-0.4136926408647005,0.16432313288033806,-0.5544541984816931,-0.49808314963675826,0.07476221344100342,-0.48728175269067736,-0.4900928417935374,0.42489244193596964,-0.4310432318547122,-0.14682505111505575,0.540765046257065,-0.5111016833526959,-0.46267536349684635,0.36968938340909735,-0.3743006576527037,-0.45059337208264,0.27289146755980714,-0.28591999499652454,-0.35327413001052616,0.6374145312413914,-0.3292412288992474,-0.17017263319420003,0.7178123241266474,-0.4088692639469353,-0.38920485395559284,0.5889954905215424,-0.3097353801699167,-0.3623414707224594,0.5105502742596902,-0.23161396798875944,-0.28413177275539037
27,r,0.0,0.0,0.0,-0.27506410187610764,-0.09516113589341525,-0.08501383576856925,-0.4194025752792541,-0.23910882893074073,-0.14746457420297462,-0.38696639075314504,-0.34985790158088087,-0.24025437205193695,-0.3061383801264345,-0.4330124796483549,-0.3264783796100613,-0.3099482922816666,-0.5257160696740686,-0.014444694999452683,-0.29767587181842375,-0.7426363674354012,-0.13169216774400858,-0.2744927575914708,-0.874106070097933,-0.22238256210775387,-0.23937864224553013,-0.9915129770902665,-0.2822547427293637,-0.14322539246799992,-0.524447273683623,-0.06709536405831977,-0.1592077684566282,-0.7531163924588825,-0.21618920173474693,-0.20337046164767086,-0.8897876334217115,-0.313814011535376,-0.23103409308637282,-0.9999984936052373,-0.3612570016279785,0.038603461448884324,-0.49201795794905506,-0.13949731474389887,-0.012919972418737428,-0.6626310629484865,-0.33698567777642696,-0.16652541083334083,-0.5537250711345134,-0.3643656685291323,-0.26788917772364057,-0.4375248716443802,-0.3215230852418139,0.22896160359154125,-0.4303486455641046,-0.22122606861430424,0.19132816814809028,-0.5808589975314183,-0.3519622471919202,0.06005411380932762,-0.53019739497894,-0.339565043682345,-0.03486863461295091,-0.44695343283330535,-0.29418073816039814
27,r,0.0,0.0,0.0,0.12405581943108271,-0.12961372761298673,-0.11564375295149866,0.17396701875201173,-0.3245654002293681,-0.1141670044193714,0.06159328227515858,-0.4955006197781414,-0.092619889948902,-0.034925415514290806,-0.5891464647865181,-0.05887078974279229,0.2540895360832146,-0.46591342996609025,-0.00904175343917355,0.20707429160203872,-0.6740772976951583,-0.06027824540651561,0.15334720707703384,-0.839882795605866,-0.10768671726784672,0.10177127553681138,-0.9730986345343091,-0.1367036748135047,0.13791268973427476,-0.48580265234293546,0.006904800207785695,0.16269715317663386,-0.7404695269709622,-0.025162843405616576,0.15981450597436947,-0.8870801950289879,-0.0532779490124803,0.15094970310705952,-0.9999982138791311,-0.06184231200202535,0.019059411333596316,-0.4543160900473891,-0.0005245912882441896,-0.02765987128982961,-0.586675396196506,-0.10684409762351492,-0.01832855588271383,-0.4450400279511266,-0.15167592475281685,0.01148395884729697,-0.3471142870347161,-0.14215954003114495,-0.09195077137560892,-0.3802175143629465,-0.01705354672418235,-0.09921620913897021,-0.47829884817687557,-0.12224938474052993,-0.07144434077203522,-0.37487731913035854,-0.1432077427132218,-0.04810551260535467,-0.28244725988295455,-0.1329376666347367
27,r,0.0,0.0,0.0,-0.2556830666308691,-0.0855977084488105,-0.04766176547483143,-0.4090196919175995,-0.2874915961006604,-0.08337801545375793,-0.47763207226725496,-0.4648413477998837,-0.12449601145073322,-0.4882542647214013,-0.5890308966021978,-0.1729721497412506,-0.03812059440727825,-0.5646561575540274,-0.023533206324092452,-0.06924192833218558,-0.7574562566246523,-0.0610916780211905,-0.098972743575476,-0.8996038217607575,-0.08897101569544659,-0.1112723771520418,-0.999998081020624,-0.117201528822712,0.06154689379862805,-0.5578658694851889,-0.04383009342406918,-0.2898097372638034,-0.6709621514572573,-0.10816412247416117,-0.4583753272692852,-0.5476806661420993,-0.11757135537817433,-0.4960727153656329,-0.4172357849239798,-0.10338004678179104,0.10164946630206963,-0.5035826829232214,-0.07039729136929355,-0.28929988803921614,-0.5729472267054928,-0.1380644775970129,-0.431974745362724,-0.4463373953249921,-0.12448420170705658,-0.4457313524497312,-0.3248334908958264,-0.09821096772655814,0.10935102050041717,-0.4138235982570393,-0.10385654706312676,-0.26088936210594493,-0.4697162269814673,-0.16731203698525426,-0.3862302608341582,-0.37494729463453996,-0.1582218370791659,-0.39198226369016637,-0.267230879915071,-0.12860517315974268
27,r,0.0,0.0,0.0,0.11541071294945034,-0.13404301872101437,-0.06971300781766823,0.13166673194508555,-0.33482328880468737,-0.08758662388183487,-0.00689319747313863,-0.4462661847219283,-0.10603874232225922,-0.14645695472000303,-0.48734012865143905,-0.12090578945786772,0.08974123283225509,-0.5324543891633712,-0.009369031023879593,0.020671493228882447,-0.7195324801557312,-0.062322717610982126,-0.04005678782130335,-0.8475035042806557,-0.10659048001912064,-0.10214274483023128,-0.9570360134599353,-0.13715641226951886,-0.015372106366640626,-0.5072129866506815,-0.03154272935738037,-0.03788887827754564,-0.746511788101187,-0.0843631263912948,-0.053624583256095426,-0.8862827037699966,-0.12385761021740732,-0.08428143481770041,-0.9999986807585534,-0.1421197318701964,-0.11494410521522262,-0.43500948937420847,-0.06861748417775798,-0.16925747351479087,-0.5574000532722135,-0.18056367991449523,-0.10063503726432593,-0.4250158745851169,-0.2096791297049174,-0.04826504221173628,-0.3294616246715476,-0.19327020900061925,-0.20994603751416172,-0.33070520426656136,-0.11086441500032711,-0.22833080686049,-0.43078013925739483,-0.20322480220425237,-0.15876198412783807,-0.3367272276433891,-0.2041249328725433,-0.10445927058863179,-0.25296594957693846,-0.18378841587349065
27,r,0.0,0.0,0.0,0.1291180557024323,-0.11150339911985628,-0.04610443591772346,0.18402523279862956,-0.3233301533660903,-0.051577344804172864,0.10590118209883433,-0.47137270663913416,-0.06624379891190675,-0.011213290763589961,-0.5048621509208755,-0.07851381152300069,0.11331344048936268,-0.5076817222893787,0.011963691259636703,0.11700219688467112,-0.7141026062184042,-0.02813170165723616,0.10408092143523633,-0.8434179624254319,-0.054309664691329675,0.0813710610758369,-0.958460916246859,-0.07195202833501156,0.0323109552870966,-0.4969285722744204,-0.0117228110684511,0.06740741762905764,-0.7299359717121848,-0.07644807489924374,0.0715057633315579,-0.869673236548348,-0.11568477353340224,0.054408339287272046,-0.9999977139826088,-0.12948830619000118,-0.03815584647848071,-0.4515122579869854,-0.045943273391859524,-0.08042638953000825,-0.5675321763235707,-0.1670918679514575,-0.04204258466465731,-0.4212826322632139,-0.18839827858894215,-0.011956710344441129,-0.3152938367497008,-0.1605778855115819,-0.10877811777150508,-0.39264421875813366,-0.08271917878287537,-0.12841864721480234,-0.509600769462529,-0.1651953202574656,-0.09362317714815291,-0.41561691936156936,-0.15817326857966865,-0.06312948486505411,-0.3333577335005441,-0.1322307815006615
27,r,0.0,0.0,0.0,0.15467296347569565,-0.1323510690484649,-0.05727344028343768,0.21823003112754766,-0.3382863531682124,-0.0625564660390504,0.1174403616519355,-0.491139245668743,-0.07121786285867204,-0.012668556702650612,-0.542644007965314,-0.07674955604877623,0.155641557698258,-0.502888751628098,0.017278833350594748,0.147663379809364,-0.7042219700556376,-0.017461764060446146,0.12486391939227016,-0.8411249751232865,-0.05013799677473396,0.10291561231053373,-0.9587213855960864,-0.07520374795103264,0.05152897816281397,-0.49592784225718617,-0.007278236191139774,0.07440270326486322,-0.74984826007421,-0.04460863825286939,0.11144748052340678,-0.8876173360976565,-0.07773077365069478,0.12262659974349328,-0.9999986434897543,-0.09438315871416156,-0.05397017195760621,-0.4476626292254671,-0.046022264711773904,-0.032983081142523366,-0.5976164095389953,-0.15134708283018045,0.023298291090836337,-0.44811597934908726,-0.18154209507552246,0.04165650504095516,-0.343341930692663,-0.16648075609698768,-0.15835519009507235,-0.36705375115879,-0.08848192594752394,-0.10546757651184631,-0.4908401251439824,-0.17827107326998579,-0.04246747378358217,-0.3881534922431316,-0.18126381474950687,-0.02186165147356989,-0.2961475117330258,-0.16373404418005097
27,r,0.0,0.0,0.0,-0.3121468589238032,-0.09835661766983772,-0.1951965190404112,-0.47301786951050506,-0.2655499477524068,-0.29218391263539606,-0.44100327154578994,-0.4241489134244121,-0.4012888924091088,-0.25547357898264134,-0.5357903423421642,-0.4919437318919393,-0.3690905482005505,-0.5109217809050152,-0.05749602136055935,-0.37939483170026483,-0.727690315449044,-0.2133714219700912,-0.3614576791064392,-0.8630816801992329,-0.3267867712421965,-0.3112503623985073,-0.9798793207727342,-0.4092005500568182,-0.14757602457405758,-0.5266115075246867,-0.0703134867114382,-0.20153336055103396,-0.7609353816284234,-0.23032680952008083,-0.31053106638366346,-0.8951493066436578,-0.32716862417735243,-0.37520338724609714,-0.9999986611433285,-0.38309784950949455,0.06997261516696522,-0.49870168895926376,-0.11918648776527428,0.059475689455032184,-0.7015961537238858,-0.34492672086245163,-0.12635545545138738,-0.61535508727983,-0.36983003610383475,-0.22698407813488353,-0.5170855336752493,-0.32921834050744203,0.2741285911539371,-0.43641289651213544,-0.1895278384011015,0.17024911118873193,-0.5826307296483904,-0.37841697892130155,-0.01479147444869665,-0.543779168597668,-0.4033945100936554,-0.12159757585955268,-0.46845845768245986,-0.3801699911316609
27,r,0.0,0.0,0.0,0.14724944080974345,-0.13680806987292363,-0.04168325519740215,0.19365338772160437,-0.3339119619145295,-0.05929360347309535,0.09016499156949094,-0.4690626979814238,-0.08470975113470408,-0.04619651775042732,-0.513276601648378,-0.11151958534433491,0.11589152628370623,-0.5046179037983323,-0.008122931238522499,0.07752685903435763,-0.7062597636348104,-0.060161145848166814,0.03338825691183749,-0.8416212880398417,-0.10864517108110683,-0.008640712258113033,-0.956026168683759,-0.14456268684990028,0.005568115317241619,-0.48835710913714936,-0.04087871925515903,0.00010427444350070399,-0.7288184547520439,-0.09056641448205231,0.006684691656874996,-0.8763299813274988,-0.13611447116303163,-0.0006698058380840522,-0.9999976517652861,-0.1666278676709851,-0.09743362010996988,-0.43113759300028187,-0.08240584579612242,-0.10675519549614891,-0.6002532446464269,-0.17576565060263816,-0.030503633900659292,-0.4912054110502223,-0.2013632944065733,0.012436371984386645,-0.3869952118039704,-0.19406453825003595,-0.19776068106996433,-0.3424953582201411,-0.12761242117034893,-0.16670572229286304,-0.4627782382321867,-0.20656305500343508,-0.090515885569298,-0.38327226425675537,-0.2081906810904939,-0.047278942460243015,-0.2887349542935775,-0.19483583671341323
27,r,0.0,0.0,0.0,-0.20792247224224236,-0.09511295520882246,-0.11587646419684255,-0.3285427246758679,-0.29620288734264294,-0.17946360836720857,-0.2157369462390029,-0.4541400687413306,-0.26069950918292856,-0.05649962540429097,-0.5693207906397068,-0.33663036272924685,-0.1369366348686821,-0.49734605199331916,-0.021592501617647867,-0.1541558883717512,-0.7330539862519656,-0.1638674155775947,-0.14432100032542017,-0.885875068201456,-0.25352348551602366,-0.09768132855799887,-0.9999985744717741,-0.32135420230154427,0.09903372337768844,-0.4767834735529118,-0.04941153001782251,-0.05597690163143072,-0.6310516897575176,-0.3119540960409294,-0.2533662179526077,-0.49566096456429376,-0.3915584818168939,-0.33904571692018337,-0.3663236644542574,-0.37274892280427685,0.3229194081327029,-0.43843142066670693,-0.10066260663104663,0.15934603752316687,-0.5691064585985754,-0.3616760919736988,-0.020591849952070317,-0.42325875138909275,-0.3422479439254242,-0.07156765646241925,-0.29757087380932856,-0.25422574689162347,0.5401847181337871,-0.3739374862745535,-0.16086154146338943,0.377550499972467,-0.4930674831405269,-0.3492660543719356,0.1838897539699918,-0.39195233861494005,-0.326612432145906,0.12413483058361012,-0.2875024934145222,-0.2574715709301716
27,r,0.0,0.0,0.0,0.12474724627554665,-0.10546113132041343,-0.11920882656098385,0.1566129754493393,-0.3181365126564567,-0.1329662121741555,0.012003600992185172,-0.4695311429958734,-0.13096990492649144,-0.11214451312449229,-0.5504106171204515,-0.11525837898800212,0.17070346215855536,-0.49548033530141694,-0.03153798385815947,0.11287507138817172,-0.7112695352797637,-0.10163157136663166,0.05089798819951994,-0.8672758900464798,-0.15641169948915234,-0.010124685149611188,-0.9999983136029457,-0.19017646048963,0.04760861644666118,-0.483380288154306,-0.026026954948812766,0.036533642658521465,-0.7281532916077728,-0.0853995490510088,0.055198813244656385,-0.848741039877084,-0.1202238230809438,0.06506310885353263,-0.9620327043753024,-0.13086864651552915,-0.06411035754611856,-0.42770658188312877,-0.044246219126380694,-0.13049918639685373,-0.5455957476393689,-0.17849585862520362,-0.07477778476297481,-0.38471572088960915,-0.212085732440896,-0.01862863262124121,-0.2888077345031656,-0.1889425879901486,-0.16103522514809776,-0.33706307795430024,-0.07182442606464186,-0.1847861587927253,-0.4233261472968759,-0.1878439863744518,-0.13094683928998752,-0.3098907936079682,-0.19800684289178894,-0.09368590517345111,-0.22254887425932882,-0.17808412802974216
27,r,0.0,0.0,0.0,0.12819680506147235,-0.16666844433450834,-0.0781778393509917,0.1517887439529913,-0.3823358098477961,-0.0755529153521721,0.021849400558190547,-0.5277110656367611,-0.07029036480746559,-0.10480961744516376,-0.6174404608871715,-0.05622486417825243,0.14422397358178354,-0.5352897328115981,0.051807844030639094,0.10493415999507962,-0.7405904982111048,0.02479160338643267,0.0493831224834622,-0.8703870972642798,-0.011440865017939705,-0.013177946145796014,-0.9853292216555688,-0.03907159904714681,0.03686315977906516,-0.5231000835347674,0.05090183285490194,0.05193439436712349,-0.7481727906390624,0.023005328356763863,0.05039751362228561,-0.8759594511782073,-0.01774635792998562,0.031788711723427655,-0.9999987328821945,-0.04293155662488389,-0.07301361745244145,-0.47167205394988215,0.02948139226036562,-0.1293500131843742,-0.6276684705951943,-0.06662337879248757,-0.07560253910028289,-0.47838753325146965,-0.11225311811531112,-0.030427655754941565,-0.38064674399799736,-0.11108934577823737,-0.17968974933504936,-0.4007925776939065,0.002006270775745761,-0.22864278840402047,-0.5334581491984935,-0.0804940503887555,-0.18114917805748657,-0.45230243981537993,-0.09940790223249528,-0.1302810990275292,-0.3786008928202408,-0.09795759328743972
27,r,0.0,0.0,0.0,0.13685393895617287,-0.1466761697347192,-0.0770459595926405,0.2146414061248821,-0.34487099801799936,-0.07724324060440053,0.12370609206646725,-0.5027113138041888,-0.07206982757729694,0.004447318502816991,-0.577553294240115,-0.05752568153441544,0.21463560517765523,-0.5000038332427237,0.017395702852824737,0.19610024010766958,-0.7186382990798877,-0.03347904009511491,0.1499936422084254,-0.8607738331511116,-0.08155643311947312,0.0967089298993142,-0.9801895669599197,-0.11166156432010034,0.09882159025667006,-0.49395255283167655,0.014522246000669604,0.12525795700633297,-0.7591537878625242,-0.024924739852399798,0.14267597039508112,-0.8889340294589136,-0.059603571069871755,0.1444838579096713,-0.9999981283895263,-0.07707421829349449,-0.006943956943920794,-0.44686905310809166,-0.00700696562176927,-0.04070390801083231,-0.5877735592437667,-0.10669540965509529,0.009610607761442926,-0.44244895443457,-0.1417409538174083,0.05137943581511603,-0.3415113571202209,-0.1322192706724696,-0.10313894523026962,-0.37790839648513297,-0.03527677595205806,-0.10992482636225816,-0.4835414143529253,-0.12329360696592268,-0.07053873738202276,-0.3794023635094074,-0.13312884804197542,-0.04492710914867265,-0.2892653490347521,-0.1217224148316905
27,r,0.0,0.0,0.0,-0.26080367885432243,-0.10555415889365344,-0.117239154987428,-0.4033526033326982,-0.28812850723914185,-0.18030074718174632,-0.33710154474048926,-0.4608714580766668,-0.2578594071922144,-0.14935091433133518,-0.5586672421676118,-0.32467247185671133,-0.35478789567292995,-0.5217831786691051,-0.012470923765172153,-0.3557354399808114,-0.7392248029151398,-0.12727441554060512,-0.33637764710931783,-0.8707465791666014,-0.19692901343914834,-0.32123354133989224,-0.9810555155697045,-0.23813563330994178,-0.17172425014387951,-0.5306548274709015,-0.03988783767725009,-0.16916141275407517,-0.7691662025422858,-0.18381098872291474,-0.22214592384667425,-0.8936779319813227,-0.24842331575098103,-0.2702148224354561,-0.9999985529623591,-0.26035082944576116,0.022108892807996317,-0.49584693480865644,-0.0914223891674393,-0.05918214604247037,-0.6483095394519882,-0.2940757650417619,-0.1379353600508558,-0.4908540852824737,-0.2900971743257496,-0.14485516762860728,-0.3729263052803828,-0.21806463782768246,0.2126916120581771,-0.42589494634270236,-0.15360274186788342,0.079182481077412,-0.528221279077776,-0.2937685850806733,0.015842732102380255,-0.4205399323755225,-0.27101169478632037,0.03292970907873633,-0.32916478303492475,-0.21212877212725775
27,r,0.0,0.0,0.0,0.13277319574079527,-0.08532855734903454,-0.07943391761599576,0.19670683708994188,-0.27769391708029134,-0.11174775323454778,0.09820887666496661,-0.4209460772814892,-0.14283397521278846,-0.0291361313778434,-0.4884617610794614,-0.16989123532586903,0.10553702839721948,-0.5046011386135909,-0.05668474397083971,0.11578011996288959,-0.7053682365000323,-0.11308645528412024,0.11055315372922506,-0.8389181034659176,-0.14884904692837908,0.0996015137196149,-0.9508538814525616,-0.16955730853826875,-0.011810130092060375,-0.49592530013425173,-0.0697227335531434,0.014742985680520205,-0.725879809224347,-0.13740897015392256,0.04775353318628753,-0.8748328985680608,-0.18013595397108892,0.05946721858503477,-0.9999988000938437,-0.19672624710044714,-0.11670844930601483,-0.44228663809641755,-0.09169266572392062,-0.09108090935732141,-0.5283515651616938,-0.21368603032756509,-0.01836203971910447,-0.39186455140853604,-0.23725574376567246,0.010503138213713507,-0.2856353526428446,-0.21221523981454238,-0.21481254919997386,-0.35727756049898085,-0.11769432668909233,-0.1590000016036679,-0.4390083767635337,-0.21457702624102074,-0.07794090099324699,-0.3349808490686256,-0.21140030540004,-0.038503389265862366,-0.23806955940460822,-0.18256793725814335
27,r,0.0,0.0,0.0,-0.3000875908771233,-0.0686464313790013,-0.08395745409094825,-0.49178481574605265,-0.27342153592029894,-0.12162104797169139,-0.46264453501727054,-0.4579911728650845,-0.17900219427925704,-0.37107519710522685,-0.5971658822368057,-0.2320076202893855,-0.41772182700574817,-0.4451597351681078,-0.014641409203063976,-0.47990628383164086,-0.6653145027388855,-0.13001635073324197,-0.5017193882934374,-0.8083438382175504,-0.19473262574925454,-0.504889458672542,-0.9289236108292225,-0.23039699378445389,-0.2242341667449507,-0.4698933827255015,-0.05710431346428631,-0.33810241360288956,-0.715639848349514,-0.1859745840300394,-0.4344265461610668,-0.8698000666596386,-0.24560411873061924,-0.49763082886338555,-0.9999983949494361,-0.2598373625824555,-0.01232042457137355,-0.45253634811629817,-0.1190726193436921,-0.1786263289947768,-0.605340131042848,-0.317138015832162,-0.23111205996576686,-0.4380765374134445,-0.3080741937698393,-0.21581046240675247,-0.2960461720850273,-0.2348029572765613,0.2079053768374197,-0.40151262268410204,-0.18889492383014064,0.004820925475127878,-0.4936480548426075,-0.33944744830961504,-0.08081727829955007,-0.3811179228564858,-0.31750337371415743,-0.0827835523369033,-0.27400396555779255,-0.2579371954569794
27,r,0.0,0.0,0.0,0.09255901509205768,-0.1029114609928088,-0.13076240219203747,0.10040004624461556,-0.28003241788461014,-0.15942367253224762,-0.02670439538443623,-0.40943868260550376,-0.171877706638862,-0.12410451709720868,-0.4971836537357711,-0.17099927864122927,0.18349450096914705,-0.4851154352592069,-0.039458212778406686,0.11844888202299193,-0.6905422059822702,-0.10829624231816318,0.057871826286399496,-0.8334684568807138,-0.15908204964841988,-0.0072419675281952004,-0.9460640312590894,-0.1860693217937738,0.07712120767876683,-0.4885148507008759,-0.022475602576561428,0.058495419044170334,-0.7332725321805394,-0.090631228457996,0.035369167810555484,-0.8795048611374252,-0.1350224101875054,0.014550497681319588,-0.9999980679315986,-0.1451982722387742,-0.024206108904827627,-0.4457227986082087,-0.027956363211267796,-0.11748648780753655,-0.5163251299731927,-0.16169759805334707,-0.08389527910819511,-0.37052591871934965,-0.20739115584856654,-0.02905170677532137,-0.27961254361040283,-0.18739131828720412,-0.11238028228961244,-0.37518841179116275,-0.042009948009391174,-0.16582983978724777,-0.4271146294919758,-0.15004598617887535,-0.12927336979153672,-0.31324233099374305,-0.16162235522451818,-0.07727736497877372,-0.2328610517767057,-0.13887051875613
27,r,0.0,0.0,0.0,0.1720034474076505,-0.14883537616761905,-0.046409439216092106,0.24154069277417858,-0.34716321445964143,-0.05965001275259443,0.12872846358641152,-0.5136279262455699,-0.08201609155651034,-0.004861010342120734,-0.5953711449774404,-0.10273102891287063,0.19636520231418558,-0.5365257077298755,0.013185722507806884,0.20315941180754712,-0.7448915717179151,-0.0374468708534946,0.18967666695869626,-0.8734153679673373,-0.08093400839360199,0.16769332624896874,-0.9902873018073521,-0.11149796361899093,0.08090840660803812,-0.5314588430819511,-0.0155012789314443,0.11662748609104734,-0.751474670329295,-0.07643572724279912,0.13269877253024112,-0.8774194207388892,-0.1264125743836429,0.12894876499835561,-0.9999977241106076,-0.1551660460764979,-0.028715013903269936,-0.48370607027865425,-0.05643332302652111,-0.03334690535082568,-0.6143249343122005,-0.16532297213431862,0.020215910231759907,-0.48048131340381767,-0.1993723595428736,0.056383596099805505,-0.37840586149638056,-0.19111839884492235,-0.13470305415676437,-0.4133725384046682,-0.10063144216890345,-0.10263875339333478,-0.5209868615874063,-0.17824166940258854,-0.04909655715472425,-0.4403072347399861,-0.18123352603935153,-0.01697080532010583,-0.3589312980726714,-0.16807146625074437
27,r,0.0,0.0,0.0,-0.3866525181388258,-0.09441980003380167,-0.1578432699642328,-0.536572413352114,-0.3226314944314259,-0.22163479595357574,-0.33997527714532144,-0.5106978644570359,-0.2888632748259497,-0.08909910288681933,-0.6444359606396947,-0.34953875978589166,-0.4744031496543164,-0.484681691374795,-0.09222244541879702,-0.4551087551491748,-0.7115570807742159,-0.2574634341108234,-0.3952775737117302,-0.8589289762658429,-0.36469825079972235,-0.33183687649743304,-0.9918260719062082,-0.4334186787014937,-0.12881019229302573,-0.48899124885530837,-0.12497531395456218,-0.20485815108383545,-0.7298491277184674,-0.2786080203040314,-0.2853114300186261,-0.8764567753732602,-0.34155191602822554,-0.32635977492093626,-0.9999984053291416,-0.3574228309580746,0.20578051424640498,-0.4446859753723072,-0.18492838486651214,0.1183067627693073,-0.6243791242437295,-0.44182041479269396,-0.0312793651062478,-0.45958341411499154,-0.40600688955206304,-0.08361796169424573,-0.3294996972100854,-0.29833750522309116,0.5235806278499858,-0.36452868148370793,-0.2569460543411762,0.3554121709713903,-0.4753795486225249,-0.4800107550831202,0.18164718245510997,-0.3503682588130108,-0.4355899485803227,0.1386186177519556,-0.246150631371869,-0.3390446213791498
27,r,0.0,0.0,0.0,-0.2827862999648769,-0.09448053621841362,-0.0974060431669609,-0.46105118074089957,-0.2781989580327878,-0.14891061690137916,-0.4530876453343646,-0.45165084684820317,-0.2213839368553107,-0.3209486366398702,-0.581399115222491,-0.28218106761788125,-0.38437091844147825,-0.5041903591865339,0.012548650889696039,-0.38414981853893626,-0.7244785283092963,-0.10658728057079153,-0.3586197181715172,-0.8591876564197013,-0.17484346001131118,-0.3259944320608791,-0.9655116498933525,-0.2072541205280105,-0.19515526532440253,-0.5090118628255846,-0.02906864058214714,-0.22217481886962964,-0.7611692953861896,-0.14708503165610984,-0.27802369895164936,-0.8943785570951591,-0.19718405789397034,-0.319944530232872,-0.9999984808269387,-0.19960357040380836,0.011567823753307482,-0.46724107251436786,-0.09646658929622358,-0.1131468734190124,-0.6276426567310095,-0.28477658624446583,-0.20612147640135542,-0.4931968926286083,-0.27869512782137906,-0.21476590080846966,-0.37695887641323006,-0.20459648475874392,0.20371203755350484,-0.38978615692683494,-0.17370249894466136,0.057631714516809804,-0.5209147207303839,-0.29907416865938136,-0.07864922178783076,-0.4436134681036839,-0.2662856665871043,-0.13148682397121864,-0.3564127712483352,-0.20078673898231333
27,r,0.0,0.0,0.0,0.16563294123313604,-0.1841682333445621,-0.06654841227884262,0.2077344013503777,-0.38604010853498494,-0.07336816396166194,0.07236939576952131,-0.5377520310041088,-0.08354858574049623,-0.06705334605702629,-0.5977153596206181,-0.09017581308492176,0.1737628644824596,-0.5208434552264939,0.0334642173458161,0.15173222669863623,-0.7208502680375691,-0.012367234626591403,0.11458737655522556,-0.8587259556199688,-0.056165834228414,0.07469907745482639,-0.9743927031868592,-0.08717478279739987,0.05390772935520073,-0.5075171125899101,0.01380184900104864,0.0618499756722753,-0.7430300778859628,-0.035112034526986816,0.059999181129882326,-0.8825879983216058,-0.08070141486782613,0.0419929879721894,-0.999996931095097,-0.10553174981201674,-0.06420801011050299,-0.4485384476442549,-0.023130096833734872,-0.08876771345502267,-0.5877928107026396,-0.13597276301530253,-0.02726108047459078,-0.46637525596835855,-0.17119964088399228,0.01095971091198606,-0.3710078447773933,-0.15870770376033438,-0.18708079275365994,-0.358902682647334,-0.06497947611167298,-0.17594712398341972,-0.48194485012408017,-0.1558680955272039,-0.1131084603785852,-0.39645005042175235,-0.15975860769346004,-0.07336082751687947,-0.30676105541773163,-0.1421202000444446
27,r,0.0,0.0,0.0,-0.27413525573884695,-0.09770377946043723,-0.11569986147619078,-0.4349547532238127,-0.2825132136002584,-0.19137511835904347,-0.37447095122575225,-0.4504994184690069,-0.2879096745994118,-0.1743289332278198,-0.5498278147874609,-0.3735355895348528,-0.2905141281712788,-0.4996971861909788,-0.010976673558565903,-0.2545564982890658,-0.7202151900844891,-0.1348541392536082,-0.23631937853407498,-0.8498355791722942,-0.1988529979181443,-0.2120156033880293,-0.9608529512892654,-0.23524283323223613,-0.10379526218617123,-0.5022846927596406,-0.05023208131653757,-0.08998365854782993,-0.7547250541581777,-0.21336896790276497,-0.16292767913797399,-0.89082448154026,-0.27813229429594627,-0.22161176163237578,-0.9999985333325471,-0.28377664459192664,0.0864042387646025,-0.4682014829356049,-0.11606452388181443,-0.03924843189979571,-0.6305048070585145,-0.353150730489733,-0.15047956824255607,-0.47002541783259494,-0.35368781829760215,-0.16372084254481786,-0.34221246308043934,-0.27194657260266264,0.2732547595596635,-0.40544313865814763,-0.19081978158598323,0.0775534687918811,-0.5253289614817799,-0.3512504559096143,-0.014725232070494426,-0.4125590549100692,-0.33165185407612835,-0.006473246706521747,-0.30913991810226743,-0.2698267203539514
27,r,0.0,0.0,0.0,0.13778442873445645,-0.13398695210299796,-0.05246773133267149,0.18548658122817166,-0.3266392516136054,-0.08114656268069399,0.06356353018801057,-0.45607140892058723,-0.1159600254893169,-0.06367052906481477,-0.5120005382617873,-0.14993327362255662,0.07000981507566624,-0.5057625387726953,-0.034629376940964546,0.048735603745527815,-0.6917373107966207,-0.09338479161641024,0.01836457478699474,-0.8179287305284342,-0.1370309901491622,-0.013545772185658143,-0.9277581870375544,-0.16673475137030447,-0.043526070670119814,-0.4872675498422273,-0.06418939631290722,-0.03356552879192454,-0.724142423162343,-0.12986287375541047,-0.007227153044237237,-0.8751233081824602,-0.1757410874503968,-0.0013903656618222545,-0.9999981917468971,-0.2003564202175857,-0.1432229949130716,-0.4285907777245284,-0.10180975410908218,-0.13982460172768385,-0.5873753864174037,-0.21391800915990064,-0.04745689845778679,-0.46913879831632305,-0.2342029187370035,0.0004897536098697926,-0.35833322966640496,-0.2148848656688219,-0.23756464019176274,-0.3378826752655414,-0.14222688901866162,-0.190418984248699,-0.45637664268448497,-0.22966835968928245,-0.10698222475033269,-0.3729353025240545,-0.22452579858775934,-0.06534575801688479,-0.2798752187106267,-0.20072271151229137
27,r,0.0,0.0,0.0,0.12539456011045452,-0.13264541859641563,-0.10113132734463676,0.1613017952399573,-0.3534346790880633,-0.10292223986543168,0.010664378077081213,-0.5186640244367959,-0.0919204367449505,-0.13380209299392704,-0.5623305235856426,-0.07163084356874172,0.1864887830876872,-0.5127135946456567,0.004297039178803141,0.1122207200648794,-0.7256435256082705,-0.0479467574164474,0.04885582204548831,-0.8623923490849286,-0.09614929357706022,-0.011286340623785038,-0.9737649230249883,-0.12546251401376254,0.07638381838534047,-0.5097885182377191,0.010800829441070811,0.055332927995617336,-0.7428407519608279,-0.03309416619060901,0.032605157895962196,-0.8767807205091038,-0.07409304298141206,0.0032465040806527287,-0.9999985808785543,-0.09228777359381464,-0.033612960529268696,-0.4700609460455374,-0.004694446636078729,-0.11243814896822527,-0.5918676120524238,-0.12172203692516313,-0.0796769294785369,-0.4362064495374692,-0.17992200460189128,-0.03115759145464356,-0.33490944892981434,-0.17809870612841455,-0.13094847080349634,-0.4007156747097067,-0.02731681568527597,-0.16143252325789975,-0.48175905243531647,-0.13462413313467075,-0.10644269815634842,-0.37218499320344256,-0.16545834086003822,-0.05958558527809816,-0.2777936969716135,-0.16359137474549856
27,r,0.0,0.0,0.0,-0.31333000832953106,-0.11027664356269451,-0.25051253692945863,-0.5287354273725065,-0.27446711132680646,-0.36361859597173385,-0.4074857374520001,-0.4223116361464422,-0.47082127712969096,-0.08741146408544515,-0.5015006820933542,-0.5545633620350215,-0.43002632349082914,-0.5507641690575146,-0.06896008222808338,-0.3226507888763332,-0.7451855646475837,-0.19586024481621803,-0.2501127392970839,-0.8620292333929467,-0.2814603364789462,-0.1797263752534434,-0.968482889901752,-0.3415181608181078,-0.15409965403124745,-0.54916101411201,-0.05477906796286288,-0.1633490769102215,-0.7667244989056001,-0.1965358550177044,-0.21730638731391536,-0.8935690077597161,-0.2631221923864568,-0.2698246234330105,-0.9999985915494042,-0.28317289951927066,0.10557904236427605,-0.499432820829894,-0.08513241616424382,0.03375561884077555,-0.6088006195550512,-0.34601621239720004,-0.07003494851713656,-0.44481423472092746,-0.3755522004887091,-0.10477085381347499,-0.32838253058197536,-0.3116565928733585,0.339851722606686,-0.42085434466899796,-0.13711481391371086,0.22760031854949753,-0.5069233191720046,-0.348828271173459,0.10986713449955879,-0.39390364488290014,-0.3603503728101092,0.07371599677469598,-0.29815038547815537,-0.31510866696738726
27,r,0.0,0.0,0.0,0.16534818090531703,-0.1470919308278204,-0.03557927930852791,0.2381512591227948,-0.34914548066894774,-0.04874989925554762,0.1301197440501176,-0.5156300649077729,-0.07196374461038173,-0.009409283975003239,-0.5813110262642324,-0.09576391671000169,0.19256933890439334,-0.5227385526408809,0.009441261078712982,0.19120536237656025,-0.723114788979342,-0.04021306645178415,0.17403678318984886,-0.853166852774764,-0.08715083973915762,0.14099858043159494,-0.9710620004084852,-0.12332831266087518,0.0796054091992371,-0.5196846972192838,-0.025672124953053602,0.1157978575407682,-0.7387828676666904,-0.08280633914623935,0.13063020475301787,-0.8744018983450254,-0.1337399192683479,0.11711888569479649,-0.9999977691822163,-0.16575042760906536,-0.028800009363035253,-0.4692741431911732,-0.06989380418813147,-0.032073260502211313,-0.629125597084978,-0.16493793213496472,0.030027162743360064,-0.520377455818427,-0.19587538765562498,0.06551515138081046,-0.42345055526568104,-0.19233846275404953,-0.14176101379195713,-0.388735903290921,-0.11733142158638982,-0.11355643110972093,-0.5062457122643127,-0.19208255094620386,-0.05031421936302818,-0.4328281930705123,-0.19673560169829904,-0.008850024345829315,-0.3461670175939368,-0.18670060778511577
27,r,0.0,0.0,0.0,0.16105336587759878,-0.0815613460648684,-0.07953126936741267,0.23014071804310762,-0.2867315797305602,-0.08881126513703103,0.09766279361641741,-0.42520017553646666,-0.09341687870649511,-0.05206557915249024,-0.47353299790244247,-0.09304352375133629,0.1399345829634235,-0.4965416130897928,-0.014517796686250561,0.12879183607470618,-0.7015245747040998,-0.06132440231612248,0.09857163146323338,-0.8294055984982215,-0.09881459172620709,0.07004381574807632,-0.9404237014507068,-0.1232890070981797,0.019966670894538113,-0.4861924689133971,-0.02936787391752485,0.040193129407962,-0.7360460533647891,-0.07313592133370858,0.05945295301334385,-0.8785794099869653,-0.1067351225359071,0.062395218316505234,-0.9999979923938296,-0.12072352209360901,-0.0848353162411534,-0.4351527576820067,-0.060160148276700076,-0.07891500650169067,-0.5528524641700631,-0.17411796248260442,-0.029375864934430874,-0.39458652012310697,-0.20028320365749264,-0.002403783366272409,-0.2907724678476278,-0.1778529180703611,-0.18778253226089398,-0.35141977379699135,-0.09660240322464608,-0.1539840553474676,-0.44499812209077955,-0.19034441263266957,-0.09874729623731182,-0.3287537527841551,-0.18734490370805057,-0.08331595954055798,-0.23977667280975695,-0.1619445162931868
27,r,0.0,0.0,0.0,-0.2763188825485387,-0.11396782539530606,-0.19475340105080755,-0.4288218611351301,-0.314913977646402,-0.2971424072148853,-0.3047588196403247,-0.4727429829744985,-0.4115757240964512,-0.019316688833989844,-0.5768749720368156,-0.5160896380935762,-0.22627664388307722,-0.5170897578608507,-0.025174876149090804,-0.1292887965633533,-0.7312449117273281,-0.14096848841348014,-0.0846029240880132,-0.8602886179540861,-0.21026879444794308,-0.010398037370708614,-0.9660952545033866,-0.26454903645706224,0.06105852930756809,-0.5073409683129605,-0.035293972792996973,0.043254636624016275,-0.7532342152825434,-0.16090537535531776,-0.03532207865665227,-0.891603924084976,-0.21922396789255458,-0.07093600561254462,-0.999998626149844,-0.24232612733628645,0.33230982317083113,-0.4550902552629998,-0.08460549034236692,0.24361938513644651,-0.6574971639355307,-0.3281954060886089,0.05616057130463694,-0.5131296204659573,-0.3574419999238683,-0.006150760227979945,-0.38606411998804674,-0.3117605349619511,0.5886505677728345,-0.37564602009396164,-0.1486958866073569,0.40552157403707406,-0.5358702450496597,-0.3703592760717855,0.20002565092344227,-0.4412885493855814,-0.39289030870209146,0.11536892651763986,-0.3336058621809525,-0.3625669919923559
27,r,0.0,0.0,0.0,-0.22222824623588028,-0.07098814103293513,-0.04494477593104641,-0.37818688424130065,-0.24148273289688335,-0.06947896852067359,-0.429370688272284,-0.39106602910940697,-0.11744078641145186,-0.409742368843457,-0.49624887471204693,-0.15871579252336354,-0.2597965300348933,-0.5060874529807701,0.019269471053970845,-0.29989765476689534,-0.740655050535481,-0.05438264501198245,-0.34746841407628254,-0.8832849766223962,-0.10000908138174638,-0.38992278062205776,-0.9999846513230307,-0.12838912215374546,-0.16204062508272504,-0.5183565016332832,-0.024483250422658955,-0.153799036869048,-0.7931012191099021,-0.12444298178625539,-0.2497849464867775,-0.9220460101451298,-0.17557037053659225,-0.3402050148847377,-0.9999984082550362,-0.18887460460366692,-0.06228422502848195,-0.5016751305096575,-0.08386073207621111,-0.16618297962265485,-0.7192233633526779,-0.2189901297858497,-0.31123825282213047,-0.6291432572071902,-0.23778715101997508,-0.38462093018370336,-0.5128547250227323,-0.2044614101760488,0.03294913297085301,-0.4613018082747339,-0.1489298226601371,-0.08181517858509793,-0.6373329485808191,-0.23954130216375927,-0.2194707403719333,-0.6107471556656304,-0.23872155504817263,-0.297776217257414,-0.5405162625830503,-0.21296511538212617
27,r,0.0,0.0,0.0,0.13589033367729592,-0.1516437158170885,-0.0652130268443503,0.17399583262496487,-0.38319921867717616,-0.08236884008480407,0.019510166721600043,-0.527150470826754,-0.09996282971767553,-0.13655860241915163,-0.5671038191012471,-0.11606191094197771,0.08984350246591115,-0.5204797420290537,-0.025053970595759808,0.06721245890670341,-0.7147549715820712,-0.0705463697426704,0.03747710574225069,-0.8554449139004685,-0.1051115008054024,0.0015862140948393942,-0.9685261175295838,-0.13088131873275663,-0.04219074159557201,-0.505573401932774,-0.040937864820902004,-0.05217146312354839,-0.7197211929002425,-0.09490161614514919,-0.05647313256850851,-0.8670368575851432,-0.13820638811508187,-0.0753883579024919,-0.999997288751822,-0.1652809986398702,-0.16438372750474448,-0.4485508192167994,-0.06587763931868058,-0.19873026023031454,-0.6222930159575149,-0.17996661935981573,-0.11358742497821465,-0.5173422200840375,-0.21335232134037743,-0.06260127934558606,-0.4111547573713,-0.20410075247868553,-0.2862309638284746,-0.3528125246834993,-0.09273073255239854,-0.24975131210760568,-0.47451419711889703,-0.20262699386071908,-0.14329853769498505,-0.40060636495934954,-0.2217742406797685,-0.07387292591488491,-0.3035772665869654,-0.21279087217130851
27,r,0.0,0.0,0.0,-0.26739233252727357,-0.11792106140751618,-0.1183118141086314,-0.4225924227977439,-0.29622989454250537,-0.1944111698540462,-0.3476273145117754,-0.45561107387034877,-0.28869285874210976,-0.11551627665159243,-0.5361022868846893,-0.37131283617190036,-0.25550927883487723,-0.5209502932902351,0.01670109190347196,-0.24009789844011759,-0.7381524195421914,-0.09693846010485803,-0.2248256787569108,-0.8670890045747762,-0.1644637299401943,-0.20124392096354837,-0.97439699075202,-0.20322181801622818,-0.07016005327909416,-0.5174794717385987,-0.017672984499657565,-0.055001003031235236,-0.7701185335038577,-0.15631822614908947,-0.12515522690099506,-0.9029232165257217,-0.21512051907052201,-0.1876556992956397,-0.9999985293043676,-0.22116686570937488,0.12110146441592463,-0.47441609093074666,-0.08109873865692425,0.007968057447570443,-0.6380004935393755,-0.30207832215753233,-0.12227094035471289,-0.4920489145833432,-0.3132568062630903,-0.1580288878527128,-0.35998776614755246,-0.24493446331911026,0.3034531901599323,-0.40106941076260133,-0.15460669184496204,0.11356618582374717,-0.5105071913637113,-0.316881953756578,-0.016024081996900426,-0.39808054548946403,-0.30721918182316627,-0.04625434688129485,-0.28473894533059774,-0.25388519262589787
27,r,0.0,0.0,0.0,0.17724943434359455,-0.07742555599988006,-0.07366453300227706,0.27138471195992897,-0.28736289080007527,-0.06909959721025409,0.18575189112669258,-0.4578156289919854,-0.06056241351433641,0.03543594334049231,-0.5144148864118424,-0.04802368960087443,0.24142146274677928,-0.4736216594286479,0.007765668543354296,0.23740633163438493,-0.6841288005198185,-0.030409107222606136,0.2163983872931052,-0.8286393652534312,-0.06839907034215437,0.1986284087952026,-0.9442964646173581,-0.09659372247021795,0.1292851042600681,-0.47830740952600714,-0.0034384537338833635,0.15224591641185287,-0.7198308457549482,-0.042283490959853134,0.18327716109426578,-0.872397034176143,-0.08006823200685842,0.19348738350652947,-0.9999988197094608,-0.10128590966562322,0.017246814786211973,-0.4481858006658439,-0.03202184431248153,0.04235972820933792,-0.5846266363768116,-0.14722790931915555,0.0834618303725469,-0.43595559578147997,-0.1963735436264859,0.10046442236239847,-0.33094204457205556,-0.1929373292334491,-0.08756525173683012,-0.390022152543793,-0.06571936446497872,-0.01787427355640883,-0.47061873560245077,-0.17869911910039848,0.037086654472222216,-0.35639355638748527,-0.20987222616761936,0.05311516930856492,-0.261449314941294,-0.2106373966255234
27,r,0.0,0.0,0.0,0.14790274684212112,-0.11333446077916118,-0.05238048109582603,0.1902098871842414,-0.3290022186772719,-0.04776094415875697,0.10474381392330404,-0.47883013686814996,-0.050050536319408895,-0.00892809595838506,-0.5115563060408891,-0.050128319144836085,0.1054857498639434,-0.4982289717060649,0.021006248348779157,0.1052368448225764,-0.701796353747787,-0.011086731489435469,0.08725962331381829,-0.8361421716982445,-0.032713099741270124,0.06426206332928884,-0.9478806435354592,-0.045173936630013393,0.01568818638131372,-0.4848291746165927,0.0048228841693724106,0.028888936937964706,-0.7274970586483559,-0.04197217030026378,0.0460837931973404,-0.8777186782227765,-0.07161732825511004,0.05033067895504965,-0.9999978329353179,-0.0792899036555203,-0.06126532154816005,-0.43364825309029326,-0.024271257444799244,-0.09271422164899587,-0.5595568747241483,-0.13737584111404458,-0.04803537922225688,-0.43191018031570355,-0.1632645487586247,-0.0166440230736416,-0.33222145082360816,-0.13700482470605468,-0.13619148693649433,-0.3694431524611823,-0.05596832391253124,-0.1388472275192791,-0.5037782495406312,-0.1399929445818844,-0.09309959175326077,-0.4200569011609937,-0.13845385375655567,-0.06220443109837219,-0.33736475639817626,-0.11427584352994631
27,r,0.0,0.0,0.0,-0.29824626277722216,-0.09134803839246528,-0.2509068874505073,-0.44405087659390957,-0.26710781278801415,-0.35692939730927875,-0.3272562700000531,-0.42056998518664857,-0.46294048682597483,-0.14286497183460004,-0.5455485717611477,-0.5439014004898018,-0.41796368357306973,-0.5272311364416562,-0.0937130817420263,-0.35376369820424136,-0.7442583899997776,-0.25109618953752144,-0.3180316818115184,-0.8766938336052732,-0.3572536348091496,-0.2731976736629229,-0.9908201096343521,-0.43540355758388366,-0.13279051811678377,-0.5430780198078495,-0.08614741828922823,-0.14398842449835092,-0.7788193515716533,-0.27168748386206343,-0.2770078922882566,-0.9000809821680771,-0.3613638305367463,-0.3721882801334776,-0.9999985988918041,-0.4016708735454836,0.13246753330525754,-0.5137502890645399,-0.11975032381512367,0.12423987625766517,-0.7180989168614519,-0.3900363635195314,-0.059307611038838706,-0.5900377148084639,-0.3839275035380623,-0.14488058913740318,-0.47757958121352423,-0.3072769234430273,0.37790851443416135,-0.44958550423819593,-0.17870573108679744,0.2872251524773618,-0.5897158574164478,-0.4082374658480839,0.12284354631617365,-0.5203586376452949,-0.417635509616073,0.06046091944147016,-0.43811839513136575,-0.3732372699862994
27,r,0.0,0.0,0.0,0.13184022670062964,-0.12423971132360426,-0.06920335986068873,0.17372218294642244,-0.31382717247815717,-0.07835517616485589,0.06474918664970515,-0.4469620501346957,-0.08667436917463668,-0.06303050625343783,-0.5072500202111713,-0.08938457501239953,0.16815731378358817,-0.4782666170361436,-0.004736523977921788,0.14868136064392087,-0.6950211892616147,-0.047374429897271884,0.11386791201094827,-0.8293506234052441,-0.0841356099604928,0.06828150216026563,-0.9509610472981554,-0.10772834014519303,0.06885819962203711,-0.4828629480751145,-0.01609991883195832,0.09223962289122233,-0.7230340506811144,-0.05727755362921329,0.10297198878911581,-0.8727660112327337,-0.09201246316771787,0.09106401379052652,-0.9999985384625554,-0.10812450386038769,-0.0289625392713881,-0.4461919586600643,-0.04253075924072777,-0.07002710091237697,-0.5598700919065912,-0.13573365527804218,-0.026546725727412863,-0.4404503343386297,-0.16977977831922494,0.009728720662686638,-0.3557089109378994,-0.15896666824310193,-0.12111482995635274,-0.3836677614168706,-0.07522043453416717,-0.13109940567118783,-0.49250860513813355,-0.14558554484159925,-0.08079914742867483,-0.41114138457528776,-0.1480249663934506,-0.04152848948580218,-0.33081579113485915,-0.1324146067574514
27,r,0.0,0.0,0.0,0.14682787992547203,-0.1311933126315394,-0.055157472549447965,0.20646626125444345,-0.3186511879488587,-0.07064629059256165,0.10710287520182432,-0.4586090861475837,-0.0914898291433282,-0.0019887407794560324,-0.5287685296752049,-0.1103766401899764,0.1624405080516907,-0.5052536595943931,-0.002889297864144832,0.1594087613295898,-0.7071267434123201,-0.046467890112702734,0.1308904177956522,-0.8411133262516005,-0.08397993870113943,0.09933450694409775,-0.9559044245882781,-0.1105215324420565,0.055069997390662276,-0.501936591757482,-0.02219050627850948,0.07834040245980467,-0.7430041665981374,-0.06731586756714099,0.10074331492801364,-0.8868667889118251,-0.10340384659820263,0.10325400641690871,-0.9999981220502265,-0.1242812383481298,-0.04681807196699603,-0.45338678068996446,-0.05319592486466797,-0.05861944131009441,-0.6090944268131202,-0.14248678786672236,-0.0038757330719122597,-0.49138004631309073,-0.16364550606795064,0.02480984064857949,-0.3831505500753445,-0.1497856327501018,-0.1491542152448526,-0.37810666825719463,-0.0892084425333105,-0.13927073212425659,-0.5052247804858716,-0.15737291892329158,-0.08288807851022059,-0.44005202023200324,-0.15621171011786147,-0.04430167181711417,-0.3656689511158631,-0.14057571565868215
27,r,0.0,0.0,0.0,-0.31612099188079207,-0.09617134903928136,-0.1808000937946462,-0.4664644764838558,-0.2743765974410453,-0.2592527737804346,-0.35869499530196736,-0.43397883093824485,-0.35300737700210816,-0.14501835405224317,-0.5381131586530498,-0.4313457454473183,-0.4082406717749191,-0.5108461275267503,-0.03730327578180156,-0.4214555590830144,-0.7349298722673123,-0.17177579869414153,-0.4140648775123265,-0.8746837478539319,-0.27570605147233845,-0.3860096439134755,-0.9964165812434072,-0.35737039774309376,-0.16797323529132027,-0.5327825354020721,-0.058405094275456246,-0.25437023989786783,-0.7680491641533604,-0.2140815048384097,-0.3811250701667983,-0.9026495771948403,-0.31644781687570633,-0.4655510826992609,-0.9999985822735852,-0.38042042944950866,0.07808219736018843,-0.5085541505057891,-0.11355753949978656,0.07264501572616196,-0.7267441012231066,-0.35424403731672144,-0.061710824277935714,-0.6432623260991984,-0.4037815169909771,-0.1306186068171705,-0.5294394245771905,-0.38069831782592095,0.3272793277469699,-0.45329631937863596,-0.1870694617540211,0.24716685940253885,-0.6034881209542828,-0.4083421481830012,0.09129577487055399,-0.5630239904180893,-0.45551818930507765,0.0032541290823356914,-0.47548319438112396,-0.44545932300420327
27,r,0.0,0.0,0.0,0.13091318851802616,-0.152670436265937,-0.07924157420505083,0.19000424533311616,-0.36110085493869226,-0.07622319788750143,0.07465739652591842,-0.5201611511505629,-0.06678111024305551,-0.052228909298469524,-0.5843507585706644,-0.04878806601556557,0.19357989943249193,-0.5038818234630745,0.00936696028395605,0.17548549733546825,-0.7309052863120479,-0.0367509174979778,0.13904441645600976,-0.8774780405359507,-0.07483896273430903,0.0974337263200961,-0.9999979338538234,-0.09732566232970291,0.08174029383926801,-0.49379993086384094,0.00560604674753931,0.10357247952375327,-0.7481465535600669,-0.0341075810765415,0.11170660153159635,-0.8819656960967922,-0.06797325150932433,0.10263781811104727,-0.9958653868223366,-0.08196805740749012,-0.02513585879302354,-0.4455844807009379,-0.0161538107625038,-0.07083771691902872,-0.5737230567111222,-0.12158744275221203,-0.02990165294014828,-0.4318114175117669,-0.16491199951951616,0.009883741177790268,-0.3376442339996713,-0.15684691955060823,-0.12335132264293117,-0.3737777429866161,-0.04335311827436001,-0.14258955966995196,-0.476520424948104,-0.1367352737915777,-0.10086092079327554,-0.37554275614517757,-0.15219671886398828,-0.07148571147575919,-0.2884445537807243,-0.14221216245476295
27,r,0.0,0.0,0.0,0.12156381371551887,-0.10850324493320943,-0.0854266417671397,0.1515581375840159,-0.31067619303767113,-0.08854368987835781,0.03486656375143454,-0.4418193314483469,-0.08441469504129565,-0.0854991790936306,-0.5136035555257905,-0.07259650846632905,0.15339297877717256,-0.5142268659699819,0.0036428553328004907,0.10726885600459664,-0.7096225527195141,-0.041916176504635666,0.05640392788205677,-0.849560045156086,-0.08453597563083069,-0.002666142181083423,-0.9636517844196194,-0.11355563899834267,0.040510692246272705,-0.4983663118637766,-0.006132310225732551,0.043829331555477725,-0.7444133161024893,-0.04280013926723862,0.04713290524627867,-0.8823586520640737,-0.07388630132469194,0.03431286685435162,-0.9999984153032342,-0.08672350696517662,-0.07270469085705343,-0.4354693858154241,-0.03581358270491107,-0.11973874864464952,-0.555969302396809,-0.14806306013174012,-0.06535465263690547,-0.406916591321685,-0.18452767747672796,-0.018748477303042854,-0.31201755257971725,-0.17077610922960748,-0.18038563166849902,-0.33862267903902277,-0.07178682593239746,-0.18750352240505683,-0.44284313231280986,-0.17510993035826372,-0.12640058563788753,-0.3341818636831112,-0.18581656710640126,-0.08170457958920196,-0.24563040919187126,-0.17121348443976486
27,r,0.0,0.0,0.0,0.15016363828419313,-0.12686284823932176,-0.0460434589775608,0.20661919457852929,-0.3120571400127969,-0.05013408924120317,0.10603412077953282,-0.45068445019317144,-0.06040535237263227,-0.003548940793069664,-0.5235421806628381,-0.06958929355065215,0.14232091593752927,-0.49443987145288837,0.018987665827959875,0.1331984816963135,-0.7009147254282386,-0.013311600221256232,0.09693320247841639,-0.8311954726545979,-0.04811730773283345,0.06186492312403604,-0.9423375208618358,-0.07522288837167626,0.033786729414694294,-0.49098888765343685,6.3184338878482986e-06,0.04679349362580469,-0.7383892221037793,-0.026962658380164026,0.06764157461965285,-0.8864114296864266,-0.057245468971296155,0.07077965826509684,-0.9999981860423391,-0.078921210877006,-0.06370448194237893,-0.4420010924984051,-0.031603938584407916,-0.07664950946104347,-0.6243067341631657,-0.10509564933868834,-0.017909911786814642,-0.512221552561523,-0.1252214867151314,0.011948050213860266,-0.4036789326551315,-0.11563625703621346,-0.16298248941041577,-0.3661923265057661,-0.06850469149859027,-0.15687369234703422,-0.5179670654101619,-0.13266509648197505,-0.09838471753285705,-0.46471922223576206,-0.13669407790091695,-0.05581732215159031,-0.39315017764571386,-0.12748470142185
27,r,0.0,0.0,0.0,0.17316107620870866,-0.15576808858595526,-0.055642901767008146,0.24212430236757823,-0.37543476313684815,-0.07265019810874193,0.13820108374242332,-0.5454348064518979,-0.09484705729876655,0.009132880625645582,-0.6101472084734686,-0.11500287274752995,0.14054040597580386,-0.5300777867181949,-0.012073479214986867,0.1412969441634355,-0.7262171986436018,-0.06119563213020013,0.12160494717697998,-0.8581546702597409,-0.10095277735214361,0.09823272112946554,-0.9709793064504711,-0.1308475417284809,0.025319337652982016,-0.516562225277344,-0.03428555546350078,0.06383156581909728,-0.7564958591184808,-0.089306557272339,0.1031777664766848,-0.8938535640331736,-0.12404098663500181,0.11874323734068329,-0.9999971819261577,-0.14487053091826577,-0.08175332391579927,-0.4644670795839568,-0.0678257291846194,-0.05639232963081623,-0.6413713737125969,-0.17525072943364733,0.021822364178669586,-0.5264331673586853,-0.19506199582437797,0.05700374148760557,-0.40686267633814277,-0.178691989262287,-0.1878845120072992,-0.38710651470078244,-0.10558062130422396,-0.11915022935414497,-0.5177986545844391,-0.19768663659216476,-0.039903694051181986,-0.4362072540285148,-0.20331882740082444,-0.001544990730425367,-0.33752706004561883,-0.189848491960644
27,r,0.0,0.0,0.0,0.11426272774075757,-0.16996140588120234,-0.05716025362397673,0.11875042037318699,-0.38495717912230853,-0.07987892928892552,-0.033649663450287186,-0.5154566887043265,-0.10658273596922752,-0.17335241161650933,-0.5580779294788576,-0.13084980683234362,0.06385867946670445,-0.53984024793262,-0.018541346669247737,0.02396745517199886,-0.7423229898422405,-0.06792852983771791,-0.021573299054417183,-0.8693405185258948,-0.10865656639139258,-0.07350239292713923,-0.9811200535739634,-0.1398724019064181,-0.04883060721193162,-0.5167950067422922,-0.04115297376725973,-0.0643661048624753,-0.7568755541671247,-0.09186112504426847,-0.06597167109633069,-0.8848233281253836,-0.13055728775782707,-0.08655878276674459,-0.9999976768493741,-0.15476175261546826,-0.15103171767229187,-0.4478260017349625,-0.07426588635183524,-0.19452165355403217,-0.5991501000112032,-0.17518983083874262,-0.10966114306629744,-0.4851605747007514,-0.20359924873814886,-0.05716902786482542,-0.3929683938234472,-0.19506906365764742,-0.24124598495887675,-0.351393990541624,-0.11130215044249069,-0.2286223502613461,-0.4565874499725418,-0.1991259224271306,-0.14919012835558987,-0.3818331446417556,-0.20922035758581456,-0.09443332701744644,-0.30604847981583205,-0.2000584697749252
27,r,0.0,0.0,0.0,-0.23505279040884616,-0.1305332171893601,-0.17200586362227974,-0.3634192134208686,-0.3107421326717731,-0.2534643240834641,-0.2697910528674278,-0.4654115858749641,-0.34447862635599946,-0.04759639297331588,-0.5625847870208412,-0.417708581615106,-0.19061676416855225,-0.5404447221181675,-0.02569959551329827,-0.13561370702654785,-0.7458893829044574,-0.13521341425126768,-0.10449613729021022,-0.8708764399254275,-0.2197418626844322,-0.0595643936404702,-0.9757270852336533,-0.28999589039040896,0.039040141050841616,-0.537600265377749,-0.03794263680230236,0.06316616343333274,-0.7727459285738943,-0.1609578617362165,-0.031888619727056484,-0.9017043859141604,-0.2338408900253757,-0.09821831691088088,-0.9999986716565958,-0.27868567925171306,0.24631747567141501,-0.48508462334417185,-0.08255512282300422,0.264774299256818,-0.7042659848790115,-0.2796431676021018,0.0786430611060504,-0.6317615537344967,-0.29383609701102215,-0.029886747984453843,-0.5407506560057413,-0.25778981674973256,0.43458819247384406,-0.3969832645648375,-0.14486319771831388,0.356337999884911,-0.5623851857448129,-0.3198233359727425,0.17763991008642233,-0.5401529606337706,-0.33629893281067347,0.06895404621009821,-0.46946988123608513,-0.3142782644666077
27,r,0.0,0.0,0.0,0.13940403486204214,-0.13510453955160892,-0.03904503603099718,0.19728573581664222,-0.3255936932618021,-0.05213113241055326,0.09272976357906587,-0.4518658019275595,-0.07345882486197096,-0.042722814185793524,-0.481014826194105,-0.09606486179549205,0.1274298225788438,-0.5151208234115241,0.005858602545289089,0.0859941006433723,-0.7098371184334418,-0.041046430525300284,0.03877215602855511,-0.8405151811572149,-0.08604317135218952,-0.006766022653578258,-0.950108669478803,-0.1192665895998522,0.019014171470190095,-0.49705759021007756,-0.02709815311144156,0.006673844957500727,-0.7332026913435736,-0.07280042344721999,0.002728979114858738,-0.8793126036615095,-0.11547720496043959,-0.014861181772049108,-0.9999983245014978,-0.1424914242454149,-0.07678821526729117,-0.4337508872984638,-0.06997603966791481,-0.08257014364443606,-0.5730128107179076,-0.15989986374529666,-0.019880521972327238,-0.4543273358960524,-0.18856795113222644,0.01853450790111059,-0.3530658424526837,-0.18285440702094186,-0.1697602573844763,-0.34262494572390184,-0.11668007146381752,-0.15048663016736377,-0.43958969021289596,-0.1922463580199964,-0.08604283597997668,-0.35636955898999767,-0.1977955327211709,-0.04200486677831641,-0.27069064015466515,-0.18775649030095234
27,r,0.0,0.0,0.0,-0.2370784597876773,-0.15432083176978778,-0.26292517906543583,-0.25928575870101195,-0.3382738848657215,-0.3726848646607785,0.04255980050992946,-0.45154505997863487,-0.4786311981460802,0.3709886276116467,-0.5365360806621745,-0.565339753002192,-0.03559452683412502,-0.5626781040450192,-0.08704954685153157,0.15322297588365763,-0.7742031849685296,-0.24204298464555485,0.26547963344797115,-0.8876097952660634,-0.340822138014176,0.40313678598706393,-0.9800504989053697,-0.40559810719569667,0.30033765876278506,-0.5153080279870891,-0.0776328599826258,0.38445719973227976,-0.7697634866741534,-0.24465202299811897,0.3338102569190934,-0.8995637367238443,-0.3240918421213524,0.35942512169529667,-0.99999860599672,-0.35356623575842666,0.5785387274110773,-0.422714648181071,-0.11185762714106735,0.6145709674676448,-0.5825597814246491,-0.4202309649141802,0.32476451601156164,-0.4569264067069407,-0.4342895525231513,0.18847426176829324,-0.3501500549536834,-0.3524294110983167,0.8114798500312707,-0.3060228622212489,-0.1648702611921199,0.7622112718056128,-0.431349430546803,-0.41057800908075437,0.5311728888957334,-0.34967320677912045,-0.39584490439893044,0.4244617620626769,-0.26109103493184144,-0.3224364170288439
27,r,0.0,0.0,0.0,0.11044316772755637,-0.15096322017888064,-0.1314389805820811,0.10975266983487675,-0.3488481214272899,-0.14388214620871567,-0.06226081892367171,-0.4588948677296732,-0.13759827820233103,-0.20578437168245237,-0.4842424785498924,-0.11874450342987607,0.12852763634535602,-0.5300894053352961,-0.027084640880619182,0.01588797481058682,-0.7273100781116842,-0.0896654117613367,-0.0736512573517085,-0.8578013977274771,-0.14047860337558826,-0.1541914498900795,-0.96042474073094,-0.1691490094137562,0.021566400988915765,-0.5088729694471001,-0.009619591758704653,-0.04617917325004172,-0.750793529741747,-0.057589330703423286,-0.09187901772548297,-0.8848341742524595,-0.09715630675553134,-0.12916462572011703,-0.9999985210478369,-0.11101696326870857,-0.07601629858274407,-0.4444978147700873,-0.01715848161252847,-0.18599040729243393,-0.5263047575596783,-0.13838672445081351,-0.12938222996473336,-0.386516266841212,-0.19313605377156118,-0.057527827431796096,-0.3068124644478358,-0.184705498074313,-0.15720167867077955,-0.3500720296032076,-0.03472548313837159,-0.22476010532564936,-0.42144102084468055,-0.13842194134193128,-0.16629089821864254,-0.32909528014041645,-0.15941913114671977,-0.1096635918161671,-0.25382051970055775,-0.14812322516827603
27,r,0.0,0.0,0.0,0.1630501193220416,-0.11917452961602885,-0.03716685594286322,0.21418478163000396,-0.32399089360226874,-0.034470476487899415,0.07876418639973716,-0.44796590343579007,-0.03397667886311417,-0.07083508363723935,-0.4508984920365197,-0.03294274367666885,0.15164933461205612,-0.501603092503347,0.008711713914803812,0.12487052853350783,-0.687421737644904,-0.024700250751025603,0.07782708474187401,-0.8136570782601491,-0.05413627629198003,0.034524993329910096,-0.9212783523206448,-0.07856102750015288,0.04505513485935316,-0.4874954552496766,-0.025026993328798017,0.03340076836160202,-0.7157313163602866,-0.05024280500585901,0.01584298319220146,-0.8673447609194135,-0.08512661764834704,-0.00573968577501011,-0.9999979236718268,-0.11150294462902448,-0.05423086004652811,-0.432740971706791,-0.06910774999201665,-0.08721418996492195,-0.6091148400230069,-0.15554762753484033,-0.03192185066331036,-0.5139220437743054,-0.19987164179441355,0.01726422928819991,-0.43406877990637016,-0.207899333913514,-0.14244997149346916,-0.33963598646814647,-0.11542776943444479,-0.1338607392746795,-0.45152953817405855,-0.20084737166872685,-0.05909099200716509,-0.3656028110388712,-0.21968069241320318,-0.0103509387824032,-0.26927725046444057,-0.220265545577446
27,r,0.0,0.0,0.0,0.08487092594728901,-0.12635423210097615,-0.1379512011156465,0.08705746926090056,-0.3118983584375622,-0.16905035800981136,-0.07801656112185272,-0.44247044006487396,-0.18004592404302006,-0.19765254833678192,-0.507598440885543,-0.17473814476968946,0.13718007942411736,-0.49777825687384564,-0.05988188363528902,0.03094658793094891,-0.717011277649975,-0.14192846008649204,-0.0625202331328438,-0.8707503405138987,-0.20530855223984193,-0.1422747310943545,-0.9999975884755808,-0.24463990204973332,0.01888135921669442,-0.48897386970656664,-0.03800898510387049,-0.059323211282899815,-0.6952601162686795,-0.11540899530833557,-0.039968235170442186,-0.7714673027368547,-0.15471027691355854,-0.005158255760184107,-0.8587341264768689,-0.1665608687751276,-0.08341220028214395,-0.44637537184247617,-0.04040819336370652,-0.20437158378213896,-0.5262849631668179,-0.16531286310063167,-0.14306040331051284,-0.38921362158235007,-0.19089590139237558,-0.05718036433842698,-0.3198666213308944,-0.16762501550825992,-0.16699746118416617,-0.37254633151706346,-0.05552152680968385,-0.23988113631278538,-0.4308144335971257,-0.14697265071531224,-0.18774583401514539,-0.3312693613433059,-0.1472034940338542,-0.1297998489194247,-0.26378376892193633,-0.1243352004783943
27,r,0.0,0.0,0.0,-0.3631768179436267,-0.13284027474456628,-0.16023815262642818,-0.4849001011391364,-0.3327619400553316,-0.22823979526220725,-0.32463747477760563,-0.49302863605456365,-0.32053877975443246,-0.014179289031698846,-0.5640614770085924,-0.3882792208755854,-0.26771520051966025,-0.5478426701631355,0.03806357399314301,-0.20327789971851226,-0.7503792664945974,-0.09440242781455693,-0.14513259444376317,-0.8793823343921646,-0.1970964732028973,-0.08403650815039244,-0.9835324185332208,-0.2807437016273999,0.0004842449314242584,-0.5417428286642815,-0.0017448651713908696,0.07754220547970939,-0.7643408089317639,-0.1806830160057385,0.009872185872799663,-0.9004142010548565,-0.30318844580790877,-0.036182183836424034,-0.999998592222871,-0.3739397055925342,0.2401235603653282,-0.49465145653173315,-0.07644669330494026,0.2810841701434984,-0.6963347295517899,-0.33099514743499087,0.04005798930904342,-0.6024932055281829,-0.3345566677939992,-0.08982504334261258,-0.5040861353741315,-0.2676256230700942,0.46710076448458093,-0.4162930579402643,-0.16880617694732258,0.3571786754322768,-0.5769248465918316,-0.3593018061514264,0.1506302973829394,-0.5361703618654797,-0.3511994931284042,0.0464782833106022,-0.4613763365749129,-0.3006825349270758
27,r,0.0,0.0,0.0,0.12237887370936183,-0.14873508819315362,-0.056550006353996214,0.1464783482261149,-0.3718139657053519,-0.07466881399800618,-0.006612528611966599,-0.5038926226702036,-0.09701782224387426,-0.14921624879337905,-0.5277380149312254,-0.11767742085639717,0.041145043658457635,-0.5180874380006235,-0.011726952366845844,0.013126897284556478,-0.7043669159818353,-0.05492943774102582,-0.022251836584659956,-0.8283680821501055,-0.08839108344520466,-0.06250625659309048,-0.9327383434875998,-0.11477597153394312,-0.07404093395625272,-0.49616271697708625,-0.0373732785192942,-0.09306757212086922,-0.7302257602983623,-0.09120613288721983,-0.08885795839118088,-0.8749566161134694,-0.13217495616903804,-0.10414599890887773,-0.999997577270312,-0.15608992501820393,-0.17302799446981126,-0.4319571634562788,-0.07261044718171505,-0.21375815985562555,-0.6074334162742959,-0.18437204545489383,-0.11217276711817559,-0.49074496703142073,-0.21228692352920428,-0.05201213234969846,-0.3813911122142207,-0.19851559667574595,-0.2665223583535755,-0.33478597156747564,-0.11062589817939897,-0.250495537034332,-0.46520403239718555,-0.20959956504179578,-0.1456133205293861,-0.3863666189611496,-0.21989469789649913,-0.0757996900307712,-0.29336976965059264,-0.20703334508935547
27,r,0.0,0.0,0.0,0.16383791206131815,-0.1745971683988274,-0.04378722056735157,0.22130938444143497,-0.38949154062938285,-0.044980619731255805,0.12194632895528089,-0.547552945439596,-0.05474240561253317,0.0010361372921757763,-0.6333952462073571,-0.06133565561669624,0.20455375553242122,-0.547095555269827,0.05508066193571874,0.19362476685011934,-0.7447662792264376,0.023403816459421283,0.16605933015573895,-0.871771435523259,-0.014569770507965272,0.13011775289585356,-0.9857388377731856,-0.041829411220762724,0.0914532603965783,-0.5379274978175234,0.03065524485003435,0.12304138714032352,-0.7692746924366489,0.0016812820522582395,0.1400547949556298,-0.8933492875633948,-0.03499195388848035,0.13888340743210056,-0.9999971916802656,-0.05677895312850043,-0.019599733712141167,-0.4835244313667884,-0.008800426978698088,-0.04665212342743937,-0.6040054378898065,-0.09235441947825161,0.007202744375173449,-0.4760429844727987,-0.1279002789162817,0.0458257244272016,-0.374995327095133,-0.12425786506272965,-0.12734378404190574,-0.4027442220241216,-0.052501120548021085,-0.1263022903049239,-0.5050317289854942,-0.11657717306848259,-0.07781675625370403,-0.4142219115212461,-0.11937116581961563,-0.042208617682997024,-0.32322043376628046,-0.10807781334882528
27,r,0.0,0.0,0.0,0.12521214166155548,-0.11308245679387378,-0.14785902449105157,0.17506645008436442,-0.3406944888356469,-0.14526282800016332,0.051554020325303,-0.5288822799532749,-0.11227465065430331,-0.06980143910677246,-0.6092440536889469,-0.06673915135949177,0.2649464214070507,-0.48757124537718993,-0.02751613084783015,0.192907847585455,-0.7095093781760434,-0.07773073589023721,0.13856773664890032,-0.8382119321134519,-0.11702209819686597,0.10052184107482838,-0.9494295742886077,-0.13538438696863123,0.16716000100021838,-0.5003346826694723,0.015472522861938398,0.14250363793145543,-0.738443995511504,-0.009428427112982649,0.14135723046529605,-0.8625876725580461,-0.03248304967212962,0.1517646099296663,-0.9999984139914502,-0.03723335980651917,0.058077302852088515,-0.47334546974121006,0.03152211069840999,-0.05611734028955183,-0.5838539690444772,-0.06536605852569129,-0.05175821263394522,-0.41020552110346153,-0.12302619105554885,1.4463621862157577e-05,-0.3132494354850361,-0.12283253922950552,-0.04011584783619438,-0.41030742819083016,0.0369015056670117,-0.10356700067766988,-0.491818350863472,-0.06633604289184902,-0.0861911805469788,-0.36755201663153014,-0.10379056658037962,-0.06184285481048932,-0.27365408896892696,-0.10430961444826792
27,r,0.0,0.0,0.0,-0.3142114890999792,-0.1315090536743804,-0.1806934648656654,-0.43691888812852653,-0.30763395401563043,-0.2814671942295114,-0.4013636327096044,-0.4651367388206095,-0.40276678300692637,-0.19100200014181723,-0.5692447469229326,-0.5029722318497124,-0.11967399412708916,-0.5170261547188234,-0.021325801722423383,-0.07864656997396482,-0.7342190942889723,-0.17572481151388988,-0.07512880033872846,-0.8649966014484751,-0.28726975813505684,-0.04416441195892286,-0.9730727602984246,-0.3711173509278934,0.09706085862199011,-0.5127938820262445,-0.053144401738031054,0.16556886448233535,-0.76165525971292,-0.23168273830119124,0.03075895790498301,-0.9030937491122807,-0.3345784504337296,-0.06463333589495653,-0.9999986136156681,-0.3893141443990349,0.29452532468637393,-0.4695969600106937,-0.12296229543894359,0.2990826419375669,-0.6909173498448967,-0.37354409137604905,0.016360644979364396,-0.6207345402241062,-0.39547094365773633,-0.12158261346617899,-0.5217557245141707,-0.34625931317248543,0.4616618567221523,-0.4015385708894915,-0.21202326497502266,0.3307709124410434,-0.5743403895273966,-0.4082672542100049,0.07228483605011453,-0.542700997594257,-0.42084797018913916,-0.06073379281093482,-0.4597262983907889,-0.3885316740989162
27,r,0.0,0.0,0.0,-0.1956598364632315,-0.1482256815905097,-0.1558828503748795,-0.2763049101427598,-0.3453843179948483,-0.23355247874550505,-0.06621590968041287,-0.49310545462072214,-0.32102624951118053,0.18708813027892818,-0.573098808078281,-0.3976671776323418,-0.11670207230973552,-0.549540511607711,-0.026622310421187265,-0.0775906782392314,-0.7674798246392924,-0.16647128815056622,-0.04237332228058377,-0.8974227773145969,-0.2607548502445984,0.031948225555124,-0.9999986866004882,-0.3307517549136817,0.17802127329535072,-0.5065656496051316,-0.03486922801649244,0.13235114696578193,-0.6125559465764522,-0.2649028048177111,-0.061797559714305235,-0.4878976424830288,-0.3361814259233344,-0.1648349573735911,-0.38572075037087666,-0.3286972118067174,0.4244959116061425,-0.43624578135938347,-0.0727193575312962,0.38561964566617113,-0.5347137395596607,-0.2911171645460632,0.1983407746880443,-0.42744070845055265,-0.2592807491299215,0.1017819066010474,-0.3394750748434797,-0.18001000270045744,0.6278557931351766,-0.3512154330042919,-0.12657728182071928,0.5694131247256764,-0.4518238909245932,-0.2636334182232084,0.42206689358244653,-0.3900559228311774,-0.22858327840799944,0.35884924920429434,-0.32310245374280233,-0.16525131878010174
27,r,0.0,0.0,0.0,0.16486767773399855,-0.09330238520904409,-0.0938590008347274,0.23627838052913355,-0.2801470062760214,-0.11558689634719596,0.12347509473649264,-0.44047277788182015,-0.13078808298861405,0.016037453351308097,-0.5415754267660707,-0.13884749688937909,0.25161849032718986,-0.45580646655743234,-0.021542862443524772,0.24530116798275617,-0.6709715205827597,-0.08405000607974275,0.21640244777150874,-0.8180599068744785,-0.13534087605749912,0.18784718519234614,-0.942778164711529,-0.1684419553732673,0.13049845087507989,-0.4795261411450311,-0.025338750617088495,0.16203871464577208,-0.7213936501101452,-0.08446233990586371,0.1832454129601563,-0.8711370739742644,-0.12646544853605685,0.19428414318652767,-0.9999983800216811,-0.14634927492916747,0.009591322325063587,-0.4616926081157893,-0.04764442041684568,0.0075400392393142725,-0.5978434813480844,-0.15684493751785167,0.026296668968789686,-0.45242325921613674,-0.17654104263770476,0.047471792741230784,-0.35961230713008835,-0.15427222790821646,-0.11334179105385463,-0.41427276370350474,-0.0787351694071142,-0.0968719499385668,-0.5110699292912001,-0.16128079856749167,-0.06943936992568209,-0.4140195880185662,-0.1573985300028532,-0.047927547597413085,-0.3469989052523143,-0.1352826152341201
27,r,0.0,0.0,0.0,-0.17551738619908996,0.01104738892329716,-0.08867560283095939,-0.36346274036641213,-0.162816288699339,-0.13390535936611592,-0.4067318717440355,-0.3679358777289754,-0.18014232412005754,-0.367965281076355,-0.5285159040319013,-0.22856856525729807,-0.29781823591700507,-0.4501771934922854,-0.06918581129118827,-0.3885081900652844,-0.7024736111091786,-0.15959000644282273,-0.4887151042199937,-0.8727668494480502,-0.21131921403097492,-0.5525150846198478,-0.9999974306963015,-0.24672396455316947,-0.14851454647660844,-0.5047367891219994,-0.0849911490048815,-0.2760702491128129,-0.6740407273354933,-0.23761300428279097,-0.30133974619302073,-0.49116791001846316,-0.2681508691011124,-0.2479719049867881,-0.342812401959843,-0.24189331617780527,0.01137886572227241,-0.5110497796898704,-0.11285162464487798,-0.11888041344851698,-0.6262128136889417,-0.27933761763959436,-0.14691550974918868,-0.4097572388186282,-0.24369174435464327,-0.0959574413173959,-0.2683614418277971,-0.1667445625440126,0.1831689182136892,-0.4859233176432698,-0.14483428304510387,0.052750677196128574,-0.5596899608077848,-0.25956895851272044,0.004620613526764283,-0.3998778672415007,-0.22126673399135213,0.038723825642910874,-0.28229571877949916,-0.15827450336104987
27,r,0.0,0.0,0.0,0.1435970940866414,-0.11382800401872938,-0.05520494794365863,0.20345161375315604,-0.29924954045263524,-0.06910181484227719,0.10180846892046634,-0.4381487509931777,-0.0879266656125813,-0.021755428704012418,-0.502410697828865,-0.10415551124905781,0.18326421202279158,-0.47672668030032084,-0.0013959975210479643,0.1795333923661073,-0.6947223935913526,-0.0464479034925392,0.15417318767321384,-0.8325315496931669,-0.08544498153862407,0.1209774050053489,-0.9565695920622201,-0.11301575224435619,0.07822495134397978,-0.483417475548411,-0.021602671883875702,0.1155178823183737,-0.7221098233925481,-0.06751586218973475,0.1350173754409442,-0.8688068808317999,-0.10698585461921162,0.13527119439599272,-0.9999984709603469,-0.12930732921278845,-0.023870966403855692,-0.44635443983940665,-0.05408415156371878,-0.04276380032560738,-0.5859569612869902,-0.1478086462571545,0.0004103026698845201,-0.4592900927603439,-0.17753483317494476,0.030706397444284148,-0.3602268786204776,-0.1673604297299796,-0.12338895849190583,-0.3836739172435763,-0.09133666859093881,-0.123561847022508,-0.4985491864732437,-0.16420336850471645,-0.0742242268990096,-0.4166584423395194,-0.16728200559683087,-0.035364317036419415,-0.33397972022182754,-0.15398351004939925
27,r,0.0,0.0,0.0,0.14174841692126453,-0.13298631630533525,-0.05043205695487259,0.1942406294094405,-0.31486411967347405,-0.06515804840329492,0.08844266272590458,-0.45250046682727924,-0.08617273469519711,-0.021019541682793245,-0.5266526457043027,-0.10542226323956469,0.13682908093791218,-0.4932294872868166,0.002429366421913944,0.12712511563771153,-0.6930738058247004,-0.041063012190412244,0.09114815685918495,-0.8222379151413428,-0.08160644243364082,0.05387790588409366,-0.9353068499713898,-0.11179868309465216,0.028838262840691253,-0.49309272485592415,-0.018734061862111236,0.04713251013319991,-0.7338850568597743,-0.059227729420493584,0.06555691977093298,-0.8814320277338787,-0.09497400303263197,0.06652323723161392,-0.9999981847366742,-0.11886500801115585,-0.06766613403344718,-0.4449073387614784,-0.05163341117530997,-0.08758346140967264,-0.6229979913336532,-0.13182550697409218,-0.03125887130898753,-0.5092278785499681,-0.1488529570860684,0.002450254754739746,-0.3982378084081748,-0.13614746758065557,-0.166662874733225,-0.3661320703692858,-0.09031428845191133,-0.16460267422165567,-0.5053616349241129,-0.15495859084442787,-0.10267060805812757,-0.4536986528713483,-0.1563264721239012,-0.05354465565691896,-0.3830617229003895,-0.14453453996812188
27,r,0.0,0.0,0.0,0.1505845590149628,-0.10955692814516439,-0.08669718751292782,0.23185242961557323,-0.28743693430265266,-0.10388987723934387,0.14754474124723646,-0.43791455096180393,-0.11471420342880521,0.030707880496147498,-0.5254729504149219,-0.11817379798741581,0.26865976363618743,-0.4711110847764953,-0.026004569865930305,0.2599520010104507,-0.7026231030383207,-0.0848238383497562,0.23344572114743645,-0.8490044255012457,-0.13559737429692625,0.20604707089230967,-0.9772468193731453,-0.16807575139769498,0.15879098260729294,-0.4818102748549005,-0.03280017991633841,0.19605843050492133,-0.7295099911195924,-0.08003347634547552,0.21377627356993892,-0.8723058467493437,-0.11757586962783591,0.2190836619014065,-0.9999984316477246,-0.13841519786931744,0.04749745643423469,-0.45231503093181863,-0.05796134298786345,0.011648864372713976,-0.5732899719220077,-0.1596974394690463,0.03626364805785213,-0.4234495690464134,-0.20264575598403037,0.0748008494685818,-0.3218434872201625,-0.20102918766318373,-0.053841362983567724,-0.3959607095488407,-0.09059472924739724,-0.061436560532651695,-0.48513689257684867,-0.17140696137771064,-0.03152125937544471,-0.3768024165181766,-0.18496384470923574,-0.0009805230507928362,-0.28446881652348177,-0.1797348636338319
27,r,0.0,0.0,0.0,0.1364022940679627,-0.12993303003518497,-0.059335398335073654,0.1848477946176928,-0.3133404677924007,-0.08521609727065149,0.09397747092700436,-0.445294563199419,-0.11623646336110521,-0.026882380988854447,-0.5023745001799199,-0.14613083279443465,0.12580429239559854,-0.5059687577007003,-0.023247478796043327,0.08808905808580685,-0.7094124939426187,-0.07890009855090634,0.050297632536441636,-0.8470267138325619,-0.12550126102115658,0.013398386427251083,-0.9640407629928686,-0.1575828647821027,0.017461776524281953,-0.48859558559547295,-0.047927944999866724,0.023289122229641503,-0.742925652977729,-0.10597486598668954,0.04306303178255456,-0.8896749742041796,-0.14494644425567088,0.051922902967119634,-0.9999976062230644,-0.1650131514630967,-0.08526727129733186,-0.4289204380220828,-0.08365846618362578,-0.08918527024618776,-0.5817019937554428,-0.18871367428338487,-0.03423911601441744,-0.4584752196049675,-0.20628757962864033,-0.0014200962686803688,-0.3449672515870584,-0.1865717230918349,-0.18410243312793229,-0.34144333541667077,-0.1242881670048428,-0.15918404542134304,-0.45072511520205577,-0.20928247319878682,-0.10203048544529922,-0.3619797280862148,-0.20421179639093345,-0.067010623245589,-0.2687105217907516,-0.18164650877226846
27,r,0.0,0.0,0.0,0.16970293453963695,-0.13023828805408227,-0.04095131230874496,0.2674580835609643,-0.3118258846305885,-0.04979452040406378,0.1717330413243789,-0.4843376255531376,-0.06487129567086745,0.053794903820217656,-0.565831178381715,-0.07848594068901728,0.23123762860439284,-0.5153744874347487,0.019119250058876304,0.22759056276760545,-0.7306377856133184,-0.02461440882300441,0.20151218891679437,-0.8543446462595687,-0.06777750452522739,0.16873034030204262,-0.9669750968191047,-0.0968236221195282,0.11032774039592548,-0.5171651844064927,-0.00634593433147243,0.14200695142001507,-0.7481094677172028,-0.04353558665102113,0.1661652351627796,-0.8746246795946295,-0.08068750963477918,0.17682423859698457,-0.9999978182345762,-0.10629667894001193,0.001301864007562082,-0.47526294028935806,-0.04423250929938557,0.008227192731836492,-0.5898068812567723,-0.12508271734106247,0.051010805674388406,-0.43559451586954606,-0.1481404441868139,0.08219975325741227,-0.33304837465617015,-0.14091021256585284,-0.10200392545275959,-0.4112092414540017,-0.08596403494092565,-0.08013167381357451,-0.523706039957422,-0.14044811976614544,-0.04068146214021038,-0.41606525532258415,-0.1298206518450594,-0.01383505224618068,-0.32586783585150014,-0.11307802528931156
27,r,0.0,0.0,0.0,0.13998415237315973,-0.12980664094216027,-0.07754140893355792,0.18074834231965808,-0.323144189687563,-0.08943203787174182,0.0697265417869801,-0.4507612787534617,-0.09949966900073125,-0.05443193747730305,-0.5093767007868858,-0.103713641308307,0.16740335170397755,-0.4818220143946238,-0.0049971036607026325,0.15579477136409806,-0.690286210722118,-0.042861776140505715,0.12824282591767916,-0.8274947548293644,-0.07851482422343582,0.0954592160563412,-0.9473338407921065,-0.1049115084364364,0.06588875375427009,-0.4859325054545232,-0.014073818297053493,0.09000507117575778,-0.7278915660054405,-0.04898712594756674,0.10816931927796518,-0.8769432732483379,-0.0817376547009984,0.10381003467230768,-0.9999985850633706,-0.10044557995328361,-0.03938983753237167,-0.4485655702911527,-0.039562697293532886,-0.05926675510253918,-0.6027574786946049,-0.13110348089230547,-0.014361038155518018,-0.47909869494171725,-0.16389839188419653,0.010933000442152303,-0.3814026140670229,-0.1548834420904475,-0.14298053328463517,-0.38219183779624466,-0.07243294476323639,-0.12821469959648923,-0.5062368419026236,-0.15019603464107303,-0.06938337536742428,-0.43394300373380557,-0.16148159451334346,-0.0331941613802364,-0.35757569835816877,-0.15296503301066475
27,r,0.0,0.0,0.0,-0.1897878059708346,-0.06936238223665465,-0.07719316294380932,-0.3399677015512798,-0.23836055138336337,-0.12852453743601955,-0.3928622077971196,-0.4004005654433277,-0.19359598610873482,-0.2808437780538835,-0.48323972341638294,-0.247677513250456,-0.16561306988083846,-0.5013507227940946,0.0001533285300269706,-0.18619461194763864,-0.6997078683062257,-0.08648057797591135,-0.2119857915131753,-0.8279385343127134,-0.1411202133755043,-0.2365409514994742,-0.9356581205823933,-0.1809023555588056,-0.05831805335437704,-0.5232845173552322,-0.022327237322505133,-0.10732503142673729,-0.76464993651137,-0.14418268453061014,-0.1910104642162601,-0.8995015389173148,-0.20916437710730815,-0.2690960016690579,-0.9999985653377061,-0.2312527997123883,0.04469620559997642,-0.5119125044334756,-0.0608684990733278,-0.14095035650188437,-0.6463123013533589,-0.19910124044580083,-0.20314961010204746,-0.4746215134605349,-0.19049113280277646,-0.20172683114331544,-0.3472883870360856,-0.14166241630160592,0.14066465911777704,-0.4680154989986794,-0.11073993940974086,-0.08102761764572163,-0.5013105319019874,-0.21238520679075695,-0.13098036437064908,-0.3759374810805959,-0.215726480881723,-0.10844789654218574,-0.2824261875399374,-0.19062047051407918
27,r,0.0,0.0,0.0,0.11789928504175498,-0.11655332860031332,-0.07046737586298454,0.15559073610152693,-0.32090994280516044,-0.08807047175370211,0.012355987459144182,-0.44580797277627093,-0.10328641168670719,-0.1260802634919028,-0.48632311006811046,-0.11461894456069947,0.10148853423915964,-0.502148085601651,-0.028678106555135415,0.07069083674870309,-0.7143967905295882,-0.08229459915658839,0.03614723833505533,-0.8492087278068609,-0.11869955823782828,0.001723587457203496,-0.9604063542144236,-0.14156907888345838,-0.00472018894385676,-0.4744305156159393,-0.05031274893507853,-0.011116860844529883,-0.7275634424653316,-0.1018100296909895,-0.00996349622112676,-0.8740686247690865,-0.13603025049220896,-0.02612267520361656,-0.9999983327376,-0.15077741244964457,-0.10521416233939944,-0.40512473999412585,-0.08580099009244724,-0.13279335043315108,-0.5286346778525624,-0.20260032542421277,-0.07011047750342701,-0.3976551985023567,-0.23616455518938426,-0.03304196855478744,-0.30470450402323984,-0.2211780944198554,-0.20197306685930827,-0.30766423679756477,-0.1251964886887716,-0.19612336367199124,-0.40685140812540527,-0.22714014283436157,-0.12325697476616758,-0.30833781127778415,-0.23659182480840216,-0.08075932432986996,-0.21996589286477952,-0.22066970866488603
27,r,0.0,0.0,0.0,-0.26502591622714655,-0.11060135752665715,-0.12172313463683394,-0.40301524935628946,-0.30458122334031196,-0.2026515197162493,-0.31903237693255726,-0.4727215750956476,-0.3027404160895827,-0.07989704604768932,-0.5581881115991524,-0.38886098654190526,-0.18930785321550697,-0.4922158840146697,-0.017304511985001193,-0.13090035862118957,-0.7213886459687011,-0.14137047191880975,-0.09704013857580454,-0.8620884257064321,-0.2061679775327018,-0.0660187234749639,-0.9785522637505544,-0.24724606627889034,-0.004430341139023915,-0.48911500382927425,-0.0500511879139213,0.06614258885696413,-0.7409376535106564,-0.22651217609524196,0.00385557279073399,-0.8900036020529388,-0.30489021211804557,-0.06766260876599592,-0.9999986168943302,-0.31837705001005645,0.16707774753484184,-0.4512999125887497,-0.1075417540758186,0.04248186892901711,-0.6367825719774276,-0.3334452222056833,-0.09577176530807438,-0.49891978351475413,-0.33603827493475835,-0.13236229988688084,-0.3800620254072616,-0.2639924186067552,0.32515132680336867,-0.38795758819973425,-0.1762421630710875,0.1151603867597259,-0.5122936174318053,-0.341017910609734,0.004698640563795797,-0.41303832889636943,-0.3383540835509104,-0.001867461275048413,-0.3131924436243946,-0.29046574832108984
27,r,0.0,0.0,0.0,0.11024681858544354,-0.13311668154785705,-0.0827210871523323,0.13461471317559143,-0.33813135995403576,-0.09984733899681968,-0.022064459986323698,-0.4478393330575328,-0.11033401927814791,-0.16346479396680572,-0.47814316845906335,-0.11472784171467527,0.0773344445621871,-0.5213497923388577,-0.023563581006772315,0.038844285581284506,-0.7151778755789141,-0.07282641051630431,-0.001035921037450936,-0.8385796691331338,-0.11048185929914807,-0.03999011569635081,-0.9464511085576337,-0.13593971169117938,-0.026851750205291826,-0.48714259536538057,-0.03734983644677748,-0.030700448240061892,-0.7250400999368825,-0.0820402608553054,-0.03450455587104177,-0.8693045615102131,-0.11631193147864026,-0.053084562325845366,-0.99999849778547,-0.13427640232931606,-0.12485966695685373,-0.41409182912232645,-0.06783911263776524,-0.1525236698689381,-0.5452027035808142,-0.18133974917347825,-0.09344031037937936,-0.4275587578397069,-0.22262154276395912,-0.05847829994415272,-0.3477782878744268,-0.21588239268109083,-0.21545026551649737,-0.31300905482747376,-0.10357970353334797,-0.21613447750557913,-0.4070632891096391,-0.20816861098124223,-0.14378994983661156,-0.3138769560000406,-0.22663693996390263,-0.10050739691582508,-0.23040031762420043,-0.21853751394854334
27,r,0.0,0.0,0.0,0.12125827851543873,-0.17675783248518306,-0.06899742682857694,0.12875736850298067,-0.39622650261183784,-0.057333390870977476,-0.03024755320962273,-0.5228046955150188,-0.0391406681290587,-0.18040918823959304,-0.5397150553711371,-0.01473316144262656,0.10223656194739465,-0.5431120079915447,0.011961445159217859,0.03434409387241796,-0.7548492425961092,-0.02807618169580029,-0.026753810525938903,-0.8840928247885493,-0.06288005408892891,-0.08667879384287623,-0.9886440355025401,-0.08458928956210231,-0.0038789276293748967,-0.5084521118463454,-0.0010602519912738583,-0.03842960573548615,-0.7478947613234471,-0.028385353314268114,-0.07654094006392372,-0.8832667347672029,-0.05998321432629344,-0.12220453307112468,-0.9999972383200711,-0.07709649586694185,-0.10209952499556224,-0.43600631326913214,-0.0319738541694874,-0.16144845928795004,-0.5536419602921365,-0.12634341997949006,-0.0982039718621212,-0.4378310857971058,-0.17509204193272876,-0.03647874275093156,-0.36534643950742113,-0.176364757190783,-0.19546399369387255,-0.33568835095186667,-0.06813710328942103,-0.2260544273487408,-0.4424782434014979,-0.15577583995107727,-0.1535282996033663,-0.3651719540192021,-0.17709588842343477,-0.09948726324528684,-0.28482591344049424,-0.17497689797139931
27,r,0.0,0.0,0.0,0.13532146223688923,-0.14460358506221946,-0.10049796715266872,0.20888591870542342,-0.35322512829329444,-0.09290227395078794,0.10408502039720091,-0.5103569416699064,-0.07027148966451344,-0.02644234288903287,-0.570945680974032,-0.03629503215719765,0.21151184686921015,-0.4975318121918923,-0.0023857250576919727,0.19674122247704348,-0.7239767555261287,-0.04678569739792761,0.1538096061145708,-0.8703653441607186,-0.0843430202353155,0.1018758797517285,-0.990071608698882,-0.10478768987489388,0.10490097735213992,-0.4910540918253348,0.010442467752873736,0.1312626315120144,-0.7410607695678485,-0.023226078918655118,0.1320920365884798,-0.8807264441782833,-0.055042104498764476,0.11515845385964842,-0.9999982509919407,-0.06699365990039682,0.002524285384808126,-0.4488721300512059,0.0027128722027574665,-0.04022353998347039,-0.5847033699180494,-0.10285935695303812,-0.0008625562597630476,-0.43932823797662923,-0.15406741902960078,0.038918655199393276,-0.34288612906459487,-0.14955554819524255,-0.08894233130947049,-0.38183772694927764,-0.011840461225698718,-0.0995139100662739,-0.49136433686147873,-0.1118670312440006,-0.05350872031649233,-0.38855303079613485,-0.13638974600301845,-0.026031706061959307,-0.2947659355200257,-0.13049797019502163
27,r,0.0,0.0,0.0,0.11917150591975502,-0.175993681400104,-0.04202465602056909,0.13639976300059545,-0.38342503853532467,-0.06058867076160639,-0.0034836090394886597,-0.5019216028345448,-0.08717392118970047,-0.13816374790423155,-0.5301765630559949,-0.11473777931213802,0.0506501275553871,-0.5304025723499624,-0.013499570560986102,0.020398186654557168,-0.7144613669167255,-0.06135508950821476,-0.020031396361301298,-0.8342294708992326,-0.10239121614886854,-0.06414163433470821,-0.9378205459035122,-0.13318438046138137,-0.06234607460323845,-0.505066876232284,-0.04591852161402504,-0.06985603378836219,-0.7383921018981655,-0.09408116066177784,-0.0752122912635805,-0.8798959646457909,-0.1317646578387686,-0.09632686361988928,-0.9999977240055565,-0.15618285254142603,-0.1617881629662368,-0.43626644557638494,-0.08713595339189187,-0.1992385541438636,-0.5947208018818027,-0.1785952656325632,-0.11275004737837117,-0.48782003375332017,-0.19865084336040092,-0.055701557369414116,-0.3862630423947469,-0.18654271084522778,-0.25615118082274363,-0.33671437099784995,-0.13187715376135106,-0.256962155348156,-0.4646163676860567,-0.20591519040463158,-0.17259753904265943,-0.39912196733867195,-0.2048601807839698,-0.1070829253790675,-0.31505003713865837,-0.18969976969159447
27,r,0.0,0.0,0.0,0.09629907894032268,-0.1278236039914643,-0.09947138409552184,0.09960148327398109,-0.3275166294705136,-0.11479269483495955,-0.04777772976857739,-0.4581635226810163,-0.12134242896133546,-0.19347499886064826,-0.47549370234494864,-0.11951209720016877,0.11123157182246635,-0.5237212057359647,-0.023221923575066694,0.014144839697757988,-0.7366771888834516,-0.07937437388775974,-0.06335608016584285,-0.8844187542743873,-0.12675430777638041,-0.12527024788331573,-0.99999855427738,-0.15887452759334558,0.007377941906232469,-0.5015493782608739,-0.02156396230899234,-0.05912026307650742,-0.7160856226546665,-0.07583120559182643,-0.058539099027626815,-0.8126595680404674,-0.11269192370367674,-0.04467184018651806,-0.8995834801122685,-0.1291384979026246,-0.08776762000116171,-0.4377632147250547,-0.03862957574840764,-0.18943629972539436,-0.5462015281949296,-0.15142251026797549,-0.135621891856171,-0.41836874690855397,-0.18635809149992422,-0.06718115945053144,-0.3267528027841841,-0.17362754619401896,-0.1725263367622614,-0.3445205627632316,-0.06443836950545047,-0.21807547033064417,-0.4257081700276938,-0.15743992897507517,-0.1618798560331701,-0.34515478708762076,-0.16822150551728618,-0.11024656371159532,-0.270153624483015,-0.15521133277488056
27,r,0.0,0.0,0.0,-0.2580651792925272,-0.10843475960706102,-0.08787581266226878,-0.42076280071128735,-0.2912664270535722,-0.13928023513413224,-0.3885915658847485,-0.47389806197872036,-0.2110500491930151,-0.22107435294795635,-0.601865268701601,-0.27887233404388756,-0.2926708275669694,-0.47970236105224795,0.05080321837451779,-0.3241085877365325,-0.7032375114285744,-0.019383623092294185,-0.3545504906350053,-0.8426066601837245,-0.05667586157522232,-0.35365489248968873,-0.9596518704537383,-0.07911632562764588,-0.14095267331333952,-0.5012878571853414,0.022179094454947573,-0.19914924310144058,-0.7568305954733787,-0.06958190576088288,-0.2903975219897487,-0.8952284163317469,-0.11095613791796174,-0.35957974096350787,-0.9999985183272326,-0.115578887278796,0.01702833138646554,-0.4856145805412746,-0.031681215706661506,-0.1253626773172397,-0.6550374454630428,-0.2010560623359463,-0.18840701097406365,-0.4857840562183146,-0.22959608869769405,-0.171099826304506,-0.35089545931253757,-0.19374906862262997,0.18484537231885478,-0.4466375593157088,-0.09169843193765106,0.02121272029526872,-0.5847265440914252,-0.22540213973571754,-0.06923469991231099,-0.4703237060241401,-0.23347897163389977,-0.07453295644835069,-0.3595079853680962,-0.20647312405934298
27,r,0.0,0.0,0.0,0.12544575357558752,-0.11992551867097458,-0.12495300589526306,0.16633358187726574,-0.32748512373039335,-0.13785286451617718,0.03821383579469773,-0.4787059423855672,-0.13319536071651888,-0.08901822228380027,-0.5426508350520638,-0.1161507863885481,0.20822704186119098,-0.4807325897080843,-0.031533844615836096,0.17568316134946205,-0.702405841371538,-0.08618842650497234,0.1382354130381764,-0.8486966899377225,-0.1277687535892186,0.10171032391422634,-0.9728125297650846,-0.15200811295751643,0.10026805683322565,-0.48865331052170985,-0.015327797141241117,0.12148013908475046,-0.729901892181445,-0.06307256368583819,0.13039018290381169,-0.8745941121260663,-0.09590440478068578,0.12637833247356095,-0.999998589617559,-0.10590047827573353,-0.012754940475356446,-0.4602104737706278,-0.02289185890960957,-0.07970298350478665,-0.5887548339077019,-0.14488638070146298,-0.05270573441580865,-0.43377902648205635,-0.19204575690688996,-0.011540700641009457,-0.3340274250920812,-0.17898586939476435,-0.1167462934442194,-0.40132391897400166,-0.03976889888734019,-0.14573626948925378,-0.4914799236614276,-0.14609291804863037,-0.10896755899726596,-0.3830687931786689,-0.16725675730064427,-0.07796203225517374,-0.2965357106056804,-0.15648882733792577
27,r,0.0,0.0,0.0,0.14396336140578292,-0.1411942280014172,-0.10819094468181095,0.21191730444191106,-0.3579996329219069,-0.09949089554643094,0.09373354323662679,-0.5339671696089162,-0.07200736552390433,-0.03422671039308766,-0.6036318798035165,-0.0360876401509365,0.24642081158852613,-0.49644265275624366,-0.0071642154993369145,0.20818351151989933,-0.7094468872367956,-0.04526981258915453,0.16207261169605527,-0.8581893403610806,-0.08398676759715172,0.11557736369497205,-0.9805014440201685,-0.1084273246401585,0.13333869921712171,-0.49736631254416397,0.0070108232034328125,0.13732422270718875,-0.7218054396542481,-0.016740712037627815,0.12031283247829215,-0.8676431785143756,-0.051287242486233266,0.09489246569168175,-0.9999983699968683,-0.07012820922073078,0.016009325744557663,-0.4578721570167772,0.0004140040917368,-0.02689300518309743,-0.5777255399171715,-0.09738998729867009,-0.007153675591076133,-0.43420904641867153,-0.156758318537453,0.02634558106665302,-0.34098192756876344,-0.16279459361539725,-0.0907193344336044,-0.3849417989183721,-0.013214577403110146,-0.09953932842403063,-0.49360570463304254,-0.11315147477771308,-0.053758418131024,-0.3946572775270019,-0.14423909478579686,-0.024141214081471147,-0.29767941207537324,-0.1453930987306211
27,r,0.0,0.0,0.0,0.12454424838600747,-0.17375443206936536,-0.03841307047866939,0.1427615707541729,-0.38302096685827386,-0.05721785570047306,0.022809739909825034,-0.5178662938843237,-0.08560162164775102,-0.10871468182599849,-0.5500671763906373,-0.1131863639386897,0.17269691390014646,-0.4915276501259131,-0.010264872651067732,0.1445640711952387,-0.7180857369072003,-0.06534366412539828,0.11290401568693532,-0.8630158425203647,-0.1053294989564397,0.08338574577734655,-0.9812903102677003,-0.1308297013716268,0.0684831794441714,-0.48332792573140837,-0.04268422546503803,0.07004186191512801,-0.7279978751535628,-0.1024418567386493,0.06558595783970861,-0.8782941283484622,-0.14173816308939824,0.05285238755966758,-0.9999974208154168,-0.16112182622803797,-0.03883070203905594,-0.43801867583841675,-0.08452526177616042,-0.11125663020919875,-0.581537066180766,-0.18502500940915625,-0.08246105152122622,-0.4666084082073627,-0.20976242553694585,-0.047021971207611125,-0.36556384616866455,-0.1941645513843775,-0.14874249012813157,-0.3721383224042825,-0.12937085782435417,-0.16710385880020134,-0.4730425276922179,-0.20187575588322365,-0.11837546926458763,-0.39680759709748764,-0.20090565322046963,-0.07265883121220804,-0.31470842924690273,-0.1833536226195765
27,r,0.0,0.0,0.0,-0.28156634889496646,-0.13341368657645006,-0.21543129603413147,-0.4066162659565919,-0.3064349126560866,-0.3087567030144106,-0.2660824147074913,-0.436578410318743,-0.4114450793645461,-0.019374299501496856,-0.5228976346811555,-0.49453261738115994,-0.2381915398790854,-0.5404324428814776,-0.0454111022302923,-0.18546413992278152,-0.7356551168781515,-0.1837173249768714,-0.12718554490245718,-0.8506556228011048,-0.2934900132434327,-0.03545849635226,-0.9448826884592063,-0.3796846362296487,0.0439447192898007,-0.5389225721050567,-0.059119878330764805,0.041554267883729956,-0.7709261992706612,-0.2142388004401927,-0.029695236049293198,-0.9044920091319215,-0.30838938289492557,-0.05306372530780967,-0.9999986528344113,-0.3664275877944261,0.31034683780223893,-0.49134118690390416,-0.11289316601880232,0.306018811910831,-0.6769670054933341,-0.3660285100823612,0.08676367006387711,-0.5870337189169432,-0.3826729012305531,-0.03254290043172158,-0.49075192497432907,-0.3326226743584599,0.5651223049427586,-0.40962902164203946,-0.18845103303543823,0.492774253287651,-0.5562456764044011,-0.39762378161691303,0.27036671870469003,-0.5107689242761011,-0.40019835479235294,0.13281747892814386,-0.43691389254832186,-0.3606821936465769
27,r,0.0,0.0,0.0,-0.3048831450035985,-0.13106389123967951,-0.1707925498763842,-0.45631601429845836,-0.3357663507314459,-0.25590189068675967,-0.3410627275063386,-0.5010456475632591,-0.35818003286390837,-0.05803400153352441,-0.5967528300377033,-0.44796811105420314,-0.26167776246059543,-0.5360675707684401,-0.006126648911032742,-0.19519938638474202,-0.7560925465303158,-0.1520216928985488,-0.14513539058497352,-0.8766113724168334,-0.2400121629721455,-0.07853881370038325,-0.9801849649702518,-0.30144436565806926,-0.00010588221626132155,-0.5313165492062522,-0.03347732057451253,-0.013323773141820571,-0.7760108865771436,-0.20443940504656996,-0.13978413633457107,-0.9019489661685147,-0.28264143502056094,-0.22681132543602536,-0.9999986175806904,-0.3084682293309531,0.25122776450588613,-0.47675334200219033,-0.09795907786128975,0.16384832133865973,-0.6675064168914637,-0.3732157607653814,-0.025816473884254613,-0.517373303300344,-0.3861605414918759,-0.07384052724979624,-0.3909136816951004,-0.3163423230804847,0.4683570058505854,-0.3901641839214716,-0.1756840198725157,0.2714185555628836,-0.5285291689636935,-0.4018967811922171,0.07547449172330754,-0.4326009522128905,-0.4081556973517453,0.027304592814744472,-0.33258535231995306,-0.36051685749672635
27,r,0.0,0.0,0.0,0.1230746356329223,-0.12202998006445671,-0.12038926103247562,0.1787024466560067,-0.31111136398652256,-0.13390040104518552,0.06667734660574862,-0.4584089751126677,-0.131263601212464,-0.058190745083317105,-0.5177526632319133,-0.11722333482452109,0.25582977886619507,-0.46641107596619735,-0.028604065565685555,0.2265049446909941,-0.6900022548019206,-0.08216809691723015,0.19285076776685575,-0.8439454825059199,-0.12386069509546688,0.15902872076872285,-0.9730620688347312,-0.14734066421550396,0.14696863282001577,-0.4890204701965149,-0.012413426281373057,0.17166905314715647,-0.7278864537978257,-0.06034403182028885,0.17503694038181472,-0.8755961452865785,-0.09501995122376505,0.17425668262983318,-0.9999983558712835,-0.10527017462507686,0.032275251173305416,-0.47073625381254003,-0.018613889801346196,-0.035615944043962795,-0.583761273477511,-0.13070729272294362,-0.024222730498952554,-0.4439057553018939,-0.17671007509818204,0.016504284011550834,-0.34777838244883225,-0.16474842584727267,-0.07483859573725087,-0.42491301548827487,-0.03448458034960327,-0.10753925496146709,-0.5068651178607569,-0.1230823237993665,-0.08773911203071977,-0.42617958686675833,-0.1388487218179804,-0.05959113233222641,-0.36054797380426457,-0.12752077474657222
27,r,0.0,0.0,0.0,0.11653171865379895,-0.11075467484456725,-0.11297704055155755,0.14808282993391397,-0.3083470380941421,-0.12631616966606246,0.015359381376138187,-0.4596203594234035,-0.12516096053044568,-0.10074502108464994,-0.5477134646887944,-0.11354691540605873,0.18303501506920555,-0.49801108315044174,-0.01333186569157905,0.13729665335337682,-0.7075769347993653,-0.07099234251885832,0.08893320671888909,-0.8590803833890706,-0.11892079547482064,0.03528050064585407,-0.9829926551471845,-0.1475168466425266,0.06768415520028609,-0.49361559212385,-0.00862768229672833,0.0778658357029055,-0.7408940882651858,-0.060081457575729455,0.07504697406746373,-0.8798484749685577,-0.0993514942223446,0.05652625601043417,-0.9999984422454081,-0.11089553089227337,-0.04722550748896275,-0.442079806153493,-0.02620188912511998,-0.1087125449409158,-0.5477108649053397,-0.15366509078314686,-0.07581202998606026,-0.3916510636877844,-0.19868064306151764,-0.03726989208513916,-0.2960351135986394,-0.18219070406787757,-0.15429310908598634,-0.356922599203709,-0.05125897055742207,-0.17689957254086436,-0.44660055103295493,-0.16415287257520264,-0.13689410474024227,-0.33639638033491626,-0.17844272160796712,-0.10776914851979864,-0.24877949968877733,-0.1600965836523898
27,r,0.0,0.0,0.0,0.1315443371853937,-0.13587736414741458,-0.06627126700918412,0.17161549947272842,-0.3583791336734046,-0.08946107429482833,0.019066305482059717,-0.49288166510692366,-0.11491454277091966,-0.1329293799926038,-0.5313428968439686,-0.1391491861020594,0.09505786654488013,-0.523323305036405,-0.025255637878987873,0.07076627063002884,-0.7227324244751219,-0.07389856255015405,0.042098150478292656,-0.855299137398506,-0.11112898936268462,0.009395487282101603,-0.9659782189801517,-0.1392858552228854,-0.029120021159180293,-0.5036344495523212,-0.047732489340996574,-0.03389766162709737,-0.7310183137350815,-0.1052461822049471,-0.028653696971589294,-0.8734861602719272,-0.14891231265495755,-0.03913342784336406,-0.9999974528335924,-0.1750179840527828,-0.1399477374078133,-0.4421537463893798,-0.08062104076026487,-0.16952030482197059,-0.6276442692519333,-0.1999851731124352,-0.08991364956680892,-0.5063576218755268,-0.22990199906325617,-0.04333421701688035,-0.3960546057383424,-0.21687274336609685,-0.2493071739174938,-0.34711592047375645,-0.1165397125497067,-0.22458235121791487,-0.4743396042674658,-0.22916537309299145,-0.1295708286281909,-0.3872622351208038,-0.24474893603842618,-0.06707226645998926,-0.288832077234634,-0.23314835326842126
27,r,0.0,0.0,0.0,0.15230396514167896,-0.181571034101064,-0.02927700111747504,0.2030807166455783,-0.39182159307534625,-0.04626290434306979,0.08449776864309069,-0.5326735041848528,-0.07423393361099297,-0.047475802203274554,-0.579923591146129,-0.10362803058960314,0.12016699921494108,-0.5518286547494304,-0.009122581049666772,0.10951420425471078,-0.7466717761916823,-0.05708807745804819,0.08312854358446206,-0.8701989924585931,-0.09738669692050178,0.05193348378474036,-0.9829309222686019,-0.12923782428268274,0.011323096116516452,-0.5235122031876005,-0.04913219366041292,0.03823065522708544,-0.7544333626834201,-0.09927361062018357,0.059198994530969475,-0.8874865088429963,-0.13474596258889526,0.05681832873941613,-0.9999973901630811,-0.16038953190011332,-0.08845159655892389,-0.45728539114939126,-0.0977531244599435,-0.08751902393605651,-0.6335136163588785,-0.18840530851474985,-0.004607639881456482,-0.5230351055671945,-0.20628626075981377,0.043573308560259746,-0.4137284162213919,-0.19670024643419043,-0.1866297933497124,-0.3644636923895978,-0.14960498869538263,-0.15301922267628182,-0.49530417583229897,-0.22449081337163662,-0.07143941854691026,-0.42745177848817417,-0.22837306497752874,-0.017286583033988286,-0.341944591371391,-0.22011163044902227
27,r,0.0,0.0,0.0,-0.31860690702038136,-0.13733536711487632,-0.22429698358315323,-0.4428303549382861,-0.3359020271711766,-0.29689364467991963,-0.23888247675961333,-0.5087306094854434,-0.37918325952822635,0.07327399391069464,-0.6129957914756288,-0.4421427675509505,-0.33839754730633437,-0.5294456505031062,0.06796225124468806,-0.25970464694682605,-0.7348264982111735,-0.02726409255878246,-0.2098575053396181,-0.857064763337668,-0.10559651190220463,-0.12734560254652436,-0.9619206600409369,-0.17428168780317177,-0.028745175235994385,-0.537523637105711,0.08232208805213494,-0.07117369300027858,-0.7760567142132896,-0.04649004066071655,-0.17382949807333625,-0.9040298660184808,-0.13476813034860077,-0.22127515740844864,-0.9999986358032504,-0.184829011927959,0.2610104844408573,-0.5018730416348491,0.04889038771847349,0.29567943520629925,-0.7229223943345008,-0.20978285129578683,0.13284309749049553,-0.632898683616279,-0.2738869541990945,0.048219835292064424,-0.5250125356953079,-0.25049657053510915,0.552035919534552,-0.4427468470391379,-0.0029702121361529893,0.4840982999230748,-0.6098652616633555,-0.24571192162313144,0.29479158442655345,-0.5563189315362864,-0.3015897036638332,0.18578816261245146,-0.46260538323140904,-0.2923874096400776
27,r,0.0,0.0,0.0,0.13672086744733286,-0.12445802757198361,-0.10742113318680785,0.19489274690349617,-0.3524435013146983,-0.0972100105433745,0.0872091056511156,-0.5303487401911504,-0.06774763624545128,-0.028726231870644665,-0.608377869634158,-0.03139668753967085,0.24968725374060272,-0.5016076566335761,0.0019243035394540529,0.20779698163171548,-0.7132713244630584,-0.015744593695721076,0.16737861070880627,-0.8526980207521108,-0.04047165613298323,0.12995572602836855,-0.9707791795070951,-0.05797661859136762,0.14513177380059877,-0.4977690401241064,0.017685138031591396,0.14121251263110088,-0.7189873427173097,0.012688776832126677,0.12323820901882541,-0.8634948011050076,-0.014102755176151519,0.09056994339205732,-0.999998338866936,-0.029947883820969884,0.03003288328671843,-0.45751874079161814,0.01301820426578505,-0.026326892341530808,-0.5852420107463394,-0.07343549198836218,-0.019688881362684596,-0.436504791921067,-0.13693330395336573,0.004170700229217493,-0.34663975909631567,-0.1486002817726902,-0.07644460296447926,-0.38304000612039835,0.002007094345596123,-0.08781995553453358,-0.5034190178771437,-0.09745375766690507,-0.04959255497311476,-0.39188408667578006,-0.1343300878919246,-0.022762883523390984,-0.2901832494805311,-0.13985553425005648
27,r,0.0,0.0,0.0,0.17423453149315332,-0.17038273068875665,-0.07790638387121768,0.21961541268930726,-0.3860837584623028,-0.06313821239658626,0.0659727897446997,-0.5241674231397233,-0.039983750013323334,-0.08820668610264834,-0.56123265752704,-0.008471118172381586,0.19504553011330755,-0.5236344075109644,0.00910804278989994,0.17135365236973396,-0.7375330128772158,-0.03595677650962687,0.13221656412342392,-0.8790297043519855,-0.07038250030411883,0.09440022903606826,-0.9924741871125743,-0.09021337806415268,0.07001051560986506,-0.50294419165756,0.0015178982592051052,0.07756939717135737,-0.7454231790924414,-0.030654851594900633,0.07063215399486268,-0.886937275345627,-0.060636658084647375,0.055211611682007077,-0.9999969343440744,-0.07585337376838325,-0.04917868607381141,-0.4461381926362535,-0.02646189600570374,-0.08262363518694654,-0.5743956036474659,-0.13262431769300495,-0.036544370126165626,-0.44203468493140585,-0.18196036626143133,0.007963257148205937,-0.35148150578909054,-0.17860943249574057,-0.1611130644771937,-0.3633126437469488,-0.0600993198124301,-0.1588050355410076,-0.4685506135980066,-0.1538194434273456,-0.10355651293784549,-0.3832856548204837,-0.17587739620506068,-0.07831784832507585,-0.29946707424297514,-0.17222511080678374
27,r,0.0,0.0,0.0,0.16307228938297647,-0.0988219506615945,-0.06278427679755107,0.24949418300289253,-0.31963248288030865,-0.06549921113368327,0.1995514157666465,-0.5143490310428142,-0.06677152969007699,0.10526382603798469,-0.6184903993673254,-0.06597057700639737,0.25048768902914825,-0.5311224556547451,0.023778155964044156,0.2919334891964231,-0.7294931107037916,0.021706361031679347,0.29998315733043013,-0.8544915402475071,0.007953449168487916,0.3064243190837588,-0.9592002745870842,-0.007079313877022443,0.15331477853812675,-0.5686483957073668,0.021281721858990698,0.20746178467904378,-0.7888415726155553,0.02643806773206069,0.23633069200999415,-0.9037223971175753,0.009855925321627459,0.2494148281184509,-0.9999976054783509,-0.0077280825402056465,0.051937771867046546,-0.5559484742552354,0.004699467944954104,0.064029543746146,-0.7452594704512979,-0.0392763601329955,0.07065781746620664,-0.6335499154723907,-0.0709639135316384,0.061454220841712974,-0.5301226697455479,-0.07907858826640626,-0.05421394398408811,-0.5159726662323968,-0.018220606182814007,-0.04349746646916049,-0.6983530979795365,-0.062407234052994094,-0.024699350507069506,-0.6375614047881437,-0.07707744647727661,-0.023468778899775028,-0.5454119011141183,-0.08220715636957517
27,r,0.0,0.0,0.0,-0.30273969723503547,-0.08859099725244417,-0.2084844835558067,-0.49623219798904883,-0.29234781208315486,-0.30473480086840654,-0.34535818050954364,-0.47270966546878557,-0.39525320585295387,-0.115235698314241,-0.5938051529654454,-0.473674232099322,-0.41236071896001897,-0.5105104957873879,-0.10835472536212275,-0.37017627904326117,-0.7458786402538006,-0.30438631452608345,-0.29235152220390964,-0.8846031538370499,-0.4135561692590638,-0.1820235797781903,-0.9999986319670925,-0.48571173927345307,-0.12829393717206908,-0.4928835082286856,-0.11036894380430387,-0.12223950934697692,-0.6369890015641997,-0.4180961339461703,-0.2233849029046398,-0.4940852611887692,-0.48400610299020236,-0.23648440156690553,-0.3893422736157115,-0.44532617790550816,0.12676145344756024,-0.44566810379790156,-0.14630222776221177,0.1515040449083345,-0.5728022001432486,-0.4640580068085349,-0.011245906024959403,-0.41214907899476605,-0.3896577321963941,-0.04896299361795408,-0.3206129797330737,-0.24720864469565393,0.3506956988472525,-0.36835024730299026,-0.19949325052996741,0.2930387914958125,-0.4680568478778417,-0.4184383212373218,0.13488890105174084,-0.35690415783950424,-0.36271540606306074,0.10325526992095257,-0.29279270040926536,-0.2617037195495217
27,r,0.0,0.0,0.0,0.09152799029585207,-0.1472791633316468,-0.10877143991657388,0.09229708770455253,-0.33409674001696743,-0.12570060052349616,-0.06332168289444601,-0.44282618585857847,-0.1290349746772133,-0.19160932453311028,-0.4863510336371715,-0.12381245871057013,0.07653368711677248,-0.5279029356441922,-0.030448530193280515,-0.02165558863229689,-0.7227774309133693,-0.093446356309936,-0.1070692518825781,-0.8548984787694719,-0.14559933535623718,-0.18979573187028778,-0.9602783733407224,-0.178112940217859,-0.039348560459515944,-0.4944477541101852,-0.0257986510056753,-0.09883608291189533,-0.7397964434911433,-0.07865830710267734,-0.1389942307338421,-0.8789890485342421,-0.11770875696985074,-0.183784455726564,-0.9999982240295435,-0.1326081469338624,-0.1400596722614135,-0.41435110984927337,-0.04159281105707967,-0.22031671495994606,-0.4987068738182663,-0.1602867749676825,-0.14443904448567155,-0.3740804899336312,-0.20227318975267625,-0.07421115161397261,-0.30243338448765006,-0.18939898553975576,-0.22321486940626817,-0.3100631737556844,-0.0648406472718064,-0.2606831346353947,-0.3830628024403917,-0.17042159563454579,-0.19592847787520265,-0.295460326390709,-0.18375307168439886,-0.14398830926218428,-0.22960259626359614,-0.16815427731374485
27,r,0.0,0.0,0.0,0.12038552886266721,-0.11974906497294924,-0.13937020378426201,0.15155809286171926,-0.31659639154472674,-0.15541064081723682,0.006081257765046887,-0.47176440881626297,-0.14816370084007432,-0.12379018518284872,-0.5406609977111717,-0.13018488718184268,0.20013146843722457,-0.5076896202038813,-0.048872069086140744,0.11993298478774601,-0.7171780768545551,-0.10968018893152377,0.057351992785375894,-0.8717739210087562,-0.15854490205265293,0.0036519814950406134,-0.9999983494718055,-0.1883263111326959,0.09320892904516921,-0.5166221023992251,-0.025056563610090603,0.06900106754872756,-0.7280159663636105,-0.07780126880770444,0.03971462855062963,-0.8689639174409358,-0.11940434041793282,0.019013098222506675,-0.9926650203064278,-0.1367362742942873,-0.017418519822863188,-0.481650332512063,-0.02500420130924782,-0.10116416198655005,-0.5742034661651834,-0.1437359505835574,-0.08551912304164432,-0.4311851751346671,-0.19538821223226766,-0.03812068961543983,-0.3361817120741419,-0.18889376205098837,-0.11748398349882198,-0.41218462025336744,-0.03573635629318963,-0.15042014127158593,-0.4786659027171045,-0.13330886779642634,-0.12159633021094818,-0.3929795351260328,-0.15462327561384065,-0.09338935640025735,-0.32429613384207057,-0.14636643680339684
27,r,0.0,0.0,0.0,-0.2782039969878545,-0.1286575766145143,-0.16277489362123343,-0.4007891354136391,-0.31217155345817404,-0.25123356618981263,-0.31767665917728966,-0.48124680427435385,-0.35799567485217154,-0.07606683663814874,-0.592911178387767,-0.4498404423881901,-0.2472706371477486,-0.5151713260435605,-0.021305685542112637,-0.2147399476311586,-0.7396833617498257,-0.16065634157276673,-0.18772870873405528,-0.8749274994503775,-0.2538631448889227,-0.12370333174976114,-0.9813671189062857,-0.3205949125097785,-0.0069281698762673465,-0.5236468269464724,-0.04662924977746482,0.015212600042261066,-0.7720065923148296,-0.18658189252333304,-0.08927448665181417,-0.908249306052398,-0.2636523717839493,-0.15737406554321834,-0.9999986007703952,-0.305593420194634,0.22932116355563753,-0.48820966879337896,-0.1060695441550268,0.24861005051959742,-0.710866792120859,-0.311703055043628,0.05446074786077367,-0.6485442882515343,-0.3341106442790859,-0.051815197949913364,-0.5525311595495753,-0.2992767642471175,0.451954184114471,-0.4207014834399437,-0.1829310945287718,0.3292393160809709,-0.5808449070603056,-0.35398122946317667,0.13008731281835018,-0.5495569279389356,-0.37170581338173914,0.022146190956459307,-0.4669804672530764,-0.34871041683340515
27,r,0.0,0.0,0.0,0.1511739440622777,-0.12886707925588972,-0.047573789881153815,0.21175147441415226,-0.32673712737974187,-0.06980018201325736,0.09944056383462228,-0.47354413770087694,-0.09941531052336756,-0.030918334088893,-0.530178985939781,-0.12916090132785008,0.11330029602775323,-0.5042833789923759,-0.02057387442960863,0.09774086497574568,-0.7085194796778922,-0.07346001892080303,0.06977292810185891,-0.8443214472915059,-0.11712966051557257,0.043187381555819596,-0.9600116924320993,-0.15021278332335722,0.0002463496762073506,-0.4900711565521621,-0.05222255272591469,0.006690195509940039,-0.7272119732785881,-0.10983864465461757,0.030631832211361815,-0.8738319690914296,-0.15689619619193887,0.03418792965484886,-0.999998262689479,-0.18797304216265381,-0.10289440389885134,-0.4356585294361709,-0.09248326336751031,-0.0944428444471505,-0.6146663108218148,-0.19611684573470428,-0.004102358952277641,-0.495113558531178,-0.22058022806183886,0.03636531285855292,-0.3839744916300005,-0.21031771631142313,-0.20499205454164618,-0.35061078233991516,-0.13631798590992122,-0.153230145799575,-0.48652901271055354,-0.2246464215561865,-0.07260537984347289,-0.4015133666650016,-0.2289727371130112,-0.035501587491068465,-0.30311634585769315,-0.21562686766660974
27,r,0.0,0.0,0.0,-0.2556830666308691,-0.0855977084488105,-0.04766176547483143,-0.4090196919175995,-0.2874915961006604,-0.08337801545375793,-0.47763207226725496,-0.4648413477998837,-0.12449601145073322,-0.4882542647214013,-0.5890308966021978,-0.1729721497412506,-0.03812059440727825,-0.5646561575540274,-0.023533206324092452,-0.06924192833218558,-0.7574562566246523,-0.0610916780211905,-0.098972743575476,-0.8996038217607575,-0.08897101569544659,-0.1112723771520418,-0.999998081020624,-0.117201528822712,0.06154689379862805,-0.5578658694851889,-0.04383009342406918,-0.2898097372638034,-0.6709621514572573,-0.10816412247416117,-0.4583753272692852,-0.5476806661420993,-0.11757135537817433,-0.4960727153656329,-0.4172357849239798,-0.10338004678179104,0.10164946630206963,-0.5035826829232214,-0.07039729136929355,-0.28929988803921614,-0.5729472267054928,-0.1380644775970129,-0.431974745362724,-0.4463373953249921,-0.12448420170705658,-0.4457313524497312,-0.3248334908958264,-0.09821096772655814,0.10935102050041717,-0.4138235982570393,-0.10385654706312676,-0.26088936210594493,-0.4697162269814673,-0.16731203698525426,-0.3862302608341582,-0.37494729463453996,-0.1582218370791659,-0.39198226369016637,-0.267230879915071,-0.12860517315974268
27,r,0.0,0.0,0.0,0.10471719536096347,-0.11376032579843906,-0.16567486676246926,0.11373351156402738,-0.30113963020972806,-0.19149984318573665,-0.05985638354753865,-0.43037220753500227,-0.18897916570108178,-0.18369081323016487,-0.49361547193008926,-0.16613305947529902,0.19427586175342407,-0.4888426178904978,-0.05545784481945417,0.0891034618929754,-0.6903228628033894,-0.1360503571501946,0.0054395842010256604,-0.8281923329226599,-0.19458832104869905,-0.0676619155462388,-0.9445477427180329,-0.22692479364252388,0.08222535178788727,-0.4918872487029846,-0.021055959004726607,0.013122599452599581,-0.730067215885445,-0.09093764891253603,-0.009398488768408523,-0.8662134829760297,-0.13059489557559825,-0.013943561265456721,-0.9999986630959804,-0.13860603657382517,-0.01868533788626496,-0.45002333597422317,-0.01599480961218709,-0.14889741170303541,-0.5339627269365397,-0.15032018150931953,-0.11267564419721496,-0.39127187419296233,-0.19395497919103455,-0.0388664956871184,-0.32171646730024345,-0.17365678303418655,-0.10681356647211566,-0.37556247805510434,-0.02477006166439124,-0.18955416592629115,-0.434566782528158,-0.13907282538037605,-0.14721126251982192,-0.3316006801870961,-0.1591592966610521,-0.08885057935833797,-0.2643355196873233,-0.14240545023429868
27,r,0.0,0.0,0.0,-0.30346609670410757,-0.11246298365811579,-0.11644441032801824,-0.4434932531825002,-0.297870084760878,-0.19353055555178453,-0.33736298794215713,-0.45626919598922705,-0.2879884590655664,-0.13094196524596186,-0.5465061280150393,-0.3687120272736401,-0.1606189722251955,-0.4833982597021956,-0.08249277166593441,-0.16911440687549648,-0.6864360427179256,-0.2603470712307942,-0.15397530626946632,-0.8103094963440608,-0.36190971283980383,-0.11689792184353238,-0.9119891238100079,-0.41781951530686673,0.09395903928890088,-0.4777218797799249,-0.14240695326511374,0.04083954521104463,-0.7183184722908446,-0.35152513055662715,-0.0013441631472950668,-0.8733530006910059,-0.4691426893769896,-0.019804270437033023,-0.9999985407457317,-0.5059899291356695,0.3218393126398823,-0.4218368226484001,-0.2191440000799204,0.017796897505984566,-0.506713845413999,-0.4910200883642865,-0.1525487746414874,-0.3659134950506653,-0.4896677927429218,-0.21329291979586792,-0.2516991156934468,-0.3939180000595545,0.495078927859491,-0.3313964048141825,-0.3066257847073565,0.12757320745782383,-0.3708517768450761,-0.4991432557523626,-0.042277079598058945,-0.2690036288603064,-0.46923410360423223,-0.09552430135689118,-0.17710258389184994,-0.3833248654801162
27,r,0.0,0.0,0.0,-0.34729603086515143,-0.13427199473149207,-0.07809853745882206,-0.5057473728779663,-0.31845388179036066,-0.146411702460712,-0.5509181023659968,-0.46139211681161635,-0.25203411217124655,-0.459893216372959,-0.5589988645343781,-0.3443870201305389,-0.10417236426980173,-0.5262252509411187,-0.0073533065373852895,-0.09178471749221004,-0.7349622962989079,-0.16823057908992323,-0.15234280583310983,-0.869231337360821,-0.26646545939769206,-0.2183657041307837,-0.9696917642599742,-0.32275718921345664,0.09529137482712507,-0.5134651377423641,-0.09105122557048916,0.2184050139979735,-0.7762245390803408,-0.31492073461193604,0.08232763217269577,-0.9139002470746599,-0.4172321133017611,-0.07399446156427052,-0.9999985425190435,-0.4310880379142877,0.24825766555928694,-0.46639267940869505,-0.19779450944989915,-0.03799830758779587,-0.6852109465298106,-0.45446450830595764,-0.29733006225209313,-0.5704503283644103,-0.44745931622746954,-0.3930811670619106,-0.44713866302282357,-0.3530555842632801,0.33825137337874983,-0.39293700192466985,-0.31602753541399436,-0.024226301940363886,-0.5509416448499934,-0.4849275704348047,-0.26652380977996815,-0.5100320180927003,-0.46468129481569204,-0.3792116903183749,-0.4419508898980234,-0.3977775514387457
27,r,0.0,0.0,0.0,0.1581841891154507,-0.14069187864705426,-0.06838801164452087,0.23057000531615623,-0.34631904473880176,-0.06563867196261709,0.13074345482386174,-0.5111510060678209,-0.061292234702703584,-0.0036599931701205976,-0.5851732680273443,-0.051622741484474474,0.1980169818150887,-0.4987065534021196,0.02495497982541656,0.1850671555083464,-0.7330130204443109,-0.004288115252723307,0.1476253698578287,-0.876241401681437,-0.03603518739508804,0.11134992797137905,-0.9940651930548096,-0.05852672301763088,0.09018316109165793,-0.48889557702598274,0.017692219515141154,0.11109355535713232,-0.7402264453558097,-0.013459907856387876,0.1219825564147587,-0.8827133288753338,-0.05145443717886605,0.11217255980657435,-0.9999984344972791,-0.07339967052054111,-0.013627359173728818,-0.44132863607588185,-0.005707391508294003,-0.022121667388508688,-0.5803973191592859,-0.10560074154442085,0.03308060521569937,-0.44356316018629727,-0.15404971859379157,0.06465703334617319,-0.341155667628941,-0.15358369896551072,-0.10908507771005185,-0.3746173559225598,-0.03323676017237183,-0.0763041415209779,-0.5018486692259002,-0.1220682963817948,-0.02334833686508282,-0.4037894334975121,-0.13922679757598164,0.0025054066214829896,-0.3055769340679775,-0.1335784819852327
27,r,0.0,0.0,0.0,-0.26759200485325035,-0.12786122778729567,-0.08036579596605521,-0.38205530145362615,-0.3212561946625969,-0.1409977216100532,-0.3896172102678417,-0.4844673165650673,-0.2253374585609683,-0.3023440403036658,-0.6112750408016667,-0.2927615105574968,-0.10230393088705592,-0.5333241023317125,0.012262877217196547,-0.09830748711730575,-0.7233943073359462,-0.1434070096624575,-0.13611580445215196,-0.8393396765518487,-0.23892814067824195,-0.17229694380010388,-0.9316134615151667,-0.2879136242191601,0.058651661206009766,-0.5297343654346692,-0.04206571622096005,0.14279437555576535,-0.7771122544794318,-0.24755437460919474,0.05279767590991755,-0.9112107788231141,-0.34045068439792414,-0.03961692084795828,-0.9999985299129479,-0.3495239322491861,0.1922649675581775,-0.49430749362097615,-0.11912005289481058,-0.07618899474564252,-0.635442182679716,-0.3426607373427517,-0.22656043807048243,-0.4896470350539893,-0.33096827620149244,-0.24524100215373443,-0.3686935589855317,-0.2423528377401577,0.2861845067998933,-0.4299996145241741,-0.20682046661056686,-0.041017284068074096,-0.5119154521179291,-0.34328058963565905,-0.14132974011952745,-0.4005979015228574,-0.3137829940542584,-0.11196653787347409,-0.30520365008300315,-0.24479281610435039
27,r,0.0,0.0,0.0,-0.20158884720034306,-0.1493037584138848,-0.2530406435078873,-0.2526223176896327,-0.35311175911195114,-0.355758725246956,-0.007794033560023722,-0.5066460371108814,-0.4472236946871191,0.26410357494928266,-0.6089731937132583,-0.5179565749710188,-0.10776079738436421,-0.5688044776437627,-0.044605241248229545,0.010660055741169244,-0.7809967404649109,-0.1834606624445159,0.11705812071121989,-0.9066561769049424,-0.2772742914933057,0.2610491000163873,-0.9999986540176578,-0.34612517140388765,0.19586177689961373,-0.5161657491256257,-0.011876787384986242,0.3554755615289613,-0.6637128615402282,-0.2663519743449546,0.2273217535559244,-0.5610207933408594,-0.366037663577658,0.12798067853996914,-0.44859641210838214,-0.3588736109597865,0.4378655963301574,-0.4426756743139431,-0.01735525739821608,0.5768382288803418,-0.5705825441984802,-0.2885782274696202,0.3931787877132292,-0.47659219556735033,-0.2968332843322963,0.2741679467050358,-0.3821381360357887,-0.21949924271169352,0.620858513247999,-0.35806367807704537,-0.042857339970079913,0.687821576342308,-0.47104884463720725,-0.23977375831767803,0.5339221861793872,-0.40461503773842555,-0.23746200303676732,0.425763223189687,-0.32226134567734976,-0.1802906408638097
27,r,0.0,0.0,0.0,0.13844978348886644,-0.14989876946643227,-0.052915596043749055,0.2054833283213589,-0.3610267856039384,-0.04124923317184899,0.10516416264025866,-0.5229371726373014,-0.030357619906204395,-0.03212183810003069,-0.5905167528615118,-0.012580558830396582,0.19203999844466166,-0.5438383419973539,0.04684975691227091,0.18682988513727009,-0.7699955468978226,0.019012527315229052,0.14899301319814415,-0.8916719017401636,-0.01214998183684063,0.09553925586744619,-0.9999977083292783,-0.03105832263988223,0.08584591539075612,-0.5295580310417944,0.034819795168542896,0.11128904743441324,-0.7599218598174455,0.00929624861397485,0.11932713916142522,-0.8735499466634356,-0.026495484517853624,0.10667141155330725,-0.9787004840303174,-0.048038973254249516,-0.016051801385875964,-0.4795966464134726,0.006122885307958484,-0.04807242316939308,-0.59035523019717,-0.08395510423560885,0.006035961957379497,-0.4453091752632875,-0.13590763133604686,0.04867774045229442,-0.34592096748393925,-0.141195278937178,-0.107064393122281,-0.4101731125255983,-0.025783453001111224,-0.10300139806870989,-0.5127434875352548,-0.10002971685611069,-0.05355497364721153,-0.4095150015769311,-0.1154502992802474,-0.024107582064289444,-0.31645984818197587,-0.111796386839252
27,r,0.0,0.0,0.0,0.12280305318005164,-0.12022410800559925,-0.12015219788371985,0.1625108393308685,-0.32772263606620655,-0.1354549411204136,0.028181802500216558,-0.47820335049460333,-0.1348464657887395,-0.09762238541642296,-0.5342860208453912,-0.12213801504293957,0.20845087055379788,-0.47135074177426667,-0.03702712491849736,0.173111939625878,-0.6938271012294563,-0.09279698992679394,0.13643019301086748,-0.8429667028630168,-0.13298686487478964,0.0990033033177025,-0.9691561275798746,-0.1562348670036844,0.10126989548041866,-0.4837798543319097,-0.024324628974049044,0.1215220950540967,-0.7325445703898128,-0.07477862312609089,0.131125853928097,-0.8771744450387432,-0.1071098738253206,0.12770112474326387,-0.9999985715104412,-0.11533235293343734,-0.006735449733244098,-0.4566310688454289,-0.03339345085406746,-0.08178412513807322,-0.5760427269565244,-0.15321113701549793,-0.053548298381090514,-0.42617509631196476,-0.19666029452274955,-0.012035957308442502,-0.32864407106498245,-0.180962565427682,-0.10664413829022619,-0.3987339242254289,-0.05159801827969642,-0.1434593065133574,-0.48048199062001834,-0.15311506196312832,-0.1083531609565938,-0.3750618487098423,-0.16991649938663633,-0.07700214825429465,-0.2900236667631184,-0.15613664204984384
27,r,0.0,0.0,0.0,0.14406833576197525,-0.12894279203757206,-0.05937287193146694,0.20250122784405575,-0.31792167111878666,-0.07703918292660202,0.10213415049537503,-0.4567684396014581,-0.09941793301194389,-0.00816601984457215,-0.532754816062276,-0.11952845116098408,0.16171664414164014,-0.5072472713704512,-0.004826421273683856,0.1559831388149764,-0.7059292115724471,-0.05017613611387288,0.12144991104193635,-0.8366913972936958,-0.09031839876765343,0.08103257511723021,-0.9486788770619101,-0.11829311754419625,0.05350394051387377,-0.5045254878708901,-0.022223287865632206,0.07528188991275138,-0.7444420353279384,-0.06665158315971387,0.09471980608403685,-0.8880239797439801,-0.10337873850303476,0.0912913048834462,-0.9999981283732405,-0.12445627320800327,-0.04793141287349032,-0.45458202125536834,-0.0519870583886431,-0.06035982733857358,-0.6039235754877409,-0.1403200496690384,-0.0023025498578137867,-0.486629186839388,-0.16360282807322196,0.028823372667784092,-0.3798205477712362,-0.15129774058816842,-0.14784567772833063,-0.37752502604525584,-0.08725081444823972,-0.13535925328620943,-0.5000462251823756,-0.15647529837527716,-0.07513519160543428,-0.43504414943134057,-0.1577209650192249,-0.03202987414855646,-0.3604805792150263,-0.143425493865293
27,r,0.0,0.0,0.0,-0.3419594509073974,-0.0607554793776633,-0.09937101151970308,-0.5717125317824536,-0.2685549205408908,-0.16088523080825765,-0.526146117349748,-0.4634772381816935,-0.2404360745178656,-0.35964394933462596,-0.5993038455306425,-0.31266200251023535,-0.3848357215169302,-0.4535948104284814,-0.05721100987182797,-0.4912357774819321,-0.6724702556856553,-0.19879109562258973,-0.5417158234521204,-0.8158383281596631,-0.2767639173734802,-0.5596307356194343,-0.9372417377412199,-0.32068358568155364,-0.12381968101891683,-0.47862816097069305,-0.11086023246468371,-0.2532147502261649,-0.7181587542825084,-0.26792335090204056,-0.33677748296198073,-0.8708688747835629,-0.3416611617693946,-0.3924610310999074,-0.9999983633780326,-0.35709637043563536,0.13690878128020934,-0.44988224221503154,-0.18142055054876813,-0.1545501137125235,-0.5664239413908416,-0.4275677592539258,-0.26209816565413824,-0.3868147238645643,-0.41478964925655887,-0.26456462670592407,-0.24435318605889403,-0.32102559693165494,0.3761143370890762,-0.38224771282748715,-0.25845880412219446,0.03197532047688325,-0.4263076584252485,-0.45839993688017816,-0.10535278064318929,-0.2971692439809828,-0.4375260811179705,-0.11618910372130603,-0.19064288480261282,-0.3626813673256594
27,r,0.0,0.0,0.0,-0.1588971924512729,-0.16138776149967912,-0.17039507506222856,-0.22098932636142682,-0.3568512291901558,-0.24071912292320857,-0.04915138911273727,-0.49706790183670774,-0.3216089424811331,0.17696664548635785,-0.6051426611213019,-0.38897395664240925,-0.07675646456765564,-0.5798319376974439,0.007844680842452139,0.04777580329394867,-0.7698052635760688,-0.12687094518282238,0.14371237201067172,-0.8825381202613062,-0.22632779503908118,0.24245034900866758,-0.977901061226084,-0.2957276516072005,0.17217166912931617,-0.5530776261625795,-0.01188226844916936,0.19885599116295588,-0.7722140788459293,-0.15987412486443575,0.14952233524010144,-0.8943666241775349,-0.23860350047023304,0.1512164706627036,-0.9999986664066101,-0.27317428004093125,0.4017208585439855,-0.48196241077966384,-0.0692538916917944,0.43069961209704577,-0.6369926932243193,-0.3115359986179113,0.2748110938264702,-0.5120821402561526,-0.3170667192376849,0.2099948540654137,-0.41033234928722845,-0.25410844040976327,0.6065760349780125,-0.3773539004217065,-0.14273552027238476,0.5823269183498455,-0.5035543110121021,-0.3357335670444382,0.43371762616007575,-0.4191863987618593,-0.3195678602380081,0.37082627653150807,-0.3324563309092392,-0.2615359321545774
27,r,0.0,0.0,0.0,0.15511753453209687,-0.1812574353349807,-0.06736121989551924,0.18656386205556155,-0.4058573411165377,-0.0640683784453001,0.035752308814036224,-0.5438702243216377,-0.05388288600027334,-0.11429641411266096,-0.5744849921975079,-0.03712229224432977,0.19445850302525494,-0.5084025314147965,-0.008227868322761902,0.1550380808122639,-0.731652096981352,-0.06128739916713567,0.10419366847371318,-0.8799760120733422,-0.1028002425523708,0.05649066224583497,-0.9999968708633342,-0.12957564488755122,0.07307970369377507,-0.4922151415763875,-0.022843304170196456,0.061763516972120215,-0.7322247792507115,-0.05763671289716416,0.04052065107049013,-0.8670548975132775,-0.08939256721386897,0.018710045443105314,-0.9858529896665915,-0.10915802057070022,-0.04332876188223894,-0.4409221700918315,-0.05401834550017341,-0.09806025162698366,-0.5781011622608443,-0.14464421304523137,-0.04911433556585,-0.4559034860351705,-0.18110351541969436,0.01027620094280846,-0.37488400569048236,-0.17783169143673735,-0.15855773139200033,-0.3613860123617713,-0.09107906450716893,-0.17532507743186604,-0.46858567990249805,-0.1681023409787886,-0.12272652839136941,-0.3872451207345882,-0.17763168161794424,-0.0885983580569233,-0.3115411128978329,-0.16984681407543203
27,r,0.0,0.0,0.0,0.10433001126693653,-0.13400644927235983,-0.06558290352438731,0.14480329020566787,-0.31716423768134355,-0.08567788624945731,0.04080561147666839,-0.45269276997745506,-0.10847285643717691,-0.06945106818617533,-0.5279065915755035,-0.1252421954954141,0.18653653827935862,-0.4836353949524186,0.005664674126348704,0.13810668236219165,-0.7012176884975456,-0.060135973227598935,0.08494816324635833,-0.842691596295329,-0.11600026882448464,0.025844536638964525,-0.9606486888722855,-0.14965827844298843,0.07820374239903698,-0.48254523702394053,-0.011152086808477537,0.07806041059154606,-0.7318627150449888,-0.08135631700925829,0.06861937920897672,-0.8772119418472516,-0.13104025923944299,0.047460409742791226,-0.9999982014145894,-0.1510199842161744,-0.02291582934738308,-0.44227510974952877,-0.043352175023860365,-0.0929477290466368,-0.5478787050650757,-0.16052466800016313,-0.057695501482941135,-0.41004432097590343,-0.18988362122781205,-0.015400182603958763,-0.3145314135525706,-0.1693745092788547,-0.11768173898866907,-0.3797284108450626,-0.0806427601888413,-0.1532991035279175,-0.46856904574301983,-0.16722607322463054,-0.1254584275804407,-0.36180582427816155,-0.16234270118925115,-0.09083795345095895,-0.2788554084009829,-0.13580531821121566
27,r,0.0,0.0,0.0,-0.2230060829826224,-0.0694684225189716,-0.1162898114830626,-0.37269654029358196,-0.23821991685474503,-0.18375004384136182,-0.3510204350094791,-0.4018221578739751,-0.260996021444352,-0.23928782920495875,-0.5204980148856112,-0.3289318555000598,-0.3330172316950443,-0.48237060508548274,-0.05575732595368804,-0.338438841196868,-0.7079108307781333,-0.1662329549232388,-0.3312084334489164,-0.850257453295775,-0.23249904843684022,-0.31258979789617336,-0.9730729422305996,-0.2743383831755764,-0.17896289272457466,-0.49550917079063833,-0.0760387412232315,-0.24845469091240652,-0.7535926893010662,-0.21155974254132368,-0.3228218405577452,-0.8908111050735839,-0.2751953851657204,-0.3713908059210508,-0.9999985790628781,-0.2918616865491437,-0.011529371109703063,-0.46743495014224246,-0.11486852211704879,-0.127129549082715,-0.6220195187319137,-0.3072422414508004,-0.205973986259317,-0.46574250090008834,-0.31258931983451893,-0.22815978275791632,-0.3447178549874845,-0.25646315317870627,0.15700941310888725,-0.40498058339258647,-0.16307230617525215,0.017336912057465067,-0.4907341399119901,-0.31023013468952004,-0.040334970701732156,-0.3730843138438598,-0.30178959143217504,-0.03632676339504326,-0.27026575680639636,-0.25498900388759316
27,r,0.0,0.0,0.0,0.17682127255782137,0.006494136719419673,-0.05493456498961516,0.2855976215214286,-0.22448291057431535,-0.039981254836642895,0.19764966751827093,-0.44186848958313707,-0.019379327006341155,0.0390434748919187,-0.511147361964783,0.000145043916581126,0.32736246003356906,-0.4118839116187341,-0.011566658719213531,0.28147893061036316,-0.6381940854850963,-0.035862771236313415,0.24495039077603994,-0.7754631867135938,-0.05890385102304652,0.2247232851672401,-0.8897970160263045,-0.07649564019965269,0.239304199075408,-0.43557294772704397,-0.02159783638213213,0.22203004523324285,-0.6721395159057566,-0.05577131081779373,0.2204249131893554,-0.8399191468466818,-0.1020499700928932,0.22119416834580866,-0.9999988159669799,-0.1295099532015778,0.1476782879641253,-0.4194979144686676,-0.037958581327043384,0.0783642345094984,-0.5326585238069855,-0.12714255281412593,0.06871975091586607,-0.3726526043782924,-0.1778860457663612,0.09717421685760266,-0.2687497338393532,-0.1841383964155048,0.0644172856536626,-0.3687629256674738,-0.05552952474751768,0.026987305808937767,-0.4498860338078045,-0.1365828309219603,0.047321330827097864,-0.31679451738285497,-0.15155056019824936,0.07640538624137755,-0.2121190747156869,-0.14521623800192954
27,r,0.0,0.0,0.0,0.17317824404809484,-0.11406746822561746,-0.07339980893783965,0.23401259866118312,-0.33764908698306156,-0.0689404547382876,0.11309867925075116,-0.502097614955485,-0.060099406403840296,-0.034458734721240634,-0.5488113352144397,-0.04573081533888872,0.17822542058896523,-0.49178060686811165,0.020586609026284744,0.16588127032027034,-0.6961562909582272,-0.007784399287977702,0.13898198122643654,-0.8309414422002498,-0.035545266731408766,0.11670388688210925,-0.9410575830771067,-0.05591476594393589,0.0713570294183267,-0.4889916740984828,0.007472286384944951,0.09536484725309566,-0.7338151587179573,-0.01808877851907151,0.12983117248589196,-0.880082299868519,-0.0466521255688552,0.13622101349938118,-0.9999987233318103,-0.06167127959444981,-0.03507432711078798,-0.4530167965214755,-0.024559294875617466,-0.03270878889048903,-0.6065848683582666,-0.12887063484392508,0.019341270254313373,-0.4596272379660408,-0.17458024837186548,0.03984208151198561,-0.3587595361688352,-0.16940622087597476,-0.13341016526781724,-0.38365268539903524,-0.06157711159394734,-0.08278407848132001,-0.5033557755375518,-0.1567251679396236,-0.023286281688696727,-0.396990222465758,-0.17478370832446627,-0.010058892646804131,-0.3065139880597574,-0.1682568195785286
27,r,0.0,0.0,0.0,-0.2470571397745054,-0.09451144216986279,-0.12036349567769007,-0.38097681973408615,-0.26297082430004426,-0.20133629125512237,-0.3229589713489416,-0.40605038061889337,-0.2971047954232128,-0.168448145010249,-0.5053627647815113,-0.3828705965104061,-0.29471132998677685,-0.508891049533547,-0.06687938189587933,-0.26883869451270165,-0.7253652351544418,-0.19944251609630914,-0.2498480045534807,-0.8565321839074418,-0.2836650504405303,-0.22918059102957983,-0.9677488012043243,-0.33708185366031196,-0.11524982472877454,-0.5044238030034259,-0.1049682247849304,-0.1303651610188053,-0.7466371031866507,-0.2683798969141053,-0.1825925172300672,-0.8832362380764462,-0.3532206437613806,-0.21874267386643037,-0.9999985663301267,-0.3830524413105304,0.07369363069097193,-0.45963426656679673,-0.1622936550851092,-0.029170495177457158,-0.610912775947265,-0.3868387952807876,-0.13169605474039167,-0.4545233851520252,-0.38820152038773403,-0.15959337995682824,-0.33561816376323333,-0.32143151509942686,0.2588497921532425,-0.3805605763029746,-0.2292046691378925,0.1022544159770349,-0.46953070836529043,-0.3994468438450444,0.02518452210330413,-0.3566131201061551,-0.3819892303128112,0.030468104806163635,-0.2583659978224607,-0.3229823658301861
27,r,0.0,0.0,0.0,-0.3088101089632912,-0.07504370089137935,-0.13183584982063634,-0.5035703572721875,-0.24996191184810862,-0.19870853007111766,-0.408705134706835,-0.41487744745544325,-0.27341872296885805,-0.17214893632852785,-0.4874611475673936,-0.340169901252286,-0.39681963299119866,-0.49594797074423935,-0.03911951632310217,-0.36521309368374283,-0.7097267656308003,-0.15013227658162423,-0.3287987479325518,-0.8469948176711357,-0.22149407572264707,-0.2951212791344144,-0.9630221759984378,-0.26476117088254275,-0.18717991892124558,-0.49819819871413606,-0.05982643376200274,-0.22012792713660248,-0.7382255216198559,-0.17262411679226058,-0.2788465335511938,-0.8792607650685392,-0.2279275573287628,-0.3254759774030785,-0.9999985658501481,-0.2400334102505001,0.02660943299138593,-0.4523977164842721,-0.10438665242043074,-0.06978519064232269,-0.6028920980332015,-0.30875659398881866,-0.1631462720680952,-0.4552403346620166,-0.32453287270342274,-0.1855725155347565,-0.3333410473076615,-0.26293078771868417,0.22800996521669167,-0.37140275927682337,-0.15830618223976828,0.07290323179981978,-0.4744520705426734,-0.3328936526823649,-0.019620767214646947,-0.3625124610954984,-0.3327723109940475,-0.02692460509763913,-0.25554371499270356,-0.2811789705801693
27,r,0.0,0.0,0.0,0.1316018552663552,-0.14654027199725958,-0.07813227747126883,0.1481623628584,-0.3585588794489334,-0.09207783263311434,-0.0015649838106268257,-0.49273162610220367,-0.10374001205793662,-0.14441531685745856,-0.5483648134594522,-0.10967199574135217,0.09941209674926177,-0.5027565987518487,-0.007992068534907958,0.052615643647350836,-0.7098234520632979,-0.06979261734987378,0.011238005170899599,-0.8582057844775556,-0.11633782292576428,-0.035249729722200314,-0.9762351377321877,-0.14447740038714252,-0.017759308105412756,-0.48040241081717966,-0.020905619910249338,-0.04023863029810381,-0.712312710801203,-0.08518591008756318,-0.05406954618887517,-0.86387061591859,-0.12996479145823586,-0.08198871773566338,-0.9999969965601205,-0.14984880855236982,-0.13095890864591753,-0.4176487440424429,-0.04908120256139106,-0.16355056474421173,-0.5526547344782072,-0.17487009938009948,-0.08790520508973697,-0.42468812786782245,-0.1971404840607821,-0.04578517495660884,-0.32722868050250165,-0.17011152908277616,-0.2491820499324649,-0.31735148801022023,-0.08188519753206915,-0.24121185698750697,-0.434350318580584,-0.17920626323580052,-0.16124399486226007,-0.3432517731552303,-0.17219168472605353,-0.12210534660766995,-0.253357488321742,-0.14181026392802562
27,r,0.0,0.0,0.0,0.10807642616980508,-0.13008857487296127,-0.09496474326217527,0.12131870723376705,-0.32979696296454203,-0.11243439701879442,-0.019766094420338585,-0.4488948835476195,-0.12475080440600333,-0.16073746822752594,-0.482589313528488,-0.12980546872582302,0.1242038114112982,-0.5275907961961569,-0.005000394879185245,0.0380603280001671,-0.7215156189688905,-0.05797516839427327,-0.03592814821433065,-0.855222591077362,-0.10528861281534639,-0.10271394551499101,-0.9612418959409433,-0.13478507456602995,0.017123457419793865,-0.5151238145651343,-0.004519235449367251,-0.021299082512309976,-0.7416301855144699,-0.05518191461181369,-0.04146822544176197,-0.8824294288950475,-0.09556327561547133,-0.05968142393875554,-0.9999985726581749,-0.11151302174624599,-0.07884030823314803,-0.4565855170206168,-0.023134028184138577,-0.17836804362108186,-0.5444798686781973,-0.13699874671928952,-0.12553004306226212,-0.40653731402353205,-0.1820155431033997,-0.06070393354696805,-0.3076836161185699,-0.1712591248679152,-0.1612540721978613,-0.37006029668908635,-0.049083078155732325,-0.20904335313650763,-0.4367992595402972,-0.14541556938736114,-0.15522208436785612,-0.33796870236240184,-0.16129493622965788,-0.09353354266086765,-0.25360526833516095,-0.14853059200201715
27,r,0.0,0.0,0.0,0.20838349638436174,-0.11266033138426867,-0.14893857209673417,0.29177834291278415,-0.3031120572318866,-0.21026071566268534,0.20532005179058313,-0.45767018056789965,-0.26751421229160655,0.045235961279991264,-0.5625097527515093,-0.3136344093013637,0.26066095076916196,-0.5286226592094266,-0.0459911527180534,0.2264494390949068,-0.727867785155484,-0.13009607802225065,0.18094697396352422,-0.8693229865143782,-0.20853394677980713,0.12560540013633456,-0.9885449936411788,-0.266640651439866,0.11963403287862936,-0.534415068885523,-0.046161475304937645,0.17676548927127522,-0.7706782178285214,-0.13046480610070937,0.23553584619017975,-0.8953904558284654,-0.1943080153644475,0.2582532136255838,-0.9999979414398344,-0.23419958975856975,-0.02884787626551001,-0.498193183199702,-0.07357736883074055,-0.03357433188591488,-0.6868953333488904,-0.22863561633722826,0.03522838583097966,-0.5470790938661286,-0.2729525104966554,0.06694700673694871,-0.4306291807828632,-0.26282824758784956,-0.16300863899029358,-0.43011328969484536,-0.11523485332716728,-0.11029228760898009,-0.5428280997669674,-0.2512992566207317,-0.03774796379432914,-0.44046313608927873,-0.2778263898635827,-0.00200614087027997,-0.3453102181653096,-0.27397797363569915
27,r,0.0,0.0,0.0,-0.0810529420494633,-0.17712984215092883,-0.023964277379074344,-0.08397029092060872,-0.36573940461005533,-0.03524666283729695,-0.07506646098446557,-0.5105200752585853,-0.0559734865573382,-0.022235932914559275,-0.6026891485473439,-0.0781307851042549,0.18949467729758568,-0.4877804289843175,0.014936956310191136,0.16459217265174444,-0.7073588631136023,-0.03170292100717563,0.14015365429395027,-0.838039122172262,-0.06719549705479393,0.12233735810173757,-0.9441396050653308,-0.09080579907876916,0.23877600173972968,-0.4687140254827552,-0.015526316178837195,0.18084961309723796,-0.7123858490347745,-0.07078006236437995,0.12817410697001094,-0.8681807423474681,-0.1178217866358544,0.09956035974378794,-0.9999981888324393,-0.14439315215347762,0.24589459639308228,-0.41961989327501636,-0.05352066711779768,0.06052775615832917,-0.5808349409735325,-0.13408768797602583,-0.01682106827469163,-0.49907954225205386,-0.17038534446603518,-0.021215983531248813,-0.42505267827873133,-0.17847020837665556,0.21150844088203774,-0.36707976146263604,-0.09342685470518888,-0.007652858994800885,-0.49617298878081645,-0.16853678066853414,-0.07338162292081968,-0.43114106791886087,-0.18979693087965668,-0.07425432304938465,-0.35986530365810016,-0.1911043617625179
27,r,0.0,0.0,0.0,-0.21092098085563066,-0.1563250830654007,-0.037287190098399356,-0.3362373408930042,-0.367274071554886,-0.07730697991217536,-0.3489513825460407,-0.5003314567662903,-0.13367801726073814,-0.3031505938446594,-0.5763899841438672,-0.17773027217249335,-0.04939502259511858,-0.7742132424979355,0.08271381279875434,-0.17799682049534044,-0.9765382532884808,0.021459912251293452,-0.2513632920832608,-0.8764684016427835,-0.05489640762835271,-0.24594215346258066,-0.736216852176002,-0.10157854672304577,0.006909340860245171,-0.8088685357185555,0.05496032448605002,-0.1400158581073098,-0.9987452213484395,0.014877107691606745,-0.21168786784702373,-0.8996289346943614,-0.03761182201336667,-0.19796911166765888,-0.7696032571713086,-0.06949200449727305,0.045346258033316385,-0.8226335756996294,0.008399545932717025,-0.10226204237689696,-0.99999203576063,-0.013880032622651096,-0.17399600120505213,-0.9032317132899527,-0.023587375787402182,-0.1572137320582127,-0.7910149745767756,-0.029842661257471707,0.08113906468824499,-0.811873303860784,-0.048568136163280595,-0.048414755410205755,-0.9825845792614758,-0.04696700589791128,-0.11430532493439748,-0.9137618715608141,-0.021284391351542642,-0.11098570826413333,-0.8147869285165704,0.002486404797839758
27,r,0.0,0.0,0.0,0.13571688193159748,-0.12268652324598955,-0.0821823615046362,0.19931407846843952,-0.2969210265485774,-0.10802251039305792,0.11981413970116958,-0.4420169025763076,-0.13149077105785067,0.012726182167290946,-0.5307947548593558,-0.14869406888119316,0.2486969897687648,-0.4880844082320966,-0.01985017176073592,0.23812353729799954,-0.7147828486628302,-0.09297183320889482,0.20337119870445475,-0.8632249156659814,-0.15877702814738082,0.15938874487203178,-0.9999979089386807,-0.20031415142328474,0.1356345592147983,-0.48987201393337143,-0.03290355712602385,0.15694174729607713,-0.725986714913414,-0.090528652640059,0.1703870847637938,-0.859600971209278,-0.13852630973848434,0.1827277024732222,-0.988499899445635,-0.16635994122847284,0.027179209514373637,-0.4487880550903853,-0.06405493899349307,-0.029043342313475422,-0.5521974148574675,-0.16324104134226128,0.006581018820698224,-0.40830696525747867,-0.19940512728303475,0.06500627976889803,-0.31570182330583035,-0.19521441179786114,-0.06893259350789475,-0.3782354302835419,-0.10317178763817926,-0.10449289124095594,-0.4542456586077235,-0.17295487265062862,-0.06873361058984802,-0.34599745554669353,-0.1733972871451301,-0.020326295149848947,-0.2602700307160317,-0.1602977393631359
27,r,0.0,0.0,0.0,0.16997121527213502,-0.11227065590279586,-0.0626326717435269,0.24531390742987022,-0.3311513932143468,-0.05474966844625845,0.13226449012328845,-0.5050680747002749,-0.04360363147283688,-0.012356595611779798,-0.5566765691513639,-0.029021054769095774,0.19803979967892285,-0.49367175717326783,0.011401828965661586,0.19099792657953601,-0.7105062611203453,-0.015389443976220359,0.1657216999886475,-0.8495261401666058,-0.042802372240404465,0.14362713521296053,-0.9698432429997138,-0.06378352220890574,0.09289849618025312,-0.49183534374576443,-0.006378767579234407,0.12376488428688287,-0.7446138706038865,-0.022946386957207895,0.14898082264144952,-0.882845247017337,-0.048453195917597405,0.14950915008646848,-0.9999987131440674,-0.06475764031739518,-0.009671889881984422,-0.4548755867768419,-0.03957941566791312,-0.009732504104316917,-0.6031424617036811,-0.13104131546880837,0.03647647312031577,-0.4534272884584843,-0.17507647415709507,0.06171392655158507,-0.3518094718706501,-0.1742688725791908,-0.10541551526056618,-0.3867883077311145,-0.07704348258312901,-0.06815470062298816,-0.5061297152587109,-0.1611420103755496,-0.009950991434040561,-0.4007437304955797,-0.17493758494091213,0.008211913594186538,-0.30544030128525634,-0.1690081678663267
27,r,0.0,0.0,0.0,0.1390880152554696,-0.13920487568638693,-0.0652066933504985,0.17934765100263655,-0.3492401975775233,-0.06652772596262911,0.037357479983105006,-0.48152060581359774,-0.060774038738367446,-0.09785527296168502,-0.5059878933480618,-0.0490377745721262,0.125130497537784,-0.4976567184605823,-0.01727003294342969,0.09548118026983064,-0.7099775138834608,-0.0632203589367917,0.04811557821558278,-0.8388832119879515,-0.09598697004401952,0.002392717323031819,-0.9492301346370031,-0.11753256421112769,0.021300735045451765,-0.47822733279480945,-0.03628084181604599,0.018508744583452485,-0.7276089531277247,-0.07155429936897427,0.0012760915596938625,-0.8714279290263043,-0.10073334469969712,-0.028455149739517144,-0.9999979577159466,-0.11637728168675518,-0.08026838675670832,-0.42063632130568185,-0.06942304204391797,-0.10106503946421366,-0.5633577221257553,-0.16971904705386393,-0.03871452173713221,-0.4290138751766817,-0.2043415364674457,0.01040520407703062,-0.3392573952664125,-0.19637658512831485,-0.1743679358901729,-0.3267280093982288,-0.10652469202376612,-0.1678349508834334,-0.43327088156169113,-0.19806693778588938,-0.09206313439511501,-0.3397451658358767,-0.20786318946118687,-0.04880955875376981,-0.25252127057689355,-0.19666199542814763
27,r,0.0,0.0,0.0,0.13238155571175714,-0.12224203070781858,-0.06996621427814344,0.16823082493041797,-0.3100095581446122,-0.07953246084667726,0.06992234677574179,-0.43618935425468724,-0.08967169716549923,-0.0424459500598134,-0.5060806736561609,-0.09575631964325056,0.15245355573341812,-0.49259179882670046,0.007094807878058476,0.1372385949373933,-0.6992912460021782,-0.030185370697823965,0.10071857212614087,-0.8346581572620404,-0.0668155237431669,0.06072609411443881,-0.9479073202489444,-0.09272885999846985,0.04704352412328536,-0.4867173830441574,-0.0021323497801262127,0.06262298125779935,-0.7294251021798931,-0.038705679710200426,0.07700442026159317,-0.8800062211441716,-0.07555288003286167,0.07493351875057376,-0.9999983153625889,-0.09604821795068526,-0.05369738972057282,-0.4348330864739784,-0.026854355515086102,-0.08856563160396115,-0.5895422017808075,-0.11984416183967389,-0.03966151935284248,-0.4647180709781546,-0.15544809891535574,-0.0029888699756111196,-0.3591908583137472,-0.147904530891847,-0.14811785672525737,-0.3537256223051279,-0.057315172690372354,-0.15015496952611107,-0.4776811874527034,-0.1361751039872052,-0.09813948439774028,-0.4034656160355174,-0.14698565871732516,-0.05557690555083181,-0.32516065677224054,-0.13781978075089626
27,r,0.0,0.0,0.0,0.15173219854864822,-0.13955085427020575,-0.043461927270935105,0.20792629847954847,-0.33631420095893744,-0.06731710667999573,0.09476203446302113,-0.48370289419891704,-0.09975127782952149,-0.03400520899318423,-0.5447856359392667,-0.13213166001338245,0.11168866851600824,-0.5045549916242618,-0.021507788710457314,0.09589923940753649,-0.7058920044137952,-0.07872673235398489,0.06499790360235301,-0.8376192322198275,-0.12678640311842962,0.029437601100705008,-0.954396488981987,-0.16241381880974282,-0.002839868227855212,-0.4920472198340979,-0.05469076527251632,0.012519555900023177,-0.7297837375692741,-0.11469979183594951,0.03610958005621881,-0.8744419426379886,-0.16101046169200559,0.03284865356892157,-0.9999982845591628,-0.19141312004124414,-0.10577506476940204,-0.4380606083180164,-0.09588250471668779,-0.09450232392902824,-0.6188772681024964,-0.19772149146813767,-0.008621367246146908,-0.49875271065083854,-0.21597842627014627,0.028554457474826992,-0.38833232932524286,-0.20234262631516228,-0.2058982812910254,-0.352257155802366,-0.14070707945590216,-0.15178516313786408,-0.4842391351026673,-0.224863696228197,-0.07340360374463199,-0.3993603134369767,-0.2228537514163996,-0.037608155849066606,-0.3034952760662987,-0.20568136371441567
27,r,0.0,0.0,0.0,-0.3008358636917984,-0.07978201740548152,-0.07669054868661711,-0.4452285545755978,-0.30237687234667376,-0.10116164433270086,-0.3857188997773257,-0.4918291305549039,-0.14372290275697905,-0.2961208237834501,-0.6409464341188351,-0.18059381729660276,-0.30849304310725745,-0.460911153716764,-0.0036846174277161427,-0.3359313981362889,-0.6932275620752725,-0.09826041400813983,-0.32589871810254656,-0.8406290558648684,-0.1465392237491658,-0.30259333232358226,-0.9618796747630233,-0.16926590664016325,-0.1148698936325452,-0.47144535472428567,-0.03870695512886293,-0.1482712550736232,-0.7213910718670995,-0.1547216945994234,-0.18958922957895508,-0.8758611464755246,-0.2119996594919054,-0.22195977650084212,-0.9999984520052054,-0.22382646149324875,0.09034053094664145,-0.4452842842542222,-0.09020290819676778,-0.0644097144716228,-0.6099827386453337,-0.27745289835561737,-0.16225229979698955,-0.45199196004335074,-0.2786687326398108,-0.18634034617021067,-0.3061926945142052,-0.2128066326198005,0.29678780377410546,-0.39252258008732954,-0.14724268407373856,0.10120874095518989,-0.5052300883751057,-0.2872080833422359,-0.03378325736794262,-0.4120453139296655,-0.26793629452214934,-0.08763930235159718,-0.3098308091303616,-0.2113698864431462
27,r,0.0,0.0,0.0,0.14723086490238319,-0.13459251220469423,-0.05100673624299623,0.19876924888961878,-0.33856037661859084,-0.07210996460328971,0.08138354550914342,-0.48295824010252747,-0.09915678102805568,-0.047779617943526184,-0.5406383549249559,-0.12599347138214406,0.10383654265747011,-0.5114954328005384,-0.01925002117256295,0.08103673773895431,-0.7117998312275279,-0.0703051650740256,0.04741597434482581,-0.839673457741949,-0.11351468578388485,0.013430177237716188,-0.9501923827183941,-0.14500287228563496,-0.00562278057990475,-0.4966280061108159,-0.045624493701517534,-0.00034613845590579327,-0.7353433730290999,-0.09915826124233611,0.01568620400108195,-0.8795651553708087,-0.14240552098063192,0.010986922675019562,-0.9999982724261072,-0.1693574427985942,-0.10673227941854961,-0.44175082504979857,-0.08127458904196484,-0.09709845279583708,-0.6080428339983449,-0.18258008112276639,-0.018016807821324032,-0.49028810676204554,-0.20720003474906287,0.017096783853183535,-0.383253168573149,-0.19569004296162698,-0.20307124070281532,-0.3587758303749143,-0.12044591143054191,-0.14834993264124088,-0.48341455798661087,-0.20513522592787087,-0.07381643267904467,-0.39843455514746373,-0.20668145776520191,-0.041067734310370925,-0.3044708615404233,-0.19090102203588533
27,r,0.0,0.0,0.0,-0.32724002259076534,-0.06584470056662761,-0.11329980963626259,-0.5234009556820279,-0.2636005206017606,-0.1696395741373165,-0.43851227414125665,-0.43459598841116,-0.24078378148970575,-0.2801789815294556,-0.5531775196752525,-0.3048850881194048,-0.37072156746529994,-0.44331604113571726,-0.06860253202056592,-0.4152793972316304,-0.6554437774049034,-0.2295040240204707,-0.4279230307666451,-0.7894793719129921,-0.3202523485917273,-0.42444401562721995,-0.8992874400427433,-0.37055220992927457,-0.12682440757148114,-0.45341755628049535,-0.1217492930410111,-0.22568295088761373,-0.7040678328566026,-0.3126068004119731,-0.3192845637649711,-0.8651617054615864,-0.41642172119832743,-0.38678646342021716,-0.9999985429626315,-0.4482809437883532,0.12308077207658902,-0.4200747835682956,-0.19253277386764506,-0.11151255497142243,-0.5337346975516235,-0.4589389259261259,-0.21243022156557323,-0.37733229981126143,-0.45725910340376963,-0.22692980170593965,-0.2547395165030901,-0.36823372049057307,0.3550903814070686,-0.3538826113763896,-0.27218938469289433,0.06763251633218152,-0.4071048254564292,-0.4775920990238005,-0.05984345481556836,-0.28486324815991143,-0.45061632481193764,-0.07249755331705299,-0.1824872168400702,-0.37027473633698155
27,r,0.0,0.0,0.0,0.13485952458332304,-0.06317707387011122,-0.07841648692923131,0.19332181512124919,-0.23986894289848118,-0.11716017347148577,0.05561467747905621,-0.3738972793900718,-0.15663687300607004,-0.07285734084888573,-0.4370802996623273,-0.19201193016657234,0.13717077216877568,-0.47102652558358266,-0.05075131923197111,0.09910154885673755,-0.6797023078255838,-0.13067925184956353,0.05313788205790581,-0.8177348325931137,-0.18690981306471188,-0.0035727173363477934,-0.9287935258096842,-0.2212720492799836,0.017515127516082064,-0.45597213820286137,-0.07708242647415943,0.035836230378804686,-0.716438585632952,-0.1573096638106833,0.05309197583335169,-0.8732318902377554,-0.20403286455540848,0.050869210711806466,-0.999998004718536,-0.22084124731063326,-0.08420890361434162,-0.3907434366649183,-0.11716992557100246,-0.09317952696121348,-0.523894916696308,-0.2547524489232586,-0.028575673360595143,-0.381632002515269,-0.2751161706545644,0.014297648243835693,-0.26767015684380063,-0.24528770929020483,-0.17670673503373074,-0.2903387932422754,-0.16208706275744802,-0.143481688764538,-0.363971426002737,-0.2775317775976498,-0.07699865315827299,-0.2525263355748288,-0.2749011190210152,-0.039053352866922394,-0.16495700118069148,-0.24534689085754613
27,r,0.0,0.0,0.0,0.14185522008553933,-0.13013202795295714,-0.0826030288697504,0.18143562412920525,-0.32768852413133,-0.09340089066404206,0.06397984879286601,-0.46571647018627615,-0.09867247702315965,-0.06850712163767518,-0.5226599283290537,-0.09692946070384575,0.1828414033324259,-0.4818096335029385,-0.016958992585492143,0.17256972908361395,-0.7008425815233305,-0.06102084915544034,0.14474772053902057,-0.8360020956065077,-0.09753742541272374,0.11109981179914556,-0.9587974336322103,-0.12150294156080174,0.07880539113051457,-0.48798889498400155,-0.021567762883252684,0.11250627622604485,-0.7234969328689407,-0.06403647038536818,0.12806676378552034,-0.8698032803179998,-0.10002125418161299,0.12531837443695418,-0.9999985629817918,-0.11813424277052197,-0.028257810804211737,-0.4565905755811189,-0.04269860235570009,-0.06539367937431075,-0.5839262057015248,-0.1412130259453331,-0.02128827228927115,-0.4569007249486657,-0.1806546614874534,0.017495216616130363,-0.36776674317753166,-0.17297054174188561,-0.1280700185979939,-0.39476010216224333,-0.07082254026035151,-0.11992527864769681,-0.5025404763296317,-0.14787187976172794,-0.059500156167242774,-0.4199975754704266,-0.15748376926096438,-0.0180647231460444,-0.33922332257876464,-0.14646722475360507
27,r,0.0,0.0,0.0,-0.2909809332349859,-0.11426113414813935,-0.09831394579932916,-0.450776551158256,-0.3112285354178679,-0.15566095931621088,-0.4427984658471436,-0.4964619615481117,-0.23455982246763749,-0.32449213237934754,-0.6369439724260005,-0.3010473486186399,-0.32483563439067803,-0.5147520709826046,0.02836446800098986,-0.3235932239970003,-0.7485776175050153,-0.0851389306187116,-0.3171529742012012,-0.8789102710989373,-0.1468237060601245,-0.30059247216515034,-0.9889921530957076,-0.17995881625770777,-0.13010793765824455,-0.5155203191456972,-0.011340442498156163,-0.12720421851165242,-0.7751223101659138,-0.14920324426220088,-0.18839641229201556,-0.9021208738671439,-0.2107646636450614,-0.23765085098725083,-0.9999985021423156,-0.218095875967715,0.06278658771651538,-0.4731332869384535,-0.07688803016240804,-0.0818541410794465,-0.646716571168625,-0.2808773970853628,-0.20834408074986444,-0.5024877769484342,-0.28138664607110137,-0.2278084804910578,-0.379106943397205,-0.2115207475069081,0.24189741971212028,-0.40121472391850843,-0.15156963609100416,0.038440575765957705,-0.508570552526334,-0.2957574846036066,-0.09278647760691394,-0.40940511534604546,-0.2813113613222893,-0.1056641202617057,-0.3119626788978343,-0.22776444203491317
27,r,0.0,0.0,0.0,0.1348236722295196,-0.10438316533129395,-0.07798349992649384,0.17450012670164186,-0.2841888782522961,-0.09866143373593736,0.06579998962857904,-0.4065605323154627,-0.12086313148957967,-0.05122501571702857,-0.4796480908608912,-0.1380308005531172,0.17565319607471389,-0.48425627029946683,-0.006107619325434267,0.16060059400297738,-0.6834474165018415,-0.05076024181116688,0.13691798257926707,-0.8175270870798659,-0.08977004027304923,0.1068643319514967,-0.9356787703326372,-0.11844473680711738,0.07083182585994766,-0.4912372228375508,-0.021964153242285255,0.09913626324109598,-0.7245015956515523,-0.07325843887347207,0.11893781289643068,-0.8728406080441942,-0.11624030150898211,0.11918574514603389,-0.9999986249213537,-0.13951740027271123,-0.03648464435764361,-0.4498101617805442,-0.05405635763776166,-0.0742588847477895,-0.588559195739071,-0.16478885785614114,-0.037174346797448916,-0.45649490699629236,-0.2029932094736772,-0.009813937069500542,-0.3539533250422991,-0.19322830561684612,-0.14231733226756818,-0.37797627982682835,-0.09239626774953841,-0.14665141338358653,-0.4850417852350692,-0.18291766394712808,-0.09778675366331768,-0.3979172452694606,-0.1958933928876636,-0.05863409192645219,-0.31586035852466743,-0.18603919244043823
27,r,0.0,0.0,0.0,-0.30009164824748424,-0.1542646488105479,-0.137316782018779,-0.4852414038770482,-0.34350188073052007,-0.23888482753097567,-0.4435291299353834,-0.5055686407881402,-0.36548558168730233,-0.18078530913393798,-0.5715026068425035,-0.47938126617675547,-0.14072730719099805,-0.4948894056219869,0.008320680888042343,-0.12410950740430059,-0.709415535375388,-0.1312891013890269,-0.15223254390899463,-0.8457024499659335,-0.20983868076680015,-0.13759895471222433,-0.9521384613485457,-0.25668340154822855,0.06277290023440142,-0.4961369678719417,-0.0308900756841135,0.10587010770742937,-0.7521865582471862,-0.21171934723770786,-0.010181563352666883,-0.8986527672953603,-0.2918197988794163,-0.10225893436451072,-0.999998615791195,-0.30250839839418203,0.2728493967966486,-0.46602114022881214,-0.10269128828441455,0.04982204735592712,-0.6373713937303128,-0.34491326285943963,-0.12462751676785731,-0.5015111551648743,-0.3764577518292154,-0.155831052692336,-0.36747345810472654,-0.31594793001126376,0.4748565475289519,-0.40987184590596576,-0.1881671854244858,0.16955106098878556,-0.5426163140469338,-0.3556989298292065,0.021702104799012554,-0.4574081671476975,-0.3608587684199776,0.0025146782498758876,-0.3567721115251094,-0.3170756533505606
27,r,0.0,0.0,0.0,0.1380264240647152,-0.1142944596171075,-0.10772789479673887,0.15538499127870353,-0.3085587300129735,-0.12189295592854722,-0.0006627721457110125,-0.4244064989697559,-0.1234904383409269,-0.1359540035726619,-0.4609465586072474,-0.11639514796924237,0.1467486986599102,-0.4931517047792577,-0.03627986953608313,0.044078841287613,-0.7040649563436129,-0.11194340096016382,-0.048955937512245,-0.8501286160745317,-0.16875746737731712,-0.1344920416993358,-0.9697197532301316,-0.20312054653741196,0.024102049116706367,-0.48051771973815605,-0.03909775778765651,-0.04028235473831958,-0.7285026168565081,-0.10723835252411563,-0.08849034295194394,-0.8750660719759958,-0.15332008090749916,-0.13518244611827418,-0.9999977495504053,-0.1701780311422704,-0.0855183980702655,-0.42225319371675063,-0.062445657949779965,-0.17587351705331133,-0.5085997551603454,-0.20029841619534916,-0.11136624347849763,-0.3527132247088401,-0.24216466356604188,-0.0386036270711321,-0.25168011004489466,-0.22312005820481318,-0.1805691255804839,-0.32732560420081735,-0.09341087292933603,-0.2260126792361325,-0.3861579331958707,-0.21260036124450798,-0.16159219246121254,-0.28066126744496317,-0.22630261533406995,-0.1060303978633917,-0.19464320812337738,-0.20691248918740646
27,r,0.0,0.0,0.0,0.12450908066642381,-0.1242582961252118,-0.11713563316493189,0.15707661447365573,-0.32625003210940773,-0.14572185596389908,0.002227801927650711,-0.4755997763734997,-0.1624011898901977,-0.14646384014793823,-0.5232013438288152,-0.16751170343827917,0.18924128892586936,-0.5041692301686169,-0.035638064421193556,0.10700524271315047,-0.7295982310341506,-0.10971179240904275,0.03167197714737763,-0.8777419512297662,-0.1682082723998089,-0.036297937055151455,-0.9999984965279909,-0.2064839437527193,0.07400110991189145,-0.4999445613723483,-0.028043002278465002,0.02399287115452497,-0.7173541922096597,-0.1111172298419401,0.022973512871056475,-0.8020311422399711,-0.16060089114419854,0.03009562357503894,-0.8891570165332702,-0.17920294762616695,-0.03690928318348746,-0.4564817229687874,-0.04123613087530137,-0.1383692840450056,-0.5659520204496311,-0.17957537185529307,-0.09311600442609891,-0.4172317243247112,-0.2133474959083609,-0.030271849338945823,-0.3114490394473602,-0.19169043385257678,-0.1356353427252643,-0.38560679448272445,-0.0641399017169856,-0.17078821557763868,-0.45807219073274336,-0.1713516372938444,-0.12738143067792923,-0.36248846552497915,-0.1810128686662925,-0.08519771889403066,-0.28197430588260797,-0.16238869995079036
27,r,0.0,0.0,0.0,-0.25460158458088455,-0.12574286547813096,-0.1855968031394718,-0.3085523452011991,-0.3188368416434756,-0.27132974523049547,-0.09816523263543911,-0.4495506127480242,-0.36595549264417954,0.14487774376561421,-0.5406664306327765,-0.44460423675418703,-0.10661228985613354,-0.5562173092060486,-0.0726421581657058,0.056092683795715914,-0.7634372980677988,-0.21848364370888268,0.168627331316212,-0.878126374641884,-0.3154834571750678,0.2852717884003832,-0.9724026812791959,-0.38140282576300305,0.13698271450556843,-0.5270306805307932,-0.09855594121736812,0.21359541318058742,-0.7516635164018494,-0.2733591758199473,0.21076176615764253,-0.8891999477647992,-0.3722210984635608,0.22860809666168866,-0.9999986507149863,-0.4171426552441315,0.35839989099746167,-0.45427429606222836,-0.1550259828503303,0.3934185213618774,-0.6122210444405062,-0.42580585103479146,0.18584490969375014,-0.4983391398691963,-0.4479752746327633,0.059096989812322864,-0.3942706903990325,-0.38829263977244466,0.5456857512988664,-0.3502284456388219,-0.22621706163633473,0.4742539444107042,-0.4638406896984687,-0.45128185295270623,0.2788847026517246,-0.3851796005575814,-0.4499204413387989,0.16757040365612397,-0.2947625838019194,-0.39361447401283234
27,r,0.0,0.0,0.0,0.14956014093677492,-0.10915902884379071,-0.06297819608597466,0.2215970877392607,-0.29695410721961063,-0.07626834189443017,0.19403745092757463,-0.4481490586914767,-0.08987635513705614,0.13495626608681088,-0.5781046538924443,-0.09895142931971831,0.18436899243229643,-0.49394297719657065,0.009032547767635988,0.20229951002479055,-0.6757876858946784,-0.02812770376393605,0.19540361881854665,-0.8015103749887609,-0.061795746669921124,0.18219567993032507,-0.9214599239272931,-0.08611821731419603,0.09509836045145534,-0.5069112709483037,-0.0015617375875025467,0.1289672060282881,-0.7319780828383754,-0.05355404159248439,0.16280076792450737,-0.8661420883495721,-0.09669962076737064,0.1782154374213963,-0.9999986391679748,-0.12074338075176512,2.0926872639718294e-05,-0.47508640493381427,-0.025013191477358632,0.02869354074993002,-0.5947996343241457,-0.12144416737148996,0.04550138840363989,-0.42372756054474436,-0.14266223176615625,0.05117309811641501,-0.3330247355786339,-0.1283091752182084,-0.09521710828689932,-0.42320933655522824,-0.053176161484304985,-0.059990692681496934,-0.5223058246916474,-0.12926016166163978,-0.033727061959103195,-0.40467218299191066,-0.13297807811639825,-0.022489412463483925,-0.3362550984846394,-0.12071103737786944
27,r,0.0,0.0,0.0,0.12880255479671648,-0.12167961143848798,-0.06686215629948579,0.17423482377751107,-0.30563962808780787,-0.0880665736877978,0.06782982464890473,-0.43148532786439175,-0.11146595190588782,-0.05322615084858371,-0.5045354658512125,-0.13037360968742207,0.203787653243885,-0.47159135569795063,-0.005405994544313544,0.1756447304056212,-0.6871043846088827,-0.058139897190320894,0.14166482968578673,-0.8294465627467551,-0.10396013145153925,0.1026308062546722,-0.9580224769479129,-0.13471227520072818,0.09805120644185547,-0.48164485927558837,-0.02434261842333059,0.13616013948168462,-0.7281699387293362,-0.0812517812982778,0.1555993897047112,-0.8725542684102205,-0.1270405097562273,0.15524211728776527,-0.9999984300585358,-0.14762409847763835,-0.009412743264636866,-0.4492769889189618,-0.05747175425788346,-0.06656145142326467,-0.5595190170734088,-0.16752165959120893,-0.038581444058521784,-0.42001405729116786,-0.20520621466616068,-0.005802027319043359,-0.3202499925580638,-0.19274980142989262,-0.11368538377586354,-0.3885780147836632,-0.09552599224069193,-0.13636778418917625,-0.4692693657152119,-0.17870655311545144,-0.09645672154176371,-0.3696145975203459,-0.1822304892004726,-0.05357780871733249,-0.284264949525417,-0.1645795661540447
27,r,0.0,0.0,0.0,0.14521168602147277,-0.11811555239855666,-0.032974811549497406,0.21144307150586303,-0.3362275284196824,-0.028945782951782937,0.13922404377505251,-0.4990397401558367,-0.03518232607158793,0.014024790507799147,-0.5376416297084401,-0.04099359530960955,0.17528420640641318,-0.5133670337418481,0.0289371840462205,0.17135338830186908,-0.7178068115298099,-0.0016205464822996488,0.15710579465270721,-0.8410010210153934,-0.02693385152124953,0.132660975364202,-0.9538292882129091,-0.045661530210498895,0.07135591923259751,-0.508136971373553,0.0006805778588149568,0.08995257116416928,-0.7353706236161741,-0.042602230300436444,0.09672190005973705,-0.8721070269626222,-0.07719964387861793,0.08544073068049327,-0.9999979365076301,-0.09469885350845403,-0.021999396457622455,-0.46387515636733145,-0.037852715964765436,-0.06910132117335385,-0.5867112081120106,-0.1332340266497999,-0.031149330488517854,-0.4463446140848527,-0.16170493806072286,0.008496837326155676,-0.3439162969416686,-0.1495018230578179,-0.1138854290527726,-0.4060037776847988,-0.07853581700971325,-0.13335988723325726,-0.5171999488375462,-0.14871998266650827,-0.09324868012656473,-0.4190938158468311,-0.15077889770178943,-0.05440074161768419,-0.32903442462841204,-0.13737690131857364
27,r,0.0,0.0,0.0,-0.33818206703389486,-0.09528229296614103,-0.10711278994606141,-0.5275890682339643,-0.2593953565017839,-0.16768990135750936,-0.4854307569320347,-0.41728511293291926,-0.2532608185854755,-0.3206329224587957,-0.47780376720447243,-0.3309734291828813,-0.3760377550231748,-0.508208325880961,0.01326219281176059,-0.3417382171198427,-0.7169335669711501,-0.09904181490694099,-0.30117705267885536,-0.8452557464976133,-0.18377308311716395,-0.2574714720148139,-0.9605974625428211,-0.24260830512204432,-0.17549655797235125,-0.5089842277210547,-0.03200992112026061,-0.20184205734340185,-0.747957371243634,-0.15759823191780234,-0.2555159362095131,-0.8860286458110864,-0.22692449898582281,-0.3046561193575199,-0.9999985083679653,-0.2544867514945613,0.039097646600975665,-0.46602769862144416,-0.10254683166576796,-0.05121894571512388,-0.6373758445498111,-0.3064861778219531,-0.1619521942480805,-0.493465613015897,-0.3079627873940553,-0.21248010099768036,-0.36444492623531477,-0.24247347584044673,0.24630255751291313,-0.38715545840328186,-0.18571700528915872,0.12358292805560345,-0.5101283428613371,-0.33965562585316755,-0.018863296643212447,-0.41678073672816945,-0.31962014130629346,-0.09113081358934097,-0.3131684569163705,-0.263028762164347
27,r,0.0,0.0,0.0,-0.29097237973265927,-0.11531567317743377,-0.16546925249375333,-0.45979809089645507,-0.2510428121994318,-0.2532006169909695,-0.4080906005034066,-0.37608317606135483,-0.3518990492269251,-0.25213748947005266,-0.4735388804122203,-0.4322269580830114,-0.3410026435609281,-0.5504802935886963,-0.03560610478241153,-0.23143638618899556,-0.7585234919929472,-0.14614469248514264,-0.13705238657314514,-0.869334199510457,-0.23384974466936073,-0.03296466107330328,-0.9688936131526602,-0.2971340361697866,-0.11878179682648071,-0.5461211034584005,-0.04609641201429141,-0.08479232697589935,-0.7791855148446787,-0.16500407206242235,-0.08015595921954854,-0.903979063895061,-0.24369216567875537,-0.06040609655175066,-0.9999985730994468,-0.293179385891694,0.10083533225100237,-0.5033583111114399,-0.08882708207691915,0.1236777794044126,-0.6807354070559996,-0.2841292259688623,0.006518479531675533,-0.5861418019601208,-0.3180542705197393,-0.07848251737534559,-0.48526930290255627,-0.28925792633731057,0.32329763565325276,-0.43201564784155255,-0.1473434495716226,0.32178544842058715,-0.5761597502764163,-0.2926988114283545,0.1998096876269791,-0.524103215091306,-0.29593272758628864,0.11221756044828245,-0.44490283402994724,-0.26664872853629545
27,r,0.0,0.0,0.0,-0.22308341652475236,-0.13991383387790002,-0.1786887206950392,-0.34714602160895836,-0.3368823986857217,-0.27664392267946136,-0.1777344446184573,-0.49208635759914704,-0.3913192889407495,0.07972016805149687,-0.5967553544562557,-0.4914411622070116,-0.185164964102184,-0.5449965331672444,-0.02249355277118559,-0.10937537988362743,-0.7722058739858679,-0.19171812375088804,-0.06575658267429693,-0.8972104719618348,-0.2923083835895034,0.005162520338448921,-0.9999987215646161,-0.36603940625079423,0.10974720113547559,-0.5085874639512767,-0.042416370006430774,0.054977195401611674,-0.6578501315058847,-0.3428392689090696,-0.13301157565627753,-0.5195275965730293,-0.4338535598734269,-0.23241982948949155,-0.40742091736762304,-0.41886038891484634,0.37723553925621517,-0.45312502257532977,-0.09864598561070496,0.32161307643772674,-0.600544586014951,-0.4010136927326601,0.13488573155118594,-0.4648715870668044,-0.3697652769383118,0.05140826002881512,-0.3536998140892751,-0.261754822809048,0.6207425305928801,-0.38096388646605783,-0.17131377056225217,0.5323287023708523,-0.5172673317974743,-0.37866799369342014,0.35499286354569715,-0.43412864852916994,-0.351185720649629,0.2730613515596509,-0.34603006254894886,-0.2756511801302088
27,r,0.0,0.0,0.0,-0.33225897918595837,-0.0820279898529366,-0.13050476883438877,-0.48785792897177127,-0.28425461234676125,-0.1860815279042485,-0.3711175860334072,-0.4524265457769,-0.2531158504785443,-0.20676677674667304,-0.5646812489966366,-0.308525299719138,-0.30043827956327956,-0.46206408559492274,-0.053354441397134134,-0.3108519599551681,-0.6679486290793514,-0.209638466738143,-0.3009711261542092,-0.790037439356429,-0.3000054355213437,-0.28039157031404544,-0.8907177834908009,-0.35150130720276773,-0.052455323228089934,-0.4650054021813527,-0.09419485476952705,-0.11890360392045206,-0.7132130128695108,-0.2831563164924808,-0.1897495180420045,-0.8683438866507206,-0.3890519056787757,-0.23644106765545392,-0.9999985720497802,-0.42255136357307743,0.19239400490463177,-0.42369819481086995,-0.15659268641896604,-0.00776251220071115,-0.5509306492781789,-0.42501843350114793,-0.14757939793897007,-0.404608830574778,-0.4341100194085376,-0.1959324705497571,-0.28862454166839663,-0.35272662881387196,0.41404116423822335,-0.3492532149686804,-0.22967145160229804,0.1395082679379697,-0.41204119152140145,-0.43632945461792594,-0.015485361992449664,-0.3071394818741103,-0.4227381428788509,-0.058975278543411544,-0.21400610262130093,-0.353264582152738
27,r,0.0,0.0,0.0,-0.3294309198639271,-0.11741476900711977,-0.21998121033248993,-0.5489553702446625,-0.28700688095967186,-0.31711730154612355,-0.4041933769720236,-0.4353655501953041,-0.4187506566847227,-0.09389910845243535,-0.5157020676770455,-0.4990763345065892,-0.4172028892341378,-0.5525116748759956,-0.008567728161208708,-0.3341591026848899,-0.7533984396732498,-0.12443629797063668,-0.2745169895583345,-0.868229230074984,-0.20286446985968992,-0.2015336876478221,-0.9711343888504458,-0.2570180449684642,-0.13615628487593853,-0.5522798171118202,-0.0055607460989329435,-0.15650309462607956,-0.7757060329376196,-0.1384988895909755,-0.2212302458329454,-0.9005292186972608,-0.19609160285003313,-0.2642938673456486,-0.999998568036889,-0.21073280399202332,0.14220037680022368,-0.501623099208372,-0.0486273069091711,0.025937940454297658,-0.6312962005834376,-0.3008765037456194,-0.09192347375066129,-0.4699690732305719,-0.3266500782550023,-0.11274970373322402,-0.34573709703029115,-0.26285381484676695,0.40063519460433417,-0.4204667364279789,-0.11092326430320959,0.24957215825738246,-0.5279413666264708,-0.2965357960893595,0.10442202834473337,-0.42402205951530764,-0.2930768136798563,0.06860301242537842,-0.3253204696283572,-0.24476005400712858
27,r,0.0,0.0,0.0,-0.29923655625047124,-0.11405592209379287,-0.21076219499428375,-0.48776980066341896,-0.30697067099516295,-0.3291379362171572,-0.35828252858333665,-0.46039054537475255,-0.45852982648715407,-0.03725699115069856,-0.5388452342942577,-0.5768037978431562,-0.2320432431215796,-0.5256006632247628,-0.06569570368217313,-0.14509871697314755,-0.7439571763772523,-0.21813934688194453,-0.1119248136650022,-0.870333003808798,-0.31691385173119335,-0.0367977535288372,-0.9730910657464165,-0.39289919449353117,0.06369265801020202,-0.5153653717994,-0.08158278993273849,0.041985821530760074,-0.7619052890246871,-0.2427595323933037,-0.06455317974906269,-0.8970442351935034,-0.32942842816027823,-0.09624022442413378,-0.9999985268205014,-0.3721840654139558,0.3323513206411551,-0.45422859506612523,-0.13532468846957366,0.2786458076854975,-0.6570884288268445,-0.4088176173456839,0.03933032169130859,-0.513141406050319,-0.42676981308096124,-0.03974135253412561,-0.3841571879541074,-0.36781004658657807,0.5710256301315522,-0.35570772460898853,-0.20434610539558523,0.39926926681361136,-0.512124058614968,-0.44940614475088375,0.1686025511450164,-0.41976513846645863,-0.458606702689437,0.078066971191144,-0.31301522155227435,-0.41072806341429524
27,r,0.0,0.0,0.0,-0.2855032546369208,-0.09922684897714017,-0.07611755001717149,-0.4242790210204236,-0.3199983796463154,-0.09351513124145724,-0.3644581561897464,-0.49476451489112827,-0.13025390472485332,-0.2538258356897784,-0.6107872459726107,-0.16247292585311765,-0.21001905134490112,-0.5040419945340262,0.017214814416962515,-0.20066737446300387,-0.7290819850216493,-0.08612929278744456,-0.2170565370573746,-0.8818292892424839,-0.14558767515173823,-0.22915016914013464,-0.999998420275247,-0.18037796487554042,-0.036598211851614756,-0.4974448430705125,-0.021284058755047346,-0.09941017641918545,-0.7435223401850949,-0.15940847630761948,-0.19475325189758808,-0.8644975486519169,-0.22297778471095328,-0.2552833688891313,-0.9489072654962513,-0.2324013754777309,0.15492496493778504,-0.4623650852477336,-0.07979675146466424,-0.019836603598789915,-0.6080548949828875,-0.2813076899211548,-0.12052456381472708,-0.45564778698604336,-0.2902131005413296,-0.14219561882062914,-0.3101411634545357,-0.22963444461995877,0.3485357865044355,-0.39926457063078036,-0.14697593091632746,0.12380233042234831,-0.49160482358516333,-0.3111458553556153,-0.007402728212572957,-0.38229797838137997,-0.3103478348609084,-0.04722319998095856,-0.2625012631167351,-0.2637485084285536
27,r,0.0,0.0,0.0,0.12784250625185595,-0.11760332308985802,-0.12039551812751181,0.1691014118691027,-0.3221836968598105,-0.1271621998601933,0.029260242193579165,-0.4874800216629619,-0.11593511948388231,-0.10121075210049399,-0.5610878982074533,-0.09654266121875321,0.23438452730819087,-0.4997224032159701,0.008040539031212973,0.17227506162688644,-0.691564310775458,-0.043762457089602934,0.10174252442759522,-0.8239563957709645,-0.09869660745227038,0.030179316909204987,-0.9400556268569612,-0.13081300939076415,0.11839663133172836,-0.5174356784761303,0.026562341077586742,0.10715084749059624,-0.7334457969069459,-0.008679310030778577,0.07859685646446923,-0.8673073803112128,-0.057226252392378225,0.05067899163741208,-0.9999982518547673,-0.08082674928536947,0.0023304829759862957,-0.48999034965444277,0.02081952751602179,-0.08416449762057063,-0.5787275057816605,-0.07935026312669506,-0.06654140536209677,-0.41325685843452165,-0.14207089317536342,-0.01953787900658313,-0.3121735399689929,-0.14643895974230975,-0.09813994534983263,-0.4270721023912907,0.006156920789928382,-0.1416634810752832,-0.5041657004325034,-0.07747480445102826,-0.11228815265944808,-0.3957212400407684,-0.09770568850826475,-0.07641141651372539,-0.3114113347034407,-0.09145089039044085
27,r,0.0,0.0,0.0,0.15000987327385545,-0.12505994051964503,-0.045696482914239084,0.21628252297012893,-0.33609469814980864,-0.05312813223216533,0.10068832463715731,-0.49083060614012297,-0.06907413782560952,-0.04351550174734506,-0.5150038994062545,-0.08187449628211474,0.10625719662968029,-0.5206313882539871,0.01284442547871663,0.10284672449735097,-0.7223881671574679,-0.024403389916264485,0.0851313029654567,-0.8380547904732043,-0.0513993495857396,0.05789206388687754,-0.9450819255878854,-0.07152747066030204,-0.002301489966329172,-0.5057961796815434,-0.01470297936326845,0.03171605063004706,-0.7428765855995607,-0.0722882798746949,0.048476003884642856,-0.8777829394302434,-0.11093127245445653,0.03426703450896635,-0.9999977288045241,-0.12828401065560308,-0.09216546096442324,-0.45754083509018434,-0.052952311279554805,-0.0966128964013865,-0.5872018603092939,-0.1653252012129268,-0.03404366773969142,-0.4443834493894943,-0.18504764085365613,-0.005903516025036695,-0.3347586941219454,-0.15997255502175192,-0.1775738740975804,-0.3919269143025726,-0.09471899082770793,-0.14788599373254974,-0.5185490684691465,-0.1704953973657439,-0.09148872734041998,-0.4293204067123902,-0.16156844290132155,-0.06844675291721614,-0.3423164779776122,-0.13680286387952517
27,r,0.0,0.0,0.0,-0.36602230814883707,-0.10309259574716574,-0.21464875205663903,-0.5560598502321424,-0.28107200362251794,-0.31953017770985537,-0.4781050275890051,-0.4380195119907223,-0.4373726543101448,-0.23809821171910914,-0.5316818891397265,-0.5305543111281469,-0.3514781975750716,-0.5322038176383354,-0.041510388138038964,-0.3338753587301697,-0.7491311459395498,-0.1923429166164681,-0.30988795949296133,-0.8769002538722228,-0.305260517694793,-0.2674147843893587,-0.9868121978043596,-0.3958699523658904,-0.09317324868683383,-0.539553606514113,-0.06038379654166567,-0.1009240471451617,-0.7697087982415521,-0.24165748003104973,-0.2283805765579924,-0.8996676832262086,-0.3574869168315365,-0.3186558504517685,-0.9999986033165073,-0.4258385714457985,0.1499403716497399,-0.5002221171342129,-0.1186585713063743,0.16078511263152276,-0.706322103457745,-0.37797370304274513,-0.07922673979219179,-0.6144095333288001,-0.401795811740997,-0.2124575740970415,-0.5151763530366963,-0.35224648664429126,0.38195134614948795,-0.4254287934347588,-0.1995972607161622,0.2792478554031194,-0.5722958682692588,-0.41381165554663846,0.06199731354486716,-0.53091425173871,-0.4370521879642807,-0.05594612306605919,-0.453336130021676,-0.4080302745046263
27,r,0.0,0.0,0.0,0.16534818090531703,-0.1470919308278204,-0.03557927930852791,0.2381512591227948,-0.34914548066894774,-0.04874989925554762,0.1301197440501176,-0.5156300649077729,-0.07196374461038173,-0.009409283975003239,-0.5813110262642324,-0.09576391671000169,0.19256933890439334,-0.5227385526408809,0.009441261078712982,0.19120536237656025,-0.723114788979342,-0.04021306645178415,0.17403678318984886,-0.853166852774764,-0.08715083973915762,0.14099858043159494,-0.9710620004084852,-0.12332831266087518,0.0796054091992371,-0.5196846972192838,-0.025672124953053602,0.1157978575407682,-0.7387828676666904,-0.08280633914623935,0.13063020475301787,-0.8744018983450254,-0.1337399192683479,0.11711888569479649,-0.9999977691822163,-0.16575042760906536,-0.028800009363035253,-0.4692741431911732,-0.06989380418813147,-0.032073260502211313,-0.629125597084978,-0.16493793213496472,0.030027162743360064,-0.520377455818427,-0.19587538765562498,0.06551515138081046,-0.42345055526568104,-0.19233846275404953,-0.14176101379195713,-0.388735903290921,-0.11733142158638982,-0.11355643110972093,-0.5062457122643127,-0.19208255094620386,-0.05031421936302818,-0.4328281930705123,-0.19673560169829904,-0.008850024345829315,-0.3461670175939368,-0.18670060778511577
27,r,0.0,0.0,0.0,-0.32663208217745016,-0.12597214662775327,-0.18210118165870262,-0.47029727725621173,-0.29583781053644453,-0.31383713939548435,-0.4140928209786283,-0.4408636520388856,-0.4705118085391421,-0.1983450522354298,-0.5348767500374453,-0.6130928462870101,-0.030759457561957214,-0.5442277564823962,-0.06376523538116181,-0.0008622118282681761,-0.7540103144393238,-0.23836837916130818,0.006747676758436278,-0.8789743704293749,-0.36432240591172316,0.04783537242412778,-0.9782456590764906,-0.4578054515086024,0.20206100677586444,-0.520625650469051,-0.12011724333756536,0.290454459364599,-0.7595036725822177,-0.3207621288114781,0.14773411931100114,-0.9019034425723985,-0.44534357485352005,0.05662774397053094,-0.9999984568472284,-0.5126261746152379,0.39428531161294716,-0.4526220267557869,-0.2109014964677653,0.38717836459622035,-0.6510760741924646,-0.4786419767510438,0.038769731052486225,-0.5754836251001635,-0.49276577728270643,-0.13087196381397836,-0.4776728951445378,-0.4358045631838006,0.5176163711448083,-0.35410618522820647,-0.31929370590926515,0.3628454848496138,-0.5290304222027463,-0.5133110967807167,0.06990648677099945,-0.48907503491255044,-0.5001004644836441,-0.07168848932709798,-0.398041461008188,-0.4478006118247733
27,r,0.0,0.0,0.0,-0.2910501961497288,-0.11151853248883571,-0.07765214029173538,-0.4749571169542445,-0.2900210871728704,-0.12684907381075272,-0.529142168402821,-0.46978791942694303,-0.2002801385221284,-0.4119072739117353,-0.5189630782790048,-0.26728825137224427,-0.2873578871724045,-0.5082669150982908,0.007129914717792279,-0.29252366820682685,-0.7315504931775481,-0.08826545899527952,-0.29566881270920264,-0.8640317499488577,-0.15299461779085374,-0.2915600858113423,-0.9784586815040224,-0.19700332764033415,-0.1363026478577976,-0.5072489754250757,-0.0301211604250275,-0.16186318313413522,-0.7518653540475209,-0.1429824321044208,-0.2195683610791665,-0.8905115846168234,-0.20635196908797465,-0.2696390790774657,-0.9999985302759231,-0.2323956752995634,0.032543934323643296,-0.4746363608343239,-0.08673904224885282,-0.07789454840348246,-0.6510481094787178,-0.2490101239719216,-0.23451359017292933,-0.5720405728180754,-0.2768802960369268,-0.3336869760525859,-0.4783913493156229,-0.24450836898939005,0.2011755402608441,-0.4155158788135212,-0.15257571415274224,0.06615109875174549,-0.5335109429702114,-0.26268868833075015,-0.08226809730066545,-0.4797201898408381,-0.2687260473594699,-0.17363181847055803,-0.3979727134935218,-0.24360959045563194
27,r,0.0,0.0,0.0,0.11980695330767717,-0.10302596588472851,-0.08362300258982736,0.14870388740404542,-0.29544717864277836,-0.11918205031655646,0.007785953108008804,-0.42423727827696545,-0.15063571467559866,-0.12695323559334984,-0.4843105348145448,-0.17720029822560854,0.15180369251776174,-0.4862585151554009,-0.04986597678682527,0.1165092253172022,-0.7000898495086298,-0.11675092029082533,0.0836677110925631,-0.840186153975749,-0.16366137146772142,0.050775393913286525,-0.9581824938619384,-0.19401680404664184,0.04465274021503731,-0.4784530075194849,-0.06793483063390456,0.05626104552129612,-0.7202801664460899,-0.1425977119516735,0.06271175917781087,-0.8676465338457588,-0.19008889136337384,0.05375403858982061,-0.9999983718583698,-0.20961488809840628,-0.061403498181692606,-0.4239114018267789,-0.09925315388385161,-0.11365479798916092,-0.5447372285265075,-0.2298540428332328,-0.07659309639428258,-0.412792687554228,-0.26239867274273393,-0.043778948804233296,-0.32167343974655155,-0.24330156551681395,-0.16350923671713757,-0.3371750855248279,-0.1350531820535967,-0.19345988329001737,-0.4114687052999411,-0.24405887890220507,-0.14488808573003234,-0.3119100531998213,-0.250677116150779,-0.10397972221362475,-0.2317360035560198,-0.22909854903790747
27,r,0.0,0.0,0.0,0.11553156123937433,-0.13085209551640795,-0.13017977578487122,0.14446619443643388,-0.3280632906382042,-0.14122807545165658,0.009345557373358923,-0.4805927361113745,-0.13294594706902366,-0.11008582567837556,-0.5562989929732617,-0.11202734169135466,0.2112262780861169,-0.5101548434758992,-0.008128406604529502,0.13879898171943622,-0.7158466991456295,-0.07366788357753433,0.06612199692405653,-0.872667991129871,-0.13353847712224176,-0.0027350002276435577,-0.9999982105609991,-0.1691935261072892,0.0937362465657641,-0.5167516949560496,0.011910610520818926,0.07510928713295588,-0.7498308835088128,-0.03700747469355919,0.06763964607055707,-0.8803475368602236,-0.0785930171648126,0.06179655286704739,-0.9963312784043691,-0.0943521994017258,-0.019384184122918598,-0.47676752218277124,0.005350380532395224,-0.10218880249987389,-0.5716435788268316,-0.1131488197753397,-0.0678914143473379,-0.40907838639375355,-0.16230361603298937,-0.013299615224161378,-0.3082554574598425,-0.15164884762153868,-0.11544884728104196,-0.40186195350296144,-0.011822100973036551,-0.1545102074592312,-0.4762311346954038,-0.11406105980934603,-0.11809484067666959,-0.3652126838053478,-0.13153214367066154,-0.07865862787880391,-0.2792493628158678,-0.11829279071143604
27,r,0.0,0.0,0.0,0.10283709418049138,-0.12354527854103989,-0.04982812483015922,0.1450270309401253,-0.36323948431210296,-0.062249669684856505,0.09626248685347204,-0.5579460090296066,-0.07422149864323058,-0.004002601748965791,-0.6490863769253168,-0.08343578728121223,0.12036723923274469,-0.5085686800257967,-0.014917940074767416,0.11714344916263802,-0.7262537542723662,-0.03875709183023414,0.09894513324232462,-0.8784030252256636,-0.06364969297473376,0.08000274476028686,-0.9999978006578423,-0.08597593774430823,0.03311358863487894,-0.5258509319818166,-0.017864333378640136,0.03272451052296952,-0.7309721784708203,-0.04590107246777355,0.06509415768713216,-0.8233931744242271,-0.06877647795306352,0.09102133726039564,-0.8715681039293977,-0.08659512154129549,-0.0501167478347482,-0.4986295564315229,-0.0287109365244768,-0.06555179639625473,-0.7018058711795077,-0.07474142196755564,-0.026961880899847416,-0.6610824495269932,-0.09100211447054922,-0.0026425325403875285,-0.5590451415866499,-0.09299972021724254,-0.13617576607620202,-0.44388411619333473,-0.045007556156865657,-0.15646681884911717,-0.6143742645382062,-0.0865796364159689,-0.12077375244872551,-0.6138671389735426,-0.09756888091664921,-0.09322943420008648,-0.5452090755959031,-0.10069669598248307
27,r,0.0,0.0,0.0,0.11573552126040405,-0.14203817326460133,-0.10671366027509183,0.1682272410432389,-0.32276360484149,-0.11283248045464024,0.05420982513756847,-0.47258973025740597,-0.10496181333906723,-0.06272529210503719,-0.533161947001073,-0.0862352357225728,0.2582756635218338,-0.4566830184407042,-0.011421334300818655,0.24686018713827743,-0.6765160746503733,-0.05681227586481117,0.2126402435259185,-0.8253779642086173,-0.09627110868074794,0.17250052038641622,-0.9508447485651482,-0.11864096576077146,0.14976210997450604,-0.48298211112354755,0.0063391227024752516,0.182684052837819,-0.7178146447768706,-0.03143261346494899,0.17694066908954026,-0.8692772205282238,-0.0660242444439897,0.16667820345281767,-0.9999982436616714,-0.07948802520942959,0.041505036936506645,-0.4670613190503133,0.003833802930891013,-0.021999013743589247,-0.5875670113834975,-0.08923470330759671,-0.017592050477794635,-0.46597378934779987,-0.13394628312605925,0.01305967347723456,-0.37971238010388014,-0.12742196856983667,-0.057829864326374734,-0.42705878681182113,-0.00785380900558211,-0.08197295044202706,-0.5242154880920105,-0.08546207784435046,-0.07061023576324679,-0.47804967687139627,-0.10492703144142464,-0.04747297198785042,-0.43559403941858094,-0.09953265747193658
27,r,0.0,0.0,0.0,0.12692074916327897,-0.13124744438300837,-0.06692964020583042,0.1732672401775043,-0.34339503906978786,-0.08673265149984692,0.018318872853306536,-0.4898090903731994,-0.10631121116725509,-0.1336710592890378,-0.5229261456163332,-0.12423670012819846,0.13704377929223066,-0.5136053864854456,-0.023694579680868955,0.11222970939966019,-0.7196943091661044,-0.07548931128560286,0.08707895192109519,-0.8542740921458369,-0.11379387563982775,0.053925451951319245,-0.9668745799671035,-0.14093539587297277,0.019503772896784812,-0.5084696832691861,-0.04036029304949295,0.01694558035874502,-0.7229023379658299,-0.10381936385959194,0.015794121801628785,-0.8654656670495776,-0.15314059480948858,-0.002222965987857211,-0.9999972764318444,-0.1799111844297969,-0.0910976120904752,-0.45598529964037077,-0.06762109569599213,-0.13245791255319547,-0.5806493978234618,-0.18841343883137673,-0.08002125609423673,-0.45806216204703465,-0.23109964958559095,-0.04348058810046104,-0.35989800674617317,-0.2232832703290578,-0.1969769293335653,-0.3725689209938249,-0.09698148289985532,-0.19374373825041213,-0.45762027988258086,-0.20504140623833858,-0.12777196486104284,-0.3725242782329047,-0.22770600836125776,-0.08201686867602581,-0.28953784995834836,-0.22057278509978795
27,r,0.0,0.0,0.0,0.11520198800034578,-0.11559949199481102,-0.08088994084582898,0.14475988613328888,-0.3135652071672796,-0.10523290502036471,0.005913476567626394,-0.437327378718204,-0.12612396409288043,-0.12985291725853065,-0.47510903790867676,-0.1410829091520736,0.1435973932418159,-0.5015263130359576,-0.03283815692171453,0.1137794719161201,-0.7140780346595933,-0.09937720809116073,0.08896610785980195,-0.8531737022776191,-0.1421681728315463,0.05702105170139986,-0.9676083776281859,-0.1668114287003022,0.043714579403736326,-0.48847920000168354,-0.049653833796620306,0.049759893373487914,-0.7239903577818962,-0.12186706242177787,0.052625602199251,-0.8667794644475172,-0.16522942729832577,0.041855008104407836,-0.9999984087305235,-0.17917784815493454,-0.05807513441256415,-0.4294166603554328,-0.0820126039034495,-0.1257288725953611,-0.5188463331813404,-0.21525383724364958,-0.07935506639782325,-0.3842943610075654,-0.2559302521695263,-0.03247288000216233,-0.29749593509515215,-0.23868122504248215,-0.15477217804828244,-0.33906607007921247,-0.11842976969368944,-0.18886627870837713,-0.38870123957946684,-0.22768150418203903,-0.13412938113408523,-0.29092303439927003,-0.2413717513634069,-0.08938149052354821,-0.21794382394703027,-0.22413287287091482
27,r,0.0,0.0,0.0,0.12348594532667902,-0.11574582130227336,-0.09584468240640104,0.1617248728456004,-0.32832147128886546,-0.10497252659100499,0.034711135998908696,-0.4804796571012767,-0.1040711306035865,-0.09401569462808598,-0.546601926447819,-0.09280183820200602,0.19329920426274724,-0.47380724531031715,-0.014589916356518165,0.16521585368442504,-0.692706152309868,-0.0623517258436767,0.12969338435482183,-0.8350807353423536,-0.09798247587752802,0.09631225187874819,-0.9554872383863938,-0.11884069762983614,0.09263567879362589,-0.4834750098575274,-0.011808906598280957,0.10683034721098084,-0.7294565757491118,-0.059348638389838684,0.11232996017038346,-0.8748657317190699,-0.09231044193041567,0.10705242617207536,-0.99999864118647,-0.10275294173007662,-0.0126367545383857,-0.4595838248757526,-0.027978360241306895,-0.0787823494650867,-0.5781432537888732,-0.14276501829904992,-0.04756025050665612,-0.4347653265952719,-0.18334866269745945,-0.011696037130248249,-0.34275862854995387,-0.16827619721948722,-0.11198493596386899,-0.4109239109503289,-0.051194429635892186,-0.1393641455911497,-0.5005062470036984,-0.14613182889453832,-0.10352730737478923,-0.39145393580360455,-0.15827568881677487,-0.07719896372861773,-0.30451342418220506,-0.14273607392679566
27,r,0.0,0.0,0.0,-0.31954360296854767,-0.12184791677349707,-0.2608927006590064,-0.47763903773730465,-0.3255914492671316,-0.3536484775828255,-0.2781188390877175,-0.4940148398120179,-0.4393174141150487,0.04517972927305382,-0.5910723986326208,-0.5060829136489826,-0.30290919704061164,-0.5349063197317561,-0.021194763281034073,-0.24186900122786306,-0.7463695476084389,-0.11254998682053544,-0.21201901859427968,-0.8706370424546611,-0.17382030709615545,-0.14971128132657816,-0.9679980151446024,-0.22810119076861599,0.003643896787337764,-0.5290821572193403,0.010207907650942014,0.012443672286348703,-0.7842249352646085,-0.08724426280808871,-0.1305897363570234,-0.9132804271370646,-0.12915352226961255,-0.21028241679806253,-0.9999986343554599,-0.14689154272933214,0.2673654527044529,-0.4749491750896263,-0.007032624587313344,0.3079282444405859,-0.7067255036505009,-0.23892714414437294,0.09280321204987063,-0.6282834337228125,-0.27490816260691286,-0.002038224892886066,-0.5271309882978177,-0.23783947359425445,0.5108446841571991,-0.40041147797392557,-0.0458716246567227,0.45403413059221986,-0.5852772547773262,-0.274432285119691,0.23834549320316822,-0.5485045519973658,-0.32163595380365395,0.12573242828860526,-0.4638941249103139,-0.311938655252519
27,r,0.0,0.0,0.0,0.16315607636091337,-0.13273711200226507,-0.08231307309738883,0.21117726010905355,-0.3424371809718558,-0.09629806906023461,0.07274680993540877,-0.4713882915560148,-0.10722491517743948,-0.08045548734566996,-0.4782114771586792,-0.11290175564770662,0.08738513254129063,-0.49633930864479603,-0.010345173833644777,0.08183187616523206,-0.6937819955186078,-0.048548084857149246,0.058884112322895296,-0.8142753543101825,-0.07866918655710826,0.029230551293798916,-0.9203165662091612,-0.09815196708365016,-0.026046792307344285,-0.47448976293438727,-0.020141737576519367,-0.013719015734338735,-0.7295862338158782,-0.05932251809166948,0.01635260491613141,-0.8767214271807413,-0.08658822773732798,0.01861448554329036,-0.9999978428797267,-0.09639490164591726,-0.1259953139869695,-0.41811555123238614,-0.04568454841898239,-0.11472795467592925,-0.552774464606533,-0.15013558845331954,-0.04431952712831833,-0.4140819155437077,-0.1694827390727119,-0.022734780369230313,-0.3170232960876124,-0.1425787252512506,-0.22192723608427709,-0.33903664556785973,-0.07740115380272,-0.17850290812982156,-0.46732906956419834,-0.1511320399574397,-0.1134839331884306,-0.37256370288584334,-0.1368327519399355,-0.10469073081852379,-0.2872171815475949,-0.10667842581462339
27,r,0.0,0.0,0.0,-0.22426236710504138,-0.0677949787641051,-0.12383406437249644,-0.38645510914284986,-0.24207628031892275,-0.1945000738464065,-0.35494982628120747,-0.4138627359836998,-0.2721556982140306,-0.22522175587161608,-0.5345371786057554,-0.34015034296678925,-0.3384490356512365,-0.4868442878960833,-0.06464217594675326,-0.34614337706886034,-0.7019594378604413,-0.17880722561342952,-0.341062532478531,-0.8403973224506084,-0.24579426198054063,-0.32567850518060876,-0.9623652647842966,-0.28696193852212387,-0.18354408044443624,-0.5023845149977246,-0.08117662676423175,-0.25137928392122605,-0.7442870175962981,-0.2135202933438835,-0.3301507796721589,-0.8823991451027761,-0.2696566536384583,-0.3876847366227668,-0.9999985400569101,-0.2814646843993454,-0.019467325119487067,-0.4726492065135996,-0.11810834084321986,-0.13759418810161145,-0.6046166338863687,-0.30850400167515885,-0.20259732380013684,-0.44141089913820225,-0.30950694364605746,-0.21366949685060696,-0.3182643661963972,-0.24913815605157613,0.1444600179141053,-0.4081357289184317,-0.16577473414886273,0.0018921060903416974,-0.5008229085477865,-0.3085149008536635,-0.05674873749163402,-0.3812460414824482,-0.297912828298815,-0.053079738982328845,-0.2763493888947095,-0.2503561229333324
27,r,0.0,0.0,0.0,0.1473394624433859,-0.1442170991541858,-0.04079326583927463,0.20046302743855587,-0.3348538045859295,-0.06346927350554987,0.08613583945697177,-0.48385647955668837,-0.0964248427004518,-0.03969030620841964,-0.5483524019543017,-0.12934645927574065,0.12280387006709308,-0.49869815316408,-0.006370145487377985,0.09521837150123703,-0.6960228458733982,-0.06310086562201794,0.06628637406395183,-0.8322463457650764,-0.11106053131472628,0.03329864238167436,-0.9534295405734297,-0.1474244923256001,0.014340809247815237,-0.48641382653549475,-0.043303247516219764,0.0334702288858107,-0.7208963939208848,-0.10903698979057364,0.051733677044972275,-0.8684134055393544,-0.15897549028486296,0.047495921621685824,-0.999998213624671,-0.18881133813293768,-0.08403469004377019,-0.4329867509414786,-0.08968907419809834,-0.08077989689759241,-0.5832199188908608,-0.19617037877322166,-0.004720572055620424,-0.4683863830219542,-0.22159339759613209,0.038329326564689806,-0.3661460081938247,-0.20991834147637783,-0.18286689266322828,-0.350461681410054,-0.13947928652640604,-0.1467199302843308,-0.45987903577157313,-0.22055474823142596,-0.07468878895328637,-0.3822591149044692,-0.22254187487229307,-0.030670009542167226,-0.29662147790040083,-0.20860813770243392
27,r,0.0,0.0,0.0,-0.34370247039946433,-0.11982742862162836,-0.08527078492748115,-0.4847376679808454,-0.3208130906326052,-0.12459249001669968,-0.42282972821614606,-0.4872348103494858,-0.18949199575221914,-0.300694938831014,-0.6120264120408219,-0.24480652164408237,-0.31275908732819224,-0.4840526926264116,0.02228300433391423,-0.30543704919951237,-0.6787983840556917,-0.11646791520319784,-0.29546431655299704,-0.7986649925560212,-0.20056367409944378,-0.27539150580704547,-0.9022745980981787,-0.24929398449530882,-0.0975752533936439,-0.4913730386008619,-0.03600329420549677,-0.13890438490916707,-0.7292165098241717,-0.21343634690410265,-0.19990277008116383,-0.8751967895044649,-0.31488773989209745,-0.24843201784369473,-0.9999985441211786,-0.34761393760997783,0.1239992396261768,-0.45916743864000775,-0.11496277655738364,-0.0750360627751749,-0.5952267482377838,-0.36206007521104283,-0.17707075000383163,-0.4448637023256503,-0.361699733137275,-0.19651342854781692,-0.32444566848931666,-0.2781792524433853,0.3383137835609734,-0.39374892967740915,-0.20229431399063905,0.06662106656844428,-0.4663500692933094,-0.38214134672814243,-0.04813172168428156,-0.3593589755489732,-0.35889385939887,-0.059694081369524275,-0.26431535843711185,-0.2876650568631867
27,r,0.0,0.0,0.0,-0.3265053570138272,-0.09663720167101904,-0.20275697374787768,-0.4953301789508449,-0.3081182618284088,-0.2783119668729891,-0.2750435643244394,-0.48790794481656735,-0.3472805342150455,-0.017250070188138254,-0.6058680610342363,-0.40879555903672754,-0.3924032723719918,-0.5263296124356273,-0.10544493054768712,-0.31924557816626964,-0.749411462454128,-0.2952144046188641,-0.2200222552007208,-0.8829198983421522,-0.42095285242302755,-0.12487347769616235,-0.9999986409636321,-0.5089914670932779,-0.12263519135609566,-0.4965691485895298,-0.1157556771933111,-0.11720312561462805,-0.6891119563583883,-0.3777741732294814,-0.25280237845878784,-0.6332729029716737,-0.45368720792392836,-0.33217472655107955,-0.6015291966500012,-0.4441180204517166,0.12053315522408832,-0.43527145986072724,-0.15961471637347469,0.13755252351415698,-0.58575864009153,-0.45126414945271814,-0.02810067385612347,-0.42712407004122527,-0.3907987048604209,-0.08199338249007568,-0.33091603222412924,-0.26582382930579346,0.33529223985801676,-0.3461640668045463,-0.2237252489301495,0.26509794717514573,-0.4445925293856822,-0.44363818804539107,0.1241354422350275,-0.33643570474325213,-0.40404373177455744,0.09624886427658588,-0.27104467742131316,-0.3194014694592184
27,r,0.0,0.0,0.0,-0.21664737751528085,-0.12485828094439519,-0.1884922885072563,-0.31469114348212657,-0.3283350526946502,-0.2594342734062287,-0.1740109336006157,-0.4885239923219746,-0.3391544562724902,0.05730560872141382,-0.5992506048076055,-0.40576853140980595,-0.20418079584840257,-0.5278953328181857,-0.01987602466292049,-0.11236587717791534,-0.7390925309298202,-0.14107177618959768,-0.057709303111639944,-0.8655084527952335,-0.21022946163449097,0.027952708883325898,-0.9675278304100431,-0.25250956438884925,0.02999833790227977,-0.5195028834540288,-0.027584547160345085,-0.015892605968964607,-0.7691470519232567,-0.17729333545073048,-0.07698822761358416,-0.9045412453504348,-0.2472425044832638,-0.08528097392255853,-0.9999987201685595,-0.2609977691164474,0.258921129635099,-0.4702057109523277,-0.07185340690354325,0.2175629750055849,-0.6109835260818156,-0.3206689605975947,0.02907522644798529,-0.47835771346879125,-0.33737444778769493,-0.06227024111187238,-0.37460642436711483,-0.2674673302541435,0.48444165950017726,-0.39550470346386635,-0.13132591697136028,0.4153104445680218,-0.5153411390940181,-0.31726473441947045,0.24413936979434167,-0.4271991375627236,-0.3002628461422153,0.16000555313561923,-0.34331476925170323,-0.2353481474091073
27,r,0.0,0.0,0.0,0.12515913271129353,-0.12683534219907255,-0.13841425805559748,0.16874573127076675,-0.3351555926041152,-0.14966070694864878,0.03674983732505696,-0.48479596149238546,-0.13947230832688493,-0.09751728591057962,-0.5336098660366412,-0.11499889904029757,0.2282490324796995,-0.47458551327645854,-0.03739393781881625,0.18636585588767135,-0.6994319730357138,-0.09247681829157578,0.1492422212488845,-0.848005771240374,-0.13194923558568072,0.1156771247075275,-0.975344015915605,-0.1540750180868387,0.11991214391354878,-0.48971415484406816,-0.01270835760586827,0.13262270567393988,-0.7353793064094541,-0.05876356675119552,0.14174963044788874,-0.8777700593556239,-0.08615585023464846,0.14726892017484847,-0.9999985224930444,-0.09120350651801096,0.005501280173264867,-0.4672489759187257,-0.014153183958493317,-0.07129652059249088,-0.5828300203177883,-0.13390142276974934,-0.04622959963875347,-0.43537532433110965,-0.18244719852467411,0.004369232212529553,-0.3395179556470203,-0.1694850093936493,-0.10028018922631722,-0.4154511657360077,-0.02704838492532403,-0.13566768527566567,-0.4805974017251401,-0.13074759324935933,-0.1000406489522342,-0.37930277705133675,-0.15678149293543708,-0.06635098266172632,-0.29969033403196704,-0.14979378610183763
27,r,0.0,0.0,0.0,0.12666419862672398,-0.1101638381397464,-0.05132820087049093,0.14962450820302342,-0.3203117364554307,-0.060714437487566775,0.023267181779729453,-0.45860370274757833,-0.07621456147168709,-0.11872812076466249,-0.5055936847669948,-0.0919044825134911,0.11506808741631538,-0.5334919323411262,0.010866740444190512,0.04305895378332313,-0.7354863784703122,-0.04038080516774874,-0.00801979159865691,-0.8684778817316405,-0.08359394005423593,-0.06504158696621892,-0.9813711316063776,-0.11327655647604998,0.019024982315450915,-0.5129309866447529,-0.01814966514904311,0.0024778015406856013,-0.7515303388564676,-0.07854739305827205,-0.017128721578005088,-0.88247159813003,-0.12515834765194797,-0.05884380022287372,-0.999998688624238,-0.14597696125932672,-0.07350972776479295,-0.4491515542645977,-0.059927671990078854,-0.13784432056900867,-0.5565381833304851,-0.17873085958927243,-0.08023348064590702,-0.412151880463418,-0.21601065393529223,-0.030885288138084048,-0.3133401252561616,-0.2030237105114901,-0.16588287267833027,-0.3567860694315331,-0.1043765004767364,-0.20167389521062598,-0.44007568769382077,-0.2012079001600301,-0.13781344575485818,-0.33420727876123013,-0.2088624896057385,-0.08030476629275576,-0.24330088293005764,-0.19273137626318357
27,r,0.0,0.0,0.0,0.15745280210928528,-0.10363372276269944,-0.05770402177377996,0.24107632012513183,-0.3218103072061005,-0.06609595296839588,0.1932925931546965,-0.5201776450870398,-0.07557142385294299,0.09114830088055581,-0.61623015152229,-0.08356148169208678,0.24083475737608642,-0.5292458831576868,0.02240372162268421,0.2833302559600115,-0.7309134086468813,0.015938007100505778,0.29304424425125497,-0.8541237619914802,-5.858572509410142e-05,0.30096488721069625,-0.9565068985734734,-0.016449522779091504,0.14634366850503638,-0.5622556736892812,0.01538393007221207,0.19606154917893978,-0.7842731058425046,0.013446937490283027,0.22336268202661116,-0.9006066976457595,-0.005193280428592333,0.23604617159871286,-0.9999976907405025,-0.023111285516322775,0.048123979457979686,-0.5460153618960496,-0.004431643748152971,0.05385748162976741,-0.7422980338991155,-0.05068829713176975,0.06664915827921936,-0.6275456113720198,-0.07734907792925169,0.06178569493177133,-0.5174956791809712,-0.08203816531789805,-0.05662547415586635,-0.505333786211438,-0.030335444056004694,-0.05101364803544965,-0.6837419847471744,-0.0740114687412833,-0.03217175360990597,-0.6174585428350284,-0.0836025077871793,-0.02986954361529976,-0.5202894796930793,-0.08456113682482633
27,r,0.0,0.0,0.0,-0.3478014875943691,-0.10696373789196839,-0.19693145524295105,-0.5122476198319147,-0.29241636680875305,-0.31043372046613166,-0.45395625986447563,-0.4498603489661854,-0.4415427137868236,-0.22674396178365924,-0.5556779748290177,-0.5553638052715939,-0.1445048510252565,-0.5415979792633011,-0.050932159811469896,-0.10087179023369733,-0.758568642542429,-0.21376172494795212,-0.08297591033110426,-0.8893110239743846,-0.3282997401566204,-0.040307199717707146,-0.9964448675536595,-0.4124381554482337,0.10630904229282898,-0.5268624521982618,-0.08955949040381395,0.1970491650378441,-0.7658756175560614,-0.2749681939269374,0.06891755529235595,-0.905011295948228,-0.3864114048040943,-0.026272992906477114,-0.9999984417691188,-0.44228592192759725,0.32863016332871997,-0.46920447237528734,-0.1672357413288792,0.33005119364037167,-0.6740356823642865,-0.4405094482824363,-0.0034563543802487986,-0.6129437317104167,-0.48750259561646475,-0.1866217282009622,-0.5228502241961022,-0.44789471927990676,0.5032716307855778,-0.3813420288891651,-0.2619898451444939,0.3624583007254787,-0.5499313468242578,-0.47837479780905623,0.07500253711576597,-0.5202830354164153,-0.501280088193616,-0.0815168001222122,-0.4409450555609376,-0.47079959171437485
27,r,0.0,0.0,0.0,-0.2786710533171458,-0.04059572958294251,-0.08921036153869474,-0.5152502229305608,-0.20719191913858162,-0.1390486872206779,-0.5472599889924296,-0.3952431875039827,-0.19773693241561704,-0.43899108437181916,-0.5048680958512403,-0.24581262965753484,-0.45413764356530145,-0.4517985432197515,-0.07339401241904558,-0.5992849345542536,-0.6523335132899525,-0.20952440783952195,-0.6837299753874597,-0.7669460724520404,-0.28975262502567417,-0.7536750467101536,-0.8643795997256113,-0.3335991138027225,-0.2634571440731457,-0.5022310299281464,-0.11106123747066084,-0.4728090338347656,-0.7319869192068007,-0.25870627126519774,-0.6292742477639184,-0.876703442387094,-0.3370715344708953,-0.7622196950629545,-0.999998367129559,-0.35590752845847834,-0.05694894473931528,-0.4860533434077692,-0.1606304975109753,-0.3331878534214674,-0.46315096846184317,-0.34628909936889896,-0.35982202459139007,-0.28945611277962224,-0.34394369712194583,-0.3381852369025576,-0.16407367711442317,-0.2746868226304826,0.12463973590291343,-0.41945046967869193,-0.22035029583695823,-0.14947526168469302,-0.35168571025151923,-0.35303675688682096,-0.18974348704799313,-0.22069404704080747,-0.32912323091149825,-0.16544861087694565,-0.11966361829760093,-0.2648382646471902
27,r,0.0,0.0,0.0,-0.29247174202390197,-0.1101105496930606,-0.12536071952360897,-0.4516836343513346,-0.30719314516187335,-0.19011385189000013,-0.374666672681273,-0.4763780859325965,-0.2718845881522179,-0.158069037010578,-0.5822822269696684,-0.3474902784538394,-0.2534890420141967,-0.47924036001467957,0.010816189201476128,-0.26891747951960754,-0.6900799665416426,-0.09534785149082044,-0.29970533825531875,-0.8288171908520882,-0.1536439299929141,-0.30558208063730286,-0.9428778405011706,-0.1864684244771433,-0.061820224781725164,-0.4898006368658923,-0.011279286999013094,-0.07146646214901765,-0.7346847174608375,-0.14162018247842234,-0.1562191036174333,-0.8877275426134179,-0.20254410264236153,-0.23436624503767303,-0.9999985333743444,-0.21181085976867295,0.12963223364023538,-0.46394103845396556,-0.06185207647894932,-0.03588155705904802,-0.6264225713511503,-0.2770837122232218,-0.1618738050383273,-0.46681122383800866,-0.31194702789849943,-0.19067505280504174,-0.323724356968131,-0.26310986155720384,0.3170405743685157,-0.4108394181030734,-0.12216974395773905,0.10450899823450625,-0.5347986800228605,-0.297567515389986,-0.02984221775280116,-0.4281052008526538,-0.31133630598337525,-0.07194656016409896,-0.3142957459680171,-0.2736821146334833
27,r,0.0,0.0,0.0,-0.28870245980093073,-0.09471614870202562,-0.1460039357949695,-0.4639338917012452,-0.2785796915338158,-0.20694672297291591,-0.36310661726814575,-0.4588949080285577,-0.2721872719068897,-0.14974255415558596,-0.5598265312752095,-0.32755976448089025,-0.44695602239641435,-0.5064371795025987,-0.02225709752019738,-0.448981210729562,-0.7340894699162879,-0.12756448308600343,-0.44302530152526587,-0.8742466801951296,-0.19224891724506815,-0.44355068566791905,-0.9980167399893309,-0.2299051419889998,-0.25873932333557054,-0.521575364290861,-0.029362636002111673,-0.327444803557479,-0.7684434233855393,-0.14457429638138736,-0.4207442164447361,-0.8942383915071273,-0.19148520153228446,-0.5013378779222563,-0.9999984340942895,-0.19651041825506238,-0.05540595326242497,-0.4911327179600042,-0.06464673944171952,-0.13247618558180127,-0.6200610905486521,-0.2696315426583262,-0.17096209072901583,-0.44923750933601525,-0.2809275117296895,-0.16186521690211622,-0.32026060241548254,-0.21812238290235708,0.1355029078539682,-0.42753071607103793,-0.11165942085324096,0.022269791514841236,-0.5242983736477334,-0.2685888012048316,-0.04213853363018838,-0.3945135567718256,-0.25449403455065267,-0.04190108874496727,-0.2798103168528568,-0.19970313727580075
27,r,0.0,0.0,0.0,0.13951664996686836,-0.1334080301336117,-0.05519268413038962,0.21609667884862246,-0.32546369994231883,-0.07027091410771442,0.14056060089905154,-0.478377353725427,-0.09039982341629374,0.03151991956522359,-0.5702024809493822,-0.10487354310344907,0.2250176670523981,-0.5067916130431988,0.015326525309696038,0.20704530995600523,-0.7303143646082091,-0.04686562006152318,0.1592781198490322,-0.8682714907999154,-0.10476199033030141,0.10246318253524307,-0.9901289301462695,-0.14160197231854071,0.11040450472980605,-0.5108090973640523,-0.003930854464193213,0.13324518361848114,-0.7505518274813819,-0.06405372858368406,0.1404222007630788,-0.8813839982618823,-0.1125683238875704,0.13557276347533112,-0.9999978299355369,-0.13893534446503789,0.0015267992570301215,-0.46953436111229774,-0.03768259318908982,-0.02239922125869851,-0.582437182315294,-0.13966006966303346,0.01552422684073299,-0.4419911819026647,-0.16740921608436704,0.04905288856638337,-0.340079789068412,-0.15565553603216148,-0.09749267746499964,-0.4028141131323474,-0.07678423307688997,-0.09387513073333084,-0.4895423643207831,-0.15048242674417572,-0.06620027737564152,-0.3895183871726185,-0.14654191941483688,-0.04238044986143963,-0.306109669712785,-0.12794246095467782
27,r,0.0,0.0,0.0,0.0994565397622467,-0.10209231196442486,-0.14639819229947443,0.12358270769735072,-0.29129088115025775,-0.1801780146890608,-0.02774215762291702,-0.418672003132281,-0.19176282061812436,-0.1532692780559287,-0.4960066421895373,-0.1873786362607097,0.1842574261686368,-0.4968552484541003,-0.0703703525284887,0.10163636491681609,-0.713753401893947,-0.15586002339924462,0.01664813279834376,-0.8717776217003901,-0.21344812970834406,-0.058896364763255764,-0.9999980799392313,-0.24573822751993757,0.06121398114406033,-0.496429514765068,-0.04817526811652021,0.008189307953248352,-0.7165241042088587,-0.1372735005091607,0.004190386834386411,-0.8251803827685651,-0.18316816440954234,0.015409041763087671,-0.9321639399307188,-0.19298026732974113,-0.04794814228272206,-0.4587827544224467,-0.0493053686093262,-0.14289568161104851,-0.5264995887773952,-0.1974051796378505,-0.09425068652388623,-0.37264034911744465,-0.2302283744226224,-0.02522792552228517,-0.2901435746361317,-0.2007559297985013,-0.1397825612322699,-0.392377797830234,-0.061263399641884646,-0.19300888570267188,-0.44487568280313855,-0.17608174418330824,-0.14477245762353252,-0.330724578541414,-0.18055787042309557,-0.09596014461879895,-0.2552327254682432,-0.1515580388327298
27,r,0.0,0.0,0.0,-0.29726032724145424,-0.07598301272287974,-0.11145214175519443,-0.4309754264826607,-0.2726666753082899,-0.1744951679725552,-0.3294219886725637,-0.4345682793862682,-0.2543822335611672,-0.14077168173457835,-0.5328315177100561,-0.32437145307242454,-0.14773041950599683,-0.4543462176360035,-0.08260604961194942,-0.1605061383361516,-0.6607138644335172,-0.258106610740953,-0.16321468817637716,-0.7942235382184116,-0.3604134000448656,-0.1489170235518391,-0.9004638307242231,-0.41918880382013163,0.11180924754716912,-0.45175238533560985,-0.1483322668815689,0.05899115997777251,-0.6987321998970145,-0.3449450129693814,-0.00014626045785024708,-0.8644904984093428,-0.4544228600075466,-0.03572314763411782,-0.9999985217811483,-0.49075232772642136,0.3463504912555057,-0.39831462921195976,-0.23083097374349196,0.035020833110307986,-0.5085580087730358,-0.5022650522595554,-0.15389062804277867,-0.3653859374098772,-0.4925849007763173,-0.20982556121244786,-0.24635538813683552,-0.39609088534026,0.5206614140949819,-0.3092804257785224,-0.32416785587183566,0.13375201679050722,-0.35783299450126466,-0.5421748614452817,-0.05433104627540595,-0.24689725670055782,-0.5169881497881476,-0.09292662594950925,-0.14835867865943128,-0.433962387639295
27,r,0.0,0.0,0.0,0.13233304934209905,-0.1462306511736945,-0.0948513625392092,0.20502592019688018,-0.33850612903460714,-0.10024789252164368,0.12321719260620156,-0.493728323581646,-0.09540137674017053,0.007623991034952778,-0.569510960922562,-0.07983437418673418,0.22827494205138057,-0.49215818260241573,-0.005550255665580339,0.20642139036669258,-0.722276544330029,-0.06310619396241168,0.1586986493359291,-0.8734903703868804,-0.11525942241132438,0.11228678217825751,-0.9999982325151395,-0.1471850165580732,0.11400978645330521,-0.48813443296737,0.0007763960786488773,0.12456209462853474,-0.7327505245518192,-0.04508796301166432,0.14096208230820162,-0.8589035668452658,-0.08330647669105619,0.1548878126718324,-0.9660916575284685,-0.10314416341533429,0.010917768391074249,-0.4493727890711561,-0.013030694149643394,-0.048527722728448595,-0.5709356658026359,-0.11410259702500643,-0.007224081268637822,-0.4302136768446534,-0.15417407446002823,0.04352800784705366,-0.3313411492883357,-0.14853892603167612,-0.07890738012905747,-0.38557422325612906,-0.03548553929734586,-0.1134750282937123,-0.475200575746483,-0.1209109133060884,-0.07985490079244964,-0.3701236525453848,-0.13457864076726783,-0.046155549860136195,-0.27840198779416725,-0.12647363339820725
27,r,0.0,0.0,0.0,-0.3694512054367469,-0.11656734244081628,-0.21356987232040775,-0.5526633227030906,-0.29221453642117773,-0.3347119964298455,-0.4771785592131034,-0.446547067638354,-0.47144981063847113,-0.23187067872239037,-0.53592183489177,-0.5885700723081503,-0.31761626928470704,-0.5307153214073955,-0.06280259342050563,-0.29797826762340096,-0.741560713314441,-0.22965571536268525,-0.2731383013641228,-0.8694146775777906,-0.35297794544662553,-0.23266343694349986,-0.9788643482516618,-0.4465574695862106,-0.06046730362519512,-0.5356640507513304,-0.08569057618507388,-0.05186531770525987,-0.7651447278647125,-0.27437696523999505,-0.18843231914282838,-0.8962073889572543,-0.3852928171206008,-0.29008753556545613,-0.9999985996761517,-0.4470043455091229,0.17748819925336756,-0.4945000091742849,-0.14838847216390327,0.1699160144423025,-0.7003362007612749,-0.40696805216376,-0.08902888495521881,-0.6098983295425744,-0.4312232152564553,-0.2326496233526814,-0.5099634268381281,-0.38276760090660233,0.39290150776652805,-0.4194075767032833,-0.23390844422059387,0.26761207211159077,-0.5609140845132734,-0.4413007931527008,0.036600423459916216,-0.5239327231168291,-0.46474208117548266,-0.09298516413826684,-0.45350844968440757,-0.4383493170697609
27,r,0.0,0.0,0.0,-0.19526891282455083,0.008253662640234293,-0.08933692338316826,-0.37870802358175204,-0.11710440019276175,-0.1370195300637619,-0.4222001173220751,-0.2755606407869292,-0.19972816589152387,-0.3746598400462776,-0.39751895768978707,-0.25572941538665467,-0.3837459939466357,-0.4166061821473407,-0.02255565119596252,-0.4664060748101289,-0.6583384117730604,-0.1013256081415414,-0.5086534716065086,-0.8216106880229463,-0.15692765061105507,-0.5222988622420158,-0.9595488811208739,-0.19449000832029986,-0.27606196138883776,-0.4720089555801145,-0.041627604525552454,-0.41916603899371624,-0.7255893506651953,-0.13748240559282396,-0.5151375853256995,-0.8822530093980537,-0.19810715057843473,-0.56482498909571,-0.9999982395051755,-0.22734464815327568,-0.15280970741802927,-0.49750112130387314,-0.07866333294368454,-0.2661020772965819,-0.7045030873532913,-0.21761888419245534,-0.31472576846762906,-0.5769186468728449,-0.2431082035904522,-0.31912301385182124,-0.4339050220903307,-0.21697735909254048,-0.01137968909573546,-0.49849468574535327,-0.1244999071755077,-0.09974097357672623,-0.6745644098879159,-0.2283963720805973,-0.1670197198910496,-0.6155783615385594,-0.23693771037339723,-0.20037372593635563,-0.504573230835266,-0.21611346643207735
27,r,0.0,0.0,0.0,0.14776810099547646,-0.13887363327163452,-0.04134996143727181,0.21763464892002327,-0.3488189457528268,-0.03614990050828046,0.12113748293972362,-0.516407822577831,-0.03654643902613946,-0.021011709253838152,-0.5802115325510331,-0.03220058895973482,0.19764160102823244,-0.5453394077907869,0.039530937143753296,0.19168784763038915,-0.7720965336431308,0.0017041166845315316,0.15524461009667692,-0.8918810729163914,-0.036537934367006926,0.10043953235008055,-0.9999976415784584,-0.059991159495308255,0.09061130928263834,-0.5293804500718179,0.01778411190727532,0.11497350280249692,-0.7467339532353939,-0.022143115688873363,0.11896886514736812,-0.8571926066215444,-0.06646715870736201,0.10204410146856385,-0.9653649827162661,-0.09346620070532913,-0.010743352504677851,-0.4777559742679087,-0.01775451279765336,-0.04428903158600609,-0.5790772499966468,-0.11081943051695894,0.0071946604803621445,-0.4371134031430229,-0.15780572177549015,0.0475631847791511,-0.3390205944220071,-0.16094432757080807,-0.10131171677301888,-0.4098209679765933,-0.05581404959760127,-0.10264490995009153,-0.5092282033954388,-0.1220420398925255,-0.057747900665768355,-0.4153460443822937,-0.12968561107368984,-0.02725455077574829,-0.33049393563403723,-0.12273882450666034
27,r,0.0,0.0,0.0,-0.12782959653713122,-0.13911920460873486,-0.0157803398079945,-0.16818851000312585,-0.340312661072301,-0.019197392359734444,-0.1410644382242246,-0.4676441384891389,-0.041178660451561794,-0.08741378472925472,-0.5395559987092058,-0.05890518440598563,-0.027523739525817135,-0.5197612954607826,0.04119705987734653,0.0017071801487474833,-0.7278480722529501,-0.004645170413647724,0.001819597478768695,-0.858142056670439,-0.030393561787512135,-0.0037696588323575084,-0.9650546157972584,-0.04426939706133529,0.04997542292090729,-0.4933423033366361,-0.0030520983359754008,0.07855695434807433,-0.7240076065951395,-0.0751796296285666,0.04941925599727986,-0.8707107279729333,-0.11479704706417526,0.015144327051420955,-0.9999980715236932,-0.1226112440669061,0.11953393323689518,-0.4343256189445494,-0.05789249449836485,-0.017148240674043448,-0.5587700515050705,-0.17159488291035377,-0.06648099969704829,-0.44365315379038917,-0.18634184113776314,-0.06195097211408719,-0.35727917189075803,-0.15608665073144723,0.16062258230579332,-0.3602958185258058,-0.1145485766030228,0.01373048946526461,-0.4849930751327294,-0.18777938636637026,-0.048307152042315414,-0.4094577101039471,-0.17578581936492776,-0.04761029103694364,-0.33090949166290917,-0.14498526697263472
27,r,0.0,0.0,0.0,0.15359998086225213,-0.1630606563986548,-0.04032905568434593,0.2222927671082057,-0.37603787073633804,-0.032674224038077286,0.11864525161830934,-0.5464698528918401,-0.03245848783018914,-0.02209576227317819,-0.6013841880583116,-0.027392537335846043,0.2110563532837408,-0.5599220763546059,0.06665910618549974,0.21100126038187889,-0.7794986439584124,0.03363503835460852,0.1783864117828691,-0.8967482087295526,-0.0022887584056019332,0.1304920171577108,-0.9999974951070065,-0.02264691231383791,0.10532978993902746,-0.5475979883023246,0.04595213948103109,0.1279480389603516,-0.7647730876676533,0.012606638067693783,0.12861169193806515,-0.872427006757992,-0.03137145980553239,0.11639092173968227,-0.9738249700734878,-0.056714220323520845,0.0063544212728861285,-0.4990201580178899,0.009395095263928704,-0.029314126843148602,-0.5976203275989932,-0.0768894994666261,0.008714607160781805,-0.47076481522231295,-0.125048898041645,0.04595233250871074,-0.3789133021644114,-0.1275522937474396,-0.08335891984039537,-0.4368527452741773,-0.030191105580884663,-0.08522625567667517,-0.5443554201650955,-0.08524713187118696,-0.0538518185374729,-0.4679965088811934,-0.08857327250656576,-0.032043390382542135,-0.3946752470141803,-0.07817036744337509
27,r,0.0,0.0,0.0,-0.28998949632041293,-0.08030448372617137,-0.05755119017578583,-0.4427629396120083,-0.2496061768095557,-0.09296526629989901,-0.46542671557536197,-0.41509983336229433,-0.15036717031712152,-0.4411592880930581,-0.5190642574212821,-0.2011194687879483,-0.2962232283550474,-0.47357230952096596,0.01651913273335114,-0.329169104750976,-0.6918920004939972,-0.06372039914173526,-0.3387722275853217,-0.8250314095303496,-0.10749654955683517,-0.33783558515898177,-0.9281580809406741,-0.13407165452879238,-0.16561026399319753,-0.4929924494829332,-0.02350912422760898,-0.19600817377684096,-0.7558501557137877,-0.12397573916175222,-0.26074552145708774,-0.8978545941174315,-0.17490728737655423,-0.3105141583723573,-0.9999985657271144,-0.1902221871665595,-0.028158217680372032,-0.4794706455579609,-0.08057748362540486,-0.16863598770299332,-0.6969421541845751,-0.23693374716177792,-0.3468565043119601,-0.610447559352284,-0.2639069972965483,-0.44645099187382403,-0.49974328507730054,-0.23311756777284504,0.11625146290605107,-0.43449642101499,-0.14264518666726814,-0.09378794568850013,-0.5508705183589724,-0.2704077766128055,-0.23963495831043297,-0.4920376619471816,-0.29133992353641214,-0.30455121377735156,-0.40920645570619874,-0.2742692653444387
27,r,0.0,0.0,0.0,0.14594767160111624,-0.010086595929119419,-0.020710879188765557,0.266234235813675,-0.23696678594729498,0.01415145623291748,0.23331238051498718,-0.42039524616917007,0.04410269544475107,0.09551729947651029,-0.4589962821865534,0.07381391719440641,0.2967450503515854,-0.44294466485927764,0.04088869678416921,0.26198439943936414,-0.6639892228992895,0.03470009807940797,0.23733606729847218,-0.7966903707345004,0.021627181475437858,0.22076266387880786,-0.9065293030709778,0.004389325163227354,0.24839717134287367,-0.4552465260542184,0.014639279584626266,0.22344742387011438,-0.6893853850130854,-0.023599545559740427,0.21121948941894939,-0.854666027688202,-0.07819231181123067,0.1973256309486093,-0.999998817650192,-0.11032384159221305,0.1802875954777406,-0.42439504242249304,-0.015292882219618026,0.10090387405587611,-0.539442321754915,-0.09550488576753442,0.08416365976631938,-0.38050813851483395,-0.13657503274290325,0.11353533999880457,-0.27652746016295693,-0.1402493909963088,0.11671256908973437,-0.35968926808035745,-0.04549148355790808,0.06868886836640721,-0.4628120720261505,-0.12532180901844872,0.08955509701996597,-0.3264955963367287,-0.14242894379558257,0.1287092798551718,-0.21580661215714078,-0.13880785472945206
27,r,0.0,0.0,0.0,-0.3105540347991937,-0.10510232039984115,-0.13227290224867735,-0.488284830193226,-0.24878965157698793,-0.2098116793573417,-0.45793500984559377,-0.3873509999696758,-0.30397920970540815,-0.3020323245865186,-0.4833193539538727,-0.38283359665101724,-0.3841970723583304,-0.5232341770573667,-0.03353520911186359,-0.3166365568592093,-0.7372330816500969,-0.1480143953267203,-0.25726053182815956,-0.858504009804502,-0.23198881756129272,-0.19581534169754344,-0.9683544466083158,-0.28790901187631257,-0.17541484714803587,-0.528127806684467,-0.05869565547304681,-0.16917823187139086,-0.7619743162454404,-0.1823529051534838,-0.19963720880301908,-0.8917997145877097,-0.25500642679537233,-0.21541421352083365,-0.9999985459757145,-0.29096914455869444,0.03978958986500715,-0.4935855328453593,-0.10948285784224956,0.004181403499844264,-0.6605119930888157,-0.2972282498183065,-0.11761689092182204,-0.5542313969146853,-0.3097392886762954,-0.1919566412866305,-0.44841706705409073,-0.25998115469438543,0.2613532753951512,-0.4269299033275815,-0.17385553742237267,0.21535835689647048,-0.5622597575010031,-0.30399623969251033,0.08149797827679549,-0.5144521637085011,-0.2871702441024915,-0.009852605871376362,-0.4403315065110938,-0.23851916761547515
27,r,0.0,0.0,0.0,-0.26233060323874824,-0.05911631888067988,-0.07321048041920206,-0.4463209078998116,-0.2373757101782043,-0.11068743206342606,-0.4728984734629063,-0.40898740014049706,-0.1672425092581772,-0.43362609354053516,-0.5416573047671579,-0.21339286490673157,-0.32062303473648307,-0.44974992150074444,-0.014866911390310543,-0.39608865765957924,-0.6631091189794479,-0.13328236804699473,-0.44658081629013885,-0.7965842064707072,-0.19831593461412503,-0.46707026106093724,-0.8990671954963595,-0.23381115697887883,-0.15989386457793875,-0.46578000472529724,-0.06680235019811431,-0.2935180994993397,-0.7192399123877841,-0.2177753202267111,-0.39985270872571854,-0.8780899670986547,-0.3001796530246361,-0.46002865412080957,-0.9999985092173659,-0.32420693970441977,0.01148195296653392,-0.443734264056247,-0.13477106554936916,-0.2340954885771357,-0.5615571795653678,-0.33408085945295213,-0.31446671575971624,-0.41526065567851883,-0.33248613265595955,-0.2996064424355594,-0.2979544469351255,-0.263660324958816,0.17843848372853455,-0.38723142400507315,-0.21065631834368598,-0.098979557210395,-0.44493659582702244,-0.35299199386269403,-0.1864546804892124,-0.3365651933961713,-0.3339134740067029,-0.1687594064151783,-0.24105085924621633,-0.2751900610832639
27,r,0.0,0.0,0.0,-0.26831427527176904,-0.12475722379475919,-0.12193660574810994,-0.3960323411756403,-0.3145605481485944,-0.1952234281920816,-0.3135616974508327,-0.4847191800325615,-0.2872082319858916,-0.07570486636328182,-0.5674339634450838,-0.36684293280793606,-0.21105230822552054,-0.5108032014492149,0.02368513281727412,-0.16532856715792338,-0.7338996342406953,-0.09062700902440214,-0.13947783953943388,-0.8596409617529573,-0.1545712872386768,-0.10613054452316345,-0.9644559813249528,-0.18941108168650303,-0.0163231066430881,-0.5074354884399974,-0.00466552645931134,0.03176169455454881,-0.7593653542146955,-0.15298656559409268,-0.02887265823594107,-0.8964517394118702,-0.21953491831149452,-0.08995898024988598,-0.9999985615507374,-0.22674010424177818,0.17585340980419747,-0.4671727599340515,-0.06138535476352612,0.06763320960453632,-0.6299346666208852,-0.2787308617935145,-0.07734628243051786,-0.49361521013542536,-0.2932320304685822,-0.12691246923810565,-0.3720630538757503,-0.22748647720630097,0.3568522725139851,-0.4017798481241217,-0.12891479964214259,0.1665130840519086,-0.5089919807633594,-0.28131807801179637,0.027133071864075223,-0.40998036948361705,-0.2739703093595919,-0.010211040624488,-0.3082076004960577,-0.22347129031237767
27,r,0.0,0.0,0.0,-0.30005533841463283,-0.12418337425533381,-0.1261548602070038,-0.37497550339135277,-0.33582023831055013,-0.17232704508238175,-0.1858533962556324,-0.4798295371452332,-0.23607323075529318,0.02896947050343268,-0.5699986609221196,-0.2910084830052755,-0.12122049517832169,-0.49584921051527614,-0.041344333734970755,-0.04955610091639454,-0.7026730449991778,-0.1954951756553885,0.02625747987393904,-0.8285123416367142,-0.28711885357880856,0.10519366074593095,-0.9305854543013087,-0.34266666980243077,0.13805431014546138,-0.4733666574375665,-0.09140052859205662,0.18594665757638415,-0.7164312883818321,-0.26638703367368405,0.17253059571679333,-0.8767763523912434,-0.3561107058704913,0.17639363289419097,-0.9999985948223415,-0.38394428950186743,0.3717510152120793,-0.40391683217608537,-0.16691773143794017,0.2624818305615418,-0.5572552782700884,-0.43076193317237177,0.05290023327770114,-0.42655248960434206,-0.42915806459425293,-0.04477715967695776,-0.30392402906230503,-0.34213851004611245,0.5747611861589813,-0.2988467939801585,-0.254472638212915,0.3670397062281495,-0.40267868030839526,-0.47582427901651375,0.14971310593348316,-0.3182561206166078,-0.4627409343519712,0.050977215833192986,-0.22415197214082744,-0.39117135088042665
27,r,0.0,0.0,0.0,-0.35292890550642864,-0.14504306062262795,-0.1064671412782847,-0.4900754366696285,-0.308126642059592,-0.19592854224572698,-0.5334160906067359,-0.43596513823597166,-0.3194684838608401,-0.45400941372009157,-0.5316531479875796,-0.42769135438930056,-0.11096659547297653,-0.5376405112990489,-0.028914478612330506,-0.08847787564721266,-0.7535261807798854,-0.19302280330003974,-0.10749127312108595,-0.8889663814005582,-0.3008815125780242,-0.14493638628221472,-0.9999986001576451,-0.369696391160212,0.08640721697999694,-0.5252564422325693,-0.1075269698322319,0.25569810194065495,-0.7762712193962238,-0.34060673240247535,0.13898828012926284,-0.9074255896143418,-0.46356855916726525,-0.007949553740486105,-0.9989520485332389,-0.5000227315353414,0.24300640026322218,-0.4815994782254528,-0.2110180177656512,0.12125080288503304,-0.6963729310792198,-0.471958869421817,-0.18723257452257366,-0.6173088886696244,-0.48737253981829626,-0.36502615951997863,-0.5251608233087417,-0.4144044541140283,0.34452441094380476,-0.41466990277882015,-0.3277443184055389,0.08639987451464194,-0.5625433586401404,-0.4945313183837597,-0.17705095303272136,-0.5324904393493682,-0.4850228257490375,-0.3265533515204691,-0.4755018944965523,-0.43111565495068455
27,r,0.0,0.0,0.0,-0.2504129433004793,-0.16516647203866452,-0.1469564939973245,-0.34277404705882847,-0.36602578845542816,-0.23726189572226425,-0.19315459313986186,-0.5216487921623749,-0.345236276467305,0.102947360981612,-0.5890423562295957,-0.44677341708805957,-0.03130634190366771,-0.5345607959947526,0.007759000269942947,0.02142788949244778,-0.7308650445171058,-0.1300638372271565,0.03256425408258326,-0.8626106603270315,-0.21256071086230738,0.06113293971462405,-0.9653689722159792,-0.2586878173509606,0.19669773182428368,-0.5153237202719193,-0.018036829766195812,0.28103035399444726,-0.7539263503715798,-0.18128799035807433,0.21706986241409756,-0.8950131470644133,-0.2532525329453776,0.1573406356926984,-0.999998499305672,-0.2628963623284175,0.4101064731772269,-0.45991569872774557,-0.07709784515013579,0.26918086241530487,-0.6164249567096476,-0.3354589006942259,0.04302774344226348,-0.4874422663308839,-0.3695339150856934,-0.07094511089676225,-0.35753069953727645,-0.3075212508258347,0.5992257827981087,-0.3823494866184684,-0.1471689338341249,0.3635133631349859,-0.5166425915029526,-0.3436707290426143,0.13574726674842713,-0.42656157096985026,-0.3474053766493897,0.011155461813359434,-0.31755140066683485,-0.2956338107832133
27,r,0.0,0.0,0.0,-0.25035855618698627,-0.07495073179765938,-0.1314118555547867,-0.4039825194107119,-0.2293701255816892,-0.19232659050313472,-0.3503624220790278,-0.3675462660907432,-0.2693133456667821,-0.21373024209759364,-0.44824326028975614,-0.33422704459642877,-0.3254929564764798,-0.5020483811164269,-0.033218262947057736,-0.3058824766577302,-0.732938164588549,-0.13836816855366874,-0.2657951017786467,-0.8619833978054989,-0.21351219592201198,-0.20002141294494546,-0.9693991090868966,-0.2635305855998689,-0.1439766030365081,-0.5143395710030928,-0.04774447043284739,-0.17573180127211482,-0.7612422572142634,-0.16649229709132887,-0.23700395108427247,-0.9003046790595087,-0.23845347669164313,-0.2533465566871729,-0.999998533343189,-0.27493289341848626,0.04492880114301227,-0.49102849015527206,-0.08764228692736122,0.026580135227705987,-0.683179913661085,-0.2692226915849011,-0.10654713240574741,-0.5951322021988057,-0.29630787145537196,-0.1858434030232949,-0.4794884965324478,-0.25792834692069366,0.2426213133470209,-0.43727551509508344,-0.14095750308600752,0.24042830630934736,-0.6055165966814321,-0.2810503611189597,0.11842259858326644,-0.5762185436786806,-0.2888455412711398,0.028501267439294667,-0.49206432450069953,-0.2578162969019367
27,r,0.0,0.0,0.0,-0.1550567828350121,-0.15871137429314275,-0.1822698323084295,-0.15306529485591766,-0.37786247311179616,-0.2679902647412783,0.052016358663647844,-0.5308884601962972,-0.3698116918540559,0.33127086455691285,-0.6138497131648026,-0.4536707565339778,0.1262541422399799,-0.5721110872868275,0.006820969356015036,0.2837236130789829,-0.8033300289131522,-0.13781785958959403,0.3650865747768221,-0.9187372888093805,-0.23721337050285352,0.4772381119831992,-0.9999986690717022,-0.3062522550808609,0.42302670582188,-0.5134806308595962,0.0038748932884311656,0.4476297215712589,-0.671214744938651,-0.26183895549737474,0.17930059457031597,-0.559477545754693,-0.35729543900010385,-0.018533792714301323,-0.4412034364188333,-0.34665060891426946,0.6736631312214258,-0.4312233082839563,-0.03348515772625047,0.6926971361509988,-0.5763638232383604,-0.2929893528937652,0.4160754576475592,-0.474734750351097,-0.2807288583749231,0.21780356812406737,-0.3762774695337884,-0.19196490968721663,0.8898931588814506,-0.3356698047924432,-0.08711363082740478,0.8739820393798983,-0.4605658655132187,-0.24744856283964195,0.6755275333280494,-0.4034634540769577,-0.21911612807332578,0.5328841923040916,-0.32478246439940317,-0.14700328454160885
27,r,0.0,0.0,0.0,-0.2973942732128221,-0.11066534858786917,-0.19193799746848306,-0.45614615794188795,-0.3004281674526396,-0.2842243947471113,-0.36682836768271015,-0.46049137139913604,-0.38452515965608625,-0.138679347409897,-0.5624391210351899,-0.46566408409242377,-0.25389378232468685,-0.5475710199399855,-0.04395231502842076,-0.21841659941048439,-0.7621266710628898,-0.17860049145418125,-0.18140460933664587,-0.8923856394884556,-0.27291170105175994,-0.12368641186360475,-0.9923315987064791,-0.3413708025320985,-0.0065219496748263744,-0.5418767437362647,-0.05524861981448482,0.033989493223534784,-0.7729179341879846,-0.19021781754968958,-0.05428799617828167,-0.9053200041435961,-0.26805182938614036,-0.10123111812292872,-0.9999986143734368,-0.308347196774969,0.22843986017986284,-0.48790886554171864,-0.10304524518364654,0.25074645102329535,-0.6849367769135271,-0.3195945826025085,0.023455579850070473,-0.6123226042948401,-0.3408609758258035,-0.10208509643867313,-0.5189029100676003,-0.2980221736002568,0.4443993310727735,-0.3980160026507682,-0.16882286301152555,0.33766236532710775,-0.5456223966922414,-0.3537306520364753,0.1172417249271129,-0.5117009161517836,-0.36774196676344645,-0.008336612300893706,-0.43717635935306914,-0.33473085271040365
27,r,0.0,0.0,0.0,0.15192043003706618,-0.1272833264363901,-0.055597741293994155,0.1971878795418598,-0.3535646302867118,-0.06412543617350387,0.08454936367334823,-0.5195465333368742,-0.06993349917885017,-0.04480221526104254,-0.5843155184857542,-0.07509663953093111,0.23406325270698386,-0.4640274712979674,-0.029873673016641046,0.21472932921187388,-0.6871612212282028,-0.07100403477883283,0.18488622465703622,-0.8446729981968242,-0.0982983479699323,0.16020131941972332,-0.9665222153196072,-0.1177936457630841,0.13520806736146737,-0.47783076294395366,-0.03871773637452393,0.137937313186589,-0.7118143462565428,-0.08951779578380349,0.12618809113542545,-0.8742256158828688,-0.1284297068995442,0.12133771334613347,-0.9999970623502454,-0.15260563633137586,0.02342017548849316,-0.45755919196096745,-0.0560605186999648,-0.010402896834677997,-0.6659745903438831,-0.1592789002049702,-0.03058814471560575,-0.621464744250512,-0.204232180894615,-0.033754959368402934,-0.5500323335227574,-0.20627732051336273,-0.0918703681767267,-0.41942661824253785,-0.07353628489399577,-0.11734951599200533,-0.5745332987626821,-0.17413180329131236,-0.10053086909135688,-0.5260740832013523,-0.20329381112926215,-0.0803585784306164,-0.4446371663852858,-0.20415986559816443
27,r,0.0,0.0,0.0,-0.12577929454612352,-0.15314306242780237,-0.20689638843311245,-0.12467021219162944,-0.3507027874449187,-0.27704801745585456,0.09809121712749393,-0.47476448724392006,-0.33325779247647663,0.35755829722291516,-0.5559736046491619,-0.3749320502193151,-0.037042900545082386,-0.5746067749356712,-0.06923240520322399,0.10493274181021671,-0.753106583325153,-0.19637089628978924,0.24163921821175657,-0.8630652388428882,-0.2834409742263785,0.3701820961825431,-0.9611705214397666,-0.33775468378691703,0.1763404775295761,-0.5428320356679635,-0.05072933046175725,0.2332940546647773,-0.7709625761475867,-0.18307864594442766,0.22981297155328415,-0.8913596183660997,-0.2355343672798592,0.2609034458289646,-0.9999986515461828,-0.2422019824804067,0.35713745837893146,-0.45919674535506466,-0.06831131287043543,0.4465971390027781,-0.5576144421205002,-0.30002585048700886,0.29430226456591535,-0.42088377311161895,-0.3045407255047337,0.22232483714942905,-0.3441743199236391,-0.23274948471584256,0.5001056406281104,-0.34577746193702696,-0.10169903495671825,0.5697357421396035,-0.4399116204690569,-0.2839817513371565,0.4250688530593331,-0.34285401440604546,-0.2672345595598292,0.35312188743082806,-0.2808315636011201,-0.20558914370851872
27,r,0.0,0.0,0.0,0.10364556503136861,-0.11251508697727838,-0.08606054477693045,0.11454826471166267,-0.3148172218091865,-0.0959893222942172,-0.022209703601282337,-0.4557663464925245,-0.10186631500637681,-0.16284323615690835,-0.4967839049559856,-0.10231831177436697,0.12670649102596465,-0.5206860861652884,-0.005131491018430094,0.033362258487671353,-0.7158417961698581,-0.05999710653229949,-0.03328661773815883,-0.8539428840338904,-0.10650569877742672,-0.09244638402132699,-0.9646239256798842,-0.13630568340761184,0.03360484947884942,-0.5096817719437733,-0.012070333381621326,-0.012784722617076263,-0.7391241540179965,-0.06571746988953958,-0.03982829667366598,-0.8796556285774209,-0.10755517722233124,-0.06456092124291561,-0.9999985828685729,-0.1259504289006113,-0.055448217032520584,-0.4530940867806844,-0.036980813753557266,-0.16006549751044646,-0.563110410527975,-0.1546689852103999,-0.12373141491322849,-0.42108478832128415,-0.19731085591632416,-0.0678247921324059,-0.3199011586396271,-0.18611942480998747,-0.14270866957791686,-0.36716374577361716,-0.06834076478062816,-0.19988494620140845,-0.4414601509546283,-0.16737426603527455,-0.14765173554291974,-0.350891059683626,-0.18411302330965734,-0.09026031990322672,-0.273284157489472,-0.17318659878791232
27,r,0.0,0.0,0.0,0.13704712393964297,-0.13586597284117374,-0.0700656532963818,0.17802809537460512,-0.3442321752312052,-0.09271822743683167,0.044224918558972245,-0.4908288455391606,-0.1154861201160487,-0.0964637364012191,-0.5274190685539969,-0.1346279429522021,0.1995096783499025,-0.4654111970538369,-0.03410353826284722,0.17098141421023005,-0.6986986330223737,-0.09244908807261334,0.1367684084380909,-0.8494822127917523,-0.13336265931973396,0.10247480115604349,-0.9743356088670072,-0.159254312478981,0.08879032200092159,-0.4705339879723635,-0.05123835054605923,0.10266327309790381,-0.7165837314284547,-0.11808755268046739,0.09934535337321153,-0.8724509312891147,-0.16165452375055622,0.08866949506457308,-0.9999974723945017,-0.18020191045113593,-0.021712841513071634,-0.4339375880193847,-0.0799253836529418,-0.10164091450680533,-0.5659499047447748,-0.19811198025958562,-0.08284403976807957,-0.43992213713730466,-0.2321370978858474,-0.04590158062209264,-0.3329470599018768,-0.21586414267070328,-0.13162558013485812,-0.37214334818473865,-0.11269456779852739,-0.1583822682838546,-0.45450890123231585,-0.20526278426234457,-0.11936044083926153,-0.3624779465619972,-0.21159923053310248,-0.07690785155610458,-0.27268756321010135,-0.19375718237273426
27,r,0.0,0.0,0.0,-0.3121468589238032,-0.09835661766983772,-0.1951965190404112,-0.47301786951050506,-0.2655499477524068,-0.29218391263539606,-0.44100327154578994,-0.4241489134244121,-0.4012888924091088,-0.25547357898264134,-0.5357903423421642,-0.4919437318919393,-0.3690905482005505,-0.5109217809050152,-0.05749602136055935,-0.37939483170026483,-0.727690315449044,-0.2133714219700912,-0.3614576791064392,-0.8630816801992329,-0.3267867712421965,-0.3112503623985073,-0.9798793207727342,-0.4092005500568182,-0.14757602457405758,-0.5266115075246867,-0.0703134867114382,-0.20153336055103396,-0.7609353816284234,-0.23032680952008083,-0.31053106638366346,-0.8951493066436578,-0.32716862417735243,-0.37520338724609714,-0.9999986611433285,-0.38309784950949455,0.06997261516696522,-0.49870168895926376,-0.11918648776527428,0.059475689455032184,-0.7015961537238858,-0.34492672086245163,-0.12635545545138738,-0.61535508727983,-0.36983003610383475,-0.22698407813488353,-0.5170855336752493,-0.32921834050744203,0.2741285911539371,-0.43641289651213544,-0.1895278384011015,0.17024911118873193,-0.5826307296483904,-0.37841697892130155,-0.01479147444869665,-0.543779168597668,-0.4033945100936554,-0.12159757585955268,-0.46845845768245986,-0.3801699911316609
27,r,0.0,0.0,0.0,-0.24785709940719486,-0.11372905665498895,-0.10029405353602773,-0.3952100523338939,-0.2708784429422217,-0.17931111381359105,-0.45223176749765404,-0.4239613284702591,-0.2762657367320359,-0.33798605574969337,-0.519180174949378,-0.3553932465304097,-0.09304799319695421,-0.5110323995862672,-1.3073349576806003e-05,-0.0765372339361624,-0.7083977802487434,-0.12474238297684216,-0.11406215531675858,-0.8398793292238004,-0.19993724777337885,-0.14305144496311956,-0.9411897668693378,-0.24309626502713663,0.028079753357171024,-0.5095462968279879,-0.036439491557472,0.01219619534141321,-0.7562120832157362,-0.18664604856014907,-0.07945485353225828,-0.9021137635820279,-0.25444296429714663,-0.15465252063509727,-0.9999985589303254,-0.26750995753258267,0.13064545243723694,-0.47570165182993746,-0.09881189118546081,-0.13217256979350364,-0.6129714557351985,-0.276909515605157,-0.23213373453331437,-0.4698513811096875,-0.27510227498672,-0.22019702631340865,-0.3432906390542078,-0.21516547411302234,0.20036408461564037,-0.4149843281250122,-0.17517714296702594,-0.09715426308466923,-0.4944451083740477,-0.29771398790854947,-0.1780098832430593,-0.3878695988691774,-0.29390094018602686,-0.14981254038925015,-0.2897480784275747,-0.2547448832750013
27,r,0.0,0.0,0.0,0.11662354219304523,-0.11460039115089697,-0.06590786839655723,0.1562220807749415,-0.29380356104001415,-0.09202188523446166,0.03884359614429856,-0.4273472398554211,-0.1230294094158592,-0.0852167101151222,-0.4972974019898268,-0.14998519083778902,0.17286557016140477,-0.5165639827777351,-0.008400503477909296,0.10517985872939721,-0.7278547349345503,-0.07855782150514316,0.04172046915051471,-0.8556732094253205,-0.1352144235413985,-0.02537213471079181,-0.9646109942793846,-0.16890625848899177,0.06587217097544089,-0.5191410201080154,-0.02822816313997629,0.05482812494241401,-0.744361326442417,-0.10506887985201721,0.0385194959986252,-0.8776896917148319,-0.15949122726933382,0.01248872350839559,-0.9999981947217298,-0.18277190995276285,-0.03598157234794394,-0.4769695331086993,-0.062080740111802014,-0.11669391453543247,-0.5460505860543254,-0.18235556716104748,-0.07519467709126054,-0.3955252217177104,-0.21854845829172193,-0.027400558298470615,-0.28981089903626817,-0.20405640958840263,-0.1322954843632785,-0.4057436839633273,-0.10109914400606919,-0.174392671511802,-0.460772865055207,-0.18956471059473584,-0.1316546010738925,-0.3456489316537211,-0.19216419659463468,-0.07903115338403546,-0.2496134961247752,-0.17151421822277899
27,r,0.0,0.0,0.0,0.12186559714910733,-0.10369659179740112,-0.10728795648672099,0.1510686603922162,-0.2885603705193668,-0.13586983555070112,0.006182522196942835,-0.41239262231760687,-0.15529628665325873,-0.12495266031465536,-0.4768235518036041,-0.16473566851208257,0.14775664516661147,-0.49545112088574733,-0.02579994089008387,0.07876377142174869,-0.6862857229045615,-0.0952054153956139,0.008152913226164455,-0.8151782641506974,-0.15233172180785978,-0.06645721236560712,-0.919581954890565,-0.18848511137746896,0.03063374515784564,-0.48259929210240043,-0.02970462292325666,0.005504347232105552,-0.7314663825985447,-0.09110568882712523,-0.008062097211298379,-0.8765429882635251,-0.1336527665101413,-0.027295531314205965,-0.9999985250339809,-0.14987119463645016,-0.06919670426806412,-0.4203401225537088,-0.054548896585479345,-0.13914343189220396,-0.5293513413895262,-0.17930329797900707,-0.0803755578772639,-0.3884365356545993,-0.21280345107944623,-0.022814248907847296,-0.3000258704175025,-0.19358039092596188,-0.1561511922909941,-0.3233712127869238,-0.08825623196184666,-0.18236708558916637,-0.3984004503311352,-0.1925731068114139,-0.12478643535811322,-0.2916488183434184,-0.19865964799748545,-0.07390265301129623,-0.21834851375986164,-0.17815191047591372
27,r,0.0,0.0,0.0,-0.22394929314234494,-0.14474529025382146,-0.14792459650131146,-0.2522899658482498,-0.3647601856620369,-0.20874276482808402,-0.018164279632579924,-0.5108067735845817,-0.2880083113020042,0.2441017213870668,-0.599955634309052,-0.35991440422126564,-0.10245137515386606,-0.5349334021008224,0.015189035573860052,-0.007127582013535254,-0.7599354446615131,-0.11591757992888425,0.04872685183620955,-0.8943500377706194,-0.19547700641979626,0.1393207108415285,-0.9999986724139818,-0.24586806723109478,0.1552607170675931,-0.5024719798207246,-0.008982874016150848,0.21222724805544907,-0.7227025844077141,-0.20672316192446638,0.0979348554191307,-0.7844513546542685,-0.29008087215422584,0.026236716909927352,-0.8119622671075597,-0.29714117363612036,0.39281784887495375,-0.43695929805635353,-0.06523056687604548,0.3976932244885374,-0.6004661433944742,-0.32930694535892013,0.14505180144383667,-0.4814107401606614,-0.33607438562634545,0.006603343822273946,-0.3634352280357004,-0.25492243231453454,0.6146268654168247,-0.3514212712978516,-0.1331545811139892,0.5772957253390941,-0.4959802097116096,-0.31134296428054853,0.38186233893654814,-0.42912373731116316,-0.2886802659677617,0.27686514443047766,-0.3386812941215391,-0.2223000194532863
27,r,0.0,0.0,0.0,-0.27797913211733355,-0.13908847806796668,-0.2450993999328981,-0.4233413387238767,-0.3303515249589446,-0.365036820536849,-0.23578569864591273,-0.4790981434020301,-0.4782134437878448,0.03274302615209875,-0.5895457781728383,-0.5741731149091478,-0.30745170036065483,-0.5484220847210509,-0.1393102314562295,-0.24410056993861362,-0.7616125229359592,-0.34957543270926467,-0.16990994372683377,-0.8875134993961478,-0.4606049657804263,-0.07004801448507604,-0.9999986700315407,-0.5294557307552186,0.02246989129238871,-0.5246525241099108,-0.14324182032678714,0.09547071958985694,-0.7329083410730378,-0.39877067113634473,-0.00921096534449506,-0.7374747028664318,-0.4679471263457262,-0.031119925859239082,-0.7611608690205224,-0.46035014497986965,0.3084431193502836,-0.46646538933268583,-0.18679777613989956,0.31571524284067554,-0.6156106285241301,-0.53758355906179,0.11471438691551535,-0.45337380720497417,-0.4970913883686383,0.06692127725180308,-0.3548289079151369,-0.3694260087451616,0.5427913734242586,-0.3792576176806178,-0.24708235682060203,0.4340243113620524,-0.4844935745196181,-0.5089727203292639,0.28606042758522804,-0.37789080472581993,-0.47268860064446466,0.2766539767549116,-0.3060551206581173,-0.37962224947622336
27,r,0.0,0.0,0.0,0.08270856115952831,-0.11852638617503737,-0.029015452594129985,0.12825271462636978,-0.3268641708059024,-0.027203679840098204,0.08236669670293054,-0.47157653392824433,-0.03898870339180882,-0.0032174840371946302,-0.5073536930686625,-0.048161382897892804,0.09147070171245471,-0.5033912101998019,0.04055975073866097,0.10351024069187637,-0.6980991490293559,0.0037077480412886,0.09425089203950483,-0.8211345674344759,-0.020058683468606925,0.07345124580091132,-0.9309369034262555,-0.035969342650851485,0.0383499535045045,-0.4913091076044518,0.006514500915525404,0.07331040632017972,-0.7249577395506646,-0.05485730304553485,0.07245005195617255,-0.8661916114941866,-0.09305824577003168,0.05775720017998446,-0.9999977257994326,-0.1060231960415487,-0.0077675888011191395,-0.4442319861995991,-0.038427836253731744,-0.0639411242521457,-0.5681811668180125,-0.15685332869825705,-0.04495544714844174,-0.420927728714155,-0.17348939931566537,-0.01814416459515558,-0.31974384718331395,-0.1432065896146686,-0.05755481967494858,-0.38301452670812713,-0.08488222755802528,-0.09932531548626844,-0.5176637123804667,-0.16398039607846476,-0.08146662533425121,-0.4180990104428297,-0.15231776198467756,-0.050783951472308214,-0.33284639213761263,-0.1241003127751481
27,r,0.0,0.0,0.0,-0.30809089918057614,-0.10553674475292905,-0.11976688025261341,-0.4673262550828029,-0.2788767216203744,-0.17823503222075865,-0.436420781735111,-0.44176098486638327,-0.2615017780677378,-0.2807632086035967,-0.54077253169643,-0.33387416193166036,-0.34733729410349135,-0.5061274390776777,0.0016861125311151124,-0.35844428725236965,-0.7196930180263934,-0.1101997220692851,-0.35004761396608897,-0.8499370426605642,-0.19389002438201858,-0.3257318002028763,-0.9645360293626631,-0.2602018480532244,-0.1515578756747839,-0.5164648258134431,-0.04054720339106008,-0.17454343514867843,-0.7620304820783498,-0.1734659128511308,-0.2549970475924744,-0.8957202353944076,-0.26143717592306764,-0.30580523957930816,-0.9999986531915064,-0.3156797576008786,0.042734388940830544,-0.48495688077174764,-0.10941359886056382,0.048034373775141345,-0.7120824880178445,-0.30948031985577995,-0.14525636694248667,-0.6206518091988871,-0.33705895333954883,-0.2590345712548002,-0.5187018782713774,-0.3062500922082105,0.23424789836817944,-0.4209383429257845,-0.19159549427812736,0.11893955242236799,-0.5705295358515488,-0.3561549780342481,-0.05952131343004479,-0.5274465080610103,-0.37734291610323634,-0.1565962810267615,-0.45105309726135984,-0.3600138072274398
27,r,0.0,0.0,0.0,0.13174084308271694,-0.12735965059687024,-0.08848283351756997,0.18902163346223008,-0.33309177307471444,-0.09356286170819847,0.07193819345297524,-0.49324533568075035,-0.09016933176203841,-0.05648153340462699,-0.5623652174183266,-0.07833505716120473,0.2015830868662846,-0.4838830750109503,-0.006013160962631787,0.1717817124699687,-0.6995290147459767,-0.053339393925255434,0.12854979012697157,-0.8433356939742692,-0.09583331870356913,0.08199354760348909,-0.9659270796391669,-0.12416757379282863,0.09041120429598189,-0.47777191981174766,-0.00856812527115027,0.10406957944753048,-0.7375952518009623,-0.04850292587574829,0.111864196710521,-0.8800619849372301,-0.08288121005194399,0.09784940317233845,-0.9999985472040187,-0.09933047928729095,-0.019022748969232513,-0.4352269428188883,-0.03002360453956236,-0.05670576698387593,-0.5757827330600545,-0.13972166222729485,-0.01146816857887302,-0.4396936895724693,-0.18484437285424463,0.018790332314780243,-0.3463434190809716,-0.1783391419686297,-0.11892443709488035,-0.36782031127070774,-0.058315033786173726,-0.10423458314911721,-0.46754957031171396,-0.1594971566976718,-0.05350417128309346,-0.367229830955242,-0.18011815983651147,-0.030365508673362424,-0.27817060923227177,-0.17307055126268425
27,r,0.0,0.0,0.0,-0.23199373734524686,-0.08617223579725482,-0.10080063848340161,-0.4003177910114957,-0.2547916109106213,-0.1740640704723707,-0.38078818394117825,-0.4194061568443805,-0.2617534556303614,-0.2352978238262608,-0.5277930194343983,-0.34279587801306904,-0.321059267649876,-0.4728403819440213,-0.061995771276088,-0.34044297768717574,-0.7033681624688183,-0.18958538925389057,-0.3434085948853831,-0.8452131221577522,-0.25640046140115114,-0.3374254966084119,-0.9614104257263831,-0.29075995228899243,-0.14884965579919157,-0.4882709218665943,-0.09380715603139063,-0.1940735031773939,-0.7373355223668095,-0.23224465990563023,-0.2768225635568415,-0.8808343003654402,-0.2849013819428703,-0.3392360216673459,-0.9999984727836302,-0.2878221900226855,0.03783691970242197,-0.46111300046799003,-0.14438526635812793,-0.1062777617904517,-0.6086128754494701,-0.33375881870975527,-0.18668989806702,-0.45052330179879435,-0.32846572168704985,-0.18494869173567485,-0.3247884149299394,-0.26005428202713726,0.22206224798598295,-0.3947518112368147,-0.20330770954756106,0.024582478062678857,-0.4816257000245551,-0.3434198375905578,-0.035032583470210044,-0.37282479116738315,-0.32791114910904184,-0.0007763879548328478,-0.2782009502972645,-0.27271758011210434
27,r,0.0,0.0,0.0,0.18018782673094147,-0.10683011414503948,-0.04205265526593191,0.24698689271120572,-0.33870368152524416,-0.027292833770476303,0.13465002930699801,-0.5038914030347509,-0.015537475173916869,-0.026113417706031435,-0.5429434794694803,-0.003090978190707493,0.21486573531828793,-0.47453792015761026,0.03846200536410723,0.20096993500495597,-0.6852351055399597,0.017076902312948262,0.17771155042796136,-0.8171806878864892,-0.006530118647472128,0.15947033416608153,-0.9340344137471134,-0.027066771490490082,0.11896294005830395,-0.4788969514233314,0.010462931596415447,0.14327229020726878,-0.7314973291133888,-0.011886950262505535,0.16153883552288428,-0.8740212903028943,-0.042226773494558695,0.15787855906840326,-0.999998723870854,-0.05994683782029449,0.018666029370329826,-0.4501694688832622,-0.031611180719029616,0.011916977498133934,-0.6109475010195764,-0.1288344430630477,0.04696449630879922,-0.4628353648891488,-0.17819617647673963,0.06849765286085048,-0.36515999224701284,-0.17961437529626517,-0.07623103892041458,-0.3920964140413932,-0.07568178509901057,-0.039706657528380936,-0.4982672882202848,-0.1676366803292288,0.0088813702742967,-0.3912049530510559,-0.18911326485810911,0.024171656696937677,-0.30470418083660233,-0.1880234880258727
27,r,0.0,0.0,0.0,0.1393575544441995,-0.14160012836446007,-0.07396514954755229,0.21578779050813937,-0.35081200893245357,-0.07847362566384694,0.12253387186951675,-0.5057657751152709,-0.07938389656700158,-0.005361309876921556,-0.577774003974305,-0.07287214268204965,0.18539156147867172,-0.5136199004958777,0.00982406297974953,0.168909481874954,-0.7313169963062176,-0.034066363652926146,0.12582024436751912,-0.865342885850284,-0.07632932325916819,0.07314112061434849,-0.9821347578117713,-0.10439090486840313,0.07598587790652642,-0.49865994802776326,0.0037112441222544343,0.10393961404415265,-0.7574992077099201,-0.029363533591832143,0.12317456206181775,-0.8842890854641408,-0.06158640024189753,0.11729736628989341,-0.9999982300349505,-0.07939173639738448,-0.026628785022014795,-0.44443791400579596,-0.019221366241879097,-0.05172942951455816,-0.5888206085100609,-0.1138024662926876,0.010805752286616566,-0.44283761274990696,-0.14750868621581073,0.051017211584667814,-0.3444521591790082,-0.1392210953605429,-0.12287199340192655,-0.36887487263652335,-0.048226894089611894,-0.12024361279086329,-0.48321090619170753,-0.1307814421265614,-0.06963425700784798,-0.3803535975456804,-0.13778572725620808,-0.043938075526083614,-0.291167476113503,-0.12609357961380144
27,r,0.0,0.0,0.0,-0.30175244834246895,-0.08222750297810767,-0.24995357076203586,-0.45446003957084125,-0.25987730576979234,-0.33921457499562513,-0.32228300882539507,-0.42232201370585837,-0.4208010493082274,-0.11450094991334159,-0.5576735364798076,-0.4788039869561922,-0.4598900827312637,-0.5123731379409707,-0.05722803868444474,-0.43443250214854795,-0.7345942869103238,-0.1669447693757827,-0.41231238879402227,-0.8706714444789998,-0.24810554306849494,-0.36617733509096934,-0.9864371075736607,-0.3125816933136203,-0.2085558813936078,-0.5319536149531134,-0.0312443023882442,-0.3170220924842546,-0.770309394130638,-0.15575782486447784,-0.41944553347106867,-0.90497052576379,-0.2306685210089849,-0.4727544436114044,-0.9999985665687403,-0.2734709775160272,0.0369380833714646,-0.5063003359720318,-0.049025799125231535,0.03138453790375645,-0.7214119641923665,-0.27662210193398534,-0.08170811831813539,-0.6326363611924452,-0.3308724448300489,-0.13364393570137054,-0.5294083396261018,-0.3109310300820856,0.2913372864527486,-0.45418706145131316,-0.08955665261797374,0.22090705195295177,-0.6072402968056795,-0.3131699419373921,0.08838903351578829,-0.5549157312397047,-0.3742699423741659,0.0179535017880069,-0.4741005375936158,-0.3732897843186959
27,r,0.0,0.0,0.0,0.12080603485216174,-0.1118136205586554,-0.07829498298786419,0.16721501951982032,-0.2888502566318806,-0.10287015144673964,0.08344151806264821,-0.4245925193319723,-0.1284278234383123,-0.035091426235133005,-0.4850906322292636,-0.1499416455921327,0.1954221386204472,-0.5027382468557414,-0.017428085646709432,0.18940043374566826,-0.7169499019836029,-0.07270275957314688,0.17296082779224056,-0.8566706088142352,-0.11746049236248121,0.14664919019132694,-0.9732555768955912,-0.14528247165376246,0.08958106821984166,-0.5034172121352783,-0.025860866794500864,0.10193516098667416,-0.7193928914050366,-0.09080983688594771,0.09572011422609429,-0.8698384957278377,-0.14346576373855088,0.07707245318965067,-0.9999978854376924,-0.16824895747937835,-0.01551083388271907,-0.4562314569055656,-0.04708861086016573,-0.061739710626773,-0.5580408952513751,-0.15389415745865526,-0.026314788544293675,-0.43469072569527945,-0.19308239301240102,0.005792064121239628,-0.33592156959802927,-0.18444923352837306,-0.11622103412095827,-0.38086637389583816,-0.07400477664194137,-0.12553018124302898,-0.44727666487601725,-0.15845062639755222,-0.08674295049854748,-0.35369188195972695,-0.16735341210661253,-0.049098755974619185,-0.26372866732675077,-0.15162090935710573
27,r,0.0,0.0,0.0,0.12997667142496533,-0.11526616221567611,-0.08981066685481227,0.16356172458057086,-0.31373395626151984,-0.11221571493044295,0.04416875787568422,-0.44407154740676413,-0.1305085465278729,-0.08257588834382493,-0.5088488911684587,-0.14143077528935635,0.16647028632500283,-0.4863900934635299,-0.01939984673933407,0.12960054729884515,-0.6988666106566198,-0.07033941675533577,0.09070833464488719,-0.8452261526544396,-0.1135872550697907,0.0458061491058147,-0.9709612879655765,-0.14363537304334092,0.06085966149228354,-0.486991037331156,-0.02800491634568394,0.07364060832135877,-0.7353331452770645,-0.08099384764569399,0.08259341450353105,-0.879412683886525,-0.12055463295352978,0.06898551236864983,-0.9999986211481029,-0.13812367319343566,-0.04504120312004752,-0.44522971220197566,-0.05414326245015952,-0.09292162356599451,-0.5738972020980365,-0.16739170241486068,-0.04783536198377166,-0.4386065908315734,-0.20364072157255153,-0.013784766358504216,-0.34428494968502044,-0.1899422299439489,-0.14617850683583766,-0.37667099161458706,-0.08749790208116422,-0.15445847696654827,-0.47337232774023086,-0.17809814161911824,-0.10106652104265106,-0.3810829814457919,-0.1869101837682932,-0.06160977290910836,-0.30163585162666934,-0.17264982770437526
27,r,0.0,0.0,0.0,0.12846668359560562,-0.11746599650244434,-0.12000375281017044,0.16950849918139876,-0.3197754647994752,-0.12134636654325304,0.029669456416522803,-0.47973741215374327,-0.1022589061622779,-0.11250792983187417,-0.5403329519097096,-0.07411830394110788,0.2025165832707405,-0.5024246898098372,-0.0096748186544112,0.13120741050798235,-0.7107001245858128,-0.05304841205213178,0.0715051380719374,-0.848110083516994,-0.09494707811270327,0.02034549967769524,-0.9663259945096833,-0.11963785466747891,0.09641652492540392,-0.5129280719997702,0.011525253500893753,0.08297595276103413,-0.7370932719901954,-0.015515608061218144,0.06366343963690678,-0.8741363870482115,-0.049328067027877696,0.04778283307546423,-0.9999983298184807,-0.06388494024519828,-0.012341185376500384,-0.4813842773352277,0.00944561941039609,-0.09198299024064295,-0.5737133053786174,-0.08571580296028458,-0.06975344613375203,-0.4262186242055618,-0.14156567342183812,-0.01775081346055139,-0.3333007047288727,-0.14177489140146923,-0.10670482809553414,-0.4143224299045154,-0.0015733614621783922,-0.14150014367875188,-0.4925084569181207,-0.08327423175119229,-0.103518861231263,-0.3962785893230246,-0.10305694091227623,-0.06642472374326142,-0.3182356164873673,-0.09648482964080074
27,r,0.0,0.0,0.0,0.11582682088161238,-0.11807494018416106,-0.08996177130880709,0.13425405138848517,-0.32795467824904795,-0.11033122266911993,-0.01941759414993232,-0.44337305452170883,-0.12125104787780462,-0.16610955918568446,-0.4909090116408626,-0.12420795425520553,0.08630762329584023,-0.5084237173338408,-0.03208489600039404,0.04590821372556368,-0.7030800393832736,-0.0785059010958512,0.005087716793664236,-0.8256335976113176,-0.11158968315105768,-0.03614589419590856,-0.9346779561216576,-0.13524879968088138,-0.019007695844680615,-0.4793081627540892,-0.04351050014625139,-0.024602444287291345,-0.730609170785483,-0.08956680092275927,-0.018725546608233848,-0.871364989005094,-0.12082707514928286,-0.035971274434273115,-0.9999985218801922,-0.13518169838120653,-0.11929785118384861,-0.41112487251784496,-0.07209278771333573,-0.1442531472094598,-0.5480361045374729,-0.19151911481413939,-0.08042464652316374,-0.4232175993709204,-0.23236401622332087,-0.050115387023937606,-0.34570113837339955,-0.22382262538021666,-0.21062940484175668,-0.3184802786896373,-0.10617162488602508,-0.20059960519286585,-0.3994969760696074,-0.21830419599336612,-0.1282774653843568,-0.3035846491641755,-0.24087117912626596,-0.09345443482162488,-0.2313460748672261,-0.23505390502121795
27,r,0.0,0.0,0.0,-0.3039883754583679,-0.1419607960030957,-0.16182658220498786,-0.41907048553639803,-0.33957508301331857,-0.2408268726662301,-0.31791127263514707,-0.5202135574873216,-0.34670851462723296,-0.079107893284802,-0.6442914869753562,-0.4376029892049488,-0.21366677818685373,-0.5400480461138989,0.06561115540102679,-0.15430803299491372,-0.755456740488433,-0.0583465861686921,-0.09755729451331216,-0.8835767769444834,-0.14749512512494814,-0.008220421642188551,-0.9826476543063801,-0.20990201292796182,0.05074841213348795,-0.5425617357306795,0.04698197011482314,0.10207713989623969,-0.7832893017913314,-0.06743056972513223,0.009471745655558228,-0.9123745923630432,-0.13261316892310318,-0.03205356731566535,-0.9999985858996862,-0.16700817494373293,0.3023571701754133,-0.5037861579709717,-0.01573253607066187,0.3294314018172388,-0.7211047945617903,-0.21160783323064125,0.11088799160131754,-0.6625509897125473,-0.2498138630185489,-0.006159605790990342,-0.5577013571291343,-0.22314749591267224,0.5383188993986706,-0.4397343577202673,-0.09707835051982505,0.44633427852175495,-0.605654476956318,-0.26427017013865356,0.21521146291883672,-0.5937891084398088,-0.2990669404274517,0.06669145670959607,-0.5167144691745755,-0.2885718248063588
27,r,0.0,0.0,0.0,0.1054330519777617,-0.1385641355121092,-0.04604561822995781,0.14605909133549655,-0.3856267443266699,-0.05510561121340308,0.10432577103121662,-0.588073515486616,-0.06545720094202666,0.006887375106180748,-0.681638687017589,-0.0727541633843048,0.12046211821784898,-0.5225079168472015,0.0035719729880409894,0.12235276483898987,-0.7333265150548948,-0.01687722917504214,0.10561609285628926,-0.881683816732831,-0.04068700067814328,0.08567298825130472,-0.9999977031291281,-0.06281673444678859,0.034757505102714886,-0.5384768302309625,-0.00013168308795034778,0.036438825244223316,-0.7377724096021967,-0.027938464890104087,0.07466397613020234,-0.8247142257235038,-0.05219168719026386,0.10537459389613774,-0.8653136029936597,-0.07090924703500807,-0.04913696104466214,-0.5107643453889716,-0.013099113606949915,-0.0669564081270444,-0.7170401893473747,-0.058136823608009036,-0.024276395470469805,-0.691221363018318,-0.08025788963123792,0.0057395705245989045,-0.593784883751696,-0.08718386315753075,-0.1355864697619416,-0.45744181308086707,-0.03154582138132436,-0.1597653894616473,-0.6284598356384408,-0.07165835244045542,-0.12284164963870704,-0.638096178074759,-0.08884470756875139,-0.08836876831045645,-0.5737497110907581,-0.09799682850372554
27,r,0.0,0.0,0.0,0.11135391538645457,-0.12052303328109674,-0.11740468973887085,0.1517529049068801,-0.3261676552577652,-0.13104307135223883,0.030354778746272192,-0.4801657470657311,-0.12985508624895406,-0.09287113891093435,-0.5389499767596776,-0.11740531808078021,0.22634286588331634,-0.46845592314884604,-0.029957637951522214,0.1854821222243117,-0.693912187574522,-0.08606411970161855,0.15038334001533435,-0.8404022329311626,-0.12606829003212455,0.11885565637160188,-0.9655475697683107,-0.1478885210944905,0.12912360095965422,-0.4829273648750521,-0.016303134407585292,0.14477826561888468,-0.727400783011298,-0.06678633086940296,0.1485540493169871,-0.8736972108715194,-0.09661217249873541,0.1496958237310787,-0.9999985204452021,-0.1026217888493862,0.024929873124672985,-0.4608919211969614,-0.025234890634197954,-0.059834905554724,-0.5870890803432831,-0.14398343124556842,-0.049397727545752404,-0.44165619269027456,-0.185364486099687,-0.00553902133117166,-0.3433571497542437,-0.16813574779272958,-0.0759416677295056,-0.41261233359067506,-0.04340880950241516,-0.12757003110054826,-0.5040630229389483,-0.14146005423177296,-0.10410514264930462,-0.3998707943057157,-0.15660232259923887,-0.07053938241664312,-0.3158049082061964,-0.14196323484220033
27,r,0.0,0.0,0.0,0.10457195572921647,-0.06360179402704434,-0.1855069413632957,0.0995039357996847,-0.22340495850096975,-0.24783385325783625,-0.06242250419850112,-0.3457175286211162,-0.2816754560486276,-0.1984587912016346,-0.4412686693269055,-0.30377855218201844,0.18715618470187145,-0.47151041451247017,-0.13488629781342834,0.0792510905478859,-0.6859889341069,-0.2287877088201556,-0.013916323494255404,-0.8175553781148567,-0.28508766534373087,-0.10101919262958163,-0.9269493097733933,-0.3135602138384957,0.0620709700026093,-0.47848369440044736,-0.09537858235631683,0.03282642337486084,-0.7308956501278966,-0.19741461028730567,-0.012966312994882852,-0.8778344367942512,-0.24784983208492223,-0.052119079577012166,-0.9999987443548785,-0.25492330707716815,-0.0505476536148996,-0.4321833402568829,-0.0783475008592293,-0.179506124773464,-0.49843095861715436,-0.24911560216966153,-0.14674539421113117,-0.33474759606232374,-0.28585380706819236,-0.08695602857915424,-0.23874276144648626,-0.24936518246767095,-0.14929441005332444,-0.3528853984408198,-0.07208957285247596,-0.23488684968590617,-0.39541894055985044,-0.21633200729035085,-0.1914693453808678,-0.2663875543085997,-0.22596149587810405,-0.13042311589564212,-0.18460095695031925,-0.19075845585633136
27,r,0.0,0.0,0.0,-0.339214852326238,-0.05552231867937535,-0.19247553325223948,-0.5261072941993721,-0.27366181250513455,-0.26402643883664373,-0.3009592561435022,-0.46000399106838435,-0.3224911173409747,-0.058313241761529175,-0.5784169535684206,-0.37577624936995946,-0.39494555831835765,-0.48686835150896174,-0.14856332170996087,-0.34159133057894636,-0.7218571028959332,-0.3613752191507089,-0.2560614545862483,-0.8717119141844207,-0.5133997177208938,-0.15043967638404898,-0.9999985523151314,-0.6233720880229915,-0.09671829004599297,-0.4574488951190381,-0.15312592524978172,-0.058317642487388376,-0.6171480870101766,-0.4543270487380551,-0.19237518541686743,-0.4636136217378334,-0.5146526302596297,-0.23459087399605472,-0.35586987392844927,-0.47872950507101025,0.16014051566382204,-0.3973805403383706,-0.1863418274363144,0.20016520364195475,-0.5559640619354606,-0.48745679161536404,-0.006661145753461133,-0.38853628940377877,-0.3935723101564665,-0.07571828511213523,-0.2866643179329552,-0.24760717965068324,0.3829769646012211,-0.31130449975104935,-0.23581511112818299,0.33371239180488055,-0.42075995734217614,-0.4749576947103385,0.15431516266863887,-0.2969677977892112,-0.4127038186637549,0.10226044338882553,-0.22046324965689953,-0.30663113863847263
27,r,0.0,0.0,0.0,0.06669092401169967,-0.11777365817001921,-0.08085034915754308,0.04727676180138346,-0.28656908641903717,-0.10339736754786281,-0.06140229013062093,-0.34180632104892217,-0.12126965183364237,-0.15193281429242342,-0.37530167407624254,-0.13406421244612773,0.023085169668508012,-0.5129149834234078,-0.015437931989134289,-0.027108924862521876,-0.7020948348393702,-0.05620375826298579,-0.07482616473288221,-0.8327181842323452,-0.09437733681648615,-0.12717541504320706,-0.943532238528993,-0.12073317738253252,-0.04250266978812588,-0.4911931292766531,-0.015512717099157245,-0.04527867669752865,-0.7287323587373092,-0.05501167985013567,-0.04817761943630558,-0.8762054742850385,-0.0927521686079601,-0.0663036635532869,-0.9999978867613079,-0.11309071913928957,-0.10839041724654241,-0.43116945866703643,-0.03183318255245049,-0.14957196772484158,-0.5421419691863817,-0.11727860657629921,-0.10737342555969101,-0.4120732165728477,-0.15620368313211402,-0.07654229096987837,-0.32419097705509403,-0.15471623517199165,-0.16907140407090196,-0.3493151054715469,-0.054597003662612026,-0.1944757279304315,-0.43219967603225284,-0.12211283606397977,-0.16436690431761283,-0.36105610697098706,-0.13565896159441418,-0.1423445123748676,-0.31072043470203037,-0.1320026440861207
27,r,0.0,0.0,0.0,0.16483859554290922,-0.13284012382137897,-0.05998810259264317,0.24866538753300552,-0.34068628106805354,-0.06131405492265629,0.1528377730990104,-0.5092255358372113,-0.06524037431305413,0.02860304682492123,-0.5863678188164532,-0.06310937899855151,0.1948224537024985,-0.5059586130303665,0.03366371593674665,0.18490847840184158,-0.7251535367215763,-0.010887709479106618,0.1440496145430812,-0.8583031931614358,-0.055515631876393655,0.0905548979306232,-0.9744590343602836,-0.08486897083614461,0.08312834796441038,-0.49846463016909065,0.020082201260463704,0.11583341371384441,-0.7494381429877468,-0.021735479308280292,0.13611508498657574,-0.8818674732041848,-0.06150562184122627,0.1261791158443171,-0.9999981269267451,-0.08240044122602075,-0.02154179558825513,-0.45094364189460845,-0.01001648523195805,-0.03197078404276263,-0.5961115930433956,-0.11349456972199752,0.03332480084959109,-0.44913456468997054,-0.14870479822508614,0.06868643239045678,-0.34468592256744585,-0.1381205689749079,-0.12085883905402989,-0.3805740665803599,-0.04460765285917413,-0.08942070789594557,-0.497330216846681,-0.12869387728288417,-0.03559954461930826,-0.390615874107585,-0.1325977423007331,-0.011521981902631727,-0.2993299321424044,-0.11693739441746447
27,r,0.0,0.0,0.0,0.15188434556719513,-0.11939987027373203,-0.07166119325971432,0.24487422489529542,-0.3003076007144918,-0.0804101316820705,0.17977612076229602,-0.4639234682549549,-0.08702348112403435,0.08476111383176829,-0.5624099540427826,-0.08778743136827166,0.2874887181907191,-0.47720528201082646,0.0010243423699352436,0.28652276197352305,-0.7090421864283384,-0.060369010938743445,0.25993015914448697,-0.8618724413362303,-0.1177810611990677,0.22734999791949836,-0.9999981157939655,-0.15510302467598847,0.17143684475349794,-0.48637142148307133,-0.011719205776588847,0.2153480396514963,-0.7343144469404969,-0.05463698002601089,0.24362738779224807,-0.8640337697760493,-0.09379296597245755,0.2657803655518765,-0.9893403651720067,-0.11830952381736974,0.059643107576593815,-0.4553293666843829,-0.04248200990198442,0.02895296811409694,-0.587255558623174,-0.13483057870090123,0.059343022119978564,-0.43033074322875253,-0.16813780419813726,0.10859129077144614,-0.32623422047551576,-0.16483442148873728,-0.046838038866879324,-0.39690749011648446,-0.08069315342833226,-0.05590068704111857,-0.48340981836418195,-0.159048146086654,-0.027280373538733593,-0.3665141791950932,-0.16673132208140035,0.006147933407946031,-0.2740806708819899,-0.15884380271527995
27,r,0.0,0.0,0.0,0.07166937535505068,-0.10357668543446612,-0.15936941310090225,0.06863982538649156,-0.28095985941907703,-0.19259987268228893,-0.05244991746821867,-0.4316228383955504,-0.20028299580317846,-0.14312433913505915,-0.5209548813211856,-0.19553272069631888,0.2232464656810041,-0.4905328354571676,-0.06241239327272577,0.13788676120475118,-0.7106084773946625,-0.134028943795719,0.0758185561143823,-0.8508259502189919,-0.1942385956746654,0.015898245931279236,-0.9647264307249015,-0.22712287337400489,0.13277989764056536,-0.5061675963502729,-0.022779441084439776,0.11406684677078484,-0.7583692114936745,-0.08335993314914031,0.08624780633451487,-0.8892685895736636,-0.1301388020076864,0.06455066652997112,-0.9999981351843922,-0.14487895866972522,0.03592077464739065,-0.4772159203776213,-0.007924293675986608,-0.08605662545889402,-0.5703597987384549,-0.12095593716613808,-0.08999395113163652,-0.4272625806113327,-0.1751362082862332,-0.042121815269490166,-0.3381795730065279,-0.16922106365814893,-0.05026489790254744,-0.4177835104582029,-0.005667827031357093,-0.13670866463457368,-0.49553471626726975,-0.09974086910948522,-0.1334692603095191,-0.39303914756927233,-0.12063929384089106,-0.097380535485929,-0.3108389849418335,-0.10952420307040721
27,r,0.0,0.0,0.0,0.15825113000502078,-0.07931850649832843,-0.07350945274074855,0.23487419229326498,-0.27714945358448395,-0.08084376867084546,0.10762857334436315,-0.4154031575723976,-0.08477970054948768,-0.03402865141110289,-0.4604768900860309,-0.08408267305371116,0.13937658134616054,-0.4950457308549641,-0.012290519385104542,0.12177980179249334,-0.6980870349374099,-0.06476597167844084,0.08867054939028553,-0.827588594227888,-0.10645133015147645,0.05464728348209989,-0.9426719329093057,-0.13449886836481398,0.025354830658268317,-0.4875528572309624,-0.030426808706135483,0.04534968100006718,-0.7306168774714116,-0.07943313276949555,0.05730619993326711,-0.8694338348187796,-0.11536677412690689,0.05232870740007287,-0.9999980357881366,-0.13123333647499735,-0.07759573094555992,-0.43812096501961884,-0.06376063145791108,-0.08163954117951333,-0.5616752900233465,-0.17400557139003955,-0.03235856012600314,-0.4048735627599685,-0.19024090166003316,-0.003938324622465509,-0.3089896005166265,-0.16364758094502263,-0.18504986082586428,-0.35408920685949263,-0.10321094768221227,-0.16439294485369466,-0.45484868830905223,-0.1874565381137391,-0.11161302597007643,-0.3444798305890112,-0.17426728048968412,-0.09471121044503539,-0.26595603699942844,-0.14384022805804936
27,r,0.0,0.0,0.0,0.13964100689798575,-0.1402254881896148,-0.09489665026612948,0.18478150906282467,-0.3358290707956944,-0.09490762490312048,0.04746526690615009,-0.4931035851989563,-0.08302021950911032,-0.08506009305273697,-0.5444448410395663,-0.06268688656815977,0.23605269782479676,-0.48966859236465393,-0.0007725652049919718,0.2135795658061589,-0.7027807193644563,-0.04225952284607848,0.17217455285113728,-0.8460946729885882,-0.07936607665439427,0.12609929492937427,-0.9655220283703251,-0.10176673494256276,0.12373663303770414,-0.49582267527326274,0.004727476272471805,0.11499189605632694,-0.7161868972318243,-0.03712715503177287,0.07929387712030982,-0.8681262910199656,-0.08672851964602138,0.03734879930872613,-0.9999979555991082,-0.11267476251293801,0.006716081807179252,-0.46171134056497454,-0.007362801398146453,-0.06523025680768764,-0.5795585310036905,-0.11440730050403593,-0.05781996257094292,-0.4447332344204879,-0.1788837878653159,-0.028146371984107247,-0.34671249872867826,-0.18560705916404233,-0.0993780263968675,-0.3986276953351744,-0.024808608624535336,-0.12863243306976513,-0.48080528970064246,-0.12442913946536467,-0.09073126146979443,-0.3861602030739237,-0.1560907234728279,-0.05603599382092742,-0.28926413538609413,-0.15531809684308245
27,r,0.0,0.0,0.0,-0.30272710257912383,-0.12182130192415865,-0.1821139014505534,-0.4441726739028744,-0.3109403095509046,-0.2938286517112892,-0.3745977094445837,-0.49169385586167846,-0.43139604391777076,-0.1280792425810617,-0.6182429272853005,-0.5503303840721101,-0.18002989893943738,-0.5349476738020187,0.04682879293832512,-0.10663044933890488,-0.7381767124352981,-0.06836810587806136,-0.06759278687739771,-0.8678131659968179,-0.14071672517742526,0.006098744234535847,-0.9703475320979323,-0.19431618938108003,0.05207304262547684,-0.5369851308943123,0.02454821713719596,0.12899238297519972,-0.7748955065243809,-0.09655976214995032,0.029670527828487038,-0.9059871825104412,-0.15074303584464824,-0.013713775470159499,-0.9999985621142586,-0.17221195897089844,0.26334087922945115,-0.4981963547911117,-0.04361669661357385,0.314440573930931,-0.7199023772745788,-0.25502164193979315,0.07201026262333196,-0.6500811404503811,-0.28458923846100537,-0.05336058386543513,-0.5452296200702191,-0.24563016718082295,0.4502910445065742,-0.4371526901829953,-0.13071822567524033,0.36036653488864717,-0.6120211968509817,-0.298970096221068,0.13972115053438888,-0.5866535576261921,-0.3267429512721367,0.01938648179589999,-0.500163534054958,-0.3112099870750475
27,r,0.0,0.0,0.0,-0.25827080280781783,-0.11920128773377528,-0.2807241819899136,-0.41245066475981434,-0.30438371505322764,-0.4188099815170251,-0.23317422882079594,-0.4545498220420823,-0.548414148830043,0.04767572031707309,-0.5711098170609304,-0.6531915333443883,-0.311108048951087,-0.5470422497050031,-0.14464625885613075,-0.23474303036300548,-0.7402675744424964,-0.3612143448288429,-0.1743010902617067,-0.8604673488651519,-0.4963983482066806,-0.09391220007225622,-0.9664203462511174,-0.5809259635961954,0.0023034480064035223,-0.5330951036887438,-0.14581846055036565,-0.02582913761393384,-0.7614067150867581,-0.3931830916538657,-0.13579367960510927,-0.8878707501558002,-0.5046222824407258,-0.1835166250695364,-0.9999985737056745,-0.5401196531697083,0.29735078118255986,-0.4673615666983297,-0.18980219238420962,0.2388339353193495,-0.5751685868134944,-0.5543249009814074,0.029450043961552916,-0.4165995916118723,-0.5506969809980427,-0.052261022833160205,-0.3042403818427166,-0.4412037553289747,0.549733360487166,-0.36502862552231713,-0.2558550623354672,0.4335412200364562,-0.4497201899607468,-0.5235334673033372,0.2463337647962608,-0.34196345548853424,-0.488539250552059,0.18837460924203758,-0.25572583069046423,-0.3937357236437394
27,r,0.0,0.0,0.0,0.12183244853940842,-0.11704038564587103,-0.0683213628363535,0.15312438734729963,-0.3068692720757748,-0.08779412839792636,0.0034575137579936008,-0.41645502670557705,-0.10514664051479816,-0.13274406024011925,-0.43706151018214207,-0.11889982470362838,0.10294326086478241,-0.480197405982562,-0.044530757267687356,0.014736412997905428,-0.7121461504048783,-0.12151359995595296,-0.057872975140014764,-0.8738275644592012,-0.18242161989360633,-0.12683374272341952,-0.9999977641283094,-0.2238005392444831,-0.010389866157905377,-0.4516514612767159,-0.06777915227441214,-0.029439109106326872,-0.6681871893497032,-0.1508668592648709,-0.056832282689499344,-0.7722622982081119,-0.20541443954535918,-0.08750145855447103,-0.8557594430142621,-0.23082732892032604,-0.10929909443501949,-0.38246267156719616,-0.10263628149266951,-0.1575735508074683,-0.4893594709435665,-0.22426992698904344,-0.09470661124202592,-0.35981904827777694,-0.2462436436610176,-0.027212994790356895,-0.25508679324527533,-0.22599620174524718,-0.19663729927558588,-0.27589104693525623,-0.14327131364003484,-0.22547083705457993,-0.3550449766098535,-0.23697186554085226,-0.16296851966158088,-0.2725568063898029,-0.23116629693772725,-0.10728700906968695,-0.18612189434339627,-0.20602662431395935
27,r,0.0,0.0,0.0,-0.260738329774515,-0.06364667908401092,-0.07337031409506435,-0.41909179803014335,-0.22449728120535173,-0.1176863935005167,-0.43632990230277624,-0.36623994347476035,-0.1802039335116887,-0.3970061868157708,-0.466274582928281,-0.23762377427502443,-0.321954535413235,-0.46876703546349785,-0.025198848915289042,-0.3880487305742951,-0.6675846085732262,-0.12030639611202554,-0.4161108044331577,-0.7891509521360246,-0.18652601641364575,-0.4295241322531588,-0.893705060229366,-0.231669208176401,-0.18425583078464025,-0.49085256038606406,-0.06732544362107379,-0.2465977346104201,-0.7454284902463114,-0.1825633672273848,-0.3161998427111181,-0.8858728491429667,-0.2549419573439695,-0.3636862237570202,-0.9999985522637255,-0.28922562729627027,-0.03883765531466981,-0.4706850434437037,-0.12410550075226204,-0.16869737495006518,-0.6671223865124005,-0.29056269726303563,-0.31621073705167246,-0.5469507342700716,-0.3098498651968002,-0.3885261184200905,-0.4316262653752085,-0.2739021224774915,0.10004318234235136,-0.4143530619103342,-0.18710169062689758,-0.07217916975206157,-0.5265792666433536,-0.3123741594085679,-0.19782784923655738,-0.455241139982086,-0.3135432623742323,-0.25067743863202313,-0.3717050624476481,-0.2833234618970656
27,r,0.0,0.0,0.0,-0.22993968934475537,-0.12106326979237587,-0.15565755336812917,-0.29843320808242535,-0.31766010188639976,-0.22571938939005326,-0.11239977463359115,-0.4576118874425878,-0.3088834323734753,0.13582805126238912,-0.5463613453303766,-0.3786872074524024,-0.13159202524680075,-0.5352526343464628,-0.03932569469532198,-0.012954896330245217,-0.7560391610963393,-0.17254018407111926,0.06850511784825976,-0.8819468899843766,-0.2438309766882314,0.17042237932878063,-0.9809651059872242,-0.2849397660284548,0.11077890490061007,-0.5145820944294488,-0.061650803422429214,0.15238695695445864,-0.7586935847998468,-0.20966103734252173,0.14172625680016862,-0.8991729564792398,-0.2737810748238268,0.1626102049379341,-0.9999987069715364,-0.28697259686362864,0.3353899397192701,-0.4489055410845478,-0.1150749339806317,0.3262859866400828,-0.5900398193568752,-0.3507402487409861,0.15529999072829181,-0.4600924786282532,-0.3656372061223712,0.07497187248119411,-0.34768445745092047,-0.3011239549385475,0.5412121109335372,-0.3542091691015526,-0.1813054893633864,0.4663937628928403,-0.46769332570190914,-0.36203215630876645,0.3013680142731463,-0.38294390395179567,-0.35281379206897756,0.22978315915467004,-0.29303900509415987,-0.2965789340117826
27,r,0.0,0.0,0.0,-0.24401333609205722,-0.1283056849085335,-0.09343339334602242,-0.4039175928293978,-0.29062030375561054,-0.160130202701224,-0.42687532991900473,-0.4409314786716625,-0.24262560549722828,-0.31874662118798275,-0.543490568964084,-0.31231746971037927,-0.0676484918049694,-0.5251776891062216,0.0230981655911177,-0.09412331296658438,-0.7233708353865379,-0.0975599926814728,-0.16759395235221355,-0.8537043386808346,-0.18037352850313412,-0.21944680171926373,-0.9476797819000438,-0.2242829173142106,0.052459328400088906,-0.5311971810096753,-0.007856887191246754,-0.01881448642741682,-0.7773579096981974,-0.1317769350362629,-0.1451796259307706,-0.9124740831242418,-0.197169656799519,-0.23682038907809294,-0.9999985701194861,-0.2115201600997256,0.15476252306340718,-0.5053474610942411,-0.06478093979846676,-0.14008327591129097,-0.622185101353024,-0.2088082630238718,-0.23600105431360197,-0.47152611292743984,-0.22807172802718068,-0.2270274061084074,-0.3361690439158298,-0.192878834686274,0.23222888427393162,-0.45236585845097327,-0.13579130038118026,-0.0775220147811504,-0.5325197842803627,-0.23681873494954664,-0.16328996258711292,-0.4246009483175894,-0.23886719970205425,-0.15382246351669313,-0.32125380176055396,-0.2090134269716349
27,r,0.0,0.0,0.0,-0.23181926413386572,-0.15396651900041256,-0.15906938929403328,-0.24104166248770179,-0.36720263411202414,-0.20629180209460635,0.003090209580795191,-0.5003108683900013,-0.25617647328549387,0.2676643251343377,-0.5803251223653877,-0.29291976129361363,-0.10532398701634019,-0.5599592206953605,-0.03125252816896191,0.015585699274457042,-0.7705902648773664,-0.13388384458212627,0.09743073942743717,-0.8945862629461291,-0.20156012537567894,0.19108163377543977,-0.9999986789034343,-0.24787749985658866,0.17822896360429122,-0.5177737337585511,-0.03842842501094833,0.22428264581800883,-0.745668737249554,-0.16342036091738557,0.16474532183567783,-0.8589505021460891,-0.2282006234231417,0.14424287895137336,-0.9464310564994145,-0.2517414036132095,0.43333574917365764,-0.4373168626173903,-0.07364483734695493,0.508971865021121,-0.5738825661205624,-0.2981748460006041,0.27999083129522034,-0.44991700241126814,-0.30189179471619554,0.14157308087174691,-0.3475203834352817,-0.2342862944785734,0.663808105885255,-0.33381539371203534,-0.11998204534478858,0.6996693093014863,-0.44292024947319975,-0.2917272698581952,0.5184875435090839,-0.3646305567053609,-0.27018458607930573,0.4185634701664928,-0.2822706128614007,-0.2085754224059978
27,r,0.0,0.0,0.0,-0.34276971978429693,-0.07539345738264262,-0.11704987633274622,-0.5212336129127454,-0.27295435031178483,-0.16918397848921218,-0.4383303646523021,-0.43834451911659067,-0.23677250958111493,-0.2890395852380463,-0.5485773256855931,-0.29097785695760486,-0.3571718024406502,-0.4640155471425222,-0.052839568771920656,-0.3886497630089228,-0.6637608892220203,-0.2105038368467115,-0.3809325710885225,-0.7816315125269545,-0.30266656271274694,-0.36118027044563045,-0.8789670594109299,-0.3542046411435525,-0.10834098189742686,-0.47042701092161926,-0.10501216132416537,-0.19481297743992143,-0.7137136040845521,-0.29465600468744346,-0.2718886547624891,-0.868778387841292,-0.4044767002146069,-0.32337551861217867,-0.9999985780089536,-0.44081409179059794,0.1386446728520105,-0.42985599364973426,-0.17612043940071326,-0.08382129664332766,-0.5421150923010538,-0.4462209700129266,-0.21089694100711504,-0.38924649657672944,-0.45100060204982056,-0.25017693552424813,-0.2693035156125869,-0.36408507170719356,0.35866878536439156,-0.3566093531890396,-0.256799169510846,0.07442730924835843,-0.40816643843790923,-0.46275274862244764,-0.06841403512930759,-0.29844204836013444,-0.44068742204880584,-0.10374815488623361,-0.20208048965802813,-0.36336217694122197
27,r,0.0,0.0,0.0,-0.078326711595443,-0.16029013335814518,-0.06410385087588066,-0.09413722514716927,-0.36549197635225006,-0.07956922515918854,-0.09805992264272466,-0.5197166848211078,-0.09224534769447033,-0.0974028947227751,-0.581753903191963,-0.09624920231368339,0.19001701745504698,-0.49730147794826646,-0.02081798165638666,0.18171715111093756,-0.7274061649787233,-0.06297125373960095,0.16218068978130132,-0.8850670338266934,-0.09373893551684984,0.14062891016328324,-0.9999971346245566,-0.111780069104186,0.19815719544325497,-0.49728687543016,-0.017889485611526007,0.19659583613881543,-0.7220407216152777,-0.0755254537881778,0.1648210983184524,-0.8709019508020724,-0.11760359175273559,0.14203023953245045,-0.9871124191743785,-0.1353236407314143,0.18013922520700879,-0.48227155865391724,-0.024660261227391747,0.07085756628139198,-0.6612375441166854,-0.11716264480795399,-0.010288029072503724,-0.6110325497593853,-0.155811934326808,-0.03823195424808673,-0.5368558567308397,-0.14980582683015053,0.14432787317089116,-0.45980537105996727,-0.03429714661832764,0.04064367539641213,-0.6068623353121826,-0.11011022632641583,-0.03135493677351196,-0.5902775040240198,-0.12798984624308724,-0.06775312216885669,-0.5369789106992108,-0.11776283178571272
27,r,0.0,0.0,0.0,-0.2035578969335279,-0.13554358353028126,-0.30699974263939456,-0.26426332115092377,-0.3182125637715857,-0.4410319863671632,-0.01966087270792272,-0.45081076917199475,-0.5595434373699286,0.3170304596496976,-0.5440690982241928,-0.657672780242608,-0.16209155623395594,-0.5627061449495269,-0.14914377025788522,-0.018234164340832616,-0.7822937053595747,-0.3285632198535701,0.09387249396836485,-0.9017346933295413,-0.4349003010512097,0.2236822926443369,-0.9999986297902316,-0.5010541112798902,0.17380107588461483,-0.5269484344773785,-0.11806614753803087,0.20836639170569463,-0.762766813708164,-0.3209159274323288,0.17441458743384952,-0.8847415178053515,-0.41141719095511364,0.1898106891634061,-0.9846063665914011,-0.438847699042312,0.46898809058973534,-0.448144868747325,-0.13303956169795697,0.5010991968721433,-0.5615055832118072,-0.47748095905346516,0.2903819909447805,-0.41916559518303503,-0.5029119193158614,0.18116492956362787,-0.30990263477490293,-0.417467123733689,0.7279027050219518,-0.3440494690759776,-0.1691825749005901,0.7119641453970256,-0.44100667167248336,-0.45690047238862247,0.5200035523435697,-0.33944747908978534,-0.45772734907661855,0.4076711557593343,-0.24778891897081531,-0.3843280670899335
27,r,0.0,0.0,0.0,0.14877991864784879,-0.10304450361234968,-0.08398505991613057,0.1919058607247349,-0.3094502934899938,-0.10648958107200794,0.07961783889828376,-0.45732984436891655,-0.127877430297703,-0.056879065783485803,-0.5184210892490781,-0.1450982918544734,0.1395059374677566,-0.4924945699639273,-0.024592711409691954,0.10589768029888867,-0.7015796923892993,-0.07746100528388417,0.06763599380601532,-0.845622277771147,-0.12237027333367943,0.019081768494751454,-0.9710752908762523,-0.157264031449828,0.03900796879709849,-0.4852377844195263,-0.03638933653792006,0.04853736403946713,-0.7375985480413162,-0.09835948024069846,0.07258572275827686,-0.882773172652075,-0.14105890055201528,0.06475456744691951,-0.9999986497126541,-0.16301159232247603,-0.06559712801552095,-0.4355540148646769,-0.06391602673410929,-0.08202382970692026,-0.6090154551202369,-0.19020732472731863,-0.015796234996317354,-0.4600873665374106,-0.22062025016561013,0.017768883071438177,-0.3459837197445519,-0.2034501836931486,-0.16926189705230707,-0.3597852542148066,-0.09775431551373628,-0.12909794521551213,-0.46476626885675576,-0.2171066065975346,-0.047312044552740205,-0.3610804735323472,-0.23842569282040707,0.0016705536422376719,-0.2729381953357991,-0.23001503692549655
27,r,0.0,0.0,0.0,-0.3325867094366418,-0.14857455588554025,-0.16116006417949624,-0.45399131044584745,-0.3504785528549919,-0.231052009648803,-0.27356245804729823,-0.5144856781703477,-0.32148934219443,0.041882761947997706,-0.6089652291170601,-0.39641648767055643,-0.28061885318617424,-0.5397529374719197,0.03688744461413886,-0.19316020766320927,-0.7571011475912836,-0.105745817160565,-0.10886461522539637,-0.8773921835982558,-0.20219345756391127,-0.015053310694416138,-0.9784748839152105,-0.2661201447715185,-0.006614921987609516,-0.5357597859651162,0.002786854194278707,0.011679725400874237,-0.7990629235660627,-0.15610207083868657,-0.060422743807890866,-0.9200829380860239,-0.22925380679461266,-0.09896509002660728,-0.9999985583084346,-0.25258015248073573,0.26233103735302393,-0.482988470062222,-0.07054714132720856,0.24593848401870738,-0.6819549841697965,-0.3469503340934775,0.0654972574821956,-0.5584793477506299,-0.3516502508169971,-0.004807008872379173,-0.433763461795263,-0.27215178512749605,0.514379423853746,-0.39677355430175937,-0.15810839981888516,0.3893269011937394,-0.5400865236078256,-0.3777973628866114,0.17425656363764025,-0.4554893545229334,-0.36092080030178225,0.06968744994974929,-0.3505613908341298,-0.29463015863713293
27,r,0.0,0.0,0.0,-0.2660868690455832,-0.1003671242726967,-0.14126090340696382,-0.4169525166969131,-0.26598546902341424,-0.2271223017516103,-0.3614470719475247,-0.41647237578089663,-0.3242669131972548,-0.1879578457521091,-0.5216280482963644,-0.41072992032312805,-0.30448346600789994,-0.5152918592493163,-0.06259050766984993,-0.2797271842796846,-0.7293113479727519,-0.19856235995971025,-0.2595193147193066,-0.8636461017166028,-0.2848799818510372,-0.23963721132160853,-0.979322945169053,-0.3370870824798316,-0.11253390208369192,-0.513561497179897,-0.0880925476284086,-0.09799682220141841,-0.7641514419573436,-0.2485181657477314,-0.15744518800266008,-0.8938469040915729,-0.3223406189883642,-0.21413908650626992,-0.999998532174224,-0.33990699172447153,0.08392614742542837,-0.4695842900673883,-0.13755536251917425,-0.021678344860295302,-0.622703922853436,-0.36559481507136127,-0.13091744613736897,-0.4565487441630907,-0.3629084143977565,-0.15918429899547618,-0.3277862016029708,-0.288024235558305,0.2685749753703994,-0.3905948976470728,-0.19914083877470673,0.10643800221773689,-0.48732855028846106,-0.3656138439797493,0.006600056576695686,-0.3678550459110436,-0.34321386604537735,-0.002649873918423072,-0.26278213821090957,-0.28044738355666493
27,r,0.0,0.0,0.0,0.17798483448690045,-0.004465712472677142,-0.045183811975101504,0.2904684672913264,-0.22566439263517857,-0.006273224582643486,0.21550846973835788,-0.41997793266264155,0.03726759804432993,0.059677792591383005,-0.47587164340009686,0.08288926848545969,0.28797333435674316,-0.41910590754534094,0.032113365214875386,0.26682193546349703,-0.6425058171850802,0.016406585100004794,0.24703731971856285,-0.791746153942323,-0.00068005002406694,0.23516678976153763,-0.9105951826928541,-0.014614986456248666,0.20200137826474435,-0.43981960336274645,0.01626704259120492,0.21810496326613946,-0.6803559687880114,-0.00808142422150943,0.21988472567638462,-0.8465895956562314,-0.044008880515939645,0.2203487726451065,-0.9999988182428311,-0.061346573882932166,0.11453739987592308,-0.42056482388052113,-0.011770910302492561,0.09076062778622873,-0.5364933080893659,-0.11650625677351752,0.09355089684694198,-0.37124011075327096,-0.17752506973561527,0.1261921775765435,-0.2661824973362874,-0.18287187624593657,0.03061547762995964,-0.3657631168097469,-0.03986660272277504,0.04278156634241245,-0.45225370948806914,-0.1480854700783485,0.08423868290448533,-0.32403777152015534,-0.18175757888380914,0.1144921081028678,-0.22391703180441308,-0.18404016450082739
27,r,0.0,0.0,0.0,-0.2517929317589531,-0.057275628988199635,-0.0633202498151381,-0.36759373853001037,-0.2586427467474475,-0.10244408724336264,-0.3414959665955939,-0.4238964499441804,-0.16441332002542403,-0.31491134146144384,-0.5561228701980157,-0.22409317801867754,-0.12608235752399255,-0.47174472752512403,-0.0679569041100285,-0.21603784115144198,-0.6827479889246276,-0.20973741783321742,-0.27851210093179407,-0.831580367876899,-0.2874814153223978,-0.305707720668911,-0.9481082251934217,-0.3270109863469623,0.08237058193434466,-0.48089776488647445,-0.13674827520058425,-0.013004181750614975,-0.717608551485965,-0.30547595329885896,-0.10724377632936039,-0.8705564792538475,-0.39816321336890453,-0.1807808445061494,-0.9999983457131559,-0.4223292011083681,0.27454886937801365,-0.442381095025305,-0.21311893992839975,-0.12182989819337799,-0.5172068081575002,-0.447393685671988,-0.2783415174309254,-0.35544346031553564,-0.4378141402568761,-0.29427177318972136,-0.2369980669635257,-0.34555765282811374,0.41007617897683735,-0.3617450909265275,-0.29315632412326176,0.004129008149639093,-0.3819180196503535,-0.46593695034344,-0.13980298997825596,-0.2697261385576453,-0.4309220245042934,-0.14295415039488082,-0.18292467483903185,-0.34662818755003927
27,r,0.0,0.0,0.0,0.13279510301068878,-0.1269407785235813,-0.0801909995749547,0.19903377698713398,-0.34832080303786533,-0.072496008376957,0.0931482477150528,-0.5115416629528143,-0.05626061620989494,-0.04447988510725409,-0.5686890011441748,-0.03308894879146899,0.20756028327362028,-0.5006795244357646,-0.0008449491590617143,0.1764811212281602,-0.721682995950983,-0.038479257158342425,0.13425151191982315,-0.85973677473942,-0.06980699081440334,0.09000620314024951,-0.9745652247032907,-0.08813836744356074,0.1010984678992477,-0.4938422990979404,-0.0013686017724974908,0.112221409844994,-0.7385235879422599,-0.03504772918077336,0.10999504142155195,-0.8785222909022601,-0.06614422111461923,0.09089432663314252,-0.9999984114883075,-0.07994983096601704,-0.00296981678870815,-0.45383546027138977,-0.018938125906479707,-0.05195347270475139,-0.5847355368803188,-0.12497265020324147,-0.011420245545712627,-0.4422128778488848,-0.17748020592296193,0.027805745258888244,-0.3424449855834991,-0.1761572640797838,-0.0978496212668769,-0.3927422215932152,-0.041426586811702804,-0.09622789640693322,-0.4938577323739896,-0.13959010481736578,-0.04598155233510945,-0.39448002741289095,-0.16530946998801904,-0.018176422513609673,-0.3028353405791965,-0.16268778956049756
27,r,0.0,0.0,0.0,0.1270152190167358,-0.12412802199472459,-0.09105676419804737,0.15975232810233223,-0.3109126099040923,-0.10621557497731325,0.03354169174866055,-0.44400838751062877,-0.11234477300849992,-0.0781680231175665,-0.5154926978285465,-0.10980901794508174,0.17939495384584853,-0.4681100057644582,-0.034435916733576676,0.15017400296531877,-0.6841016774957004,-0.08758258421887966,0.11427382198990185,-0.8309616629145978,-0.1287334159338516,0.07398268506990031,-0.9571655961583455,-0.1542441535770151,0.07180534738883981,-0.4706044005449235,-0.03885616736325098,0.08982774767485334,-0.7159264514262046,-0.08366688924151529,0.09029600179748115,-0.8698769446282631,-0.11926255002780714,0.07575146820109355,-0.9999985942559616,-0.1358830786620919,-0.03600908556446327,-0.43526376167041175,-0.06005570297791378,-0.08231532101641402,-0.5583935230197059,-0.16017027879833257,-0.046094207706167505,-0.4384489957174184,-0.19385551136184984,-0.011466716885912907,-0.3573599667671616,-0.18197116978045377,-0.1423396803999983,-0.3692729013018272,-0.08908062455079917,-0.1512706526961023,-0.4743531147699157,-0.16778425757212034,-0.09435553085076143,-0.39400008728931313,-0.1728636648003359,-0.04968236150126158,-0.3165085336463884,-0.1574797761581535
27,r,0.0,0.0,0.0,0.15561117922160528,0.00440313114836011,-0.07654000482631876,0.2278335835484991,-0.21760107262232542,-0.09221826837150646,0.12767916100269064,-0.4249127610150884,-0.09959292925727779,0.040919137412397825,-0.5171029807031742,-0.10545609846828119,0.2986993923151486,-0.4238521073617718,-0.057012945020808295,0.24451278377844515,-0.6495782339257571,-0.1129185700617406,0.21197864475907835,-0.768362309913788,-0.1522476888220885,0.19830048147453702,-0.8783117873180573,-0.1820286414067305,0.2152439752908192,-0.4363885892631097,-0.07217224385443383,0.1802702391951481,-0.6790639638834848,-0.15316828360208912,0.15549040708911496,-0.8354730086418661,-0.2138318079305718,0.14269183962380777,-0.9999988774403581,-0.24525860700551672,0.11892428540832642,-0.41054382127856365,-0.09575450819296294,-0.00912194258541235,-0.5254853696152262,-0.2195741882816427,-0.03343591542692259,-0.3428134711826225,-0.2573867385885231,0.01123314651697292,-0.24118823810141127,-0.24991012394270626,0.02776668418047498,-0.3497534193011974,-0.1229216724822303,-0.08198293374470925,-0.4337841265167466,-0.23338100232393794,-0.059876815995636185,-0.279544932102185,-0.24716081827456565,-0.004252383439495471,-0.1710971775464545,-0.23538566917629755
27,r,0.0,0.0,0.0,0.11378658303911256,-0.12272415150782964,-0.03904904853598413,0.16448638752938236,-0.3691448288707799,-0.04579998932558979,0.10768918214224779,-0.5224229854633788,-0.05758417980061747,0.0037865726941644522,-0.49754403511323514,-0.06838626287924231,0.04622842333341338,-0.5409844890170037,-0.006189363106341088,0.008446144168034193,-0.7296987784263103,-0.03601488003302949,-0.020278934965558725,-0.8472726050312325,-0.06217816275065003,-0.04880716737381205,-0.954610618328704,-0.08788419504458328,-0.03816454615706769,-0.5176813945206176,-0.02854922830021976,-0.05119555699511583,-0.7496093399355441,-0.07580564881467566,-0.03749012538436725,-0.8890911726299685,-0.11180472409560688,-0.03631484482590828,-0.9999985476956772,-0.13595312768556458,-0.11775961476862506,-0.4553081204280684,-0.05799277309412827,-0.12287581178170606,-0.6527826084994865,-0.14670011272519268,-0.0527219414752887,-0.5131790234219531,-0.16244090398467853,-0.010841805172332053,-0.3848441775754037,-0.15082596252319524,-0.18443469097891885,-0.3651207243321423,-0.09077995298865592,-0.15142455987769265,-0.4653378679353122,-0.17439599901134298,-0.09178943758487061,-0.36043656865862594,-0.18633013470934745,-0.060447439650160126,-0.26137219895226677,-0.18094879190923252
27,r,0.0,0.0,0.0,-0.3637191782568666,-0.1062510852731677,-0.22141833325308913,-0.5232054856782303,-0.3054574852182053,-0.3242672435722421,-0.33140197629416557,-0.46311527136509173,-0.41687616248412385,-0.05894395677763058,-0.5663040429594699,-0.49596248703020906,-0.4453168323567953,-0.47108961169426145,-0.1715963356911286,-0.3605209563706801,-0.6689612977480917,-0.3444862327123795,-0.2848775338624623,-0.7849490375883147,-0.441212353497793,-0.1694413226875823,-0.8934719907757821,-0.5023641493147192,-0.09817319151185115,-0.4685881746242953,-0.17089453656542,-0.12866445876696025,-0.7046942654855471,-0.36408526261062807,-0.17510572265303465,-0.8628900575445865,-0.4451119887935736,-0.1725916703972066,-0.9999984773546899,-0.47316906971773565,0.2105105140446154,-0.4177642227320094,-0.2001937595133137,0.2116731077920309,-0.5362055254656364,-0.5264781224680801,0.06153070517644688,-0.36909365583932763,-0.5465004644573812,-0.01683092685807605,-0.2359370110680094,-0.46121327689814867,0.49492659529905786,-0.33543325423090065,-0.24243001438685366,0.42077280842496995,-0.4248893523121888,-0.5499254874188833,0.2616316034801517,-0.2974625431106856,-0.5731345251893027,0.17767890292029445,-0.18316805163467267,-0.513391001595534
27,r,0.0,0.0,0.0,-0.2567764085536991,-0.08713657912002191,-0.06550044621166773,-0.40831074139502144,-0.24154580819787422,-0.11350946243312726,-0.41670039720001795,-0.37690126254272466,-0.18765549386920669,-0.3544875178046621,-0.4785872550687622,-0.2571892397691315,-0.29934898656027303,-0.49901735605502373,-0.015365658109662943,-0.33887458165275947,-0.7287645675173963,-0.1187246479874352,-0.36064291529516834,-0.8670666763386383,-0.19112400767808757,-0.37236649518189874,-0.9845036369362355,-0.23631817097436927,-0.1710717356220008,-0.5044155400371464,-0.06462482701792246,-0.20347850943628923,-0.7632602014345461,-0.19770085574556193,-0.29955634423708466,-0.902326408149192,-0.27648029630583326,-0.3846878921158425,-0.9999984599891398,-0.30650835445995533,-0.01954206121454213,-0.48257335989141975,-0.12907031821235124,-0.12238449273629072,-0.6807233553219918,-0.3027815385251126,-0.27984566148544515,-0.577954081865059,-0.3237522243711186,-0.3703769079110301,-0.4599967076558267,-0.28186528521666704,0.14401536815779412,-0.43388625469341013,-0.20034544635521254,0.03418556121583525,-0.5875424697377413,-0.3192139230259822,-0.09550170356639606,-0.526167488843207,-0.30767372020824274,-0.16462515159308563,-0.4317307996394523,-0.26488449060507974
27,r,0.0,0.0,0.0,0.141859656179661,-0.05767231268762245,-0.11745242874240967,0.18553697410432077,-0.25671281606009894,-0.1391656912641405,0.0406389184198707,-0.4026292236707256,-0.14782181441095935,-0.08517104755764891,-0.49745901244785223,-0.1459089959870304,0.21154606180890628,-0.4678984838954073,-0.03439827849430951,0.17545739842425334,-0.6797019448712992,-0.10293184772134405,0.12699551315782834,-0.8250512309589251,-0.15225951660906378,0.06929804036050463,-0.9410547982016532,-0.17881541502183543,0.10178501295753166,-0.475063633348655,-0.03412241115671651,0.1392803232574658,-0.7301893946677656,-0.09613469122734078,0.1532318852053576,-0.880339025875447,-0.13583509538757293,0.1507982419686672,-0.9999988209033658,-0.1448472463856009,-0.008629987907167576,-0.4345401843707931,-0.05646730971109154,-0.07071600229718783,-0.5529002278098429,-0.20018562507016047,-0.04806628119517255,-0.38867463969848426,-0.24213824558665342,-0.016993826832662904,-0.2796648801563455,-0.21815047049412906,-0.11824323868395632,-0.35561530974557165,-0.08622549095493613,-0.14825858190101493,-0.45107557713758645,-0.21101260710957276,-0.10754913786638107,-0.32316895877817403,-0.2213836851500128,-0.07275990981223486,-0.22111814823715029,-0.1959378360185371
27,r,0.0,0.0,0.0,-0.22946903826430873,-0.1341843016199805,-0.1724354367903783,-0.3088808860113653,-0.34677227967778607,-0.24733448637332137,-0.1715460877781905,-0.5037233914616979,-0.34071112559007866,0.08805511973736362,-0.5895116748794572,-0.42019713775236184,-0.06543539910295217,-0.5225895406662526,-0.004263607218110771,0.04040066823109991,-0.7353106273899244,-0.1350315144004364,0.10854758031978255,-0.8581924657701447,-0.2070805010261226,0.20632222745170734,-0.955635754815031,-0.2534027233931765,0.15756472065850707,-0.5059630793452323,-0.027994576564574363,0.20793347357760117,-0.7567204804882114,-0.1969976454532595,0.17848582445122774,-0.9001232446441622,-0.2765782124039373,0.19052826653262459,-0.9999987004987846,-0.29981452398081476,0.36393148548750454,-0.45311816443327035,-0.08839845986805167,0.2965724589671611,-0.6195894698022545,-0.3406414923688894,0.06551657331408267,-0.4920581616018712,-0.3475814226826975,-0.03485669423418068,-0.37591087813392027,-0.2746127004878162,0.5513217646007302,-0.37269419510525736,-0.16639576178422008,0.40288588952945487,-0.49994700914903784,-0.35887478480622875,0.20603633621765896,-0.41807747273865026,-0.3546429206724305,0.1295235231788013,-0.32976240963052905,-0.3023981178733372
27,r,0.0,0.0,0.0,-0.27993325591014706,-0.10632788314000267,-0.0695419218123924,-0.4234555385634236,-0.2688107711451432,-0.11344487520471397,-0.4537443999804118,-0.42407323636546396,-0.17832666906074526,-0.3975173495667866,-0.525744989315596,-0.23561458910945401,-0.2940808859082634,-0.5162110043881711,0.013300229567962825,-0.3581423458591819,-0.7295080144398824,-0.07417097093796701,-0.4056942847135256,-0.8585530021918543,-0.13691922587915967,-0.4364707865747459,-0.9644586148124662,-0.18379620159762972,-0.15459340990473464,-0.5348158181947815,-0.028816349330924418,-0.19039642176489377,-0.7841232749807159,-0.14237342367674205,-0.2945460681042548,-0.9122459389480999,-0.2111638058415061,-0.37996775350942524,-0.9999985687108006,-0.24589118917979863,-0.01935623736028357,-0.5191282305936501,-0.08926187935400134,-0.1303799205303542,-0.7373114132526343,-0.24345185658147112,-0.29098117843787685,-0.6426823792655347,-0.26056824092158076,-0.3701779620963409,-0.5363718996683283,-0.23160959882346752,0.10655519558990759,-0.47411806210240154,-0.15840424070706463,-0.11060403597882189,-0.5918411708227003,-0.2831878131791294,-0.24090956489487056,-0.520596227959662,-0.2970579462467041,-0.27900719974812127,-0.4309937039715013,-0.27939277445599364
27,r,0.0,0.0,0.0,-0.10535570470082761,-0.12533245121530306,-0.15889943788749347,-0.18926762240481607,-0.26965352937770226,-0.34920485777699567,-0.15527312451755146,-0.41660714466817417,-0.5394043616554453,-0.10289855417019927,-0.5262407011759135,-0.7395910613235667,-0.5132514396870509,-0.1227688800446653,-0.4138290437371913,-0.41987234633341564,-0.26856919388921857,-0.6955573067592494,-0.23046639952454098,-0.3689143816076851,-0.8857569508124093,-0.07488340479254692,-0.4314659723373075,-0.9999990593034436,-0.4435209553649915,-0.012899998233385723,-0.46357957154391094,-0.3824702993626673,-0.16587877112877425,-0.7205282539198148,-0.1734832211240097,-0.27379967302687835,-0.8222495087337034,0.009059996151360016,-0.3329691563829244,-0.8823440891074077,-0.3004589124324402,0.07242563749319354,-0.5228799500443733,-0.18571139000618742,-0.08698928525751676,-0.7532820934817431,-0.005126133083361831,-0.19227753788777993,-0.7809764109826126,0.12141619409091021,-0.24618693720736484,-0.7758775839328043,-0.10952478093259792,0.1276141590786029,-0.594025007454756,0.0065762684956713665,-0.010351229512148645,-0.7369652525815851,0.09908327890705879,-0.10929534296688742,-0.7385931295264709,0.16222430429321386,-0.17556355399858786,-0.731858743957656
