gesture_id,label,f0,f1,f2,f3,f4,f5,f6,f7,f8,f9,f10,f11,f12,f13,f14,f15,f16,f17,f18,f19,f20,f21,f22,f23,f24,f25,f26,f27,f28,f29,f30,f31,f32,f33,f34,f35,f36,f37,f38,f39,f40,f41,f42,f43,f44,f45,f46,f47,f48,f49,f50,f51,f52,f53,f54,f55,f56,f57,f58,f59,f60,f61,f62
31,v,0.0,0.0,0.0,-0.23014446572740263,-0.08730636517235547,-0.06860723298902566,-0.3743905425964103,-0.25753893346987367,-0.13123441436047373,-0.39918380192213804,-0.41670125688843795,-0.21230278421627913,-0.2820618959052583,-0.4975703673140925,-0.28146124430049646,-0.18777707173651398,-0.4655723058697636,-0.019636739194293373,-0.3113962462988886,-0.6598858100861968,-0.14462371357944642,-0.4201975067801533,-0.7955986103703411,-0.22236904238301364,-0.5102612195562553,-0.8850950096071389,-0.2682569406686514,-0.04298058662363709,-0.4739131908007466,-0.06647656703501001,-0.05714323267002727,-0.7122798756770098,-0.21394050819111587,-0.1229572852869428,-0.8851060919674796,-0.30398388765354195,-0.16861745515532572,-0.9999984243122607,-0.3380495136887179,0.07507350555901757,-0.4371579792210259,-0.1270724597620652,-0.12539700117312844,-0.5725643240662579,-0.28564072640313026,-0.22549297368847915,-0.43457973383058174,-0.2772692475833254,-0.21533007358284156,-0.318540095435616,-0.21725357042313204,0.18039894338055074,-0.3694182725766088,-0.1965896995225236,-0.08693529393755856,-0.4541950420420496,-0.3124952812726479,-0.16195503126526223,-0.35256763759690934,-0.29274851090959647,-0.1408825805056106,-0.2599781797645194,-0.23875569744175504
31,v,0.0,0.0,0.0,0.14293791282011628,-0.12434374416661846,-0.06219875561283258,0.1799763760080007,-0.2912326632729361,-0.09483208683353143,0.045423399199336675,-0.3826457774607217,-0.13386226285551642,-0.09233512053337672,-0.41578623120631025,-0.17429978290359674,0.16881676512829694,-0.49945766589600543,-0.05117907566619604,0.22979934199583538,-0.7159159671864851,-0.10890579758921877,0.2602651438146969,-0.8539693462155675,-0.14846273705925642,0.2825332320511136,-0.9664180544131964,-0.1749059315468257,0.028359389199352956,-0.4863477679497496,-0.07404776740380103,-0.020916496180431874,-0.7309674162212272,-0.1466600699890348,-0.05791280226315454,-0.8787765584988091,-0.19681041475122216,-0.09340523777314838,-0.999997310726771,-0.2207677726545035,-0.089342767532769,-0.42282710894102715,-0.10493939305259323,-0.10493480530195237,-0.5107120901890293,-0.20982075059883315,-0.05605388230664887,-0.3935902748988776,-0.2364655037362954,-0.0288621487443715,-0.3193714890627735,-0.22138870834317417,-0.18394619679292953,-0.3296793020077639,-0.13967728851212047,-0.17873939357251273,-0.3986847126032549,-0.2071574193776272,-0.1314808779532351,-0.3261456389534251,-0.19693782778911365,-0.10348896085876179,-0.271415297397045,-0.17109379917331471
31,v,0.0,0.0,0.0,-0.19949588076026442,-0.11713820202944221,-0.1645382114411926,-0.2830904881191036,-0.307375849444783,-0.25829648682743966,-0.11999667421201696,-0.43947382702658183,-0.36678495049585336,0.13333080872367742,-0.5247116360809958,-0.4693176266004187,-0.1098900051435695,-0.5039481372606309,-0.09506836134905433,-0.20007849207056227,-0.7103171485863176,-0.2929330310484033,-0.24462306874400716,-0.8497472117657324,-0.4163457648200907,-0.255841766282647,-0.9631283116838811,-0.4875086724045453,0.18302512060969045,-0.4809876541761526,-0.14110958141923235,0.31969750244859463,-0.7262567355115092,-0.3550850910135377,0.34056314574483715,-0.8836885918540351,-0.4550667527346958,0.361704271814489,-0.99999877242125,-0.47852489746149646,0.4264399431286491,-0.4052847685350943,-0.21599016195707316,0.3385986206496802,-0.5417151791836494,-0.5122359037086095,0.10386798098460061,-0.4050823088182222,-0.5189766708378837,0.009329683259461208,-0.29253219372281175,-0.4293939167501124,0.6098230815896787,-0.295764963947186,-0.3017315593748309,0.44843180975777763,-0.41969416389579495,-0.5135592819772063,0.2595592837510682,-0.3280838126940941,-0.46820413474231976,0.19803567572240452,-0.23838837773751792,-0.37575573787123157
31,v,0.0,0.0,0.0,-0.25392279006901064,-0.11650066000798348,-0.14581275464889773,-0.3863960910124164,-0.28529109596263735,-0.22746828531393987,-0.22595850664432518,-0.41369033781839726,-0.3214186344615351,0.002229860778628972,-0.5125993413702258,-0.4061602736723107,-0.2683516628006793,-0.5055038069484713,-0.0489696124651725,-0.43574455158526315,-0.6902826602133918,-0.2235121496357316,-0.5328943495512867,-0.8089713636216195,-0.3418837678796831,-0.5978130935907413,-0.9065401341752808,-0.4061731743535125,-0.00428518292923343,-0.5042804389447205,-0.09060785410765478,0.06451075500392364,-0.7413012597495047,-0.24790328385912574,0.06533000817052292,-0.887271948325543,-0.3301998445802632,0.09203769335381083,-0.999998659829628,-0.35696654139350675,0.21874762495535452,-0.4404223066368886,-0.16282735524745584,0.17594540137835352,-0.5784623913095394,-0.40574649330930523,0.027767298410173582,-0.44725407604732176,-0.4152647197444947,-0.0033038524737271815,-0.34231913634799427,-0.34474312598469525,0.39891102986423727,-0.3375126540656771,-0.2461375480523409,0.27097789001970074,-0.4438494944157278,-0.42491339083852353,0.11079839915602471,-0.354940475864588,-0.38653498258843855,0.06915859485362906,-0.2733854047611336,-0.30842597100335245
31,v,0.0,0.0,0.0,-0.10260334620571324,-0.08079907235966693,-0.051047820973240454,-0.17794636743507522,-0.2779595323117349,-0.07520318725053077,-0.1851909950513276,-0.41492624267196937,-0.1050749419021917,-0.11823561989910865,-0.4845780768864648,-0.13101891346698316,-0.01116129330338635,-0.43992161346386155,-0.04889667972849611,0.10017958025404784,-0.6734991035568275,-0.09487717577691944,0.1522569368016635,-0.8081463671929666,-0.11552694654252965,0.19604877758162353,-0.9176994707079575,-0.1298192423499273,0.036308678695807235,-0.4505946628286041,-0.06522324007564657,0.031831592376409736,-0.727920445752307,-0.12921088153149857,0.0010456692093205706,-0.8779051127748668,-0.1626333133267982,-0.026642589252186984,-0.9999980671604485,-0.1737246188546475,0.0899698326824285,-0.42457614564239954,-0.0876607880840885,-0.006774067831592011,-0.5780855468090857,-0.18570957899128868,-0.043783315520059235,-0.4481027524008397,-0.1967971979202619,-0.045495452682436544,-0.34749074561925536,-0.17596212515841236,0.1364402755613593,-0.36999501242688726,-0.11401302167284622,0.0013005053566259308,-0.4692213188559449,-0.19982576769847174,-0.053448944138819975,-0.3802177206976801,-0.20162747769291503,-0.06632467872888115,-0.2995789001829055,-0.18070517942562758
31,v,0.0,0.0,0.0,0.13155490378712162,-0.14417123209655683,-0.06645159939629437,0.17307849830608102,-0.34608267771754847,-0.09531565878534763,0.009744126579807565,-0.4386104607282683,-0.12743059512876098,-0.14914595837709022,-0.4241213131460575,-0.16038534130811452,0.04211156579643543,-0.4753567253496633,-0.047507114221558816,0.07939468109356321,-0.6691244735266114,-0.11366776500696178,0.10102358836181999,-0.8031392399322699,-0.16015731263387814,0.12294336004395588,-0.9134903978913756,-0.18732347315073708,-0.09933374035171952,-0.45023440824742683,-0.06999952521851921,-0.15506413813930112,-0.7008540862254493,-0.14829362130258375,-0.17971202906298298,-0.8631605626839973,-0.20306880829187401,-0.2014603864501646,-0.9999971694343978,-0.22840845121959077,-0.21297804360926292,-0.3798221905106681,-0.09964209822694221,-0.2039561853332932,-0.5115713694558999,-0.23373709909189613,-0.1117749426393412,-0.38523557542002157,-0.25963040091299805,-0.06540349541249176,-0.27937813768346226,-0.23227157857385136,-0.30665232843234674,-0.27630769599657945,-0.13068274271688962,-0.28106747954899103,-0.397754808329116,-0.23182378825338332,-0.17641061673654068,-0.3149747792676344,-0.2222510970578872,-0.1126956196152915,-0.21947305946837212,-0.18676559638592094
31,v,0.0,0.0,0.0,-0.22565973679805051,-0.09872382387187141,-0.08108770329780877,-0.3672705563793846,-0.2609049134250005,-0.14145715166829428,-0.31882539908098645,-0.393560153485776,-0.22015862823270868,-0.1639886355008982,-0.4414875714926021,-0.2940883386319219,-0.20054496015679987,-0.47592740268215716,-0.03825071261511465,-0.3197807771822098,-0.6700063288034045,-0.16589663060640747,-0.40198300250565244,-0.7941816085624122,-0.2391732286843298,-0.4643318832945817,-0.8934649300804546,-0.27851681298470965,0.0019631651479683986,-0.47853426543094985,-0.09647409956978394,0.014441799382129234,-0.7328358124838583,-0.23120921917867726,-0.02049141540805765,-0.8846664970146426,-0.3019845862647604,-0.02594982316050174,-0.9999986514168722,-0.3175778150029095,0.19592433190542857,-0.4264065758914725,-0.17063110965565184,0.013229320035122097,-0.5599282515715392,-0.36768400228979825,-0.16715841212313895,-0.4715408864765402,-0.3886308610802573,-0.23116118901418609,-0.3870744660956528,-0.33559972009416855,0.3588518470231498,-0.34102549080032296,-0.25019976537117666,0.1035592725326087,-0.4045024500270604,-0.391066108647012,-0.011918453342534429,-0.3183001842803139,-0.37119049834883383,-0.006823893890556248,-0.23586308328384326,-0.313069198815318
31,v,0.0,0.0,0.0,0.17084900745128662,-0.085047625474703,-0.04619214168142424,0.22815554902155186,-0.3149552111950892,-0.04688466399784105,0.12337671467740582,-0.48133415453498946,-0.052385634512337374,0.0019100719894220859,-0.5252952982402367,-0.05683767721302999,0.18370036544766044,-0.4537624198112611,-0.002691202242176313,0.252973051884339,-0.686566648739675,-0.028794400201371445,0.2871448790996848,-0.8328672443275116,-0.046847929772057276,0.31616705453700533,-0.9466462243877422,-0.06527181863794668,0.056239803358797844,-0.4541621054280021,-0.02351578354487653,0.057273425993464806,-0.7198752440972965,-0.07648586816888614,0.06586803160363425,-0.8778549349964608,-0.1226333313473584,0.05754438468259982,-0.9999987948217246,-0.15037870734662007,-0.05530990934213486,-0.41727997297907626,-0.05147486186790772,-0.06541059127160567,-0.5727628499553998,-0.16149078819801896,-0.04201454401343244,-0.4203942738827771,-0.18628174831540967,-0.03657884835944337,-0.31261973693709405,-0.16985694302051033,-0.15235449656491581,-0.358707999736541,-0.08131972772334994,-0.15444332801825955,-0.46320912297459055,-0.1845062757013234,-0.11482118688454536,-0.3474000000212027,-0.19879313289290654,-0.09798500495311264,-0.2579075601644959,-0.18789814404267474
31,v,0.0,0.0,0.0,0.1316095653269091,-0.15862464554012112,-0.057494911375204814,0.16421175637206917,-0.36160296053658086,-0.08537032506020537,-0.0014978837108410535,-0.4513495911199121,-0.11959198141044443,-0.15760187970875308,-0.4407961595484547,-0.15554150606825498,0.040483027163195295,-0.5098980384207579,-0.04681803809623335,0.06860510908302492,-0.7331178287445577,-0.1030358351888373,0.07607616559357906,-0.8790774842018565,-0.1396683513619547,0.0823575146925703,-0.9986345101102237,-0.16446036190287883,-0.09869797384622744,-0.4715886946832805,-0.07311453598921783,-0.18738932247922513,-0.7267522437703169,-0.14394967223763286,-0.2396581038684144,-0.8803021560048717,-0.19566154814458636,-0.2896136503001372,-0.9999974328002289,-0.2216867229337144,-0.20322275970256543,-0.38596617910399345,-0.10489595802851893,-0.21737316260824907,-0.5079903751024358,-0.22074691145996608,-0.12094068240599519,-0.4009823523678279,-0.24570703033594207,-0.06680899517988341,-0.3114344909070202,-0.2261181343891117,-0.2881756727567079,-0.27527886187279005,-0.13816387835524094,-0.28295580279778254,-0.3885994491805961,-0.2229617373397398,-0.19251263869195168,-0.3126531185373336,-0.21148503926094894,-0.1352392823056465,-0.23339473427049823,-0.18077723730672154
31,v,0.0,0.0,0.0,-0.2925813193414972,-0.11592178845375556,-0.19169849855579937,-0.4405396886450573,-0.2957937127216886,-0.30160682517746223,-0.3322643324695359,-0.43249254566068074,-0.42411998841676213,-0.07496095256030476,-0.5248481693232349,-0.5309271518461618,-0.23469337168981028,-0.5043699999908963,-0.08629712882328891,-0.33672047639036373,-0.7119694739256517,-0.2690590656757521,-0.40173649353597407,-0.8370710972209792,-0.3874448209839361,-0.439642529616848,-0.9384437407986606,-0.45699949476473595,0.06036241439193829,-0.4962536454179373,-0.12006986865232228,0.20623361219928538,-0.7289345453437049,-0.29388390189797,0.24754286898635935,-0.8827565768378804,-0.39517940656855294,0.29169414568564944,-0.9999987211698553,-0.442866724671295,0.28646882319611644,-0.4342864825960168,-0.18911769903353,0.21509513471275185,-0.5853665765742412,-0.450737827827664,0.00219716304062303,-0.47708340741652844,-0.4795127363413096,-0.08718190496759183,-0.37476177234341757,-0.4265734172732594,0.44488477388244413,-0.34197674591179594,-0.2749405071648662,0.2218249707875691,-0.43965312478294155,-0.48722605536952285,0.01595639636110397,-0.3596626697452932,-0.48663718518494925,-0.06272376439490311,-0.27207791979349694,-0.43683098631193007
31,v,0.0,0.0,0.0,0.14596507801158268,-0.15747211694568666,-0.05016834412478166,0.191126743357947,-0.35581723734916615,-0.07726384032238497,0.029816667550616287,-0.4494721042964586,-0.11221566547852453,-0.13995798353615932,-0.4091869933279537,-0.1500705553201127,0.04249469055952308,-0.5097231556831444,-0.0388249678184452,0.04698993679226404,-0.7381142231628818,-0.08775400601132206,0.04165045890514605,-0.8747476535772379,-0.12107222363988603,0.04011882511964177,-0.9845214822012514,-0.14480390023283862,-0.08244970302315442,-0.4684679711886381,-0.07252144756416558,-0.13636457980307082,-0.7226679699421042,-0.13187122019368738,-0.16212695685839518,-0.8790342787187542,-0.17833824945739324,-0.1926286988292185,-0.9999975592181942,-0.2041822418768578,-0.17844100980661698,-0.38430827353071756,-0.11243500676965129,-0.18986992494296112,-0.5285620475701416,-0.2149813657273501,-0.09946512436802481,-0.43457126284067493,-0.2430500314883311,-0.04697553408094519,-0.34646347649819753,-0.23143215350689322,-0.2581760199690657,-0.2758618220589592,-0.1545273670448077,-0.2555961888598002,-0.39180044757324084,-0.2283802517118623,-0.16863741882031597,-0.32859465813720173,-0.22194029393148595,-0.1149372733727898,-0.253827274042366,-0.2004955296693033
31,v,0.0,0.0,0.0,0.13363293689106195,-0.08953842932773251,-0.059775775318964976,0.2150692740281375,-0.2467687330865171,-0.089251656293503,0.09755660365463849,-0.35205057729274075,-0.12460831753097665,-0.04328404914496529,-0.370759339223065,-0.15990665055765826,0.13908429614417125,-0.47774583123029407,-0.057935243813004945,0.20209950964115142,-0.695982490641478,-0.11826335295608179,0.23780434902341965,-0.8360310011711533,-0.15549851744261586,0.2557966629707177,-0.9550732568385009,-0.17886722837906005,0.005941658872797659,-0.47300307018230997,-0.08565144287897182,-0.00896008537519927,-0.722604576293888,-0.1563359672599927,-0.010444939394977187,-0.8718137776340098,-0.2018648815601213,-0.029083863221912518,-0.9999979095647715,-0.2227168820567122,-0.11039952559871662,-0.41500006447475635,-0.11971120088004078,-0.08380858985861216,-0.5034602084381222,-0.22547229427456245,-0.028227925931582368,-0.37763150827625214,-0.23636354961305264,-0.01596999934060127,-0.29435807391104823,-0.20920394107389922,-0.21595355773866565,-0.3260664418443472,-0.1575670429442178,-0.1775249077245811,-0.39428263159932514,-0.2206251342954865,-0.13106456432165,-0.3220535855415052,-0.1960373715409671,-0.12711575223850813,-0.2718967443451067,-0.16038237201838765
31,v,0.0,0.0,0.0,0.1358121017339409,-0.10682501385109357,-0.06042713877591522,0.19869401940820272,-0.26074141061616535,-0.09509569808951295,0.06909262820178087,-0.34613227101704713,-0.13595929218881128,-0.07419607113795414,-0.357436898360807,-0.18044307558892447,0.12964959720930164,-0.5127395054102808,-0.06728118606318605,0.18616723563069004,-0.732757200850955,-0.12631432751681046,0.2228669003721554,-0.8707635707875968,-0.1708613493288579,0.2448312559203538,-0.9890880818720755,-0.20350598776309411,-0.00582551004031664,-0.4924839056166813,-0.09494527010672019,-0.06572268335855462,-0.728955831462062,-0.17105140820824893,-0.10572139048012465,-0.8777580444309024,-0.22538481601639543,-0.14879038523603835,-0.9999978547413189,-0.255326098251338,-0.11748116176884611,-0.4186067357285472,-0.12755853308218554,-0.11939578400789178,-0.5045701862644306,-0.22669208417605505,-0.05071680678572907,-0.3994780311693758,-0.24469800124043362,-0.01677536933370533,-0.3203617510531442,-0.22906491917722177,-0.2104096125165662,-0.31705356615525193,-0.16435881346958198,-0.20705187900828695,-0.3966687847946583,-0.2254015986102362,-0.15582871739124785,-0.33556492699584634,-0.20654918349595197,-0.12688651095935755,-0.2843270606299182,-0.1778717904114463
31,v,0.0,0.0,0.0,0.14338341450455147,-0.13352860200580924,-0.04436809520148101,0.21530385878162556,-0.31519976180494946,-0.06986885657440756,0.1154099386179593,-0.42708998289766814,-0.10627754137356123,-0.032638719762649517,-0.4152504695144063,-0.14268506655389723,0.0747290233493658,-0.5032435492782549,-0.04111346565275445,0.12127212156310074,-0.7073946722823443,-0.09509616035561312,0.14594611897928905,-0.8331955036707869,-0.12937359854867067,0.16128580455688,-0.938157896385186,-0.15070429983684094,-0.05720904194530696,-0.4788038125673399,-0.07340745995268254,-0.07165799863809492,-0.7213855883942049,-0.14426129834893175,-0.06924655802867288,-0.8758594202299077,-0.1910809523726028,-0.0835254136893972,-0.9999976237953733,-0.2132791193528063,-0.16304417617475703,-0.4150636558080849,-0.11040853735265053,-0.10566800748687297,-0.5108005106993944,-0.2251536160457432,-0.023318146308823288,-0.39609519542408017,-0.2528283174717706,0.007640241526762737,-0.3042640075270983,-0.23474628387527574,-0.24631408423397702,-0.32675459319449945,-0.14886394051293902,-0.16413545715065253,-0.4095715594547689,-0.22724643589391944,-0.07793516578302531,-0.3290345985351829,-0.2220363659187023,-0.03952873217464023,-0.2445776657051673,-0.19755861849631348
31,v,0.0,0.0,0.0,-0.21996506290861503,-0.1364994315607592,-0.17901274037880202,-0.2867194569471695,-0.3285071982323039,-0.2832906746339239,-0.13654366829573233,-0.46416545126342,-0.396259886280694,0.12107198033029828,-0.5467719691881775,-0.49390016851127366,-0.03859328855465316,-0.5340416376940157,-0.08849165005206264,-0.07169894007771066,-0.7570499878025612,-0.27672408161804896,-0.09823293437948681,-0.89052318632547,-0.3991606951640911,-0.1117711367440179,-0.997687777712122,-0.4639170700118994,0.21753744697307545,-0.499085649618507,-0.10952210411593717,0.46225138178601205,-0.7283085604090032,-0.28619416574469037,0.5644584963955926,-0.8793346551697883,-0.3878163946547618,0.6497446795621259,-0.9999986567072257,-0.4274474249686672,0.397259171095917,-0.4167632876619298,-0.16161499297928628,0.39820203406613186,-0.5679702526205509,-0.41368643759949764,0.16738363835652298,-0.46106783895094783,-0.44030918560393034,0.05072692454223164,-0.3638964260778391,-0.3791009171669224,0.5213354062129342,-0.30971134982479315,-0.22742033891137853,0.3897318002329942,-0.42484896215013357,-0.4102071483356826,0.17458529874366163,-0.35658331313851477,-0.3942588645966239,0.06885297673903142,-0.27879984035640343,-0.33171116387117133
31,v,0.0,0.0,0.0,-0.18816836941564807,-0.10609656233203486,-0.2117606161524924,-0.2965947832243679,-0.30481677445720284,-0.29499108074066493,-0.15536232884212503,-0.46724515204746886,-0.37253930029637344,0.08446802166331617,-0.5702969562625639,-0.4392135555239041,-0.23325748784908631,-0.49816423559294926,-0.05756261173558532,-0.36885501871960585,-0.6932383764766322,-0.1928102148108392,-0.45213506430813866,-0.8160962688312183,-0.28048245189875864,-0.4760665249142066,-0.9142115838395543,-0.3308912964369995,0.025286492399815928,-0.4937351453336474,-0.04689950332101222,0.07487879015814398,-0.7425340628700711,-0.1898750050122257,0.08216553904460293,-0.8896921847705598,-0.2660745338944087,0.1120206992350546,-0.9999987771684637,-0.2890497790811809,0.24390557710175315,-0.4319169491270654,-0.07111710697711947,0.23248485514887518,-0.5623689889260218,-0.33726681905884454,0.06812651753135661,-0.41806524576291987,-0.3754093131749984,-0.004785432061229397,-0.3026845545607851,-0.3149001574189416,0.4275552788241519,-0.3413222391458069,-0.10671778218478374,0.3549916535251661,-0.4595315072858025,-0.3213891277836175,0.2080886706055829,-0.35677955788214727,-0.3132264296691847,0.14075012836991824,-0.2564292166547061,-0.2509128061128069
31,v,0.0,0.0,0.0,0.12564072403799154,-0.13085057958038254,-0.053651614078989614,0.17292047238463673,-0.31107928891879383,-0.07691177913557538,0.0386953183843353,-0.4300383618696386,-0.10601447371054389,-0.10751734252949365,-0.45324717440889645,-0.13729492513562092,0.18525455128587914,-0.45421547743647944,-0.04240055306344189,0.25265426779776745,-0.6944213429931799,-0.09326080466104791,0.28886626399087134,-0.8387853328591188,-0.1260628625449533,0.321485218559871,-0.9522473324521776,-0.147314240256173,0.0794415661636612,-0.47282387179900043,-0.05812955554757367,0.04960035553777002,-0.7173507680827842,-0.11829512015355832,0.03171016232105137,-0.8661719587360497,-0.16204391188847145,0.017909769131072176,-0.999997372565252,-0.18504897831113779,-0.014148531250842374,-0.44606665072036433,-0.08074519341202664,-0.1089739471647111,-0.5534488411371612,-0.16305542874698986,-0.08801902710046124,-0.4375324917061143,-0.18866560891203807,-0.05260126490450873,-0.35801230867040934,-0.17962858380987456,-0.09735266645690942,-0.3899028826181428,-0.10813270509908193,-0.17477125763127685,-0.4713037628976201,-0.1564795071732665,-0.14682875409036322,-0.39526041885841684,-0.15038215797774385,-0.11121640730573665,-0.32837750648546177,-0.1328226606821994
31,v,0.0,0.0,0.0,-0.25549540929543996,-0.08275890430761824,-0.2966175071502247,-0.23590900363681475,-0.24314254890614534,-0.3989029476285266,0.0938954188996831,-0.3515255940527546,-0.4790624656790196,0.42250766458790917,-0.4363977807078195,-0.5418229469350744,-0.23295403369273307,-0.5008824321314475,-0.22218310761351084,-0.3360715257814841,-0.7223752105993033,-0.3936007067380182,-0.37531194696902204,-0.8514772057153479,-0.4943936751264205,-0.38987042140946215,-0.9553770687972457,-0.5553493835599623,0.1387548047859692,-0.4991593282410342,-0.18552696708999947,0.23922401983522573,-0.7467792934168782,-0.3654859794039593,0.31008571952655056,-0.8866469756238192,-0.4645641766604944,0.378983889573776,-0.999998674876872,-0.5067432182089954,0.434998430156552,-0.4336263289104822,-0.18237953411855418,0.496402172455989,-0.5631047988474681,-0.49013346346337,0.3546873032906186,-0.41771486722935736,-0.5457809677526573,0.28476866650961347,-0.3177140242955276,-0.4959288377944631,0.6575307893635727,-0.33883871247018177,-0.19485943945686462,0.6787468614400057,-0.4313783007234203,-0.4576907171372398,0.5709918140488364,-0.33519180763281237,-0.4732220312649837,0.5183269634180417,-0.25797533301890874,-0.4220397402956761
31,v,0.0,0.0,0.0,0.13680473071920377,-0.09479552794617054,-0.06631098534613572,0.1784856588111986,-0.25072507026532503,-0.09778170594036416,0.029724366264009795,-0.3460060980561559,-0.13227206294302943,-0.10649143265779101,-0.3931759392635715,-0.16633661373234798,0.16994707892294536,-0.466969766788659,-0.056188711124675196,0.211420140306589,-0.689769499131445,-0.11687408761191861,0.22843713191113993,-0.8315004273007329,-0.15480808756336695,0.23913804129343363,-0.9459819066791157,-0.17819814208159251,0.04294782625553974,-0.4712707882806145,-0.07794679351457678,0.03327973219637342,-0.7243077489245553,-0.14187523447022407,0.032301712886991255,-0.8770479483574091,-0.1870257082671727,0.022449819388255972,-0.999997596537102,-0.20874758231073676,-0.07128223611860031,-0.4174370355140178,-0.1088439645910778,-0.10359354726159399,-0.5007173781507629,-0.21454432009160865,-0.0720520305757506,-0.3949180943567891,-0.24561025751828675,-0.051708025577162565,-0.32893509835439727,-0.23309248422926399,-0.1736606011930207,-0.33249246989249276,-0.14356755384244396,-0.18187706647498336,-0.3818124637020054,-0.2191448752181774,-0.14534474318297977,-0.3097890130079337,-0.21647854774803907,-0.12377789171817141,-0.2593487451396297,-0.19536062963767284
31,v,0.0,0.0,0.0,-0.281045894878612,-0.10260143112636022,-0.14756106144768527,-0.4534553409046558,-0.2641391310162739,-0.2461523630374161,-0.4062355269252917,-0.4029852934780521,-0.353308428403464,-0.24334231712443494,-0.4933035550160359,-0.44458446819525366,-0.26572053163408216,-0.49742591545529236,-0.11631370640984127,-0.3366690171066002,-0.7099839762705478,-0.2766244561163714,-0.38551508678912916,-0.8335795339633905,-0.36742560356402537,-0.42085853325617656,-0.9377352372856674,-0.4151470655524747,-0.034801954882603826,-0.4919286617441077,-0.14839688605529303,-0.02625207032088915,-0.72936170448411,-0.32357571942772784,-0.038966188351680704,-0.8763045619009805,-0.41621973577929927,-0.0371058827063642,-0.9999986102613929,-0.4444738836357872,0.17539696866403404,-0.43352179067310115,-0.201349753574749,-0.028049628547631995,-0.5178428900232112,-0.43932043607746063,-0.20344394649563385,-0.3932048139984097,-0.4593279164358496,-0.28010770707298127,-0.29052502107934886,-0.3947856317689171,0.334899415650509,-0.34415936076933706,-0.26629898527877416,0.08380661193524402,-0.3815926897405484,-0.4331170564657728,-0.05100321410600876,-0.2975243195971291,-0.41901905757900654,-0.0905188876076675,-0.21802429286537625,-0.35811537767546237
31,v,0.0,0.0,0.0,-0.24938643388117623,-0.04328423408093946,-0.0995693915409008,-0.4333282870711442,-0.22161336317522884,-0.1479574516732582,-0.40206310501257747,-0.405862449774211,-0.20207524521962977,-0.28146694620143126,-0.5331636867160306,-0.24773232600666636,-0.42410049227875696,-0.4328592129616307,-0.062086526827603676,-0.5836705215636897,-0.6493583345948154,-0.17057355847402736,-0.667509612763421,-0.7936271127004532,-0.23289529465844824,-0.7204826095725613,-0.9133279163490818,-0.269232490749552,-0.2173720905601935,-0.4621028943892961,-0.0848108592948286,-0.2901709973407467,-0.7061425055237212,-0.19512292879110568,-0.33807843677895977,-0.8623130789065825,-0.25136558846528323,-0.3603618841200684,-0.999998418615964,-0.2688812153677316,-0.014520984831751004,-0.43489263720849786,-0.12315992404445039,-0.1242562376234567,-0.5987635571882945,-0.3017156489710055,-0.18993080742894466,-0.431342227385722,-0.29994942211827946,-0.1933411501108109,-0.29802932006699884,-0.23819783978780884,0.18668433199100273,-0.3712654889381846,-0.1669971217069152,0.05809072589103194,-0.4691014442852604,-0.3151034661257604,-0.01976699882533732,-0.357063849647081,-0.298502658628493,-0.03293679761069512,-0.2563714106490847,-0.24225455556441808
31,v,0.0,0.0,0.0,-0.268815746024102,-0.10813277804998359,-0.12040373921707295,-0.39652232511895197,-0.27511485172254085,-0.20957004527379394,-0.29563214033220236,-0.40960758572755246,-0.31938147232829767,-0.07524902307804505,-0.4791459207382349,-0.4198009550634415,-0.23990511222541744,-0.49746579844235767,-0.062104602660583354,-0.35853008261043356,-0.7103682468807919,-0.23476180031227065,-0.4137341618597484,-0.841514580983508,-0.3317671506103691,-0.4499779794339823,-0.9463702742954178,-0.3791361922751979,0.006051814835099429,-0.48785607228766376,-0.11849937519657379,0.07382657974844772,-0.7332165684033216,-0.3034241198602097,0.06148463412634629,-0.8820779753523982,-0.3893669903146332,0.06464356255269166,-0.9999986555890379,-0.40230929340534727,0.22736247315962402,-0.4263042064586792,-0.1986815344723451,0.03233444231212276,-0.544349694057487,-0.45992562050271957,-0.1269052477165629,-0.4081158272337333,-0.4690082308767763,-0.1422816750019617,-0.3020397462992613,-0.38289475697191544,0.4009350967529031,-0.3322908872941134,-0.2866482274224859,0.14568236510513627,-0.41470317182894195,-0.4661635044838573,0.028930867415986366,-0.31124047291847745,-0.4276782027782788,0.04610868763977445,-0.22494341399485107,-0.3412625868772349
31,v,0.0,0.0,0.0,-0.30035033038335074,-0.10683501753491907,-0.15335863492220622,-0.49109878489623116,-0.27068093597706383,-0.2554408669051932,-0.4080099793587569,-0.41493086507178184,-0.36574194791672976,-0.19998464658932602,-0.5011253226305231,-0.461124044041317,-0.3402384012604432,-0.48599547801855647,-0.15830686672940605,-0.44779640348302674,-0.7076146263963267,-0.35278371635342165,-0.4984449786090501,-0.846465258111531,-0.46085831841696673,-0.514214017433577,-0.9627306817652942,-0.5183797878074259,-0.04698008285454607,-0.4840014549474474,-0.20319592758049196,-0.019573506867006676,-0.7196964951964118,-0.4062647597458377,0.028808185699577847,-0.8712658984406801,-0.5093081934289793,0.10490982544232706,-0.9999985492560376,-0.5389117401089587,0.2155817376741781,-0.42107524049952666,-0.2666759892864549,0.01764200238568131,-0.472843313443855,-0.533451307676918,-0.15932434574534113,-0.3336798726020359,-0.5344692019779397,-0.23153128487515506,-0.22063579927262483,-0.44449280209267794,0.41610419113647734,-0.32104100034954186,-0.34369605997213637,0.1420130087639929,-0.3150755335832942,-0.5393443981504286,-0.009725575145437003,-0.22282810052682378,-0.5099974543960135,-0.05431775916612894,-0.14339602719414546,-0.42533855024996753
31,v,0.0,0.0,0.0,0.14642160124201276,-0.11223128735489014,-0.03319563015032443,0.17637156098689705,-0.3063255435060111,-0.04102294585107487,0.03718472062384517,-0.39363680386453503,-0.06177489629013812,-0.09939760582278079,-0.38687003055765856,-0.0852777494030882,0.10326566128646429,-0.5168515661666702,0.0012436173228581589,0.1216618303197191,-0.7362508456516107,-0.029138318363017005,0.12008781856370679,-0.8689918813077216,-0.05176367403050012,0.11645139163587852,-0.9831620513816794,-0.07367913823780581,-0.017883864141877395,-0.4988112635475132,-0.03439937132607818,-0.06239260271752914,-0.7371002609380594,-0.08241761729704651,-0.08845803323865564,-0.877809492509183,-0.12425854557900967,-0.12005204934158081,-0.9999986076381304,-0.15141968862316113,-0.11166371030124847,-0.4338431523500617,-0.07691334814699474,-0.16051757945286024,-0.5578812706909714,-0.17066196366738373,-0.10375037159232688,-0.4287504782281626,-0.19918427707243186,-0.06654378277815644,-0.3332101390085633,-0.19224108514853847,-0.18983219980102659,-0.34151830851624204,-0.12197439857606822,-0.22969674888672534,-0.4203890283478507,-0.19797169214323773,-0.17342329737662934,-0.33539471727775616,-0.2045554905255614,-0.1305946748504657,-0.2617474657538251,-0.1954898392715965
31,v,0.0,0.0,0.0,0.14895432147203055,-0.10027945404389758,-0.055539809397599574,0.19438940014363618,-0.322233966881164,-0.0737940649629846,0.050185540933398345,-0.4686869842820569,-0.09639660905224579,-0.09810843778815946,-0.5143338993667699,-0.1178409175463056,0.1701066297934157,-0.46272592540080565,-0.0328757240357668,0.21639845401425448,-0.7025280477047301,-0.07379385854633182,0.23564237157506404,-0.8374872777758596,-0.09571289358539582,0.2496000750981371,-0.9495519582923185,-0.11232659722903433,0.04406570001154095,-0.46947124053701866,-0.05492736589604301,0.031161885819317604,-0.7309663769379391,-0.11821542086727921,0.027854434742553336,-0.8784337363561013,-0.162927871886617,0.010505019806501039,-0.9999985792423508,-0.18549490701886398,-0.06807051710694571,-0.4378905512073984,-0.08405881049290577,-0.08899026266618978,-0.5546953202256637,-0.1917116896692461,-0.051172000824337316,-0.4073074365115595,-0.21489562478565596,-0.03163192300138922,-0.3123121640952786,-0.19714946645747583,-0.16656206420267963,-0.38079083573033706,-0.11620045560104876,-0.1724146431937888,-0.44123157939301616,-0.1990434398087644,-0.12595410776207133,-0.33946888938046993,-0.2022451843883625,-0.10302392751748879,-0.274459203084819,-0.1864673517483521
31,v,0.0,0.0,0.0,-0.27249812895371517,-0.10957118368958323,-0.253198992351591,-0.3223351399110258,-0.2963765414644651,-0.325329478157351,-0.07715040965016942,-0.43016259147923425,-0.37844858730427594,0.1862638958749822,-0.52000567563812,-0.41601926324961813,-0.2567753296993483,-0.5136221813394609,-0.15617761827303128,-0.31137574486767683,-0.7380431400024573,-0.3001114432295742,-0.32492016765394255,-0.8830836936089539,-0.3786817674454862,-0.3204880983196583,-0.9999987988598108,-0.4160301454668315,0.08622281391001232,-0.5050119849370492,-0.12060799950971636,0.22518300024206986,-0.726147408920785,-0.2686633389471402,0.3266337588973776,-0.8773962316507451,-0.3412459737187625,0.4138182171600877,-0.9953288600078197,-0.3532175223532568,0.35497234120462406,-0.4457267394615956,-0.11789447927111739,0.37377051231831815,-0.5186826271242833,-0.38661511857463965,0.1966874133141068,-0.38318506207857367,-0.4356413327560196,0.09033271233995323,-0.27984938885225447,-0.3716784163268706,0.561240186497956,-0.3592931541866084,-0.1295084361001742,0.5278511099071548,-0.4211801802920046,-0.352993327200601,0.3678886739144888,-0.33012279819788176,-0.35125374750421556,0.26148235400210607,-0.24987861715007034,-0.28097830386728095
31,v,0.0,0.0,0.0,0.12319976353299607,-0.1651072349597122,-0.06395087199299447,0.12828609565229068,-0.3677540115090367,-0.09861065672906141,-0.0354572373713704,-0.4665625338649488,-0.13328150050077017,-0.17693055757819995,-0.4743050494350461,-0.17225011906774723,0.06764154971005729,-0.5008325391118879,-0.07774877054257127,0.10461545482659333,-0.7010481595443391,-0.14268331789994787,0.12611898259757393,-0.8427810350887169,-0.19291844923395116,0.14489470649645228,-0.9578459734932571,-0.22936838960591638,-0.08058286527330573,-0.47743912976352243,-0.10058008093547259,-0.1425899393583428,-0.7041884677355371,-0.1649965479626882,-0.1777983369794949,-0.8732846029753865,-0.22018794754028542,-0.1973341348890695,-0.9999969268765265,-0.26000010950601726,-0.20119742467328305,-0.4007330174482551,-0.12893713121785982,-0.27759406716301205,-0.563359914492836,-0.22520309427280888,-0.21826882066939648,-0.5463489653996095,-0.26215288931785247,-0.1557604952214795,-0.5003149854024718,-0.2707607343579535,-0.300110904833299,-0.28062703630847735,-0.16045764955594138,-0.33470201135527133,-0.3755600879133819,-0.24678733239707615,-0.257538059543743,-0.32151066542099016,-0.256220598213343,-0.1812186242345197,-0.24124157452539804,-0.25035269221902984
31,v,0.0,0.0,0.0,-0.2863918213020944,-0.10253827621174913,-0.27193368971091564,-0.3554995539306838,-0.27285741033929783,-0.36337660662497384,-0.11275327514075796,-0.4024298413957599,-0.4401338570789184,0.10729930006497869,-0.5224570352794983,-0.4991259072804801,-0.3304981080581239,-0.5018361342396064,-0.11877724938755733,-0.45456116698050825,-0.700993360681816,-0.2707968788306319,-0.5031060503138779,-0.831836215326121,-0.3656866132046633,-0.5215532707272715,-0.9384012213322299,-0.418776631925871,-0.0031295629185618787,-0.5091635371051161,-0.09382687694806231,0.012884207998764743,-0.7434045521092196,-0.26498504812772583,0.03203964408135693,-0.8869613634688224,-0.35799380056771335,0.08114384640996428,-0.9999986900515675,-0.38698348328221427,0.27329402816876236,-0.4576143686263204,-0.10943555443661221,0.3178559059539274,-0.5812845730049009,-0.40777764164749636,0.17875713284540165,-0.43746170741534457,-0.4544690073389384,0.1159531091692122,-0.3323020064885664,-0.390560868368318,0.5126852128168773,-0.37429883260463814,-0.14308522676411967,0.50778341250683,-0.4708075352715786,-0.39538814226237384,0.3754915675765445,-0.3679712314748748,-0.4056672830989122,0.3159780276605705,-0.28233261063916204,-0.34567359630484584
31,v,0.0,0.0,0.0,-0.22823327149111577,-0.13003632449693303,-0.17955372543259102,-0.33820855786675674,-0.3131162828463586,-0.290219903228029,-0.21976726561051432,-0.4538013409837827,-0.41104653396887364,0.052040001300775414,-0.5277535248901285,-0.5144496806250097,-0.11628640472499048,-0.5008251021936961,-0.105548024070159,-0.20117610696391142,-0.7128765868693562,-0.30418725749283304,-0.2591537291820506,-0.8468955637423005,-0.4356101522719918,-0.28643434615209123,-0.9484216483532442,-0.5115860593174858,0.15627051033172934,-0.4859887213445039,-0.13123985418014472,0.3305453426674656,-0.7299747940285867,-0.3080081558332582,0.391608731221913,-0.8848114556787671,-0.4063559937903887,0.4423145549359306,-0.9999987097195322,-0.4533177297395389,0.36696612972870946,-0.4207455300656677,-0.18804724468831716,0.3385447939982592,-0.5878906490420562,-0.4256653457384637,0.13456751397448627,-0.4764379078808951,-0.4331018784131429,0.0398292924016349,-0.37352557984123863,-0.37200768872176354,0.5265358609674207,-0.32170814655614666,-0.261181679558463,0.36829407787204277,-0.4545970177945157,-0.4326932730685243,0.15997349146066636,-0.3872082062428553,-0.40545956919093934,0.05255804489222113,-0.3091929639962975,-0.3444880457003254
31,v,0.0,0.0,0.0,0.12486797727218459,-0.09830149369877567,-0.04613812105317518,0.17799911340788804,-0.27176862572213517,-0.061099373664225874,0.08170211912660141,-0.4092452888426599,-0.08367745727769368,-0.013047441886628177,-0.4765808370129028,-0.10562272628429578,0.18361825764159134,-0.4729880498918667,-0.016832317897752143,0.23969972487356592,-0.6968648633439585,-0.06239017928078033,0.2657270901119788,-0.8389066949254602,-0.09212503447320443,0.28629678340933945,-0.9521848295962735,-0.11123127068021965,0.08286652775716496,-0.47337324885505855,-0.040135379991005124,0.06905933069625557,-0.7221004307135882,-0.09725069260202837,0.05755314241517332,-0.8778572221711114,-0.14155275036319387,0.03626248849151778,-0.9999980800456897,-0.16363351419226155,-0.009269379328453734,-0.4260107132352713,-0.0709684091326455,-0.052620627349369876,-0.5326076027878347,-0.17269052484099356,-0.03280977372073323,-0.42813537275714286,-0.20549959762778458,-0.02536442477680553,-0.3410746851660561,-0.19503745760604277,-0.09495554976359954,-0.35426631917794327,-0.10368478698177003,-0.103534180149146,-0.42874933367143997,-0.18003023302648502,-0.08396685099872452,-0.3518480112485999,-0.18098031322324348,-0.0846459272457775,-0.27810094878489716,-0.16187010744135133
31,v,0.0,0.0,0.0,-0.16222266070824837,-0.1166298137364052,-0.23600475347906769,-0.18244290285834655,-0.2748700581378966,-0.29566318136587444,0.011793007944430795,-0.4115748347348878,-0.33076328610118955,0.21134262747668378,-0.5262668533965851,-0.350600103751393,-0.23202573537002028,-0.5043660629844935,-0.13400183106073352,-0.33956257942957474,-0.7067379710392515,-0.2460734222918598,-0.3963213305264845,-0.8320911116694355,-0.3187158162505524,-0.4163867247339397,-0.9423783008333659,-0.3633397656850416,0.05556702533496849,-0.5066313345014246,-0.10013946552662215,0.08984108395522956,-0.7545414982196788,-0.21805936935099623,0.14339026600534352,-0.8894183407333184,-0.2858130741580833,0.203084737009074,-0.9999988019749223,-0.3128022100960622,0.28874503362473025,-0.45022540963674873,-0.09393300681563112,0.35147383878881616,-0.5552965760225689,-0.3271023122725547,0.2528612276348579,-0.41093409201441927,-0.3628519785989477,0.18178270149625006,-0.3158935162004808,-0.316660805174992,0.4745830588519653,-0.3632999085720497,-0.10147383741326822,0.5015500940575263,-0.4582475113533291,-0.3128030669903724,0.39854804179945563,-0.352389644582866,-0.30525140025010394,0.30672331892392124,-0.2716067189731344,-0.2470218079216628
31,v,0.0,0.0,0.0,0.15090998001855072,-0.16283127602223244,-0.04519269136680672,0.20468820169501106,-0.35510613100674915,-0.07155563947884469,0.06794524955926172,-0.4537508081385422,-0.10638844958051531,-0.09338052030820043,-0.4178982650137055,-0.14447979377080983,0.07161420734540203,-0.4983263917991275,-0.046165150310691336,0.092624728050493,-0.7231642849045301,-0.0953562991369749,0.09935747610689256,-0.8579493377755848,-0.1295421576262299,0.10364449939369633,-0.9709066269402515,-0.15382838656850373,-0.05952108646398731,-0.4754290589983437,-0.07625049204093856,-0.11401447915872552,-0.7199575049064248,-0.13773286905010204,-0.14638664193010206,-0.876675210268161,-0.18416268627585242,-0.18367738448452278,-0.9999975127324523,-0.21065883480472877,-0.1635575659929089,-0.4076835058241608,-0.11038670440773381,-0.14896698015007023,-0.5343777417928511,-0.20852762813531467,-0.0640155152761996,-0.4376268446335874,-0.23470823932670612,-0.018430627243218756,-0.34659331279768324,-0.22267834822126478,-0.24425773648034996,-0.3116162018583629,-0.146401528642828,-0.21662328519966703,-0.4235830147433625,-0.21427455134046713,-0.13218477466311843,-0.35888701958036867,-0.20655030776709718,-0.08264509764100395,-0.2778759631838628,-0.18431742503006623
31,v,0.0,0.0,0.0,-0.2805025884538929,-0.08128211660231904,-0.1314451783755126,-0.4475959130400829,-0.2525554909010593,-0.22652542036257897,-0.32983695838496596,-0.38911695289477105,-0.3380343352343724,-0.07045817496175173,-0.44663138689132553,-0.43851846470004713,-0.1968623577615776,-0.46543583819920664,-0.1092853765701722,-0.30131785778784215,-0.6932189714290551,-0.3002359947952999,-0.3618206883244302,-0.8358368102250456,-0.4004363840908565,-0.4097954302675112,-0.9456821436254352,-0.44685535551223954,0.06733108216406528,-0.4496579487059192,-0.17188026519621755,0.1417743148170962,-0.7061963549647585,-0.3735831461535847,0.1526082540139932,-0.8703048932395895,-0.46915276257206184,0.1743280244858792,-0.9999986688003014,-0.48440351900601486,0.2907137036951572,-0.38566724054123996,-0.2571585280493164,0.06708003241623142,-0.5053143447931736,-0.5488972788145837,-0.11405839091796485,-0.38388235935365383,-0.5693544610714235,-0.14787909248732023,-0.278755198102543,-0.4798224958735283,0.4506941240083725,-0.2934771552177733,-0.34963816561433886,0.15433870406156225,-0.3731038034449958,-0.5688619227308171,0.0021210688555924587,-0.2769199324048828,-0.5427930962369983,-0.005252763703017969,-0.1863744450976463,-0.45464880772679794
31,v,0.0,0.0,0.0,-0.23981054832034565,-0.14078655398108736,-0.15402031057713605,-0.33107951287423315,-0.3234396874120603,-0.24837799541318462,-0.20987441100982737,-0.46388925538745135,-0.3613227793457082,0.030947362534453626,-0.556494025138817,-0.46018832002506105,-0.10776681149089594,-0.5271913207438543,-0.05201000297959321,-0.1999129779490541,-0.7502646811376451,-0.2337120040977621,-0.2422239987292888,-0.879951672668195,-0.35595745673235907,-0.2630120806194254,-0.9852858902882247,-0.4264697552867633,0.15838464419428352,-0.5021528177207006,-0.09592018039062039,0.37351989994052415,-0.7423623440351037,-0.27510171475786954,0.45280658422684594,-0.8900725709576492,-0.3873521617000654,0.5140887185142156,-0.9999987191465776,-0.43889021660999145,0.3501013575097743,-0.4280287223961362,-0.17069275810205287,0.35956857242195783,-0.5984743583604487,-0.43102727343108826,0.13447787668278427,-0.4969614467643472,-0.46454615831032425,0.0249478053850097,-0.3984452599504376,-0.41028866297993927,0.48202038508677614,-0.32864762519288954,-0.2573211031823901,0.34810982671127083,-0.4511586050879785,-0.45202240245476555,0.1304555738517656,-0.38358107749981174,-0.4437747577618833,0.02369788810244056,-0.30423095067367717,-0.3883882371607144
31,v,0.0,0.0,0.0,0.14180624298954939,-0.1148119654642607,-0.052472435755787805,0.18413424563950515,-0.2987773904184849,-0.07374143667624808,0.04353607220682882,-0.4047921476171632,-0.10095217612105863,-0.08747109615004194,-0.44285954052575804,-0.12845444253826468,0.08528198176573018,-0.4814451100083541,-0.05413753934118406,0.12181261416525835,-0.7186460965807877,-0.10810979936537925,0.13315529509000795,-0.8604181437072185,-0.13447956144902407,0.13585274058811586,-0.9775054108197251,-0.15116402316687794,-0.0441224825585079,-0.472021372456995,-0.07727094860429333,-0.10723402794089161,-0.7248644787164014,-0.15638052442758676,-0.14342450495528686,-0.8734366851723812,-0.2027513915673361,-0.18130159617451702,-0.9999982333752675,-0.22139412584988089,-0.14350887581078745,-0.41547136561798714,-0.10550940009466696,-0.1681061523227821,-0.4849377738537201,-0.21562148771138556,-0.10076124332554079,-0.3569397361522512,-0.23321894475231958,-0.051524847095680025,-0.2819947241837995,-0.21049067354417264,-0.22435524083129776,-0.3324775056585774,-0.13613065039036504,-0.24577038036578447,-0.37236278118728133,-0.20578096339880542,-0.18098588332895735,-0.29454342133414946,-0.19652369046671558,-0.1309967305895678,-0.24885037727485484,-0.1713091114972915
31,v,0.0,0.0,0.0,-0.187330910379083,-0.12104195682237288,-0.1791325039788754,-0.2671863525880243,-0.30807848350782574,-0.2883659818123859,-0.13300950453077612,-0.4472305593623962,-0.41093102646811147,0.1364388401241124,-0.5338763952710842,-0.5214806477996012,-0.013617406142481334,-0.5037406810415985,-0.11323102128547072,-0.0864077947042691,-0.737815978719868,-0.32065049938040957,-0.14739873302546563,-0.883143369641963,-0.4623559478710495,-0.17693719361931595,-0.984898370157484,-0.5419717213758836,0.2801011826150379,-0.48418286228661256,-0.13630533405460346,0.48303551375631176,-0.7289299079214105,-0.31556894160344784,0.5591550691806165,-0.8851846417510916,-0.42147257444957115,0.6220674646338843,-0.999998699766009,-0.4704151325778426,0.5126511255853888,-0.415319552972851,-0.18799507290683312,0.4761254600794781,-0.6018569022538884,-0.42678477218236904,0.2395020403891338,-0.49162100086232624,-0.4433277252646542,0.12924808150102934,-0.3833812665885295,-0.3885114820111009,0.6902662890748842,-0.3088801433543205,-0.25561206620924454,0.49198280954304563,-0.44436174241172943,-0.4392206910510865,0.27184100169673237,-0.3726138061503285,-0.41845251627786473,0.168385419006846,-0.28249860590596915,-0.3574553392078628
31,v,0.0,0.0,0.0,-0.2540358178217011,-0.08237801895725,-0.12191470331359011,-0.41338798483684874,-0.23935721700733506,-0.22831786030965834,-0.3252638174812646,-0.3614172140935873,-0.348839673461456,-0.10167898979125019,-0.41427012019266446,-0.4623016774143877,-0.17019005906326481,-0.4685024803891961,-0.1619193833308353,-0.23228253315084668,-0.6987449803078541,-0.34551637023864873,-0.26345909384585475,-0.85100337900013,-0.4383274981082866,-0.28324210782970366,-0.9674296897220933,-0.48019729380369874,0.07591720540495643,-0.45142340652586194,-0.21910533533076626,0.16275056520756878,-0.7005003101875454,-0.4106695757625986,0.1806315875931748,-0.8630090719985628,-0.4977614579165563,0.1956632510356343,-0.9999986546881733,-0.5093639314225139,0.29330804123129434,-0.3849849263404547,-0.29079972166092904,0.06451163066876572,-0.4757740630154514,-0.5469969354873874,-0.09712999072430864,-0.35386930763894,-0.5576823121781042,-0.11993007441366098,-0.2567966505006152,-0.47002206574798777,0.4632868881750047,-0.28547306591256016,-0.36892467106043103,0.1929159699315891,-0.35327376002620997,-0.5423939706814708,0.04529453526265239,-0.26566427186172686,-0.5024158224827744,0.0328258033939208,-0.18710875925951131,-0.4117116036645007
31,v,0.0,0.0,0.0,0.13036027171230322,-0.1453008679215866,-0.05326164498039172,0.1719348354429551,-0.33061191676347906,-0.08291386782358007,0.02346774315648381,-0.4148090086216036,-0.12084523851630029,-0.12750588338881574,-0.39678206801902544,-0.16058964644495838,0.03064221323006697,-0.48835060851795037,-0.04995068819203259,0.06423150116348228,-0.7069150171963012,-0.109811327195123,0.07847046627962198,-0.8484778546237061,-0.1476593861990369,0.08759663297369524,-0.9638863245194887,-0.17046255680631103,-0.10347417802810076,-0.4497512935888429,-0.0813684545054853,-0.16735478360495948,-0.711570466762992,-0.155546392822807,-0.19724526066952272,-0.8731023366072618,-0.20821792943036407,-0.22910952540884344,-0.9999973143015283,-0.23328051063686328,-0.20618021168010064,-0.368392101803557,-0.11776725830840751,-0.20128384155781298,-0.4903202341100198,-0.2385876463044411,-0.10693863162559476,-0.38887979375539483,-0.2642471862264821,-0.0560208325806773,-0.2999169571393462,-0.2427155518904211,-0.2880345312251614,-0.2622680377840452,-0.15510542216300907,-0.2601883571208975,-0.3771600892663026,-0.24056563608191248,-0.167183177734129,-0.30331129565155684,-0.22647266402006141,-0.11347566272749227,-0.2219129642809929,-0.19269948406788068
31,v,0.0,0.0,0.0,0.16449967789140296,-0.13773930005047086,-0.04671211387251825,0.23771646858535828,-0.31923400564850435,-0.07378872845637256,0.13101990762589757,-0.4350491531375087,-0.10983098020944888,-0.009399346418975303,-0.4449346396482005,-0.1477330223870279,0.10018387377073537,-0.5050356592305095,-0.05963673969106137,0.13663039418408424,-0.7247861449593673,-0.1118309619454171,0.15074067659783377,-0.8585454858640562,-0.14360102484149895,0.15830455707997396,-0.9735170286512025,-0.16678156686622583,-0.040114360542038485,-0.4803973962539026,-0.09024088347105422,-0.07610418605396259,-0.7294230263005579,-0.16229627304530592,-0.09689352098158575,-0.8786388837191343,-0.20490241441253831,-0.12968824889495398,-0.9999975299584116,-0.22652241656153518,-0.1495940808878737,-0.41296879384154456,-0.12485431196603522,-0.11739885704884516,-0.5177671706088487,-0.23887167416015587,-0.02754067538366299,-0.4051394649689244,-0.2648742800289302,0.021449643319915262,-0.3110123196152469,-0.25051078738191573,-0.2304334952186012,-0.32222961208283374,-0.16097576668018532,-0.16220795873099744,-0.39008575865822775,-0.2469989147455526,-0.07332029053783076,-0.308159080675978,-0.2492080217439459,-0.023925689371547022,-0.2313000671688869,-0.23239417397382917
31,v,0.0,0.0,0.0,0.1101030596025965,-0.14672748390272267,-0.057439644631451146,0.11077453954212878,-0.33292570227372337,-0.08498255391264181,-0.04355303331763992,-0.42127231614767247,-0.1180202233268228,-0.18510788223928984,-0.43709219232918683,-0.1519844084801376,0.09250977179591349,-0.4890531086887886,-0.05433141656966942,0.1081342053585922,-0.7240371860200999,-0.12027329035105985,0.10723444348338186,-0.8778291062494864,-0.1588837630658012,0.10370700516670626,-0.9999970299066742,-0.18159392097590005,-0.04764095291260689,-0.4669170192136801,-0.07606069904937879,-0.1451867799971731,-0.7160725452398317,-0.1539216847557227,-0.20431034082909005,-0.8552976172370867,-0.20048118629788034,-0.25050406239298184,-0.9683447968329317,-0.21785072859742483,-0.15800287661791393,-0.39432672726385226,-0.10466524325342279,-0.21468428987117338,-0.4646476542400802,-0.2112163235673907,-0.14185611203451548,-0.3518059195347776,-0.23034732787546308,-0.07820935575703175,-0.28858412703131103,-0.20744949459734507,-0.24694688280822255,-0.29475721047225245,-0.1362340060420375,-0.27736901349339654,-0.348897825422809,-0.1973418671039129,-0.2192888312255762,-0.27557232224469813,-0.1789654478933254,-0.16752468521999236,-0.23070124621158158,-0.1469629582784903
31,v,0.0,0.0,0.0,0.13183591410403167,-0.15689590114506505,-0.04429350567666216,0.1901975774259673,-0.3371823064664285,-0.07651946311608544,0.058271525910742236,-0.4296174515033194,-0.11915218669187141,-0.08735756850327463,-0.4439158449177378,-0.16425889109126726,0.0779891308178113,-0.5170768635750853,-0.05529364691460742,0.11764607989571223,-0.7324306033659909,-0.10858886610448863,0.13590830139388846,-0.8631307121553607,-0.14234682837317067,0.14427154983559232,-0.9752076801336558,-0.16603405283129233,-0.05853941207880023,-0.4845928931871144,-0.08897630855632917,-0.1054094180325378,-0.7305890399889776,-0.1608778602097179,-0.1279923513836706,-0.878888801773466,-0.208869069587172,-0.16009168208737604,-0.9999979326660051,-0.23452956709474612,-0.16384104104716657,-0.4110967087629234,-0.12626636504563765,-0.14713721714210418,-0.5072279189382226,-0.23253551561608996,-0.0562825265631304,-0.3928804493349798,-0.2563751819673389,-0.005807424635459649,-0.30955023022164235,-0.24223146385763752,-0.24747432641180972,-0.3135375938427043,-0.16506663134765692,-0.21762226985251903,-0.4070217337961903,-0.23827650780888435,-0.13007915875607362,-0.3274796271844347,-0.2305117058533556,-0.07032024233793209,-0.2500084014100216,-0.2075972572081156
31,v,0.0,0.0,0.0,-0.17496318256776963,-0.06903935422507933,-0.057342950282596304,-0.3121285273262735,-0.21728530061793777,-0.10149245363475039,-0.3355595783537171,-0.3633422976467048,-0.15915934918641017,-0.257276143158874,-0.46956592119478496,-0.20987821366447132,-0.25452254857271567,-0.45627553250973607,-0.0025858849483502843,-0.3705624050568685,-0.6418170119807688,-0.09516562721828359,-0.46301421601761955,-0.7664749128502254,-0.15186728057282287,-0.529457315290165,-0.8585277446687336,-0.18094635851153765,-0.14502555311302934,-0.4782154162499303,-0.03670210270143099,-0.19074059013396832,-0.7205937783273796,-0.1432602698072886,-0.2638624052448777,-0.8798779607060543,-0.2027482950407326,-0.3156252895923924,-0.9999985523877056,-0.21688556527446523,-0.032391601404341885,-0.4564962480473349,-0.08428655362439201,-0.17966486356915023,-0.5468532890846861,-0.217905015656299,-0.22788331351038832,-0.4058788756142701,-0.22796830244813004,-0.2080218919388612,-0.30096970886829366,-0.1865137526355195,0.07458399083418951,-0.4027432999159342,-0.1369452104281322,-0.09675252827830755,-0.46796241159715496,-0.22629710272569697,-0.1415051057745606,-0.3564979588707252,-0.20814092007894178,-0.12135506282959008,-0.26425991755203876,-0.16413961021225526
31,v,0.0,0.0,0.0,-0.2975848753761022,-0.12743088847107248,-0.11965593851192584,-0.44254340755310156,-0.3062057751256824,-0.2087987227679211,-0.36062648217279586,-0.451126768875067,-0.32304082876443246,-0.13193751886603197,-0.5212054504573104,-0.4278696486633576,-0.13817104054848933,-0.4748662188393535,-0.03536096301351078,-0.24127228926523417,-0.6851130182837867,-0.20396224043766323,-0.32440383619417085,-0.8132623288025703,-0.2955635650708701,-0.35754091407547983,-0.9098636195328428,-0.3348244543563439,0.09567737566553043,-0.46997757004437507,-0.08813966774479484,0.1864766924108322,-0.7238733196572089,-0.2763650492786993,0.18498331404242688,-0.8846104767711563,-0.36274991286567654,0.1955026445681555,-0.9999986173648553,-0.3732523078329532,0.3059514945144736,-0.4277375676865501,-0.1684954828243221,0.06633073124133937,-0.5542730554638019,-0.43343637908822613,-0.1252026057596257,-0.419948776616722,-0.47014962058735865,-0.176497898760462,-0.29474143219718885,-0.3992749677578749,0.48207536878815194,-0.36289967913901783,-0.2574851362552639,0.17436929273002544,-0.4644424032150642,-0.43314146961902805,0.005247921627441453,-0.3750957535687018,-0.41657849345304754,-0.04192535533996883,-0.27950091299703805,-0.34805277373682864
31,v,0.0,0.0,0.0,-0.2801441569371108,-0.09222861940812782,-0.1688261073537271,-0.421564400067607,-0.27200981062805235,-0.2760411277783488,-0.27487122909620826,-0.40911345198133203,-0.3876692420299135,-0.05212466950919639,-0.4830260030905722,-0.4857554641608406,-0.18993841801822675,-0.4907846438413127,-0.18949826465453154,-0.2159152730010134,-0.7224806061189003,-0.3849094363735059,-0.21270699417421704,-0.8703443938467578,-0.4889174977553575,-0.1975330254519139,-0.989103459566183,-0.5457104862056273,0.10460806687499716,-0.46002746776584974,-0.23705056880049827,0.2535177148148808,-0.697137543100331,-0.44408356860564663,0.32271671534490015,-0.8579600895746718,-0.5456632696123045,0.3982144432106494,-0.9999985828926924,-0.5759678759077613,0.3401968218832949,-0.37183405106399947,-0.30461362840122314,0.24006681388414838,-0.4926907076068259,-0.593023328737873,0.0197018204098958,-0.3619843656186279,-0.5919898428208767,-0.06832477559103764,-0.2561285643669508,-0.49715430153794105,0.5164434414320476,-0.25025385724317145,-0.38326036095358224,0.3380118507990844,-0.3229287254508754,-0.5988287313628664,0.14795121022175559,-0.24465096227916433,-0.5645948007148531,0.08396672917077348,-0.1726983643567968,-0.47562547770484
31,v,0.0,0.0,0.0,0.16577196177712827,-0.07683454385563411,-0.06528534028719836,0.24367629676754443,-0.23837956094687116,-0.09751344814492274,0.11099755551776432,-0.337794707804702,-0.13372731353810846,-0.03319178267458314,-0.36988301640886545,-0.1700648525736102,0.17948724626082774,-0.48673514840172233,-0.06855373418223387,0.2539904336384016,-0.697047781563611,-0.12432757982965797,0.29523243793038056,-0.8268519819023468,-0.1598588853987437,0.324609458599023,-0.9398201398615601,-0.18639401198378022,0.043180167127629336,-0.4803971426792399,-0.09235659635029943,0.033556040640740525,-0.7161426905239153,-0.17294545942720232,0.02653484401007313,-0.8663044201127635,-0.22377276440609853,0.008328124674737227,-0.9999987357810141,-0.24962974875562963,-0.07380812832092604,-0.42566399236453273,-0.12244804187974827,-0.04586817088616597,-0.5017002431102224,-0.23875385285752723,-0.005631907403931022,-0.37877252334423,-0.26476448263382596,0.002456141581899005,-0.30511788974342446,-0.24964007216095926,-0.17053365132376339,-0.34226768109206274,-0.15637978477266398,-0.12310600572956885,-0.3729616517968104,-0.23482348001489292,-0.08464536796403488,-0.2971100166938773,-0.23040777525344847,-0.08131120945585003,-0.2547218129970122,-0.2099195456635966
31,v,0.0,0.0,0.0,0.11688845491047949,-0.141333878557317,-0.050108265751315106,0.1585061854356046,-0.32637640423087494,-0.08711166695408198,0.010454509636391461,-0.4114269550886034,-0.13236697316720958,-0.13678904207742726,-0.37857130739319583,-0.1836127594464393,0.008750058482956118,-0.4824733944821232,-0.08699170759831933,0.03266377138153737,-0.7036093431741715,-0.1658616525716787,0.0438634239212008,-0.8616297889921261,-0.2217005010264222,0.04254411846006966,-0.9932366308921192,-0.2580268957634156,-0.12843644691028708,-0.43839595185240615,-0.12654264354503914,-0.2039525706164376,-0.6911351831969821,-0.21482054007141851,-0.2502558371423989,-0.8646259775921663,-0.27335901934227924,-0.3036132160236391,-0.9999975398163065,-0.30497749739643076,-0.2309005247734078,-0.347142744364647,-0.16805230158768636,-0.24826973032991415,-0.48104894930601694,-0.2879031816123302,-0.14080286434134265,-0.38424137344471937,-0.30259981113293255,-0.07449911325536969,-0.292374484357001,-0.2789725379703896,-0.30833005931756763,-0.2201068405753184,-0.21189580101966504,-0.30469185125157233,-0.3391704558234314,-0.2965952262881217,-0.19850209553168557,-0.2775285219811158,-0.27771885318213346,-0.12287265702114593,-0.20106027530518378,-0.24345837319329458
31,v,0.0,0.0,0.0,0.12599851476794774,-0.12102019265470693,-0.04925364190742308,0.16111290627737904,-0.3286802683717877,-0.06453157948793016,0.03190523812659918,-0.44985530420714664,-0.08519565900981005,-0.10730618187271727,-0.4497859948055129,-0.10206626295206332,0.10565627654799455,-0.481615946128284,-0.030091431385312117,0.1686673464172571,-0.7207759351755515,-0.06870539841447132,0.19088833907451427,-0.8619032548972364,-0.09067540689164652,0.2066195807779755,-0.9747184668065871,-0.1090262540016972,-0.012596521209857959,-0.48143477391415723,-0.05023588385996533,-0.03605640163143074,-0.7322760300400576,-0.11001329922385984,-0.05764905546278857,-0.8825069333036396,-0.15246551230823258,-0.08685578113686747,-0.9999976122817207,-0.17575183458752128,-0.10498680750223455,-0.4345574241627711,-0.07559232194874067,-0.13180926129629278,-0.5819167549483983,-0.17310669179744997,-0.08518652041456326,-0.4760747519750813,-0.19370699012523146,-0.060090254982754825,-0.3870370767181997,-0.17872112691742018,-0.17644693537311998,-0.35805066101071015,-0.10430133994070788,-0.18294522547290773,-0.435770979127311,-0.17788621191806833,-0.1252640058935499,-0.36373844383677273,-0.1795856798693187,-0.08973888146191128,-0.2952748446135227,-0.1639577440424712
31,v,0.0,0.0,0.0,0.09162372798714344,-0.15108637445230289,-0.06417407545579307,0.08500306751649535,-0.32984926380111396,-0.09476926264862204,-0.053807973039937264,-0.3841343309488994,-0.13075353371639584,-0.19600249657601687,-0.3518269439382695,-0.1674884421176932,0.04893977589354204,-0.5009299351130421,-0.055880483147537574,0.0504169050983213,-0.7312028068572581,-0.12226020934362551,0.038553603192076506,-0.8808154231989902,-0.16345904695304142,0.02559579127370937,-0.9999971721212155,-0.18779832606857455,-0.08712517132070266,-0.4668616570426382,-0.0783864453511625,-0.1776344155625388,-0.7017618612520572,-0.15274372904080022,-0.23674967076951944,-0.8417837988481582,-0.20062803640702132,-0.2850590941847625,-0.9547432663578167,-0.22052362341435586,-0.19372785075887805,-0.3849068171867614,-0.1092281596099871,-0.22957202125828333,-0.4593577698893812,-0.21561998764009452,-0.15676426628888562,-0.350364900380073,-0.23988760993435967,-0.10217491575011166,-0.28283986072867473,-0.21979923847698046,-0.2788658463210658,-0.27612194419011343,-0.1441323004893714,-0.29929754265423497,-0.3405046183751227,-0.20548293880063204,-0.23003761150714527,-0.2824437571591841,-0.1899973329594117,-0.17530979327375998,-0.23917879697875963,-0.16020649937938378
31,v,0.0,0.0,0.0,0.1629623353422516,-0.06442846311654915,-0.06252909152707174,0.27284115129194875,-0.2267884815340818,-0.09782195851723613,0.14643161050134768,-0.3358892429098964,-0.13944300742293717,-0.013841762010260682,-0.33512809026685897,-0.1841925666003963,0.1883971953666137,-0.46048702400877806,-0.05746078413348927,0.27869035087437266,-0.6602397002863987,-0.11704650814587789,0.3399532732859471,-0.7851928462492832,-0.155164844042057,0.38878125423245685,-0.891268657039454,-0.1832056423497311,0.05145379137445555,-0.463863520612125,-0.09154968910828701,0.06586328853460982,-0.7261198553921656,-0.18241897769183016,0.0798870822184911,-0.8716461518026609,-0.24338459584703284,0.07571343680976289,-0.9999988135257547,-0.2715993461396286,-0.07008375017019772,-0.41592625020533996,-0.1308714919842013,-0.02411841884159315,-0.5268204195948225,-0.27914798536496543,0.014452070224458699,-0.36193313819969,-0.30635028171218853,0.018073821623499613,-0.2545453415474332,-0.27955939533438573,-0.18010481814455992,-0.33631087182913727,-0.17127682177828885,-0.13126216292754658,-0.40564676459897064,-0.2867029186147593,-0.07521995700458632,-0.27611050804077547,-0.2829283426443531,-0.06134276458698923,-0.1845236122699182,-0.2526141285589474
31,v,0.0,0.0,0.0,-0.19412519211693569,-0.1443482415916871,-0.11075851597983445,-0.22473049433229172,-0.32025199240973,-0.19054473513035397,-0.11426729033877374,-0.4271725592913431,-0.2894698429233139,0.04069645748986832,-0.5042031977382839,-0.37866144307546173,0.06718974426291083,-0.5268673916853434,-0.06551130100647574,0.09888382943427097,-0.7588907101058181,-0.20002126879496257,0.1229381795752376,-0.8895806631667019,-0.2800688586655497,0.16131555095997002,-0.9999986827656874,-0.3260877316295496,0.2715667298319672,-0.4810174400503387,-0.11387308885708966,0.5229734076307222,-0.7087048624012026,-0.26765361206409183,0.6281198098498636,-0.8456969196850929,-0.3581698687035635,0.7188510162306585,-0.9520835569837021,-0.3913271274222893,0.4218219968051526,-0.39717004280843504,-0.18087598131993413,0.39603587917469013,-0.5768201727085167,-0.41050344727253757,0.14075755435040962,-0.5049298381751196,-0.4421315812859353,-0.012827382453760335,-0.4209698528849802,-0.3915163444350147,0.5237744001468321,-0.2912957439399253,-0.25442188620139544,0.3797951709866012,-0.4116876984814732,-0.43005588500637965,0.19291738302346612,-0.35216575774773157,-0.4230762504052347,0.10374894428988837,-0.2705403649361775,-0.36837137439773787
31,v,0.0,0.0,0.0,-0.29935125489915887,-0.11852858169723926,-0.1367450472057494,-0.4436002596052207,-0.2804492951015457,-0.25883996490318556,-0.3713273730365467,-0.4052145314080262,-0.3944488468982069,-0.1981825404821018,-0.4819231764511798,-0.5218240555691234,-0.156064923198683,-0.5025845490914178,-0.2347921221705153,-0.1729676923813207,-0.7298623412901748,-0.44457373863806904,-0.19924064677860334,-0.8776909848846187,-0.5645715238849849,-0.1876295384665316,-0.9999985424625076,-0.6342316580570797,0.14754647033190957,-0.47915548070061975,-0.3030754888616947,0.22834384764966797,-0.7064389198396676,-0.5325541977578178,0.3002077654272765,-0.8634586537655315,-0.6643179477947818,0.3828166811903447,-0.9963325488256776,-0.715937193687616,0.38662767087864336,-0.39464172166343575,-0.37722741653115544,0.03775205462055483,-0.4431743934312849,-0.6484582987978738,-0.22858032413384854,-0.31720192816662174,-0.6450233518949445,-0.36111553309054933,-0.21326955773321266,-0.5581436551898945,0.5036631146869732,-0.28160526721708823,-0.4633070286729942,0.09631977366529502,-0.27186003829112526,-0.655954742348005,-0.11477523423790965,-0.19590712761089848,-0.6124644407558811,-0.19753118763855151,-0.1263458583318961,-0.5207881895297674
31,v,0.0,0.0,0.0,-0.2354312454187665,-0.10443318013052984,-0.19575256984034606,-0.31021640059501937,-0.27620631332974294,-0.28054473442408445,-0.10290196142840366,-0.412235135784137,-0.36159827824569696,0.11158786624920061,-0.5261598698782624,-0.4297602982884491,-0.2459643647980565,-0.48987646277085345,-0.09250961612309294,-0.37525160106839905,-0.6954116716086937,-0.24941813778550775,-0.4391769485646112,-0.8278080962901161,-0.3440020410214494,-0.46711528199507746,-0.9348731343978641,-0.3924165191965002,0.02954360299742138,-0.4895217162827123,-0.09789640893735269,0.10311603781489842,-0.7287975400374729,-0.2661639654747752,0.14653373198041592,-0.881001490441261,-0.35495227948111996,0.21722026847538337,-0.9999987277344042,-0.37998810717545906,0.25847566222130763,-0.43030324347064586,-0.13350969932199944,0.2768404283647657,-0.5550585895633382,-0.399457910904465,0.12943727173994224,-0.42210752276685287,-0.42212293551372476,0.07300330861108555,-0.3186591091807867,-0.34884067543692154,0.44914295131039034,-0.3351390476280608,-0.180793517857274,0.4184361468632902,-0.44790611607704656,-0.38708910357339366,0.2592510540214879,-0.3518792447216154,-0.3607553572134325,0.18244661934839393,-0.26528970677847136,-0.28130520609353754
31,v,0.0,0.0,0.0,-0.24235367600957652,-0.08124574437146198,-0.28620340718692383,-0.2227045340240302,-0.24160373636001678,-0.37696743436590974,0.07394129525706936,-0.35024974290295485,-0.4425548804480797,0.37763346455076907,-0.4364389497345892,-0.49157895386598377,-0.2502602771179273,-0.4785672788378838,-0.21347399378558796,-0.3608072898919508,-0.7007136663541631,-0.3757635150413344,-0.41711507907016915,-0.8348198470420489,-0.4692197432442848,-0.4431276297727533,-0.9433275671139074,-0.5241724019385915,0.0999103020694554,-0.479661569110282,-0.17861528253116096,0.1718946610456619,-0.735290323213822,-0.33974779415676365,0.22392360908423986,-0.8809986811257826,-0.42931999967324774,0.28711025585639893,-0.9999987092840082,-0.4663455387605392,0.3831207640424082,-0.41792110263484267,-0.1770754174777474,0.45483732040062974,-0.5397598308504421,-0.4739789904304655,0.3137628094256929,-0.38985014146204716,-0.5299316584122981,0.24689193410636862,-0.29065539013946856,-0.4809308186601888,0.6046277641533232,-0.3289173910699816,-0.18987893678201292,0.6104863407016689,-0.412630596908445,-0.4437946119296996,0.501027463586588,-0.314639072516428,-0.45649577231893235,0.44334550308908,-0.24022517987863998,-0.40449498163691355
31,v,0.0,0.0,0.0,0.16096658670634978,-0.07506038542418432,-0.050538506728222,0.23838802872983977,-0.24078999284280445,-0.07421286393188652,0.14044994725255136,-0.3626358959444279,-0.10131094337377099,0.043283234418669554,-0.43967192833509766,-0.12898135823338497,0.19548061096299812,-0.45186650886863705,-0.06015508455211724,0.27040593397638274,-0.6645448414210507,-0.10469161341205284,0.3067422865429516,-0.7943802608551412,-0.13188986977659087,0.3347554814337293,-0.9047666931340705,-0.1530398255801538,0.06964013986436783,-0.45512364286424983,-0.08137163127990349,0.06414522118819242,-0.7245416265779053,-0.13592104534974137,0.060249837007877415,-0.8739029883142367,-0.1687704655401198,0.04466635633452199,-0.9999985819954696,-0.18753695647049518,-0.04541469337158133,-0.4068391690819714,-0.10732163268768358,-0.023684520692337025,-0.5176596520559332,-0.1979373114798405,0.013954364297782951,-0.4050731308631601,-0.21410503427750954,0.01466796375609467,-0.33098489052597113,-0.20047630308561437,-0.14660365438991482,-0.32631458787668405,-0.1357344999032856,-0.11933228852265979,-0.3888417225044538,-0.20468855145747394,-0.09127962295238053,-0.31100951495124746,-0.1970914598893017,-0.09932669717080166,-0.2565957602122821,-0.17745633932100924
31,v,0.0,0.0,0.0,-0.18837232725474495,-0.1434358189178452,-0.1301688936525558,-0.23241123109688636,-0.33156541324289396,-0.210963454992243,-0.07772325056133944,-0.4545350886625725,-0.3071833392689047,0.15376897241864032,-0.5348582847698659,-0.39195014533403216,-0.008811474875065721,-0.5445951492121454,-0.04484620282025968,-0.02606671832395751,-0.7598769029584297,-0.21738622618105688,-0.03979401066141899,-0.8915052551728377,-0.3339562780329115,-0.05768739914102743,-0.9999986700252149,-0.3955916545518602,0.22530296927243712,-0.5007931517581153,-0.08994497736757093,0.47679671860461703,-0.7289185057014992,-0.2504879980144491,0.5872857041316211,-0.8745024555562835,-0.34947231863690786,0.6768754002663172,-0.9885118612906285,-0.3886296508120908,0.3854501021822471,-0.4062862508892175,-0.16211974515943128,0.3992844522667872,-0.5640126737703965,-0.3998415815474212,0.18822832844129192,-0.45233281448886575,-0.42192655233406795,0.09275045621727193,-0.35296673648359034,-0.3609053012254251,0.488368705828086,-0.28548753693676954,-0.2433488396650655,0.3943824678861132,-0.41601197752071245,-0.4147878894389007,0.19568733221461146,-0.3441773786847445,-0.3877530932124449,0.10405481889121301,-0.26649174300751377,-0.3191397593279588
31,v,0.0,0.0,0.0,-0.19621606782230255,-0.14438057792312722,-0.1258879134135733,-0.22558339751042994,-0.3149440878220061,-0.21360623866160605,-0.12201007831765459,-0.4118782803343359,-0.3160310388257275,0.04578029308701833,-0.4766355165246421,-0.4082917985043336,0.06234750361631563,-0.5313247378473283,-0.0937785199665991,0.11791503234520655,-0.7597151300602668,-0.2382185456429976,0.15726627472979912,-0.8910157666647757,-0.32687064824511397,0.20618279320925245,-0.9999986619248065,-0.37832682100250403,0.2734158792802229,-0.4813720359561689,-0.13527469670706413,0.5317227975308123,-0.695425659857465,-0.2945304324215693,0.6533033526215778,-0.8398111826213808,-0.3921907189748605,0.757037339262235,-0.9575948975414508,-0.43371087221148813,0.4239830113183919,-0.39673574224063773,-0.1950060007075901,0.4167529362859577,-0.5718666899182713,-0.42582931440515304,0.1763851028615218,-0.4981043403634089,-0.45809934539169794,0.030591616438542503,-0.41775578190008883,-0.4112654024392202,0.5274822775325828,-0.2895577537462021,-0.26233642836214943,0.39743121017090843,-0.4030006960088282,-0.44291517492877946,0.2020800907091317,-0.34250040944904914,-0.4353098104071379,0.09878180834634927,-0.2643594033758623,-0.38096616965117913
31,v,0.0,0.0,0.0,-0.04710115778857362,-0.12980647670599865,-0.23957008097921023,0.052127141339351535,-0.28703945482077203,-0.29420059637351437,0.3096115859369662,-0.40069734602257256,-0.3136368236290706,0.5314395083523948,-0.4938357271558307,-0.31298413613534737,0.0738972185638126,-0.5280008062796623,-0.11599569890227464,0.14049554720632404,-0.7256354752763023,-0.25275337834831973,0.2045589007124491,-0.8766249530113581,-0.3542024486498821,0.27031429544603014,-0.9999987369191923,-0.42485448647467405,0.30381934674155886,-0.465752661050965,-0.05793452757121942,0.5032901910226054,-0.5585211646068932,-0.2545293817105442,0.4034858073797752,-0.4148720214514573,-0.3332332960349112,0.3029244282067082,-0.32115973908229717,-0.3312051427691915,0.48240825663953696,-0.3878461893825055,-0.027637600088441013,0.6592008549162871,-0.4643320992747307,-0.25877032588871707,0.4853303873715715,-0.3369217336319686,-0.25932589510954074,0.36556849978980765,-0.27784837721581057,-0.18920251194544718,0.6013718922464526,-0.3046572365231371,-0.013346155699292532,0.7184690501621073,-0.3736418514733708,-0.18283623976454283,0.5953221766996369,-0.2854509311322594,-0.1567688295352408,0.4781984430085299,-0.23560606920604815,-0.0869424287796904
31,v,0.0,0.0,0.0,0.10453584159226373,-0.12705242517046797,-0.06621016884255693,0.1317774449989097,-0.3112032908486404,-0.0996563618358711,-0.028025554793850608,-0.3963998140147137,-0.13670234172492346,-0.16917884579749712,-0.4194782704040785,-0.1732953199228131,0.06536439601261658,-0.50588806866723,-0.05093565977629208,0.10666529988495194,-0.7271554854595366,-0.10970578096662716,0.12446278643517092,-0.876415636029048,-0.14499529356584476,0.13220240593166133,-0.991687901943408,-0.16826280363049415,-0.07200234818313035,-0.4718887614683411,-0.07524098527963097,-0.148621519322078,-0.7347248244429035,-0.14763022585998972,-0.18585084161454626,-0.8810693707234244,-0.1971775981660925,-0.2343348729306619,-0.9999982255695967,-0.21858581160619636,-0.17459114844855042,-0.37905420541003515,-0.10685235286189278,-0.189148122799024,-0.49660233384086666,-0.2321521711392521,-0.10273753130366843,-0.3766062908285179,-0.25566521301211026,-0.06372044871091799,-0.28955365718725173,-0.2312453480836492,-0.25661747944976215,-0.2578999904977121,-0.14006019940871267,-0.24689328552264256,-0.35742408526086467,-0.23646552989489578,-0.17935672888368956,-0.27883952269008766,-0.22579941238714665,-0.15042316118593008,-0.21095587407974156,-0.1922959281978992
31,v,0.0,0.0,0.0,0.16017103397983787,-0.08413910244681837,-0.061889167027169505,0.23579891214054363,-0.25006956776129813,-0.0868120030204547,0.09735091650988677,-0.35364309490458146,-0.11689485375037116,-0.04769913353209738,-0.3868689564430011,-0.14616284582218528,0.16153871415329518,-0.5005422453960838,-0.045784487281890204,0.23811763913079542,-0.7035065335114659,-0.09392101114482651,0.2805184763795488,-0.8331219255683409,-0.123189376684926,0.31031880817969953,-0.9405759061339186,-0.14472525828257532,0.021143336945392503,-0.4941036914688442,-0.06759878457222267,0.0016307590961585708,-0.7307681458450592,-0.14164266088328628,-0.007224842261511551,-0.8798399775710102,-0.19342583719376588,-0.030151470613295865,-0.9999986808930331,-0.21894783425412964,-0.09239078593082792,-0.43531942954035047,-0.09604543634556083,-0.05974281742344657,-0.5081167719100502,-0.2128155636333403,-0.005512706391594524,-0.39074532137038215,-0.24178632409056786,0.005549502845815739,-0.31140878519864973,-0.22634631961211032,-0.18464110847390755,-0.35025145249915296,-0.12735401981615763,-0.13410247591195537,-0.3904798050757132,-0.20872356991172492,-0.0933474937405795,-0.3199744965419745,-0.20657732630063508,-0.09129392923293678,-0.27600918098960203,-0.18532114296438573
31,v,0.0,0.0,0.0,-0.235760334151287,-0.1143618259060552,-0.15979579090889318,-0.34923602539457277,-0.2910814199739751,-0.23161369280036523,-0.17345992877111355,-0.418611924197611,-0.3095868482121416,0.0638755920227436,-0.5073186146975763,-0.37871152287046606,-0.24983591106141043,-0.49793634570461837,-0.07118911172020702,-0.38184044057937344,-0.6958302967557394,-0.23571973080470243,-0.46297260474241075,-0.8213895472277669,-0.3473119977787662,-0.5103511575326392,-0.9215083263975841,-0.4096200101313425,0.025677257723792247,-0.4925360938980719,-0.09760357142450064,0.10546865418973625,-0.7340666659167052,-0.24826192060938793,0.1313248310093312,-0.8860693437156142,-0.3342014972756341,0.16579427400968566,-0.9999986977161315,-0.36531750740099145,0.2622449400379616,-0.42763759695364156,-0.15203746498238874,0.2248565154334161,-0.560344645897445,-0.4005425245785882,0.06980320883444559,-0.4255359767719244,-0.4235026183333681,0.014135928145258598,-0.31816084452925536,-0.3596715426236149,0.45272787584773316,-0.32439856189962624,-0.21611099353194224,0.367518141610244,-0.44653665415562077,-0.408240935894649,0.19793443101140784,-0.3572609155466188,-0.37364799602599863,0.1239151741559108,-0.26834371372872867,-0.2947757042384172
31,v,0.0,0.0,0.0,-0.2039426521257481,-0.11325398127200074,-0.19717692088408162,-0.30857800716665756,-0.3067013138492346,-0.2579548378262938,-0.1585682432540642,-0.4578856527090396,-0.3131241584758936,0.0685482513071246,-0.5575654926386403,-0.354774867893113,-0.2908843740851288,-0.504986442854728,-0.05420881728671233,-0.4116748525942913,-0.7095631940241381,-0.18870250003972558,-0.47301345994515787,-0.829849579060231,-0.2680432737829751,-0.5013112655699329,-0.9346208256058854,-0.30643396660213423,-0.017765882923250213,-0.5019090557572919,-0.0446658418840659,0.05542107308942697,-0.7504155500477535,-0.19673400433910912,0.08051545905172644,-0.8909560230958715,-0.2743724739577465,0.12051979911232631,-0.999998765630142,-0.29018402441339397,0.21154886089552805,-0.4414438842475618,-0.06708512595470563,0.24006348961964427,-0.5474951007488452,-0.33940135969321805,0.09384467195920719,-0.4045752756066842,-0.377966441705188,0.023552197640178414,-0.2947871530861818,-0.310370277034312,0.396588798703567,-0.35475194661877607,-0.09910040941761053,0.3469353524901342,-0.44502260578643354,-0.3145105902655052,0.21209411912057644,-0.3420423754291954,-0.30412684595626854,0.14738761703476155,-0.25271501078364633,-0.2353852784993241
31,v,0.0,0.0,0.0,0.16364328964967345,-0.06289161123956163,-0.06519148227432396,0.26618403020898407,-0.22013335134084683,-0.10516013045955676,0.14023401193523755,-0.3296123386082309,-0.1501905099985507,-0.015007252884290688,-0.3372511419771051,-0.1968243654040934,0.1893941540111693,-0.43474331974286773,-0.06327858105122426,0.2952631474530594,-0.6262523212487667,-0.13297817230685308,0.3693397452158817,-0.7509735723064339,-0.17766248996130685,0.42136220052655304,-0.8599763787071584,-0.20730383579520184,0.05846375224678648,-0.4472469885187684,-0.09601203641924067,0.08106039282872332,-0.7049603490847491,-0.18622697776272853,0.10553597478796213,-0.8618731526962513,-0.24656254550379206,0.10383507306091068,-0.9999987984675507,-0.27435880685686775,-0.0659629742486702,-0.40180097126248354,-0.13436416550731248,-0.03798933570180609,-0.5289714849986473,-0.2799266638997989,0.006094241366881808,-0.3681712436336261,-0.30141104008184505,0.017037664036443766,-0.26037962249639185,-0.2700176043310287,-0.182616078533098,-0.31807019853074686,-0.17384090396096766,-0.14250047243864794,-0.40064321221745136,-0.28949253521273627,-0.07994696465396674,-0.2823303501235381,-0.2814127327866094,-0.055668185976662135,-0.19207799789416943,-0.24566903497022888
31,v,0.0,0.0,0.0,-0.24602761990106126,-0.10742305545458601,-0.11644751964334134,-0.3691112959634634,-0.27778296255845564,-0.22419151368950432,-0.23830054943434772,-0.4135232189286659,-0.3521231283760102,0.008907949514671406,-0.4744765210342985,-0.47389259249753785,-0.08477460859679821,-0.4917390804576185,-0.16495287785205184,-0.18701096591441463,-0.718489890804579,-0.34780908835288676,-0.24375209076292786,-0.8650662798708344,-0.44753318179388324,-0.27606206909334785,-0.9847131507605632,-0.5013663373089735,0.17626940560748264,-0.4717582635084155,-0.23345968882677612,0.3143184433348678,-0.7174625956964571,-0.43157377723981977,0.3777883025390672,-0.8727975625553072,-0.5285916422768033,0.4352986836558568,-0.9999986409752464,-0.5542957291021495,0.39325751025140226,-0.4014709298609295,-0.3149413759392625,0.16704837490743896,-0.5081889248659734,-0.5812916302104776,-0.0489574729567072,-0.3972819603035797,-0.589484434254241,-0.12121632702597408,-0.29761862000334116,-0.5055075548976876,0.5505885418008994,-0.3007502418989408,-0.4030701451862565,0.2873209626448801,-0.3902560620853998,-0.5821870099989672,0.08639035862630101,-0.3104858922032976,-0.5333384066704981,0.017077424352383835,-0.22588503758906692,-0.4421515470792685
31,v,0.0,0.0,0.0,0.10891632473088601,-0.14232129030956867,-0.057053506353977275,0.13274198272620882,-0.34523274458144637,-0.08514719048218218,-0.01957280916174558,-0.4184431170824989,-0.11999007706204193,-0.15813765733323323,-0.3829448954022673,-0.15543668288091753,-0.028892882137457374,-0.5071180488590566,-0.05351571422208821,-0.0062550970409519175,-0.7221354164446142,-0.11672012839265522,0.004163406185740067,-0.8730075356907251,-0.15776222899245362,0.00801055807583591,-0.9966940466077404,-0.18328207980889197,-0.16477050049021744,-0.4538293863818544,-0.08665636745946956,-0.24427137441365748,-0.6987053185593511,-0.1665154591874974,-0.2887011153002883,-0.8670676121800894,-0.2218230844668889,-0.33876149447488796,-0.9999974990022961,-0.24811920429712894,-0.26755679881604383,-0.35501426708445805,-0.12469947471117296,-0.26998598659576123,-0.48413434432204094,-0.2578909253766485,-0.15270043877121228,-0.38587608004297075,-0.28400258837960934,-0.08756479944581878,-0.2934795142254487,-0.2600500708954375,-0.3462131105372815,-0.22589873651480685,-0.16386342877747073,-0.30885798495241057,-0.3385918515861568,-0.2666249626701772,-0.18876401252131464,-0.2681266230183064,-0.2578247937189039,-0.11505350654777262,-0.18610614970529357,-0.22433144762382715
31,v,0.0,0.0,0.0,0.08691843725085122,-0.159213480464303,-0.0634806712741801,0.08200363033650301,-0.3585335782119185,-0.08649836343497935,-0.07238017865431674,-0.4435925587758264,-0.11215600908480733,-0.21927844762830698,-0.4418810897683086,-0.13646461201917628,0.06897476101971896,-0.5063398451546142,-0.04332410082718905,0.08682190505766268,-0.7399924891762304,-0.09704725373156774,0.08643245931968009,-0.8841889623960181,-0.12865147916083672,0.08142919999923845,-0.9999971461824563,-0.14738399776361968,-0.06912882980206346,-0.47703403210882606,-0.06007368552300795,-0.15995750128017366,-0.7221131110402969,-0.1249013203997495,-0.21536723532155752,-0.8614930105467343,-0.17057149834465063,-0.2659799572394003,-0.9675944783187118,-0.18930684487291685,-0.17372864787982367,-0.3998554805247207,-0.0839713568645007,-0.22601554420896117,-0.4774142924046374,-0.18882214269760283,-0.1470701132879439,-0.3695750750544856,-0.21786332145342965,-0.09316096581089636,-0.2946985823893527,-0.20047045281360767,-0.2534773797388723,-0.29600155437142156,-0.11086902657614765,-0.27546720072124176,-0.36821137709361795,-0.18287318682287795,-0.21150781870260704,-0.2936890342544207,-0.17363078215261493,-0.1670388818414685,-0.22864980995312692,-0.14500878487754035
31,v,0.0,0.0,0.0,-0.2616885279521551,-0.10903541359026409,-0.06048381743047152,-0.4057686132837201,-0.27007832604891663,-0.12264794919770503,-0.3876260774129842,-0.40602985303155253,-0.20091541954561676,-0.22937264842637517,-0.4810101696088255,-0.2812993727703561,-0.16658181758712584,-0.44224014803750605,-0.1726371844712713,-0.3316420044206483,-0.6511432037955527,-0.2852382792110969,-0.4574393973801391,-0.7798401903667149,-0.3371265702367102,-0.5302799780695795,-0.888771419295059,-0.3751482259197453,0.010809747231753626,-0.4391927367007934,-0.24435563530145651,0.03725437614873395,-0.7043019212319438,-0.3925565611856062,0.016286325113226113,-0.8673685539121967,-0.47404883810605253,0.052534207997972725,-0.9999986611041157,-0.5132397481545579,0.17913066259947036,-0.3893273479015413,-0.3141347191751885,0.026475194007378924,-0.5400863444094751,-0.4965619424905476,-0.14862841817655884,-0.4155861921437228,-0.5133455289047494,-0.200114275495625,-0.31522503948240255,-0.4750841407633399,0.3181371025336948,-0.30880485421483855,-0.38726093981191134,0.10955134912401591,-0.4046022318771385,-0.5370098917594539,-0.062021875412263124,-0.32943222020880164,-0.5336203589017521,-0.12589182153185155,-0.24824136455842197,-0.498655970400506
31,v,0.0,0.0,0.0,0.15586643454661592,-0.08344399168219903,-0.03574994150637565,0.21175160002842444,-0.28412450133349,-0.039719756675118206,0.0977346736749,-0.41571785833146285,-0.05218481315127677,-0.03602479273348021,-0.4127999367034531,-0.06955178779912152,0.10635947806904843,-0.45912297148818604,-0.02188781782012106,0.14727531841282637,-0.6690855876995422,-0.05578042043870939,0.1613501516423228,-0.8158318022584964,-0.0788138252640379,0.1689144617952183,-0.9295879113564819,-0.09681956210193444,-0.0033932157266480037,-0.444813387485148,-0.0519333849739573,-0.03471064570834847,-0.7046201476487951,-0.10141843836595772,-0.05546169947603009,-0.8755190156582768,-0.14305030667792962,-0.08827635159911136,-0.9999974425555624,-0.16525340449575282,-0.09513823865818861,-0.38926678139816806,-0.08614444216513942,-0.10113139541959441,-0.5199697622479221,-0.1946649897436535,-0.040795721116796885,-0.39335220703562956,-0.2344698796734238,-0.009987883236362556,-0.27997459545108816,-0.22801690102345407,-0.1625859467858958,-0.30773951453838017,-0.11974975852102202,-0.1347547182268566,-0.39493250656115336,-0.21385449356058123,-0.06303119243821158,-0.3048597018021792,-0.22584972456407604,-0.027247247900962446,-0.21084354135440636,-0.2133462924338661
31,v,0.0,0.0,0.0,-0.24369697229294207,-0.0687362192487433,-0.11426852231543891,-0.42859866807281033,-0.22235054836344167,-0.1840908982266468,-0.41573597344187263,-0.3749899298781046,-0.25886077542521435,-0.30501057410816607,-0.4883706705147306,-0.32266772125691046,-0.40981646726524806,-0.4551881557721705,-0.0755172555836378,-0.5506091726763097,-0.6581160509091262,-0.2011324115164006,-0.6287397525983209,-0.7877574067816776,-0.2713709375399575,-0.6853207133535969,-0.8905820722786858,-0.306149544731529,-0.2175660817210024,-0.47182653885694137,-0.10145340856548529,-0.2555035936571342,-0.7197911192257618,-0.22441962729610623,-0.29502051562438397,-0.8740604237780067,-0.28483498252655853,-0.3236602047369864,-0.9999985792663533,-0.29928511083884474,-0.0315693164640336,-0.43166857169449757,-0.14556317166050134,-0.14123699122567007,-0.5574235169741516,-0.3234749766841873,-0.21403948632419212,-0.42314792090252606,-0.32724439864601984,-0.22876680105459832,-0.31698516286267087,-0.2691128198498988,0.1442321203549721,-0.35487863999015,-0.197863779650087,0.011014206514254488,-0.4155740184965875,-0.3301484307649216,-0.0742647047927644,-0.32066257747911664,-0.30911590304113923,-0.09964450548904054,-0.23780956071723938,-0.2516616346456074
31,v,0.0,0.0,0.0,0.09416922860300224,-0.08926662267455565,-0.0463444023746684,0.10814232948333263,-0.28192203545885103,-0.05939583286871266,-0.007406420413400896,-0.4037591325433785,-0.07745234637564843,-0.09651977956153523,-0.4590842042610336,-0.09569684100469333,0.1367190151257182,-0.4872950621111332,-0.025188504058281467,0.17842886419741844,-0.7047085583010729,-0.06704148683348342,0.1937539824361471,-0.8504670601652109,-0.09394340183190572,0.2035290254738897,-0.9639542576279423,-0.11285212275967545,0.034404945994099004,-0.4789745906664465,-0.048860230690734946,-0.002886825172599312,-0.7358789229960955,-0.10070845092557415,-0.025360176009117743,-0.8825396256188578,-0.13833487502663497,-0.05542342898074505,-0.9999983432117991,-0.15593493701550987,-0.05658855766404519,-0.4194753591560708,-0.07931201213321525,-0.10795662583550063,-0.5249845580540312,-0.18099012897603778,-0.07747589763323795,-0.40258477052262964,-0.2070407685281948,-0.06481867077968845,-0.3142332851543538,-0.19319152768524453,-0.14562987702962518,-0.3328398920214439,-0.1113968845887824,-0.17178836640703538,-0.4085996726687608,-0.19629385500380575,-0.15059045054184067,-0.32128607368108286,-0.1962562303881057,-0.14755848421720674,-0.2513197925856725,-0.1760661925568006
31,v,0.0,0.0,0.0,0.14300173102021466,-0.10216865270451087,-0.055656970930123235,0.18653931357461384,-0.30696287632145897,-0.0806274611384539,0.050308537349765835,-0.4451910624432878,-0.11171364285850681,-0.07813944260619109,-0.5118677606078649,-0.14341654519650948,0.12868276686581315,-0.48030825900701085,-0.03854676730165011,0.19565636568289277,-0.7016898386349059,-0.09136365956303814,0.2350874553249294,-0.8398622894424287,-0.12386876316532806,0.26188120788425795,-0.9521551784636056,-0.14715979673938662,-0.0013217520949431283,-0.47223099196308016,-0.06168014991968888,-0.039719789458101756,-0.7334183685867754,-0.13889156916921505,-0.06022263988833504,-0.8792895570897059,-0.1889242141820433,-0.0938273389762744,-0.9999983013925395,-0.2126947688866782,-0.10709902594415031,-0.4171936599582043,-0.09075839227375483,-0.12661387807346422,-0.5323515769979719,-0.2145750384409667,-0.07576039008018774,-0.39204736431874665,-0.23064176789425594,-0.054493596300096675,-0.2963363134617779,-0.20446924135067301,-0.20001835008599367,-0.33760413735355876,-0.12173382473506733,-0.20689885185698104,-0.4242591867735048,-0.21746066979554515,-0.15288308083548138,-0.32346032686627724,-0.21023141733056747,-0.1258673994678713,-0.24766384298127547,-0.18199434286947824
31,v,0.0,0.0,0.0,0.13640040334410722,-0.11596882456886111,-0.05472981410552395,0.19573527730896909,-0.3117168801377422,-0.07386194664635184,0.04686024736937934,-0.4240400229112719,-0.0978106178437623,-0.10653326375997677,-0.42115114722233554,-0.12091227388504282,0.12135086628897129,-0.47231410276125696,-0.027119485034771015,0.17359430047710872,-0.7022722406863032,-0.07265759564964915,0.19735652879466314,-0.8411340075491354,-0.09613554672161624,0.21489163258994579,-0.9488488829889145,-0.10818533521247983,-0.014031310132415705,-0.4698896166239888,-0.0456659614264922,-0.0324549324035729,-0.7247488615468491,-0.10433523378976861,-0.03916392224437823,-0.881145836304841,-0.14730017436481332,-0.05380264214708987,-0.9999982534938765,-0.1648637755014475,-0.12262290172450505,-0.42003785108686903,-0.07054084826776594,-0.12081891591707605,-0.528228801289519,-0.17559828156409163,-0.06648190307594874,-0.409999760189427,-0.20278582524967687,-0.040818602803100616,-0.31329378507579875,-0.18216120626486457,-0.21606260005731637,-0.3400206998177754,-0.09657706683153774,-0.18466454165583085,-0.42640293397124535,-0.16959088585737328,-0.12745651926717155,-0.33802703102181614,-0.15866980679002676,-0.10336307116570763,-0.25412914043493723,-0.12748305812653554
31,v,0.0,0.0,0.0,-0.29470201536427776,-0.08559233702685105,-0.1347003119347028,-0.4346428928483023,-0.26366172885160244,-0.2248639464973847,-0.3569449589793564,-0.42590806249638763,-0.31953875168218904,-0.18734703976296246,-0.5288307258774991,-0.3984822946137221,-0.17939283545636125,-0.49108098317042,-0.1681726902228105,-0.22871216911498413,-0.7212421550603463,-0.36232531012775016,-0.2509371147798349,-0.8768408813252156,-0.48622114384482,-0.25497804360662707,-0.9999984384485778,-0.5635355592185097,0.10290544437331575,-0.48325089533352494,-0.22050237182272026,0.10577608566216246,-0.6922955137441991,-0.4412594291428545,0.10624686264287016,-0.841773301578408,-0.5705928859082466,0.11911281219213962,-0.9577766401897879,-0.6159446809435745,0.32345450073306314,-0.4128659206132946,-0.28085525010506146,-0.029318944187406805,-0.4745133192479347,-0.5334485542076944,-0.27739961172536176,-0.3448332485093999,-0.5028122163103358,-0.38882460231528637,-0.2396365591906351,-0.3976694178321858,0.4452948037600502,-0.30203703345811544,-0.35541550845074976,0.020680772968442895,-0.3003416592581173,-0.5459555572512108,-0.16238464416145812,-0.21718623067509557,-0.4917972635612509,-0.20612892847440498,-0.14388873059300186,-0.3850705025173272
31,v,0.0,0.0,0.0,-0.21450901562890537,-0.08028511088272064,-0.07771196895876231,-0.35352016371504374,-0.24088985520149261,-0.14643476367073674,-0.33429975388782085,-0.38437341311540874,-0.22969655345286072,-0.19716943276891088,-0.4828930410082571,-0.3062588591434432,-0.25623982591990935,-0.4548689887681295,-0.062232685407946756,-0.3825157171284977,-0.6604455763380778,-0.17617643250710394,-0.4559225353547241,-0.7893641385686306,-0.23879026792438732,-0.49982026631688087,-0.8997034365278982,-0.2752774545466774,-0.07784631423426702,-0.46606725287459616,-0.11150839646842826,-0.048186875598134955,-0.7152463470526516,-0.2419804735988625,-0.04451183240200913,-0.8687488803904292,-0.31089907727673716,-0.026256880127315415,-0.9999985410772441,-0.33107205304809806,0.08676108970298192,-0.42659432192170693,-0.17285470199153888,-0.0739478309857905,-0.5585586081583245,-0.37269692605800603,-0.19871820842658441,-0.41452795038476076,-0.3779237015032745,-0.22697961409068215,-0.302055123846227,-0.31453455432232025,0.2293966276166941,-0.3520848255153548,-0.2370970540775896,0.021540160189757778,-0.4333040453851746,-0.395735295495458,-0.05929400712049441,-0.3155859647046903,-0.37556881987740054,-0.04809896048121471,-0.21548716913303725,-0.3148240394105769
31,v,0.0,0.0,0.0,-0.15237656957560505,-0.1288261803649656,-0.21754681893371253,-0.1165112955385293,-0.3088945912289506,-0.2702412048082446,0.12812792824907332,-0.4486720317539508,-0.30534239131196766,0.35581724021828276,-0.5628159985849123,-0.33088779201706314,-0.17408967003292328,-0.5315938379294236,-0.11065567609239965,-0.27670946362722487,-0.7416054248701809,-0.2468004014344323,-0.3415632239012024,-0.8815767861729149,-0.341469786431771,-0.35045497216647653,-0.9999987201216464,-0.40116176008741383,0.138960333738884,-0.5054253656459876,-0.09363134660340088,0.25211623530107713,-0.7502823498033941,-0.24542972024877796,0.34886241112950866,-0.8859828386509584,-0.3339306775488727,0.46256086366386673,-0.9946106290237099,-0.372255205760538,0.39124859553633795,-0.43138401730498466,-0.10443689917670393,0.5111341278647755,-0.5431989513490795,-0.3832414052267104,0.3421041728527803,-0.3920328990437659,-0.4174956949900666,0.23991494136293579,-0.2843563656096267,-0.3573130834579504,0.5843849171893915,-0.329793941514716,-0.12470470052518885,0.6386590860795418,-0.4220936710603008,-0.3730354660731509,0.4896218139877073,-0.308376299425676,-0.36089020471221084,0.3814461367106441,-0.2207708716337709,-0.28910696160374794
31,v,0.0,0.0,0.0,-0.21349835104461656,-0.13081905143238473,-0.17897957406655693,-0.3021418649283455,-0.3083759499641334,-0.2903072271432005,-0.16104989468349049,-0.43006537744754614,-0.41117423696206495,0.08842165837567524,-0.5110510835673853,-0.5186441496327612,-0.058280081272769436,-0.5188312363937883,-0.12134064113592885,-0.12502019263208242,-0.7325539844706079,-0.31723287688861634,-0.1642285202865421,-0.8646172292752207,-0.44077407841744104,-0.19392603446999682,-0.9699126725342787,-0.5044744095930007,0.21504711676086716,-0.4812544108417338,-0.15739962936561191,0.42279872980042915,-0.7244385459583466,-0.33601022425950094,0.5186005833021406,-0.8799876830740693,-0.43288264593366743,0.5928181715118532,-0.9999986880092423,-0.47052617671954977,0.40793652218089593,-0.39274407282343154,-0.22433586818851267,0.367677137439374,-0.5461660324268801,-0.4954362414130343,0.15979211393215625,-0.4387681817409112,-0.5328692166982347,0.059536610812214744,-0.34112532634614384,-0.4761827883682308,0.5291486905294297,-0.27917055305673855,-0.3026074220186892,0.4015621450120631,-0.40997013250410197,-0.5043650849542065,0.1862689305127945,-0.3503020271424363,-0.48908716218458054,0.06595560150496176,-0.2782007856420845,-0.4262848101415483
31,v,0.0,0.0,0.0,-0.2709787306213187,-0.09868359028797417,-0.09548415475847644,-0.4329821787263691,-0.2676588779008287,-0.1717987931279978,-0.401906229095151,-0.4226275905445076,-0.26849683778716243,-0.22987924107535324,-0.5139874215742506,-0.35659450423285555,-0.3508283608594101,-0.46860823236422355,-0.03009524527193681,-0.4601952149229197,-0.6645086583912829,-0.15730504596860265,-0.5296658465930784,-0.7798529605023281,-0.22321100724478674,-0.5614594696177512,-0.8727656861912805,-0.25755193649633973,-0.14270448427569224,-0.48546828897107547,-0.07551040159735502,-0.17333557774427474,-0.737718462543982,-0.22678604300451058,-0.20569116244103855,-0.8841885002136854,-0.29408732728385223,-0.19395471316168233,-0.9999986506150914,-0.30585729560240177,0.06371319881569666,-0.45465876241682907,-0.1406684027057683,-0.0812436764212196,-0.5827540930991427,-0.35022279024620595,-0.19013571429306053,-0.42811924375886296,-0.35257813110585223,-0.19411219433442517,-0.3103068384775559,-0.2829525719030093,0.2633661888550522,-0.3892353888432004,-0.21167810519623692,0.039723379165453016,-0.46831345785038164,-0.35674953230255,-0.020366345159016034,-0.3579262335631734,-0.3314803188755851,0.021133362117066092,-0.2684211092971943,-0.26775147650110476
31,v,0.0,0.0,0.0,0.14070982381743122,-0.11371231816694627,-0.049328162212665644,0.21332264837261336,-0.29309619189786007,-0.08063050943855357,0.07828656527049918,-0.41194338165730077,-0.11953927383184225,-0.07186880278222862,-0.43853159123072766,-0.16120703019223692,0.15006722922627092,-0.47028814496623855,-0.05813975658491001,0.22558000058934313,-0.6869681425298433,-0.11573884061195207,0.26618475055946883,-0.8201228093084286,-0.15034666716125766,0.29791102759886856,-0.9297650424307449,-0.1745645898878833,0.015892910604209155,-0.46044732164282426,-0.08976639736267453,-0.014215469503740199,-0.7287944450521422,-0.17031710583122422,-0.027556166761691352,-0.8789254235441138,-0.2200332069863308,-0.049203892345248516,-0.9999981186715909,-0.24335111287008585,-0.09652233147415334,-0.39791478665011326,-0.1254172981439759,-0.08463749475550218,-0.5215343126000953,-0.24576206300180303,-0.02335521910831422,-0.38780304296446,-0.26617152778237013,0.008356255990764502,-0.29126731124887967,-0.24458272962031818,-0.1919734285855298,-0.3057727642198177,-0.16185273680476284,-0.16549690637997955,-0.39680071636913467,-0.24925069531120972,-0.09947195449084802,-0.3043788027036783,-0.24059607369386105,-0.06369050648305075,-0.22951866234566853,-0.21329899695574303
31,v,0.0,0.0,0.0,-0.26717772827030456,-0.0922290837755798,-0.15301029037186434,-0.430486817346687,-0.25212700997876153,-0.24850631030773765,-0.3530788137127596,-0.396175676363274,-0.3482783608727535,-0.18201353708042073,-0.5018418138189403,-0.43320031357101013,-0.33402307474805754,-0.48995759834492364,-0.11804936987638823,-0.443341382264799,-0.6989268782243259,-0.27923729197788305,-0.5021613371427828,-0.821289166219813,-0.3720452321693667,-0.5415857132203014,-0.9254887388190198,-0.4198132918667442,-0.09250727633678775,-0.4850263089020182,-0.14795508046710773,-0.0616893851434264,-0.7266761552485056,-0.30897881847403597,-0.05233196914391641,-0.8757620031986613,-0.3903507377575093,-0.028501316312910006,-0.9999986228100651,-0.4151539153359076,0.11806109772632982,-0.4216103896364653,-0.20084666690579106,0.02389230010556149,-0.5284615338237924,-0.4304147761345891,-0.10238664199709467,-0.3963889381732528,-0.44180101132752936,-0.14455481431381553,-0.2919301350906306,-0.375098290867805,0.2955455712564149,-0.3245907133934626,-0.265421961263218,0.15113810295834684,-0.3781640829809163,-0.43445800826754233,0.029987253681746345,-0.28993583344573615,-0.41349789387535607,-0.009757425545324785,-0.21357521782736877,-0.3484344081016872
31,v,0.0,0.0,0.0,-0.15647590712816373,-0.12507843790595782,-0.11807508644623842,-0.23413472698662297,-0.34126573533258375,-0.20400398424651983,-0.1412069097211609,-0.4811587033671699,-0.3134951089545214,0.059846090277488585,-0.5484431572763288,-0.4173805445299764,0.14505413272126175,-0.5107461779089191,-0.05390994222110312,0.21025102725719094,-0.7330098886404864,-0.24336892819796685,0.24497967195747886,-0.8777973429819355,-0.3698080463608081,0.3034547762684818,-0.9999987823865067,-0.4643692097350944,0.3686643715028644,-0.44552671241745256,-0.09880447997750551,0.2889918740484648,-0.5791052923457894,-0.3857896618141794,0.03621197741652188,-0.4417771759323137,-0.4680803901109038,-0.07323295303681897,-0.3378867689406069,-0.45765616484824606,0.5664624365018625,-0.3622874233848044,-0.16954161876123605,0.44602091473813144,-0.4930069309404291,-0.4403610431608185,0.19880138388911112,-0.3585416608214917,-0.3842045783594783,0.12029597175945442,-0.26134234465216366,-0.2775230658756402,0.7306662106110154,-0.2611259973259365,-0.25186500599684075,0.6013839140923837,-0.3978007535232566,-0.43108960586521605,0.3818585828105108,-0.3135026616921087,-0.3691285227058384,0.32018718443900157,-0.23307966182223952,-0.2774569496682625
31,v,0.0,0.0,0.0,0.14152013589195656,-0.1015882045124397,-0.06637729301996315,0.15883697713916373,-0.3114577536697057,-0.08986676869790265,-0.01885668807330346,-0.4382104701353507,-0.11510184066918161,-0.16087458500634905,-0.48018432839648234,-0.14037159905360877,0.122852710898727,-0.47000374526954597,-0.0564654234997325,0.16244595419149035,-0.7108865684476235,-0.11461133170456,0.1830190744669173,-0.8558842630225003,-0.14548772949693492,0.1948886285997539,-0.976454772316476,-0.16442105321681919,-0.009154720505582121,-0.44782567063707085,-0.07826165750451876,-0.0505595002684534,-0.7205835938595301,-0.1492043488516719,-0.07295876860509298,-0.8733055771461061,-0.19466063274481962,-0.10572062032845847,-0.9999985579892937,-0.21461682156111828,-0.11416053320214475,-0.3813109575112971,-0.10808407610647983,-0.14849106815640437,-0.48030594840479507,-0.23606193151098653,-0.08108951740111085,-0.3397177741737111,-0.26672592404149376,-0.04114108351869928,-0.24967212498023822,-0.2468590808072736,-0.20399347630687423,-0.29057503956393077,-0.1396177376469588,-0.21699261387027455,-0.36863308156349456,-0.24101713031963815,-0.14798260627359455,-0.2663322611578247,-0.24103081794248182,-0.10692822535799452,-0.189599318570386,-0.2163271082999242
31,v,0.0,0.0,0.0,0.15318021243053243,-0.10948129966625425,-0.04361531794299732,0.19096987340983512,-0.30909823587718077,-0.055465415060992916,0.05127437431732491,-0.4295082609971867,-0.0759613794636887,-0.08442252269612117,-0.4751554940057419,-0.0999324876547603,0.15784160670406522,-0.48747945248825386,-0.023852877402571138,0.186162024454367,-0.7136249863640379,-0.06139868704619577,0.18775548822723861,-0.8490281787466922,-0.08717353386248898,0.18976341163444108,-0.96563419104637,-0.10879336215319267,0.02478562371082759,-0.47771642091615374,-0.053716895166592456,-0.00321312949798432,-0.7235752823679696,-0.10757167520187579,-0.022937172249373517,-0.8691889486062019,-0.14983314300634717,-0.04573194986372446,-0.9999985955405355,-0.17556884908687453,-0.08659418737675346,-0.42327906077302474,-0.09045892277788574,-0.12447308567582928,-0.5447403450503577,-0.19286257705559676,-0.07690339952600811,-0.3987788960307021,-0.21898569323110065,-0.045213352118889175,-0.301335426179995,-0.20816974918360068,-0.1839436064500074,-0.3420401171303476,-0.1293383505759561,-0.20592796521564966,-0.4357741272120247,-0.2123064137857753,-0.15627915834111475,-0.33741919775748114,-0.21450338051134327,-0.11932352308122995,-0.26195933326164894,-0.2006436778919668
31,v,0.0,0.0,0.0,-0.2561246724109716,-0.06976883186624996,-0.08981971114257208,-0.41439587164236785,-0.23384144151070324,-0.15802436912432222,-0.4063862669928117,-0.36969144225243394,-0.24521038154137723,-0.3087791871373549,-0.45519840019462143,-0.32505114443617833,-0.25690378932761737,-0.47989935073767487,-0.048404174255668994,-0.3241529504721779,-0.6773857384371127,-0.17538492118694188,-0.36831469678372536,-0.8022167857861597,-0.24898684829770987,-0.40854678241827924,-0.9009256263397242,-0.2880738702608479,-0.06699712477179412,-0.47941305854542554,-0.09498972381244733,0.012854904420131975,-0.7274715770193384,-0.2484265034670642,0.04759679872460016,-0.877612192558237,-0.326081228516373,0.08185117322623593,-0.9999986712330377,-0.3437206659832203,0.10248639631928529,-0.43737436573639216,-0.15830206651830828,-0.04859314331393192,-0.5899624011741171,-0.3693738067349575,-0.18560137484059014,-0.4596174814908341,-0.3710985600037872,-0.2344488117467476,-0.3504987407951393,-0.29717446431565403,0.2610245018516393,-0.3650085434818919,-0.22775710527939666,0.04320718008238046,-0.45711434391167427,-0.37455662021518654,-0.08169958311940119,-0.3572158299021199,-0.3470873286066953,-0.11632806204613304,-0.26333054853170906,-0.2790633471825296
31,v,0.0,0.0,0.0,0.14681375754420176,-0.11409673572008293,-0.06041579063925687,0.1942984678213714,-0.313232102169248,-0.0896468357449959,0.039014438431127015,-0.4299607915396972,-0.12275439334752482,-0.10474772690086995,-0.4675708347009818,-0.15517908269036287,0.12224409599034182,-0.48424056114294844,-0.0468717981249655,0.1943333957391943,-0.7003991904814544,-0.09286426690122827,0.2287185346346993,-0.8294675744682972,-0.11856433641149715,0.25461962278080036,-0.9373860742288844,-0.13770944742003727,-0.010915409201998126,-0.47789434616058085,-0.06676929562282145,-0.03928859740863885,-0.7359007867659285,-0.13304091692035985,-0.05133218293402643,-0.8803327624433844,-0.1769421281161981,-0.07670459149567527,-0.9999984639758276,-0.19981835786924063,-0.11914242364432537,-0.42589207821857006,-0.09259740364704935,-0.12914471728038115,-0.5438255289799288,-0.204093846294963,-0.07035082329385711,-0.4053085938969319,-0.2226748119204489,-0.04682597798690488,-0.3083585818713909,-0.20232559184449733,-0.21177963891776697,-0.34946402610896077,-0.12108192745281866,-0.20711735699054412,-0.4230341230868253,-0.20696436723724826,-0.14670631871965337,-0.32827289672679627,-0.20363083394264314,-0.11742267001814989,-0.2582009016733841,-0.18159040225462172
31,v,0.0,0.0,0.0,0.11919996601592324,-0.13737501002533095,-0.051940530070568695,0.1593721586448418,-0.31844733478535764,-0.08482936148480408,0.009937345206116829,-0.4074182377228804,-0.12551933217522687,-0.1367998243265844,-0.4115207641800511,-0.1682446789565303,0.026399430896816345,-0.47859372396642375,-0.06150041213805793,0.05593746291325671,-0.6943713227578598,-0.1307876219326296,0.06596133557260832,-0.8458295474106903,-0.176057287874527,0.06863370268597463,-0.9698825387604446,-0.20374028856525372,-0.10916056278804231,-0.4397823577860895,-0.09487481648396778,-0.18541676359331993,-0.6982504784360298,-0.1785309865289896,-0.2301967015821793,-0.865009561831615,-0.2344605454921912,-0.27403188973137,-0.9999973412275224,-0.26125202419737964,-0.2119925773755764,-0.35829370242553865,-0.1320939527255708,-0.2250268447265906,-0.4862941918787515,-0.2576358580954791,-0.13051200424966836,-0.3875513125949114,-0.2779005361386269,-0.07312536496991826,-0.30221725677146344,-0.2536294864592794,-0.292561918164305,-0.24978035230967732,-0.17033328290154143,-0.2789309124888301,-0.35837650571183016,-0.2605039816861499,-0.18243766775149958,-0.286941516346177,-0.24506481372213018,-0.11743066976749898,-0.21108990269860703,-0.21000404022282906
31,v,0.0,0.0,0.0,0.08712792679915182,-0.15423315087728773,-0.06801985540470575,0.06457331534307424,-0.34822692030007174,-0.08798192312960361,-0.10054109022107463,-0.431104134084623,-0.11020318245307907,-0.2434140266309642,-0.42485537769063386,-0.13244690815162524,0.06190156690742554,-0.48572685964993806,-0.04203793293677173,0.0623305084575259,-0.7266370247401964,-0.09903726195254658,0.050373421514952166,-0.8809321700439409,-0.1313908564329053,0.037447759719257144,-0.9999970451878312,-0.14850801071508704,-0.07416400281837804,-0.4521836480441432,-0.05332272378732304,-0.1820816812755503,-0.6928238203623613,-0.12265772183180902,-0.24860104041161732,-0.8332404918046982,-0.16879018300649315,-0.30016534491831287,-0.9431478038859656,-0.1852079736727432,-0.1740543276821869,-0.3778130558444194,-0.07331579422921582,-0.24539278481234997,-0.4391354063597724,-0.18451000801351605,-0.17079631803327744,-0.32678266072352924,-0.2160163856932544,-0.10391459090733916,-0.25966013280334965,-0.19673763810478528,-0.2507306017965643,-0.2831553159483252,-0.09587749453661408,-0.3006155089922429,-0.3481716184537439,-0.16900282653104762,-0.23780582060351785,-0.2716053316101682,-0.15941424149456718,-0.1775496157147435,-0.21624783119491733,-0.12958371670018548
31,v,0.0,0.0,0.0,-0.2585237955978675,-0.13997730596619756,-0.14005390592846734,-0.35269941627710166,-0.3193406191998109,-0.2227307624889875,-0.15537942741793534,-0.44167447956591493,-0.32570102035884163,0.11160482914046932,-0.5253389978266205,-0.4190677844869357,-0.14474216624972128,-0.511418639781255,-0.05285780038753444,-0.24440011491107194,-0.7222970828170168,-0.2408465209272402,-0.2994082189055994,-0.8585416306627502,-0.3673386041793665,-0.32698413805320875,-0.9696709568821723,-0.43910587884815466,0.1470931570211337,-0.48935389980565525,-0.11298145810156514,0.35075077721786985,-0.7289657203651958,-0.2910127010635713,0.43210021821892136,-0.8831330767929916,-0.39341353916961774,0.520722807443728,-0.9999986535670523,-0.4377961391567638,0.3671856829887565,-0.4139961968780869,-0.20291960540793585,0.400162151641428,-0.567491188162839,-0.4693079384321234,0.1733741432771721,-0.4515438336117593,-0.4749904591630251,0.08418111105442387,-0.34979447463437635,-0.39839941802606366,0.5294968595711836,-0.3055551274259762,-0.3045393146015295,0.4524070419524824,-0.4299996589859271,-0.4942779009382499,0.23517804674028356,-0.3577843682738063,-0.44661621675683055,0.14742075245129654,-0.2804072425610376,-0.3628444394827951
31,v,0.0,0.0,0.0,-0.2534263911175233,-0.12961457727840844,-0.14510057251598799,-0.37962421493099635,-0.30378603646668156,-0.24502604417535298,-0.25486044353029025,-0.44038981667748056,-0.3660340989389712,-0.016713715756438968,-0.5348992442230878,-0.47533550649104045,-0.17761775737657823,-0.5037157266340756,-0.07620042130251263,-0.31262483287478915,-0.7152452379530567,-0.276088666788513,-0.3908935728804482,-0.8409158291435392,-0.4069221593075319,-0.4457284231333586,-0.9436091841428804,-0.4789892821084062,0.10620171273885148,-0.4873152005774844,-0.13078806897913317,0.28355376300671187,-0.7327758887588616,-0.3208238135868049,0.3455167858167519,-0.8848290190710989,-0.4287825189785896,0.39985508149937704,-0.9999986886819956,-0.47577805205643553,0.3196357644661659,-0.4165354226608984,-0.21441436939680034,0.2714216678706067,-0.5816622103052019,-0.4733941914997828,0.05592964639111057,-0.4592037870944161,-0.4829249050074418,-0.01854556676600537,-0.35559622612445607,-0.41214493168924615,0.46650711765438047,-0.3146041730192726,-0.3102335934716374,0.29486165415357446,-0.43902685137028175,-0.4929406443904203,0.08679356510748046,-0.3602382649224745,-0.45890230928532616,0.014448542137450024,-0.27734327456885177,-0.386808103821363
31,v,0.0,0.0,0.0,-0.31479098562966024,-0.0649714658256391,-0.15738494559097235,-0.5073195537006847,-0.243016308185154,-0.2495680688966583,-0.40596253805264904,-0.39674179048330926,-0.3454490780561288,-0.20944154353975422,-0.49501763458807063,-0.43051071328329443,-0.38448056143623927,-0.45883298095508096,-0.14862520897797907,-0.48641648574406054,-0.6769980517935497,-0.3335911386413665,-0.5406409742475186,-0.8174324148250696,-0.435154885363749,-0.5639495120529281,-0.9311745352283736,-0.487825356850991,-0.09828769002211132,-0.45272515551046266,-0.18735097702078443,-0.07056044889770342,-0.6984597714509224,-0.3714872190733506,-0.08164827157411704,-0.8602821804605345,-0.4637803024371139,-0.06535264895047592,-0.9999985223679249,-0.4897209678481866,0.16296010148074871,-0.3935984388831647,-0.24739037974487138,0.045117884494605416,-0.5292994551775994,-0.5120979937959629,-0.10607494948150566,-0.3906209301259193,-0.5168543718147358,-0.14778851989932798,-0.2789497755260839,-0.4318219110122704,0.3911751781399207,-0.3003965226485162,-0.317048050840967,0.19652887711217232,-0.37411062777335263,-0.5140623463432822,0.05510615062711304,-0.28205032329104585,-0.48214394039410313,0.026256365713978803,-0.20194743750712035,-0.3988791634888274
31,v,0.0,0.0,0.0,-0.22398691018498681,-0.08717966235628748,-0.11665121407017609,-0.3483297632069986,-0.22641765816987525,-0.20302268179932687,-0.2723370623872857,-0.3511607895495847,-0.30116271762991775,-0.12940183929902965,-0.44646248974525815,-0.3896460032274781,-0.28320667715544784,-0.49131222782498196,-0.09295363192990841,-0.4005716455420251,-0.6961099950951797,-0.23570041668194414,-0.466656172405572,-0.8275347756494621,-0.31856283656038453,-0.508869387000769,-0.9397046495743012,-0.3605626676186936,-0.07939444945397899,-0.49347737166128564,-0.13290736900180622,-0.027942608013228103,-0.7272465846102476,-0.2773736996283609,-0.006102203531282242,-0.8753203796217233,-0.34608883482705477,0.025995747130470388,-0.999998663437861,-0.360628710161938,0.10313303931334804,-0.4374862007705169,-0.19162169940337223,-0.02499594747098069,-0.5249838073850533,-0.3923323573643564,-0.12873639495196054,-0.3822626051561772,-0.3979119962847683,-0.1424017841623642,-0.27440660784977366,-0.33121326978578314,0.257897406014286,-0.34534450482132306,-0.25912239667703213,0.10893251466088041,-0.4163124356153129,-0.3883711989126451,0.018090000611842544,-0.3221085234122903,-0.34838407211705935,0.010408989936993216,-0.24148268723825297,-0.2751332123236937
31,v,0.0,0.0,0.0,-0.2914657409581862,-0.069318393187498,-0.1602699969142218,-0.4787844726666448,-0.24000060429574038,-0.2523005370113055,-0.4015112035914589,-0.3970904478020254,-0.3425712778936255,-0.24120603131041732,-0.5099277547940242,-0.42100598060949856,-0.4335427920444729,-0.4542894589357778,-0.1540861648962853,-0.5694370391955648,-0.6676414303406341,-0.3307962178847973,-0.648876050239764,-0.8045963161869427,-0.43521742536910024,-0.6965586991482663,-0.918426965291356,-0.4916855981838263,-0.168443132570319,-0.4579989528150587,-0.1753897741945313,-0.15528058922796606,-0.7061346044989749,-0.3378077636017777,-0.15596434992477748,-0.8633579274145611,-0.4120114560492375,-0.13735399613400395,-0.999998562636148,-0.43050328046724584,0.07972567478201795,-0.40623036039667926,-0.21715979074500888,-0.005709114811943274,-0.5285287701665604,-0.4523899197720043,-0.12319618302409577,-0.3782671095365904,-0.4423919007822542,-0.1581480833417711,-0.25887483265689093,-0.3565716444153161,0.29962906062175965,-0.3203169126128815,-0.26995436690285274,0.15802779766098884,-0.3870463364360211,-0.4609742393183156,0.0395555691615748,-0.2846587194516385,-0.4291915325623618,0.009664063445811898,-0.1962806146416697,-0.34685227868535534
31,v,0.0,0.0,0.0,0.1624672850068607,-0.08968214584823855,-0.05810022628159811,0.2087014732438278,-0.28700150964934507,-0.08127170427347137,0.05938339226039063,-0.4134461785996619,-0.10921771593891207,-0.07772381532518308,-0.47321753647939596,-0.1376447159494189,0.18083431119125082,-0.4616911227514311,-0.04441284861916822,0.22537847503954822,-0.6973505621960006,-0.09720237131983893,0.23819769247339115,-0.8414763450723752,-0.12823629028954872,0.2508036699251859,-0.9563473704193728,-0.1491016129452057,0.04567709982142932,-0.4588220530824953,-0.07086595214637478,0.03124542622126939,-0.7230399206639146,-0.136864499574853,0.019491661652187364,-0.8745628648794057,-0.18189219898579112,0.0018720959731861335,-0.9999986074062909,-0.20445178966347016,-0.07214427789299402,-0.4108169935348986,-0.10563023753325876,-0.08822208695986647,-0.5290418380623779,-0.2232506703891609,-0.0487815303191303,-0.3782185019390213,-0.2474446098159772,-0.025290145663842224,-0.28164278641032214,-0.22857656512958516,-0.17527641732672197,-0.33455261456018753,-0.1427481778981368,-0.1821047865377786,-0.4215669779938565,-0.23513747130749468,-0.13674816922732166,-0.31851321608175137,-0.23312445350498884,-0.11326689043727857,-0.24663681624717115,-0.21122541704184447
31,v,0.0,0.0,0.0,-0.2863918213020944,-0.10253827621174913,-0.27193368971091564,-0.3554995539306838,-0.27285741033929783,-0.36337660662497384,-0.11275327514075796,-0.4024298413957599,-0.4401338570789184,0.10729930006497869,-0.5224570352794983,-0.4991259072804801,-0.3304981080581239,-0.5018361342396064,-0.11877724938755733,-0.45456116698050825,-0.700993360681816,-0.2707968788306319,-0.5031060503138779,-0.831836215326121,-0.3656866132046633,-0.5215532707272715,-0.9384012213322299,-0.418776631925871,-0.0031295629185618787,-0.5091635371051161,-0.09382687694806231,0.012884207998764743,-0.7434045521092196,-0.26498504812772583,0.03203964408135693,-0.8869613634688224,-0.35799380056771335,0.08114384640996428,-0.9999986900515675,-0.38698348328221427,0.27329402816876236,-0.4576143686263204,-0.10943555443661221,0.3178559059539274,-0.5812845730049009,-0.40777764164749636,0.17875713284540165,-0.43746170741534457,-0.4544690073389384,0.1159531091692122,-0.3323020064885664,-0.390560868368318,0.5126852128168773,-0.37429883260463814,-0.14308522676411967,0.50778341250683,-0.4708075352715786,-0.39538814226237384,0.3754915675765445,-0.3679712314748748,-0.4056672830989122,0.3159780276605705,-0.28233261063916204,-0.34567359630484584
31,v,0.0,0.0,0.0,0.13798976421701217,-0.06740885838535957,-0.08180801731594368,0.2143685326021677,-0.22105925577197308,-0.11853430809594699,0.08645640617022039,-0.3251328385471559,-0.15511539688868775,-0.04565687491711152,-0.3642149899084416,-0.19031847630365134,0.16210291920483036,-0.45938388910479333,-0.08231758704878249,0.22753990874932997,-0.6690922524673651,-0.15187930669096023,0.26714038276813984,-0.8124077196920418,-0.1975032724802067,0.2885122214219393,-0.9332151501105241,-0.22717847501679303,0.021918320186467947,-0.4579598723613213,-0.1016600788038015,0.007036853059853965,-0.7120210806088777,-0.18036484347649537,0.010762359459205267,-0.8666397196713614,-0.23292980066823218,-0.00020471253036351194,-0.9999979096126964,-0.2579580567998451,-0.09960927969367055,-0.3961571220655392,-0.12923930630672492,-0.07332814051332338,-0.48066639185824545,-0.24570757554733702,-0.014839976394653516,-0.3599450578235009,-0.2666300402937583,0.0036525549772406284,-0.2882553028354453,-0.2450620395644926,-0.20666010282980046,-0.30108790030332677,-0.1616490035029311,-0.15493997419079023,-0.3584931313984699,-0.2388186033057881,-0.10011719851900643,-0.2819241660092974,-0.22372047793131297,-0.08644731060435519,-0.23533431030864232,-0.19302805160473638
31,v,0.0,0.0,0.0,-0.3062941095317652,-0.08589530101640358,-0.12958741017443431,-0.48744255585353174,-0.26983405700950475,-0.22085952210471724,-0.3942368584461273,-0.4297892404327469,-0.31809590769620755,-0.1964945268109751,-0.5272609155558108,-0.40385043167862517,-0.3054196498298301,-0.4705916094620321,-0.17649627134134802,-0.40355346594990205,-0.7078123510155588,-0.3607796243287646,-0.45765170000096184,-0.863530662328792,-0.46385041538382554,-0.48852236921054737,-0.9891386480196693,-0.5251417470062839,-0.009066004087770203,-0.46534420548421035,-0.23276394544653747,0.051357694504125834,-0.7035801837736582,-0.43491695255475865,0.08161691536426244,-0.861613889836234,-0.5398495798482894,0.11751229146120962,-0.9999984522629705,-0.5732511913431994,0.25748405498213256,-0.40095596361869235,-0.2987996522315705,0.04840137679042044,-0.49802827846644476,-0.5641812665320055,-0.14306415340050602,-0.3534670544843369,-0.5407565123654035,-0.20899263993144326,-0.23822370873143986,-0.4370571601563036,0.47033007414659944,-0.2988126312210219,-0.3738393464850441,0.1838270384386077,-0.33980799209506374,-0.5795447365827517,0.005132826601536992,-0.24408634340366037,-0.5304652130185233,-0.03770508977696211,-0.16273013308398793,-0.43005359496781737
31,v,0.0,0.0,0.0,0.17422683558387075,-0.05943531640411944,-0.06580080636597502,0.2660004661072549,-0.21873807456652591,-0.09963922214829173,0.1357971813773933,-0.3244257207037357,-0.13610361668617577,-0.0017062503538816656,-0.36339307836368934,-0.1745099181490744,0.18491238520683917,-0.46940443049643316,-0.08127116184962282,0.2701381890250559,-0.6779122419998419,-0.13679571148582376,0.31665809300367737,-0.810332963124129,-0.1719553234948901,0.35049957667646836,-0.9264991295056757,-0.19877422199214417,0.043047864904303346,-0.4681648091870585,-0.10673318174732373,0.04723289333831367,-0.7111676714910508,-0.1855235094613702,0.03872943646304471,-0.8642180882226155,-0.23248375734087662,0.013183606055856702,-0.99999870105587,-0.25533779935456286,-0.07701252873468695,-0.41826925789791697,-0.13757194584314852,-0.02170401859078171,-0.49254232496315137,-0.25411778544613745,0.018645341465795363,-0.3575689254064905,-0.27314625513936647,0.023023540542919163,-0.28022316763454486,-0.2533491095192872,-0.17141002823406937,-0.33587853328191636,-0.17175851396591435,-0.10740171622454014,-0.36740142727562153,-0.2480082702853893,-0.061997479166666224,-0.2845827851668401,-0.23459384660236543,-0.0615749038680236,-0.24029646029971385,-0.2079543955031379
31,v,0.0,0.0,0.0,-0.20219717686548455,-0.13522604411842737,-0.2251159431311817,-0.24655935510447263,-0.32381859778764605,-0.2969420434596623,0.00289452303810428,-0.4579744128130134,-0.36000237707999083,0.2875761186429911,-0.5517811167646272,-0.4102891681259812,-0.17471154220403448,-0.520240668413036,-0.08129126437109892,-0.2627819671030541,-0.738171614228458,-0.2196264758104108,-0.28980963070892923,-0.8684685031036306,-0.3054130483190967,-0.27810907235232807,-0.9727750419367347,-0.3520900969083579,0.13900979733041624,-0.5078734793597619,-0.06643156328639331,0.24126791008912626,-0.7617985416900187,-0.21611814383682454,0.3006402995019609,-0.9018979817072452,-0.29002969108717985,0.367665877891641,-0.999998775541144,-0.3055994115207558,0.3919091504630553,-0.4394820889646586,-0.08604553305787223,0.4371703386562382,-0.5706940076580418,-0.36753704095815043,0.2663596150941755,-0.4432438741626669,-0.4049551737679416,0.18275088653626595,-0.3419263719161881,-0.33802702826418857,0.5904396395465338,-0.33988210589759754,-0.11736324508831078,0.5844060989625681,-0.45764715508979453,-0.3534838615694441,0.4203286811607026,-0.36586924466851917,-0.3423328684795329,0.33296619558265145,-0.28028259203457173,-0.2697749997385069
31,v,0.0,0.0,0.0,0.13880660322780128,-0.1456481411616089,-0.06136207492328849,0.18078164999421661,-0.32938015378668883,-0.09327608389887392,0.042732878660621726,-0.41217982539844744,-0.13136779696729645,-0.10234317019022154,-0.4001783014974164,-0.17009794862164812,0.034054635934152595,-0.5251271244964261,-0.05042082822178114,0.06092426264151559,-0.7324337304243429,-0.10554225072188757,0.06961150147309163,-0.8671216168640289,-0.1437345777291767,0.0731499694818109,-0.9780844951234906,-0.16938824588976373,-0.09586327568171182,-0.4858689614463327,-0.07583091933984426,-0.15611355012861747,-0.7330457054677492,-0.14420727807201944,-0.18169523445484068,-0.8836426640227052,-0.1957061114839027,-0.21187030006163687,-0.9999979876053529,-0.22246145766939088,-0.1982291460438198,-0.39971854055241907,-0.10756290337372267,-0.18209514131386,-0.5172612900351453,-0.21766059621803546,-0.09400378075611282,-0.4126413855644661,-0.24460941863735633,-0.05364785298683975,-0.3232612429891025,-0.22856498512724438,-0.28162639893081365,-0.28873455143297316,-0.141951624664529,-0.24239399472834297,-0.3876073841171518,-0.21952187537114734,-0.1602043789909012,-0.3145076728758715,-0.210022288248417,-0.12114401030509177,-0.24047476566483408,-0.18264315213481547
31,v,0.0,0.0,0.0,-0.2304793599646415,-0.1381503590060887,-0.20247797338785486,-0.3490889936090806,-0.3242201337763357,-0.28769843488656927,-0.1578485106200287,-0.4722676326961487,-0.3783634894582194,0.10222134596936865,-0.5785154312542493,-0.45375896474217586,-0.2698425591828415,-0.5366558905042393,-0.02720003384972902,-0.4049606599488484,-0.7338056501968908,-0.18996469608805583,-0.47709644515796934,-0.8597234830582762,-0.30306793995087505,-0.5171026600358044,-0.9681926258765812,-0.3673913706716434,0.019524767924770346,-0.5311043135576102,-0.03887965494515585,0.10551456200534007,-0.7629088696084781,-0.20552394505025487,0.1400675529850042,-0.8951752689983238,-0.2982300555327516,0.20352866836671651,-0.9999987128780513,-0.3295538711996896,0.25623715643739015,-0.4646424328581188,-0.08932951359060895,0.2615265097337618,-0.5903071332051611,-0.36705499864280966,0.08272273903486682,-0.4527532217616606,-0.3896599354775231,0.008042241313395438,-0.3446998929235766,-0.3150629841443286,0.44747261436819397,-0.3606201980747821,-0.15454789375962824,0.38718917704197103,-0.4657788632066452,-0.35572659939052403,0.21685136363668553,-0.37713783305071086,-0.3234356518069513,0.14431322853471054,-0.29441747228768667,-0.24300378312446141
31,v,0.0,0.0,0.0,-0.273105146803414,-0.1290765424233176,-0.13310806840453904,-0.32910096691782276,-0.32576188336315026,-0.19710199193546096,-0.06390977894437579,-0.4583786891537943,-0.27093950279391543,0.24491540000206857,-0.5005732019165975,-0.33517972632201715,-0.20539790424793364,-0.47727303228362783,-0.08996453155853941,-0.21620122600549446,-0.7044789877390569,-0.2429020935852744,-0.21385152023440443,-0.840942327240475,-0.3198566761813599,-0.20405516097880605,-0.955702440205518,-0.35600189390163417,0.07542746564364113,-0.4658735771789994,-0.13326667268953868,0.2101142168693342,-0.7155110627553708,-0.29645523300290366,0.24858494713044357,-0.8739353607562883,-0.36750879429416106,0.30341858067373434,-0.9999987256042394,-0.3751289022254111,0.31015098315639816,-0.40019886980456315,-0.1979581740228045,0.29037983482457674,-0.5393403277332953,-0.4524024974392778,0.10937330224800466,-0.41791796125934194,-0.4506657881145225,0.05396803242752773,-0.314238841490469,-0.3539509004632841,0.49998512031963055,-0.30028910848134943,-0.2706460696746848,0.4155407959820127,-0.41069561737904997,-0.45671861529270874,0.25640144940023124,-0.32811519722980426,-0.4117029515984466,0.2168072721203745,-0.2468614928093916,-0.3165161493884618
31,v,0.0,0.0,0.0,-0.2968561902539292,-0.07366431133407661,-0.13814799003317463,-0.47444270707611474,-0.26858245183254165,-0.20919647266537597,-0.39443641424084064,-0.437288802612905,-0.29009440847521184,-0.20188301521484922,-0.5368733288345695,-0.3605593865932236,-0.3364352756959377,-0.46181561215467104,-0.0804888211912468,-0.4286074917043932,-0.6856079026248575,-0.23976373009553364,-0.4733061696321745,-0.8335069460277061,-0.32888505597845913,-0.4978375121369149,-0.9497762558454573,-0.3784672002298022,-0.06852026832074508,-0.4579100295709462,-0.11893613681325142,-0.0602759533579656,-0.7091738155910644,-0.2904235061659024,-0.06987141179964419,-0.8702558142235283,-0.3865859429606903,-0.05752027816958021,-0.999998463626284,-0.41523852719672466,0.18223436064608914,-0.4037114517239867,-0.17734077774413148,0.052595740454220226,-0.5593319167848931,-0.42943961338288883,-0.11832924387082633,-0.4299787358978959,-0.43909986114384775,-0.17808967571234186,-0.32273139602430684,-0.35924617806204445,0.4120075065671808,-0.3159137281358281,-0.2443572699387542,0.19890348491553705,-0.4020157572715298,-0.4473102475655765,0.04576818246470642,-0.3100131839683276,-0.42961415535115494,0.010167848039079988,-0.22168844620001618,-0.35372102275257894
31,v,0.0,0.0,0.0,-0.14706214388728256,-0.1337806846947536,-0.1587242658594083,-0.15619157556346103,-0.3217443276569806,-0.22403469040622156,0.030481468177416995,-0.4611009639939244,-0.29279062656967286,0.28425138409119594,-0.5333408531987303,-0.35475751360120067,-0.07080779583415514,-0.5270359644394674,-0.05350696989632153,-0.1696037073082694,-0.7403304905022301,-0.22177943068560296,-0.24136783525575053,-0.8846492180855683,-0.344045653231032,-0.26187957121173583,-0.9999988133577078,-0.41506019107888814,0.20843499243520736,-0.49604142525028605,-0.0613686214213427,0.3619371535857472,-0.7171192965596167,-0.21909452527144108,0.41619423625635393,-0.8305962250764514,-0.3020691027577813,0.487278124273363,-0.9164077408057083,-0.33177488168981367,0.4337042875324012,-0.4192568896724569,-0.09687665510682507,0.47683047354814134,-0.5341877669421639,-0.3395893478689948,0.24975559852424195,-0.4011087178190539,-0.3427963599747878,0.14155144010949164,-0.29056461891875046,-0.2689448131546226,0.6060926110156314,-0.31286312078308876,-0.14193345293251403,0.5699160828993862,-0.4155064636456016,-0.32870416512298817,0.37262761831474434,-0.3249215626886141,-0.28655864213152615,0.276031214117766,-0.23771285854380783,-0.2029141158412939
31,v,0.0,0.0,0.0,0.14222074332332546,-0.07184779044779685,-0.054056787930699346,0.1836136791554216,-0.2689724563101993,-0.08720176193062958,0.0652814425992601,-0.398483031296473,-0.12560119586390917,-0.06041462489500149,-0.44312195560244366,-0.16420174135187576,0.1404161811043708,-0.4206889768896408,-0.0641928768462474,0.21379562591803528,-0.6626304486775217,-0.11119755354955924,0.24418248762522676,-0.7967259224066104,-0.13430212314654016,0.2731583501966247,-0.9066523162219758,-0.15089742500019154,0.029946429157837663,-0.4461040473315878,-0.08739026378498634,0.04500223581107733,-0.7303256395288603,-0.15547792058778673,0.04265618789905501,-0.8773016734621082,-0.1945935035806573,0.03321828068296961,-0.9999980366063467,-0.2113114501298641,-0.060718427976739896,-0.4304783173316355,-0.11385980213152168,-0.0727193518696947,-0.5948112088020527,-0.2272154419855959,-0.05744037400040143,-0.44499614911324514,-0.23934944063946048,-0.04642329930165882,-0.3318094894834921,-0.21373394617869135,-0.1364089295154314,-0.38726139273529636,-0.14200763015263737,-0.1676558254474671,-0.47835585738646164,-0.2320192404450486,-0.14413888061578828,-0.35918781127337573,-0.22534455449831486,-0.12635124528821862,-0.2614781398419997,-0.19926920094290357
31,v,0.0,0.0,0.0,0.18442886438050302,-0.06924549399251018,-0.0537795161789343,0.2847495356680542,-0.23669978293970062,-0.07780677850635975,0.17161736857623577,-0.35595161751062415,-0.10681103768774683,0.033056575243439856,-0.39093848111599494,-0.13735091653402604,0.20711909071522805,-0.4807819223444343,-0.054954130295620164,0.2949581268424644,-0.6888102855262797,-0.09131175183422613,0.3429433654762427,-0.812524057545894,-0.11553362939394306,0.38274550466067875,-0.9225998400113572,-0.13774167558286685,0.0698488536352149,-0.47698930882834495,-0.07853077382272236,0.07563148788269608,-0.7231781508961538,-0.1373083513416149,0.08197503416387528,-0.8707724852482158,-0.17876061682964395,0.07357922633588164,-0.9999986848518836,-0.20336931439415257,-0.04680477964202956,-0.42645125609500556,-0.10643201738211702,0.005345028010583817,-0.5131757583259218,-0.20575829561684567,0.05207706271972654,-0.39025877064933356,-0.23301893009086735,0.05740280705198044,-0.30860830587621035,-0.2242823459595415,-0.1375797166005274,-0.3482036550466857,-0.13673760149641118,-0.07851424101514586,-0.39481747923988736,-0.20836035756563753,-0.03302553322466487,-0.30945631738910884,-0.20637104233467238,-0.02923546734900532,-0.2501298458403149,-0.19039390732408104
31,v,0.0,0.0,0.0,0.12999702222224901,-0.15241960169374444,-0.05646073299631204,0.1681076000336953,-0.34822883520310705,-0.09062760226628767,0.022283148464090834,-0.43744408618677344,-0.13342258058276185,-0.1278770996445704,-0.40751628187209465,-0.17827059585139754,-0.006161799681551491,-0.51076236863578,-0.06112505106362702,0.004277188968417823,-0.735264204303178,-0.12556354162405145,0.0063909757354519425,-0.8785190206907966,-0.16791549854351612,6.276863762775861e-05,-0.9999976335213675,-0.19609514340534245,-0.1363737868560358,-0.4603130282510173,-0.09511174260665937,-0.20863406512821892,-0.7123147209084051,-0.1757638174652384,-0.24948304817765463,-0.86556822863733,-0.22922462429331106,-0.3008767039259194,-0.9907239552079413,-0.25550922051125213,-0.2345894433681304,-0.36826119905904925,-0.1343015178259483,-0.23802729575631454,-0.5036971589950231,-0.2606165952388562,-0.12994437414585674,-0.3946001888857211,-0.2838504240884108,-0.07147912610323362,-0.2993670476644127,-0.2611921448562952,-0.3141859295845363,-0.250875524561163,-0.17539372934619157,-0.29207613540279265,-0.3689691446596194,-0.26778750656011263,-0.18532898682230087,-0.29880777205049347,-0.25890546222954824,-0.12115969173017453,-0.2204115773439604,-0.2295296516615583
31,v,0.0,0.0,0.0,0.12161489210885673,-0.14863234897660116,-0.04845360801379785,0.1488380059345249,-0.3455363025441537,-0.07613938018907462,-0.012395708807860652,-0.4305318958764691,-0.10992468308510348,-0.16387359953102712,-0.4191798105017218,-0.14493186064658076,0.07424231072933594,-0.4963068286401386,-0.054008905420797476,0.10915998805061615,-0.7328809818509836,-0.10982782066832614,0.123442573386625,-0.8750081078782854,-0.143338084374677,0.13519003835824958,-0.9936791717871158,-0.16614609811292774,-0.05905541556205132,-0.4767965208715203,-0.08274849731799123,-0.10262014146430216,-0.7208575702153237,-0.14743745784520948,-0.13328000494599052,-0.8693548497778505,-0.19150523168653807,-0.1715484312765125,-0.9999975015559703,-0.21650426082033716,-0.16492705160948654,-0.41371567936476483,-0.11625023541909868,-0.20115186430236381,-0.5421197827058757,-0.2107006505069089,-0.13927570198541578,-0.4188399776429369,-0.22156279280303995,-0.10380583349832732,-0.33220463864538013,-0.20045758256357196,-0.25249685650926734,-0.31969932555002356,-0.1529068476797238,-0.281582200790284,-0.42247374696248574,-0.21060549134969436,-0.21554546865512295,-0.3534567015044227,-0.19062577269150668,-0.17579485282263504,-0.29355006568785147,-0.1617274146652279
31,v,0.0,0.0,0.0,-0.17283057937904123,-0.06231963949182414,-0.08339731323714665,-0.2972748876996842,-0.20980231757538084,-0.14812785410122695,-0.2987821789641493,-0.3508994154902362,-0.2210944762232849,-0.20665857132101642,-0.45188486752226315,-0.2868912865088888,-0.23079622116828896,-0.46035683183888926,-0.0681384495431025,-0.3470732208705676,-0.667242001172057,-0.18339228714528075,-0.42401955990940765,-0.7896625879235545,-0.249176479159889,-0.4811667291887349,-0.890007203299483,-0.2833396924177319,-0.08462898762706961,-0.4719413846727612,-0.09642564230878521,-0.10979827300884899,-0.713102760001134,-0.21783902356015494,-0.1512063339379501,-0.8679262907886697,-0.2822802272661263,-0.17877362167466931,-0.9999986297769706,-0.3018783418241925,0.04658935168054639,-0.43351650352050086,-0.13781168251738668,-0.12033359006614575,-0.5288982998272709,-0.29728300437538896,-0.1890813606599316,-0.3757405849903007,-0.3046718800136426,-0.18647419719159497,-0.26611141314712455,-0.25784227073632343,0.15560349511121385,-0.362902045535931,-0.18541304811686254,-0.03205547197163104,-0.4018444799781545,-0.3056473458660961,-0.09357750606188026,-0.27801244365159883,-0.29443989149018257,-0.0834394399438893,-0.18390276507316503,-0.25023079899710804
31,v,0.0,0.0,0.0,0.07979545468515321,-0.08192660344040242,-0.04497750119708592,0.0786336950923848,-0.27065606856534663,-0.07328449425436191,-0.01372242402718229,-0.3977874266902835,-0.10980010565728156,-0.08497644318228989,-0.4485304713017021,-0.1441594253071764,0.11705943829001356,-0.4450199906427225,-0.055504872893647035,0.18723601816339402,-0.6807018548877494,-0.11162552704174504,0.2215741694111804,-0.8132186429343587,-0.14327793359183727,0.2515342593694829,-0.9267840877770488,-0.16650267373267344,0.03137822569232351,-0.4589629900087041,-0.08445752429631861,0.018583266203696477,-0.7344366218199677,-0.15883397108677466,0.005019178291311665,-0.8741877628096854,-0.2028787768276779,-0.005840594729178837,-0.9999980242177772,-0.2233372131049377,-0.03912556644953208,-0.43074866023318914,-0.1178398294483417,-0.07417001806808668,-0.5687953768350571,-0.22657587558246178,-0.047437182025671196,-0.4220057274235463,-0.23737638296533842,-0.011799661850686616,-0.331911712626097,-0.21414534235433366,-0.09956986304810525,-0.37301715766393345,-0.15376798089093938,-0.14325632218780776,-0.4609480502921004,-0.23577008692829202,-0.11063407749313157,-0.3559951715211723,-0.22806808600313774,-0.07222346720048718,-0.2811479412343107,-0.2036267368493272
31,v,0.0,0.0,0.0,-0.22060286995393835,-0.07504696104075435,-0.08942055425339382,-0.3728509583290633,-0.22229702222474174,-0.16214593236937544,-0.3830429340799338,-0.3490435531118807,-0.2548015238503264,-0.28309687955112967,-0.43768206155595807,-0.33883079413751743,-0.27432024246267456,-0.4944596234904551,-0.045548214721558455,-0.39523735973837726,-0.6887972785613051,-0.16974768357687683,-0.46655972983381305,-0.8068087869600475,-0.24704324404214945,-0.5177702860094695,-0.9046410051340572,-0.2895149869257602,-0.09955753927481648,-0.49379774917332997,-0.09729627526462055,-0.034451665963425984,-0.7384061359551547,-0.23128603157414132,-0.01409639820929616,-0.8839243474320508,-0.30133149052041314,0.009979080005935502,-0.9999985866859636,-0.31913973836276294,0.058378207715290314,-0.4402532373109907,-0.16713569350255605,-0.0742626437657648,-0.5821960470261789,-0.3600914532231836,-0.1992485148380797,-0.4504528578492201,-0.36252076868166044,-0.240510233196912,-0.34083073488616167,-0.2966014520872435,0.19427253748816747,-0.3492376422587123,-0.24404802477892945,0.03132635895498257,-0.4556530822949943,-0.3763589289223748,-0.08378282592996188,-0.36092553230956087,-0.34141926016919383,-0.12424843340245201,-0.2671017941541433,-0.27302836065561303
31,v,0.0,0.0,0.0,0.11134436032534643,-0.0870158033608847,-0.03263101147796244,0.1351765110111192,-0.2838770792947214,-0.042133774164377684,0.02054307336141335,-0.4140493295136231,-0.06401433894960408,-0.0893782693464663,-0.46202147272330796,-0.08786108558459897,0.11989674311085206,-0.4703713842864822,-0.01645585820991895,0.18136578833865313,-0.6969356534672064,-0.05995881999986523,0.21170166358958498,-0.8357828142708625,-0.08692246010298012,0.23203148591556982,-0.9524092830137879,-0.10939658063230467,0.012851553283658182,-0.46466565390078207,-0.04827748331603316,-0.029019462579016907,-0.7202729202143078,-0.11873724753661694,-0.06140506580274005,-0.8701174653045961,-0.1663402644363757,-0.09701815329659987,-0.9999986194255513,-0.19083874746225354,-0.0723711804025257,-0.41990194513885243,-0.08514026281610719,-0.13173935526181146,-0.5404698756201357,-0.1964678053986924,-0.09655713113723725,-0.3947393927107334,-0.21470582967977989,-0.06912135476402367,-0.29772889225854593,-0.19521995974405348,-0.1462641659463584,-0.3526001158503747,-0.1234952286866742,-0.19962923981246586,-0.42196829541886216,-0.21301187668351768,-0.16005845914411526,-0.31955151297685513,-0.21514671169215385,-0.12223983011945376,-0.24679888353912632,-0.19712008695187894
31,v,0.0,0.0,0.0,-0.2593973263659625,-0.12936750232408037,-0.09477777978436992,-0.3800323190658609,-0.2980708102282132,-0.17544753900337498,-0.32406476457624284,-0.440745553336787,-0.27940892876054296,-0.1452483394712505,-0.5165402901186509,-0.37406306510287574,-0.15354615457554485,-0.49658149286768083,-0.03142384427575863,-0.2478322373858362,-0.69716213429104,-0.18138279415498562,-0.30944117575010643,-0.8212956399347822,-0.2711199647225319,-0.3527202305865795,-0.9242036932679144,-0.315063028139215,0.06310544331111502,-0.489669405463609,-0.08682869867618245,0.16197308411311118,-0.7298856773760082,-0.2465678808247596,0.17267342788644494,-0.8816687630533235,-0.32752427765780767,0.18531513199184085,-0.9999986681950594,-0.34389652759266304,0.2519284949854057,-0.4385380259621421,-0.16341688592128992,0.04231714635496491,-0.5690437833484338,-0.3836191208002087,-0.12808262915043145,-0.46032562020894335,-0.3994728887670863,-0.17631216871001507,-0.35849604747244973,-0.3301303411604833,0.398606539652134,-0.36016147680540134,-0.24746751431524294,0.13272717656900457,-0.45708200209770716,-0.3853965974879487,-0.014175597861383683,-0.3699860809981287,-0.3470033312398696,-0.04684214484239291,-0.2766145554492737,-0.27028544412100725
31,v,0.0,0.0,0.0,-0.2738547352755042,-0.12077698374953365,-0.10007945748846048,-0.42254638137886635,-0.30219987640413964,-0.16129671439075263,-0.3077952795006121,-0.4549785053181127,-0.24168932341556013,-0.060023198595754064,-0.5271544477065851,-0.3162292457221925,-0.32212636000951994,-0.4767116287477327,-0.010934106295027543,-0.425509571167842,-0.6881109829266643,-0.14241278823007017,-0.4864160168120866,-0.8179113961827877,-0.21911634151997753,-0.5226348515835217,-0.924621120066656,-0.25651941367234066,-0.0821671384245605,-0.4778556588282008,-0.060455106443089456,-0.032523539618801486,-0.7227793223913379,-0.1931924844355276,-0.036699105741706955,-0.8780450571017043,-0.25996780028769345,-0.029514169928838197,-0.9999986226308022,-0.2707051609017402,0.14088720178764358,-0.4274094738676764,-0.1332801791753453,0.03498654976907944,-0.5598390628200317,-0.3516389060063213,-0.07286236043675333,-0.4262724220833576,-0.36974212502310627,-0.0866423607938749,-0.3133795994208474,-0.3004275508730317,0.33313458113615974,-0.3446487697824209,-0.2116411701605013,0.186748399885306,-0.4724415682852062,-0.36819261488756594,0.06864024497365227,-0.3768164162976107,-0.3300049359552219,0.03963401290687767,-0.28040961304369755,-0.2503810786110562
31,v,0.0,0.0,0.0,0.1341105466349733,-0.14403278312753084,-0.06217506573170887,0.17467401382843664,-0.3401695927493915,-0.09093653007051583,0.0403853873513243,-0.4449529490251461,-0.12407063046781419,-0.1061896531997642,-0.44162035108774456,-0.15752668785872617,0.054607957741254966,-0.5171266147923071,-0.049849594032863105,0.08049783757334401,-0.734630131007606,-0.09702014332482037,0.09010100864543567,-0.8720872372586113,-0.12925967825070475,0.09130828320936064,-0.9852690907473755,-0.1518600599842036,-0.06704329638728898,-0.48492701437368185,-0.07401823500644467,-0.10859982219314186,-0.7336593837051847,-0.1312311066260914,-0.13090675202689758,-0.8804171579912891,-0.17111735541142786,-0.16572649413516594,-0.9999977035480578,-0.19231686405930656,-0.1704285684911694,-0.40939036348621777,-0.10529931609326063,-0.15214629784143707,-0.5470174737064287,-0.2098259212053777,-0.06620641694467705,-0.42807902848745727,-0.22699081270726873,-0.03393919820013578,-0.33384070907453905,-0.20632915377476674,-0.2618059756976709,-0.30890734110783635,-0.13996151879467894,-0.22597195870066283,-0.4372473343339719,-0.21533329012807187,-0.14657818877274045,-0.35527448647708415,-0.20100566495040736,-0.1160485146216758,-0.26988705004064173,-0.17235335749792693
31,v,0.0,0.0,0.0,-0.31911595473284654,-0.1215327639457113,-0.12602884899164682,-0.4882898965443012,-0.2822499884376945,-0.23587687247829262,-0.5010945218705217,-0.4092380180119048,-0.3620487233988242,-0.3855483398533512,-0.4834036349355231,-0.47767680943671453,-0.19217803414025675,-0.517408641219136,-0.1901288560272916,-0.24734323245184045,-0.7393792205028195,-0.3900005901387152,-0.2925200404270764,-0.8838729627043141,-0.5076918350670654,-0.30879159681668306,-0.9999985775140301,-0.5746679153561678,0.06741794654581158,-0.48820120958190694,-0.26141901440154147,0.05755639721877728,-0.7119597722909924,-0.4918484942640479,0.05010380962744669,-0.8626507067600215,-0.6165181143739092,0.05882243328232535,-0.9862918209450992,-0.6614602749605926,0.2554681367432718,-0.40795519416771225,-0.34231958368732673,-0.16183441737916116,-0.47597419413265674,-0.6120411609018026,-0.38784618852574926,-0.3563268336121476,-0.6026510260211471,-0.47357163379815836,-0.2570511905433325,-0.5106790849739069,0.3115291496831315,-0.2996634106648201,-0.43606854946982593,-0.1343738051900469,-0.30832420974192354,-0.6184857185735294,-0.3123127914134652,-0.22942867801512465,-0.5767136505652013,-0.3574654351589857,-0.15716186082651568,-0.4883960193451057
31,v,0.0,0.0,0.0,0.15931404057658147,-0.06026238751346684,-0.08248749365034332,0.24063459914873792,-0.2179034041119514,-0.12634709070375474,0.09270700357750143,-0.31762613935806794,-0.17011856372905917,-0.049455113398776646,-0.3679304766281807,-0.21287642632801013,0.16033705779582774,-0.4810951244114738,-0.09819333982205297,0.24711267956429428,-0.682602058937252,-0.17402959786863786,0.3063384086937979,-0.8081670865244123,-0.2213586533382175,0.3464188157439917,-0.9240495172071681,-0.25358188978050933,0.012378217294609827,-0.4793934154134837,-0.11910060768776548,0.008905120650062744,-0.7216467894868042,-0.21084166601408436,0.01631627075916125,-0.8593626582451178,-0.2649147695439389,0.00033348965670422097,-0.9999988233379591,-0.29085105967938796,-0.11127275149264944,-0.4201092291590877,-0.1474356738449656,-0.05759418972174121,-0.48036944250234265,-0.2760313193712792,0.0005805735811140991,-0.3307987353270543,-0.2888836285075097,0.009016459205271566,-0.26578662751474835,-0.26081538914293445,-0.21440719814208695,-0.3269855213133827,-0.18078576166775515,-0.13637324851791047,-0.3633845672530813,-0.25993087007291565,-0.08531280848933001,-0.27839969025951045,-0.23837956564962004,-0.0898892439155504,-0.24759162822163036,-0.2042784598212778
31,v,0.0,0.0,0.0,-0.3176265243075299,-0.08997209849403305,-0.15301057586353542,-0.4969369835294526,-0.26773911720116583,-0.2388854770836718,-0.3956510883321621,-0.41993031054553875,-0.334525704827465,-0.2037188367638109,-0.5225857289322384,-0.4168202724812357,-0.3491391316990932,-0.4753479250087827,-0.09020774700303118,-0.4550591459386828,-0.6845789916126802,-0.27090989831849843,-0.5095189021476231,-0.8117326347263196,-0.37072838375741396,-0.5417691533125027,-0.9154500193690664,-0.4191205866524735,-0.07967635442715063,-0.4689665125309338,-0.13070029572814787,-0.037543680485973986,-0.7182962889457075,-0.3121474535190338,-0.04316963326937002,-0.8741051242536562,-0.40020601704582326,-0.022699341878030764,-0.9999986444373825,-0.42025765448991037,0.16710873478474125,-0.40737028813883314,-0.19870160636178455,0.05077707199359622,-0.5326457857340172,-0.45167694038980605,-0.11017107077799555,-0.39962929060445396,-0.45782391796888966,-0.1477613312119751,-0.29379148815514305,-0.37476189214316596,0.3819944374010756,-0.3135706349233433,-0.2783370770878236,0.18569272007696858,-0.3931428409498362,-0.45398266801553877,0.04135289410041038,-0.308439245646872,-0.42130939982067966,0.02118696812821593,-0.23445897651806763,-0.34172402374817656
31,v,0.0,0.0,0.0,0.03374754110171099,-0.06624360005473348,-0.05829399499518733,0.03246224830685193,-0.2508991624842352,-0.08425372063137204,-0.025762369720924713,-0.39556417615973194,-0.11411121415080777,-0.022414627509661715,-0.4745005613191001,-0.13736961257857602,0.10850483274632285,-0.39678392268385604,-0.04517888959241275,0.1928046605171727,-0.6254176150938823,-0.09196435597340835,0.22649349071343952,-0.7559651582419907,-0.10920175880322724,0.2565078238255243,-0.8637587468177871,-0.11868375312260389,0.07569263814860093,-0.43556497796167315,-0.05940928096470549,0.08284426114419324,-0.7051155331827021,-0.13084759080781586,0.06540712222727203,-0.8635006507480122,-0.16931710295198832,0.05317535809948276,-0.9999979521714301,-0.18064368467663652,0.04420235437408163,-0.43890307742547235,-0.08081334243715572,-0.0382574174725042,-0.5742157246019286,-0.1871569638931297,-0.052410773667669164,-0.4365409704771236,-0.20161116770616064,-0.035818168544444993,-0.3399432220072771,-0.17700200650035738,0.007117568229232796,-0.41661234091170635,-0.10563422450558792,-0.093070822039889,-0.49570349827087334,-0.1838062769820874,-0.09811727458600988,-0.3998582502834871,-0.18182412785033852,-0.0730629754731552,-0.3246344449577782,-0.15875696707559453
31,v,0.0,0.0,0.0,-0.03475404748959094,-0.1094596142736596,-0.02589092467268765,-0.07318110479608099,-0.2783191379986072,-0.044504359977158466,-0.13435552338541729,-0.3944834363501901,-0.07622484882180022,-0.14148039282753455,-0.46143739404891765,-0.10508217524418302,0.02154017610319024,-0.4383821916992514,-0.029242773731013704,0.10448034399123139,-0.6808789793489873,-0.08442318129433703,0.14283766527061137,-0.8331842317589233,-0.1110166116336641,0.17364152803639635,-0.9521810217655565,-0.12419880325510649,-0.00040573688500406934,-0.440076349600989,-0.05861228630097751,-0.03349658749969279,-0.704740569014253,-0.13072686204660727,-0.06891747653393249,-0.8679839836214617,-0.17342357395796915,-0.10052868493281422,-0.9999975264769773,-0.18882141406231553,-0.006305729132130831,-0.4102933161200035,-0.09181813040804469,-0.11178508225591585,-0.5310822335632889,-0.19245179717976815,-0.10581653344936798,-0.41915760553642234,-0.2064014352538915,-0.08376446836916679,-0.33197459750425073,-0.1820370974862044,-0.010641157489845099,-0.3604043392456096,-0.12612859668608015,-0.11976742470791088,-0.4531131534005838,-0.1943671052731867,-0.1268079622102671,-0.3756224211024846,-0.18247138117511794,-0.1090615439286338,-0.3010271345473342,-0.15239119555324376
31,v,0.0,0.0,0.0,0.13080791960940344,-0.10027553927237619,-0.058714734436349156,0.1684446646555944,-0.2773594002187044,-0.08177550684138454,0.01285117510236226,-0.3736661121424231,-0.1101539342856735,-0.1324419966860637,-0.39378292588347075,-0.13781718938807724,0.12483681439730103,-0.49149048797038775,-0.03833790137494238,0.19009308449962165,-0.7053691199939354,-0.0938391766937603,0.21746412364741916,-0.8460527727344622,-0.1292427352757812,0.23429740018340717,-0.960192535500334,-0.15325408180814604,-0.02042900285154071,-0.4803689137337101,-0.06284202117431587,-0.06449716612174937,-0.7307750983389468,-0.13001370994799175,-0.0941469438652525,-0.8789080559125102,-0.1785060125362471,-0.12291697232321538,-0.9999979186711149,-0.20130932429384357,-0.13383106144672005,-0.4079035749249056,-0.09516807387301819,-0.15130930964392558,-0.5040704127289816,-0.2041502110836922,-0.09645880564494448,-0.39835404933045687,-0.2289571343160739,-0.06304570075605506,-0.3310772650049685,-0.21134968088994782,-0.2256857445175609,-0.30226257607421503,-0.1306890367743091,-0.22282350443915927,-0.3594334397484052,-0.2104613406662388,-0.17473658093057592,-0.2876961907029562,-0.20375563270516556,-0.14753785677362877,-0.23691959022055936,-0.17779138294316316
31,v,0.0,0.0,0.0,0.1266980530600018,-0.0994747811040292,-0.04388319769282989,0.14582240053908832,-0.27448090923831125,-0.0780892515618941,0.013363369070455808,-0.4027734221960055,-0.12079420911213429,-0.09421993579736557,-0.4558019618918573,-0.1639424764057681,0.112391813904328,-0.43231574735619527,-0.06815015295639872,0.18108394415276946,-0.6773638366753922,-0.1344492176643182,0.20855068337281948,-0.8287305285352433,-0.16731925485732518,0.23505462023038148,-0.9469004405955506,-0.18621673511306683,0.009417756442267805,-0.4436663232741074,-0.09527582706699621,-0.008311759621600653,-0.710980417136703,-0.17885606916960692,-0.028385580517025305,-0.8716542290715822,-0.22158411545053452,-0.040503243400059334,-0.9999979484164349,-0.23869015171565522,-0.07763022805517752,-0.4114180997615794,-0.1260755059570002,-0.1374836773154138,-0.542291475774013,-0.23711713735861453,-0.11124760336190083,-0.4159102603238679,-0.2431949228061245,-0.07007974691299125,-0.31964194675625573,-0.21459323604980196,-0.155734734253863,-0.3488741599216186,-0.15858468333268297,-0.22527563711906057,-0.4345457778742003,-0.2350431563947887,-0.18494774884541362,-0.34503640170172606,-0.2213372853789422,-0.13291429446419267,-0.26976307372079683,-0.19131062422367728
31,v,0.0,0.0,0.0,0.1366316064354585,-0.14161556120424268,-0.04449601000549579,0.17172481555203464,-0.337648594863027,-0.07236701879763896,0.02371001356708621,-0.4312478148284791,-0.10936031451661472,-0.13625848181838218,-0.4329442439773016,-0.14689705123503394,0.05608052360959461,-0.48397937367913807,-0.04687068441842143,0.0762940003320174,-0.7181490987253244,-0.09867368520524171,0.0787581824136333,-0.8591623200632419,-0.12985613805137744,0.07742826135922841,-0.9805794098732342,-0.1539137701314515,-0.074139436065173,-0.4639635655711449,-0.07988092949549588,-0.1310462570178718,-0.7228955085154412,-0.15178355998483978,-0.1580258370719889,-0.8702836312828555,-0.2005435954166669,-0.19046138989527642,-0.9999980177351818,-0.22653992771184425,-0.17458852926526658,-0.4005480949094906,-0.11640479917776086,-0.17965649024137859,-0.5307060837604277,-0.22253035928772472,-0.10219821822580523,-0.4036414374046376,-0.2330369394300518,-0.06148066946883201,-0.3244554849858983,-0.20954423727903826,-0.2535443212172343,-0.3098300161053447,-0.15538291877314178,-0.24951267310254602,-0.38885197328389975,-0.22690640626821423,-0.16739867310293766,-0.31768701861039733,-0.2140920775442741,-0.11680608242999896,-0.26971545705174355,-0.18898907919119196
31,v,0.0,0.0,0.0,-0.23077048774292622,-0.07785526106707064,-0.13043537193657567,-0.3940248740541762,-0.23530389488973372,-0.2093825420871778,-0.3473646360846488,-0.3789538827679058,-0.29256380071724497,-0.20423321015725798,-0.4826388700776278,-0.3659584690875229,-0.34037297208311695,-0.4556962929053985,-0.09989842737826461,-0.46917402198089475,-0.6657575716418395,-0.24140684998149498,-0.5474887729942276,-0.7904755153605912,-0.32314049581193033,-0.5964863342981168,-0.8918554638273102,-0.3649238885639326,-0.12243435949961225,-0.4601557369798811,-0.12552028374945828,-0.1291421086794245,-0.7160282577097898,-0.2607507777946467,-0.15131211913099496,-0.875649346543091,-0.32999360724730725,-0.15542156157870232,-0.9999986235225287,-0.3492966359017747,0.08079671871431558,-0.4071534629696298,-0.16960986396677377,-0.002739382165119419,-0.5312503712186499,-0.3671726038915158,-0.09759950426640225,-0.38947271975037895,-0.37447915449491437,-0.11705929935508459,-0.27465430047783373,-0.3141142935214221,0.2701382457323537,-0.31851460747760973,-0.22243790633036298,0.13574656389577913,-0.39092047612779957,-0.3788597538522543,0.037654382702798,-0.2902184609573873,-0.35504032176339123,0.01123245961484334,-0.1973032025604429,-0.2898907309794207
31,v,0.0,0.0,0.0,-0.11192217910059073,-0.10425344263937159,-0.03074094240640254,-0.19009914407091189,-0.27689856138024943,-0.05334143398475724,-0.22012247515630204,-0.41241106668077027,-0.08772267361649996,-0.1752230209566946,-0.48906290605969127,-0.11893513502814043,-0.04003434182098457,-0.44668628996433146,-0.03206966085326087,0.04162231974817077,-0.6949437251044338,-0.08241391426825453,0.07440117921572958,-0.8499145620690013,-0.10025239777180604,0.10458239263590409,-0.9671936730757409,-0.10767794863979424,0.009255826257573579,-0.4486839011582277,-0.05921630415063337,-0.04748521295739745,-0.7002645169175057,-0.13677916934939044,-0.1035435528337705,-0.8656852378840694,-0.17665718306454625,-0.14575723108038058,-0.9999977076364923,-0.1882083492979244,0.05980222123877756,-0.4206719131357479,-0.09141852759623317,-0.09310316499989846,-0.5307299739382315,-0.2009798756118966,-0.12274425823885053,-0.41762856204633286,-0.22137841331743427,-0.11322493039526951,-0.325152485731413,-0.20085183105717155,0.1011704672513088,-0.37382512961087305,-0.12463179405687641,-0.08101502120208716,-0.45243844009061335,-0.20489641302388298,-0.13706933033083915,-0.38663067816747726,-0.2073887301705084,-0.14281499027027356,-0.3228127392140204,-0.1868863836342893
31,v,0.0,0.0,0.0,-0.207951449602036,-0.1364516674364081,-0.15485573221448626,-0.2811948043176426,-0.32333425521226344,-0.25396710118824034,-0.16207389315824985,-0.45945923832858593,-0.36866953037023853,0.07355311991265008,-0.5467208519669919,-0.4684936910062174,-0.025531702525240292,-0.5354981738967397,-0.070108100057066,-0.08077876311683184,-0.7583836348631706,-0.2617162558190818,-0.11557892611769534,-0.8929537073908616,-0.3909912709226692,-0.14887890070514953,-0.9999986828037967,-0.4612329533797626,0.22152258831265378,-0.49847206668941924,-0.11223724638138852,0.4580568746358752,-0.7303203447625491,-0.3018251567878544,0.5366744258754763,-0.8755548035556067,-0.4145524648183327,0.5847064422494787,-0.9853094687741836,-0.45873563586103067,0.391363811400976,-0.41313310921889995,-0.18435323203697845,0.3847632336172128,-0.5743318793841591,-0.4502158956494057,0.16230934768262784,-0.46358145900296605,-0.4778616641892928,0.052563907507937074,-0.3604849593953051,-0.4130112151457538,0.49996236271534217,-0.30469087332902084,-0.2680387672268144,0.38080360924826345,-0.43244336363634284,-0.46189735281709127,0.16650984383576917,-0.36469731071122774,-0.4450483793639657,0.057917102336275984,-0.2851191772422953,-0.3794593772324561
31,v,0.0,0.0,0.0,0.12761803824202403,-0.1596382965042142,-0.049183056758511125,0.16446427344193315,-0.3493087800581398,-0.07438713382254382,0.04866564785839209,-0.45239034999054506,-0.10732547531795995,-0.0796267861088269,-0.4344208488377025,-0.14061536427133922,0.05019058323616985,-0.5102455210294954,-0.03789636842085442,0.06204482980183039,-0.7289099437600908,-0.08760237957175245,0.061532898291487906,-0.8658145324220988,-0.12023043310300557,0.0570537091179376,-0.9774526920313662,-0.1414566048925272,-0.0676544991370626,-0.4843599792135581,-0.06587839669681204,-0.10549427634533615,-0.72968461036789,-0.12614533983842996,-0.12461033484778872,-0.884041691665684,-0.1670603728358297,-0.15150366249648287,-0.9999976339433813,-0.18752458816283296,-0.1642362312236897,-0.41535090647957,-0.10031309777874335,-0.1582284399452903,-0.5392308575003439,-0.1983596608876209,-0.07476075722925196,-0.45574907198787745,-0.22321210235121278,-0.028458173940363624,-0.3687672544578683,-0.20868666274258857,-0.24550514694861242,-0.32346935438652263,-0.1373988160904983,-0.21311215177682574,-0.42407955027285577,-0.20532221148420723,-0.1354737189364062,-0.36254242114243945,-0.19957188438309958,-0.09526650529173618,-0.28796288484728944,-0.17808535734301845
31,v,0.0,0.0,0.0,-0.23256769553187087,-0.12141121297558466,-0.09828111786433508,-0.367472037298584,-0.2919555054124825,-0.17298415559752145,-0.34865287289525115,-0.4387698134251963,-0.2674002692871616,-0.18197389772498165,-0.5180343090562549,-0.35259959584645223,-0.19331099046842126,-0.5064912926511745,-0.030577649782042828,-0.3141639130111633,-0.695548351924224,-0.17367537779186562,-0.3952522492513643,-0.8090566702477389,-0.26341801953237104,-0.45390673358673866,-0.9056482832159126,-0.31208991419831056,0.008434679111736553,-0.5098777034392806,-0.07135823060964396,0.030836953503393345,-0.7382819517044263,-0.2203677834155658,0.01852528301409897,-0.8822157015521279,-0.3039143620734343,0.020889233063652715,-0.9999987156781595,-0.33290483484763694,0.17961855972447424,-0.4669269269200169,-0.13297857545583425,-0.051183359546713304,-0.5785156960626547,-0.3331861235073764,-0.18017639084803436,-0.44700186059181635,-0.35304072413649135,-0.20106700183953446,-0.33901327243250096,-0.3015607656206229,0.30715121716218113,-0.39938488452039034,-0.2038073106845539,0.02678630494128823,-0.46174270304877524,-0.34297308569825247,-0.08528037550975985,-0.35740807333460484,-0.33147615332451325,-0.09273898412047359,-0.2633731480736415,-0.28210386941646687
31,v,0.0,0.0,0.0,0.16365194774020497,-0.13982121960867194,-0.06807256654380774,0.2006071549649893,-0.3416521106023767,-0.10005228882409406,0.023134935570111415,-0.434864084745118,-0.13582512701007335,-0.1471541112430201,-0.4024651156981154,-0.17485697592679028,0.07747743745837438,-0.4490571501568831,-0.061478724747379275,0.10355261460167853,-0.6638963041712002,-0.13245173827542286,0.11177930892840039,-0.8150455413390592,-0.18239126140951822,0.11880474179401276,-0.9381867467752124,-0.21252107195266995,-0.07128080649109321,-0.4296013597878718,-0.08393179425974127,-0.13470052723480908,-0.6901904621386501,-0.16320622065258147,-0.1689693134677646,-0.86206187725354,-0.21946895085032608,-0.2048642892318813,-0.9999971965749054,-0.24813367440873374,-0.1926915955444555,-0.3683280855733925,-0.11269936089644801,-0.18896516184794657,-0.505065694248233,-0.2385085648628795,-0.09526609949277873,-0.3870308526047366,-0.2576810420023302,-0.04919524106644954,-0.28042345132879554,-0.229325260199926,-0.29649268361847647,-0.2771637199915687,-0.144087360813358,-0.27054165966276505,-0.4094130154829161,-0.22582657992830124,-0.18102503914534526,-0.3347016208116437,-0.20356065400990528,-0.13651069073574093,-0.2403102749353496,-0.164658556035538
31,v,0.0,0.0,0.0,0.14542956407462007,-0.12835094900173352,-0.04770363924464557,0.19773360864123724,-0.3209928364154923,-0.06323099469399572,0.06025057145505454,-0.43729710340960143,-0.08602458403159147,-0.09315296195812069,-0.454396201463988,-0.10977871349415917,0.15324220027703594,-0.49344419818090135,-0.02040372724918194,0.21718184369360496,-0.7023356539684544,-0.06035868656259965,0.2486245647389638,-0.8328166748764505,-0.08492677728518187,0.272608949802448,-0.9375735226513898,-0.10095129977391422,0.021319304007230228,-0.4901098218642813,-0.043617744116198766,-0.0020961444967509497,-0.7358260404848518,-0.09796177303579194,-0.009512328242565713,-0.884573373053254,-0.1412265157424577,-0.024432638110365282,-0.9999973463520854,-0.16185731675136114,-0.0887665986920277,-0.4348606567144155,-0.07309450919032053,-0.11055131716307152,-0.5183401154635725,-0.17062036527250052,-0.05468489459773159,-0.4062974158096604,-0.2040390218112124,-0.022885263531099896,-0.3224320228916996,-0.1931224626052696,-0.1802785495840257,-0.35202368345447205,-0.1041523884266515,-0.17437225418878513,-0.41427091063899163,-0.17007831756902075,-0.12352503202453162,-0.33407537205897575,-0.16649875838214787,-0.09486681019011804,-0.26635594633424925,-0.14586397347288513
31,v,0.0,0.0,0.0,-0.21126584229488268,-0.11870494091422637,-0.20898768267964973,-0.27180543731658957,-0.30384567990202943,-0.28389886048263574,-0.019352528745960117,-0.44806523344401067,-0.3492955239173231,0.26671402389056315,-0.5391611561351883,-0.3994709611399228,-0.22559986577089527,-0.5288395127434158,-0.07608354680088616,-0.2883825194499366,-0.7419403269624918,-0.22849728263503,-0.337383873789222,-0.8686123351839452,-0.32597574519889494,-0.33597441434744985,-0.977571235046256,-0.3832015742665915,0.0972738481632271,-0.5125216432357237,-0.06353353045855878,0.2101070115473019,-0.7435888838943864,-0.22753223506126183,0.2594845115528661,-0.8816505534180358,-0.3158813733659151,0.3454185810027456,-0.9999987638242721,-0.34514248524798496,0.3493727892939342,-0.4355150098715782,-0.08077721657857152,0.3934263360648969,-0.5428520256190743,-0.35543049289114714,0.18302157630262292,-0.3980814794634921,-0.3672910915147967,0.10218680423298963,-0.2939466017200724,-0.2871033563047966,0.53699483708832,-0.3246058997261984,-0.10905376441608856,0.4936205629711133,-0.4203526922706933,-0.3307830415457498,0.31528080288416543,-0.31754836074503323,-0.29882432788876,0.2514870136559872,-0.2355416794056322,-0.21285450433808487
31,v,0.0,0.0,0.0,0.1774015315086851,-0.14668852536896865,-0.05314954409409196,0.25301202204273915,-0.3572547901071093,-0.07016721445577981,0.12386711762312617,-0.4779580393581793,-0.09308517955733547,-0.04259905181557181,-0.4756605918652478,-0.11624809951234402,0.1946050705177302,-0.4592796753036206,-0.019813208201914564,0.2741166525070137,-0.6827351062001995,-0.0635559008631272,0.3107560865771427,-0.8193697697691528,-0.09034772074379373,0.3419314768522814,-0.9317098676150848,-0.1055968305137622,0.055152834135370345,-0.47260591646912464,-0.040023739479916845,0.0716357449687573,-0.7259421075271598,-0.09153066675101992,0.08214448909668813,-0.876996684865116,-0.12878529639660657,0.08514506054776184,-0.9999974573849509,-0.14463824483900153,-0.06457055781397142,-0.4457689957596148,-0.06771700288270872,-0.06373732674987712,-0.5778657477694237,-0.1637309132626886,-0.032259136244461833,-0.44255125077000945,-0.18106526030414483,-0.019583809487885632,-0.34480663929907396,-0.15593698044609136,-0.17335116166165263,-0.3914518175150077,-0.09826266756633484,-0.15535288571188172,-0.5050913193521265,-0.15549209105620587,-0.11306966756993167,-0.41255288651511235,-0.13345875197774978,-0.09847948550327333,-0.32770183620095233,-0.09850929896010176
31,v,0.0,0.0,0.0,0.16716713290382973,-0.0776918850624348,-0.0619861377793173,0.2123592403550615,-0.2417662987279402,-0.09746625151711265,0.040306447333779395,-0.35181751494259167,-0.13841081569414193,-0.09920393254410746,-0.4029954608536369,-0.18147997849057793,0.14922583286371213,-0.4511863250569315,-0.08203671294318172,0.19977963955400355,-0.687934257330403,-0.14560825349791512,0.2201266040951199,-0.8323067742734983,-0.18206217403361719,0.23146462879492363,-0.9570682436352949,-0.20904629316400544,0.006942024588989543,-0.4430011676941128,-0.10889405514563262,-0.048634040237208014,-0.7097231763258963,-0.19666698423426043,-0.0812002791191813,-0.8624960606153,-0.24944525441373347,-0.11192713639020653,-0.9999985490759982,-0.27504949140867174,-0.10648449017724841,-0.38205527433874187,-0.1402127614917072,-0.11414176257353242,-0.468354693922671,-0.2650488430348403,-0.04787455698424144,-0.3176421522680515,-0.2836950130650858,-0.005957083258081289,-0.23129361101620108,-0.26150674269275515,-0.1997027356047095,-0.292381593984943,-0.17393543513326473,-0.1941666457963482,-0.3268918142267215,-0.2650492970643413,-0.12990765593103243,-0.2265020863486296,-0.2564342386254013,-0.08931906169303946,-0.1683079576967594,-0.22979485760901194
31,v,0.0,0.0,0.0,-0.19843658935311226,-0.1456334080694932,-0.12111161064742273,-0.2244240601781719,-0.31934721034252594,-0.208650761733543,-0.11520763508014858,-0.4185572890147017,-0.31628089630905915,0.04082188168360218,-0.49340326314146576,-0.4125402053070057,0.07188236175881911,-0.5478911817677562,-0.07046920739462224,0.12021080829307239,-0.7710823433492076,-0.22816346092472445,0.14369957641219763,-0.8955308256187907,-0.3270641530885147,0.17440046106337107,-0.9999986076597964,-0.38192127322477826,0.29247315795387135,-0.49304250585821696,-0.12854540369159836,0.5757609889903332,-0.7241325672469696,-0.3001140819118555,0.7005831749743102,-0.8608690384518001,-0.4040529897921012,0.8162319016027605,-0.970733283046727,-0.4443436113540753,0.45333123708997647,-0.3977141158010394,-0.20840602439093872,0.43638103912359244,-0.5668962107286746,-0.46460510805559335,0.15131415267397094,-0.4889221381664708,-0.49816229907810705,-0.01759926231243622,-0.40890838027437343,-0.44080155908177227,0.5644396669139042,-0.278969947279813,-0.2951215729066376,0.4254640440506114,-0.39971832293019943,-0.48177348658274594,0.19796885803303166,-0.33789471574638175,-0.4625836805132117,0.0795453626524709,-0.2632962176303487,-0.39630546364126307
31,v,0.0,0.0,0.0,0.14832551809837233,-0.14641416240497193,-0.04777194900411447,0.1918440711845214,-0.3461909334389141,-0.07244379268216605,0.0368003598809407,-0.4485041408051863,-0.10473790217582428,-0.12284620556376596,-0.44049474653775916,-0.13936972738763512,0.11061635909057485,-0.48929700994721165,-0.03728824194972021,0.15238830084944419,-0.7207296695519468,-0.07737809750576137,0.17120364134878152,-0.8575860130617655,-0.10138534540731364,0.18951137181638375,-0.9701043045393424,-0.12105876416113437,-0.020557017224528316,-0.4696249511816172,-0.0650346734366021,-0.06862134953607771,-0.7297473873305274,-0.12570419410853537,-0.09420636957085096,-0.8818959735339238,-0.17095248872265467,-0.12480738290235188,-0.9999980050871056,-0.19656623943766172,-0.12662997521119143,-0.4075904036385044,-0.09727146277075614,-0.1282558968729263,-0.5541486207526464,-0.2047141444185387,-0.060893643758971626,-0.43541537630336113,-0.22989100448957692,-0.028591084502399337,-0.3362552607657458,-0.2153119307039026,-0.21658848472612263,-0.3215635829275877,-0.13063695315316312,-0.20223937528839292,-0.43045889549688493,-0.21450790269187658,-0.13266410177021284,-0.34579016051505296,-0.21193220389738504,-0.09472937793922458,-0.2620839702057194,-0.191208822211472
31,v,0.0,0.0,0.0,-0.2938788166081976,-0.07827192404850432,-0.14798963633933607,-0.47036238692096916,-0.25450022849987947,-0.2270440017179118,-0.3694092264772175,-0.4153235675912859,-0.30535242466740453,-0.20199871066056346,-0.5322116994327087,-0.3731428236576235,-0.4399305378792904,-0.4533749790799083,-0.12659640148844278,-0.5821409196554983,-0.6610484145269666,-0.2838710613364598,-0.6605213316950961,-0.7925457409914114,-0.37319614128512485,-0.7148242030776083,-0.9019941904743489,-0.41902817974484946,-0.1785558350443529,-0.4549660264908443,-0.15033000227623164,-0.16015487190985286,-0.7026674134600828,-0.3007147586147457,-0.17424653558485012,-0.8658529087234079,-0.3686508855914829,-0.16561525571660096,-0.9999986184998406,-0.38511742755955564,0.06220894917291668,-0.39876373006806404,-0.19394808286534326,-0.0001324088726211088,-0.5267981692631009,-0.41987899732964895,-0.10771247693778932,-0.3777837582951976,-0.4081548833471903,-0.13075252655595107,-0.2577673021504486,-0.3234196894459984,0.27815283384156636,-0.3060569332767237,-0.24657673957239992,0.17316214973687288,-0.3988278759087182,-0.42546162054647546,0.056206907677050624,-0.29462942175644247,-0.38314883370523173,0.02136962275871411,-0.20242582808735804,-0.2972676401880659
31,v,0.0,0.0,0.0,-0.20297120769084567,-0.13588406076888668,-0.18517514697661014,-0.28155070535712984,-0.32234167099366634,-0.30135300927102476,-0.1793863519548473,-0.45353622451494857,-0.4276345634225743,0.06932079237087857,-0.5276914596058168,-0.5383981637879213,-0.013413006706866893,-0.5365857579226406,-0.1056380855025082,-0.06212516562544259,-0.7537419692390143,-0.30913541398388206,-0.09814431736707988,-0.8803221701028004,-0.4451218844797222,-0.1265723142709971,-0.9804544887492787,-0.5210111648302238,0.24572307410900981,-0.5014707035288829,-0.13175348404513493,0.4442743104587513,-0.7348529222928979,-0.3274752602576313,0.5217972753096674,-0.8823780192760466,-0.44876471715294497,0.5848508939371913,-0.9999987027934242,-0.5051949509294703,0.42988537655399384,-0.41773673757835067,-0.18946916479169912,0.3687896432461487,-0.5683689974813562,-0.462007234280399,0.13794010324097575,-0.4579604484305959,-0.5113104624007078,0.02387391482562869,-0.3616459752296767,-0.46780098049779234,0.5526162242608331,-0.30964804526043077,-0.2607990860055018,0.3672460360065125,-0.4099781086231666,-0.4705388266484585,0.1488952765009605,-0.3381194184246884,-0.4817251080049806,0.03828480747893642,-0.261767921881112,-0.4393446459835101
31,v,0.0,0.0,0.0,0.13977600086070077,-0.11729233650461204,-0.041141875337132566,0.16423951258937475,-0.3176522746262762,-0.04798151621630503,0.023359735060655706,-0.4242318176114857,-0.06384251015914968,-0.12001943901662412,-0.44180009642862433,-0.08100611768778687,0.13437669332631144,-0.47481159263320033,-0.009017052018860598,0.15690680620281902,-0.696602611704687,-0.04681087615397412,0.15766217734715776,-0.8305600197310883,-0.06983165875564577,0.15867338993864238,-0.9387841566552145,-0.0877691949860068,0.010446463696678262,-0.47144690509941706,-0.03767958764171646,-0.011916834063486299,-0.7244180334619752,-0.09374444752537488,-0.024323999685265326,-0.8765303617887624,-0.13711134168946387,-0.0446863484600737,-0.9999986034464875,-0.1603109001095891,-0.09884245145135113,-0.4238434147507788,-0.07410813782074288,-0.13716406237736162,-0.55875755408441,-0.1831248338399196,-0.10011691394574734,-0.41154987319776637,-0.20910093997121248,-0.075121866326151,-0.31201935101203826,-0.19162620331325073,-0.19503758696205487,-0.34796301411940034,-0.11242083154648477,-0.2224190729900536,-0.4436723547104544,-0.20362779760239388,-0.1760266154358847,-0.3511083614178723,-0.2110626407892255,-0.1437871802113893,-0.2790698694090967,-0.19612796394546006
31,v,0.0,0.0,0.0,-0.20704114208072255,-0.10027738141137749,-0.08682134705091145,-0.3423928494939915,-0.26797177475746464,-0.15664233521800372,-0.33806353303102094,-0.4077267357823923,-0.2394967013060664,-0.209310798473527,-0.46357744173334003,-0.311864558713947,-0.15618605145216535,-0.4729183877452266,-0.05785587726695339,-0.2771058120225211,-0.6713747105456638,-0.2000233002117767,-0.3662189721557254,-0.8024213904256537,-0.2900579370530333,-0.43075807526340576,-0.8985405894091925,-0.33871469428995654,0.007487494838033931,-0.46928418751588624,-0.09711769193706356,0.004474103184538689,-0.7064666151458235,-0.24932445510372006,-0.03260961715336062,-0.8779831803364572,-0.33586265934820037,-0.050819521755246164,-0.9999986186419666,-0.36377553851740885,0.14447730530444955,-0.4196549879862359,-0.15107937784084763,-0.04088168558810911,-0.5191371745401184,-0.31739912068558657,-0.16050664036751797,-0.39069994906255,-0.31011038339424896,-0.1815691768424826,-0.2821446534062271,-0.24655463201381814,0.2615073790392518,-0.33814026958177523,-0.21541480386437722,0.01854200425582071,-0.4014774823464982,-0.328638308304384,-0.08336816957831325,-0.3057451771955717,-0.298371914183419,-0.09244473676565886,-0.2191618120089361,-0.23585305309475285
31,v,0.0,0.0,0.0,-0.2920387301408735,-0.08213403165344547,-0.14442791428763566,-0.4530668013281718,-0.25399133177770206,-0.23405925810129777,-0.37197080547779193,-0.4106588928300848,-0.3251437450612634,-0.20580853314499806,-0.5261617606026905,-0.40457863473917344,-0.3889437584545747,-0.45788500259536913,-0.14173996133639397,-0.5248669339630527,-0.6757258958983607,-0.3111563294174513,-0.593794685777967,-0.8142418248645528,-0.4004836046733547,-0.6351841638267753,-0.9266739440616151,-0.44410787473144675,-0.11768102694478118,-0.458254316809912,-0.17974194863511464,-0.08269826412924636,-0.7064272249614034,-0.35630483931962764,-0.07533258947533067,-0.862998025514918,-0.44171571591804704,-0.05154880645614761,-0.9999985348630056,-0.4618226436447239,0.13390046190307642,-0.40010998988713986,-0.2346001955743251,0.03538168155094087,-0.5177602770344467,-0.49014591752303766,-0.09625800797424773,-0.36689004966199606,-0.47989939113905583,-0.13226365501653628,-0.25009209326284226,-0.3854135499549996,0.3482859225172445,-0.3059071818951701,-0.29726818498039775,0.17999592349250654,-0.3647587861467631,-0.4935420101766799,0.05595621224800561,-0.25580550380251055,-0.4499538943122083,0.025482942790372918,-0.16623934014890507,-0.35545338186117564
31,v,0.0,0.0,0.0,-0.2921433256481114,-0.11340072245849409,-0.1257645261061548,-0.4264965850716808,-0.28331443808366336,-0.2318014552079381,-0.3346292623339145,-0.4134385761896849,-0.3475914577702592,-0.15588905292906866,-0.4864241163598308,-0.455430417167213,-0.12369778350836283,-0.501785773135872,-0.22621494911653206,-0.13675505249324757,-0.7297539922738651,-0.4217137845667266,-0.16021636294560887,-0.8800050292155802,-0.5305181356003601,-0.15243786813890967,-0.9999985395983938,-0.5939604828302324,0.1786040248130253,-0.47266690470774964,-0.2948449108481539,0.251082343751763,-0.6941319505185976,-0.5116041892700821,0.3127494601950661,-0.8474400247069989,-0.6354662299371316,0.38363090707439357,-0.9728098886399575,-0.68409709917818,0.40470639753000676,-0.3860932846604713,-0.36698272478398086,0.05517430167571473,-0.44284165215522747,-0.6269680763813905,-0.2175730564358509,-0.3252535472809292,-0.6220883243629399,-0.35227524263239085,-0.225709704967731,-0.5397030442453744,0.5017123057050658,-0.2705296253291386,-0.44979153071266986,0.08020328001327354,-0.26031295192423387,-0.6479304061023494,-0.13752659108679255,-0.17965154502904834,-0.6111522968725096,-0.21697064961725462,-0.10694673052756407,-0.5248359869264915
31,v,0.0,0.0,0.0,0.18060883377399567,-0.07651396830746283,-0.054372591580290855,0.2794390609341189,-0.23659336668191214,-0.0854325082483969,0.14435501573422818,-0.3837253503259333,-0.12257597768745646,-0.010961001212183652,-0.4268757136486791,-0.16212701729843823,0.24492234896662074,-0.4360342796698023,-0.05536231572094813,0.3371474899821962,-0.6441739329511474,-0.12215659236558417,0.3833739661318469,-0.7816033415517586,-0.16416897257668442,0.4198540342815456,-0.896395910265494,-0.19323813371192963,0.11289904503627218,-0.45324646093631754,-0.09243808050512993,0.14545228073127792,-0.7239694885749485,-0.1685633765828728,0.1648447012471571,-0.8686884979839121,-0.21586281445675085,0.17756910830553518,-0.9999979852192334,-0.23862827104624662,-0.009424085656504247,-0.41442427182377967,-0.13724810667315893,0.012078921739439441,-0.5375091352380497,-0.25801800454184465,0.0359505900527312,-0.38425915167340907,-0.27415681877939735,0.061067354512396144,-0.28980009104799237,-0.2502229436949037,-0.12668721190026117,-0.33967322900134367,-0.18481022704927205,-0.10560175844923834,-0.420765399506741,-0.26750192518628585,-0.06386269623684915,-0.3145384509978944,-0.252465960144356,-0.03977834801661035,-0.24511353271131847,-0.22336276842264494
31,v,0.0,0.0,0.0,0.12673570757018998,-0.10693297941547332,-0.035355944757786154,0.15181019148761027,-0.30191558446707545,-0.05154952759088268,-0.0063652654534546455,-0.407394390033921,-0.07811756453747992,-0.14972970636447447,-0.41026443046553607,-0.1066820234409463,0.05976246407775333,-0.47129178543228173,-0.030387920387756465,0.09648047894274793,-0.706334401308156,-0.07948557833520223,0.10709910275372479,-0.8540264365522693,-0.10685991437060367,0.11293870739533474,-0.9733580131660056,-0.12519469026680835,-0.0590390075805753,-0.4448780494631552,-0.06402022475909598,-0.10345290203789032,-0.7163165736860729,-0.13217424120488344,-0.12388757488853269,-0.8709360898411296,-0.17996092765855953,-0.1516456955822128,-0.9999978997082679,-0.20291447535738621,-0.14188773337672114,-0.3789025474973683,-0.10115301592436314,-0.18781382592326648,-0.5079354391345624,-0.2178273154795566,-0.11690488644769578,-0.38881248689399583,-0.23901732060356562,-0.07404519036595877,-0.2971071463191937,-0.2167398460684368,-0.21560843866901916,-0.2928511590316766,-0.13805974258265497,-0.24797169359097254,-0.39737541263607484,-0.2225531144649189,-0.1808476621852549,-0.32199297321269166,-0.21340102673290318,-0.13550137388973568,-0.25320276353232596,-0.186259906519999
31,v,0.0,0.0,0.0,0.15490735190664223,-0.12073948979665533,-0.045404820006618545,0.23161291329584488,-0.29611125845177577,-0.0674369261439592,0.12178575591840932,-0.41046284930231014,-0.10015890913260556,-0.0259188321292691,-0.4125454601825105,-0.13451045324728578,0.10811791074288696,-0.4804426017833248,-0.03739619386893457,0.16440019986085788,-0.6912353882756314,-0.08573414965436922,0.19211582006562558,-0.8249625262516276,-0.11685684626531025,0.21131234494434473,-0.9340695093748479,-0.13859573872941897,-0.021754339880876362,-0.46559688651982034,-0.06900252274524893,-0.032827019039436196,-0.7165507680719518,-0.13948223260253914,-0.03931836278827974,-0.8757698277501844,-0.18643572277907466,-0.05683978219442079,-0.9999975521638937,-0.2086600325332511,-0.12636329786568445,-0.4055732221180483,-0.10580665431439444,-0.08680886499164289,-0.5062442742841226,-0.22092152445991184,-0.01602095910825817,-0.3933645468607607,-0.25094353335330827,0.018137273443224248,-0.2958347734007754,-0.2358929711179808,-0.2084128265176794,-0.3207101115539206,-0.14413301755540908,-0.14061737889076859,-0.39536180483603484,-0.2266524796051037,-0.05938461188283708,-0.3153486360029383,-0.22707180310725417,-0.01624623241630282,-0.23216675881225518,-0.2074958590332176
31,v,0.0,0.0,0.0,0.12708920825934844,-0.09209563913180335,-0.06918059214784437,0.1663919581661154,-0.26601557517936425,-0.10603869866522475,0.00970611368875773,-0.3533579946545908,-0.14537030325054723,-0.1353771952902031,-0.36427872872433537,-0.18655377802181913,0.12375670063987328,-0.4786199861653476,-0.07067940225792435,0.17099508732671792,-0.6995869908390587,-0.1344803051844,0.19076783659997726,-0.8463660777348552,-0.17433619927907598,0.2035002289756363,-0.9654521061825632,-0.20005029999498503,-0.014484817797434772,-0.4663527312080033,-0.09422456603804467,-0.04036132418612562,-0.7236592257195453,-0.16648699957407917,-0.05167406637685384,-0.875783861113306,-0.2136433466388548,-0.07014450013006047,-0.9999984508762408,-0.2359936497218631,-0.13091808560120682,-0.3991663896397103,-0.12488926395372162,-0.12364033549219464,-0.5067463264666254,-0.24301595513255908,-0.06898290310638724,-0.3728035549567736,-0.26265401076632133,-0.04592799185679638,-0.2809538038537488,-0.23864428666145743,-0.2340002013023756,-0.30216757885781287,-0.15846572210804877,-0.22115266721740867,-0.38503073653653996,-0.24226875746042859,-0.16682944126050253,-0.3015157862948583,-0.22736935564150834,-0.1439748507313154,-0.23940592911793515,-0.19518396999847062
31,v,0.0,0.0,0.0,-0.29964794927761046,-0.08943634946777006,-0.16537372311106807,-0.4799435334219878,-0.2481744090068945,-0.2697303512315878,-0.37669811217252036,-0.3954583040255486,-0.3872170602299709,-0.15755805352756608,-0.49467407229728044,-0.48886461424462224,-0.33001748273622256,-0.4947284207396551,-0.08400867387012649,-0.37540257733924753,-0.7142018625558427,-0.22400669193210315,-0.38171931717024676,-0.852697238302164,-0.3049730132114563,-0.3637464484799527,-0.9631172296701122,-0.3514465351653716,-0.08974739450802731,-0.49283704888701485,-0.11494280167007423,0.07689222232967563,-0.7319097058262236,-0.2636181856928604,0.16505729417856604,-0.8811050079283934,-0.3343148391184978,0.2487637211426435,-0.9999987121249195,-0.35377027651190357,0.09790610898450855,-0.4468868993626341,-0.1754116040696563,0.056508255615699346,-0.6231620805113467,-0.4010235988215576,-0.1007239375476288,-0.5180922634204987,-0.4085904679721791,-0.17095985742646855,-0.4157440904319017,-0.33718237194212314,0.25939030013028724,-0.3680306103004752,-0.24959870560530292,0.1575019395284476,-0.5192038732990687,-0.41204792703824694,0.013590564943816755,-0.4512764572444284,-0.3861933827535764,-0.06139247643910711,-0.3636977037611562,-0.31902156741278415
31,v,0.0,0.0,0.0,0.13977548694564235,-0.09946614947024882,-0.06113789067652162,0.1820600640847156,-0.2876956531666809,-0.09846793605019448,0.07542316727333728,-0.4143761312877665,-0.14160744437976053,-0.03904181281216216,-0.4380603765024486,-0.1809554763726996,0.1212356732720954,-0.4181864364047936,-0.05728474750968229,0.18589014060934833,-0.6372873454601459,-0.11114705616741168,0.2127544139537313,-0.7676479669315214,-0.14079303031663268,0.23538519801445087,-0.870874232561029,-0.16031182967366603,0.006744458049580776,-0.4314766245095599,-0.07872749256006269,0.00986523532636086,-0.7067217406957529,-0.1552911278548066,0.010975159057812588,-0.8679864030225771,-0.20257915435850646,0.007314026676374274,-0.9999978736591281,-0.2237349407159277,-0.08572945707705493,-0.4073838969441534,-0.10532053482759268,-0.08719862474990545,-0.5780679240078727,-0.21589331212649981,-0.04595838349974595,-0.43599984095852146,-0.2224147081415553,-0.02193903827410657,-0.32942054738276344,-0.19202489815106796,-0.1592559633579657,-0.3544363208558106,-0.13573172423680105,-0.15490061376396366,-0.46585175142782725,-0.2132365450719648,-0.0978661229618032,-0.3700789262462721,-0.2000742849450956,-0.06312940741597874,-0.2865566426528862,-0.17055993007022377
31,v,0.0,0.0,0.0,-0.03279974087911967,-0.10176941160185271,-0.023233465715500546,-0.07490024911784544,-0.27009025535284276,-0.036634222481926354,-0.1223062346816933,-0.375293049577905,-0.06591006680737867,-0.12239928141538747,-0.42769503093958783,-0.09248837542025864,0.030007501866192568,-0.4813183378687255,-0.010614914659739428,0.12394368979429014,-0.7076259200079533,-0.059054378760655876,0.1695131532455688,-0.8539071731547845,-0.08106375882018872,0.20121656087116158,-0.9687220995214698,-0.09581534543245455,0.036431213999849006,-0.4651043516460285,-0.048980966913617585,-0.0037037343022189545,-0.7218303339334521,-0.12536187710963437,-0.035707486182149875,-0.8755544190235389,-0.1704587308114166,-0.06331418701854251,-0.9999976595724899,-0.18775776819680468,0.05345332575221666,-0.40752906954119544,-0.09361332368315436,-0.04698804251415114,-0.5118152069640023,-0.20708918618667593,-0.056290204877260906,-0.4051864401574981,-0.23198457565089756,-0.04229176321907765,-0.32866728947365453,-0.21595982165347208,0.06641318730192458,-0.32633358811238067,-0.13909867714193416,-0.04818244451398536,-0.39742171115577274,-0.22188816804297862,-0.08145537058154671,-0.33050548559042814,-0.22417255603039807,-0.08265870060380437,-0.27092195644172523,-0.2056571976526245
31,v,0.0,0.0,0.0,0.10955450518420326,-0.053407273170139324,-0.028582016896839323,0.14143030209487112,-0.2383363210555427,-0.03572420176551112,0.049060494915743026,-0.38298324290503316,-0.05326214942610318,-0.05806589555069719,-0.46552846964323413,-0.07249569843814986,0.14270181454637723,-0.4474916573230246,-0.023110212637341893,0.23060512532831806,-0.6672920039063674,-0.06809260097109822,0.27837189502871185,-0.8149801992989275,-0.0932930236207752,0.3092051344260144,-0.9322384948523671,-0.11276050981696538,0.05842726163953935,-0.453941436206207,-0.05603378069033445,0.040328282428314294,-0.7133947395015421,-0.12424280189894422,0.020178132370603806,-0.8708080386934892,-0.16513094694321417,-0.004933060597044171,-0.999998386717156,-0.18315274641599938,-0.0148481267989081,-0.41183560379511147,-0.09383291518309156,-0.06402478196886116,-0.5183522490860998,-0.2080898793007401,-0.053238706178723595,-0.40198842595373785,-0.22889869550189038,-0.04369904530172391,-0.32044623531790856,-0.2107547378478617,-0.08404761731086463,-0.34400070779267045,-0.1322730285454815,-0.1468759871250227,-0.3881063139841295,-0.22830402327333205,-0.12901336710655284,-0.2983903070497768,-0.23445265573588342,-0.1097004747751725,-0.23214511412895866,-0.21753977561043428
31,v,0.0,0.0,0.0,-0.20326747046654964,-0.10731267682390352,-0.07956458500524657,-0.33354883225990556,-0.2559608468765397,-0.1454245556370289,-0.36534000466077693,-0.38875234612488063,-0.2279538418016475,-0.27673594124403306,-0.4776224398049437,-0.3006287741562691,-0.1773002650652121,-0.4897979448995045,-0.03133879834310009,-0.3070495663319297,-0.6792691417135316,-0.16120900743797453,-0.3969281037276107,-0.7973556141395322,-0.24345941391602002,-0.4705874592433594,-0.8874696578624761,-0.28616997375144915,-0.040150367321041894,-0.49504789407197897,-0.07081476237349422,-0.04580763796600316,-0.7386446377885656,-0.20924243823400981,-0.09168098106446555,-0.8890331547053633,-0.2854667693963937,-0.12580405630813363,-0.9999985921466161,-0.3085753609840998,0.07770840283557406,-0.45631467652995583,-0.1277308578590772,-0.14005216812888965,-0.5604289063854683,-0.29561575785927185,-0.21924770552058462,-0.43051999954794934,-0.305726774965269,-0.21413739024391115,-0.32466819201010316,-0.2569342526900175,0.15969170913913966,-0.39033413635075126,-0.1926089070337701,-0.08286159847327777,-0.45696778386830866,-0.30077713517055765,-0.14760393675975902,-0.35341406158912,-0.27918462867626287,-0.1346025861210122,-0.26174356984975966,-0.22890683894475922
31,v,0.0,0.0,0.0,-0.28730466670127597,-0.07455640296194765,-0.24308980602441027,-0.3942355393365643,-0.27173611934800707,-0.31464719255768064,-0.1774646763982885,-0.4253618742607821,-0.36581284235857503,0.03382493511174243,-0.5428339029144631,-0.4007228781264609,-0.36071721903622406,-0.48329106085249485,-0.13075103170883037,-0.4806239603175592,-0.6849964352456815,-0.28424651918456784,-0.5405876814010021,-0.8182067507172016,-0.36421442991327296,-0.5790637273441683,-0.9327780044329534,-0.4019735858670082,-0.06744863110632554,-0.48707008352993686,-0.11588017437110618,-0.014496155715373008,-0.7353577523334355,-0.29627400658242886,-0.005618633576417993,-0.8792216947363672,-0.3765024521852091,0.033653324380681734,-0.9999986918899123,-0.3835280832388447,0.18398455869816427,-0.428137352313289,-0.13453787082234184,0.1848829225524493,-0.5107214105497838,-0.4381119521469933,0.027955006039545868,-0.35112686131856735,-0.46070110152520466,-0.015717235069821707,-0.254396106383789,-0.37052730335764394,0.39318911152122327,-0.3361419152020042,-0.1663845458835823,0.3240342752228027,-0.40282917475503227,-0.40315977389835395,0.16904304155806674,-0.28255344311261366,-0.3815418508133991,0.12321837616807144,-0.20997551461711997,-0.29770566189412984
31,v,0.0,0.0,0.0,-0.24697901490837562,-0.09016328903245846,-0.11650060562041964,-0.3634065657549072,-0.23716144191272234,-0.2049683618559691,-0.3014328997809612,-0.33998185613289295,-0.3087266503187082,-0.17299121929360778,-0.4101315393326319,-0.4047783906644292,-0.27261312768829277,-0.4957587483624828,-0.10432589457041855,-0.3532131731520533,-0.6971521098654505,-0.2521541154134565,-0.38960107809799943,-0.8309567759481031,-0.3442852655798757,-0.40274771058996317,-0.9446434090239686,-0.39707036480438185,-0.04608938644922102,-0.48579883915825145,-0.15462430693501197,0.046850443812528814,-0.7251843040332461,-0.3123559674953233,0.10655228676301613,-0.876772602607748,-0.39334818625580825,0.16996448631784297,-0.9999986777379203,-0.419068953886961,0.15637831393925705,-0.42276052829306704,-0.22152162550165896,0.08295292761818407,-0.5444909304452272,-0.44361607830103744,-0.048318414034552434,-0.3970998161386233,-0.4374427378349745,-0.10382429431804596,-0.2773055332001554,-0.35873526742364414,0.33004425099678325,-0.3249192805453965,-0.29652961549734513,0.20804273225685538,-0.4123562716115583,-0.4503396120517534,0.08121250098804622,-0.30866308265506803,-0.39910665529221734,0.030874701845912983,-0.21488598289618152,-0.313216270080476
31,v,0.0,0.0,0.0,-0.22963081103863545,-0.14139145481218748,-0.14442494938888578,-0.30898740314257567,-0.2979699649578527,-0.25709865416395516,-0.21272856657545722,-0.3963128515370836,-0.38931144568381165,-0.032732800143307914,-0.46838744551919903,-0.507055161053961,-0.019671156427546996,-0.5325631705607702,-0.12931457871174448,0.0020818940983068487,-0.7559306128264129,-0.32016025085997063,0.024440437008905865,-0.8873132777202761,-0.4353971375282897,0.04752356657984644,-0.9999986603617927,-0.49810759974429497,0.23660044120462181,-0.49308112255160735,-0.18382501278693994,0.4931703933528925,-0.7284772862741341,-0.37687086484139215,0.5992950108892281,-0.8644544031094512,-0.4771942776457354,0.6883606809681798,-0.9781052358925943,-0.5116591549102213,0.42487503642339336,-0.4082590893287373,-0.26096500610405093,0.3601057164473377,-0.5720185890420004,-0.5318400252554817,0.09219953034141849,-0.4785790090190453,-0.5535897221376379,-0.061515686724386925,-0.3910072275100788,-0.48300043299461487,0.5461322525074497,-0.29671226872257367,-0.3484446222978266,0.3777253611915054,-0.40336428665469487,-0.5391197876148414,0.17168683470090768,-0.3474721413949843,-0.5168935938573105,0.06782428976296818,-0.2788083627507002,-0.4454541959612623
31,v,0.0,0.0,0.0,0.1281649003959184,-0.13409741558163463,-0.06387964950095983,0.13551952895503203,-0.32908268655913026,-0.09269096615282339,-0.025998992887601338,-0.39107338188431434,-0.1246514260997374,-0.17317200255134402,-0.35819184927874026,-0.15760793791208957,0.07727533563410563,-0.48610418347347784,-0.05699782956565444,0.08781986379761052,-0.7194867812986108,-0.124836354877347,0.08448361576657921,-0.8728676839230155,-0.16690640046904962,0.07307889194770222,-0.999997027458638,-0.19227446509119675,-0.0664531706854374,-0.45052096323640184,-0.08149631367380526,-0.15467310076313653,-0.7025939914807324,-0.1579295589550173,-0.21117564150068333,-0.8539245101253651,-0.2078892530992592,-0.25978723807688964,-0.9731916122177049,-0.22818940547570227,-0.17641753581913114,-0.3647917026592987,-0.11291119496924268,-0.21610559909300653,-0.4692267194896242,-0.2384045167963131,-0.13589975138066096,-0.34980250545137265,-0.2619401697775185,-0.08042944542956072,-0.2634167144930169,-0.23512151053550617,-0.25963858634571413,-0.24554696919754398,-0.14635507716244242,-0.2677481672606548,-0.3246251721624918,-0.23981442708510414,-0.1903199276408466,-0.23860737839799973,-0.226592816783741,-0.13932139885677763,-0.16701659835750046,-0.18986434480786618
31,v,0.0,0.0,0.0,0.13473319131416356,-0.12776419630360725,-0.05481492678439606,0.16715857959897415,-0.3310054854056392,-0.07770394696456306,0.019572936082296297,-0.4461679320936861,-0.10677809882472097,-0.1369167034651798,-0.46857661247247223,-0.1357244956379048,0.10306319797448438,-0.49959185349207125,-0.03606205414943305,0.141566151682367,-0.7290350692606803,-0.08505279666236194,0.15565754363605636,-0.8690423559828431,-0.1139114804419546,0.16461753137224513,-0.9825244214655232,-0.13338685563445232,-0.028129148017381325,-0.48144435008183967,-0.05846760485486258,-0.0712304342270604,-0.7343209985320497,-0.12665170269486767,-0.09417525436020217,-0.881190227630392,-0.17247874949401948,-0.12512727186901776,-0.9999981616733159,-0.1944231561845419,-0.13053271768178576,-0.42078193934920366,-0.0873207689042027,-0.16821910742392202,-0.5239777752089624,-0.20311964870832788,-0.10265816208607732,-0.39874964156927545,-0.2311987767384083,-0.06230518107131934,-0.31089021870527966,-0.21448118478880873,-0.21721130177656994,-0.33869004564526145,-0.11802984295060047,-0.22019395581670423,-0.4142330464882896,-0.20599107265074293,-0.1561246525207525,-0.3217139851358712,-0.20610702807584957,-0.11535332252129597,-0.24817408481386816,-0.1853239288013375
31,v,0.0,0.0,0.0,0.14607937629090434,-0.11269746886151698,-0.045950694182780395,0.19025956695222962,-0.30221588808051447,-0.06474954986671355,0.04639867398135387,-0.41350366744515943,-0.093143839813754,-0.09628964508450445,-0.44767273695360554,-0.12277867277310962,0.12164942646716329,-0.4891020283043327,-0.02926091270855445,0.1753514190603496,-0.7069477374151929,-0.08018584679386058,0.20328662838048162,-0.8403923829275424,-0.11161136824193063,0.22142011516497426,-0.9529816513889091,-0.1352705777730764,-0.007059951070816672,-0.47532960949708003,-0.06115182404222812,-0.047359598567433464,-0.7271136911923373,-0.13804010789217497,-0.07881740612296358,-0.8724439172550831,-0.1879330900389724,-0.11657947081436311,-0.9999986014626466,-0.21251012738664643,-0.10969394912514449,-0.4183421759400112,-0.09977703283482575,-0.14017707780644031,-0.5343940239248284,-0.21926246171890051,-0.08506660442655317,-0.38141833091248706,-0.23658821751159398,-0.04751347987612164,-0.28740777137521395,-0.21276795777005517,-0.1970336789073953,-0.33391010267366084,-0.1406088879237067,-0.21940582050455115,-0.42105102047258486,-0.2273567769386106,-0.15778310848003133,-0.32042173075663294,-0.22146712823128278,-0.1134242787913394,-0.2517924176274722,-0.19753743853959208
31,v,0.0,0.0,0.0,0.09796977438468271,-0.09464975881249806,-0.058232869530133936,0.14756881701865815,-0.3157673695473688,-0.07578150371969508,0.09787757200307078,-0.5034884991726335,-0.09262252568355592,0.024248496529781862,-0.6309096361407749,-0.10444119390813587,0.10369872922526133,-0.5013306228536419,-0.02449318961085592,0.14380445408495848,-0.7163638495143324,-0.05356439412687483,0.1561351237767563,-0.8480588952955564,-0.07078756789783386,0.1649229352009697,-0.9569623151598827,-0.08532404728725644,0.009490641715709063,-0.5050376938061553,-0.029235845813799913,-0.019170675394702786,-0.7628412090078095,-0.07302597685439263,-0.021659044946991987,-0.8963220373278789,-0.1018176377834668,-0.03076907815074363,-0.9999979592357889,-0.1177912366489472,-0.07228265309589785,-0.4626407762551095,-0.04148939446258434,-0.06564724423451172,-0.6535443477142963,-0.13136609871932875,-0.005988410882766273,-0.5284314329011258,-0.15435111548248687,0.017307652074427995,-0.4194541781480945,-0.14781073711006423,-0.13276717215527095,-0.3884550805994246,-0.056314576477477986,-0.07894506582102784,-0.46818994861544744,-0.1475452295263394,-0.03753281618442604,-0.3563331332029186,-0.1678323383102634,-0.02788282734482301,-0.2616629390340738,-0.16511705115520764
31,v,0.0,0.0,0.0,-0.23253318154225885,-0.12248922126171644,-0.18280138492407877,-0.34664719765725843,-0.3126849912031045,-0.253951564518571,-0.17359288975553472,-0.46147894998320155,-0.32782295857717747,0.052242961918131235,-0.5652098821541542,-0.3873983831399891,-0.27749723320056446,-0.5137771424598077,-0.030408039740045474,-0.40376682023716154,-0.7083052481261011,-0.17225022256879194,-0.4628505772220307,-0.8187689009826572,-0.2625744307988676,-0.4755948514495596,-0.9115751839359828,-0.3088327272457422,-0.004822175958239258,-0.5090298876305192,-0.03997823735968578,0.07541212525922113,-0.7579306694170932,-0.1909295069747961,0.10276359560357937,-0.8949579087497437,-0.2709814839516193,0.15100385238854017,-0.9999987486630528,-0.29001641064046996,0.22760524335320612,-0.4449790723648753,-0.08223116224197127,0.18815936219251628,-0.5637573669468362,-0.34166725696630895,0.0212016725888836,-0.42536711499993973,-0.3655437145491507,-0.04576819516431084,-0.31921554790660644,-0.29222889609483743,0.4166741010623229,-0.3486317684876426,-0.13565007635482787,0.3129101648101749,-0.45151306000111174,-0.31857737800558206,0.16897112502028264,-0.35754473504773404,-0.2829003205145412,0.11810344503019764,-0.27121754480689403,-0.2018809510312241
31,v,0.0,0.0,0.0,-0.22614849179870747,-0.09057033352333518,-0.1009024189591992,-0.3744262069760472,-0.2604291780095224,-0.17558336318676174,-0.3465840798033761,-0.4087255397055056,-0.2684968094586064,-0.18815431346815822,-0.4912238871431915,-0.3523509824001819,-0.2620094604824789,-0.4751838084226642,-0.04609288398334685,-0.3673743491662472,-0.6864012701129228,-0.19552627405145004,-0.4438721910048415,-0.8072445660445043,-0.2813486529175463,-0.5004755550132539,-0.9042634406823449,-0.3236615965500914,-0.08128205139717846,-0.4804976270246891,-0.08669213469236281,-0.0721674973280189,-0.7363657947030725,-0.24870504719418532,-0.10802123898850453,-0.8840974903034331,-0.3258281862602224,-0.11463723941605196,-0.99999866022839,-0.3414478798168576,0.09655710378535325,-0.4418039846393303,-0.14749325129103952,-0.03757057893806871,-0.5876977803399944,-0.35717587890201596,-0.1749889928831588,-0.45405542616927314,-0.35334671448140353,-0.21066756906765122,-0.34666896738075503,-0.27771625518617354,0.2661532998783142,-0.36987553807601886,-0.216630140325297,0.0706847597052679,-0.45920633728507687,-0.3561224104911189,-0.023434800889195254,-0.3585822161635671,-0.3222554014888811,-0.019241130968162854,-0.2709236143866031,-0.2510250214896886
31,v,0.0,0.0,0.0,0.09943955651782502,-0.14023451916942506,-0.055004416756855516,0.11247413169684861,-0.32673351215176255,-0.07416762132688863,-0.009331673416091065,-0.41818462340818946,-0.10051156911779412,-0.15211245390487313,-0.4306016034316819,-0.12488183232870793,0.12369595896309482,-0.5197753404960468,-0.017370262085842653,0.16578877387506297,-0.7322201300396743,-0.06013802952396508,0.17624035486789516,-0.870417341460752,-0.09163317006344739,0.1795417371625579,-0.9819400410652507,-0.11403912256609633,-0.003579992827884455,-0.5084130640330807,-0.03932482890302102,-0.04957920195884717,-0.7402131192456721,-0.09395530846498436,-0.07665945942993212,-0.8836751418902183,-0.13708002777488915,-0.10647548930843681,-0.9999978675597192,-0.15993667285257804,-0.10746880195311184,-0.4472455323113884,-0.07056559990044624,-0.1594489861074691,-0.5502448722251717,-0.1654338448794435,-0.10554560123314026,-0.4503129808987544,-0.19711508457655919,-0.07026260226023216,-0.37924250977485563,-0.18910641399531672,-0.19209522617906133,-0.3628769372216799,-0.1066487382648259,-0.20655920558099158,-0.4277286865145239,-0.17747245413145582,-0.15820540697560725,-0.3618228056262081,-0.1826640061641919,-0.12326024869489956,-0.3041443242887323,-0.16967005639195706
31,v,0.0,0.0,0.0,0.0967781880291381,-0.16597114059894236,-0.05843356200751904,0.08307598576026105,-0.36354926590350684,-0.08333884843386363,-0.0823939141279274,-0.45022639514149715,-0.11079005818671651,-0.22979532743257525,-0.4484659017943865,-0.13811056760941076,0.07703258158588829,-0.4924514585856877,-0.046643152274796755,0.0914309829028474,-0.7245818522311046,-0.10531989020720015,0.08310806586125286,-0.8756819099166315,-0.14416163319001632,0.07496511036180739,-0.9999970828467012,-0.17006712978410607,-0.06249573159459467,-0.4638180992847358,-0.06857247683925118,-0.1513815627451785,-0.7073566636953158,-0.1313040656397657,-0.21541448758011572,-0.848355836465581,-0.17633713770708348,-0.27049480385182273,-0.9650213397851685,-0.19926666157204018,-0.17246410087691558,-0.388170613007794,-0.09767871878065275,-0.22574332378209958,-0.4914229827192028,-0.1987065638738298,-0.15342243095868083,-0.3857048790665223,-0.2204659573613165,-0.1036138576786822,-0.31500607438485123,-0.20248195272395142,-0.25900039064713704,-0.281632858427876,-0.12991011352786924,-0.2821524865135886,-0.36529393654497927,-0.1975380092465779,-0.22179451547004464,-0.29971177756458467,-0.18382498320378898,-0.18212373226213974,-0.24447088691203256,-0.15557271637627212
31,v,0.0,0.0,0.0,0.14349503515345938,-0.08521467926185583,-0.055923572823423494,0.2087261768640376,-0.2529527941514809,-0.08719684683223088,0.06611912975997308,-0.3536508020859961,-0.12261556612299362,-0.07413406476030948,-0.3804554799260729,-0.16050503875128533,0.16691030484235292,-0.4685912392879538,-0.06179659803981086,0.21471375213096405,-0.685315516718752,-0.11834385692487513,0.23467481356096692,-0.8289379769791159,-0.1561819539432974,0.24721590014038486,-0.9444637449441902,-0.1830950246908121,0.02648525409236379,-0.4613739573616873,-0.08968025431666704,0.0013071495852645476,-0.7212473123867996,-0.15801839126146378,-0.008676417218699401,-0.8751297141762375,-0.20535509651553893,-0.025550818413318507,-0.9999984794889456,-0.23085951261396764,-0.09547403169904171,-0.40094599901933,-0.12282186157078245,-0.08793510560179107,-0.5037556747994157,-0.22762548877700028,-0.03809272065842787,-0.3653751807344973,-0.2413532556505358,-0.016977628219344638,-0.27056727601678365,-0.2187055953494114,-0.20340450200463603,-0.30988118415955235,-0.1587505645064167,-0.18902057739711206,-0.40333662453136687,-0.22848307062200937,-0.1394450737365061,-0.3162659433034407,-0.20891554523073735,-0.11820647591731338,-0.24974749987275588,-0.1778108477958356
31,v,0.0,0.0,0.0,-0.2727015586068721,-0.10652897350906233,-0.12372976509291082,-0.43793339088768185,-0.27379701411259527,-0.21403054356397763,-0.4113873790064131,-0.41856112070342505,-0.3124461508606474,-0.3058318372723685,-0.5223270089130895,-0.4008848764534139,-0.24362530944931868,-0.49830555101105883,-0.15271957380972312,-0.3176339975795651,-0.7135868372649543,-0.32353374103661214,-0.37764861145639567,-0.8500158872696271,-0.4190819578175003,-0.41018013806245807,-0.9613904983451093,-0.46742658983241553,0.001069295623729466,-0.4880884037456175,-0.19451163595812995,0.0004994615169147482,-0.7261514369443154,-0.37942846602207797,0.007901120141073066,-0.8769348655195759,-0.47231117469918377,0.03547789823521161,-0.9999985977955567,-0.4947353753974397,0.21446564954981728,-0.42248276282134234,-0.247947018619072,-0.06245450344565456,-0.5004826716693774,-0.48094389396815396,-0.25292314162853113,-0.3677629759223537,-0.46956267374294214,-0.34136443724165316,-0.255767004966098,-0.380532446473371,0.3634853755379471,-0.32181076123034424,-0.3114567557071607,0.037429358569623,-0.3383684621301932,-0.46904992334028617,-0.1118418533128168,-0.24964091221729992,-0.42420181446641636,-0.15709594182497535,-0.16629828625601592,-0.3353848362029376
31,v,0.0,0.0,0.0,-0.3418601264630809,-0.11072694577791939,-0.16643808014343153,-0.49976690524015555,-0.27635541615155873,-0.25650126659746764,-0.3497807027933961,-0.41214814568208286,-0.35502465166549485,-0.14058209999908197,-0.5134889279565964,-0.43832254208725274,-0.4214757004429029,-0.49819167753324073,-0.10494176139900067,-0.5260533972895959,-0.6982354800574597,-0.28244081618817646,-0.567102534649203,-0.8277071072088956,-0.391570745404495,-0.588713883891212,-0.9382926711703186,-0.4517253908477385,-0.11363706848630253,-0.48707878825246226,-0.1493165967701587,-0.02880765093648321,-0.7203978579666597,-0.3307724072269044,0.020939417005206927,-0.8736951062393237,-0.43028028401394475,0.07190453107163762,-0.9999986257281148,-0.46535251736811256,0.15050774243843548,-0.4187237926699559,-0.22087794314136822,0.11577114755071852,-0.5393647492429979,-0.4949073785769484,-0.01622835535273865,-0.40243031649212185,-0.502986333668675,-0.0673627835644174,-0.29147016443867213,-0.41820573625943025,0.3700166101051038,-0.31770869643390703,-0.3035590697234331,0.2801864046658823,-0.40112994781490224,-0.5085899192333942,0.14037207509902583,-0.31092671063041716,-0.46891073563392327,0.08128004588666313,-0.22883670912294474,-0.3779835924220411
31,v,0.0,0.0,0.0,0.15849658485336915,-0.10630208755891521,-0.06209578426281615,0.19773479960976093,-0.3118388501798066,-0.08311235627727509,0.051918709992252586,-0.44288273021800867,-0.10713103957317392,-0.08656370003794059,-0.48778483063741196,-0.1310796233721355,0.18038457643633182,-0.4698404694013302,-0.048158663757559526,0.22876253607719488,-0.7113069810574525,-0.09856534638515009,0.2441717887096666,-0.8533282630115899,-0.12823232226168751,0.2575393614751913,-0.9721522894533665,-0.1483831206628619,0.05346081354180637,-0.473272356343956,-0.06944104392841648,0.0377703090909287,-0.7250588203101467,-0.13157073609314152,0.026875515291055266,-0.870692574390859,-0.172716024313409,0.0114964028807746,-0.999998567509864,-0.19294782989816345,-0.06018018331719795,-0.43275168794079505,-0.09950887195263496,-0.08473458131304629,-0.5317577071528345,-0.2082655091926751,-0.04845042851787341,-0.3837839874651627,-0.23638089332648315,-0.02061023400480684,-0.29390473491160846,-0.22214719474252795,-0.16306423733589667,-0.3650850960775164,-0.13314507174999593,-0.1768264933226058,-0.42618718170081143,-0.21686588925113834,-0.1277538357134654,-0.3244930474314327,-0.22016184635317454,-0.09287220650119812,-0.25643266886915944,-0.20404713748614764
31,v,0.0,0.0,0.0,-0.30366922507524097,-0.08582501071490692,-0.2662210819475961,-0.31724515046522156,-0.27112129141935504,-0.34348250237478495,0.0015807335321392528,-0.3902451545908948,-0.3990058067872766,0.30271195705648285,-0.47197039183146827,-0.4421429974338378,-0.3300244537130655,-0.505232181184904,-0.16642930212682025,-0.44650843089601605,-0.7236969288510877,-0.31574780692977794,-0.4908170579994305,-0.8568545327485141,-0.40673186086376956,-0.5129870099913052,-0.9646872857346575,-0.45946084969101714,0.01708046073543543,-0.5055872519689089,-0.13134595703668964,0.0996814506253935,-0.7429032400468039,-0.28378699896193366,0.1554632193577549,-0.8850660442342306,-0.36712700289006106,0.22270960676917198,-0.999998688152557,-0.39523213388653766,0.2923766683341292,-0.44402770513223244,-0.130506690823021,0.38636181712848067,-0.5737951297779293,-0.41374065788197634,0.2601498309509841,-0.43257747381813094,-0.4639011501999997,0.20129440499588513,-0.33381376505397203,-0.40985200334990524,0.5062410951523155,-0.35421489217459196,-0.1425236592087957,0.536201844362977,-0.455835352996364,-0.3940138603013826,0.4172513333006949,-0.3613676019384409,-0.40512114062260896,0.35905186171842524,-0.28500111079789214,-0.34832631373619155
31,v,0.0,0.0,0.0,-0.3064236767802273,-0.1033310947361267,-0.15253486672567446,-0.47766500567000236,-0.2857229469088354,-0.23786670644715435,-0.44742515218392337,-0.4303797812165787,-0.33576518226810753,-0.2868488395180437,-0.5181206104541468,-0.41912160326128817,-0.18529506546625732,-0.494550118454567,-0.09871503599421502,-0.2315422521244551,-0.7111229943045104,-0.2743149667879905,-0.24949347417795817,-0.8396532523500705,-0.37057457819912537,-0.2416558701788255,-0.940067502543886,-0.41842438713393326,0.06393856556021696,-0.48724150398456045,-0.13264599501963453,0.1083197272950949,-0.7351361176251813,-0.32887697249843534,0.12069884271426318,-0.8868674486942155,-0.428475714021852,0.1549288094508528,-0.999998642763176,-0.44982795286599475,0.27792376927861767,-0.42880802138152874,-0.1904402549757659,0.030766335189023327,-0.5377674870458437,-0.4500902229460417,-0.21718547306806668,-0.43405212862056736,-0.46788903388578523,-0.33761678735706296,-0.33783638394320964,-0.38909794866136754,0.4315752862267372,-0.33992006390982565,-0.26204233285952605,0.08937649819144508,-0.3917579636546749,-0.44369360778122,-0.10328607521128212,-0.3204594945341523,-0.4312559224860634,-0.17080537162223255,-0.24796827092250937,-0.3631404915224092
31,v,0.0,0.0,0.0,0.12409395177077913,-0.15842836975013827,-0.05328305138566784,0.14566295116096664,-0.3516877888984318,-0.09354371569424204,-0.01332293390024164,-0.42685244017829194,-0.14085902697065653,-0.16303009940254684,-0.41596033341503524,-0.19201593573912146,0.03875859956338931,-0.5000752762682029,-0.08302357932241901,0.054449320254070184,-0.7310667508646986,-0.14954860322250316,0.049906030512427445,-0.8772169888092837,-0.19310206987401937,0.04395500742215199,-0.9999975880467259,-0.22502237323700003,-0.09667621710460865,-0.4617073543370552,-0.1156281975076517,-0.18262105517101893,-0.7175615965784897,-0.19345136155469458,-0.23729543736925623,-0.8656792396370492,-0.24340835626974563,-0.29073489008784126,-0.9810656447037167,-0.2729236560356462,-0.19865709607242446,-0.37518393958952023,-0.15110402673307596,-0.23376323715385267,-0.5222674909429413,-0.2602862230075061,-0.14438827104090415,-0.41778713771048825,-0.2750517529337746,-0.0882155844146184,-0.3247824277672416,-0.25750601433758463,-0.2777888325125017,-0.25966670963036337,-0.18937205092008244,-0.2836484219416527,-0.34710978024301303,-0.2744195703935434,-0.19664584305492325,-0.2783476416961348,-0.267866285566058,-0.13728936734174818,-0.21146535621979587,-0.24569626439986686
31,v,0.0,0.0,0.0,0.1200925497466225,-0.12996517261416132,-0.04622386947122984,0.16825787516968616,-0.32485398465964094,-0.06768103525482641,0.03983416698198025,-0.4574803948235962,-0.09697098013990989,-0.09663502844077734,-0.4905622805681851,-0.12499013225361845,0.1289534325103627,-0.4806439793098341,-0.02218292001241886,0.189949745407185,-0.7038777554672975,-0.0675003745002124,0.2132010614059352,-0.838807081582009,-0.09411424995324713,0.2312718678435264,-0.9509296947018755,-0.11379549156215105,0.01736402397150056,-0.47705858815798935,-0.04733618360337029,-0.01789954872473667,-0.7292796536087144,-0.11757884959703363,-0.04932091620522953,-0.8739782824212705,-0.16379956254203326,-0.08293629655235177,-0.999997567123082,-0.18565099899950022,-0.07125321429024137,-0.43169574076932615,-0.07891087730937207,-0.1263526644493582,-0.5592193671418855,-0.19176905753207915,-0.08126823772850261,-0.4346912281312537,-0.21236406634702779,-0.04093958403963496,-0.3522022897873323,-0.19211577826995827,-0.1452426366955145,-0.3675238371410883,-0.11223210332074035,-0.17733177874645203,-0.4713020233349212,-0.19106539279742488,-0.13072836426763593,-0.38226077359783067,-0.18414473593612307,-0.09256095101262449,-0.3071412097995585,-0.16029947397239566
31,v,0.0,0.0,0.0,0.028488671361282417,-0.0766738959819948,-0.04384347916106247,0.009235195577327425,-0.27945090631090486,-0.060620109539272375,-0.07446643377770122,-0.41675900939018756,-0.08482402961340772,-0.11124139045460316,-0.48558595030346136,-0.10813862897451988,0.10326203330951292,-0.4554851953656185,-0.04172551703470169,0.16713393204007138,-0.6912955761736045,-0.08160450342441458,0.2018476545703484,-0.82885289148902,-0.10215768605790736,0.22631852160896562,-0.9451665219304376,-0.12028793007606034,0.04542071750630722,-0.45797456114500523,-0.06721454268840438,0.017641047634651866,-0.7219762039657606,-0.13244830057695892,-0.0023166917637185373,-0.871450782944226,-0.17612110823870622,-0.025938273134851014,-0.9999985547571671,-0.19923372336522716,-0.010601297287217563,-0.425277709020735,-0.09676576870908506,-0.1030993949749748,-0.5348334926898114,-0.19791922142355117,-0.0881081117314205,-0.3797400952114785,-0.21174731323105248,-0.060877604668388256,-0.2798063330949643,-0.19392150999894267,-0.06931963686369258,-0.37374134219122945,-0.12915659716627556,-0.17243445146890166,-0.4297201131055497,-0.21907641853914012,-0.1549755105287485,-0.3151898188937973,-0.224375107425275,-0.12172975402541211,-0.23633426059161602,-0.20922852955376064
31,v,0.0,0.0,0.0,0.1200925497466225,-0.12996517261416132,-0.04622386947122984,0.16825787516968616,-0.32485398465964094,-0.06768103525482641,0.03983416698198025,-0.4574803948235962,-0.09697098013990989,-0.09663502844077734,-0.4905622805681851,-0.12499013225361845,0.1289534325103627,-0.4806439793098341,-0.02218292001241886,0.189949745407185,-0.7038777554672975,-0.0675003745002124,0.2132010614059352,-0.838807081582009,-0.09411424995324713,0.2312718678435264,-0.9509296947018755,-0.11379549156215105,0.01736402397150056,-0.47705858815798935,-0.04733618360337029,-0.01789954872473667,-0.7292796536087144,-0.11757884959703363,-0.04932091620522953,-0.8739782824212705,-0.16379956254203326,-0.08293629655235177,-0.999997567123082,-0.18565099899950022,-0.07125321429024137,-0.43169574076932615,-0.07891087730937207,-0.1263526644493582,-0.5592193671418855,-0.19176905753207915,-0.08126823772850261,-0.4346912281312537,-0.21236406634702779,-0.04093958403963496,-0.3522022897873323,-0.19211577826995827,-0.1452426366955145,-0.3675238371410883,-0.11223210332074035,-0.17733177874645203,-0.4713020233349212,-0.19106539279742488,-0.13072836426763593,-0.38226077359783067,-0.18414473593612307,-0.09256095101262449,-0.3071412097995585,-0.16029947397239566
31,v,0.0,0.0,0.0,0.09943955651782502,-0.14023451916942506,-0.055004416756855516,0.11247413169684861,-0.32673351215176255,-0.07416762132688863,-0.009331673416091065,-0.41818462340818946,-0.10051156911779412,-0.15211245390487313,-0.4306016034316819,-0.12488183232870793,0.12369595896309482,-0.5197753404960468,-0.017370262085842653,0.16578877387506297,-0.7322201300396743,-0.06013802952396508,0.17624035486789516,-0.870417341460752,-0.09163317006344739,0.1795417371625579,-0.9819400410652507,-0.11403912256609633,-0.003579992827884455,-0.5084130640330807,-0.03932482890302102,-0.04957920195884717,-0.7402131192456721,-0.09395530846498436,-0.07665945942993212,-0.8836751418902183,-0.13708002777488915,-0.10647548930843681,-0.9999978675597192,-0.15993667285257804,-0.10746880195311184,-0.4472455323113884,-0.07056559990044624,-0.1594489861074691,-0.5502448722251717,-0.1654338448794435,-0.10554560123314026,-0.4503129808987544,-0.19711508457655919,-0.07026260226023216,-0.37924250977485563,-0.18910641399531672,-0.19209522617906133,-0.3628769372216799,-0.1066487382648259,-0.20655920558099158,-0.4277286865145239,-0.17747245413145582,-0.15820540697560725,-0.3618228056262081,-0.1826640061641919,-0.12326024869489956,-0.3041443242887323,-0.16967005639195706
31,v,0.0,0.0,0.0,-0.2629817754837377,-0.12886881922617496,-0.15755807301021665,-0.38538380249403353,-0.2966095305499971,-0.2697151477878173,-0.28851437802481833,-0.4450608524554472,-0.3942545672413597,-0.05113626747336046,-0.5303523795301671,-0.5014335782445126,-0.20838912499586043,-0.49128999437740234,-0.115258776835539,-0.31593040137178213,-0.7164371212358932,-0.315392276290826,-0.3778062592570083,-0.8412452596832523,-0.4436789187873816,-0.41412987692960734,-0.9429178140969674,-0.5157524208376135,0.06432109184303557,-0.4788924343265707,-0.14371246391635648,0.21070212941821817,-0.7256311428447648,-0.3226724654468283,0.2730166638495455,-0.8801911177966852,-0.417209056794206,0.3370543466506913,-0.9999987180332401,-0.4625591263725588,0.2751531202559188,-0.4141409947553272,-0.19888718606848976,0.20166047168897125,-0.5823649303393033,-0.4094647843769695,0.004223933250640507,-0.45776199409792834,-0.3899480717179336,-0.05929705719643173,-0.35165323619405536,-0.315261403053701,0.42235580717794446,-0.3168210500081443,-0.2708412956603899,0.258479514534234,-0.44421077815212445,-0.4183046401974456,0.06765964882827381,-0.36985926799692104,-0.3770814234740145,0.0004847524836206041,-0.28915439801265036,-0.3072534547800878
31,v,0.0,0.0,0.0,0.15627048733804694,-0.11517089584449508,-0.0661966761943518,0.2349271947366753,-0.2944765733319172,-0.08600595401685018,0.14142666539873527,-0.4365743275707295,-0.10900299650292482,-0.0005326519135411075,-0.48882375314109006,-0.1322421603882032,0.09975539814526242,-0.5443302545115051,-0.022833484671205582,0.11392300894341782,-0.7436863370898278,-0.06326448739514959,0.11452892324213154,-0.8679846679672658,-0.1000849692259445,0.11716764968361552,-0.9738565990913624,-0.13184556117224172,-0.021811836374519476,-0.5438959035995963,-0.038899718909804516,-0.09218544593454712,-0.765699392278453,-0.08354802458385337,-0.11569545991422689,-0.8966671276577893,-0.13236052092745,-0.13575823266628587,-0.9999988692374786,-0.1680954456222902,-0.11646343438326955,-0.4827798759591429,-0.06428954577444321,-0.1825464765018104,-0.6579782767654065,-0.145300565532099,-0.11818617881400059,-0.5893332079241733,-0.18276630565180496,-0.0675168483291845,-0.5010661538184882,-0.1891249853043547,-0.20295200533463786,-0.38685181400118934,-0.09541102113822207,-0.2556696833622079,-0.5157839401917714,-0.1720089004964936,-0.19589283415982933,-0.4935115685110105,-0.19587289244022724,-0.13504528923449569,-0.43735305213216874,-0.19911798812163922
31,v,0.0,0.0,0.0,0.1244992102329584,-0.11340371721280378,-0.03493114620237035,0.1471972371201525,-0.30803563724855454,-0.0481670228997216,0.005313612649386831,-0.42210786693630553,-0.07163412694133098,-0.12762617808207796,-0.4680432060462688,-0.09631160162457339,0.08833704108531651,-0.500020469159449,-0.0243210601326363,0.1401457113183607,-0.7311402426296898,-0.06625377019383223,0.17102387094842722,-0.8693953653843587,-0.08843007926054137,0.19044163161368696,-0.983634623517002,-0.1050107609941297,-0.024971686953695,-0.4869287582189118,-0.05329420808223361,-0.08385052199744931,-0.7392871839823493,-0.11811398426370469,-0.11500069154910983,-0.878604481060751,-0.1611850957786055,-0.14957884396022844,-0.9999983277503816,-0.18213817004812802,-0.11339923188980204,-0.42925104283809945,-0.08616561410619403,-0.15514473111000165,-0.5137640470429048,-0.19055552654086988,-0.0992009917647372,-0.3945911080375825,-0.21314887097289575,-0.06387887377839774,-0.3186656534149737,-0.19780418228858787,-0.18835575707019195,-0.3487028648191375,-0.11989864444917217,-0.22331217172112344,-0.3940806782799853,-0.1965747677130433,-0.16505550081463177,-0.3119461411891547,-0.1951957177784687,-0.1222571467751586,-0.2532731326342577,-0.17639294473366884
31,v,0.0,0.0,0.0,-0.24468890109533514,-0.07806473045171064,-0.3386796958496995,-0.21072870664580692,-0.21937542941118077,-0.46448438781907725,0.1402655273306415,-0.31527382746337657,-0.5504063544729859,0.4512861727038267,-0.3796231591152245,-0.6181142549409714,-0.268289258457696,-0.4779606431513065,-0.29620177930881436,-0.3458704954397409,-0.7005313231524871,-0.4806315580268857,-0.3927987422106798,-0.8415185959457889,-0.6038254340239081,-0.416023414825431,-0.9578891916863332,-0.6805336763674567,0.08239073320904274,-0.47754712579147135,-0.22485325184911978,0.187021028199786,-0.7178112773542779,-0.39128527264644114,0.2676548002679253,-0.8736134516208957,-0.49152572488650514,0.3585077663825098,-0.9999986364642166,-0.5458512023060518,0.35632103326857023,-0.417897002816052,-0.18852748290390722,0.5298027001294611,-0.5487496461880873,-0.46226075673317124,0.4351620027736978,-0.42616296126719083,-0.5231218483920701,0.3649171229138227,-0.3285692070581237,-0.48909265310950334,0.5626574996082506,-0.33086265170772833,-0.17261391180606464,0.6902610083475246,-0.4195445704101122,-0.4226279460956685,0.6304303778925074,-0.33763976886271535,-0.453577379815029,0.5761471218307506,-0.26104039179108096,-0.4157758545372915
31,v,0.0,0.0,0.0,0.14388329826025312,-0.15605846623564332,-0.059725974301235565,0.18110042004745533,-0.3472027264574872,-0.09030670590525101,0.03660325162995551,-0.44452548080018833,-0.12810179884228054,-0.12256252096384786,-0.42531016641907676,-0.16635536218315006,0.0657675172556394,-0.47620721095256163,-0.045435658426535665,0.10309957708524806,-0.6960681518400126,-0.10631460228107992,0.12060933947624314,-0.8362598115904308,-0.14803159242940975,0.1321332939091041,-0.9525743556658619,-0.17296244393075647,-0.07044538844891927,-0.4576227549080671,-0.06859370349567535,-0.13221119465955003,-0.7162211831130341,-0.1409193706117765,-0.1613408717398493,-0.875386573090185,-0.19265000291519752,-0.18827341095491948,-0.9999974323031104,-0.21643016353044495,-0.17852479778958827,-0.3954196943869766,-0.09811539524998614,-0.1590309384854677,-0.5021867286096225,-0.21090213726617635,-0.0764588978526933,-0.3944296355370068,-0.23603884609197623,-0.03490810681278659,-0.3041842179386486,-0.21430576109085328,-0.2632090353907401,-0.3065307293450077,-0.12999444081004585,-0.2324339536580949,-0.41026766924996505,-0.2017679873139032,-0.14997731020770996,-0.3383168373201788,-0.18507606801759446,-0.10330971015079274,-0.2553034101170979,-0.15116225753420398
31,v,0.0,0.0,0.0,-0.30742621355181804,-0.13718700871639777,-0.15120109456119668,-0.380559860647208,-0.3296047815538478,-0.22484074948675922,-0.22861124549591036,-0.46459847575077806,-0.31121834787976327,-0.019270488924845557,-0.5482904007747068,-0.38635318839546734,-0.10592473055047862,-0.5373876229749325,-0.05900532202654159,-0.08936846734792483,-0.7591193044025366,-0.20340551830664816,-0.051647184949570366,-0.8924309185438674,-0.294684623912803,-0.006869289999784794,-0.9999986637963815,-0.34892220816579944,0.1865887920084153,-0.5017641620095558,-0.09787804178350491,0.39033965886440886,-0.7274861642205711,-0.25445638915128066,0.4725021016256609,-0.8706537560096511,-0.35396924477201813,0.5384593118588409,-0.9867111870844499,-0.393486657350954,0.4148166315674101,-0.4231474675473231,-0.16220042072969268,0.38396886029776783,-0.5924902001712932,-0.4174823018903182,0.13025503893423812,-0.5058205872648489,-0.45865459611865156,-0.02768248208168347,-0.4190781399734215,-0.4066416463653245,0.5889475181640418,-0.3156762507525451,-0.23534030991903898,0.45802633729869413,-0.43380709239209053,-0.44678788768853056,0.22149808574564048,-0.37110150538002606,-0.44305194965595196,0.06899562662149063,-0.2906337264172137,-0.3817334415382208
31,v,0.0,0.0,0.0,0.1096763256295545,-0.09748325095868941,-0.033747978168500364,0.13679992390701226,-0.2866186153357608,-0.04901595100184917,0.033855642179942955,-0.41718082651916705,-0.07750442924807188,-0.06657894225653305,-0.4799134483260037,-0.10761645032975033,0.12730050296275952,-0.47561092088230067,-0.019796443580412625,0.18890856480170048,-0.7024516422246895,-0.06890346205149772,0.21936759461496025,-0.8422222721594561,-0.10018088896363753,0.2406936261598539,-0.9603971864402688,-0.12425125125287445,0.018642064093265215,-0.4701977005737772,-0.052711446008433534,-0.027943785681436333,-0.721674220507588,-0.1271845161023257,-0.06280510329186577,-0.8703767550189611,-0.17588649615489335,-0.09791876078392704,-0.9999986110365159,-0.20025445268527559,-0.06691332571516527,-0.425587685318441,-0.09100638252330516,-0.13200848794264755,-0.541819508000881,-0.2020914712937071,-0.0949273161930661,-0.3983891218957018,-0.21898880545408184,-0.06273659566324032,-0.3013366204134332,-0.1990342097061607,-0.1410238848980681,-0.3563780087283534,-0.131096881217564,-0.19808602058858243,-0.42733237385699396,-0.21590906674125226,-0.15729835846150805,-0.32528034707555686,-0.21370283133915025,-0.11557969628886583,-0.24994107977151264,-0.192872455591937
31,v,0.0,0.0,0.0,-0.2494123111306065,-0.0934275734952654,-0.11092269025883068,-0.3626213346656768,-0.26889526673930425,-0.18904167774952524,-0.1957046918253966,-0.4007271131260348,-0.27696369153498335,0.06485250576493182,-0.44414161828855353,-0.3627302006441908,-0.19649973531206216,-0.4615288902689024,-0.13146853838249115,-0.2866382964384775,-0.6797072846938905,-0.2782398611650488,-0.33240842238005597,-0.8201755037830784,-0.357031778181352,-0.37064686079029213,-0.9348267986581191,-0.3976577902851941,0.05472377543351412,-0.45027894476398206,-0.18718697712365298,0.1115105562458531,-0.7050849231401964,-0.3380111663576829,0.12166814727428026,-0.8641379422580003,-0.41717189712241,0.13841292516644224,-0.9999987190419374,-0.43772315662675976,0.2818726547570267,-0.3849797853548561,-0.2542914380291138,0.1581222616392486,-0.5025574251098713,-0.4870752539171494,0.00246094705293423,-0.38038887305199304,-0.49845152223477396,-0.04159124208160318,-0.2843126052711313,-0.4236509327234096,0.4661637807767323,-0.2862432942798043,-0.32522144922157226,0.2808023657340672,-0.3692742979592361,-0.4987620801318269,0.14900167057585473,-0.26977925919955714,-0.45410366365799004,0.13669960759794372,-0.1807262954816844,-0.36698490109710363
31,v,0.0,0.0,0.0,-0.21653147182100616,-0.09857888473593725,-0.09844113837013353,-0.34810478415039625,-0.24782111270347243,-0.17837466227988696,-0.3284657740151648,-0.3795103605683202,-0.27144586019631606,-0.19164969808966142,-0.4439074499991966,-0.3547424659210338,-0.19584062196743224,-0.4852592752562161,-0.07755168211961849,-0.30961240524591205,-0.6942715746694945,-0.22098303605511257,-0.3874254706409612,-0.8191598108579536,-0.3037578104294165,-0.45159647768163824,-0.920303243072191,-0.3428789088761358,-0.01580674158014053,-0.48107150884065397,-0.11679681215874083,-0.004649808385434393,-0.7286944705503885,-0.2615067561274748,-0.032593389412663924,-0.881079183021269,-0.33102808288078434,-0.04916852775748952,-0.9999986417070388,-0.34314413570166613,0.1485201406485776,-0.42909773783187843,-0.17292656243949672,-0.049343362107224786,-0.5221703323181306,-0.35798489624736984,-0.17302500244883065,-0.40648366965093186,-0.36605245507229217,-0.20502543665081568,-0.30621586647562093,-0.3055082184212903,0.272143610821031,-0.3463431631196532,-0.2377617497518295,0.041334418734586896,-0.39357839295887304,-0.35493802617654924,-0.054635754532413205,-0.3049609776490886,-0.32351188577398404,-0.060878138279571344,-0.22229359747016494,-0.2585055882981109
31,v,0.0,0.0,0.0,-0.25761634178593995,-0.11360570157903023,-0.13826762145195964,-0.40577071979177903,-0.2699408526955083,-0.22520842850338696,-0.3155727829376525,-0.4084996762157479,-0.32876142249685514,-0.13679549904106192,-0.5186024842003302,-0.4211112649483793,-0.3004925318246104,-0.4808028232946806,-0.043951413020973315,-0.4536278275567504,-0.6804746802710071,-0.19824314071306293,-0.5347990014365829,-0.8048407750986248,-0.30356252693137886,-0.5836346020801164,-0.9077262394332885,-0.36305653794500364,-0.0599452449376468,-0.48057997910279454,-0.08254284728506886,0.028433754714512295,-0.7300526753667189,-0.23039187643902734,0.060824586702946666,-0.8854360780540669,-0.3174784899024507,0.10380889511145382,-0.9999986803017502,-0.35595568997040555,0.14027479459189326,-0.4260833651159296,-0.14956369029064398,0.08693401278136936,-0.58449648129314,-0.37246771304981213,-0.062404239742641796,-0.45974259194875616,-0.390835486279228,-0.11580094891653703,-0.34934323521605865,-0.3353906242397028,0.3166497189881687,-0.3364229130352438,-0.22778354534801196,0.1766046906809557,-0.4528665153396062,-0.38801426150471824,0.025569188199893362,-0.3687608067458316,-0.3621955239935793,-0.034274978450929014,-0.2804727382217418,-0.3014819070907397
31,v,0.0,0.0,0.0,0.16148616173302743,-0.05059699970225711,-0.07674185849990008,0.24889052396257078,-0.20871128733873914,-0.1165297340630936,0.09601947310479109,-0.3095131238227724,-0.15720199866608406,-0.05656951909848601,-0.34447977253300655,-0.19876998526131717,0.1612050831294439,-0.47228247513366584,-0.09316210380401596,0.2512070435912679,-0.6797817424103697,-0.16738706201811182,0.3100984458698443,-0.8106995814049985,-0.21091073131275545,0.34687230847480666,-0.9283885861796445,-0.23996676420662938,0.010023711332536902,-0.47259167228907234,-0.11851288491689893,0.0056465900987680995,-0.7176161626626051,-0.21047106265136198,0.009848335675349807,-0.8565118299675925,-0.26440659689980917,-0.009499063346908,-0.9999988041799301,-0.2890901593470029,-0.11759889354741626,-0.4129088521647015,-0.15088640799086478,-0.0684730215510837,-0.47277264314605183,-0.2830890402830453,-0.010676389606408975,-0.32894614365714,-0.30042364636597346,-0.002593179093591106,-0.26989554547109457,-0.2742915686604238,-0.22593445272261747,-0.31758418170419406,-0.18699342613139788,-0.16039042916731427,-0.35363202258832416,-0.2701718444362128,-0.10411424821845375,-0.2709805865722362,-0.25088144873922846,-0.10432497698515712,-0.2423913252024444,-0.21754922203714025
31,v,0.0,0.0,0.0,-0.23523672075144408,-0.11800924999286076,-0.15606353603862097,-0.3778793133380303,-0.28139654193091157,-0.2544878296350498,-0.29370284421316173,-0.415599484273028,-0.3665899955119184,-0.09883728558682059,-0.5225134439553667,-0.46784934546720336,-0.261034061032319,-0.48577923897124675,-0.07517713200593569,-0.4133239201344112,-0.6837906313135109,-0.25516886974880293,-0.5087808261075231,-0.8089123381054429,-0.3758627647511254,-0.5722030555789833,-0.9047609219833541,-0.4402643304721128,-0.00861982450617793,-0.48521433990615587,-0.10763440649056122,0.08425469151580536,-0.7319878324830682,-0.26838119752814404,0.10521222853563289,-0.8871193675391152,-0.35778720741846404,0.13897948046527442,-0.99999864356181,-0.39597448932362955,0.20482931253132733,-0.4316278383385982,-0.1702956553944815,0.12927561893823794,-0.5895005123531168,-0.3970979407275183,-0.03414934910748889,-0.4724391479533755,-0.41324789321786254,-0.08878956893972807,-0.36757392768844105,-0.35675176125750524,0.3812789756806676,-0.3430370795893751,-0.24574274824085238,0.21118266852574158,-0.4647823279933973,-0.4010715977620996,0.06255980234575186,-0.38385348275519016,-0.3701162285553429,0.01712290158857008,-0.2976645354453052,-0.3071867597217762
31,v,0.0,0.0,0.0,0.17833604703917857,-0.09047793060017484,-0.06423253992311234,0.23348229118895414,-0.31000004195028436,-0.094302009112069,0.061436096534205294,-0.43944830973163096,-0.12806307298007927,-0.09854717369135857,-0.4454795205589839,-0.1628418601313442,0.16294446825810016,-0.44525959263680415,-0.04851009064415305,0.22465701893093049,-0.6788555826829793,-0.10526903780460208,0.25387338756610206,-0.8358127969681922,-0.1394795371664234,0.27868286606630965,-0.9573257392321317,-0.16348790738086286,0.025066611733846854,-0.44636505006667626,-0.07397779071876809,0.02950603856010658,-0.7098026088128869,-0.15209430147709016,0.03552877404623898,-0.8739514015109442,-0.20504239764764653,0.029669871215394623,-0.999998794977709,-0.2307594559077049,-0.09602536464116536,-0.4055646856062042,-0.10623018100271726,-0.10009780201008434,-0.5665791822010351,-0.23655139995166094,-0.061162084443050595,-0.4060907313612807,-0.25137927876041827,-0.047578087652023225,-0.28785210789302007,-0.2204766583907613,-0.20293902887829318,-0.3341161226187731,-0.1406202965472267,-0.18930479055181032,-0.4498781508275042,-0.24073669223492508,-0.13407576817528355,-0.3294783871729385,-0.22842999400826197,-0.11361888016628824,-0.231082548599814,-0.19488850791591916
31,v,0.0,0.0,0.0,0.1816566032677972,-0.08479515025512961,-0.03983069066842705,0.2849567567312491,-0.24814609960507153,-0.06601168816253324,0.16475058079442734,-0.34684508267545733,-0.10178500967671884,0.0005718637721567883,-0.35634382137570886,-0.1458626677419824,0.1878759357708435,-0.4892294190218486,-0.05512954036125971,0.257747976254381,-0.6844761026133765,-0.0896631513394254,0.2983557844703781,-0.807094564809641,-0.11527194253682073,0.3256035366298422,-0.916801221415795,-0.13971254422799953,0.05485888481250962,-0.47447642977877647,-0.09250586727390804,0.03821302876709555,-0.7219946057596756,-0.15255128742781338,0.0246197515475268,-0.86974542652777,-0.1966927406912719,-0.005776410196353854,-0.9999987229759046,-0.222973336714044,-0.06089515697054899,-0.41209920712106324,-0.13192636169608649,-0.027193404930218844,-0.5149757718859856,-0.23869253063671356,0.027242652349436926,-0.3712748472703283,-0.2702039142703526,0.048301899215720805,-0.26676771339491173,-0.2621967177699278,-0.15429517101466658,-0.32082478628463423,-0.17140750199347665,-0.11581752300041236,-0.40115615655116243,-0.2529550247183617,-0.044328157689137906,-0.3028984212229825,-0.253301754712787,-0.0047199883550435836,-0.21668849232642096,-0.2375585079547652
31,v,0.0,0.0,0.0,0.1290915173622879,-0.15478871177534992,-0.05512209374591077,0.1569932480557448,-0.35192773229155805,-0.08970216067807604,0.007005839857003839,-0.44321993428612594,-0.131659055214128,-0.14783261225536798,-0.4445954649494896,-0.1747459570988502,0.058958632018898345,-0.48699501909864307,-0.0582851175047992,0.0682107059015119,-0.7227592672950612,-0.11867568272873857,0.06515860417683883,-0.8640812158843745,-0.1566585547879311,0.06036039390477101,-0.9836920022923662,-0.18283743858414275,-0.07810420741378067,-0.4591687650359905,-0.0870223768212385,-0.1462321364857711,-0.7259252026268491,-0.1622271370894524,-0.17738158948308408,-0.8728607565652803,-0.21093570238162232,-0.20906890627401423,-0.9999979241184624,-0.23529610977069879,-0.18336379300132682,-0.3893144008334871,-0.12075036208449548,-0.19653842450649625,-0.5315137343228553,-0.23716590410017188,-0.12219208718150001,-0.3974500392411047,-0.24903483629199438,-0.08106982034348287,-0.30831164333245664,-0.22128374952969204,-0.2682836639089207,-0.2938301525247374,-0.15662556469499958,-0.2778094952434271,-0.40003430958697256,-0.23687596866552882,-0.1989714941263921,-0.32163834168886957,-0.2206348206365245,-0.1466908116831345,-0.25934562230332586,-0.1890111485865288
31,v,0.0,0.0,0.0,0.1713453753888816,-0.09599875324181364,-0.0833048143562994,0.2537676289803957,-0.2964004219242785,-0.11556028848606234,0.09396448483214119,-0.4276683347343807,-0.1450288343900894,-0.07829664808181248,-0.4488204371815995,-0.17501929517834353,0.17590130009170785,-0.46687620871305047,-0.08833791948954729,0.2513455770474297,-0.6858017185270661,-0.16342492451118126,0.28854496986626216,-0.8359703562266184,-0.21112256372422372,0.31440913837097884,-0.959342230860407,-0.2414450907390916,0.019968192970253106,-0.4672385594504242,-0.10620745900302034,0.00868011235686684,-0.7253193053516935,-0.1899038220609362,-0.0077657726874557804,-0.8788275248288603,-0.24214074832678242,-0.03274413586793979,-0.9999970265411648,-0.26746136857144387,-0.10979147588042129,-0.41780945262731944,-0.13241436088280062,-0.10913004621454765,-0.5386174011460596,-0.261132282440523,-0.04934704842672223,-0.40426175317013474,-0.2812879425139588,-0.008188648138359985,-0.3052847941123134,-0.25825193081912157,-0.22398982438730236,-0.33348736106599497,-0.16281090439397355,-0.19089884557828143,-0.4186691162378018,-0.2565301223507501,-0.11731479524983979,-0.3194621987149561,-0.24505583741187925,-0.07670687742187506,-0.2332886535082541,-0.21493621883450253
31,v,0.0,0.0,0.0,-0.2484596978878714,-0.07144821103092389,-0.17008644515420737,-0.35296782565395013,-0.23312412101961782,-0.2467754989570406,-0.1584781776174433,-0.35885696650175963,-0.32076944615906555,0.05610809128922691,-0.45308967770499525,-0.38076015492164655,-0.36865782173960615,-0.490837201578793,-0.09994035868925363,-0.4791319813023546,-0.6900613497203131,-0.245792248439609,-0.5486124898773393,-0.8100600376734417,-0.3404852540925644,-0.6089632870630249,-0.9047407287603687,-0.3928633083850817,-0.12376476758211646,-0.4936193924354027,-0.11382898343527328,-0.06491773659501376,-0.7407645479441518,-0.24666493067364545,-0.06538921927850323,-0.8861637929180445,-0.3232525582565832,-0.05259596204016604,-0.9999987402186938,-0.35086748449794036,0.08053530951643578,-0.43273550219167706,-0.1534830874677717,0.10435370761341171,-0.585845167275688,-0.36956948076538837,-0.029293499206489396,-0.47153734814843,-0.39690954439121545,-0.0882479072022543,-0.37833725835996546,-0.34785856295765555,0.2422827040591482,-0.33759849636234435,-0.20436602954789376,0.16821802319127724,-0.42694622947080507,-0.3845955415289527,0.055183147238387076,-0.3475984495991194,-0.3773930597230969,0.018078083284948556,-0.27468713296415154,-0.32192284793637727
31,v,0.0,0.0,0.0,-0.22604593828278588,-0.1323218098803506,-0.2273280065139207,-0.32245594471817624,-0.32681144422570485,-0.30128997294579307,-0.13978177431405903,-0.4689188224619097,-0.3752638818645878,0.1207550114202372,-0.5801362039153661,-0.43504346342733213,-0.23387413848525176,-0.5283254785121736,-0.04281059414232411,-0.36370809385248365,-0.7293663212924575,-0.20130838129665607,-0.4219785595107071,-0.8508398087219704,-0.30792817794451344,-0.435550895972526,-0.9526423660559028,-0.3684242360133958,0.08673975487867702,-0.5209693791778176,-0.04077074648450603,0.15937297876634945,-0.7580789682220691,-0.2077405284083869,0.17937746233989912,-0.8938780594772724,-0.30306311415099524,0.22055690226919963,-0.9999987801419624,-0.3331299518465592,0.3595535625875941,-0.45746305095784184,-0.08008986687180111,0.32746350037620675,-0.5843496296363113,-0.37973546161790994,0.14355698165642752,-0.43826578497827884,-0.4242256424879949,0.06975692044680429,-0.3283440815580454,-0.35579093893424113,0.5836791053477376,-0.36337050501363655,-0.13345775987537345,0.4868419323329317,-0.47175826233583934,-0.3634491450154009,0.3253802362343489,-0.3801055464748458,-0.3520241658596534,0.2651035781915749,-0.29626179923159374,-0.28098665453966504
31,v,0.0,0.0,0.0,0.16341802022019036,-0.11772828353969414,-0.06552894234708025,0.21540595245868968,-0.3265835102861989,-0.09046815730479146,0.07196997087251142,-0.4556700124977888,-0.11618645002034172,-0.06805953524666525,-0.5050491235101502,-0.1406028590287495,0.18652611079275838,-0.4557615999452485,-0.05742792260432201,0.2304258812860032,-0.705607205942347,-0.10737777055935513,0.24483527296981564,-0.8469588625855872,-0.13478864903988597,0.25796509908386395,-0.9667147216888626,-0.15394605685003646,0.05601603802331895,-0.46446634965635875,-0.07673633166590545,0.04539670727214495,-0.7271033024321493,-0.14014215995776283,0.030620346964389433,-0.8745200375342653,-0.1795812023277184,0.01211516738055509,-0.9999984618794905,-0.1992544885831697,-0.06403924510738712,-0.4365143007514802,-0.10451708385270306,-0.07413240643130105,-0.5591169800935115,-0.20983295336366786,-0.04719155537288705,-0.4045537653948715,-0.2276072211107934,-0.02280917078033359,-0.31527103949846963,-0.20829556317016157,-0.1740197485790598,-0.3808691047952026,-0.13642268049270498,-0.18075623912149008,-0.445365828744255,-0.21213549754766292,-0.13612402116616615,-0.3416242044356842,-0.20727661843750045,-0.10790926572405471,-0.2811818981807816,-0.1877217357740353
31,v,0.0,0.0,0.0,-0.25200629092594534,-0.09812230206053864,-0.10681925823089594,-0.4177033812389322,-0.25065318096213,-0.20021559894043545,-0.4126851561489158,-0.37878024934382315,-0.31228607771289674,-0.23821063286664906,-0.42892491270874256,-0.41312730098357986,-0.1631597664640535,-0.48759219859797176,-0.0910913633563798,-0.2288012336454575,-0.7036147028849216,-0.26668570605404374,-0.29280338863039945,-0.8392744372445475,-0.367791157306,-0.3485531795999374,-0.9461888768485935,-0.4200683969837429,0.0503113289744922,-0.47041552109094814,-0.14495690357561017,0.10415369709781915,-0.7047925971075205,-0.32519731345938696,0.08786747243123418,-0.868415929404594,-0.42074600524273703,0.0840127261244758,-0.9999986140347303,-0.4491880801123508,0.22142465920124846,-0.405530513382584,-0.21763634759664507,-0.038166672422069184,-0.5161493904573945,-0.43340148052963007,-0.19063295032902072,-0.39920060722748874,-0.43838810730705086,-0.21539285111413012,-0.298690051004497,-0.36853138392041235,0.3310347859620599,-0.3144626068927308,-0.3011042816374876,0.010194152608124186,-0.3709327154744967,-0.4483050621689934,-0.10121509533141373,-0.2837587950259977,-0.42447171478015083,-0.09010231988390947,-0.20449742249130293,-0.3583425596551964
31,v,0.0,0.0,0.0,0.114841479531287,-0.15876240465542907,-0.06125572412456456,0.121267028642029,-0.3640480179372493,-0.09251911652433861,-0.060038780780325665,-0.4371677636714502,-0.12816535381341393,-0.22358482318976142,-0.3921990390062813,-0.16588315729823347,0.07291174657008415,-0.5305590882167815,-0.04330602548984586,0.0954255658034619,-0.751262409071738,-0.09478651536949784,0.09547821947766008,-0.8897200476653613,-0.12970826082672615,0.09498272610711106,-0.9978992080623539,-0.1539783888132242,-0.07367149449607567,-0.500836860928435,-0.06711102815526629,-0.15204820364346383,-0.7463460223150298,-0.12932371320698152,-0.19554395463621407,-0.8878595463810508,-0.1772684745621577,-0.23269832521728667,-0.9999971225339896,-0.20226572063257492,-0.1883051463735853,-0.4194225321597961,-0.09722215513821984,-0.2482024311238996,-0.5434341121306129,-0.20181443405200827,-0.18032146870690868,-0.426053722167488,-0.22731021780149901,-0.1316050716153408,-0.33336224556211,-0.21112275038630832,-0.281015231850789,-0.3041783034739948,-0.13002529768912138,-0.310716449122558,-0.3913612967534441,-0.21155915844493134,-0.24106725798385797,-0.30643143480279456,-0.20422398281034787,-0.19230798330743817,-0.22993825220278244,-0.17741311137525947
31,v,0.0,0.0,0.0,-0.18856323645628084,-0.11528612105667353,-0.25700660831519717,-0.20019050999974156,-0.3037047015321566,-0.32804312753683745,0.04610943469181663,-0.4529759654785549,-0.37634652389343987,0.3035454284810478,-0.5641062943999737,-0.4104781025626791,-0.23965057881820037,-0.5295915288538516,-0.11571697478467835,-0.3104517291265818,-0.7420849164162721,-0.2723134074309561,-0.3438968356440141,-0.8692574421359348,-0.36018322504635,-0.3548096146728955,-0.982609527876565,-0.4011365828561125,0.08203289198811622,-0.5149357573877984,-0.07440713654579666,0.17995605412658097,-0.7532489121406017,-0.23734884509427998,0.2187552874683638,-0.8830903407059839,-0.3053175782833597,0.27542407860561013,-0.9999987293588295,-0.3101575704869533,0.3408169128989285,-0.44010302217374775,-0.0708805127238823,0.41677448090188424,-0.5473159005157081,-0.3676183531190675,0.23901242630814687,-0.39953141225467176,-0.3947282093025969,0.1662977273029921,-0.3076179108891415,-0.3132971732911324,0.5352626491900498,-0.34033417089808815,-0.07961210109047116,0.5610312566343444,-0.4348027058595317,-0.3161970144873478,0.3969263928224619,-0.32756725815512233,-0.3011873849551781,0.3269046428797297,-0.25061376023201426,-0.22268339833945874
31,v,0.0,0.0,0.0,-0.32502100137063467,-0.08722808713588273,-0.14177424227899454,-0.49540702945326864,-0.271163231563826,-0.227035815263731,-0.3890815268503969,-0.43211939575920333,-0.32066586623530935,-0.17898254565261604,-0.5330698688536747,-0.3994999939453157,-0.39087179872754957,-0.4698990972320378,-0.10313128013475088,-0.5072181510284416,-0.6888134255499211,-0.26076074494004015,-0.555026003471226,-0.8265678998581011,-0.34241817020136145,-0.5766447358825192,-0.9332939710998109,-0.3827120333720091,-0.1004918697741809,-0.467077551985986,-0.14495572980079013,-0.0847358918361894,-0.7161606524741181,-0.3114367247437876,-0.09110184997088332,-0.8742763298379804,-0.3957499772391344,-0.07908320538669249,-0.9999986000569573,-0.41862661450002336,0.15798316970872744,-0.40998511010656835,-0.20857934716828147,0.07449792317175802,-0.5514304399575224,-0.45264987414737845,-0.06725673027969031,-0.4226075490185651,-0.45067619431935263,-0.1191303898700023,-0.31642227255829675,-0.36525969877465725,0.3882601963406409,-0.31912307562740894,-0.2804119305917285,0.2443297638541538,-0.418847769468775,-0.4564663532888966,0.10158447382728916,-0.3314635602782592,-0.41584574776900823,0.04784477601797152,-0.24807919645858076,-0.3297020246793417
31,v,0.0,0.0,0.0,-0.24552403736051284,-0.10443641048919242,-0.1032924812931813,-0.40708501631596306,-0.2665546879324267,-0.18426855323446958,-0.38407070892777007,-0.40939369570065387,-0.28361687273424474,-0.20623514884657235,-0.4894270139170321,-0.3724110860787052,-0.2796208735043831,-0.486023301942581,-0.04791111802076511,-0.3669442993555065,-0.6830740767536198,-0.1931422505535281,-0.42092546859571994,-0.8043506346511831,-0.27699479882955014,-0.45969242186316933,-0.9027602319992744,-0.3195987456366447,-0.0837964746179533,-0.48685638459683755,-0.09406769943361235,-0.02314315401271885,-0.7304175164875245,-0.25152614333471984,-0.016007555910243457,-0.8800833898014294,-0.3255202876474153,0.006627701735340189,-0.9999986266279222,-0.3401316094717467,0.09941483022558666,-0.4388908137661115,-0.16139313047419035,-0.0535927466014744,-0.562861199312911,-0.3671230126854019,-0.19884451792407765,-0.43920040584613496,-0.3626468203734503,-0.23791349128122732,-0.33921960004115065,-0.28686271894287746,0.26180815510109984,-0.3575653456335065,-0.23752805040237038,0.055620893977111736,-0.44813306236552053,-0.36566477013819476,-0.05266900471172709,-0.35871448725681926,-0.32363021653856267,-0.059666587941933975,-0.2785890772662405,-0.24915226297389506
31,v,0.0,0.0,0.0,-0.24871515930099217,-0.11685301213286807,-0.10453070057743544,-0.37666378500101144,-0.2872264902839411,-0.18377607588227127,-0.30235249587392865,-0.419115271762859,-0.28183571806101543,-0.11267262688608734,-0.4764766857587049,-0.3704278239908265,-0.15721532758700232,-0.4949638612676873,-0.05856417067436571,-0.29640303166810306,-0.704035511093218,-0.22825801831330012,-0.3735311494841065,-0.8330447831367607,-0.3278331728020126,-0.42169839939391174,-0.9342930129108745,-0.37250213615672856,0.06906112577307798,-0.48161114005423833,-0.11188273159482523,0.13763482363283072,-0.7282702106651349,-0.2786024929628191,0.16258640670685176,-0.8816405851149783,-0.3561501512383198,0.20467871076313643,-0.9999986560914731,-0.36612848550636495,0.26760937917177613,-0.4196083068995093,-0.18728569703879608,0.042504755383435296,-0.5165899603940177,-0.4146539168318536,-0.12607048624730274,-0.40227437702210345,-0.4252933827815142,-0.17221088513149277,-0.3008844847558424,-0.34800109347687314,0.41620896781030914,-0.33127667651894316,-0.2716699623533314,0.13816406541152257,-0.4088637455640997,-0.411855912392667,-0.011872894874784979,-0.3220767450031968,-0.3661733833445603,-0.04500978240388944,-0.2362142153622094,-0.28156198543376637
31,v,0.0,0.0,0.0,-0.29968099013323224,-0.0760425941695452,-0.1389837427954056,-0.48194671705145226,-0.25361824063763466,-0.2204570618833548,-0.40090946091457336,-0.40817357956883865,-0.30619300630107465,-0.21267108677038482,-0.5007085229607178,-0.37927766573773686,-0.3619438890411892,-0.4644834638893438,-0.11713110021530726,-0.47764093595958595,-0.6859258453473321,-0.28211382957905223,-0.5350847217629714,-0.8211440954173154,-0.3689701064854292,-0.5668175108781244,-0.9266097814665889,-0.4108646729712047,-0.09645337210178102,-0.4605628726209876,-0.15197089218581677,-0.07996678970199192,-0.7121865135109238,-0.31321457918360085,-0.09948150517821538,-0.8693018976209698,-0.3892832724654721,-0.0962314766431253,-0.9999985771878313,-0.4034158463830766,0.14796174060709785,-0.40307519960191157,-0.20762424920145542,0.031852281070530744,-0.5294346773746588,-0.4398720447904208,-0.10449758071455756,-0.3913135954092708,-0.4393603664988866,-0.13202474487645394,-0.2839613103256937,-0.35662414507594636,0.36031565213751615,-0.31221662064009076,-0.2721095373476324,0.173293356697472,-0.3839095040989721,-0.44789089634524276,0.03874151385627411,-0.28904569726732815,-0.41802719378122405,0.016514822869016066,-0.2090278118214646,-0.33861700846257714
31,v,0.0,0.0,0.0,0.15213536733165883,-0.07307295900815694,-0.06185126650843824,0.2092914416633301,-0.24531708851480777,-0.0883710698071448,0.07294194695222873,-0.3678702894217126,-0.11795854946331341,-0.06507347215578724,-0.40956134995069143,-0.14834221962668398,0.16834845870297346,-0.4498233497803795,-0.05630194971706457,0.2231226804872941,-0.6795013347576532,-0.11632862637880927,0.24998942826691703,-0.8301634200559156,-0.15253277874489912,0.27101222508622685,-0.9499695611907,-0.1744900848132905,0.03804241924685763,-0.449113648197102,-0.07993592180492408,0.02727604926569935,-0.7147989815427751,-0.1488095774978741,0.023902393520948376,-0.8759269096521956,-0.19380395897727187,0.009931120472316207,-0.9999978680722009,-0.21317881220074747,-0.07472122028598907,-0.3982507271707547,-0.11109312380699742,-0.07906939732745537,-0.5085968066996884,-0.2307245795531942,-0.03510843538718098,-0.381837623213571,-0.25539911505410456,-0.012713506482601616,-0.2893286254291456,-0.23308155760011037,-0.17341497827805974,-0.31447595116340993,-0.1441541225439525,-0.14570980416961588,-0.393223346017808,-0.23172024258686885,-0.10030072061017761,-0.29934081834732235,-0.22122887402718064,-0.08770424817559723,-0.2229085628207189,-0.19048796251513722
31,v,0.0,0.0,0.0,0.1465100567414291,-0.1198308844546536,-0.061649550776847466,0.20955288900327396,-0.3031979875540534,-0.09748309127910758,0.06047656499532466,-0.4016262733519233,-0.13552658807578166,-0.10031361518305569,-0.3775132548703864,-0.1769462954974539,0.1407989831336701,-0.4519411325086763,-0.08175801005605894,0.1955875071613942,-0.6794778615631476,-0.13785356549947353,0.21403381539626543,-0.8253707172981636,-0.1713698578829363,0.22847153655331556,-0.9410239290001383,-0.1966413585972699,0.005528514405715016,-0.43799095447852676,-0.10709834631165423,-0.04068903095103017,-0.71192075349233,-0.17938998203189932,-0.06415554705018879,-0.874385990935829,-0.22711413719861429,-0.09749069849762718,-0.9999980964355715,-0.25376962444286233,-0.10758829871211253,-0.37438512733753815,-0.13598943919128087,-0.1134741026934873,-0.5208747610482849,-0.25109900116261935,-0.05175899434855904,-0.40669197919011973,-0.2746906366900278,-0.024214679789822422,-0.3076355717374857,-0.2589885881071376,-0.20270833719264392,-0.2823583837764134,-0.16684584456826912,-0.18822052287978125,-0.38916606887133354,-0.2588114466812885,-0.12545481979816786,-0.3065577462932241,-0.25548115951000533,-0.09921292729055803,-0.22356229382240234,-0.23363550873135613
31,v,0.0,0.0,0.0,-0.14715346797156761,-0.1361775080729804,-0.2800032736282681,-0.11901857461620079,-0.3223342155801968,-0.40345169323131796,0.14537526416508262,-0.4546836643294613,-0.49467000400462424,0.42226452219320343,-0.5415725709183544,-0.5641157378577534,0.018696415005904538,-0.5493088104366375,-0.15175192750196848,0.23062786680404554,-0.7445610949502872,-0.3174160039860542,0.3829041154038554,-0.8838498502864715,-0.39880308430059147,0.5298776011298801,-0.9999986591469762,-0.4543995360119033,0.2633151840845835,-0.4885297571775502,-0.10160575297603604,0.4477806019469614,-0.6213449459516373,-0.3640968009956744,0.28607526572320047,-0.5026884137742947,-0.4106072262682005,0.2067954042725808,-0.43676376242199977,-0.3614876578433153,0.44329487215318697,-0.4030361925180227,-0.08914016426789705,0.5576836592502178,-0.4997889573417696,-0.39478309453163973,0.33594425400441547,-0.35681919744732177,-0.3474579538900802,0.2580461479015707,-0.2901106003372429,-0.2218212754599776,0.5606563233811964,-0.309809385380269,-0.09456257897088197,0.6084940377935324,-0.3912682947548336,-0.3143768255460822,0.43324088169713154,-0.29914160112058624,-0.2825783304450481,0.3681748223803011,-0.24806836218402553,-0.19738500925840818
31,v,0.0,0.0,0.0,-0.22813851890684525,-0.14682024725098056,-0.168028971640351,-0.3198677376890925,-0.32903290651915157,-0.2726707696031175,-0.14855575521793907,-0.4594603390249118,-0.38917412828771847,0.1086745500507839,-0.559053124838046,-0.493107570735941,-0.11536197228367423,-0.5232308523982233,-0.07382831314971505,-0.1773615774199281,-0.7378783283702922,-0.26081683355484275,-0.21981591540654108,-0.8669202876677224,-0.38174734612790073,-0.24189300209339226,-0.9741013742356761,-0.44608527525908676,0.16819469692845768,-0.4931901053893148,-0.11315783331088725,0.38123453382127775,-0.7313074158175633,-0.2887162532367114,0.46335670281955826,-0.8811389034065251,-0.38801517790662715,0.5430673742975699,-0.9999986946857627,-0.42919607870456444,0.37749315318715315,-0.41523606533613405,-0.18496201006784224,0.34169212090938994,-0.5641746880906836,-0.4513742312174788,0.1299009410161761,-0.45855603718015986,-0.4793530486479983,0.04568813320947013,-0.36203506117813256,-0.4196120196454643,0.5255360713054035,-0.31141625386479005,-0.26892472080150726,0.3758051438243606,-0.4359816350505096,-0.46314198122355066,0.16409114430024202,-0.36437817004473744,-0.43931374820866426,0.07708825059018502,-0.2839040197744562,-0.3736234509569002
31,v,0.0,0.0,0.0,-0.009705250717345324,-0.10936411497390192,-0.040590672883188635,-0.03392020859715992,-0.28076678004145295,-0.05718914219137781,-0.10933944149508687,-0.39331567174240323,-0.08442970177260943,-0.1708258815959412,-0.44585977556237605,-0.10825699316017998,0.06786600692964259,-0.4754183413952145,-0.011529649673157878,0.11957723358409783,-0.7009160707627349,-0.058263816995024253,0.14501866624638923,-0.8491078641891459,-0.08483525980933906,0.1610544640693598,-0.9629875530206662,-0.10251575442539063,0.024054940225430615,-0.4744105901305092,-0.03992631737776729,-0.05367253915612359,-0.7276718079384574,-0.10736113972147997,-0.10720665813268804,-0.8815951130551248,-0.15292988909938118,-0.14904194857178835,-0.9999978039666656,-0.1720223677172762,-0.00923494934131126,-0.4307081652693554,-0.07615702628594621,-0.11842978592541188,-0.5221188229965219,-0.17983154012395816,-0.08349184541230181,-0.41222314835435553,-0.20537909492391157,-0.028447801157907994,-0.333687661626779,-0.19104404915822645,-0.04470382777719844,-0.36377673997758736,-0.11477926694004566,-0.14099963796906168,-0.44123732692782136,-0.19171798854310132,-0.12682272825957502,-0.36114132447381064,-0.18910631389990853,-0.09176780142449713,-0.29124155533149637,-0.16724911307858478
31,v,0.0,0.0,0.0,-0.2884751367080227,-0.08317931120383967,-0.11732725833144195,-0.4728423685383707,-0.2682193472009052,-0.19658132432052194,-0.4161500382160765,-0.42544403124463165,-0.29038421961354804,-0.18830031842497538,-0.5017113579481632,-0.37305821931173416,-0.2936746897795533,-0.4586578731589934,-0.056800606397960814,-0.36931285643317185,-0.6632862073510745,-0.203062023089486,-0.41953109953891243,-0.7860745419561694,-0.2781194750563893,-0.4567594131097156,-0.8796987679161997,-0.3113238915731184,-0.07164825219184444,-0.4643304277092195,-0.0919139168201154,-0.0056886111775085344,-0.7170096358052609,-0.25058531085288627,0.004914193746959423,-0.8768600113089328,-0.31967926060902635,0.039532006686569685,-0.9999986794828227,-0.3270983275665265,0.13031983730805097,-0.42536296101864673,-0.15013995020647328,-0.02506368680728796,-0.5571516648872127,-0.37079876062995165,-0.1680041905772586,-0.423446555327112,-0.37990137282891234,-0.19030904972338417,-0.3140549575025884,-0.3062911424592757,0.318434560011791,-0.3548938083611392,-0.21544654300236565,0.08546698704680236,-0.4517366797106851,-0.36813827981089425,-0.012305594505980252,-0.3517048362485131,-0.34255330357962754,0.0038531970030014984,-0.2624487999988818,-0.2732334000844135
31,v,0.0,0.0,0.0,0.15836028891506126,-0.13772754664807707,-0.06746551155549282,0.20658264323974296,-0.3482572881756707,-0.09513389132523366,0.06201902992569913,-0.47706285293274225,-0.12309533252463625,-0.09166864685568722,-0.5143909705416867,-0.150470279347169,0.16555718300958652,-0.4553721725070151,-0.05542516717815947,0.2096381473541168,-0.6994367655887628,-0.10525545543563491,0.22491758543590265,-0.8440963023363851,-0.13542906790364828,0.23774184382045807,-0.9633898194633616,-0.1558227566062158,0.02800791684600648,-0.4611740781372049,-0.07097613065635612,0.016259261680300802,-0.7214808430921216,-0.13375872501528727,0.008388338881212343,-0.8748615505047322,-0.17621479145648022,-0.0049454018881869705,-0.9999983914760973,-0.19774350221643852,-0.0932787799326666,-0.4279200459103387,-0.09382382458133015,-0.09511165575533446,-0.5493475118857651,-0.19606897675957188,-0.0636350593456721,-0.4045380258626637,-0.21130515102386419,-0.04701456276595549,-0.31289016002069775,-0.18922885935390632,-0.20263029576849556,-0.3675246195687832,-0.12106942337555042,-0.19940624253245148,-0.44103964875980034,-0.19563238372043323,-0.15205139366291917,-0.3410893484808863,-0.18632015260808613,-0.12659613792452892,-0.27062852908504925,-0.16158546114304784
31,v,0.0,0.0,0.0,0.13257344297185694,-0.11709095143617115,-0.06078796489248158,0.1894322517884915,-0.2808305748615676,-0.09191933211634108,0.059332427258300686,-0.3690952108883214,-0.1280088131418475,-0.07871418961343278,-0.3793885496406873,-0.1654364899762876,0.12023440840549976,-0.5062929159984516,-0.055931915270369566,0.17637528546057643,-0.715444150065195,-0.1103287822791245,0.20316321674031687,-0.8488425527293495,-0.14745116477755885,0.2157912519323758,-0.9603462427776354,-0.172525561867581,-0.00947896839597188,-0.48926841545356897,-0.08079358016590024,-0.037554953718507325,-0.7370200480322524,-0.14353276381854865,-0.050059383626596544,-0.8843383848687021,-0.18903915847099678,-0.07106856302752872,-0.9999978850050506,-0.2137225065137226,-0.1240030143837073,-0.420650149116014,-0.11227926861762562,-0.12238026168824571,-0.529149241165183,-0.20542193265377046,-0.05784349099214439,-0.42878011175598396,-0.2233727952369916,-0.026197449739593443,-0.3456842062218789,-0.20715508547920297,-0.2286015749782034,-0.32541999920811554,-0.14813693458289767,-0.2240221914539977,-0.4236417625722967,-0.20793392168014674,-0.1720178367680165,-0.36638194569007554,-0.19256476125133373,-0.14306697059820947,-0.3112981112725165,-0.16612473377825868
31,v,0.0,0.0,0.0,-0.2705579764390714,-0.07271428714982382,-0.12241812630972901,-0.45464720507572964,-0.23880459930955972,-0.1956815828112293,-0.4079614878186434,-0.3984366682086821,-0.27311550469209717,-0.2752608141288867,-0.5113834789002922,-0.3392711001881706,-0.41020628196705544,-0.45837310180861296,-0.09702928373007512,-0.5460615443290205,-0.6621654058678267,-0.23838314621830395,-0.6247771117544769,-0.7896863728239893,-0.3185671506331683,-0.6816870732451117,-0.8960017533702671,-0.359698764497322,-0.1895640207827455,-0.4693349552439459,-0.12687428745121346,-0.20107080779414072,-0.7090426302608105,-0.2664039077984408,-0.2202554075888055,-0.8627481187695165,-0.33125288127992475,-0.21624427414337924,-0.9999985997138442,-0.34457007634743364,0.02292334991561881,-0.4227186379360855,-0.1750497457711172,-0.09176935150107482,-0.5313361938275196,-0.3764105477006582,-0.18387197299283986,-0.38038967672183305,-0.36795602303825925,-0.19560027228955737,-0.26408704671750505,-0.2916499442288157,0.21741205452773749,-0.3379003820109324,-0.232283963188081,0.0579154469847108,-0.3897797444159492,-0.380862577395977,-0.033233519883055576,-0.28766525171625823,-0.3467171555342628,-0.040882036957151036,-0.20626457813740953,-0.27338830533436387
31,v,0.0,0.0,0.0,0.1340685388485007,-0.11177215045320871,-0.06391940189269958,0.18423427390295874,-0.28616211284569015,-0.1033316879416359,0.02164597475712699,-0.4000802172132033,-0.1471790555934346,-0.12901988908454137,-0.4338743388060844,-0.19309211707209847,0.11420403526908772,-0.46228010450267115,-0.07154619343409233,0.1674749565824176,-0.6938181379039737,-0.13370298554250393,0.1909054023751729,-0.8421489734533487,-0.169745792295024,0.20917242606228378,-0.9621105971303523,-0.1938220963861485,-0.022675592656832343,-0.4431741205521875,-0.09599007039322362,-0.07560575233226469,-0.7123241502715925,-0.18074745176649393,-0.1054187847082156,-0.8706088199217799,-0.23308748661490053,-0.13882714679448435,-0.9999981359531778,-0.2566079281450856,-0.12947664522845945,-0.3742442186907058,-0.12522715088197087,-0.13177264759140442,-0.4872377557384393,-0.25532723880382857,-0.0713041782948208,-0.3559463075776622,-0.2777544265594775,-0.03887749193455256,-0.2620474772367715,-0.25398730226876365,-0.21791301207198707,-0.28102346734430106,-0.15559740686550755,-0.2048630746154324,-0.3620811836712287,-0.25474065547572944,-0.14148207660158582,-0.2706705132585727,-0.2471088502829151,-0.10530945655311579,-0.1978994044436473,-0.21684697805476447
31,v,0.0,0.0,0.0,0.14870262733845163,-0.12438689298498487,-0.047708651760793974,0.19145605063714552,-0.32461347633056964,-0.06911006255516998,0.040452094977604346,-0.42493376007280187,-0.09983909399121864,-0.1160159759680164,-0.4360377610504822,-0.131140574365132,0.08546579389050513,-0.49504497732168584,-0.03133283164270255,0.12989838093413822,-0.7123575352216671,-0.07729359557190703,0.14162805757474173,-0.8418395552812641,-0.10321786005736903,0.1466419435031018,-0.9507803673016552,-0.12121625803059209,-0.04809486661460176,-0.4799097085615693,-0.06045662459060554,-0.07054254075474961,-0.7394767373214617,-0.12569744457461018,-0.08146661203950088,-0.8812407549793924,-0.16814710485073234,-0.10334224911927087,-0.9999981874996559,-0.1869905673934626,-0.149980500873613,-0.4205807687085327,-0.09558535834918222,-0.15497359036493386,-0.5316394682703114,-0.205797663179734,-0.08417798127894059,-0.39963589372388747,-0.22853184200054702,-0.046746123143348244,-0.3108703264675313,-0.2090714274951061,-0.2362841481015611,-0.33667627408083795,-0.13258876261713673,-0.22328745528643226,-0.4033211304006787,-0.21047352598112715,-0.1497411527891433,-0.31672163359957767,-0.20592200966821275,-0.10500704441680114,-0.2526906463403304,-0.1840031727169567
31,v,0.0,0.0,0.0,-0.21733023934491003,-0.08776957892677639,-0.08665214532075263,-0.3577522442978063,-0.25321400778889913,-0.15029576009244103,-0.35622288379763417,-0.4145466767068641,-0.22799144934527152,-0.2358315629754785,-0.5145588808080033,-0.29721030478500193,-0.27529546431366597,-0.4674887183697478,-0.04041732128755696,-0.3963797398269268,-0.676518504931925,-0.15742695657918687,-0.4698376855355482,-0.8019009669882635,-0.22112828099742662,-0.5168738506573911,-0.9040059612935024,-0.2544463094805313,-0.11082977509587287,-0.4836889982817126,-0.07387517969559,-0.1127035379880137,-0.7289372193591849,-0.20764369634573432,-0.14199142801841844,-0.8778976184067487,-0.2727215629278419,-0.15682227846798313,-0.999998661079059,-0.2870796032809592,0.03951773042250747,-0.4516508370817965,-0.12375667479800523,-0.14373506737907854,-0.5610083129010537,-0.30559205983556426,-0.22846695416202417,-0.40415562838247615,-0.3123077269156635,-0.22584840264213496,-0.2881828813142161,-0.2541166113269406,0.16600219234664815,-0.39022933798661774,-0.17987551030074603,-0.052508855199297516,-0.45595077935482975,-0.3143822216155669,-0.11544000273560164,-0.3364166936834868,-0.30272192019363087,-0.09334190667921029,-0.24095605988037852,-0.25281751082014764
31,v,0.0,0.0,0.0,-0.2692521193005795,-0.1240472588184395,-0.15077983642627113,-0.37614450111866793,-0.30518889706568225,-0.2449693862437545,-0.26632320908378254,-0.4455627134302429,-0.3590667825785855,-0.049464212578352616,-0.5579474262612824,-0.46233144690278855,-0.17751852230960571,-0.4938416909735699,-0.05286966290765895,-0.3003062132613167,-0.709125539378629,-0.2335963646693602,-0.37059219255632697,-0.8441202544775785,-0.3492975606748771,-0.4051260462792742,-0.9518381633525155,-0.4126108843789124,0.10858170357477327,-0.47961635346266507,-0.10258119930197117,0.26760503747048137,-0.7242816497969838,-0.27470527199275313,0.32030968955659317,-0.8819840617426531,-0.372285244521011,0.3698653826463431,-0.9999986803196048,-0.40967650735597433,0.3310265174111214,-0.4168002338106869,-0.1839428393474087,0.2522186132624692,-0.5934377744112214,-0.44142374513995586,0.03627166880317162,-0.4811443061143357,-0.46454353691290984,-0.05347960135376992,-0.3753742713958798,-0.4004073998903263,0.4938433428142744,-0.3228072727018104,-0.2766064619845615,0.31102217586595204,-0.4659557094954588,-0.46993687547221213,0.08761245108092736,-0.3914425911785294,-0.4443856135117618,-0.021584209190410188,-0.301996911551922,-0.3741315698037054
31,v,0.0,0.0,0.0,-0.3214058003587727,-0.12167920190554232,-0.135664543841852,-0.4811194835568236,-0.296145138013299,-0.21383027805460011,-0.4562207102216174,-0.4358999588233281,-0.30067061119291094,-0.3535532151123493,-0.5104919616270824,-0.37473753835806595,-0.16769886352982094,-0.5160827194077502,-0.14543196457067284,-0.2006707806330484,-0.7430397830150516,-0.30948031452302577,-0.22048886022568032,-0.8887449379622929,-0.41196696837062996,-0.20341160567395136,-0.9999986142896055,-0.4753705589492675,0.05241282765206467,-0.4941669389961594,-0.1910846885790118,0.0064547817305498365,-0.725856105094675,-0.3713250526001722,0.004521403218090328,-0.8832733644431374,-0.4846433505387267,0.03062762958104964,-0.9995891093910761,-0.5324477200789839,0.21420484319414407,-0.420038210289995,-0.24884257520236547,-0.18888768602200764,-0.4918836890133146,-0.4565438644508364,-0.40331425489184797,-0.37876485745837213,-0.45795697847038824,-0.4880553385591532,-0.27951938780360525,-0.3974472610522532,0.26869930698127015,-0.31947898813099107,-0.32467575035110263,-0.18910499287719737,-0.32427848795927666,-0.4942046043827469,-0.3451579517186192,-0.24492902606813052,-0.48362702182222744,-0.3710769770221762,-0.17035238589267923,-0.4263128962806756
31,v,0.0,0.0,0.0,0.13515712680793837,-0.13841388259802356,-0.05019588709984988,0.1676624443565412,-0.34884352258022006,-0.06900000580941024,0.030922739158045356,-0.4708153830680903,-0.09446662669471106,-0.11671152316984526,-0.47037500321727194,-0.11738059953661376,0.11226618216240139,-0.48625025645942205,-0.031214226501058033,0.1756176127750072,-0.7298526830507783,-0.07377520049969727,0.19651348990305353,-0.8691733811582787,-0.09558517316662918,0.2128515823684137,-0.9818659978095559,-0.11176562799455685,-0.0061446200584682085,-0.4809651110764676,-0.05200802724951675,-0.03136223824916205,-0.7291069731700593,-0.11958258136192745,-0.054518731944742486,-0.8775552042555458,-0.1625758661680768,-0.08358967383009676,-0.9999975372173736,-0.18351783638717545,-0.09735668193309589,-0.4350236574861138,-0.07900377083369188,-0.14101447241038942,-0.5729864443236158,-0.1862095848286607,-0.08922315967504849,-0.46184132246811427,-0.20715557351389807,-0.05225928972347722,-0.3719821074952005,-0.18818476185622274,-0.16807199761780225,-0.3686425602931615,-0.10893785722665007,-0.19033804325502804,-0.4698590248253965,-0.18215014501465684,-0.13761107012998175,-0.4057306173626635,-0.17882889192558724,-0.09809593290933627,-0.3390860262256382,-0.1591760052756361
31,v,0.0,0.0,0.0,-0.2692632962080113,-0.12542579595356101,-0.1365394234626614,-0.3748244032782581,-0.2903101118947618,-0.23658371730004948,-0.30604620308273256,-0.4053043131756373,-0.35559740755905866,-0.1692231179966587,-0.5006018224528144,-0.4634647329504925,-0.0630095404008106,-0.5140838596399511,-0.08512659658941649,-0.018023070197088435,-0.7339276307939848,-0.2557840945553857,-0.014258988045260889,-0.8593834162731632,-0.36475159124770884,-0.019829740772111977,-0.965939056936999,-0.4241464020945086,0.1583735740621945,-0.4791797806776846,-0.14002829419735674,0.3395164177685894,-0.7253216683275994,-0.3282219689246635,0.37369987540497585,-0.8774679729315042,-0.44368219791314867,0.3945075285917962,-0.9999986689398174,-0.4871670497270293,0.34507995079482884,-0.4065305515564367,-0.21792229862910545,0.273662196320758,-0.5903929216096898,-0.4831717388122075,0.02622933099664754,-0.5046535819059346,-0.5170115863019038,-0.10917841508876178,-0.41663051602520523,-0.45670879893148486,0.4898965931932126,-0.30738010227375095,-0.30401812096772923,0.33595353518545407,-0.4355675527172994,-0.49816035297477046,0.14524847569980012,-0.36366520559118903,-0.4771844648962261,0.06612214374415377,-0.2753688224730209,-0.4058978154250196
31,v,0.0,0.0,0.0,0.15123946900794388,-0.11224588585659775,-0.0535789478352716,0.19604491789785392,-0.306829810684108,-0.07259912027501493,0.04432002952919627,-0.42420302420414996,-0.09836318792385841,-0.09632232820687026,-0.4601296225848564,-0.1252272577113434,0.12774238079845676,-0.49100631451272614,-0.030651065433439293,0.1817051307318585,-0.7091586846526332,-0.07640897900612746,0.20821084705914003,-0.8418425240600982,-0.10621174238170704,0.22837367287445762,-0.9552435393631588,-0.1298400707576197,-0.004911885700235341,-0.4772137092289968,-0.056961401194895726,-0.044314879191151554,-0.7259897817078195,-0.12599551993092778,-0.07597276110244774,-0.8727393604553202,-0.17279219749988114,-0.11363531414911057,-0.999998606317196,-0.19710610232551926,-0.10999003779301544,-0.4222859354719599,-0.09088397292954252,-0.14026368328482774,-0.5426996344427019,-0.20678730489261526,-0.08595943271107445,-0.388840553979276,-0.22578964324850417,-0.053074524295610694,-0.28969546670904744,-0.20439929250920824,-0.19846167249034916,-0.3406564833320372,-0.12784509354624948,-0.21718061764882643,-0.43176754167233133,-0.2161213372940121,-0.16026468880157935,-0.32876800786541766,-0.21243479593108294,-0.12246178904319822,-0.2546665224075526,-0.19016757937218326
31,v,0.0,0.0,0.0,0.1296327678827317,-0.10156201659670391,-0.052035457421092196,0.16428470659764535,-0.27529176850148257,-0.07416398171421171,0.03558006598326756,-0.376958970383227,-0.10423135303556558,-0.10923448590763753,-0.39839773382655974,-0.13320247522029757,0.1264175095751421,-0.5079407920774448,-0.031145973452071696,0.2067298737580221,-0.7094667134695233,-0.08166688455873528,0.2441053821038025,-0.8410787198591335,-0.11403861394529724,0.2675939607846344,-0.9471394777244854,-0.13677234760871115,-0.00622669695004193,-0.4949216719145755,-0.05808086116686484,-0.035975468717515016,-0.7362754885390251,-0.12483651382480376,-0.05541571174507809,-0.8815306196878936,-0.17105215166212573,-0.0831810425383502,-0.9999979263028824,-0.1941184905287872,-0.11132793264410179,-0.42776989036075613,-0.09217605021279572,-0.1277525345618901,-0.5213599500488142,-0.2023000454951387,-0.0704146884247263,-0.4103541859657677,-0.22765396345821362,-0.04159639236322847,-0.33214422966290713,-0.21188462198752475,-0.1997812794433749,-0.33197192850268803,-0.12945703394431674,-0.1848696275626469,-0.383806396477186,-0.2134883731291948,-0.13308002710691477,-0.30735684137548813,-0.21361308752708655,-0.10615333574842509,-0.24922126805894543,-0.19332198391896152
31,v,0.0,0.0,0.0,-0.29325965243250046,-0.0914015462135422,-0.13342507490376965,-0.4698627777132506,-0.2695774373639922,-0.20360552529757717,-0.3874266288865114,-0.43280080933107884,-0.27850133934202886,-0.1937770408415975,-0.5324366433118133,-0.3389468950631967,-0.4186588833691215,-0.46384389530347925,-0.06046832015773513,-0.5375775130072773,-0.6720161263250415,-0.19941365780072903,-0.5929804968998373,-0.8003297423160275,-0.2751094371611325,-0.6239422937575467,-0.9034138186868812,-0.31181192382232986,-0.17570020469535882,-0.4675402726136068,-0.08349908360455977,-0.1769625864845325,-0.7212250930569463,-0.21975955176146,-0.18613931094890165,-0.8756344024453977,-0.28128361419712694,-0.1707977037365126,-0.9999986231145526,-0.29168082434461245,0.048230419776813645,-0.41703950243920507,-0.13053076592177354,-0.014223338179800288,-0.5591019349934914,-0.3364588367413315,-0.10869762113553799,-0.42248320588854055,-0.3341440871402625,-0.12468313990155183,-0.31528998733896946,-0.2587445349979075,0.2503271409386937,-0.33210300549259464,-0.1867715180565393,0.13028819054874946,-0.41998314500935724,-0.33998206946819876,0.0481371075876126,-0.33191022595659353,-0.3134090230817379,0.04330809921049859,-0.2569267829851239,-0.2442055808536218
31,v,0.0,0.0,0.0,-0.3215316354074308,-0.08512291934486306,-0.14444219128259814,-0.4973114203267182,-0.27934596848675775,-0.22817181760792402,-0.41121369303300426,-0.44327288786065433,-0.3177172233237671,-0.22017587401931726,-0.547759601749279,-0.396661136481338,-0.3573789069223361,-0.48592123734885234,-0.12196349946937532,-0.44069807579250053,-0.7185480342701641,-0.29678635612893545,-0.4815486955176436,-0.8678503713928972,-0.39563227896204967,-0.4988217979431439,-0.9871436572255505,-0.4491474656296335,-0.06850648499158844,-0.4768473863415295,-0.1583759310812404,-0.03574989106521427,-0.7237687210484477,-0.3274227245219781,-0.040652848469939176,-0.8765094774685852,-0.4118039104369229,-0.02237506259462891,-0.9999984695336406,-0.43346246273450434,0.19218941694989267,-0.41550755510977877,-0.2146928353870485,0.07232425473399531,-0.5736041450400193,-0.46471625054545923,-0.11228171100909165,-0.4357549346986994,-0.4616319585601866,-0.16175804922717146,-0.32043303797827005,-0.375226239937883,0.4213080546639276,-0.3167871321864186,-0.2791629805589845,0.19644368828646497,-0.4043668667735101,-0.4847339764743357,0.013493327022481051,-0.3059523142462286,-0.45923553288020214,-0.021162254090046,-0.2151214865944639,-0.3771153750504372
31,v,0.0,0.0,0.0,-0.2498719526367786,-0.11090068321294444,-0.24113573175042674,-0.2684609598723314,-0.2956231479399453,-0.3127483709329853,0.030547887763040345,-0.41374035044165686,-0.3730931822976297,0.3306847349004296,-0.5079135344002311,-0.42070976873163685,-0.2929415187510403,-0.523781008461348,-0.11141961669450348,-0.3980341565296596,-0.7367024622145891,-0.2529291346289265,-0.44722959463214096,-0.8612518247565747,-0.34101141343739,-0.4642869027307782,-0.960451579526441,-0.39289528548627184,0.05368901888646021,-0.5147463245380546,-0.09439839415090025,0.1276290700443792,-0.7589465118023072,-0.2400285348358616,0.15583338453300724,-0.8931307822575454,-0.3144947157900316,0.20874096577881204,-0.9999987590773225,-0.3390699865380125,0.3477272500479896,-0.44378017429994926,-0.11198783243656925,0.4025172343183737,-0.5854498998945389,-0.39846227978279325,0.2205324270824829,-0.43630278131893496,-0.42111039882918627,0.14606589479572482,-0.3317308184358569,-0.3505158475221413,0.5816032148611678,-0.342021460887986,-0.1422196687998443,0.5575133378204089,-0.450703793157387,-0.38732732964793043,0.4130208213012597,-0.35061712700568454,-0.37218863032163396,0.3691444106528675,-0.27025597353842185,-0.30058597638105256
31,v,0.0,0.0,0.0,0.14356752213240345,-0.09500481793869832,-0.06845055769656419,0.20193536078566326,-0.2693522442526123,-0.10393317298194961,0.05710668019252455,-0.3772722935181608,-0.14167555206963264,-0.09366663008010279,-0.38824046011360697,-0.18013692653752475,0.13845256519951743,-0.4893916092566626,-0.0747342284984366,0.19744017847594802,-0.7141090897474506,-0.1335662752241553,0.22376392733408362,-0.8564241623050921,-0.16937287154635433,0.24064184149354242,-0.9692445666502375,-0.19360646448510185,-0.004179939266114171,-0.4770354232090837,-0.09522705801780339,-0.039502715058070834,-0.7310143879975635,-0.16973642096415767,-0.05337932356752653,-0.8812593902355312,-0.2186538259749446,-0.07617597360646772,-0.9999984373169936,-0.2437350682912343,-0.12388129496183695,-0.4120531623732963,-0.12117393798547058,-0.10648382822527468,-0.5193645210523673,-0.23096292815236824,-0.04863121099192306,-0.4033662581870324,-0.24815722635920537,-0.030448267940783202,-0.3189179140523143,-0.22697013679151495,-0.22177613575356914,-0.3172944286778227,-0.15053166245890492,-0.1887860606839366,-0.40064228631227594,-0.22382702067205326,-0.13530181134048555,-0.32990759671898867,-0.20833966411598678,-0.11981969408747789,-0.2749044152043086,-0.17887191427831733
31,v,0.0,0.0,0.0,0.13325125605297364,-0.12122955974065228,-0.07566491919355828,0.16042149823242996,-0.3317097154588923,-0.09364010591246642,0.027516864550982095,-0.4397712850693389,-0.10995704905306125,-0.10822691494046635,-0.452659680839407,-0.12298151922151639,0.08628959410405695,-0.5047217151623834,-0.04128958292082842,0.11734595389024048,-0.7267473381955442,-0.08984449226811819,0.13096397898770043,-0.863688543687012,-0.11920801800330198,0.1378654241688373,-0.9790644912168478,-0.13616513606422717,-0.042973997622580994,-0.4895267376856466,-0.05382440413671205,-0.07925631759859447,-0.7234941114158326,-0.11434166955337176,-0.08881071568229429,-0.8671594320925697,-0.1565931784129433,-0.109355231759579,-0.9999987959920502,-0.17528592008781277,-0.15299211775602822,-0.42845022524008297,-0.07548252980282687,-0.17958157011089695,-0.5358866904680917,-0.19254570478474417,-0.10653610823563549,-0.38672815872956556,-0.20857709711451064,-0.07879860383346167,-0.29384864899194807,-0.17819186067468656,-0.25281641841233987,-0.3341162650669141,-0.10118234498245422,-0.2881217728283603,-0.4594102771126873,-0.18861755114196704,-0.2072733605481304,-0.3678633617470909,-0.1723776650969055,-0.16014308798598395,-0.2845569447366064,-0.13575440111275072
31,v,0.0,0.0,0.0,0.03165549472646791,-0.11442768605952527,-0.02881010717937273,0.03268644606252354,-0.2995352968925531,-0.04910162821852865,-0.0022883038608963223,-0.3895252580681962,-0.0835459715862023,-0.031149944064570164,-0.35867486873409704,-0.11863364448146561,0.04735102435069649,-0.49563773234857245,-0.03455383359077246,0.13622882959467436,-0.7199642478242743,-0.07355506480354852,0.18570408287975343,-0.8477434963260387,-0.09693064919312544,0.22059457435952365,-0.9577465730093996,-0.11585709798946654,-0.007568407122089789,-0.48353491613215205,-0.07043052712196644,-0.023205774822283448,-0.7375793985642041,-0.13345192155337998,-0.041692243932540625,-0.8817485106854779,-0.17486755799427306,-0.07283913414907077,-0.9999976711332638,-0.19570257505857966,-0.04773358822334619,-0.4337456717440492,-0.1088712644352384,-0.03547391526668848,-0.5308939915367723,-0.20751543187388205,0.007587007832878998,-0.41194938660350927,-0.23372157769266588,0.017869869428722356,-0.3216103150723821,-0.2232102674417379,-0.0740762202278277,-0.3611014286244415,-0.14851271059763146,-0.052290623555427795,-0.41766147055109093,-0.2212532540389557,-0.013277576032905976,-0.32165417943513874,-0.2203160350160375,-0.0001533864583736995,-0.23263076116416176,-0.20229656173617283
31,v,0.0,0.0,0.0,0.1293763257600724,-0.14829184019018907,-0.051639221479888316,0.17187933136000066,-0.33649802948065904,-0.08449949047683222,0.038284955337176074,-0.42688145240779546,-0.12591532090479796,-0.1063230646938725,-0.42673688655280545,-0.16879942245623844,0.04269208794591564,-0.5137382157832995,-0.055007802392179485,0.07792975740658438,-0.7243412894850827,-0.11318024641573957,0.09174823025243205,-0.8585143798908731,-0.1512360078581479,0.09660961145454708,-0.9717989927163379,-0.17629529732637217,-0.09008598061319309,-0.4795883335158154,-0.08595780014962612,-0.14169927643224,-0.728038026513174,-0.15863334731152262,-0.17153131676612543,-0.8789207135947527,-0.20822871252635738,-0.21106208961836248,-0.9999978383132128,-0.23273681246078898,-0.19405028330542712,-0.40015223082341267,-0.12134246744435166,-0.18557997401477136,-0.5167313216758289,-0.23403449072151258,-0.09386356886588881,-0.4061712984846054,-0.2571721623988982,-0.047393409492628415,-0.31842046873853486,-0.23830924958223934,-0.27834564123148914,-0.29487105173106687,-0.15841822185195248,-0.2448618313235156,-0.3857661243998836,-0.23820557640837897,-0.1572554063742187,-0.3088761588380135,-0.22903062131539836,-0.1080811439718359,-0.2366039256085738,-0.20185493024948947
31,v,0.0,0.0,0.0,-0.2031725440203232,-0.11549684173749038,-0.06950792817125198,-0.3425989678990353,-0.2713356187562136,-0.13199742934571074,-0.3712206614899837,-0.4066327445005379,-0.21371223789624727,-0.2803765164276381,-0.4935637683623106,-0.28649006725833376,-0.16966342231285275,-0.4889789796752456,-0.0264623403481952,-0.3130924927047631,-0.679303751461347,-0.15646058317796724,-0.4021118610759294,-0.7987503854243693,-0.23794251416424772,-0.46606033408551306,-0.8907969758784801,-0.27949744913901153,-0.027945059374213696,-0.4936665796783351,-0.0725087075893313,-0.04147757815123327,-0.7388480592070265,-0.21443624230267203,-0.08316868431348529,-0.891815941977195,-0.2912230300643069,-0.11284336610531136,-0.9999986112015651,-0.3129942367997125,0.09466339506133102,-0.4580336013402355,-0.1345414403128109,-0.13110214260247635,-0.5533211074459844,-0.3005883586941284,-0.2149859946814962,-0.4202794152943029,-0.3084697731903874,-0.2143586552624206,-0.3110992610795178,-0.25709360513893803,0.18426362253438472,-0.3951840173968561,-0.20428430777065795,-0.06661014374666317,-0.4590912665454251,-0.30411891749775505,-0.13582095022725765,-0.35670071535129055,-0.2765414168562128,-0.12686742561868652,-0.2662887585988999,-0.22294468579736643
31,v,0.0,0.0,0.0,0.1340685388485007,-0.11177215045320871,-0.06391940189269958,0.18423427390295874,-0.28616211284569015,-0.1033316879416359,0.02164597475712699,-0.4000802172132033,-0.1471790555934346,-0.12901988908454137,-0.4338743388060844,-0.19309211707209847,0.11420403526908772,-0.46228010450267115,-0.07154619343409233,0.1674749565824176,-0.6938181379039737,-0.13370298554250393,0.1909054023751729,-0.8421489734533487,-0.169745792295024,0.20917242606228378,-0.9621105971303523,-0.1938220963861485,-0.022675592656832343,-0.4431741205521875,-0.09599007039322362,-0.07560575233226469,-0.7123241502715925,-0.18074745176649393,-0.1054187847082156,-0.8706088199217799,-0.23308748661490053,-0.13882714679448435,-0.9999981359531778,-0.2566079281450856,-0.12947664522845945,-0.3742442186907058,-0.12522715088197087,-0.13177264759140442,-0.4872377557384393,-0.25532723880382857,-0.0713041782948208,-0.3559463075776622,-0.2777544265594775,-0.03887749193455256,-0.2620474772367715,-0.25398730226876365,-0.21791301207198707,-0.28102346734430106,-0.15559740686550755,-0.2048630746154324,-0.3620811836712287,-0.25474065547572944,-0.14148207660158582,-0.2706705132585727,-0.2471088502829151,-0.10530945655311579,-0.1978994044436473,-0.21684697805476447
31,v,0.0,0.0,0.0,-0.22086715219565226,-0.09617415535843499,-0.08315632796117393,-0.3652391238599039,-0.25856886904748383,-0.1513261498318157,-0.3173900588816227,-0.4013145020440786,-0.23795631763156633,-0.1507206875861112,-0.4728009081082403,-0.3151440931297314,-0.21351954861069164,-0.48293599719584984,-0.05289456985360494,-0.35140897311843683,-0.684549941979866,-0.18603566337790872,-0.43399323046004934,-0.8120092459137624,-0.26090825219040087,-0.49521112347899254,-0.91582746181303,-0.29866792456472263,-0.027648083171797806,-0.48188571117056844,-0.10404431994803993,0.002157835202088513,-0.7268890780957987,-0.24879098648713993,-0.022231542934234863,-0.8788733019642245,-0.3165148654561195,-0.03631412398377912,-0.9999986334050327,-0.3272322996163397,0.1457992333157935,-0.4321579179442569,-0.17122800701782917,-0.04578803952809646,-0.531164440734915,-0.3752161936580107,-0.1708775205616886,-0.39916587130304615,-0.3796627221744581,-0.18887839180955168,-0.29408342675049964,-0.308181956897271,0.28366617613104783,-0.34791567650914434,-0.24475996200473626,0.05930287638683791,-0.41158236344603655,-0.38322594825115436,-0.04202805791440103,-0.31082536394657617,-0.35058086091851237,-0.04104383222466355,-0.22342859894227848,-0.2799868395720465
31,v,0.0,0.0,0.0,0.1488836135387465,-0.16187016442265714,-0.06641554925501088,0.18433114060047426,-0.35667181600898384,-0.09411346475932045,0.02500420533934917,-0.4515269746975378,-0.12745867912744574,-0.12863000887274192,-0.4212938359888361,-0.16161310465247075,0.06833595767138562,-0.4806358497579168,-0.04185276398412102,0.0993366765598595,-0.6931877103593372,-0.1103111482355767,0.1075170912535428,-0.8399567595074904,-0.15769232401924402,0.11544974481684743,-0.9606686598332541,-0.18483038035819327,-0.07822127967651382,-0.45394632329388046,-0.06284730965315644,-0.14476803505547178,-0.6974885725164975,-0.1431665013294126,-0.17907030736576945,-0.8647682020594453,-0.20027871657642174,-0.21270879802189718,-0.9999972269899929,-0.22641307381644163,-0.1924555239244455,-0.3875304730618604,-0.09161402560077687,-0.1924537057974047,-0.4926158193983277,-0.2163685210715012,-0.10533236368760204,-0.38405611492902203,-0.241780565362958,-0.06198722332917422,-0.28655368062691916,-0.21537010073915056,-0.28867874056906623,-0.29505532531185724,-0.12312038008167256,-0.26396146873361126,-0.4068299742421339,-0.20120540353279887,-0.18372900998141525,-0.33561278106390313,-0.1816388442828727,-0.14401714858761971,-0.2492313340175695,-0.1428467795571803
31,v,0.0,0.0,0.0,0.1252811577588053,-0.11779092114513577,-0.05493460826052324,0.15557590026237855,-0.28810937482887694,-0.07882051247641494,0.015254188517149247,-0.3853232051735534,-0.10889422102945984,-0.1197441150015356,-0.4151264238249074,-0.13820762338701068,0.12642079489429048,-0.49758947917066226,-0.04303430558616467,0.1763769974298683,-0.7229321687689624,-0.10012319702327066,0.19573084397535784,-0.8701908682010452,-0.13377151310779462,0.2040218622432734,-0.9875327647256513,-0.15431050005841318,-0.0037745895002385395,-0.48445582523469055,-0.06584629390218338,-0.045161884446406765,-0.7281039205109956,-0.13850576624860675,-0.06919064647774903,-0.8798452769998593,-0.18745326027132633,-0.09640874817293804,-0.9999978779202683,-0.208978378017968,-0.11214611247893895,-0.4172826274041101,-0.09559139232448571,-0.1316332750666928,-0.5014400866418693,-0.20837240031969192,-0.08646987279058285,-0.4044564604688447,-0.23751862005972582,-0.06362185578252076,-0.3380808821472953,-0.22042618166474193,-0.2011746666916894,-0.32124562102264714,-0.1271581867944222,-0.19160664770014915,-0.3866237322575777,-0.20322077563195223,-0.146975371220819,-0.31895812517411776,-0.19559523082453295,-0.12347683769912757,-0.2648224520649731,-0.16869505120925982
31,v,0.0,0.0,0.0,0.14947278594969543,-0.0759885025287062,-0.06297727129607422,0.20630430430529492,-0.24948549730331182,-0.08864970568807758,0.06612183903433742,-0.37846403056682215,-0.11823157775293507,-0.08803531196951117,-0.4264284381135336,-0.1476388476234393,0.16458311594820332,-0.4683898810048155,-0.05210215148136531,0.22560460827823542,-0.6902113061098833,-0.11014503090064008,0.25626690771188,-0.8278201422164241,-0.14846133286082877,0.276676527997896,-0.9448627785228352,-0.17606246928524794,0.034140557047379526,-0.46968301429563375,-0.0756516912564586,0.014695497204466623,-0.71464843296865,-0.1526620414595475,0.0008941930063109915,-0.8689212354876618,-0.20189205761942042,-0.02436896139618706,-0.9999983937827395,-0.22518370313212074,-0.07724898915837328,-0.41741800750481173,-0.10764050064439307,-0.0837454832514402,-0.5012297893276513,-0.22614747373664765,-0.042105672202203466,-0.37954845499749507,-0.2515199130766943,-0.02021747410146934,-0.30553703809762484,-0.2337951455873307,-0.1740285322019117,-0.33657893873791,-0.14360152790474146,-0.17080292719456372,-0.37206667318232434,-0.2327808971174315,-0.12595101019728203,-0.28661212285891835,-0.233888514080843,-0.09943790034613341,-0.2340484134792644,-0.21409965904674563
31,v,0.0,0.0,0.0,0.1387466219673007,-0.1510540913601036,-0.055949529180784954,0.1682594931090759,-0.35021767147707716,-0.08135368710528987,0.032234310473363156,-0.442132179623995,-0.1151751103793431,-0.11413047026463644,-0.43221710249219014,-0.1514425325165343,0.0747262605106303,-0.48996096471875034,-0.03554813159367456,0.10938536545784053,-0.7081537406560466,-0.09911445325243204,0.125087096601979,-0.8526545277858991,-0.14507622327601064,0.1381715260076967,-0.9738235557411273,-0.17411499546253678,-0.06382386889319015,-0.4693126112622361,-0.06230248550404831,-0.12877679029399697,-0.7225961173457103,-0.13599771236685362,-0.17149841483998815,-0.87978488327701,-0.18918900954004134,-0.2094407996276794,-0.9999970929469314,-0.21400877969390467,-0.17490636522669847,-0.39747985103163813,-0.0958000274346269,-0.18399371310299614,-0.5299849750896602,-0.21873911290366646,-0.11081487484823915,-0.4039582143150592,-0.24166504302604985,-0.07040238447087185,-0.294743523614739,-0.21550066767588433,-0.266303390974292,-0.291808437606986,-0.13103913415775817,-0.2574021392295444,-0.4020648507867094,-0.2246800023155308,-0.18135561850071505,-0.31260788587421867,-0.21291713268200343,-0.1356406879281619,-0.21876570597358147,-0.1775579471700787
31,v,0.0,0.0,0.0,-0.2843178146361376,-0.12437411630288542,-0.14755554374045873,-0.41596263224728613,-0.2968937826159419,-0.2482431433127437,-0.26662273535022435,-0.43608962297563425,-0.37021898755224436,-0.027123860638304256,-0.5340969561452357,-0.4781293588681543,-0.25457564532504795,-0.5082179339304729,-0.05718319571800971,-0.37503856403450925,-0.718376659136296,-0.23051196568777793,-0.4314789923493787,-0.8427555724267272,-0.3312896800975302,-0.4614304151255959,-0.9497367390374445,-0.3842556180843308,0.007047218123777066,-0.5012718959641741,-0.10739757257861278,0.1415065371672517,-0.7373144000614862,-0.3012635815277956,0.18063770105167617,-0.8819735859722222,-0.4029238811797429,0.23230383681225736,-0.9999986473933411,-0.43266717919378456,0.2299225960702011,-0.44298761044483564,-0.18608585470165867,0.07168714934390513,-0.5699979334244588,-0.4650865915960793,-0.1096526452547035,-0.43156634589569565,-0.4821869653587742,-0.14526673043003285,-0.3255482450787295,-0.39991959640821045,0.40703511593801994,-0.3532020317529741,-0.27520495445580373,0.20013346465414636,-0.46028208080444616,-0.4639347905444343,0.06065165933941365,-0.3627390879671129,-0.42763235781169445,0.048137729711146854,-0.27367152559597024,-0.34396761429579725
31,v,0.0,0.0,0.0,-0.30146097935769545,-0.11634502557588992,-0.14667068809978875,-0.440885687118744,-0.2895694942251261,-0.25130109410245527,-0.33417859951274526,-0.43225751229031284,-0.37455900302654627,-0.09670170889952122,-0.5180048918369147,-0.48641206081079036,-0.26493185565783695,-0.47859111901096546,-0.07810966927037198,-0.3415729853207138,-0.6970895711206829,-0.25519841679168187,-0.3938800027610835,-0.8214217128558581,-0.35211505650246844,-0.4231107462732571,-0.924896853780779,-0.39807027011022794,-0.002617388167191637,-0.4709097503077413,-0.12511213205930238,0.08692181128288427,-0.7243251439839615,-0.3136867869215095,0.0927951954050022,-0.8787665936272211,-0.40354293512159656,0.10844744317816166,-0.9999987150322865,-0.42131151899342284,0.23259232225550383,-0.41905070803533273,-0.1995815031528481,0.06252926085672617,-0.5512235257654673,-0.46406063505998946,-0.1081184889387373,-0.42424389597576784,-0.48417995886046117,-0.1529011472662949,-0.31708485051951457,-0.4063274427650219,0.4259860897089892,-0.33890566044476667,-0.2837508980207863,0.20641905330394028,-0.448426283320906,-0.45987851229176413,0.07318400825213489,-0.35651026503216743,-0.42346450342819314,0.05073508337519029,-0.2648158217410202,-0.3405171793039697
31,v,0.0,0.0,0.0,0.11902517145325693,-0.1446698891881377,-0.049106546459649715,0.15608124176161106,-0.3301355872000328,-0.08183381529066633,0.007577225313835891,-0.40588346581223955,-0.12436677371982933,-0.14092368177356504,-0.38226161930933783,-0.16958403938609923,-0.00897540102878735,-0.4950053109702324,-0.062214068519688276,0.0058739034049155765,-0.7232819692465899,-0.13028701374227603,0.015575894047592223,-0.8732174708790729,-0.17495072391249455,0.016113849132110752,-0.9986066095240457,-0.20291030683633793,-0.13998647766903877,-0.45387054612590805,-0.098151282852572,-0.21625526349336738,-0.7085258741445655,-0.17940938586017474,-0.25601009777757994,-0.867782880781286,-0.234604177959986,-0.2999357279964342,-0.9999976015443394,-0.26138316891552615,-0.23704991514104465,-0.36908736662299174,-0.1373316806775303,-0.24632806779891495,-0.5046519049625633,-0.26155012727171323,-0.14718200219210545,-0.39780427536672264,-0.2816457804113508,-0.09150808267646537,-0.3072080930344966,-0.25641712726034077,-0.308630285877856,-0.25278299271652105,-0.1772719150415289,-0.29655136792794234,-0.3649048123025669,-0.26605823519729876,-0.1921096148566161,-0.29564684784712003,-0.25099159719536857,-0.12391490869006284,-0.21702291810806132,-0.21560482453069016
31,v,0.0,0.0,0.0,0.1600729855515389,-0.1070695068808911,-0.06837320581589197,0.20678337161904692,-0.32506326232309163,-0.09212345389423493,0.05438539076181347,-0.4587008788572866,-0.11807512357216778,-0.09645449335639088,-0.5076742340664023,-0.14098766940455557,0.17809814695034126,-0.4702864244711185,-0.0415749967822931,0.22746642339292103,-0.7109870803484981,-0.09037823344787696,0.2483093794611218,-0.8460905977566251,-0.11697036777357457,0.26209049801329015,-0.963633233765851,-0.13608072624487189,0.04489965392455528,-0.4678124351854495,-0.06343307192175479,0.03188250768848937,-0.7312703936884097,-0.1333450247006362,0.028749498612394567,-0.8717678821473648,-0.17907342667670142,0.01504012512505869,-0.9999985033479022,-0.20068814955903352,-0.07552398020875822,-0.4297222063915446,-0.09510886372403579,-0.0836072872490236,-0.5443844241248911,-0.2198153570811487,-0.046182345066563456,-0.3792927185206189,-0.244040344728994,-0.024275657460496664,-0.2946422843451189,-0.22229188877819187,-0.18087187315591965,-0.3688058514501216,-0.13013076996983677,-0.17463734522180385,-0.4343123740147407,-0.22575527752181182,-0.12611406373148956,-0.3215194976970793,-0.2270963549180107,-0.1030538573227089,-0.2618648924566083,-0.20738858552840433
31,v,0.0,0.0,0.0,-0.27886148471522365,-0.09527341953099737,-0.11939725828767697,-0.46788773865185734,-0.2566867278861227,-0.22025459277254142,-0.44291783742860896,-0.3818532232663462,-0.34331824183351056,-0.2297123284012228,-0.42258895965911475,-0.45624917585014146,-0.16975489287857298,-0.4945558203740651,-0.12038201570675892,-0.2559711974961658,-0.7193145375327921,-0.3148525934709576,-0.3193446345619089,-0.8641217441810732,-0.4196176905486054,-0.3597237268901847,-0.9788050881934882,-0.4729823390120268,0.08988476813671548,-0.47620033987608323,-0.1873174815613521,0.14875267244406362,-0.7197507403384152,-0.3921858283022063,0.14407074848925863,-0.874247088830552,-0.489089828316213,0.15357909766146433,-0.9999986067075317,-0.5084662434531149,0.3054182838558921,-0.4088743780448331,-0.2748242073679358,-0.0017757876425775515,-0.5113896361395516,-0.5405808185979941,-0.1934259021491611,-0.4005809190855661,-0.5537234575711856,-0.23833124738814085,-0.3039022662991763,-0.470721766242781,0.44322623135886724,-0.31218858324201626,-0.37299518863911285,0.10121433149784347,-0.36430570413836094,-0.548682190534052,-0.056148041749145006,-0.28506278961820136,-0.5200140120254327,-0.07161333090180656,-0.2102458491153065,-0.44208817668581185
31,v,0.0,0.0,0.0,-0.2505442745553588,-0.10479149138334337,-0.1493284218485625,-0.40226664209333374,-0.27004392176671915,-0.2361636718026851,-0.33267825973749016,-0.4184930657820766,-0.326307168799128,-0.1775132832911199,-0.5246152308291704,-0.40342197648929207,-0.3436108399082844,-0.4831262553451872,-0.0959608410112038,-0.4441025114845477,-0.6882876913160068,-0.2473981285032001,-0.5013734590910479,-0.8107593675658176,-0.3351268533545572,-0.536806696952379,-0.9136079489512738,-0.37893888557984573,-0.11379592725607379,-0.47739028115691984,-0.11956844396669632,-0.08340411547506157,-0.7261960446160105,-0.2655444132925449,-0.07263988028843157,-0.8766941795783921,-0.3372943700546345,-0.04796315463252203,-0.9999986573044155,-0.3575292610832123,0.09498562614459403,-0.4167307054795898,-0.16692074279799196,0.042637418803572955,-0.5340918489726729,-0.3786342079688577,-0.06881128238140344,-0.39700429073191884,-0.38174400840725203,-0.11337656537491349,-0.29051614440952994,-0.31374930123843425,0.2746528208839215,-0.3230026047622232,-0.2258713587864238,0.17802424052972066,-0.3946632270396095,-0.3817972689667773,0.07163501239151389,-0.3058343775205234,-0.35293032581223216,0.02678634000464723,-0.226500873373984,-0.2844414078692474
31,v,0.0,0.0,0.0,0.12546354779018043,-0.1231871457674576,-0.0788146837288404,0.15145704415205571,-0.3265938242231976,-0.09764573474355458,0.02210336987237337,-0.43640643840679894,-0.11407565656855129,-0.11109619447305023,-0.46847078662950825,-0.1267053727523452,0.07970628881260397,-0.5124050850279187,-0.04524768174901135,0.10921582066304587,-0.737895476745474,-0.09667593622264713,0.1165379261959652,-0.8794999254054093,-0.1263659432700276,0.12026305299684092,-0.997410483938656,-0.14264238606258617,-0.0500602828888578,-0.49249891153572445,-0.055862676800638986,-0.09270933579692489,-0.7250973218712066,-0.12789076953905687,-0.10768256883949098,-0.8701112693624846,-0.17816297639174528,-0.1271100694745759,-0.9999987853289092,-0.20039842203506045,-0.15933554398383087,-0.42601696042630316,-0.07480556325042328,-0.19093750935818068,-0.5253811267977343,-0.19987087915170157,-0.12239016613937628,-0.37712883416704535,-0.21781721979121166,-0.09328057210375279,-0.28468267251147905,-0.18695237731279235,-0.25898214290696486,-0.3279448089488515,-0.09741634427034218,-0.3018749305459491,-0.452103997638422,-0.18976191512187815,-0.2220193890531771,-0.35848155255103914,-0.17352014289794218,-0.17721473358727216,-0.2762378595755204,-0.13524450483896547
31,v,0.0,0.0,0.0,0.11022350784784804,-0.07738039437734594,-0.034200888954475976,0.12395620828325306,-0.2796552627999761,-0.0419825908218365,0.0031593752897386158,-0.41155175246930054,-0.05935805577437532,-0.09487508093677134,-0.45745404740868617,-0.07791810236798088,0.17573738081317605,-0.4481850507162898,-0.025722171950782212,0.22017802394175057,-0.6777023297441404,-0.06470460258228576,0.2362849556198707,-0.8171741643217599,-0.08683635395512695,0.24521063046979172,-0.9340042569205776,-0.10564112456835469,0.07323926415955986,-0.44808022623246563,-0.05761197550489854,0.06396658561545891,-0.7098139675707008,-0.11715215236932096,0.054265902639677524,-0.866240296088832,-0.15944105638789233,0.03321173179998297,-0.9999985465594982,-0.18302624037906295,-0.02280045144521996,-0.4105124307069546,-0.09496127478969464,-0.08201545583027542,-0.5303005662811247,-0.2018752636010869,-0.05992668466159725,-0.3879688425630063,-0.22565759992206155,-0.038860775212350485,-0.29739139219941635,-0.21141119454206447,-0.11595797021976152,-0.3556212197001342,-0.13370219490008584,-0.15805409681467195,-0.4290979849525899,-0.22593798375834,-0.12486493259984285,-0.32665934103297806,-0.23500694761342233,-0.0965925564671963,-0.254174683209245,-0.22388231931987485
31,v,0.0,0.0,0.0,0.11583425381301247,-0.16993211995820937,-0.06992149562952162,0.12467005724884091,-0.37445611673787305,-0.09444468871796263,-0.05153626334099266,-0.4525613087940762,-0.11929811486149026,-0.19733548198645692,-0.42937216924386046,-0.14467104153407812,0.04528880248494089,-0.513387020940656,-0.039480754772468686,0.0930841204516251,-0.7300376751815018,-0.10810471576206891,0.11021094670576523,-0.879253111705201,-0.15632389301939328,0.12858878828288883,-0.9999971606393002,-0.18340581713629964,-0.09652492030708734,-0.47193579934807334,-0.05471797110094414,-0.1690618079589612,-0.7052130937246774,-0.12801675196266055,-0.2041081763456038,-0.8477003034590505,-0.17307040731518425,-0.2312782422939362,-0.9654331236474768,-0.19199402378945427,-0.21224400692214387,-0.38462171629117203,-0.07877697839780753,-0.24759830582558418,-0.5132396136968359,-0.20372246168151018,-0.15634611385929922,-0.3979046998067757,-0.21430749915433017,-0.10355942753212377,-0.2954258638381326,-0.17977669648800057,-0.31279300959425277,-0.26181472751947715,-0.10534772643319146,-0.3178081560463132,-0.3818444182719864,-0.20105485174487442,-0.23292646175153037,-0.2970504744432435,-0.17936650325354694,-0.18433749709151134,-0.20300744533090082,-0.13565615141303736
31,v,0.0,0.0,0.0,-0.10248803503702919,-0.1007635893386011,-0.04513349907272,-0.16526583904670625,-0.2978293547257599,-0.07186764013777978,-0.15614831990113565,-0.4319020090308243,-0.10673490113326731,-0.0739136762683192,-0.4748190014130673,-0.13708912969141537,-0.0034803556442810873,-0.4428213084139919,-0.04085317096529399,0.09952503118517735,-0.6695491793304547,-0.08895728488742467,0.14940568839644963,-0.8040947617682699,-0.10856892167611602,0.1913727257223388,-0.9097156593721767,-0.12154975463260234,0.05343623772296006,-0.45031112538051565,-0.06135077571233723,0.04448007832903028,-0.7100244978914553,-0.13372852805780758,0.014656854153429745,-0.8702960205609845,-0.1722696392708806,-0.009641983545655274,-0.9999979774617804,-0.1845004914504443,0.1117422609127908,-0.42257424602506577,-0.08744286454746632,-0.007799637333887844,-0.5760124815804702,-0.18266855797573178,-0.051128317091441555,-0.46897376399968815,-0.1918280746584543,-0.05615078251755997,-0.37957262566699024,-0.1691339587852921,0.16075620468781232,-0.36421204529002427,-0.11800293679326973,0.013053202232472033,-0.46560262907635336,-0.1915843322244993,-0.03861717994918462,-0.38958597171913006,-0.19001494740059344,-0.045960645971747226,-0.31105591170074925,-0.16795597834961173
31,v,0.0,0.0,0.0,0.15062280311299567,-0.10207668597728983,-0.05904978734185786,0.18103577274537672,-0.2897598888547027,-0.08254209579317516,0.022921901940565592,-0.37282264016737976,-0.11200539671147076,-0.12286086320483068,-0.3607647335314739,-0.1442708184128772,0.10382105192123595,-0.5131085880109172,-0.04418435561658725,0.14896097760550517,-0.7317815614599984,-0.0827045452359795,0.17349611166676018,-0.8656928084874033,-0.1088342939164782,0.19072942750043734,-0.9816852227815666,-0.1324888222943836,-0.03134768776689379,-0.49280825231750897,-0.06877728239484453,-0.08769812486644732,-0.7288174502665157,-0.127600340392403,-0.12832463017155424,-0.873333499401847,-0.174135094836078,-0.17401377214847322,-0.9999985672025544,-0.20190575636045927,-0.13443155495198408,-0.42457135185797784,-0.09940952541509629,-0.163970740336465,-0.531847359420217,-0.2021661878772429,-0.10218211398433014,-0.40367713494872665,-0.22944514026510301,-0.07096419361856855,-0.31242720927320505,-0.218306003055476,-0.21396671674760462,-0.3278344727403083,-0.13366714787327258,-0.23646682125862628,-0.39821247126748394,-0.21015286114366877,-0.17872540913706486,-0.3163358597602201,-0.20910799657571721,-0.14237708610225633,-0.25291499947972756,-0.19231945114355148
31,v,0.0,0.0,0.0,-0.29055815939791224,-0.10554825750452074,-0.11170565732615173,-0.4463744702551669,-0.2766126049822314,-0.19648940593552713,-0.43276367468334287,-0.41080174795845403,-0.29522808636670633,-0.33036285725521863,-0.5008090444579066,-0.38284246011435114,-0.23126596406863784,-0.4983072107232341,-0.14695810273768767,-0.2804799221202435,-0.7240898665144466,-0.3141193388320633,-0.3151570709435028,-0.8726042760806677,-0.4042703113322023,-0.31682288085247384,-0.9865657094829781,-0.4542326321358635,0.015069803526695675,-0.48131285573148325,-0.2034847013935475,0.03720156318553624,-0.7236995501779944,-0.3998832239097969,0.06452537013517187,-0.8792774129345441,-0.5065589741513972,0.11560898751843005,-0.9999986046406382,-0.5397506254069232,0.20873607010283013,-0.40981643416387714,-0.26856321373512454,-0.0908164564477466,-0.5034294784686886,-0.5134066430385241,-0.31745734242771906,-0.3732221775815316,-0.5039754259908639,-0.4177505930278299,-0.261848201325012,-0.41757362778707263,0.3136006710367911,-0.3052092440676148,-0.3432062228876614,-0.06236120619082443,-0.31326740925111796,-0.5314944742786246,-0.22687617362451182,-0.22576959811705466,-0.504976334141521,-0.27221736690971465,-0.14791550312283896,-0.42584067417215254
31,v,0.0,0.0,0.0,0.13636649130412073,-0.11414638557795444,-0.05289590566012652,0.18990009109483924,-0.28529079897464116,-0.08540699091887417,0.09476244089466086,-0.4261749170117819,-0.12446721320090211,-0.008403293206655756,-0.48066343337625816,-0.16188639917680103,0.1557556339289417,-0.44706229788790913,-0.05771509421957221,0.22680014120993477,-0.680734254585005,-0.1240300731578443,0.2596931255591427,-0.8222727661028587,-0.1616061719936017,0.28499383236790454,-0.938837254597551,-0.18197155301153795,0.03869320315411446,-0.4648389843357559,-0.07751036022320523,0.03799503753422334,-0.7158189920156226,-0.15924878582148158,0.027425297014120192,-0.8687832629503818,-0.20283456853675552,0.0174747954754526,-0.9999977050792695,-0.21851913481529836,-0.060797723075263516,-0.44253851569781727,-0.10272001756277824,-0.09031806410079679,-0.549522137851011,-0.2069492522104506,-0.06377012490132816,-0.4277726000917835,-0.21166486238079227,-0.03380276090443828,-0.34107230329405885,-0.17966595817128134,-0.14914891345967818,-0.3935403934656273,-0.13159335165608482,-0.17152358955231725,-0.48908553492396706,-0.1884458798582795,-0.1352243120474415,-0.40670028192762864,-0.16382376089622164,-0.10096249083337262,-0.33399072350868014,-0.12692301829220554
31,v,0.0,0.0,0.0,-0.29560239918761094,-0.1157927406946838,-0.17871188672522964,-0.42756179549495366,-0.29215724297170476,-0.29742115919241274,-0.3219963345281,-0.42910059114283977,-0.4365220032976439,-0.08672406684269812,-0.5388130492674403,-0.5569038797299206,-0.2061862150702667,-0.5158920924819842,-0.06263437500668398,-0.3226470590609587,-0.7262348507911645,-0.24506690089058053,-0.37169857725522965,-0.8552331261520115,-0.3573203707999076,-0.3815280628058982,-0.960330013237327,-0.42199201106243844,0.0937176319729411,-0.4961834328043183,-0.11981581934579968,0.29198533192026804,-0.7367680130685135,-0.3090339261364017,0.3867880351191496,-0.8843924469798616,-0.41530604188089804,0.4886426814061778,-0.9999986311396095,-0.4583992960041003,0.31091847449119175,-0.42394146461011784,-0.2131334643985761,0.21763000821856246,-0.5834662309617951,-0.5025293198143487,-0.005960181446345747,-0.46422609031417866,-0.5246845503455412,-0.08354044877362642,-0.36032768516268077,-0.4528630584700778,0.4563522867508912,-0.32413783873648105,-0.3212063014923704,0.24000512497833684,-0.445146084956076,-0.5341175471660452,0.01612455494700092,-0.36405963176577255,-0.5135126981248385,-0.0704642757458366,-0.27841733173630334,-0.4450012487010766
31,v,0.0,0.0,0.0,0.159918786777701,-0.09464496073619974,-0.05782466235035856,0.24151501089214636,-0.25275127007125797,-0.09186267393263314,0.117935774206159,-0.39232865452368415,-0.13024322524798976,-0.012208208424884669,-0.46308608930069906,-0.17069295661904882,0.21503358937075165,-0.4350144677430825,-0.07462184501686256,0.29593551057901435,-0.6594298845910964,-0.13893287425448778,0.33537433136040024,-0.7939233748361699,-0.1762844706403436,0.36502076081837687,-0.9050941984412368,-0.19974248653059326,0.07739988963020683,-0.44919286955827714,-0.10205944953375519,0.10456123737532992,-0.7159038448476934,-0.17354058192085547,0.11682925066142762,-0.873525569127686,-0.21590328053821753,0.1137631692647074,-0.999998206686194,-0.2359338071472628,-0.045145562041979365,-0.4059976193977863,-0.135266352585638,-0.05012352842544975,-0.5290166999172199,-0.24784993910518666,-0.006599966144823412,-0.40781859458210273,-0.2711832412835144,0.023283812185938793,-0.3116834826927828,-0.25448154464039263,-0.15422546019107036,-0.3285217310967618,-0.1706997040397174,-0.15473265244568304,-0.3966527758025253,-0.26133569480660046,-0.10105038738610321,-0.3102091512348539,-0.26247014332003943,-0.06244365050482957,-0.2348541709877862,-0.24235505349235759
31,v,0.0,0.0,0.0,0.0025732726059361647,-0.09567721214484366,-0.04045169916605132,0.005111657131227804,-0.27983746958135824,-0.06422779507657822,-0.04370125246877602,-0.4098687825320809,-0.09660209923266026,-0.09739231950834838,-0.5074169044039086,-0.13428152482860262,0.08689164791696251,-0.47524578400296585,-0.06383217356108917,0.10889140759123417,-0.6877457633079388,-0.14679811883275667,0.10880479895030193,-0.8558156263024236,-0.21006934215395465,0.10865965521580084,-0.9999980456598837,-0.25604979390784177,0.09322264055452276,-0.45895881648551823,-0.09640315271936888,-0.054170122904849856,-0.6769717532149423,-0.18504392970285194,-0.16304533869905702,-0.8383023340137398,-0.24345751198916757,-0.2389640154487631,-0.9818742410818578,-0.2771665473273366,0.07693252786786844,-0.3953850453597994,-0.13325142366953904,-0.1590998986608932,-0.4830412606133574,-0.2349720930059966,-0.2542743496836608,-0.395192724087198,-0.23682033130494912,-0.29378606203750973,-0.3283401723073842,-0.2140224995054497,0.0451522238627934,-0.29677676848982204,-0.17580304398842894,-0.16325722991338887,-0.3664967826841455,-0.2535090505056451,-0.2466344424612518,-0.30839187837011,-0.2375972609038431,-0.2857114225380878,-0.25428693036048755,-0.20748124648203511
31,v,0.0,0.0,0.0,0.17852728844939939,-0.1497247186583713,-0.07524123993124746,0.2358094097503899,-0.3828119156068557,-0.0829488238930089,0.10714166694733572,-0.542324286787398,-0.09032237758685019,-0.07006418307952239,-0.5282338023646682,-0.09602587747076495,0.1411369648519769,-0.5438168809218873,0.0010385471769827508,0.17946903498381056,-0.7533440295248206,-0.013854031469084494,0.19782078593320707,-0.8804167543027709,-0.03204104260748914,0.21302761273989637,-0.9803297700531761,-0.05203757831485134,0.009408137960721404,-0.549254107062473,-0.005120880867657575,-4.1565373892065596e-05,-0.764982742065964,-0.017688988031628623,0.0002814174418374919,-0.8996027563529038,-0.04627649159146795,-0.007648525310845265,-0.9999988099807919,-0.07165779577417858,-0.10150870761689479,-0.5028806620919763,-0.02442154567422976,-0.15750045812975483,-0.6915457877920539,-0.08350662269895975,-0.11321978717632035,-0.6255558270566839,-0.12584239235414002,-0.0833563427869703,-0.5259029850118009,-0.13782772535751384,-0.2084272266695813,-0.42264019733745933,-0.051248567683458854,-0.2603133325505173,-0.5718816653263312,-0.11047820585123987,-0.2080783541585094,-0.5479264622061168,-0.1377526984390252,-0.1609500649747715,-0.4675908794202188,-0.14875477273209992
31,v,0.0,0.0,0.0,0.1298763624598428,-0.1503440855545294,-0.04509071154626101,0.17291608190559124,-0.3428160602366407,-0.0715773708985928,0.025790149582538953,-0.4257017004152235,-0.10722544039479061,-0.13291832039133428,-0.4032929721856725,-0.1451924207336149,0.04418673870710627,-0.5050097260956783,-0.05029320452884341,0.08114918443129808,-0.7205957815742876,-0.10001619043378919,0.09223834667380892,-0.858773320978611,-0.13193667944841958,0.10056766344325692,-0.9743150851900052,-0.15490205305440988,-0.09107540055720309,-0.47576330608257333,-0.0814758935800027,-0.14376100919231674,-0.7258567861091656,-0.1462252112321375,-0.1664412795907147,-0.878838873123067,-0.1929811641678501,-0.19170284327329665,-0.999997603513088,-0.21805817630800686,-0.19623571198192666,-0.4009088005180108,-0.11593218078109076,-0.1759368278370439,-0.5172244099160059,-0.2236102387659763,-0.08771326284061405,-0.41402281600328356,-0.2521326475083963,-0.043124638866779225,-0.32581417796984397,-0.2395648588793418,-0.27214017583797245,-0.2960448143059506,-0.1514584419740354,-0.22126658623647713,-0.38138347587622684,-0.23280005209928822,-0.12668849167959953,-0.3015026547738487,-0.23019554703054998,-0.07410701468104006,-0.21824734014341104,-0.20883756272211335
31,v,0.0,0.0,0.0,0.12469664165921049,-0.11308118654807481,-0.06869160222853082,0.15563977721509034,-0.2839190106727034,-0.10102618006208451,0.00448144129527029,-0.37432599378366366,-0.13670210102615668,-0.1385733556457323,-0.3855596794848394,-0.17184498702271891,0.1254746780516605,-0.50730908546178,-0.05112011770074506,0.1792978825745827,-0.7232436023575834,-0.10376604760144043,0.20250885863462514,-0.8636230535078082,-0.1369221620958535,0.2158686133473436,-0.9725958696270546,-0.15752957045078028,-0.010277449979709611,-0.4928277018876476,-0.06875874411131096,-0.04437392837399596,-0.7331494916346565,-0.13287894013358234,-0.0647406015167324,-0.8847365328555027,-0.17888111202072984,-0.09084795094208485,-0.9999979730924516,-0.19999856309923206,-0.12170494675451489,-0.4247055415782636,-0.09463524234657826,-0.13687834779075195,-0.5157776008290433,-0.19639664120412265,-0.08394698560464121,-0.41367433864009195,-0.2244355656445434,-0.05776932295251766,-0.33603150163707096,-0.209301972526212,-0.21311661164181275,-0.3269630283932693,-0.12441038701222387,-0.2073346172774859,-0.3980205847006901,-0.19132777639189738,-0.15827942273351275,-0.33392983687262057,-0.18295612293110092,-0.13123383873925243,-0.2806562111616945,-0.15771204354336518
31,v,0.0,0.0,0.0,-0.23796098563193602,-0.10139324664938414,-0.14035362706153534,-0.3881745673521309,-0.2558326332014518,-0.23774231658451112,-0.3218661314683073,-0.3794059501280401,-0.34840088287387844,-0.1377910845438152,-0.48111694583027803,-0.44670831088432894,-0.2788289696527519,-0.47996248102046235,-0.08940212544352619,-0.4175312704376727,-0.6721170644731181,-0.2691472756470244,-0.49732519154769544,-0.7961788298332015,-0.3806614657523204,-0.5526183659585111,-0.8981789295619121,-0.43944293313050015,-0.03136692830201143,-0.4756110907732023,-0.13378642304334318,0.05528903766313668,-0.7196326068844948,-0.3104111191025764,0.08181081975906893,-0.8769450427514776,-0.4048228430381627,0.12034985386252392,-0.9999986905073708,-0.4392607601289377,0.17144938080078292,-0.41314760575333204,-0.20351143200729407,0.07776117793684757,-0.5457052751980637,-0.4568311275844728,-0.06996754530959358,-0.4026961517682359,-0.46866714321254915,-0.10533931367594425,-0.29400209182830095,-0.3985985988181133,0.33371799162051263,-0.3163546566785355,-0.28267051845227487,0.14639778321960206,-0.40570294291613185,-0.4677560050232865,-0.0058357021455944765,-0.3045192654652032,-0.43819781110503975,-0.04507400271048809,-0.2189555569909996,-0.36613433965536235
31,v,0.0,0.0,0.0,0.12642741513621553,-0.09294922609104625,-0.045395493169478426,0.1992125785130889,-0.2674188386923537,-0.057281787085990035,0.15666836918517626,-0.423321834080982,-0.07187241347853011,0.08169086391649587,-0.5168349328563254,-0.08711387989693635,0.17413294114075367,-0.5001251486989908,-0.018974984987595252,0.2443222708753853,-0.6832031360262474,-0.04070564733283853,0.2787759627239259,-0.7968136607981078,-0.06031593383508626,0.3070211195432568,-0.9020102750209802,-0.07903166906074319,0.08059322439279278,-0.5251894271951721,-0.030757807272188766,0.07766157596038029,-0.7440075193326601,-0.06450899498680453,0.07231203656244188,-0.8813191152582412,-0.09735347741376943,0.05977148358737447,-0.9999979467794203,-0.12086273089010538,-0.006026431382061701,-0.4925356610122423,-0.04810433081386081,-0.01168694212906127,-0.63340054211465,-0.11071019250095368,0.027729930774644775,-0.5185009731792078,-0.13329506803856622,0.04365959416669398,-0.4152511424019043,-0.1337815956254189,-0.08568527314987141,-0.428020671132223,-0.0683684480394728,-0.08591730844220512,-0.556893084732515,-0.12268889208619826,-0.05224306426079186,-0.4879753598000951,-0.129562325714168,-0.03187425732506082,-0.40096836663060126,-0.12463136158448085
31,v,0.0,0.0,0.0,0.1412683927738544,-0.11929250676935092,-0.04261282180431503,0.19224152950680415,-0.30740981656893723,-0.05252588923910557,0.06546496794939125,-0.4246362143976938,-0.07110303506652775,-0.07567338999603412,-0.45854761201531596,-0.08998553591082427,0.13743374136512893,-0.4765157248454672,-0.011704964267650842,0.19774633724363241,-0.6915004490467508,-0.05401166293164289,0.22750367250491976,-0.8352059628312014,-0.07970786623295409,0.2532832492447132,-0.9461396037841967,-0.09589302053140583,0.011784148320767478,-0.4720780283197151,-0.03633833226339242,-0.016140315073139466,-0.7245109770692711,-0.09409571043754092,-0.031283696461656484,-0.8829528253884328,-0.13780249536775577,-0.045330037988109674,-0.9999971142560793,-0.15760787691092462,-0.09083964788214513,-0.4214529411573026,-0.06791227428827269,-0.0908305316838558,-0.5248652885122427,-0.17421150556174542,-0.05456973496370465,-0.419847372234061,-0.20351732025186486,-0.03534074870789348,-0.3393201226601795,-0.18699509237161815,-0.17552568991524736,-0.3442657462340148,-0.10015700402867045,-0.14841394419902176,-0.4233823071235569,-0.17509548653949752,-0.1129830655306828,-0.34579829956907104,-0.16917145193393196,-0.10257425912541585,-0.2798352087848512,-0.14390783266689403
31,v,0.0,0.0,0.0,0.1541516809420112,-0.12902888764833506,-0.03876402244540833,0.22552743836829553,-0.32010959441806486,-0.055820197270461426,0.0991529168798892,-0.4425949405904663,-0.08444731247336763,-0.047714919893324256,-0.460578570009384,-0.11507809221038282,0.09838755375341508,-0.48696283559489584,-0.021941284375618684,0.14321149036946929,-0.6943730374650853,-0.06454042681568124,0.1670202136007677,-0.8287851102331308,-0.09178237026085101,0.18590164762378472,-0.9386455344734966,-0.11099553631002365,-0.03608090499025315,-0.46571144219338495,-0.056692090005433765,-0.062416798110889786,-0.7182669953106968,-0.11979196705744145,-0.07479723511503208,-0.8752688634752641,-0.1649068214324128,-0.09644930405391283,-0.9999975555563505,-0.18661134244164015,-0.14546838639632712,-0.4012018064756659,-0.09655404255417525,-0.11413497657322282,-0.5160867019546497,-0.2126396260247233,-0.03184540030976526,-0.3973531358139842,-0.24154605305535623,0.007124156754631429,-0.29726963178602905,-0.22475978784229503,-0.2320928348735403,-0.3104014446978864,-0.13649201417987045,-0.1669252170733622,-0.40992094326942013,-0.22284539654979071,-0.07846771443773078,-0.32749761422657875,-0.22049372254582048,-0.03410113073505984,-0.2400742915779478,-0.1977271199621722
31,v,0.0,0.0,0.0,-0.28382213663083133,-0.11486277785347704,-0.12456216652607414,-0.41566295707293627,-0.2909598462052455,-0.20886855373498922,-0.42492459100091945,-0.4272295931526591,-0.3135788277958513,-0.25905771046229953,-0.5232871375105083,-0.40230295087919293,-0.14179700039755264,-0.5059771253349955,-0.03389618204543738,-0.22608483220141537,-0.7142036618355265,-0.19608820287200737,-0.28438587661731857,-0.8370524182135634,-0.2896088407735297,-0.32460917419134727,-0.9290151098741803,-0.3356212143017711,0.10280903369720477,-0.4904945718764524,-0.08158750409773734,0.2192987188588178,-0.7196933836313226,-0.2591752792587009,0.23862962506665022,-0.8786830954376036,-0.3647070221434422,0.2595474966385472,-0.9999987162555112,-0.4002301399712939,0.27734959050433483,-0.4354782167404856,-0.1558895725091282,0.014202039217095603,-0.574383405083839,-0.38895951042536486,-0.17563926633763163,-0.4742223615925889,-0.4186336202536131,-0.216987518819205,-0.3828509560867843,-0.3625377996464052,0.36542884630961503,-0.3633398520278249,-0.24168290762301894,-0.008156496958205769,-0.4413100466434529,-0.4145992160924277,-0.17907974450287348,-0.35250862212524886,-0.41578106148927724,-0.199415358941798,-0.26816187212802406,-0.36599426989270245
31,v,0.0,0.0,0.0,0.13797960106196666,-0.11638420201119554,-0.04247128168989366,0.18059782725821016,-0.3078436798309066,-0.06097753682747295,0.02483781278686176,-0.41999663217228494,-0.08773566555450385,-0.12174353175513294,-0.44464537673360854,-0.11612952684513478,0.10891393109889004,-0.4977571932526178,-0.03219882055599169,0.1649278486748678,-0.7199972212342611,-0.07818030857898975,0.1997015157094276,-0.8536399242995264,-0.10396698790200597,0.21872034118635422,-0.9637048980971434,-0.12236213254483022,-0.017281868752539505,-0.479782597560178,-0.061178991452227056,-0.05572277073697281,-0.7359165227802574,-0.12795917735353607,-0.07729508057755503,-0.8781788178926376,-0.17228401771011906,-0.1129486693109371,-0.9999983009970762,-0.1932972116927878,-0.11718331147435661,-0.4170894676920294,-0.09494052447666079,-0.14222062313872785,-0.5097121888044899,-0.20477741004303385,-0.08096504977600354,-0.3854995293176634,-0.2277766811758122,-0.04664698956881184,-0.3071659912581688,-0.20986496054203926,-0.20285704110191258,-0.3329805383971011,-0.12964005666501918,-0.21525989644352353,-0.3962429489454119,-0.20895339244767297,-0.15411743995703175,-0.30821736046949033,-0.20365754537319686,-0.11620748853847775,-0.24693596364800213,-0.1810580188503723
31,v,0.0,0.0,0.0,0.16583482744362532,-0.08267109632050951,-0.059116771731662576,0.2551857661020839,-0.24875450544962388,-0.08245574328479173,0.13421554711355801,-0.37160289717295597,-0.11005163540400774,0.0110996026750713,-0.415191224507564,-0.13731225027205862,0.17045160090387687,-0.487540652763031,-0.05544367950379496,0.24186133082324188,-0.7049662366312541,-0.10200611351813782,0.27744535236385026,-0.8414754424282513,-0.12836139209252936,0.30598071843064534,-0.9571866880039106,-0.14833704997316896,0.03436583664859824,-0.48143785611022183,-0.07817645526276046,0.02602674317839254,-0.7277579092777486,-0.14560560928150063,0.017827341763186764,-0.8786472779549993,-0.18988733794986415,-0.0022710158415802364,-0.9999986310491937,-0.21231129900415235,-0.07716766181139308,-0.4268857015558695,-0.10683317982228455,-0.04130433775661137,-0.5182551577707463,-0.2214221665994847,-0.0009836784865955462,-0.4061278864811788,-0.25072049444214234,0.002258368488469846,-0.3252510007899878,-0.23774314741035407,-0.16630180035879155,-0.34362784964686444,-0.13770202333585987,-0.10951298180582332,-0.39069044567880995,-0.22305039091870765,-0.06505051838172099,-0.3136762248191852,-0.22372592276645553,-0.06549399169884984,-0.25708511295387165,-0.2050229353909839
31,v,0.0,0.0,0.0,0.13307723266245106,-0.14891131825672377,-0.051041711201606034,0.17042174906053636,-0.3727540586796032,-0.06674858856363546,0.04017810725256897,-0.4812445847169803,-0.08785412566069561,-0.11309296809916619,-0.4609064907928758,-0.10682679333768354,0.10899614435123003,-0.5005183823890956,-0.03171294407280483,0.16255532721414384,-0.7320368847270988,-0.0737549992539694,0.17720170489548986,-0.8720788212199189,-0.09967115245405278,0.18678628309924586,-0.9858548396077349,-0.1203321581619441,-0.02302048701914014,-0.4869117664259476,-0.055712704007094035,-0.054743491412724866,-0.7400423848644402,-0.11577079481693563,-0.07667174828296901,-0.8841849878635009,-0.15783506825389884,-0.10977474630310881,-0.9999975203543804,-0.18028274411325346,-0.1282278194803906,-0.42645069405110614,-0.0856292147893074,-0.13993670403463135,-0.5638468914511808,-0.18835780187086865,-0.07487511097715306,-0.4430694413315072,-0.2078382956002547,-0.044913567871057186,-0.3549838140933768,-0.1897519841434716,-0.21098339315158776,-0.3405402158117988,-0.1187616062155178,-0.19781440823997984,-0.43627544464890217,-0.1929467019045938,-0.13725431093959567,-0.3578586407004372,-0.18717316077466584,-0.10950176266508296,-0.2897501837025677,-0.16636713712777315
31,v,0.0,0.0,0.0,0.17355860677922252,-0.06681921670321887,-0.09499121033355223,0.2355769731317995,-0.25018653486765086,-0.11779042237735649,0.09010722729238757,-0.368807508578021,-0.13333889015649977,-0.06354526767580773,-0.4055439050390551,-0.14639789643801343,0.1642864836792079,-0.4614981225399912,-0.08258241488193231,0.2101388563455588,-0.6857327175855599,-0.1491846765366082,0.2263844543310426,-0.8373420190787011,-0.18973390658811146,0.23962484187258942,-0.9594798534467855,-0.21677449199221016,0.027341311385118895,-0.45977171664541977,-0.09404953270757059,0.00623836967532646,-0.7141786620786784,-0.16969430202152072,-0.0077569747688578964,-0.876733406572794,-0.2183150228356612,-0.025542807303874916,-0.9999983430043137,-0.24103293923576014,-0.09125378598976051,-0.40462104824964573,-0.11873773576056691,-0.09618549948744513,-0.4972068729293424,-0.24943748905320104,-0.05759637715820374,-0.3832815652287836,-0.29174532227168015,-0.02977299556877118,-0.30972709395003295,-0.282410384861085,-0.18718526282498382,-0.31516300093122945,-0.1493790700378662,-0.17730781125083717,-0.33813654490893846,-0.2549309758190963,-0.1187635898494869,-0.2494516271867867,-0.27201930778037553,-0.08852551159435779,-0.19015442417558448,-0.2617355137890812
31,v,0.0,0.0,0.0,-0.2393912949942533,-0.12083550696759235,-0.13655024633556567,-0.3680135209855514,-0.28383941243581373,-0.22466961985552683,-0.27080685110677427,-0.4134101609140137,-0.32949651917444445,-0.07964796058220468,-0.5154403073100652,-0.42263219663912455,-0.2339291482696084,-0.4913328876908428,-0.06170482103396179,-0.37594900431391853,-0.6912397435153913,-0.235576388085494,-0.4511869315095819,-0.8115591367751228,-0.349775538627865,-0.4948717016127,-0.9050931528721471,-0.4106609113770126,0.014927645718946352,-0.4826701477725015,-0.10480176107080946,0.12464216065690595,-0.7267996538904753,-0.27075100371293515,0.17476452799121503,-0.8833915697539133,-0.3663002999963167,0.22973129807500334,-0.9999986574228765,-0.40629369074087146,0.2145324515876346,-0.4187137404145132,-0.17514226972794675,0.14769598649712304,-0.5608136603032632,-0.4146614228006146,-0.010618682432882316,-0.42678662466332323,-0.42890950613377077,-0.06334510530134081,-0.3191772166637286,-0.3649845481419642,0.3764036197064849,-0.32123927078019593,-0.2554278001898248,0.2261928042484762,-0.4307729318566522,-0.4255889572151216,0.06829698005789919,-0.34097970983477466,-0.3920224004962834,0.00865017617663507,-0.2555642715949314,-0.3211627172196913
31,v,0.0,0.0,0.0,0.17417437724332227,-0.042912849292713495,-0.05058372078901312,0.25530631315500174,-0.2098384174828422,-0.0684770762693503,0.1693792485660006,-0.326149371744376,-0.09190695605032088,0.07132428115356855,-0.37847398608109145,-0.11655621984299,0.21317544103079022,-0.4610704859754458,-0.057560312921345225,0.3088516507656443,-0.6657471018797316,-0.09208568581880429,0.35556975247738826,-0.794625160989178,-0.11083248852891536,0.3873783132151472,-0.9122746556075039,-0.12807661052356079,0.0845207062725465,-0.4689594813705526,-0.0797727273499803,0.0737452873303873,-0.7046291328001839,-0.13765529893214407,0.06509201962347473,-0.8577776249595566,-0.17464874215069756,0.04783669911700267,-0.9999987251579182,-0.1946267352764092,-0.02788796079742,-0.4285485638871964,-0.10576343798342697,-0.0038785414073717224,-0.48728332417257175,-0.20242065255159683,0.033802598718113544,-0.36290404635368595,-0.2280148845754865,0.04415173334239344,-0.29274942553971034,-0.21945078703738524,-0.11772833062185523,-0.3563689785835299,-0.13417058610481314,-0.08062301626479945,-0.36509640912364216,-0.20508483455520582,-0.039058015676282656,-0.28416963678741264,-0.20404435128163692,-0.031294284041964444,-0.2393168519090558,-0.18810164073561528
31,v,0.0,0.0,0.0,0.14988463120097484,-0.09963815397680437,-0.0666498251370878,0.18720982485430565,-0.31885753384285526,-0.08305993729233667,0.042084713475531714,-0.45450365703985546,-0.10094272894603809,-0.10031027291002408,-0.506178821065496,-0.11578613120752876,0.1690165757793206,-0.47237146667701796,-0.03208640352364216,0.21723329600702712,-0.7107904099205536,-0.07187566754730246,0.23387352831463917,-0.8477075279369107,-0.09358983431073052,0.24769213508010351,-0.9615135033469451,-0.10957229590856968,0.041513724485447885,-0.47359167283312725,-0.0488922688679923,0.025907629464480452,-0.7330237437682982,-0.1031595774025019,0.020129439037479598,-0.8784302805839428,-0.1424292376104714,0.00392610853602526,-0.9999985703148092,-0.16254855726244657,-0.07082636739239899,-0.4370942236100896,-0.07618178031298867,-0.09643175744182388,-0.5479362629618296,-0.1823008734321378,-0.058719662398711986,-0.404105367729149,-0.21176650014394646,-0.036988058336262064,-0.3186211449974717,-0.1991131779012642,-0.16991564589944289,-0.3783266272800408,-0.10786866007695176,-0.17944086369499476,-0.43152817811120064,-0.19377766265615096,-0.1351429873497198,-0.33045882346452715,-0.20375002946718188,-0.11316029470294305,-0.27013007225076285,-0.19300720459979764
31,v,0.0,0.0,0.0,0.1355911810385254,-0.11652032692688657,-0.03642904845235686,0.16275605428696213,-0.31127789861426447,-0.052967285573646085,0.020786107881675328,-0.42206945310278704,-0.08006817845138244,-0.11965663423271157,-0.44863139391171986,-0.10914635770883753,0.09591360708467418,-0.49209002311687994,-0.031673349664549995,0.14958931864796918,-0.7205536354133367,-0.07811860867861935,0.1815352103580365,-0.8593289300927747,-0.10528036019984034,0.20099573301677054,-0.9712998117715272,-0.12554181340306228,-0.02151578605507019,-0.4777360928132868,-0.06196253953826349,-0.07854761301546345,-0.7342118596346994,-0.1300139071829997,-0.10969540117871415,-0.8794008300946945,-0.17479699081203262,-0.14985070164967593,-0.9999983853906191,-0.197175035216391,-0.11291524325828046,-0.4196514197414533,-0.09629180682119269,-0.15133354012180306,-0.523939628489242,-0.20256306421203854,-0.08741327018896403,-0.4005769566966171,-0.2232960726566035,-0.050552492655199066,-0.3145780033681399,-0.20604657495100323,-0.1889187508460494,-0.3369176848126104,-0.13193319800623704,-0.21251169449218632,-0.40514557740980633,-0.20792923510228745,-0.15070404593396663,-0.32590187335923804,-0.20363883907905925,-0.11032874489529441,-0.2621221112255492,-0.1832568234474912
31,v,0.0,0.0,0.0,0.09607016714115453,-0.15031312155999513,-0.05546488002152534,0.09183410328299292,-0.3402893437334986,-0.07917800063792503,-0.06681277804351599,-0.41470242098698806,-0.10784706051005026,-0.2207629635954628,-0.4062742924100149,-0.13878671592933575,0.06422472828124282,-0.5028823023124912,-0.050210592837187956,0.06476817711051268,-0.7353443652517846,-0.10397530612809036,0.05797200888939484,-0.881699687780859,-0.1383208283242339,0.04261299657970306,-0.9999971498723372,-0.16102788802134138,-0.07424718860648033,-0.46735970758075673,-0.07293882924361826,-0.1757583844529397,-0.695109615588419,-0.13918224101115745,-0.2374294638434089,-0.826323288351425,-0.1853868159860516,-0.2990372626184036,-0.9368438600925652,-0.20677991103761628,-0.17874616384799563,-0.3860518462745174,-0.10185144516244991,-0.22372067408061538,-0.46038541929165216,-0.20416081555057,-0.1377281785399446,-0.35372521991572886,-0.23149974024403702,-0.08358706768882745,-0.29328229410800627,-0.21659286580840018,-0.2592105242791077,-0.2807464466527132,-0.13279290556573384,-0.282253629526512,-0.3522588084451888,-0.1973107526307695,-0.2147693974355783,-0.29054670283019046,-0.1847207768906292,-0.16734546021176513,-0.24484824536845737,-0.15799511143695977
31,v,0.0,0.0,0.0,0.14864947464415668,-0.08036815824326171,-0.058628676001861064,0.20190952396519135,-0.24219152421071796,-0.08978972982499203,0.06278260777423376,-0.3249806259851893,-0.12595494893054734,-0.08563206451538993,-0.3288274677545744,-0.16558720085046233,0.1674878321391631,-0.4681398090524835,-0.06505074436686618,0.2113162021436866,-0.6850137641771122,-0.11887432454735043,0.23033248440423973,-0.8189085672097852,-0.15601629644662493,0.24181659047760568,-0.9320270078655832,-0.18381750983463954,0.03173019431292287,-0.46439813873701874,-0.09217466130031787,0.0010565064239900187,-0.7220079064307267,-0.15628996515363186,-0.011561984618285562,-0.87250879868209,-0.2012497199905031,-0.031163251839848204,-0.9999986018350242,-0.22552772092360807,-0.0878622285292563,-0.40401139001885195,-0.12523691624672972,-0.08799113023001012,-0.49868569945759156,-0.22530539830380136,-0.03424218365507386,-0.3676705691701572,-0.2479704924863717,-0.010229298956346191,-0.2801160838155954,-0.23296405941506754,-0.1917035802386084,-0.31275748627207234,-0.1618257692188242,-0.17605280533778855,-0.3818204632530355,-0.2290319845993298,-0.1294757268826665,-0.30928632826994007,-0.2187122231919293,-0.10722490155702022,-0.25913171197042795,-0.1961199239895487
31,v,0.0,0.0,0.0,-0.24880054731503617,-0.07171289228730833,-0.1018518906106561,-0.407675594965047,-0.22817561589789578,-0.1735930598584448,-0.3860897588699661,-0.3809016061320189,-0.26201598170563073,-0.25762280145310795,-0.49319689896082,-0.3407456560192232,-0.3087254915478158,-0.4782723349724458,-0.03850741315315209,-0.4259928034667695,-0.683304794652313,-0.14453757715690685,-0.49255936771255154,-0.8111342602038559,-0.20616272286726223,-0.5345175329622084,-0.9210095493173371,-0.24419300957653883,-0.14581420316137764,-0.4903208406461087,-0.07718540668125996,-0.06728849316300518,-0.7416061372517151,-0.19701223150478392,-0.0520726134689576,-0.8850668151229691,-0.2551137646905408,-0.03057475889158311,-0.999998678527371,-0.27211481458394193,-0.007559164059342769,-0.4508322622499957,-0.13670490833252752,-0.09498238901957254,-0.6339606321890408,-0.3166434658135365,-0.21547965447172904,-0.5146145304622911,-0.32216507401720446,-0.24514478529058817,-0.4113021742210884,-0.26663414496024523,0.11379688607280761,-0.3781444055704133,-0.2046353337888341,-0.03045412890557828,-0.5193335534603462,-0.3354386849111237,-0.13310823846506878,-0.4291863671511089,-0.31731805642087463,-0.15610559898992413,-0.33468177212115785,-0.2675230379080487
31,v,0.0,0.0,0.0,0.13698156483997703,-0.09821487163035682,-0.02192156502115546,0.19338735016628245,-0.2765580438742904,-0.029222531953316085,0.08964135037087843,-0.3851494373399571,-0.05171192247634249,-0.04522780874455691,-0.39501141977598037,-0.07630652667278726,0.10902483327751616,-0.49820348894391386,-0.017213981017486436,0.16959423053230102,-0.7228428036573339,-0.04949018138888451,0.19955473526268594,-0.8532498498417896,-0.06794311042116165,0.21902749586641845,-0.9646866802609686,-0.08400457277456214,-0.010063845442736776,-0.48619284449720057,-0.05460730979024735,-0.04713985078248894,-0.7413181074865022,-0.11333308000570401,-0.06822615242165339,-0.8829925442516289,-0.1545841551463204,-0.09974949390759354,-0.9999977132347968,-0.17529547341995835,-0.09984408737596571,-0.4313358568382049,-0.09445643544509211,-0.0774997198678169,-0.5152256789887656,-0.19462429929371822,-0.004489373296504655,-0.38903363052180406,-0.22451147364084056,0.02789389641992545,-0.2977235368753053,-0.2156705452332892,-0.16242284617360728,-0.351900787319932,-0.13444335372880212,-0.11689094805161764,-0.391473978443613,-0.20833202075846954,-0.04446206507695624,-0.2986990490556218,-0.21096397497446315,-0.008177564450225985,-0.22055189550658325,-0.19632273933003247
31,v,0.0,0.0,0.0,-0.2523218203585299,-0.07071170483427851,-0.08728486035746247,-0.4280816591685722,-0.2379201022048796,-0.1450811015474697,-0.40320841152182085,-0.3972269736586202,-0.21104414643361905,-0.29373842123876603,-0.4995228804884027,-0.2680156009391665,-0.3803205006597109,-0.45241064197157954,-0.08773901931698866,-0.5037310295725423,-0.6581772646323274,-0.21135713708817822,-0.5723525765521282,-0.7869681383628069,-0.27988597528598164,-0.6269571779327906,-0.8891854397601608,-0.31531630583184145,-0.1862979029277426,-0.4644807031530707,-0.13118255149235053,-0.20732707530588235,-0.7129857423720327,-0.266870574893384,-0.22682068330245342,-0.8681152432275768,-0.33930906893429486,-0.23384315575017092,-0.9999986081474209,-0.35896432620272556,0.006853895942498684,-0.4221633545339501,-0.1851337841038624,-0.13502434674272276,-0.5105045779041628,-0.37220231063247977,-0.21989622913274579,-0.36812794774103685,-0.36717604284449407,-0.2351707786896476,-0.25900900641557717,-0.29788852741232746,0.17817947579390644,-0.344219866955366,-0.24456621085101277,0.002623637784224858,-0.38370128090204575,-0.37651391193217437,-0.08129560483737905,-0.28469684692883623,-0.33949981673430685,-0.09092105781056181,-0.20271357936913495,-0.2681459947000315
31,v,0.0,0.0,0.0,0.13570121731968182,-0.13537512038390406,-0.054125548314447686,0.17111407038174337,-0.3260398947417311,-0.07722600115305568,0.07423127821216823,-0.4357349925520388,-0.10833920555708638,-0.06391796258314092,-0.4285179680690139,-0.1402330804323843,0.06630361131548682,-0.4745256379768123,-0.045576078565725285,0.10054393773068553,-0.6952257772856053,-0.09876943279641852,0.11932866208024899,-0.8320476657648613,-0.1344448598223293,0.1303968454456632,-0.9461881863418858,-0.15716915666010914,-0.05621208901351962,-0.4635302745314048,-0.0690882084139541,-0.1131750454829782,-0.7145459465810574,-0.13797491285959237,-0.14685770317202176,-0.8753330707485433,-0.18643091181999677,-0.18288837732549323,-0.9999975143122543,-0.2094333948272631,-0.1582300560100174,-0.40838077853169613,-0.09834578272517909,-0.1582340562904654,-0.5201052037974095,-0.20485544425089022,-0.08394232939597218,-0.4184479287546377,-0.23259277772321119,-0.03853203470173848,-0.3282541240489544,-0.21611406689337184,-0.23186944087442005,-0.32521479985970186,-0.1302683540567462,-0.21442036571887582,-0.4353257045987966,-0.201808415817812,-0.13631266759408198,-0.36605262584336185,-0.1942695354370769,-0.08712833053498387,-0.2797431675319325,-0.16879324936907406
31,v,0.0,0.0,0.0,-0.26953306633822427,-0.09812642419809298,-0.15937853196499238,-0.4283306348778687,-0.26998616764359945,-0.25023846147190837,-0.30694153742873515,-0.4129449709736606,-0.35365238878121547,-0.07093830742931885,-0.5028362987647871,-0.4460315269888583,-0.323806924574583,-0.48610103243870323,-0.06686683812677177,-0.44252728062688995,-0.6956551956865608,-0.23581422697256577,-0.512029540413196,-0.821980692752674,-0.33410478384380476,-0.5590339217869935,-0.9260152891999449,-0.38278725947979914,-0.0668906326338377,-0.4821977098378197,-0.10513893095054715,-0.008121245408298592,-0.7236687321956776,-0.28114896986125587,-0.02021059070982633,-0.8752331384154394,-0.3727885295656153,-0.01296119631785244,-0.9999987333535832,-0.394431430766973,0.1648090598151334,-0.42400588238669035,-0.1729910684872601,0.014252212284180155,-0.5438286226280227,-0.4478159979467602,-0.1168277341954715,-0.40361802235002553,-0.4816434851889159,-0.11960825039569861,-0.29940502410577036,-0.4108021549530911,0.35441914032750005,-0.3350041476441744,-0.2499023443326048,0.15253934976836844,-0.4390741526580071,-0.45749355932756636,0.02711382672720299,-0.33375254163892404,-0.4383227649567019,0.027114657205309985,-0.2422485763600339,-0.3625321626932389
31,v,0.0,0.0,0.0,-0.22758209887936615,-0.10672424008221924,-0.18976521891153006,-0.3412561624409872,-0.287705743212586,-0.26078774230394963,-0.17049310485270355,-0.4135888818806647,-0.330547783556651,0.06990200014354596,-0.5032290629325545,-0.39046027334023126,-0.230128430442467,-0.4936145484008972,-0.08929338943225563,-0.3628136149298908,-0.6889317818561376,-0.2396218643661261,-0.4328295103265401,-0.8147254450238721,-0.3396237280723772,-0.45852153220448405,-0.9142489868229525,-0.39775605603567615,0.052277348836509974,-0.4943305050271057,-0.09893000574795327,0.11157034001728053,-0.7436082950895107,-0.2472605156526555,0.14049759757718028,-0.8905875818545264,-0.32454105855998183,0.19253296192619215,-0.9999987197016665,-0.3510093233287585,0.3017410724226579,-0.43437093090773665,-0.1392894277958634,0.2743788157677127,-0.5582307785921253,-0.39220571332455806,0.09914366202022028,-0.4190463150637069,-0.41165413860406863,0.03337195780898185,-0.31534348520334576,-0.34531028721685514,0.5130898354084429,-0.3352646616339289,-0.191950615082091,0.4326002698975132,-0.44780553419993246,-0.38257399049837815,0.24934666139635855,-0.3557457372082437,-0.34854830827686006,0.1664074894367726,-0.27189143501400714,-0.27424670811510915
31,v,0.0,0.0,0.0,0.11387094236145595,-0.1636671569871394,-0.06597370348090544,0.1521731992687945,-0.372575422748341,-0.0838204051284294,0.006429495893774224,-0.4823697343663411,-0.10485116552624153,-0.15015460343312378,-0.48975375565103596,-0.12126120714956577,0.1287720650548338,-0.523064723406479,-0.000686739246568659,0.18771058466124887,-0.7414581929887848,-0.02464141326822821,0.20926942211054572,-0.8701651443495129,-0.04284265648401385,0.22914742764014617,-0.9766783105954207,-0.05808156538036424,-0.0011169886934099288,-0.5066952976087771,-0.013376581492857144,-0.047262699982298546,-0.748934428957465,-0.05428130678748584,-0.06800066271181834,-0.884418553384766,-0.09274959291703473,-0.092110987039894,-0.9999976069517842,-0.11373288200856088,-0.10494387629508464,-0.44569931364173226,-0.036754428022339816,-0.13210819690902417,-0.559323636995283,-0.13366839690846194,-0.06366207950565696,-0.43219374929036986,-0.16581801592916567,-0.025296491864073227,-0.3512052937706801,-0.15570182261342835,-0.18647606325383437,-0.3677027360863664,-0.06384255384664062,-0.17726129878437177,-0.46393100535453574,-0.13524597762263646,-0.1210274579679502,-0.37198355139304734,-0.13421117446399655,-0.09135173141289604,-0.2979031381936917,-0.11653872594103949
31,v,0.0,0.0,0.0,0.13472911717405633,-0.14191348605461823,-0.06577726435606919,0.16642644099630124,-0.34411684634570294,-0.09431219340165664,0.009253848987588985,-0.43677422009927036,-0.12671980979436356,-0.1435024642898112,-0.44087391260827347,-0.15783150185684103,0.07852848807552437,-0.49467169782590104,-0.05325696824985868,0.11310748504183919,-0.7207873921519863,-0.10935586735923186,0.12860654600877813,-0.8556596074307538,-0.1412986400704871,0.1348912830175897,-0.9677367912651614,-0.1617790641743225,-0.0593377481849624,-0.47410591921508366,-0.07485497478463152,-0.10775544609153453,-0.7265358136243139,-0.14856643352495175,-0.13054713231855694,-0.8760945623112436,-0.19434426603605487,-0.16508866285069457,-0.9999982731251128,-0.21486135886839475,-0.1707002134690465,-0.4076321276738621,-0.1042058280712149,-0.1710865860714987,-0.5178840065344208,-0.21694904467746878,-0.0905652490984113,-0.3922062497692857,-0.23329748205877615,-0.05089807363237755,-0.3088025706086609,-0.20843187687864453,-0.26868590086226524,-0.3136267857280299,-0.1370615620586873,-0.24777975925360338,-0.3899486912505821,-0.20967091964792026,-0.17173581555933545,-0.3132983368503942,-0.19567581693092606,-0.13519567206283825,-0.25814867210946146,-0.1672479412732408
31,v,0.0,0.0,0.0,0.18620750666332447,-0.1291157100759004,-0.06439917678897367,0.2627944914886445,-0.34781916354567183,-0.06984597842927258,0.15311397770008886,-0.5231513407456856,-0.07557327076989774,-0.013323312692293563,-0.5332486518136846,-0.08094844683759354,0.168527163465537,-0.5306846156791787,-0.007686457327182455,0.2222782512693778,-0.7399162821792893,-0.022171497076597078,0.2507271850054694,-0.8599466469410271,-0.04169714610343502,0.2713457172052792,-0.964913259571371,-0.06460594361500249,0.04010444187156382,-0.5472095649060507,-0.016383099446019688,0.04119846273131931,-0.7675801500595263,-0.032460785042437844,0.056700113604486894,-0.8949683469430509,-0.06409511339556265,0.05666816983860901,-0.9999988116907761,-0.0931063609981506,-0.06998659534720951,-0.5070003673144572,-0.034345903268719835,-0.10964134549026189,-0.6967160573387889,-0.09003904233278878,-0.05636615605212725,-0.6103172367190194,-0.12680616634713607,-0.028107468336319417,-0.5088154248408131,-0.1379116007093287,-0.17938875215150776,-0.4313788845835148,-0.05824357414849425,-0.20903476257740433,-0.5747055332363685,-0.11216422597785976,-0.14926184993308822,-0.5347291143289384,-0.1322469298365678,-0.10410437885226334,-0.4505740422399058,-0.13952064396511585
31,v,0.0,0.0,0.0,-0.16152442461077232,-0.12902931574949986,-0.2180684804051122,-0.1701989235902805,-0.3089771641623802,-0.3417073948629762,0.010033157118698519,-0.4395184985536907,-0.4464618496289247,0.24563965833297488,-0.5113143271754981,-0.535892019059385,0.09771802225479928,-0.5230183815015188,-0.18351633140092016,0.2627911859910386,-0.7439361810519495,-0.36152664564299514,0.35570530068899087,-0.8857405759003519,-0.4761448981131169,0.444430615670884,-0.9999988355002134,-0.5553437113231668,0.334950998534883,-0.44526429432984416,-0.14839774803521708,0.40007177570772384,-0.5361058384877456,-0.3844105730251618,0.20847151370833378,-0.40688967210549903,-0.4347737248052128,0.10314939256054316,-0.318904818694981,-0.4173337308656872,0.5015647776665332,-0.3473719151695992,-0.1398155204375468,0.5220451201447676,-0.4352884695375382,-0.36558349771683596,0.3091656112158376,-0.3247004505611464,-0.30380250208035225,0.20322171890603172,-0.25127391288816847,-0.20865034436520655,0.6163778975777532,-0.243187625530953,-0.14900308647535163,0.6061567792727701,-0.32404446046824553,-0.3118613032375054,0.43824969113667367,-0.24882278241089612,-0.2661947517787047,0.35847321656294073,-0.18738342080649978,-0.19140893128017142
31,v,0.0,0.0,0.0,-0.22999533980238318,-0.140135733271171,-0.1823729525235767,-0.30096450436643835,-0.3338762059631399,-0.26641939799978753,-0.10953041125753156,-0.47608829380784146,-0.35741796112552116,0.1464231587401351,-0.5756379059882436,-0.4333294106295314,-0.11508132048705111,-0.5415220796849529,-0.04934193952442393,-0.16457388810920603,-0.7597048060748619,-0.2090694663566124,-0.188503145047292,-0.8904861137499832,-0.3104356819656476,-0.18939929119771592,-0.9999987382117801,-0.3631913369164904,0.15613941213440474,-0.5145854629116102,-0.06998986168640077,0.3311579473659536,-0.7502600551440248,-0.22687487617974134,0.39286256041811474,-0.8906408175082327,-0.3125201966547689,0.45996676332128394,-0.9995563997800132,-0.33889983853377215,0.3534022720493274,-0.4360805632143102,-0.12441931334251206,0.33939033826617226,-0.576667659929883,-0.3824192391477532,0.1281708979789218,-0.46564575252178014,-0.40709377410838343,0.028014616928359444,-0.3659473404455605,-0.33899738387866746,0.49371775348880964,-0.33093563122138114,-0.19243727057179807,0.3972044939967539,-0.4467922755022068,-0.3822183950124079,0.189310470031701,-0.37804882947078944,-0.35752159835394504,0.08735580479676222,-0.2994807546850453,-0.2858483887938212
31,v,0.0,0.0,0.0,0.10819684564685635,-0.12923109853536485,-0.04001247088419665,0.12278394334607523,-0.31688272291614866,-0.05447761057955721,-0.00641845116713765,-0.4285093242170027,-0.0791160548623828,-0.1355628921914451,-0.4522543004136307,-0.10385927990540657,0.09011249352420873,-0.48981893375521945,-0.017799685859329575,0.13239951804468675,-0.7220369274654189,-0.05979676502659214,0.1522915417571571,-0.8635733925709337,-0.083360193396652,0.16166180274626074,-0.9769539391683664,-0.09885904436007534,-0.027367682878393147,-0.4829093097244646,-0.04262159235143583,-0.09281810328918949,-0.735877584227536,-0.1056735991013096,-0.12519849023560042,-0.8857026936774538,-0.1514955137227173,-0.16231947257447443,-0.9999977122395264,-0.17215434731912527,-0.12003742523598476,-0.42874679716036457,-0.0725945146655687,-0.15266667128181308,-0.5314232661763917,-0.17727839026641665,-0.08717500162303113,-0.42061926351511864,-0.2067291601680836,-0.042706607780153234,-0.3355249966855175,-0.19137895138113076,-0.19698898824236175,-0.35040622538607513,-0.10279151244003996,-0.20582174766701145,-0.4379231525936482,-0.1764773537337372,-0.148674084979681,-0.36188742516341477,-0.17254033460037915,-0.10850904450061859,-0.2906708371482551,-0.14923176522035275
31,v,0.0,0.0,0.0,-0.22030194732107627,-0.13472059299495753,-0.1493139060833755,-0.3041721324835171,-0.3249559805238101,-0.23070773878117046,-0.136866365570855,-0.4597660031566283,-0.3267079152844342,0.11888315825495885,-0.5510022813218926,-0.4102852607118838,-0.07610073524737328,-0.5138147519318249,-0.036752425607539274,-0.1529281440237313,-0.7314564753738372,-0.20935514287186696,-0.20859878624839034,-0.8619114208703046,-0.3227514234273264,-0.2450216614500204,-0.9610234332276464,-0.38015951727808106,0.19641134290699688,-0.4924620020988762,-0.07195154529835598,0.38840207568569945,-0.7306771599581944,-0.23158581545566412,0.46827428656865133,-0.8842505134216888,-0.32189587732639874,0.5403591923936925,-0.9999987087948785,-0.3530816159428648,0.39986977206214214,-0.41774207739167235,-0.13821162444063537,0.32545369263056123,-0.5628932292417214,-0.38107463182970075,0.12151810017529889,-0.4537147259310952,-0.4059502706112315,0.03800597989250236,-0.3521185013829745,-0.3452658734915036,0.5420324193788288,-0.31278362169964613,-0.2155470678282007,0.37773408960788846,-0.43646519567004033,-0.38899573501620066,0.1661904361795498,-0.36530590968540366,-0.35729658408117315,0.07180999819471569,-0.28286286608033717,-0.28608798480870584
31,v,0.0,0.0,0.0,0.15697603765577178,-0.11408570877275316,-0.055770329731039854,0.19226076119016067,-0.3161497284829359,-0.07182578608182374,0.04087480847395797,-0.4164664116938961,-0.09446943185540772,-0.11070084753022191,-0.4185995393385658,-0.11915101801770742,0.1108763780899558,-0.5256880577394197,-0.032223098257165815,0.14972743540894784,-0.7404181390454047,-0.0642253854695753,0.1618363151201785,-0.8684654816370709,-0.0863615969551623,0.17071654170234216,-0.980319689946447,-0.1075349597193906,-0.020819781804102377,-0.5051265981156279,-0.05531296764791179,-0.08184169566681346,-0.7339165980298654,-0.11236556028312014,-0.11653503790717416,-0.8760983760897717,-0.1580681743883746,-0.15401002014604584,-0.9999985231122792,-0.18542003239503113,-0.12172885864682244,-0.4415810143172444,-0.08475086308920914,-0.15621511179903172,-0.5297168097939738,-0.183949677861814,-0.09151977642558094,-0.4008066913668252,-0.21379874197539667,-0.0530571046780763,-0.3100007010714359,-0.2061497821630413,-0.1998358643627885,-0.35547156686183606,-0.11797307503754745,-0.22371057333826735,-0.40590588053590476,-0.19355321975325215,-0.16028277283422887,-0.3179990494452675,-0.19888480645377482,-0.11358204874390793,-0.25296110377167424,-0.18771310940130387
31,v,0.0,0.0,0.0,0.12345024924954184,-0.15683594389740546,-0.05016083529672564,0.14975706587007265,-0.3517037295662149,-0.06938328004357537,-0.008703401213768036,-0.43654986490206754,-0.09552202972739607,-0.157628003675919,-0.40696913813672286,-0.12219235232897908,0.015540938498215038,-0.51085173399597,-0.03017336927879337,0.024476491669585442,-0.7386749629546651,-0.0767629303230216,0.028219435251441126,-0.87799654158504,-0.10761333100782602,0.022112811784614158,-0.9914697969546891,-0.127289282002615,-0.10672780863182953,-0.473916060257203,-0.05750427517460681,-0.16440209780315163,-0.7235310340323731,-0.11166583868506723,-0.1921070962079151,-0.8797176821461468,-0.153696178683448,-0.2283448952173238,-0.9999977329083019,-0.17504294305965248,-0.1998235137788847,-0.3937756640200377,-0.09186686944906625,-0.21011414252117278,-0.5093936899781994,-0.18820876636474018,-0.1174730795518552,-0.4207705585032643,-0.21400020023422592,-0.06482573157655509,-0.3390419888332115,-0.19877977129621932,-0.27926495425312897,-0.28774248701687816,-0.12876539955026275,-0.2755466717494237,-0.3857110185126646,-0.19502135542149665,-0.1893965396784937,-0.3259520236801605,-0.18511174033663266,-0.1369291162267952,-0.2553020210904514,-0.15967235180331898
31,v,0.0,0.0,0.0,-0.27591258665990687,-0.09536250328099145,-0.12626758331385476,-0.41743633132768804,-0.2727404788228775,-0.21581155225014884,-0.3163002558791007,-0.4181621555776881,-0.3147506917495044,-0.12122389029427946,-0.4965521368032707,-0.40468055688090243,-0.1548433959963746,-0.4809103727249936,-0.18338960188864578,-0.19644670602331182,-0.7247058377133868,-0.36664426081652934,-0.22706914146888382,-0.8790773058003007,-0.4579642794858605,-0.2345070139896584,-0.9999985324121458,-0.5046294646514089,0.13291051360104394,-0.4676804708004978,-0.23812678810094803,0.17811377194789693,-0.7176778295521634,-0.43206632790053273,0.20561260447317656,-0.8735526001577124,-0.5246703491313132,0.24653011008673623,-0.9986811581180812,-0.5463857248080388,0.36907312417613475,-0.3925639809980548,-0.3035813740358026,0.09525827675566756,-0.4769521265891092,-0.5578507300687202,-0.11422181848618944,-0.3443338234016988,-0.5500148023205126,-0.19469856083209452,-0.2314124527868713,-0.45902640157606844,0.5193832567775257,-0.2820347031750923,-0.3786707247031372,0.15727039133427767,-0.29214760654577665,-0.5722890998466357,-0.019137835773079884,-0.20772298385773522,-0.5427501741416633,-0.059780407295919456,-0.1302935661861448,-0.45904608346293196
31,v,0.0,0.0,0.0,0.09853511249859848,-0.13753538782657532,-0.07141569455017358,0.09479629085660857,-0.304086367746747,-0.10417551736618,-0.07297741653571234,-0.3772098753366701,-0.14074648851967075,-0.21433841599963224,-0.39379296373479716,-0.17757824770314115,0.0892505406647155,-0.5014323793739197,-0.05200060843062255,0.10168402319471898,-0.7345778774026428,-0.11107658632481718,0.09833689850544822,-0.8824917662244748,-0.14898541016633465,0.09143660445748383,-0.9999972629802657,-0.1727349132513778,-0.04964983191962793,-0.47171455507166876,-0.06697683288103769,-0.15091752415918683,-0.694741269534843,-0.14378510699542568,-0.21761318850292594,-0.8316847071769363,-0.19635286505351843,-0.2708095826481425,-0.9452947687652852,-0.21962763338953503,-0.1560048535109546,-0.39566808442390755,-0.09090328579859762,-0.22674326761951402,-0.4632242258926434,-0.20035442219836308,-0.16398113142050133,-0.35368668695285965,-0.22919990100689167,-0.10902813713434202,-0.2866224914070412,-0.21297529036448362,-0.23649058347938115,-0.2944076518738097,-0.11878890518834159,-0.2840351870248464,-0.35347868461436865,-0.1889209618916205,-0.2338916962218665,-0.29084958834244573,-0.1798580349025472,-0.18494793027948495,-0.24761446697233627,-0.15327549918248415
31,v,0.0,0.0,0.0,0.15744836458486983,-0.06977715473669073,-0.05997486130457792,0.21858864727910798,-0.2433311513149286,-0.08055177768687684,0.08232605616059273,-0.37027831749200263,-0.10309288805899955,-0.060406060856966426,-0.4207879381020857,-0.12592669892542488,0.16998112669473175,-0.4711749934867051,-0.04752675384397096,0.2320949140996182,-0.6882571293614143,-0.0964263938196307,0.2606004512408952,-0.8317835228376913,-0.126210554958682,0.28068781574011753,-0.94322975501592,-0.1461671383859819,0.04249691899539715,-0.4698760126095823,-0.06687778772326734,0.03085521075271797,-0.7210051424915334,-0.12739647292386114,0.017842596429041784,-0.8797665806154233,-0.1702924452302651,-0.005315798848281613,-0.999998037878567,-0.19124693238554377,-0.06431481559498742,-0.4178981822280578,-0.09346328008522867,-0.0654481930758731,-0.5265924274593542,-0.19931986404900237,-0.029379516082011583,-0.4305732743755049,-0.22930863923602623,-0.016629107135710867,-0.35375949566889886,-0.21790462040184103,-0.15435195532019855,-0.33357903773506864,-0.12239364373556742,-0.14386537754689382,-0.3890168797533698,-0.20401378764370595,-0.09697353621590662,-0.3081424262439744,-0.20505212737044815,-0.07900369649936059,-0.24073892018668266,-0.18606491149267937
31,v,0.0,0.0,0.0,-0.19600351946438,-0.16160431821298554,-0.13741837060541093,-0.20630508389853963,-0.36032905703626245,-0.21769517833259885,0.03933315758161922,-0.4744004867989217,-0.3126487093124629,0.33914191472395167,-0.5091295964976882,-0.39876656594624577,-0.003959057022367703,-0.5227444877376914,-0.07200861680495584,-0.0007641828366940923,-0.7500099651253717,-0.23811870205361385,-0.0004289821566206169,-0.8855577810655595,-0.3334864086125773,0.013890787783040197,-0.9999986942804242,-0.380634831922536,0.2702074707099558,-0.48121400292113964,-0.11254873907122608,0.4972082975490895,-0.7104568685788377,-0.28363867423056643,0.6082340473920842,-0.8653556555647997,-0.3722939618772993,0.71274054481645,-0.9845749490338578,-0.39751588683577893,0.47463669159669813,-0.3928043760467894,-0.1778295482056133,0.39663416250272987,-0.524562914459288,-0.4439337874655636,0.17584711729762134,-0.40917410788873376,-0.4737148541558854,0.08879790553534085,-0.30250355425119807,-0.40416234740662055,0.6112727228861146,-0.2813241946340364,-0.2503891132498651,0.47930817653301816,-0.4035959389675389,-0.44262999146070386,0.28879402543818133,-0.3232828833376939,-0.4171301464584484,0.21320452097520406,-0.23085435051527906,-0.3420274495770499
31,v,0.0,0.0,0.0,0.12319978859045191,-0.13430365729115207,-0.044444396640493974,0.14906376472476668,-0.32541709087625764,-0.06809513811558068,-0.004198272976757826,-0.41385735005468255,-0.09924860500434231,-0.14412968644617416,-0.41834999012804847,-0.1312044602286952,0.0692568494774955,-0.4914797870922893,-0.04895163044803885,0.10261065794154918,-0.7321204284618593,-0.1057443580746802,0.11655992532321333,-0.8784108308641647,-0.1375464613991018,0.12651488531759522,-0.9999974847668128,-0.15834747526533322,-0.05887049588979061,-0.47415013300610837,-0.07772338586382907,-0.1092505961685781,-0.7196340013883964,-0.1499623419398946,-0.1426100266169062,-0.868575431735352,-0.19619143138972447,-0.18224111784239425,-0.9991471409053608,-0.2201962360644397,-0.1613130190216398,-0.4149399193465628,-0.1111227136605579,-0.2053877266176209,-0.5256632505156651,-0.2146090331327415,-0.1453465087225273,-0.40251653345676364,-0.22726618112867056,-0.10702871302354125,-0.31915030248546883,-0.20461100873881763,-0.24582778390030124,-0.3285244740244091,-0.14688647001360122,-0.2769905926529322,-0.41345511581979616,-0.21170244852292433,-0.21258229233326784,-0.34102266978495305,-0.19543857273559076,-0.17160319919835712,-0.28223200607185905,-0.1673878508579542
31,v,0.0,0.0,0.0,0.13665406705636837,-0.08662048559761333,-0.07117615401202748,0.15419687214822428,-0.2924133470229254,-0.09963502141414876,-0.015354312083670493,-0.41678438411513186,-0.1294932656614533,-0.1532429905261168,-0.4774101929321671,-0.160084854853586,0.11897271722211054,-0.4761921983498146,-0.06763633049030705,0.15478659737322403,-0.7201178834090334,-0.12625400607180995,0.17504419418713774,-0.8703470653996611,-0.15926211964180936,0.1830942218826738,-0.9989000551985326,-0.18180920579737656,-0.017697624023473503,-0.45053705254845205,-0.09134634129912747,-0.06822345687918913,-0.7226528881670715,-0.16822476532442843,-0.09640225833295266,-0.8750951029301495,-0.21716017091893142,-0.13874174574504403,-0.999998562970591,-0.23950259843840802,-0.13025743274492477,-0.37832667627230365,-0.12232012768364972,-0.15563448263136098,-0.49814042646235507,-0.26058043580219886,-0.08450098658633964,-0.35607137990535154,-0.28662539126209063,-0.04972544253400025,-0.26479544834852436,-0.26308458384094785,-0.22900902018500888,-0.28286999115959577,-0.15472854808775477,-0.2317477949227529,-0.3811393700905379,-0.2732868944736645,-0.16155985068456946,-0.26998897039538505,-0.2723416210411158,-0.12537408389647078,-0.18590417478482957,-0.24384393113235242
31,v,0.0,0.0,0.0,0.12665733326464482,-0.15686359657923402,-0.05100689097529877,0.14986895611610612,-0.3542561013680418,-0.08418766048339013,-0.005070358907605313,-0.4402842605033747,-0.12338543091310278,-0.1637221351089689,-0.4273835453159448,-0.16389546902663618,0.04598597141783794,-0.47975419577982364,-0.06279322475901378,0.0630038325224858,-0.7170040893306937,-0.12022947368443314,0.059067115315132875,-0.8599508886280156,-0.15668389269513336,0.05738906588130847,-0.982251648950414,-0.1816532751379693,-0.08673464054738575,-0.4537079067890155,-0.09055691880578512,-0.14816368629560311,-0.7154529018824907,-0.15619846766870493,-0.17724055329134852,-0.868367045110146,-0.20187157632795769,-0.20499935422388607,-0.9999979051270326,-0.2271433641560562,-0.18704688488855323,-0.38607723285196294,-0.12149209225700125,-0.20674470543945253,-0.5303460314335037,-0.2154068355637927,-0.13258201274864917,-0.41404056127706723,-0.22049860867467957,-0.08898369378066541,-0.3337082056221521,-0.19535674200409978,-0.26715823098190356,-0.2896015646625693,-0.15557288262371352,-0.2828435417808907,-0.3932393161524119,-0.2129613397922465,-0.20323015395393607,-0.33003744907363136,-0.18821583878663406,-0.1499543632009142,-0.2771898175220816,-0.1555079688690138
31,v,0.0,0.0,0.0,0.10838242210788694,-0.15247566985562358,-0.06632502373276196,0.10065893521185172,-0.33818958037848046,-0.09519285909802233,-0.057985698175317194,-0.4098766225898169,-0.12589265530142307,-0.20364477528576108,-0.3943676417453772,-0.15714207717785011,0.06523437180922864,-0.5102946653244087,-0.05985170994441978,0.08147743085301327,-0.7415694878742289,-0.11624903103717114,0.07917021076948555,-0.8849265941754197,-0.15171925902498812,0.0719657458673559,-0.9999972478684892,-0.17453086209949784,-0.06849269477539366,-0.4785358177836095,-0.07588295256923142,-0.15320466282051495,-0.7112981534310072,-0.14198781194152404,-0.2107162038929927,-0.848334067246688,-0.1872721835876084,-0.2628292764735504,-0.9582153211998073,-0.20850568257334756,-0.17208933712310434,-0.3991280773531962,-0.0991868288943214,-0.22116061930132613,-0.4773329957955208,-0.2004899177260983,-0.15352339219287858,-0.3840390384507282,-0.22909739626407843,-0.10349624997720808,-0.32311120406438276,-0.21561767002634188,-0.25029852060077706,-0.29287226748582496,-0.126156544111101,-0.2730037643562923,-0.3614392723001691,-0.1947182586412152,-0.20747822186464193,-0.2996320204329995,-0.18729996783230426,-0.1575063610686763,-0.2463146495059634,-0.1631363280474536
31,v,0.0,0.0,0.0,0.1374219058733371,-0.0976440474370362,-0.0359004284800396,0.18873167735006072,-0.2667006400917137,-0.0509659117993826,0.0738202401398888,-0.36400017567096704,-0.07924055783798775,-0.051931725773784944,-0.3720803048497352,-0.10825123172914339,0.1298516709072971,-0.49315449125791544,-0.015476494156463719,0.19973619980771068,-0.6997866909145906,-0.058561996437137775,0.23411559492477654,-0.830242056018466,-0.08374765226924166,0.2574682499714374,-0.9388861823906012,-0.10304210412860518,0.014072635919040984,-0.48388974673906465,-0.05033666300875852,-0.002496843093427099,-0.7321826780829903,-0.11476616480433902,-0.007777969645299599,-0.8779843731871291,-0.15956634931893618,-0.01825621240081461,-0.9999976703144489,-0.18098471817013148,-0.07755557628432955,-0.42291448055342123,-0.0911984849242333,-0.08701236429343169,-0.5091295102691066,-0.19484661656068894,-0.0317642432357182,-0.3858949387406583,-0.21961158276315168,0.005686181404412785,-0.3049643682187588,-0.2040927885438773,-0.15981184398730625,-0.33781116463596617,-0.13389616293554032,-0.1666248749386386,-0.39992730523658077,-0.20217714431411402,-0.11784902219662706,-0.32597820294271274,-0.19847430142832753,-0.08102680055714477,-0.27315610633776966,-0.17966098238768033
31,v,0.0,0.0,0.0,0.17733516758449552,-0.06461620526241975,-0.05293424606381383,0.2704279662513347,-0.2156356632118023,-0.08118627541759225,0.16059049697544492,-0.34295496975698697,-0.1150646425246629,0.020406611896557212,-0.3849466725730986,-0.15409680383945135,0.22283391300953026,-0.45952040104696346,-0.05693940811065249,0.31646075990998546,-0.6582502859523699,-0.09928207934327919,0.370758011710932,-0.7836500616388306,-0.12638082431086353,0.4094729502630751,-0.8887688945160704,-0.14828099570004016,0.09714020745829384,-0.4667524918124457,-0.085422505553,0.10561090669162428,-0.7197361653874661,-0.14525196583815927,0.10956746773488019,-0.8691051136477508,-0.1877694563512302,0.09829167180316958,-0.9999987816368547,-0.20997686523896153,-0.017703255961747374,-0.4192029546934597,-0.11830941763349022,-0.002794857263930894,-0.5174673939582004,-0.2257608263573179,0.027363254613344098,-0.3835696501899292,-0.2568834965907184,0.04038418422768014,-0.2872967446155185,-0.2462045652812665,-0.11894261403451076,-0.33575061987065097,-0.152619692800043,-0.12028427042777386,-0.41902677832485047,-0.23921655068020953,-0.07316871104119056,-0.32401956851651187,-0.24197627796956717,-0.047019446680954945,-0.23921374022373626,-0.22414323172966774
31,v,0.0,0.0,0.0,0.12126482617917746,-0.060657045543908696,-0.021129856566834512,0.16555113547310407,-0.27466828730382187,-0.022428252161575107,0.08084357289945626,-0.4467604946005583,-0.037012266850556794,0.013661877168128523,-0.5151403299714493,-0.052301216707278615,0.17140242748644313,-0.4355127401344548,-0.0003586373482050752,0.24205278510416062,-0.6782142154137083,-0.038320148428337274,0.2809567076335057,-0.8252798491213604,-0.060135754524629194,0.3087979923231519,-0.9416258620846446,-0.07929113997294934,0.07791533213208635,-0.4465318002122543,-0.03209891862723453,0.06763702291724225,-0.7204456875009435,-0.09759144513649569,0.06245340193124259,-0.8753076174071994,-0.14559458918270238,0.04746748591258204,-0.9999988073188838,-0.17165535263422038,-0.006876471302655712,-0.4242340618079497,-0.06790793366658643,-0.05689197667833542,-0.5551569783052482,-0.16686332724597405,-0.05269806140385828,-0.4029923554640291,-0.17809814345324276,-0.04304331228444728,-0.30663218466568565,-0.15727250521039343,-0.08319542134467242,-0.38113522875344785,-0.1050641871163967,-0.13688958650013633,-0.45644527896369275,-0.18831657767630913,-0.11666349793007487,-0.33936512644553907,-0.19022493530976453,-0.09460938267426816,-0.2586116237325861,-0.1733695652958206
31,v,0.0,0.0,0.0,0.14072029098804478,-0.14294189692420547,-0.0585012268134375,0.1925025642587189,-0.3303564917206434,-0.08353998783480718,0.06962480212696108,-0.43069943639429586,-0.11498083546140768,-0.07385937978867256,-0.4180059506690146,-0.14603788050959204,0.07476223169679985,-0.5300856968880592,-0.032850042576636526,0.10084342084487982,-0.7448358820687329,-0.07916311843065164,0.10872219737063055,-0.88168462165413,-0.11145541087844953,0.11000952646844765,-0.9933495587943195,-0.13517166054317298,-0.05208572879245843,-0.5011903369240444,-0.0589032524356258,-0.09605740397293805,-0.7479114263259885,-0.11914782390500449,-0.11958265325338219,-0.8905782867957357,-0.16252088832239653,-0.15236350089344494,-0.9999977077267739,-0.18552636242555656,-0.15680329701248194,-0.4247031498186326,-0.09269751991763123,-0.15074156460388996,-0.5578216135572241,-0.19934144489929687,-0.07097265837297739,-0.455950050973746,-0.22436048848483245,-0.03575009365510851,-0.3632648152732792,-0.20901294537882154,-0.2438547258758239,-0.32394525943599367,-0.1298101490184957,-0.20515164519130324,-0.4214697977596386,-0.21080230481561038,-0.13615042298393856,-0.3431419295243402,-0.20628102590197447,-0.11049306050338448,-0.263440518578327,-0.1838062232290757
31,v,0.0,0.0,0.0,-0.2941463047676946,-0.12368389704542522,-0.12631584045880215,-0.4410561436926474,-0.29830632140537733,-0.21318869297114582,-0.4356886955792103,-0.43393395880053304,-0.32814840604123413,-0.26770681980887007,-0.5327814580904214,-0.42715507629783933,-0.18574381319802183,-0.5112512654281469,-0.0063917239584715315,-0.2962190398629429,-0.7206305354466905,-0.1744210749322226,-0.3713188723368236,-0.8407164203231478,-0.27726250937617214,-0.4225971221895722,-0.9353778644530937,-0.3305191714953674,0.08151027230446106,-0.5014770455899821,-0.06164725189924081,0.21084933931632838,-0.7347825104745136,-0.2505765747675138,0.2319216815989271,-0.8836748659784394,-0.36156086981447344,0.25376594007367764,-0.999998718903483,-0.39805164434172524,0.2833479157805302,-0.44824575384914694,-0.14711996114535206,0.025522333372719527,-0.5930657150153695,-0.4098466749492245,-0.17787949224185332,-0.47154366437157713,-0.4456992384235527,-0.22396225513110316,-0.3675964326839194,-0.3845828178165321,0.4051972042165342,-0.37383819481458247,-0.2434777749118864,0.04999648259570436,-0.4608162513563789,-0.4349307059237888,-0.13308010015500685,-0.36739201883028494,-0.43349461651575644,-0.15734586484061092,-0.27848527901799985,-0.3785009520659625
31,v,0.0,0.0,0.0,0.13540462257319974,-0.14767290234001115,-0.0568118882468431,0.17587050229488557,-0.3396904046119656,-0.08246352258374683,0.0458429260173242,-0.44479460218310407,-0.11366045810502333,-0.09694311975291924,-0.44008768694645933,-0.14558965298562607,0.05050116411522143,-0.494715879372965,-0.045063524931171536,0.08083426843234072,-0.7226666813881153,-0.09361345876118694,0.09659923491036283,-0.8639219952249914,-0.1269976950172415,0.10206132946527362,-0.9812338996065785,-0.1490253736315585,-0.06859196803733277,-0.4682501463826311,-0.06864720981836538,-0.09311471748383902,-0.7210973905976501,-0.12510818283176067,-0.10946599736340461,-0.8785118736962819,-0.16529673275944448,-0.1397337430504078,-0.9999977059919354,-0.1868029523974208,-0.1733049709625254,-0.4022163260667249,-0.09864079194730513,-0.14466872982477985,-0.5484300081125961,-0.1995952463485233,-0.06503826344169027,-0.44585401361854227,-0.21623877706918593,-0.036099294255666436,-0.34863236765318273,-0.19541795137113774,-0.26800976273427235,-0.3117904735645446,-0.1316498228352573,-0.21985918483312133,-0.442807863907818,-0.20627216709400972,-0.14368274429807043,-0.3647674718126363,-0.19135373502786515,-0.11645458511207273,-0.269634840807347,-0.16106173622994804
31,v,0.0,0.0,0.0,-0.2524937997350752,-0.12103593161465082,-0.09828340566472074,-0.3104903715090054,-0.3068801098827875,-0.17189663258092105,-0.10178721494927714,-0.4335114884751091,-0.2628198564983567,0.16816654444317317,-0.477117014033519,-0.355035808569325,-0.16710440608413046,-0.4625858638356476,-0.11532185925273301,-0.2295807706912579,-0.6812154821194352,-0.26081392207765064,-0.2630967078651265,-0.8185950696444511,-0.34089820287281275,-0.2908409647143714,-0.9353169526024894,-0.38282305382171855,0.07806487667480279,-0.45524971133172004,-0.17631719694755774,0.1685984154941841,-0.7081106320296857,-0.32652811589207204,0.18761793709992552,-0.8644690836840426,-0.40696717520193165,0.22554249741733395,-0.9999987178209331,-0.42894261762009595,0.2955852413096967,-0.39476063373131065,-0.24869829980568667,0.23841586194213343,-0.5262726672397025,-0.4676815120348406,0.073143296798935,-0.3999539385269925,-0.4655490961790924,0.028604215971789644,-0.30285907018203695,-0.3821440281115377,0.4807230341372929,-0.3003939431918743,-0.3257775956909655,0.36107847473193344,-0.40613494487342033,-0.47070292806770525,0.22438994966998016,-0.32142211226420936,-0.4102443817865099,0.2001012344075316,-0.24308226265691016,-0.3155892104030099
31,v,0.0,0.0,0.0,-0.3295356932639709,-0.11052327631448784,-0.1774060764803437,-0.46417915645545477,-0.28197591287115414,-0.2797294017570922,-0.28157059852258004,-0.4101246903961478,-0.38652170598212743,-0.034912878360517624,-0.4950755040021794,-0.48021470027407515,-0.3565647770440745,-0.4984697803276811,-0.15092851633437285,-0.4376746799605465,-0.705456785292753,-0.3349336264166773,-0.46205473634096117,-0.8362558776960096,-0.44036462321824577,-0.4621247429884219,-0.944281928381423,-0.4967380795915405,-0.04681996301723806,-0.4839344690969828,-0.19186590927964187,0.0630953820080941,-0.7172033776984846,-0.38436352978877203,0.13194040192539283,-0.8732960327641068,-0.48104182479045254,0.21001173470613316,-0.9999986499808667,-0.5104477147192572,0.20869303477672438,-0.4093283044307244,-0.2572975820950617,0.19890184068894487,-0.526258154596795,-0.5434266393268208,0.044849316124925334,-0.39318187469949994,-0.5524275629724034,-0.02060046185794125,-0.28290241463996135,-0.46441858541609216,0.4131011799243898,-0.3000439848414689,-0.33342262949213153,0.34480591335818467,-0.3820431733492186,-0.550821312750235,0.1953463881394619,-0.2956811222912727,-0.5128461263677779,0.12177213755025613,-0.21396228224300917,-0.4200325604092759
31,v,0.0,0.0,0.0,0.1714555953796229,-0.07445960209906236,-0.0702675199783273,0.2448627014894321,-0.23652534885198254,-0.1009950885142515,0.10458912939915756,-0.33268756914492753,-0.1341739400141784,-0.047908862953392584,-0.3488982708116613,-0.16815511222462262,0.19180611460408578,-0.4862355677112724,-0.06613375238634285,0.26337629455974826,-0.6936317508632678,-0.11786314748782149,0.30216586448625615,-0.823563059766242,-0.15250260123993123,0.329838511543051,-0.9338836899946182,-0.17899325569073063,0.05405845744027769,-0.4874866798791427,-0.08731202764106334,0.04672289991001835,-0.7231052223300619,-0.15671084046792946,0.038407804356212494,-0.871210722639721,-0.2063441181314563,0.023279023297786302,-0.9999987341969497,-0.23306942448824683,-0.06313972480561515,-0.43420424018061865,-0.11553109553227878,-0.048049120304218505,-0.50809262743132,-0.2199569654505227,-0.002797375899178475,-0.3882684111064347,-0.24993716280891687,0.0173587899440431,-0.3096377560848008,-0.24010536017640427,-0.15934370542329507,-0.34799093627640976,-0.1487867434017441,-0.13878491270934593,-0.3920865194958358,-0.22093793698115136,-0.09705616285413972,-0.3272454481269476,-0.2203020445566766,-0.07950554702818435,-0.28332686530829493,-0.20384245965377445
31,v,0.0,0.0,0.0,-0.2337964997699755,-0.10951430157269887,-0.18064352366594652,-0.29140600602833294,-0.3270987757301178,-0.22617668494075352,-0.03531798997701203,-0.46770176746330866,-0.27553084972925357,0.2780604999557983,-0.5363694721691623,-0.3178932291046182,-0.15637532528788434,-0.5309343329794847,-0.05423102502269137,-0.24385836586103232,-0.7438094438814971,-0.18361250546803115,-0.29106909814316934,-0.8857156056156412,-0.2745638112407519,-0.2938132158975742,-0.9982805974843816,-0.33758450275023416,0.16997578458466825,-0.5168219221548633,-0.06866260550959939,0.2884956308980436,-0.7486072000105516,-0.20598421536974912,0.35677098334554574,-0.8910967016901965,-0.2923669275148908,0.428021471769069,-0.9999987292319331,-0.32987209197301454,0.4375537380550305,-0.4396719857880534,-0.11189613660955507,0.48887916996703007,-0.5627117225432703,-0.3879310233520146,0.2665929069221264,-0.41830272454487166,-0.4225336900224877,0.1400084795950053,-0.3052354384673942,-0.3612496685260456,0.6454736217188933,-0.3275740673172135,-0.16410983358366907,0.618942807455371,-0.4370770073380296,-0.41364535862540175,0.40985200225447027,-0.3443936329807812,-0.4058225514357212,0.28915914552799715,-0.2543046311241227,-0.33807604135652225
31,v,0.0,0.0,0.0,-0.3255703742312849,-0.07486431969297713,-0.1569084185494927,-0.5066256029774808,-0.26638459411570686,-0.24346648784385647,-0.4029531683525089,-0.43118206417735966,-0.3322428962920924,-0.18772827476679055,-0.5335213858163764,-0.4092628792559805,-0.42094010288924244,-0.4837685653073898,-0.1323883604872973,-0.514843276778507,-0.7112884576743105,-0.2995600112633012,-0.5622216338575012,-0.8559387412359855,-0.3904785996210893,-0.5849548420766619,-0.9743855908171803,-0.44080424551425307,-0.12610892190481182,-0.4779948159947108,-0.16406550636918837,-0.0845486787468384,-0.7199793104696012,-0.3332339450993186,-0.07343029897040147,-0.8719240925263675,-0.41793737803878434,-0.051806205959784246,-0.9999985405595746,-0.44068815812242557,0.13036444472849404,-0.4192010972316743,-0.21632537307030247,0.04566179469388136,-0.567418817240594,-0.47568574484409004,-0.09505795854757167,-0.4204651406117014,-0.4797270562010241,-0.1369648545766075,-0.3076804764016204,-0.3969337806189546,0.3516764235469834,-0.32535324861869475,-0.2765070734010815,0.1915372373612133,-0.3986179197179537,-0.4950405011485991,0.06300087546468333,-0.2909778102869521,-0.4773337595598435,0.042613598143091326,-0.20137147919972717,-0.3992998495691334
31,v,0.0,0.0,0.0,-0.27940328798155095,-0.09085310236655064,-0.12911053799496644,-0.45062239050020564,-0.2618089499736721,-0.21619883639940637,-0.36911451408410173,-0.41476530897042907,-0.3119413570376412,-0.17557234912392836,-0.5077178207451097,-0.3964551178129361,-0.2957801528758343,-0.45957637243440264,-0.1292955077197392,-0.3979778763732079,-0.6847730000525514,-0.29711000303023904,-0.43488551155562777,-0.8271948369928426,-0.3871245665450579,-0.449050946255562,-0.9403057136126248,-0.4325271450375256,-0.022470698641905623,-0.4528441293558632,-0.17493930888682585,0.012533795958473575,-0.7066624519011485,-0.3451334677016173,0.01386648352198768,-0.8677860600567113,-0.42932402162529854,0.03510903655388425,-0.9999986435244121,-0.45142680212379754,0.22437694755269302,-0.3917782070361517,-0.23759717149542967,0.1047575055917045,-0.5270584055525263,-0.48126698081759917,-0.05798399642357428,-0.40116094842853683,-0.4767786705361227,-0.11428982363836991,-0.2930005335258342,-0.3888535918162918,0.43602403245143706,-0.2957710165720864,-0.30774605529406285,0.24512888915855044,-0.3743989360014541,-0.48848866296461724,0.08421432448387497,-0.28947949908407755,-0.45202009590169395,0.03230249340611372,-0.208554163097211,-0.3668211123453045
31,v,0.0,0.0,0.0,-0.33885602662755665,-0.10836772585013872,-0.20487103727321807,-0.45311685382547223,-0.28615148709085714,-0.2918014898307411,-0.2275753592752534,-0.42261792003836446,-0.37291513645946317,0.028618699565063205,-0.5147513562872735,-0.43740719826657287,-0.41591635916183883,-0.48974925151982407,-0.1351864983896783,-0.5017195948885348,-0.6978346101259283,-0.29918543085654453,-0.523731822940974,-0.8307035221305658,-0.39048699511978113,-0.525593183243859,-0.9436800431090554,-0.4381782698410542,-0.09703001865732747,-0.47860948055548774,-0.15001852977351357,0.02076003148785484,-0.7141593505855035,-0.3296982601667624,0.09122244975252192,-0.871591548737129,-0.4217824722748123,0.16248996862812123,-0.9999986582550063,-0.44847035391499845,0.1592411753314191,-0.4090506911577049,-0.192225091571538,0.24204561721604426,-0.522185681080325,-0.48210723671086236,0.12053588548597376,-0.3876724588431384,-0.49831097615480824,0.052524997381981846,-0.28088790292386434,-0.4108428768174953,0.3630648669706655,-0.3093089061831538,-0.24586211067993882,0.37544647783631857,-0.3842849902251532,-0.48003234520392574,0.24410463383758607,-0.29149424574923993,-0.45420894504321424,0.1557251881198342,-0.21006032230799868,-0.3653627696974302
31,v,0.0,0.0,0.0,0.17888675637171966,-0.07422610028478188,-0.06802066612815662,0.27623698739668484,-0.22025918371647146,-0.10865135037197654,0.1480463390052737,-0.32021653117864346,-0.15172900366909822,-0.0041045308563913,-0.350586877989335,-0.19642847630636662,0.19725544483528384,-0.4760398950453488,-0.09083848002920375,0.27293774430824264,-0.6827648645880178,-0.1495131336583439,0.31903575096398884,-0.8055070040550777,-0.18661532864888394,0.35180771651623205,-0.9173159719620251,-0.21434983489865334,0.05336468572691252,-0.4769704915770454,-0.11400536253312955,0.04398503914609295,-0.7101923354436367,-0.19718519156303618,0.04456400468061466,-0.858929138029421,-0.2471588218513805,0.03461898636076358,-0.9999987868827489,-0.27236086907800494,-0.07016752079559284,-0.4216677499962818,-0.1415442139351752,-0.028089228389269798,-0.4692638941454407,-0.25044306114958753,0.025543392492903143,-0.33540347611584836,-0.2669906690925681,0.045679780522153886,-0.26326951880294747,-0.24708579135433203,-0.1719242746283581,-0.3393474844935787,-0.17315604304197896,-0.12792914859678173,-0.36619660442776986,-0.23419977707240167,-0.07967153614366324,-0.2929109344841881,-0.2154878633495655,-0.057713760287281896,-0.2605117860040061,-0.18789296465640629
31,v,0.0,0.0,0.0,-0.24835076546679002,-0.07888301753272119,-0.13005089600735534,-0.4322400183513054,-0.21664171489862266,-0.23079880332833544,-0.4953234160705887,-0.34542521459657227,-0.34493932941060673,-0.3893698019705678,-0.40910012227285913,-0.4515571835033884,-0.19839512882651367,-0.515300748739686,-0.0733738783557048,-0.25201926432031424,-0.7186502766524997,-0.21053399507710369,-0.31805398671456453,-0.8370292934148906,-0.31181275903282807,-0.37278602579442877,-0.929324186049326,-0.3725969746060404,-0.051236017275473965,-0.5118678080504746,-0.10379478246388647,0.03347017570220233,-0.7521684687035586,-0.24594190228547516,-0.009969140239356716,-0.8974143549316616,-0.33568947988722453,-0.053230750039339324,-0.9999986074664541,-0.37625941435244875,0.0824458555183207,-0.46976805279032713,-0.15751171359817395,0.08447781444028836,-0.6707109531575972,-0.33758463164064784,-0.09951203622264392,-0.6016663485531712,-0.3745868102833326,-0.21702700771001818,-0.5097942653933693,-0.347396733103796,0.20218742436857656,-0.3970766127153528,-0.22192793850483086,0.1313893307651109,-0.5586825861651116,-0.3456800967562556,-0.008731256355437526,-0.5045174471071844,-0.34090535434601454,-0.08694532356212634,-0.41945936940871714,-0.3051235877783738
31,v,0.0,0.0,0.0,0.12225117893810668,-0.11037622713354199,-0.07149033761087117,0.17205768631068605,-0.30101505783794064,-0.09785561762674551,0.04174260488780933,-0.40749960762871473,-0.12613783183573882,-0.09893467059866279,-0.4388339284573402,-0.15330838521336843,0.13044639665327462,-0.5031709257946315,-0.037240885955662384,0.18235752332142643,-0.7077254381423668,-0.0953066699487233,0.21070381362616222,-0.8425877907497795,-0.13444113314456835,0.23392523433617377,-0.9568274439841217,-0.16144063684334406,-0.00958168965407295,-0.4876871234062469,-0.0588719586960911,-0.038746735528352845,-0.7319675184648308,-0.1363283278957342,-0.046902071448531604,-0.8768233058787221,-0.1917303788056258,-0.06689740857559734,-0.9999986815655388,-0.2173909150878038,-0.12818519710840967,-0.4122135965040282,-0.08955404518390564,-0.12438880385711844,-0.5342591975589985,-0.22782322645500336,-0.06647493659557391,-0.3843752391685784,-0.25737084286811307,-0.047535170386229474,-0.2851724371718799,-0.23349964359284414,-0.23310624301217653,-0.3016909658550875,-0.12245166361439185,-0.21199484430395518,-0.3978848337663848,-0.23643209500440648,-0.15596102057516462,-0.29319877611378325,-0.23589011516284647,-0.136594204820165,-0.21614086140925015,-0.2066798240797685
31,v,0.0,0.0,0.0,0.045969846473152866,-0.09356867251926072,-0.03695089800262135,0.015195291544312272,-0.27914450971779786,-0.05106070199300932,-0.09653541669046013,-0.40656789555226114,-0.07443533149641114,-0.16786356832328553,-0.4559973115384313,-0.09620535273994765,0.06922143731439288,-0.45710274802235107,-0.025447248383879677,0.12249841881282052,-0.697860536532007,-0.06956808181393802,0.152769149031844,-0.8458316136901015,-0.08847466659372191,0.16868134450629937,-0.9611035818660804,-0.10058984166999543,0.000980888762123962,-0.46066654325409256,-0.05201590739852844,-0.061512959495781366,-0.7246415831146494,-0.11820397136704687,-0.1117759800237935,-0.8758898683126526,-0.1582021754400537,-0.15546640868706296,-0.9999977495271613,-0.1727113478707572,-0.05539147585764009,-0.42011254413420535,-0.08403329449913557,-0.13973925745839902,-0.5175546038527948,-0.188924416301581,-0.08829273176139957,-0.4000826950076584,-0.21397022874570304,-0.022874124724779593,-0.3248690166291149,-0.19784807277416533,-0.11023050175058856,-0.3545289465775973,-0.1163576955904552,-0.19035700760438543,-0.417825346283542,-0.19772711326083264,-0.14285918794978245,-0.33100424947725515,-0.19950860846080096,-0.08136554441731675,-0.2661492929812772,-0.1796016638577817
31,v,0.0,0.0,0.0,-0.28230287745052907,-0.09940050989073763,-0.13492476384574273,-0.43458446512489385,-0.27774653501234414,-0.2185810546293648,-0.3326387996797494,-0.43540930405763,-0.3091894035094952,-0.13306727533484705,-0.535120004908939,-0.38653160647510865,-0.34817957060921034,-0.47799367238897716,-0.1105721851194728,-0.47455605545721036,-0.6876162398367031,-0.2709279599375271,-0.5290264033528844,-0.8228607622357971,-0.35732123757755196,-0.5582719897261224,-0.9349320633537841,-0.40124488900896393,-0.08696507248823702,-0.4718489565800243,-0.1522354473037436,-0.034064674006145886,-0.7169335655122544,-0.3256219021189061,0.006794690192299908,-0.8694560912638778,-0.4083935882016005,0.06487996522716337,-0.999998632288897,-0.42731919061027374,0.15487757215489942,-0.40676143650775853,-0.21253571405850297,0.07394520433768491,-0.5084654301782344,-0.454769174855379,-0.06787760827871901,-0.3613379037654209,-0.4379498954279836,-0.11628459925601846,-0.2507240517914797,-0.34027088422696616,0.3632075278100315,-0.3077085361455035,-0.2818612537954212,0.22211629303335623,-0.37331339441377076,-0.4491802755954867,0.08950717097010208,-0.27380185164831616,-0.39323442144728665,0.04518989087821211,-0.19438220484670268,-0.2958255127955762
31,v,0.0,0.0,0.0,-0.30600708284478534,-0.10325144600570701,-0.1343492043516492,-0.5014941221350452,-0.28409741261352073,-0.2060448309795114,-0.4091272352454126,-0.4491575779487024,-0.290927762891811,-0.15962987779183335,-0.5335714644545265,-0.37086583443771964,-0.3525404895934759,-0.45866267626028134,-0.02853179394002455,-0.4367941500128578,-0.6709807176774719,-0.1568295129058427,-0.489477684441197,-0.8011219719546614,-0.22607758130776345,-0.5153416466907406,-0.9056160381047368,-0.25624260632979284,-0.115802077072685,-0.4573150212318492,-0.06330344116206076,-0.07353734867078952,-0.7127575845832885,-0.203530558442235,-0.07728196998964947,-0.8758434772040316,-0.2721535156425236,-0.06848481956685898,-0.9999986609476159,-0.280566043644111,0.10013312311788686,-0.4098529017848562,-0.12603208370153426,-0.007786389198030973,-0.552826729171543,-0.3750096042787702,-0.14190691719464843,-0.4244940941879149,-0.42071522280552515,-0.17017199604918776,-0.3091361007739919,-0.3618319564570772,0.29377610581327496,-0.33756040804320236,-0.19325771179590653,0.12929682489011154,-0.47793075108283894,-0.3806373510190591,-0.02032233453653805,-0.38625110041602634,-0.366124379392025,-0.07097277352281314,-0.2869454063582375,-0.2998384882690261
31,v,0.0,0.0,0.0,-0.2471613757680496,-0.07342384936872963,-0.13969686155494832,-0.36713140919632653,-0.24014053058590884,-0.24674521651454726,-0.27761684544857523,-0.38040608919700275,-0.3609601693522109,-0.10363963075483129,-0.46952039030918075,-0.4682897640522814,-0.2272672082236194,-0.45652802549816773,-0.19165263326383156,-0.3165318766864353,-0.6967700784877843,-0.3665908693553849,-0.3580468747831935,-0.8550966917190422,-0.4650608353987642,-0.36997000845407846,-0.9833454548114546,-0.526124527652297,0.015628623191729567,-0.4459813494710811,-0.2416540400404764,0.13131746936997027,-0.6997670229738153,-0.42540092849702865,0.19298873175601583,-0.8594044327873055,-0.5211030402858561,0.2722911819434445,-0.9999986877786626,-0.5625777579219752,0.2292646888916389,-0.3850165985431956,-0.3043872205121456,0.20645929993857648,-0.5534811388941623,-0.5329949272693132,0.02360059563911501,-0.43611584340847087,-0.5100930607469337,-0.058066708660258495,-0.3407640934127164,-0.4294447347799979,0.42483680603537716,-0.28994532569666753,-0.3780200785428999,0.32515932563942357,-0.3981030553816819,-0.5460576851183361,0.1853822947121188,-0.3224317127382674,-0.4957636975006515,0.1450750065041516,-0.25542763022156006,-0.4147083042378013
31,v,0.0,0.0,0.0,0.14247980785141676,-0.10623287984209082,-0.05196850709860875,0.19190409644025125,-0.31199253066986515,-0.0727069230790366,0.05511569875092152,-0.4418675597344211,-0.1002916582851658,-0.07702551614288793,-0.4957632821538393,-0.12901158924381195,0.13062590101596527,-0.4880746969408127,-0.029571584144790566,0.19138228770022692,-0.7060694845016642,-0.07629508240694416,0.2247777421185266,-0.842761113530138,-0.10591291879171384,0.24654753973073582,-0.9545508219093443,-0.12797404521700498,-0.003984388622085254,-0.4771735853181046,-0.053472823960175254,-0.047764533253977656,-0.7366669828708919,-0.12302293564001535,-0.07176143313441198,-0.8827001674597367,-0.17199215994463898,-0.10714110251514382,-0.9999982946336919,-0.19619539205769373,-0.11145391502717135,-0.4171983616156462,-0.08290204023328472,-0.12226771123005262,-0.5379281423428123,-0.20195692646338145,-0.06956116587297881,-0.404558260234618,-0.22245164195599235,-0.04947714542039439,-0.3093841476801379,-0.2002374911915446,-0.2059588804236539,-0.33063381374024725,-0.11369601735607657,-0.2058655677864001,-0.42087277541495866,-0.21110733342423613,-0.14861638434776628,-0.32355852024494475,-0.20814555931523598,-0.11998033184429864,-0.24798870157276665,-0.18234049838056512
31,v,0.0,0.0,0.0,-0.31623002491832697,-0.08771201798165157,-0.15808516889484642,-0.4934325181240583,-0.26213613946346226,-0.25236349283630216,-0.4060432468843661,-0.4210293466148185,-0.3480540078082017,-0.21793697820061791,-0.5283738339774116,-0.4300699678276208,-0.42084861192000866,-0.46194073754834175,-0.1433122612694899,-0.5587041961748773,-0.6817752125014985,-0.31182810075016376,-0.6241237599328843,-0.8184379216654666,-0.3962963790984854,-0.6612182725391128,-0.9302597913038156,-0.4346836190162666,-0.14605556173715556,-0.46273398621366985,-0.17313698835483907,-0.11354211238350821,-0.7077301765649113,-0.34781969228126425,-0.10277965281515489,-0.8651275147845735,-0.425406890877467,-0.07353970297236509,-0.9999985400938789,-0.43734456104801306,0.10940218275410396,-0.4065976333748011,-0.22304072438697153,-0.0008367572582047962,-0.5080106812876987,-0.47761393918504763,-0.13936733382296268,-0.36199688779970474,-0.47234165491743424,-0.1791581174383535,-0.2458560941808567,-0.3777551922440775,0.33264251035764925,-0.3158970101484487,-0.2825565854232419,0.16039608096650337,-0.3704466046051039,-0.4707078202377282,0.021047194786920433,-0.2691603407318491,-0.43136043269234386,-0.023436860742080595,-0.18306719047395395,-0.3400728350394918
31,v,0.0,0.0,0.0,-0.2080021314129148,-0.1211483791038389,-0.11377491153864859,-0.23905709279508144,-0.28121081729333813,-0.20843175893369978,-0.10060784226343673,-0.3747029249251336,-0.30998709667687185,0.06072262515862535,-0.4369621625181543,-0.41007187831539055,-0.05993442176571549,-0.5158779165076558,-0.17877474138862595,-0.01428334336019219,-0.7388203994632131,-0.31876333758821723,0.031138678605624248,-0.8802789210212537,-0.40169182247432583,0.08410759801741005,-0.9999987173132959,-0.4534927528242286,0.15544575824567447,-0.4749064015311572,-0.22833694321132691,0.3565161035562987,-0.7073701704597899,-0.37042015198723627,0.4893218957778759,-0.8506848443019438,-0.4542967822128057,0.6141269208758069,-0.9625281113590327,-0.49695797070256925,0.32529668943654544,-0.37824519560754294,-0.28603053396249356,0.3856571133658279,-0.5147253711710134,-0.47102799425067304,0.2099933016117551,-0.4208347848463767,-0.4808293315383834,0.10418776658288069,-0.3354769331712476,-0.4385291592396399,0.44828042531328255,-0.2504648833241539,-0.35025546343041186,0.4248923560640412,-0.34177919633477105,-0.489582750905252,0.2961728817962198,-0.28429054075938354,-0.46105268569175,0.22995523393423287,-0.22577181929208326,-0.4061015029820671
31,v,0.0,0.0,0.0,-0.1996298632117064,-0.050723177163005145,-0.08413816036606639,-0.36396394453256037,-0.20292141038306957,-0.14679585458755143,-0.4095560427706084,-0.34911419308110037,-0.21920446781630623,-0.3066327093954824,-0.4267669842341442,-0.2811573261522216,-0.21680656024463435,-0.44863959382666363,-0.05695199242977982,-0.33413710992310786,-0.6631024514911638,-0.1769147121237622,-0.4238145299691264,-0.8030345187208104,-0.24372380238150942,-0.4964188670906371,-0.9031616675851479,-0.2793744674274505,-0.07394854918119322,-0.46281481163180893,-0.0878359788217616,-0.12420210071490861,-0.7092790682160239,-0.22285046847612555,-0.19545904624365656,-0.8720071845646947,-0.29692808951371275,-0.2431875758783353,-0.9999985582780198,-0.3178300392168191,0.05321756383114666,-0.4270563217444495,-0.13244707294621985,-0.1681518412170032,-0.5299978300181291,-0.29330314251888445,-0.24699592607523344,-0.39197859566957566,-0.29782974494195114,-0.2242676783508132,-0.2890081278648677,-0.2454016505813049,0.15322487867168832,-0.3541548701465858,-0.1849152229786781,-0.10662963774681251,-0.3877886585363809,-0.3043963830526539,-0.16941789691623937,-0.28274977556296216,-0.2968062575400759,-0.13326823852667927,-0.20045572544597703,-0.2517899340728693
31,v,0.0,0.0,0.0,0.2901742162713237,-0.10996041657278462,-0.14635989300045235,0.3870791182370821,-0.3365380282604887,-0.19208173729352343,0.09679778866708252,-0.48861900885854376,-0.23879772908775698,-0.23400035932759264,-0.5420456874965767,-0.2793416071589628,0.24304556047185005,-0.49209340417560665,-0.07163507911174047,0.28655374457780003,-0.7187752807781413,-0.16289789971936094,0.2976400061559855,-0.8522487191762149,-0.21324477211598494,0.3018056092861715,-0.9618844199906368,-0.24951804367228836,-0.039059852505194705,-0.4769904290623086,-0.10691447130178042,-0.12206172259163954,-0.7411553843028917,-0.23766593607466344,-0.12924059934304577,-0.8854698067813622,-0.32188652762933206,-0.16984413523145567,-0.9999988200505919,-0.3572854332582139,-0.2654598797679765,-0.41815139913543753,-0.16026694250759707,-0.2838997541386452,-0.5723244297547746,-0.43683601158545204,-0.1290930108615807,-0.45073444875924035,-0.513029083828982,-0.06989526039636672,-0.35501869430104055,-0.480632093451172,-0.43757829125634734,-0.333555946200636,-0.2173845288001674,-0.36097631768747157,-0.411801191091614,-0.4863424700867856,-0.21195573212239835,-0.3001071285487964,-0.5339698743810458,-0.1434578325761574,-0.20401025329905054,-0.5068570931842686
31,v,0.0,0.0,0.0,-0.249681716072024,-0.1071356355190187,-0.14260944585142601,-0.3928298432894554,-0.2704104721699707,-0.21977830923062197,-0.271284031607019,-0.4064752838662816,-0.3053532096126397,-0.08230887632596162,-0.5125132281270312,-0.3801878482726954,-0.3192084772851927,-0.4881812932475373,-0.06035213488281698,-0.4575035920013831,-0.675066452497531,-0.22157659796979337,-0.5454643556992043,-0.7935415644829241,-0.3310469660005064,-0.6074394994734036,-0.8934630302457073,-0.38962040745427007,-0.0708529200598521,-0.4853289052878246,-0.09196503865252424,0.000447716788921821,-0.7262308490371522,-0.23850577675062334,0.021874140795342854,-0.8789361789777259,-0.31808671335361144,0.05724907941150273,-0.9999986893314823,-0.34636445027534235,0.13882954684897944,-0.4245045756852545,-0.1504899468563982,0.1044449599573287,-0.5651604570467822,-0.37866720487776206,-0.04084269259568147,-0.42497221356668635,-0.38219757401923327,-0.08760624637307378,-0.3183975716371368,-0.3092931525100208,0.31479755679381183,-0.3250948866951509,-0.21883695948759097,0.21996893786170432,-0.44398701355042086,-0.3836465796030619,0.07225473999710792,-0.3506914594003412,-0.3383043762457784,0.020123428312401305,-0.26483389433999227,-0.2566211589380122
31,v,0.0,0.0,0.0,-0.27037979920607136,-0.10894269349999737,-0.13180801072448298,-0.4565352229191304,-0.26194063185843325,-0.22301447579347913,-0.4197353606082832,-0.407416797173233,-0.3393653689632415,-0.19225823621656019,-0.46101007529602556,-0.44482014119905494,-0.2612851219833433,-0.5090985779523397,-0.01123019231982007,-0.33066917501677495,-0.7075884592281538,-0.1474120910809587,-0.3820561188143366,-0.8321504103380154,-0.24861260340815347,-0.4057211641111409,-0.9420302838731526,-0.3143280828496205,-0.054151702733292846,-0.5138169218113955,-0.05021308926047629,0.01079244042564662,-0.7441499096234266,-0.18562184035130525,0.008486808766506355,-0.8856347235646862,-0.2585487067394483,0.013325177868282615,-0.9999986254679709,-0.2886967537130264,0.12876996238399846,-0.47166528549535347,-0.12042797914471248,0.07087289857837253,-0.6483775491393283,-0.3162705664620996,-0.09214276437283277,-0.5362869581045674,-0.32574887385482,-0.17218247821230565,-0.4223403180177848,-0.26880408540922895,0.29567182148756177,-0.39453075602917015,-0.20591919444787943,0.21412962100900945,-0.5466987177859813,-0.33472756081312377,0.05508937433939264,-0.4924723372310232,-0.3086216813610704,-0.03842937907882642,-0.41194531271325574,-0.25438084042704034
31,v,0.0,0.0,0.0,-0.2337566104495735,-0.1249449770615586,-0.1968226839052362,-0.3468015993536736,-0.3198411712985527,-0.2753073974935659,-0.17205005974262577,-0.4696831848652138,-0.35053252829785153,0.07781985128750828,-0.5711109577557707,-0.4147928906377914,-0.2885101149767102,-0.5112809790232,-0.06142728116517123,-0.42584134956354963,-0.7182783028302576,-0.20380678566102203,-0.49870034836857885,-0.830443227940779,-0.2957204650326335,-0.5250430303489207,-0.920730743121897,-0.34254804809984263,-0.011441165860997315,-0.5095459800899315,-0.057692376057093556,0.028109166518632413,-0.7676935389467832,-0.206591410710877,0.024613890422885393,-0.9005657836461561,-0.28782066316309535,0.049872001752326006,-0.9999987452712675,-0.3105746779567847,0.2360181145119514,-0.45054255457993436,-0.0865517095516739,0.2182724984558308,-0.579791785859623,-0.34828702879479595,0.07230844944310608,-0.4322189794843595,-0.38254123561044134,0.017335555314230398,-0.3198045253449642,-0.31917279090825135,0.4552265057498384,-0.36110907708658124,-0.12572355093055337,0.3726660142458543,-0.4761289837384645,-0.32052712065016087,0.2372223454194685,-0.3728671930522896,-0.29913194155491923,0.18955874849064713,-0.2806092099891814,-0.2296309273980855
31,v,0.0,0.0,0.0,0.18500330791843903,-0.04771204139912742,-0.05374947901102307,0.28602188381130955,-0.21815084824007863,-0.0723593820255967,0.1838429597871266,-0.34810062794431984,-0.09571356188550431,0.051981341175227146,-0.3857609243734493,-0.11980182293250223,0.21091004721372403,-0.47068938715523817,-0.0567727177093932,0.3109663115344755,-0.687366077928827,-0.09172312323262727,0.3609844386401366,-0.8198329626483655,-0.11236310445474845,0.40116545302098805,-0.9352772393358568,-0.13339270712306942,0.0762995001163729,-0.4733030885916496,-0.08096827999051102,0.08753350905182021,-0.7209344657900516,-0.1445348640978724,0.09970235536151931,-0.8709780082977606,-0.18863150751117985,0.09505627792969677,-0.9999986678018726,-0.2150660928478595,-0.03660833639055918,-0.4305688795338516,-0.1096374615430672,0.014282771441554298,-0.5251336392993915,-0.22081848317501568,0.05234938425937367,-0.4066167785469486,-0.25776520480896004,0.051039357333322016,-0.32726311637113065,-0.2547133057976052,-0.11964346167539235,-0.35605305833855383,-0.14006763694472396,-0.055517770693477804,-0.3837311687495111,-0.23091558836331325,-0.011121134449122754,-0.29362000822033063,-0.24499730584822052,-0.010224768892404723,-0.23408373906278696,-0.2387326130468157
31,v,0.0,0.0,0.0,0.1343856299500804,-0.14497374324027112,-0.019254875985213887,0.20564787120272884,-0.35725376143882037,-0.0235654899470191,0.11774703452058748,-0.4952446073220902,-0.043076317266415344,0.009612833705093707,-0.5075987632762208,-0.06200939984085037,0.1326265008937854,-0.4543206591364741,0.014892191949262995,0.2044114108843828,-0.6762451599995578,-0.019293438552299483,0.2339073192688243,-0.8170790349821062,-0.036957335198590506,0.26153301996747724,-0.9280138614366569,-0.04984436466362078,0.025725380410677984,-0.45796489854392547,-0.019005467589426735,0.007723114282174169,-0.7149796454619197,-0.08105629288002195,-0.009631116356421141,-0.8747217764458952,-0.12608365924749998,-0.026380329508231316,-0.999997422420249,-0.1476375896566443,-0.052264415623289456,-0.43214426398347433,-0.05713649232700267,-0.08618165291446092,-0.5962448868624746,-0.15979943209145459,-0.04380185259456962,-0.44379768739387027,-0.1694241149518729,-0.012294545292659605,-0.328567206056,-0.14062355225854278,-0.10799516048397001,-0.3852375870134753,-0.09555031602478789,-0.1365426755352666,-0.5379399754220365,-0.16411456030297372,-0.09932104106131845,-0.43689268334966735,-0.1467720059795119,-0.07284484286041219,-0.341566939328432,-0.11481833888403271
31,v,0.0,0.0,0.0,-0.2523218203585299,-0.07071170483427851,-0.08728486035746247,-0.4280816591685722,-0.2379201022048796,-0.1450811015474697,-0.40320841152182085,-0.3972269736586202,-0.21104414643361905,-0.29373842123876603,-0.4995228804884027,-0.2680156009391665,-0.3803205006597109,-0.45241064197157954,-0.08773901931698866,-0.5037310295725423,-0.6581772646323274,-0.21135713708817822,-0.5723525765521282,-0.7869681383628069,-0.27988597528598164,-0.6269571779327906,-0.8891854397601608,-0.31531630583184145,-0.1862979029277426,-0.4644807031530707,-0.13118255149235053,-0.20732707530588235,-0.7129857423720327,-0.266870574893384,-0.22682068330245342,-0.8681152432275768,-0.33930906893429486,-0.23384315575017092,-0.9999986081474209,-0.35896432620272556,0.006853895942498684,-0.4221633545339501,-0.1851337841038624,-0.13502434674272276,-0.5105045779041628,-0.37220231063247977,-0.21989622913274579,-0.36812794774103685,-0.36717604284449407,-0.2351707786896476,-0.25900900641557717,-0.29788852741232746,0.17817947579390644,-0.344219866955366,-0.24456621085101277,0.002623637784224858,-0.38370128090204575,-0.37651391193217437,-0.08129560483737905,-0.28469684692883623,-0.33949981673430685,-0.09092105781056181,-0.20271357936913495,-0.2681459947000315
31,v,0.0,0.0,0.0,-0.26771174940608117,-0.1212961299440337,-0.1259941575065567,-0.42125746406613496,-0.3140202089995662,-0.20937206671315628,-0.3078807749774975,-0.47532753715891046,-0.30735701678715754,-0.0651278887833881,-0.5581780845109201,-0.3981693234465844,-0.22375524326647545,-0.47035551591248403,-0.0739162056993659,-0.32884633036253635,-0.6989910417080729,-0.2324979936952451,-0.38776297325907394,-0.8381082738852765,-0.31764040062824944,-0.4131537102686692,-0.9458080032095926,-0.3533670331217702,0.02250080031274867,-0.46254460747401815,-0.11314660132089795,0.13115378096721297,-0.7117739713929653,-0.2745659188092207,0.1583703523934201,-0.8737593973935772,-0.3477428147648293,0.18704379814912256,-0.9999985982511148,-0.3584031377891247,0.2417147264200001,-0.4134136784097614,-0.17772283587077203,0.09568699128866791,-0.5376035883848824,-0.4167734005928863,-0.04261192401053716,-0.40441885592364113,-0.44116812917890447,-0.06855856589776602,-0.2850539178848638,-0.37007772507464093,0.42447989095018274,-0.33784169592849495,-0.2495265962304253,0.25174582878848145,-0.47783702554129026,-0.4032506290666405,0.09765193769464779,-0.39386079901044874,-0.3650590407374866,0.046631926300294745,-0.29971005525842304,-0.28674575833359917
31,v,0.0,0.0,0.0,0.1024029961450416,-0.08738789593133553,-0.04355692154854739,0.12254057433439658,-0.2595717448959898,-0.0710197176239371,0.02664033649137937,-0.40507002619577875,-0.10626341345499095,-0.03870589475385698,-0.48636059500285744,-0.13909209449861998,0.11910909518124356,-0.44014791139611914,-0.04673930809350877,0.18738621765540142,-0.6743083009002273,-0.11003512555512593,0.21948829764248926,-0.8143808079544712,-0.1416237714572096,0.24771026613576191,-0.922826098905398,-0.1592549209447034,0.035257477699833374,-0.46145661538312177,-0.06858180970925885,0.018087204054380135,-0.7207723886311235,-0.14953879861187916,-0.002246333594859656,-0.8737341941830682,-0.19118889067970488,-0.013104289306878405,-0.9999978713796144,-0.20660705901197463,-0.03822192754134118,-0.43923599257583934,-0.09604301587400974,-0.11145436930652623,-0.5600594951392089,-0.20117535332923328,-0.09972655405616476,-0.43287825315542605,-0.20769198865678368,-0.061325224328823494,-0.3423251266475437,-0.18013952717217382,-0.10409716685908628,-0.3857856233952198,-0.12601352923220235,-0.19645287933415126,-0.46363754457424516,-0.19801191487141154,-0.17529464988222365,-0.3702781187374782,-0.1885870514800558,-0.12907035715241674,-0.2953067825874104,-0.16186113735468982
31,v,0.0,0.0,0.0,-0.26359484659768523,-0.1297183942937251,-0.10369917541796439,-0.3843822567887649,-0.2911839006542534,-0.18275530387617092,-0.260911440352844,-0.419350581060768,-0.2854365865323689,-0.03343061110244521,-0.4770355545136074,-0.3811020552764061,-0.1918918582066629,-0.4803169969529197,-0.038626205540626846,-0.30590447237991,-0.6880842340010996,-0.20389099667364682,-0.3737304254756867,-0.8140145615488733,-0.2988018228578904,-0.41106029461912535,-0.9159610004440636,-0.34365153174898566,0.05166144586062922,-0.47556691413667945,-0.09934142296120983,0.088354456875053,-0.7277502450518117,-0.2747501218650973,0.054773056879994085,-0.8830842903098048,-0.35982348534920056,0.045856965507483395,-0.9999986986533839,-0.3740387126122139,0.27527699111065435,-0.4206602105169871,-0.1820731470263297,0.09616724515675226,-0.5350026366096753,-0.4205915642051314,-0.07862384175699881,-0.4147835547191,-0.4282169135161511,-0.12414959915159099,-0.3137858680564224,-0.34602537087941265,0.4664281299088735,-0.3332884411319151,-0.2731719966517885,0.2287182832618766,-0.4149424105072033,-0.4218570196519145,0.0757364361358335,-0.3226035277906991,-0.37178665257715915,0.04564807945408385,-0.23355531790353862,-0.28185612599582116
31,v,0.0,0.0,0.0,0.15378084768622133,-0.08389145222158058,-0.05856499942936638,0.21771751935578834,-0.24162661431110644,-0.08688825121955905,0.09645211216137492,-0.36965737042393426,-0.11910588990109719,-0.04076445610067623,-0.4110745765515404,-0.1531163340275352,0.18266318963583023,-0.409407290938476,-0.05724296297309324,0.2013775458057904,-0.6271420465532833,-0.1276872677783703,0.1989638832758189,-0.7776942028902069,-0.16814959101899776,0.19552976385984586,-0.8892353993479791,-0.18949971709067578,0.0834105957709897,-0.4220132693416094,-0.08208508770127661,0.08467482260597405,-0.6958838237516091,-0.15921808697371867,0.09769511611960799,-0.8686190161326008,-0.20511389170647293,0.09701340448738772,-0.9999980328133292,-0.22261937933253273,-0.013795573409100138,-0.3820741603649783,-0.11539281716898567,-0.0796586022175985,-0.4802187090071698,-0.23642135771203363,-0.04624265513214566,-0.3642341632664778,-0.2693116428674559,-0.013068367433346762,-0.26544987973171774,-0.2525423164503643,-0.1060034619806097,-0.317570040562606,-0.15112026970502027,-0.12853723244502174,-0.3938952440887029,-0.23964894981011847,-0.09771153160438797,-0.31078651735747087,-0.23978918495152463,-0.08040632754932686,-0.23348318544541222,-0.21781736636385315
31,v,0.0,0.0,0.0,0.15860820597365255,-0.04847296261969641,-0.04805755093865945,0.23135665766510885,-0.22858127389892563,-0.06597872965390278,0.11470626451037155,-0.36973041936956647,-0.08803799600463616,-0.010200060281064174,-0.4346499193535794,-0.11057717732549745,0.19593061064475475,-0.42137555805859733,-0.0456928654155504,0.2846368219165153,-0.6527824620457602,-0.0955268318945068,0.32950183685386525,-0.8112410386832395,-0.12125358895730261,0.36292002263562884,-0.931768251402209,-0.13737412272133895,0.0804991318066174,-0.4365419807446275,-0.07129138908451985,0.09589206127060448,-0.7142613124072668,-0.1365049125634965,0.10703781082258082,-0.8754676174173638,-0.17803036801551902,0.10502269431098704,-0.9999980906151793,-0.19516218725403237,-0.023427105815244487,-0.4002163367759703,-0.1016709740633493,-0.01732286053490721,-0.5116177248511751,-0.22349385761948562,-0.011040163990740553,-0.3899849792388136,-0.2515343496950744,-0.023760023263915984,-0.3039782985652884,-0.23198335214278729,-0.11293560802091139,-0.32961701075628574,-0.13171084155331986,-0.08743730670156552,-0.3797208449389127,-0.22989568290116083,-0.06591623223440686,-0.2776818887635321,-0.22765646380991905,-0.07649999687516541,-0.19921283924733096,-0.201579006766581
31,v,0.0,0.0,0.0,0.133100595699435,-0.14681218537017446,-0.04819111459556087,0.18532053132127319,-0.33635531291535326,-0.07775583480951687,0.04693464010713821,-0.43273528246594534,-0.11688890481467974,-0.10532611322874123,-0.42838457340363334,-0.15907997296946158,0.04697163094955971,-0.4968277402720345,-0.052995877092447664,0.08550803134154446,-0.7126311429719917,-0.11333310515001817,0.10377264434542396,-0.8539820150168942,-0.15331530726788592,0.11458488446224678,-0.973658231131005,-0.17950538222740545,-0.08943616580993634,-0.46076159566187697,-0.08837015560708641,-0.14133483047165432,-0.7198511694191256,-0.16281075579984527,-0.16063038924120002,-0.8733548150603675,-0.21452474093392915,-0.18496314850904644,-0.9999975421649374,-0.24106319821109615,-0.1950829640052545,-0.381386279747853,-0.12820303008905012,-0.17648653215747517,-0.4998735882117789,-0.24909449609434758,-0.07314261533817605,-0.39115625709870444,-0.275163371108042,-0.01811467190598482,-0.3033883416573814,-0.2566038934780877,-0.2830155436322479,-0.27513568845534586,-0.1687634247111835,-0.24600763414879678,-0.38583763320122866,-0.25663130698853576,-0.14668487827289015,-0.30797945457083664,-0.24690555383790608,-0.08734790456915495,-0.22582901973407796,-0.2183990189332311
31,v,0.0,0.0,0.0,-0.2645700799492604,-0.12550431443907747,-0.10212480002633278,-0.4037711333844387,-0.2916875805465545,-0.1714316177390661,-0.32563849251751387,-0.4313395383312565,-0.26223295895337123,-0.10965136181284561,-0.4680641436170383,-0.3408912116910549,-0.1658686884415866,-0.5503454202822069,0.001964402061365013,-0.17747207948031984,-0.7616431789921053,-0.10842025907662134,-0.1862476371040252,-0.8916691890066287,-0.19452079156355373,-0.19624136775752554,-0.9999986058017568,-0.2535483965863427,0.024612845769678232,-0.5380761434062579,-0.042190454797863174,0.15761624966790916,-0.764070383975682,-0.15996117741839294,0.15583872588679756,-0.8971146318635538,-0.23561219273670334,0.13337744010855274,-0.9988197393988185,-0.26966708444731274,0.18768315999120672,-0.480765502535993,-0.1101185671240095,0.18285791836660428,-0.6657796345327284,-0.2722566889563331,0.050972800467551434,-0.5627988482894765,-0.2765240964172302,-0.01510837043461147,-0.45489492780758994,-0.2274089080217696,0.32667529828913794,-0.3921455960115462,-0.19124408976593235,0.27330487668401604,-0.5387362121951016,-0.3006236707687674,0.14553947554272886,-0.47928506372531027,-0.2741017943744241,0.08070041066937732,-0.3919818045495279,-0.22378114735489596
31,v,0.0,0.0,0.0,-0.23008238983845106,-0.13455490775114137,-0.11713901173617895,-0.2779922285179138,-0.32542141462039903,-0.18793665939308285,-0.1217318802942005,-0.46451500874003715,-0.27262957538820104,0.06123092113308239,-0.5423611062037239,-0.3474056868096097,-0.039997074958550545,-0.5143059249546884,-0.0724852531707951,-0.016884594353107903,-0.7539484825216307,-0.20943402255363197,0.0033625007967610435,-0.8909772400781758,-0.2798933754405104,0.026129939905749737,-0.9999987388157483,-0.31550291701291605,0.21014128410281213,-0.48162778903268444,-0.11760285387641468,0.4125109031533055,-0.7201480972530994,-0.2700492062362886,0.47802744263793207,-0.8673343051547098,-0.35040006817104724,0.5380288057673654,-0.9839421312954709,-0.3725979257073493,0.4035750801195415,-0.4003930683495748,-0.18268569536897064,0.36628894883999286,-0.5783493853185063,-0.4127173438108843,0.15269240115030547,-0.4830145701931599,-0.43269761438740617,0.05898104761061652,-0.3914434887594162,-0.3687972447618236,0.5428465322305979,-0.2869969470923096,-0.25363331204230716,0.4035030649226781,-0.41073303737729594,-0.4219495717728658,0.23610043222643912,-0.3522390320009986,-0.4056457220996827,0.1843036146411175,-0.2775564914734268,-0.34309278086259437
31,v,0.0,0.0,0.0,0.11441402455603451,-0.14006036824813184,-0.05903261958008574,0.14129379168116793,-0.33676920978135055,-0.09340856043138669,-0.021779970606750156,-0.4144969351050452,-0.13357384026083613,-0.1699189610043553,-0.38430378487848565,-0.17649620585142745,-0.019366555920145103,-0.4983690670802265,-0.0680121793835365,-0.0017752419021304765,-0.7168672868116284,-0.13126268719555992,0.005447215930131666,-0.8700839879367916,-0.1748776775183049,0.005457652476877651,-0.9999975338563515,-0.20452566517100285,-0.15667031613638754,-0.44938462045028826,-0.0994608847694623,-0.2512896291168633,-0.7029291316387489,-0.1774344293548491,-0.29129688162186057,-0.8640123798736986,-0.23367297419292377,-0.3347634818891116,-0.9898028651057256,-0.2636394235149904,-0.2562019352778592,-0.3551363561053555,-0.1339024261155165,-0.27176370843782005,-0.5019205063429923,-0.2616683126193525,-0.15108172909593262,-0.4052194330223289,-0.2846051413593315,-0.08569099423290152,-0.3108010235667133,-0.26211034079728945,-0.3318245282763997,-0.23114959278858618,-0.16930371634265598,-0.31383063549217993,-0.35722506189390585,-0.2711998564191639,-0.1958313631416672,-0.2836166856689365,-0.26019793547709774,-0.12578644290758317,-0.1948034367839957,-0.22625251595972018
31,v,0.0,0.0,0.0,0.16717796030926968,-0.0999405118868868,-0.07954135264097091,0.2172413181550816,-0.2913685794214174,-0.11649632584497913,0.09630994579753367,-0.43155702737810747,-0.15132323904782205,-0.024181083401091145,-0.49956010427347497,-0.18528613013948167,0.18360965707814608,-0.4379034646539409,-0.08507733812875483,0.2330494335089121,-0.6803063201129937,-0.15151648943137663,0.24957118501093872,-0.8320854923978118,-0.19234070777617096,0.2655539140437293,-0.9580854498539735,-0.21958235977813706,0.0523290641940135,-0.4545024836611477,-0.09634863342116301,0.038305501727429615,-0.7201084444434016,-0.17224372895434636,0.027132402823426965,-0.873901577926621,-0.2156035865884146,0.017737490399553964,-0.9999981741779941,-0.23700299899271612,-0.06598745607801683,-0.4254075134130114,-0.11607222518626464,-0.08295610759415967,-0.5548066969597419,-0.22677293094463033,-0.059896001569278046,-0.4086887297727753,-0.2373089130167465,-0.029764966580026395,-0.31106036635780226,-0.21266445584295227,-0.17172746557290688,-0.3635778925265986,-0.14159326044083395,-0.18754238264374268,-0.4447940392901984,-0.222114176502454,-0.14112085453064463,-0.3445260111260724,-0.2143546961222034,-0.10099445154029207,-0.27197878872006787,-0.19080894750314334
31,v,0.0,0.0,0.0,0.1528380658330864,-0.10785151816277962,-0.04776176343346527,0.18937493724668458,-0.3095135858794033,-0.06328283661815738,0.043793500275262874,-0.4336322419680209,-0.08682203545667924,-0.08851635178791602,-0.4787557063703683,-0.11505259357884604,0.14366679002548477,-0.48978030052319554,-0.031815010134808405,0.18132970165927564,-0.7139046202347638,-0.06771773992617706,0.19065307912680318,-0.847690523002716,-0.09182869756944396,0.19966064374512615,-0.9662289915063136,-0.11406747664022601,0.007340124933277797,-0.47375940239746994,-0.05911434256432485,-0.048170292841250587,-0.7230300468141244,-0.11862587841991122,-0.08990095641728035,-0.8693475952481301,-0.1643560669214764,-0.13342163275275354,-0.9999985885827419,-0.19178869073408022,-0.1026059037533821,-0.41549916664331293,-0.09194073373404925,-0.1396104372950379,-0.5388213080659026,-0.20129712662330138,-0.08739935522283507,-0.394186846943461,-0.22681266380626372,-0.059808467445775684,-0.29360802590398655,-0.21416999149989654,-0.19496063515179585,-0.33193562515673464,-0.12642962738408045,-0.22677453129443112,-0.43125413924524114,-0.21715429252799226,-0.17623930160970297,-0.3329837637524299,-0.21932609475544385,-0.14129015952563018,-0.2539396101380198,-0.2030750040594902
31,v,0.0,0.0,0.0,-0.22465193126055344,-0.09017775753988193,-0.12355665291947028,-0.3632647622921946,-0.2417776263665731,-0.19744943107529384,-0.2794752202965925,-0.3700747549072436,-0.2809270086156788,-0.13424597283893042,-0.47431062082385483,-0.35607879696432626,-0.30028361382407615,-0.47170716602200125,-0.0674115914024062,-0.4650331759790273,-0.6477209459419067,-0.21459584060503542,-0.5602070351097731,-0.7712187297211185,-0.313299042977543,-0.6212072888032719,-0.8750239208261588,-0.36803305264603425,-0.09031673944598112,-0.47796143231900645,-0.10406545718614012,-0.07108892287957577,-0.7209907815884254,-0.24335917676079202,-0.0663053202749204,-0.8783067040467875,-0.3188337397158118,-0.03747527119378537,-0.9999986490559335,-0.34526465994337063,0.0974834871797859,-0.4214635159937756,-0.16357325577457882,0.03478082592038362,-0.5413842066642981,-0.3710959690679354,-0.07130681687604415,-0.40290621062788473,-0.3809708911684153,-0.09937294860888077,-0.291305189435969,-0.3211168154568936,0.2599500339855612,-0.3238417716107612,-0.2321360657531169,0.15563767165481654,-0.42445420369622655,-0.3836676313342411,0.030783606453019564,-0.32617982411684254,-0.34891832998873457,-0.014180261071719194,-0.23614845655684957,-0.28034998408548945
31,v,0.0,0.0,0.0,0.14608279201857577,-0.11749882384776188,-0.032788146533884774,0.20692294664152788,-0.30063477726419946,-0.0502454628740636,0.09252686873603058,-0.40815830143374593,-0.07971465706626643,-0.03669125444471036,-0.4228518288280944,-0.1107828882611441,0.14736346669618713,-0.4711140465469937,-0.03195533030325732,0.2160595770642759,-0.6959048071445816,-0.08324833577446465,0.25478714928770174,-0.8271334994865456,-0.11311737953455317,0.28650764438582854,-0.9351439202539225,-0.1334943606075431,0.026568969947106696,-0.47288927484571314,-0.06453470694623883,0.012409182116522359,-0.7239291369964275,-0.13128633220510538,0.003970541913729254,-0.87231841960525,-0.1754660897300888,-0.014499849746737887,-0.9999974811071874,-0.19901241220392335,-0.07676721345355564,-0.4337771999435812,-0.10125438902822809,-0.0873559758202494,-0.547819403263483,-0.19396497002128005,-0.05007002590097648,-0.423694701939479,-0.20605274483228112,-0.03227285173809543,-0.34328679912397747,-0.18574509923110294,-0.16348998347628732,-0.36611824088533296,-0.1406869985604342,-0.1699591922507607,-0.4453084517931244,-0.1928828712341113,-0.11834965425784671,-0.36670265192666973,-0.17706269168675803,-0.09076905641182495,-0.306295044050048,-0.15231600882726457
31,v,0.0,0.0,0.0,0.12700464550325305,-0.09096253668203004,-0.04028317218513295,0.15148525810250266,-0.2707802945617938,-0.05226869581827918,0.05573951873358387,-0.37145808323119023,-0.07469326758116315,-0.05220109085441465,-0.3897204081951879,-0.09754725918622725,0.1413366253578062,-0.5063687929627291,-0.009481648945281463,0.22219832407931966,-0.7045434101653295,-0.05171088180587028,0.2569739331909232,-0.841650817834696,-0.08220850082426867,0.27752767666503225,-0.949657160768729,-0.10579968042194676,0.02318369802697016,-0.49555345401429696,-0.039280381749004854,-0.010891748531971737,-0.7300497484899987,-0.1015613693102832,-0.040441835954003295,-0.8822774395971456,-0.1522592521310912,-0.0744465214038996,-0.9999979172378758,-0.18010422959193012,-0.07333321328824899,-0.4291653815077244,-0.07556009892586517,-0.1031607587431172,-0.5424519308129689,-0.18332690153977046,-0.06534018738121501,-0.44678024232395486,-0.21531837136617143,-0.047120815651830995,-0.36302062790243134,-0.20598370862451826,-0.1554909575859659,-0.3322082616088637,-0.11372768680115156,-0.17260906300246673,-0.3984381768296046,-0.20188201611023132,-0.13282282251665598,-0.3298490614048244,-0.2092936370890611,-0.1079281953583414,-0.26339271063513764,-0.1944717762144509
31,v,0.0,0.0,0.0,-0.1629776133172594,-0.13163411276623427,-0.2505927912168679,-0.16151506864565054,-0.31644741318870195,-0.3210749382460615,0.11167528310251072,-0.4535596656281329,-0.37569802369099387,0.3802948644818045,-0.5608104328289369,-0.4137259824427431,-0.16784572283710608,-0.5403270566136372,-0.07862336451736747,-0.25350208910433136,-0.7500849063787515,-0.232353855675034,-0.2735479001114279,-0.8873112118409607,-0.3278093835726586,-0.27333140156326496,-0.9999987436032839,-0.375178307356075,0.1588050175525365,-0.5164866049343734,-0.05324672140379713,0.3301330270512989,-0.7384765477836108,-0.21764389888921115,0.4480315013855233,-0.8778860737314191,-0.2987268175744604,0.5653130559550413,-0.9870217861783436,-0.3125465729190348,0.4061762886382843,-0.43466565535435336,-0.06742318731243106,0.481401933086272,-0.5268796585523914,-0.3693875141240474,0.2877920218163627,-0.3956964408945932,-0.4014626614462768,0.18855376029228432,-0.29674050366196214,-0.3180454937569202,0.5844059663131933,-0.32335297549300646,-0.09561631946195036,0.5874408401156316,-0.41059799627449245,-0.34296387006512097,0.4013102759566765,-0.31635717425735077,-0.3204222599006745,0.3023576337555636,-0.23675745035600917,-0.230248218204273
31,v,0.0,0.0,0.0,0.1045661262145906,-0.09079444612559993,-0.052073741947979084,0.14884255378294214,-0.26949347464657253,-0.07645334510911901,0.10456201055030967,-0.40960425733794,-0.10244118580084371,0.03115924933419757,-0.5098940971304806,-0.12546275183985525,0.10741049516938819,-0.4933586928597646,-0.04450389866118743,0.17461395363673102,-0.6915650801989595,-0.08291916492862059,0.2087321431205735,-0.8215613954516164,-0.10514257018255724,0.23126740727368872,-0.9309367866126366,-0.12428866127382313,0.01332151540399337,-0.49425156954038557,-0.059041985655855826,-0.058260231219064436,-0.7518568922944239,-0.11888803376816384,-0.0812295311025625,-0.8942083761013302,-0.15447885242538892,-0.10039039548199892,-0.9999981338003074,-0.17507684837378493,-0.06906362748815077,-0.4420641678190793,-0.08066217495934833,-0.06531837299250981,-0.6182150439793112,-0.18379282421325444,0.005649249779332265,-0.5322071154124259,-0.2184964669410584,0.04249512357389968,-0.44822020047581407,-0.22034882176144108,-0.12624510972893407,-0.35584734148139485,-0.1035029993767797,-0.05422565664789149,-0.41506096076942683,-0.20735845048080748,0.019898235690740375,-0.3160900245276677,-0.2382410604348251,0.05692353020112213,-0.23150266754271992,-0.2430552753018088
31,v,0.0,0.0,0.0,-0.2566840323127697,-0.10181199491205738,-0.15791722453740856,-0.4005144179416139,-0.2595519702845388,-0.2588460491712339,-0.3191069144030617,-0.3880539595814763,-0.37201552662834064,-0.12597203495200815,-0.4868934156696455,-0.47322256156697867,-0.27728433522119067,-0.4947792802121623,-0.1013035492591208,-0.42177339903214794,-0.6987555102551601,-0.28970103603244535,-0.496851212000561,-0.8292421195599435,-0.4053291651828393,-0.5527140532255163,-0.9367615953800053,-0.4647692295251455,-0.013902461447615588,-0.4817275671107354,-0.14428233017913686,0.10630423918834495,-0.728204352114682,-0.3235905109420869,0.1266839193657526,-0.8797814232907911,-0.41497867255653015,0.16044888539212063,-0.9999986785308058,-0.4418341930639467,0.19782289587940594,-0.4116066372940999,-0.2152037656698636,0.13683311635227763,-0.5531964143839331,-0.46872181059488627,-0.04509643619836594,-0.43845967668190666,-0.47898624180328647,-0.09607422859167368,-0.3475813851472677,-0.40328602225848387,0.35469613346821355,-0.3115666343776177,-0.29734300257903823,0.21517883952669237,-0.41903101358920253,-0.46800484579336943,0.053035782652470706,-0.3420977169812035,-0.4262639860272165,0.015880819582160758,-0.27263763140348324,-0.34472896081729315
31,v,0.0,0.0,0.0,0.15860820597365255,-0.04847296261969641,-0.04805755093865945,0.23135665766510885,-0.22858127389892563,-0.06597872965390278,0.11470626451037155,-0.36973041936956647,-0.08803799600463616,-0.010200060281064174,-0.4346499193535794,-0.11057717732549745,0.19593061064475475,-0.42137555805859733,-0.0456928654155504,0.2846368219165153,-0.6527824620457602,-0.0955268318945068,0.32950183685386525,-0.8112410386832395,-0.12125358895730261,0.36292002263562884,-0.931768251402209,-0.13737412272133895,0.0804991318066174,-0.4365419807446275,-0.07129138908451985,0.09589206127060448,-0.7142613124072668,-0.1365049125634965,0.10703781082258082,-0.8754676174173638,-0.17803036801551902,0.10502269431098704,-0.9999980906151793,-0.19516218725403237,-0.023427105815244487,-0.4002163367759703,-0.1016709740633493,-0.01732286053490721,-0.5116177248511751,-0.22349385761948562,-0.011040163990740553,-0.3899849792388136,-0.2515343496950744,-0.023760023263915984,-0.3039782985652884,-0.23198335214278729,-0.11293560802091139,-0.32961701075628574,-0.13171084155331986,-0.08743730670156552,-0.3797208449389127,-0.22989568290116083,-0.06591623223440686,-0.2776818887635321,-0.22765646380991905,-0.07649999687516541,-0.19921283924733096,-0.201579006766581
31,v,0.0,0.0,0.0,-0.20883356667602132,-0.09678675935622179,-0.08585555426629013,-0.3461841131790183,-0.251185160658768,-0.1635064545113442,-0.37010850002134205,-0.3823624286660369,-0.25595382554480245,-0.2518409038802441,-0.456154106505711,-0.3364340926375832,-0.1616678588470782,-0.4506325001169888,-0.06414671408595385,-0.2763799870373232,-0.6532420462622869,-0.20889367290031996,-0.37502598659888103,-0.7799164937844505,-0.29786678842106895,-0.457860574992782,-0.8705264911140057,-0.34654323646561896,-0.009667931551040902,-0.45237879837346456,-0.11119929634618304,-0.0031707266482882152,-0.7036879811276923,-0.2724358164181131,-0.06015696986552818,-0.8735643399436052,-0.3658167107877005,-0.09988399609278414,-0.9999985917120241,-0.39726023620531414,0.11568033993987584,-0.4025253575593635,-0.1724820867511813,-0.08456313323366627,-0.5289565454993667,-0.35076659802598037,-0.1890468171537963,-0.3941310552837267,-0.34717302108606574,-0.18403762557504602,-0.2877096887567669,-0.2853795261588755,0.20931026480131099,-0.3161515856724906,-0.24225937291654936,-0.05511340465016828,-0.3894030224249373,-0.365806553986651,-0.139978262027408,-0.2922722748811055,-0.33799964600265564,-0.12206670140638183,-0.2081664075459276,-0.2764148061846288
31,v,0.0,0.0,0.0,0.02564089268557744,-0.09682120869735883,-0.013055311660328077,-0.010083679202621999,-0.2744024233606886,-0.024150804709202073,-0.10102559956370602,-0.3856218712623295,-0.05005772225308952,-0.16639081928954882,-0.43290214279510786,-0.0752259719183372,0.033192691703215496,-0.439106411237488,-0.018978779138878077,0.07944501108745883,-0.680383601077017,-0.0724018357546698,0.09390292000584992,-0.8407590850821225,-0.10115529701012822,0.10788045632055067,-0.9640565624625851,-0.11942002377078062,-0.021166794711457458,-0.42939934214623204,-0.060603233265998105,-0.08446631174507124,-0.6950367241758827,-0.13192316070623827,-0.12686107832750426,-0.8606749513449533,-0.17828170788415199,-0.1576368325581774,-0.9999978924385637,-0.1995419328058591,-0.05804921029427347,-0.38170402064415637,-0.10458358902914949,-0.16646367915098723,-0.502989812126215,-0.20883305688210618,-0.13880368896041118,-0.39437121003702297,-0.219803051175036,-0.0990912958629676,-0.3184183218601257,-0.19549563527678815,-0.09346965507119302,-0.31194635623718486,-0.14858511183825324,-0.19828861538637313,-0.4083351793430421,-0.22418853962370408,-0.17768560525790789,-0.3292946661070171,-0.21033147332127816,-0.13919424294181107,-0.26195444165439097,-0.18045990369003287
31,v,0.0,0.0,0.0,0.1839599873010754,-0.06820788364234023,-0.044748243121182335,0.2807323204310268,-0.23142946177070087,-0.07551199804942717,0.1487605087766977,-0.3311981229627502,-0.11496441212926121,-0.00569382524389276,-0.3381278975968993,-0.1621149413742036,0.18686182428228765,-0.4644946254307776,-0.06405535167231596,0.25701309214063484,-0.6596149247904459,-0.10642088454476101,0.3028204616886754,-0.7870528667634766,-0.1372262346510759,0.333908632527181,-0.8972253817933211,-0.16498812463493107,0.054269352237577,-0.4606298721345024,-0.09834907474416214,0.043290305695238916,-0.705611125193483,-0.17263358031405943,0.02844718673711243,-0.863758176707359,-0.22445471328138566,-0.006916610944738322,-0.9999987307467781,-0.2533641989556658,-0.06427299965592809,-0.4052593091896614,-0.13369904676946218,-0.03211717038747861,-0.49913502542213245,-0.25014017311078496,0.014569329349058857,-0.35430645014973755,-0.27628116089917804,0.0265289194457284,-0.2515839024459321,-0.2618630059315282,-0.15816029085667413,-0.3187909674261127,-0.16982129803020388,-0.11768697686865758,-0.3835253770919063,-0.2580674565713942,-0.05079406257973238,-0.27411794476902546,-0.2551139483265751,-0.017432129182363126,-0.18144481478295926,-0.2348801661612887
31,v,0.0,0.0,0.0,0.14632023832602725,-0.09308866536929272,-0.053019819699443714,0.17269698132460481,-0.28475277283880973,-0.06941285844315839,0.03897212842369827,-0.3968312689684723,-0.09292818025173556,-0.09771498877577886,-0.41493940382857086,-0.1186636038659663,0.10806622936850784,-0.5044207874147012,-0.0396059930887073,0.16221854328391433,-0.7284327797434902,-0.07856634994331177,0.18911431035176005,-0.8636490850734354,-0.10218993256153196,0.20726303831222223,-0.9800035741131196,-0.12275043464833987,-0.018399553759637092,-0.4865446008420619,-0.06337947239520092,-0.08392731003097303,-0.7281824269571373,-0.12687824554156782,-0.1280601373465589,-0.8723167440290486,-0.17144222404443765,-0.17185635153751916,-0.9999985571203116,-0.19497742851697739,-0.11480593106267613,-0.42275563970452285,-0.09293584520951079,-0.14785903503843506,-0.5108304551625867,-0.1998667470525144,-0.08644524328499117,-0.3817322696774914,-0.22742881718194344,-0.04866338712619294,-0.2954898198896559,-0.21530496103864213,-0.1899052307913665,-0.33561713162709245,-0.12514652409951862,-0.21902351310528734,-0.38888448155363897,-0.20740874299460077,-0.16070266619279233,-0.30031885079096643,-0.2108657572044361,-0.11754553532556565,-0.23663524250924403,-0.1958008148366416
31,v,0.0,0.0,0.0,-0.2534722033082492,-0.11341415140222172,-0.1166781832901947,-0.39797926563234903,-0.280790691014534,-0.203168490440223,-0.3015854035595067,-0.4135289900349006,-0.3062078622953644,-0.09561772739758032,-0.4768218169716389,-0.40129804751317794,-0.22116840759325668,-0.48582497920467854,-0.08208797320001243,-0.33790158614619253,-0.707350791080908,-0.2537459947519079,-0.4044437028125771,-0.8371791968008058,-0.35022073923388897,-0.4451140773939535,-0.9363544885037288,-0.39308849254390255,0.01010198541368155,-0.4759486463453515,-0.12890609907416883,0.07392441912488926,-0.7275634790859047,-0.2984492492190633,0.07869003896393911,-0.8819895807930885,-0.3762541696707042,0.10809422611874088,-0.9999987171055081,-0.38763463623739497,0.21714520071599197,-0.41865652567868106,-0.19696742290090835,0.034737952869437524,-0.5249703064990179,-0.4233632504649958,-0.12281971843610533,-0.40892364391795416,-0.43875763323278927,-0.15053357602795095,-0.31185634163968984,-0.3695489395749687,0.3843467850438708,-0.3317632402292802,-0.27378363188938293,0.1503779667605462,-0.40900691590429505,-0.4223134422919246,0.03444569801930437,-0.3202892934024409,-0.3870416005256714,0.03796835538087792,-0.2369198123116707,-0.3109174704447956
31,v,0.0,0.0,0.0,-0.20480690041647936,-0.13000299808574212,-0.2268976798481446,-0.24740627564231982,-0.3039048099824741,-0.3305158226468501,-0.02524948821153952,-0.4244265924887659,-0.42262795783952656,0.24667208235045932,-0.5142073774132054,-0.5030536553361632,-0.18544265434193288,-0.5153744708090414,-0.17723182532878512,-0.3273717957822217,-0.7176084890439626,-0.37111828537439495,-0.4112204387917758,-0.8545922101599194,-0.4921094930809496,-0.45211494686367754,-0.9667469868059512,-0.5542993368394055,0.15118017120015817,-0.49648244760170746,-0.17549375530806186,0.31388859534424374,-0.7357789861736803,-0.37851026544621064,0.3866632177243372,-0.8872681441458351,-0.4808209457955291,0.4481299034327895,-0.9999986961927024,-0.5094606623592691,0.42070219836202183,-0.4211960642916089,-0.1991846321767536,0.4158411743240048,-0.5056377349815215,-0.4966164956803776,0.2064464498184404,-0.36779357585260053,-0.5179461416435505,0.0947837128471813,-0.2624735384210904,-0.43638599019882385,0.6231317424315364,-0.3141114761445672,-0.23471032023103106,0.5474479349886434,-0.39697619523051764,-0.45291468425042675,0.3558766026286111,-0.29907059691939136,-0.40153518101142543,0.2487800466840625,-0.21640987438185413,-0.2997471009626562
31,v,0.0,0.0,0.0,-0.22735601187316615,-0.11280928765382675,-0.12450662791289761,-0.3643428947752223,-0.28357752877415143,-0.19014940489646517,-0.2565321930966572,-0.41001929612740934,-0.2705332375582624,-0.06790196644181905,-0.5032976168104809,-0.34313820375279225,-0.2667885112050615,-0.49662865003998136,-0.039117635597851745,-0.4078222268624327,-0.6876414933985825,-0.18804664108167476,-0.4837509165061474,-0.8124274408542651,-0.2895349820848804,-0.5317291121249416,-0.9171707854337907,-0.3460941794398411,-0.025566364500621122,-0.4922494127923114,-0.07980860542209732,0.0500049969324019,-0.7282639395438766,-0.2252829221101452,0.07321007549882294,-0.8820425252714746,-0.308652589754328,0.10585522985324744,-0.9999987309541546,-0.3404526069161069,0.18105890025490465,-0.430587831063037,-0.1462550494053571,0.11109972480669679,-0.5560697137859653,-0.3713844163720605,-0.04858627383338993,-0.42776294127546494,-0.3911835307828881,-0.10288957211476576,-0.32369125119357617,-0.33363292539967104,0.3500925413482224,-0.33245638209927614,-0.22146357974298742,0.22287000731614157,-0.43735792988639316,-0.3825758466745113,0.05141660977489291,-0.3482888810637299,-0.34992411155075354,-0.014465438686758961,-0.2623373015203735,-0.282376920434971
31,v,0.0,0.0,0.0,0.16166794050821123,-0.08738523921450601,-0.0678506389927216,0.20287099193417812,-0.2668346178378828,-0.10014565904732371,0.04085714565065895,-0.38700118606629014,-0.13674049601983182,-0.0859892304136785,-0.45349945388279944,-0.1743489705603727,0.1319564348047671,-0.4641370247713394,-0.07006415717004519,0.17715512994533764,-0.7027691918170051,-0.13114072331677765,0.19609503531685013,-0.8462676515185925,-0.16532753129700495,0.20811971943503024,-0.9693065528645901,-0.18930719273091523,-0.006549438771113056,-0.45405344792382424,-0.09209498623199626,-0.059002450933673345,-0.7169276212689786,-0.1771999904852738,-0.09393659329998955,-0.870228106605621,-0.22748594148462992,-0.1309300816774414,-0.9999985718380933,-0.2498194859828347,-0.1170407751757907,-0.3948316722134606,-0.12110851945693282,-0.12289061345118127,-0.4859450495688271,-0.2535720550225542,-0.06765371313240506,-0.3399201199624159,-0.27764906762966163,-0.038084281192708666,-0.24502054915949265,-0.25516042522998983,-0.2062844226426987,-0.30917387631095755,-0.1527479699650626,-0.19629154657126097,-0.33788009734515123,-0.2561808834453086,-0.1367830270183663,-0.23679414625067405,-0.25858315585384256,-0.1037665825248537,-0.17484675050349854,-0.236546931989748
31,v,0.0,0.0,0.0,-0.19734012155198677,-0.0384174198894692,-0.11688288071317611,-0.3641600592804057,-0.20841845444254456,-0.1900416666665301,-0.3949745012778759,-0.3503953626453962,-0.2564310130341024,-0.3272461221573607,-0.45104925565450465,-0.32622014774205627,-0.16053872435006186,-0.4639914519577701,-0.19572023034790612,-0.2721102542013123,-0.6775705151053091,-0.30574106967555836,-0.38469306272577364,-0.822428360989268,-0.3760750430184854,-0.46782787253658914,-0.9396295739452001,-0.42520562061439104,0.010282018111621171,-0.47977591351606497,-0.21312142587133664,-0.016276560277050222,-0.7384552446780118,-0.3381113128578387,-0.08698029259302062,-0.8829338478877093,-0.41056376064756167,-0.13024288274752832,-0.9999982321099575,-0.4388482409398335,0.17158944913262952,-0.4408222430099478,-0.23003731932855137,-0.09984756765666394,-0.5363608383309922,-0.3907352644846174,-0.23367903025784803,-0.3629042591774578,-0.3750041750892881,-0.23742150950738006,-0.23587967043825198,-0.3119586105376825,0.3063866686411782,-0.3552504907967136,-0.254316674534782,0.020615458958735407,-0.3891541957787128,-0.3875224499481097,-0.11041783759808281,-0.2762284987679924,-0.35400133327941263,-0.1089602980953368,-0.18692575312114573,-0.28959741293363234
31,v,0.0,0.0,0.0,-0.22845779105690908,-0.11494252440886456,-0.1828406861566813,-0.3766539856738221,-0.29263737771364934,-0.29655338986537205,-0.2939575162062482,-0.4363675349755215,-0.4247073367016107,-0.05300613197132407,-0.5234026503267245,-0.5376651177619137,-0.1651276649299727,-0.4856722150607794,-0.11135883696222827,-0.29460204605944046,-0.6932129969933061,-0.3196107334698081,-0.3805861620514544,-0.8226911249307566,-0.45580935312548937,-0.4219136118609584,-0.9279764686846771,-0.5344659353459493,0.09751300471469417,-0.4792893107417898,-0.14164364498501728,0.21830062845673692,-0.726908790543313,-0.34103168826786356,0.2643994607518297,-0.8810276631386881,-0.4471143527605024,0.3153286778982178,-0.9999986766103823,-0.49394673117843957,0.3237466116729052,-0.4254790743372946,-0.20284061472719317,0.24101448836936962,-0.5868600496048205,-0.46410435215826024,0.052345116163007945,-0.45762211177910306,-0.47109751289742136,-0.018297990344475958,-0.3498195835422374,-0.40162648680709373,0.5110335300539031,-0.3379462251256531,-0.2811892487715593,0.3350771956530905,-0.4551852667473238,-0.4662317897308366,0.158019930746709,-0.3710826794039691,-0.4353968615559983,0.09114138025973671,-0.2863316970791874,-0.36770852726375475
31,v,0.0,0.0,0.0,-0.2481333643216839,-0.14180277581001488,-0.1215136932181531,-0.37381767469554283,-0.31991069748758105,-0.21271527201759272,-0.2496192492948273,-0.4664507042335474,-0.32640558438402933,0.011103161798987878,-0.540801388159856,-0.43003829074586125,-0.15467566476372116,-0.5087912953779726,-0.019451258097857818,-0.25873332179504815,-0.7318762982031709,-0.17469596071637997,-0.3156915415097262,-0.8617857371859599,-0.2623005224507649,-0.3400324103197296,-0.9687640514432155,-0.30142682232313456,0.09860797653140224,-0.4905425915249862,-0.0731352545396272,0.2252823622388741,-0.7356008634457962,-0.23768533922780657,0.23533222820116706,-0.882657218368766,-0.31797192457973544,0.252815703933944,-0.9999986366786171,-0.3308653520709147,0.31429934964719153,-0.42694788482257834,-0.15597817170066394,0.14759053973291214,-0.5443770439270346,-0.4200518484373671,-0.021357072341279384,-0.41777806776565535,-0.45189946127591835,-0.05406827887713623,-0.3094975167832835,-0.37783408221634596,0.4767973327630067,-0.3374803903845867,-0.24507368701857757,0.2568228111935566,-0.45732883074579966,-0.4166579313014776,0.0912800051336774,-0.3582775793502429,-0.38069887299514243,0.04919700909821085,-0.25822698894838514,-0.29935602580605275
31,v,0.0,0.0,0.0,-0.17886400677321235,-0.13110872885734595,-0.19194433266790853,-0.24330308969961026,-0.29919037707794605,-0.2832144976164925,-0.058929739846909274,-0.4323933045950059,-0.37094524402721396,0.20659362177961751,-0.5079895244742093,-0.44697075078652737,-0.16461076580632403,-0.5055038930803836,-0.12201614708014556,-0.27111474686102344,-0.7147700324706843,-0.27795819236431396,-0.3557693595551572,-0.8390737706825092,-0.3793476349242397,-0.38478851181268964,-0.9423071311681496,-0.43845617599816233,0.11450372455428123,-0.4906171540382904,-0.1250573514051256,0.22606145764785263,-0.7311555497913911,-0.2955598672702586,0.2785211191704792,-0.882448958777805,-0.39776807339847614,0.34477533820390716,-0.9999987498283781,-0.44143152677683145,0.3459070132339767,-0.4169628220423828,-0.14933822457428172,0.33366074990733197,-0.5206375782638906,-0.39256052026247745,0.12987496685873778,-0.38294386735562946,-0.40469240147473773,0.04286020777444179,-0.2779158999307199,-0.33709599961115155,0.5248621158605018,-0.30885622461369866,-0.18588917825790682,0.4498565100781135,-0.4062796815909451,-0.37213567495121974,0.28618717986340725,-0.30910965365019477,-0.33043314830321247,0.2144390425698246,-0.22744156914004454,-0.24769022586901662
31,v,0.0,0.0,0.0,0.10459284366086331,-0.12287985206097646,-0.05696488763815369,0.11248426125657789,-0.305866387931297,-0.07552946041391614,0.0008800875777656208,-0.39159837998414027,-0.10181778285168512,-0.1371093658841803,-0.41143006460388104,-0.12565395326053508,0.10731795480622423,-0.5314629146495341,-0.016190867284176735,0.1656933760430953,-0.7375390107238646,-0.05669824778182082,0.19063961072688348,-0.8714762368517555,-0.08555465526565048,0.20544302501063397,-0.9771857359977046,-0.1075937869755699,-0.026692726458426495,-0.5142263776829914,-0.037816484647143295,-0.08957954119990176,-0.7527278497782057,-0.09515135704856538,-0.12237946398982946,-0.8921328461308923,-0.1381466653183731,-0.1536222294846707,-0.9999980789201937,-0.1605177335202253,-0.13316070857537748,-0.44351009270197783,-0.06917675760671847,-0.17255195601827308,-0.5434340980990088,-0.1750027945008164,-0.11571508496857968,-0.4261917417132761,-0.20744875284567932,-0.07897932946114629,-0.346112474537842,-0.19767624251934626,-0.21936658072717768,-0.34952324329648166,-0.10464589149590112,-0.22757887074219926,-0.3938441720297709,-0.19339909819015375,-0.17652686366238723,-0.3124331512018253,-0.20650709005389556,-0.13693068039561626,-0.2548799923766033,-0.19619050789230966
31,v,0.0,0.0,0.0,0.15438263457544946,-0.05243999421713838,-0.05944357758519117,0.2139037947632832,-0.23993994210878175,-0.07343311080992436,0.0916342148239016,-0.39094332835618145,-0.09073847127466989,-0.04629983694389522,-0.46017265286225795,-0.1088464043973642,0.17786489866531244,-0.46390020090833034,-0.04185305528158277,0.2438709757334415,-0.6869906308416747,-0.09048984928120804,0.2792184645581237,-0.8290237535015333,-0.12150250172337457,0.30247265109852395,-0.9485012243177011,-0.1454976334899113,0.056259160335128684,-0.4670976763384122,-0.06260893830858515,0.0338833933302213,-0.7197380261621857,-0.13144923411992276,0.020820478251845038,-0.8682574817467279,-0.17277890866597223,-8.213057451679755e-05,-0.9999984161811621,-0.19152498809240315,-0.04791724284412085,-0.42035107739003336,-0.09248469001274397,-0.05946093109985478,-0.5111042293955841,-0.2105378148804651,-0.02954897586083711,-0.37396807143906996,-0.23578442307657144,-0.010986333184530286,-0.29230941731538673,-0.21876420675013394,-0.14021378882987287,-0.3471540437096422,-0.1258931361549711,-0.15085149188602323,-0.3813223451707735,-0.222508629325166,-0.11074760436426705,-0.2846284149418411,-0.23141597334039035,-0.08395113558525323,-0.2276163910069751,-0.21742078183828922
31,v,0.0,0.0,0.0,0.1427396580631489,-0.12826236631027593,-0.07280464493731963,0.18462837310615632,-0.3198698780009787,-0.11335397718715358,0.03360267122208124,-0.4326593047104143,-0.15540479294854143,-0.10589692973883467,-0.4774314109105359,-0.19776027663824483,0.08444172595438376,-0.4713234902898326,-0.08773553294091295,0.10900036971787333,-0.711369405487882,-0.1540647968788837,0.11537617472627286,-0.8566553875136507,-0.19020159177607895,0.11433368299365718,-0.9750973966268852,-0.21355416861532306,-0.05480945888510205,-0.45479696778591666,-0.10442670713241509,-0.12320384004474509,-0.7114349608295178,-0.19679234366799134,-0.15666805431417927,-0.871300012407674,-0.249972901065609,-0.19675013512519135,-0.9999982486685882,-0.2736658072083062,-0.16618138181601894,-0.3912783304026253,-0.12608605369550735,-0.17683976175613877,-0.4822148631002254,-0.2454210064182506,-0.10317386471282729,-0.354149893527264,-0.25634398254023616,-0.06048216197695886,-0.26876155574678146,-0.22752567689835285,-0.25482921886812887,-0.3043061212867255,-0.15119924293355616,-0.2519083004095527,-0.36376794777511684,-0.22996411639348752,-0.18219635344145257,-0.2816358732541745,-0.2160019899358232,-0.1417093666180391,-0.22634985939550012,-0.1853693645332376
31,v,0.0,0.0,0.0,-0.22511716322896086,-0.14161058055950762,-0.17940730092156912,-0.2957368720932351,-0.33181725593255357,-0.3045822357394333,-0.1910887465415893,-0.479025681899358,-0.4432067495920111,0.03880001968042831,-0.5774424387916957,-0.5646932441316155,-0.023025908023984982,-0.5104100842787466,-0.12398939146290326,-0.06486969441276716,-0.7439290699149994,-0.33861391264086055,-0.11510504028648841,-0.8764403351713648,-0.4714012736579686,-0.1522801229826471,-0.9777043971155861,-0.5398031495688101,0.22967937945656908,-0.4794007801366329,-0.1562779341521354,0.45860250499945526,-0.7271835302171955,-0.35310438735489125,0.5375922057787614,-0.879633492990059,-0.4572270975809652,0.6032245202036636,-0.9999987053889842,-0.49855966697284426,0.40690037145997804,-0.40465931189279924,-0.22017510092471848,0.36058025329906734,-0.596297664934078,-0.4867729707274157,0.11303841181689446,-0.48901667539234384,-0.5007439332253483,-0.00978797282598928,-0.38415970322905757,-0.43010269537358176,0.5178063717899412,-0.3060783096603999,-0.2988213217557281,0.35984317484557016,-0.4645125207253893,-0.4989836491297476,0.12000438965514867,-0.40474697113936253,-0.48076252497559946,-0.014971211603193944,-0.32550085163089265,-0.41509949894846837
31,v,0.0,0.0,0.0,-0.23425945702048606,-0.10730950368611852,-0.18574937248071452,-0.3571748793441368,-0.2865950285147164,-0.267847061734646,-0.2216776422232776,-0.43681642629710504,-0.34609000174418586,-0.035335749176540934,-0.5519144961830634,-0.4092997445846478,-0.3504840434586231,-0.4941643542358749,-0.07969814282849365,-0.4844780874162449,-0.6932275355577088,-0.24185197452603802,-0.5588547372422017,-0.8130847789930793,-0.33526599853951344,-0.6059750886471843,-0.9122902011794318,-0.37897019416659655,-0.0904508170437792,-0.49462727622884595,-0.08993981970779064,-0.03871665881281795,-0.7297848865366576,-0.2623927874286918,-0.04876456691192505,-0.8763869249015033,-0.3430044343750092,-0.027794208185778733,-0.9999987324070071,-0.3585884422278243,0.13758915040311584,-0.4332785145551656,-0.13044470077124334,0.10240277233480141,-0.5318951032908539,-0.391448121622474,-0.04825125011410468,-0.38240839678635824,-0.3922550429355034,-0.08100568218768225,-0.2805163723987552,-0.30380502053132974,0.3215261837182918,-0.3353067073256002,-0.1831042874387814,0.2177566317437243,-0.4178192470663778,-0.37173377974162736,0.07877863980726522,-0.30767607448089906,-0.3268841411776358,0.05385217556880325,-0.23020785070857594,-0.23661374811283736
31,v,0.0,0.0,0.0,-0.235940862440368,-0.10035952475479076,-0.1465436840407431,-0.3811062758891133,-0.2609010042704765,-0.2389481339838334,-0.3023847963262,-0.38239597889152294,-0.34078615379421745,-0.11355421174978007,-0.47553381033062125,-0.4312386767549347,-0.2554869512121089,-0.49232031371310575,-0.09779714625622449,-0.3971434574718163,-0.694498376774715,-0.2737179878032001,-0.47027415750695756,-0.8249245907917114,-0.38206292789865826,-0.5165863019086154,-0.9283862065644066,-0.4359163956825645,-0.00906303873225756,-0.4789364226693891,-0.13735654636507774,0.09707023080937106,-0.7213316072970877,-0.29986045874950046,0.12904477334019343,-0.8779428847520669,-0.3803353324898203,0.18055120060591742,-0.9999986834022424,-0.4030318530899245,0.1936517956662638,-0.40909219146736797,-0.2030827643949794,0.14809403472392405,-0.5398031532615553,-0.4320997474412312,-0.013950247584432262,-0.42435454676425205,-0.4395647927913921,-0.057540710186852494,-0.33182050460383816,-0.3700253205786836,0.35164000146590096,-0.3071729692972076,-0.2793509085894402,0.23480708994182448,-0.410060812609401,-0.43333710739075776,0.08606178835751539,-0.33269942843036093,-0.3891220595441148,0.05275049685696191,-0.2634754663287716,-0.3109970710531122
31,v,0.0,0.0,0.0,-0.27947462003014306,-0.13762266321158864,-0.13349561368392232,-0.36407046767139983,-0.330882212125395,-0.21213657546593542,-0.2381477913724772,-0.4706626961128676,-0.3075455280442825,-0.03991030738202915,-0.5527325870546059,-0.39194842952699444,-0.0959170447942152,-0.5046859410733506,-0.06844520093020412,-0.08104157629964161,-0.7267981529775116,-0.22591719272046515,-0.08203705158934821,-0.8521925665956412,-0.3204534085849889,-0.076860524220063,-0.9547654258929917,-0.37079821070343566,0.13600758954531622,-0.4760988658466759,-0.11281783463229421,0.31952338737911473,-0.7226283931661304,-0.2819394919156793,0.3656000712370409,-0.8799975624701335,-0.38412675816099845,0.4025340878599224,-0.9999986611107937,-0.4222318588097577,0.32720332681353154,-0.40596845366820555,-0.18031512329389277,0.26368635320595074,-0.5919189922117731,-0.427304720762871,0.02256610166707125,-0.5176641489027418,-0.4661015227162264,-0.11084211148443997,-0.434450905830522,-0.41524018910726934,0.47746072137167533,-0.30983047145699877,-0.2561787158009658,0.32896492065231486,-0.44419010808164466,-0.4436525334419437,0.12506598019222068,-0.38484002134088613,-0.43548822353527467,0.02228670780870482,-0.3020221273615961,-0.3772322498474164
31,v,0.0,0.0,0.0,0.15781272718896247,-0.09658645100827663,-0.08112491402447254,0.22880863331898882,-0.286989686492746,-0.10944820353508261,0.11987197359703647,-0.4127533948213823,-0.1348513519067973,-0.008050069886573237,-0.4500733840863327,-0.16383884257286496,0.18736368177569182,-0.4736468022106193,-0.0758812420050637,0.2462739781998723,-0.701032203487853,-0.14725740797137843,0.2895197656264907,-0.8510477400724822,-0.19884362625017515,0.3248878965279575,-0.9764435157152219,-0.2347093571673119,0.05085355677507639,-0.45991252248947656,-0.09207202504203305,0.00401962767152056,-0.7097066584296329,-0.17014487675024087,-0.034879284949118676,-0.8564949351314028,-0.21683827633933037,-0.07075669986097458,-0.999998401427905,-0.23616705758900308,-0.05935197762720354,-0.39977394165408464,-0.11853172930522594,-0.10096472133931157,-0.49325752385070193,-0.2459286838233066,-0.045757953483851754,-0.32491233644351686,-0.2704832716570377,0.006932503533373406,-0.22889738880180965,-0.24725963493633174,-0.1478892639309647,-0.30927584044858425,-0.14924229356967977,-0.17729500825916591,-0.3905746240422902,-0.2491505364343997,-0.11613261887529315,-0.2800525617667619,-0.2446303192643606,-0.05915274229217576,-0.20653967782224783,-0.21700394847647983
31,v,0.0,0.0,0.0,-0.1665143179195043,-0.11838935705986453,-0.23744439749336432,-0.13917009265104213,-0.3073607520953685,-0.314449727101288,0.09934099221730051,-0.44078886704702547,-0.37656321037043283,0.37658394748100454,-0.5205037756311314,-0.4289519273113249,-0.0489258680815623,-0.5162042736907233,-0.1496765467719784,-0.1376917639024623,-0.7295287047834402,-0.32224396706408887,-0.15293292691882476,-0.8836734198986588,-0.4346045582178953,-0.13700741460689767,-0.9999988017662335,-0.4976000107472079,0.2973705522295489,-0.4761603410005573,-0.12188751588748863,0.4952612711824592,-0.6814164924469959,-0.2778393252381173,0.6380135917209606,-0.799899374387109,-0.3537374616760878,0.7604594074470935,-0.8715582161958968,-0.3800956583101767,0.563982524713657,-0.3882633088151396,-0.12735298097557757,0.6286501049702088,-0.4665008885348379,-0.3983506864824076,0.4012444479211653,-0.353451627157437,-0.43656611670283396,0.2534331419931811,-0.24875682656045425,-0.3785605504246762,0.76685780910552,-0.2723736621857449,-0.14599389301797502,0.7610803355180222,-0.3402725824056161,-0.3703794267075366,0.5586177890283787,-0.26261886362217757,-0.3631208032696874,0.42307120519704755,-0.17925016401200292,-0.2979502634194505
31,v,0.0,0.0,0.0,-0.11369014192690463,-0.15238521869771984,-0.1658802153617814,-0.10120194846699095,-0.34160662701683187,-0.22239421252355607,0.12598138852718946,-0.44974945794186344,-0.2689317209080943,0.3576806327163383,-0.523477855921764,-0.3005578422873456,-0.015539567022832684,-0.5586046694144086,-0.061904592235599125,-0.012272548143572983,-0.768167852911467,-0.1756828621347112,0.006558790223756804,-0.8927465889697005,-0.2481708397475369,0.03817343580836632,-0.9999987143112823,-0.2879022056802377,0.20688608560045357,-0.5222836835818432,-0.05730024095721855,0.37120689705583665,-0.7433638136520697,-0.18020386542546385,0.47158297147371464,-0.8725092262805652,-0.24407419180121803,0.5736149321728613,-0.9776829875054176,-0.2607788872496527,0.36113816128160475,-0.4305933488386943,-0.07832860009255303,0.4457623952131591,-0.5220886525476971,-0.288725263465891,0.2847571879712788,-0.39887662807236274,-0.3030995871135927,0.20579161281865616,-0.3131696462109656,-0.24314628088689275,0.4632744961530528,-0.3077562897268479,-0.10903151390903926,0.49825923202789507,-0.3952548749467132,-0.27002899079509657,0.35095026116234457,-0.31178642021240494,-0.24349591903749845,0.276668649416039,-0.2472123728203193,-0.17784322358210308
31,v,0.0,0.0,0.0,-0.1752316010509214,-0.13184409060193403,-0.2264763572730708,-0.1879262838667368,-0.3157588661327485,-0.29191017981001893,0.040163194730714766,-0.4461155877453519,-0.34565774649942077,0.3210215671112206,-0.5265273600419899,-0.3875834285636964,-0.15474398974266207,-0.5172612435354543,-0.10386643886041282,-0.2388786763922179,-0.7319580160777758,-0.23407203285469735,-0.27805328638310656,-0.8694667751971544,-0.31872788890577103,-0.2685426779841003,-0.9820084053664938,-0.3716135715582017,0.16031689027374352,-0.501832045491688,-0.08383505031445516,0.247376941349427,-0.742225264888616,-0.23490395865340197,0.32834370207491964,-0.8864552123037137,-0.3244428219270731,0.4226615911270931,-0.999998754359766,-0.36225991908409155,0.42063326619225944,-0.43538912777297784,-0.09406824807938448,0.4980510708108284,-0.5404033329443996,-0.38089992008438445,0.32489260212173915,-0.39827840652393576,-0.43165971863201286,0.2091504520590701,-0.289034781171951,-0.37807196633633805,0.6342804238290667,-0.34655251975741,-0.1147850658964636,0.6607816224669983,-0.4383911882589057,-0.3624984341780977,0.48534075922387265,-0.3395295959466587,-0.3627631580902156,0.3488399630356153,-0.25163605990745375,-0.3006738368928389
31,v,0.0,0.0,0.0,-0.2259487869954707,-0.11356863452335092,-0.07976413098254678,-0.3506699624206453,-0.2820239712980238,-0.14907894849519063,-0.3161001923652549,-0.41643797114316194,-0.23719080145435953,-0.16042254586727023,-0.47927907759247496,-0.3168520746570103,-0.11502490363160349,-0.4975219220814719,-0.04604623669971972,-0.2516125956568396,-0.6933425105535281,-0.20257053147963353,-0.3559204765857169,-0.8136709522395016,-0.299053284720806,-0.441294807099211,-0.9018196387440616,-0.34569704991522676,0.06815334501802606,-0.48788889317753603,-0.1013105494815634,0.10824474054863113,-0.7284640245467877,-0.25622834764023966,0.06087618557328674,-0.8849218445243091,-0.3358612415708705,0.02904034694939655,-0.999998622920675,-0.35488565490491203,0.2219055512758242,-0.42604350313856076,-0.17482707416937954,0.027481477436154925,-0.5411898446095093,-0.36573741245946984,-0.1380661228209663,-0.43184814157089724,-0.36836102793552583,-0.1828911316763082,-0.3346001945093164,-0.3029687829362411,0.33045907800331037,-0.33584781543398323,-0.2563497649595037,0.06751180520571053,-0.4105295011009765,-0.37711780834069325,-0.062191769006218325,-0.3276006307203155,-0.34221926554755594,-0.07854081521992741,-0.24762386127232333,-0.27438853724297746
31,v,0.0,0.0,0.0,-0.2855798704726276,-0.06756175692580063,-0.12202039885853881,-0.45017682485088334,-0.22593387151338465,-0.20597496419622596,-0.3557186954169375,-0.3720627299904445,-0.30223520829081496,-0.14796507549082813,-0.4626998618584992,-0.3890262083327169,-0.30519143754763955,-0.46002878619988735,-0.09001818231343188,-0.37887077115341755,-0.6677648632776764,-0.20492325863929653,-0.417678619669884,-0.7986391137954216,-0.2708779175904909,-0.4305572336927831,-0.9108772346720052,-0.3147968710317282,-0.09515205528611681,-0.4721680439001893,-0.13189837947696872,0.034706873384780505,-0.7195823071733354,-0.2678125015152063,0.09221964625476807,-0.872789036274081,-0.3391116128074511,0.15519375167608418,-0.9999986801786748,-0.3638393588597751,0.06976668842422208,-0.42865375598253974,-0.19182337265849084,0.023090243096211722,-0.6038923358866608,-0.3993313730412445,-0.13400187290383406,-0.49026353127640976,-0.40461967646754754,-0.19405438607247433,-0.3908499405293608,-0.3394408755502537,0.20986843782475056,-0.35131370980393256,-0.25980362091771025,0.09689768669521726,-0.49687726376067715,-0.4201937924019889,-0.03501033319373071,-0.4157165740198446,-0.3991609006093598,-0.08156075321676681,-0.32336323238067965,-0.3386702882375974
31,v,0.0,0.0,0.0,0.13365971717555158,-0.15384076480394288,-0.04840945415855175,0.18093099243621877,-0.34346335532067024,-0.06559529213726441,0.05150975014646283,-0.44755199056801925,-0.09038251735264277,-0.10122120866586301,-0.4467024792144418,-0.11610871539600826,0.18313291449259578,-0.4804230335839404,-0.027029632644682274,0.2486890983466635,-0.7063929746626638,-0.07563159612821095,0.2871196747147412,-0.8437191660980036,-0.10510278722501479,0.3183874101634661,-0.9528326882474097,-0.12377325132804481,0.06300662314579446,-0.48950120395000835,-0.04904579794485732,0.041100649703064665,-0.7256669397023044,-0.10825490119524557,0.035202322662440395,-0.8698113343748355,-0.1510211187158901,0.03103113267701178,-0.9999973501096081,-0.17205651478723386,-0.043849537980030835,-0.44969357733815163,-0.07888897108620781,-0.10536910164940398,-0.5427408552027382,-0.1723858712156149,-0.06976101628967986,-0.42714492253487396,-0.20624344354536797,-0.02967658970624288,-0.35249137790301394,-0.19801146767159183,-0.13656244463786396,-0.3806627443686519,-0.11204406970777171,-0.17922478319627813,-0.44161330838175233,-0.17109547397292477,-0.1359331096953466,-0.3687176212584245,-0.17184998094253334,-0.09613780285397966,-0.31095211278135954,-0.15683931789027625
31,v,0.0,0.0,0.0,0.09692733580690768,-0.1397104378954884,-0.05781641019061715,0.11241794011839182,-0.3283631292254938,-0.07859990352270896,-0.01695968177901375,-0.4196634184597118,-0.1065390787416025,-0.1580367901305462,-0.43493782304405837,-0.13181813213183974,0.12407484275241605,-0.5190366865560208,-0.01722973788165093,0.16605078203941337,-0.7323452167474308,-0.06261810176138694,0.18113278752115114,-0.8683308890671871,-0.09382394888022344,0.18722857774503132,-0.980317233806457,-0.11582106500373807,-0.006528189678155255,-0.5067075770940919,-0.0395785062223889,-0.05024826446101903,-0.7378506871569875,-0.10129418496687714,-0.07212103840287437,-0.8794476461764349,-0.14674570693969308,-0.09877027605757425,-0.9999978415771965,-0.1690997037791134,-0.11382166235748592,-0.44393002062105424,-0.07200544197044378,-0.15893516721748546,-0.5219561869475304,-0.17988786753633781,-0.09778454424601353,-0.40640949391981324,-0.21513664070781954,-0.057142469148818015,-0.33636020339314193,-0.20507108320908948,-0.20168919394853385,-0.3597256624490189,-0.10857628354923288,-0.21019270681054492,-0.40337793761498203,-0.18914430029011117,-0.15874887908603935,-0.3220926938783829,-0.1962092422958973,-0.12063726065832803,-0.2648688523240817,-0.18250821980792695
31,v,0.0,0.0,0.0,-0.2554095013455572,-0.08505228408323111,-0.08851096821693309,-0.4156804260747554,-0.2651704814040849,-0.15058420035166026,-0.4082455662583018,-0.4223172376966292,-0.23201513612138397,-0.26761119478303647,-0.5146117723456183,-0.29934801592943916,-0.16336868633944826,-0.45984294383702157,-0.0067089617543372275,-0.27836198477045165,-0.6559164846776353,-0.12762359861189163,-0.37295485004521484,-0.7920821252698089,-0.19946415045075908,-0.440638891577703,-0.8905187896068566,-0.23911284053686888,-0.0057096732995698144,-0.46203132036298905,-0.05305130630282492,0.025702361860949235,-0.7078578200914903,-0.19626966045696725,-0.0001290455215985334,-0.880632867790293,-0.2779654004918032,-0.010097667095176772,-0.999998503266789,-0.30349277252170126,0.12925512578311396,-0.4274721892172155,-0.119126020154123,-0.05817606741882974,-0.5830071031582345,-0.306751406124224,-0.19689692531458108,-0.46055922900322593,-0.3157294148586525,-0.22104115059932625,-0.3449222195725031,-0.25588113069718654,0.2483658818574619,-0.3659852321196263,-0.19461078094591,-0.025119002949277745,-0.4839652229079311,-0.3373620922368628,-0.15072414328619632,-0.3958375248834167,-0.3273372000357365,-0.17233706015072942,-0.2990799689354232,-0.27469641826812213
31,v,0.0,0.0,0.0,0.13175227101564124,-0.11060568085695555,-0.062237634707389945,0.16549196422751453,-0.2881807188310185,-0.09279971009915249,0.01471246984078576,-0.3807199840828033,-0.128077565245783,-0.13517627438571173,-0.39263710577049393,-0.16242374118772596,0.1251653654938528,-0.49409281614872164,-0.059035313507260226,0.17119358507604004,-0.7171723806809117,-0.12120583332357479,0.18972804511068392,-0.8593875812038186,-0.15786920494363857,0.19843779545723217,-0.9755797350361252,-0.18058122236411686,-0.013321379191722837,-0.48005409179240033,-0.0820864783683823,-0.04797741098008843,-0.7215514778987048,-0.15603426085571825,-0.06813561750678968,-0.8762575520253681,-0.2029639286677993,-0.09583259379706606,-0.9999979160078316,-0.22427116066789052,-0.12637572242612077,-0.41466016129392536,-0.11248564110206566,-0.13092449817115911,-0.5021247218955792,-0.22096901281409206,-0.07086587667871602,-0.39509384216277593,-0.24182725195434143,-0.0452223086855786,-0.31846336731978525,-0.22105293598756945,-0.21877462403530878,-0.31898196750371577,-0.14675661225386286,-0.19269033904754013,-0.379242066720311,-0.2160997142068718,-0.13513528323344895,-0.3114867974202747,-0.2034272373770299,-0.10955854324006115,-0.25818749272034947,-0.17514927361123522
31,v,0.0,0.0,0.0,0.14623174288959917,-0.13848862931224964,-0.04968864995479962,0.204268291248993,-0.3267964565841517,-0.07374255867589452,0.08726462527658646,-0.44095592585408155,-0.10649874751940169,-0.05763683665236331,-0.4641999573686244,-0.1396956311448012,0.0789666286021111,-0.506026604506494,-0.043142026966406434,0.12495000204092627,-0.7150758272834531,-0.09794171103172729,0.14210332695075187,-0.8534695786254275,-0.13514969475087374,0.14550760973582108,-0.9668069761916177,-0.15954534588687835,-0.05584823388369078,-0.4781303388397939,-0.07090099694124148,-0.10469034177849257,-0.7246461069335225,-0.14412122937118807,-0.13100291048651777,-0.8797798518986879,-0.19451844649753242,-0.16782612195322744,-0.999997432599676,-0.2195335780906668,-0.16485781874447133,-0.4063778026162557,-0.10364083559420577,-0.14427037039763513,-0.5106685857167022,-0.21686347098647132,-0.05648712989320548,-0.40282186810773046,-0.2419768663161589,-0.015034944679954447,-0.3128969869678138,-0.22421781442916885,-0.25302240747781374,-0.31297151208317514,-0.1379311878270274,-0.20185578931126863,-0.4112343304624734,-0.21773954279305108,-0.11770346751767857,-0.3358107819342051,-0.20953131674649944,-0.07172193042667518,-0.2552439292431131,-0.1830818253547585
31,v,0.0,0.0,0.0,-0.25750002407953265,-0.0455246365592221,-0.2761034570248561,-0.35928965282310615,-0.1872423763342027,-0.3840357407216518,-0.16080860622427212,-0.32279379771599775,-0.4622126717237029,0.05091006143361875,-0.4265376525392895,-0.5217351275155107,-0.3921146253235367,-0.44782832441087367,-0.22275008442677938,-0.47116974642828074,-0.6716288451821225,-0.38099551725117803,-0.5040523324930206,-0.812971263283046,-0.4697868834770416,-0.5186289301927499,-0.9319998706752093,-0.516457448544727,-0.13496918691396956,-0.45867130292684033,-0.18589925739080573,-0.13435027818008408,-0.7025850158079258,-0.34933163900337966,-0.12042365256154602,-0.8654635631465133,-0.4286544171962309,-0.09519354650088264,-0.9999986357160014,-0.4476494101207226,0.08692500388112935,-0.404933582394102,-0.1813989142910501,0.09459561772407804,-0.4743361749118921,-0.44581394848796796,0.02700860467041362,-0.3282185803393368,-0.4836779732768032,-0.0008075657122870311,-0.22789445852022583,-0.420776687265356,0.26890271207064503,-0.3196134639119956,-0.19446967150541727,0.26518047735971695,-0.3880628507828792,-0.4174110711659711,0.1753213695584647,-0.276983573523954,-0.41983181667891767,0.11794216275426064,-0.18954366620004934,-0.35850292966008335
31,v,0.0,0.0,0.0,-0.2517560646231925,-0.05713317835118972,-0.12114545044108185,-0.4442691311756304,-0.22289726676946464,-0.20758109539410305,-0.40998198998186786,-0.37294134914041677,-0.2984695626722112,-0.2596153460325847,-0.46391868772586564,-0.37821445649735225,-0.263673659581657,-0.46455533191486476,-0.1702870664671572,-0.3604348267365038,-0.694042831199555,-0.34134294400024423,-0.4220466138476813,-0.8482235673686791,-0.43769247531540595,-0.4621121715038227,-0.9681859412040735,-0.4920710715975033,-0.017149749419061267,-0.4586265490791419,-0.21355446046139473,-0.0022182873644035115,-0.7055242554331816,-0.39191114633563023,0.00043553931235223563,-0.8675193074225487,-0.481790774314955,0.010319535058435853,-0.9999984866651921,-0.5066946749645649,0.19516292435071309,-0.3923163314612225,-0.2667897265852871,-0.03013587470663929,-0.4900176718070494,-0.4985323606630017,-0.20504448464863817,-0.35411145619820567,-0.48375825561992075,-0.2720493011015515,-0.242613482437817,-0.39502346867867705,0.3487895509628775,-0.28563810960658453,-0.32889083582231793,0.06222768488993714,-0.31801116895130194,-0.5127282722728885,-0.10193464535517949,-0.2310994051585091,-0.48110695459310715,-0.15431008552687767,-0.15392230805896792,-0.39868029408872485
31,v,0.0,0.0,0.0,0.15026228248535567,-0.0944925977149936,-0.061948432813280545,0.21171568332505367,-0.25982043566393637,-0.09245882351277192,0.06782224156206092,-0.35906779204688966,-0.1279152187782264,-0.07458359157931314,-0.3942955815637991,-0.16230795239881507,0.15195365385979387,-0.4905717357331272,-0.059742515318889994,0.21683050984863605,-0.7071412285066737,-0.11889323645054327,0.24809795445665705,-0.8450199551591002,-0.15305101053822562,0.2720070542943868,-0.9582894411100203,-0.17644832458886142,0.013919786463151701,-0.48387948437550105,-0.08417944600580149,-0.009144229941800792,-0.7247201523572061,-0.16441434734669305,-0.017334729749518,-0.8762304666472202,-0.21662963681468286,-0.03255325784133021,-0.999998652779619,-0.2424516975111485,-0.10169491843455448,-0.42434326017563173,-0.1151109982552523,-0.08752897050587839,-0.5066195681913407,-0.2356875971986119,-0.039342191112018296,-0.390878711063219,-0.2617593525866607,-0.025998360646737648,-0.31122734910737854,-0.24403241466947428,-0.19706275245471302,-0.3345291355659659,-0.14900442279326695,-0.16203832418766184,-0.3806708194765524,-0.23161324552388485,-0.1213995194126775,-0.3147531072110417,-0.2269057638296089,-0.11653884426354781,-0.27125403549061744,-0.20387659788169035
31,v,0.0,0.0,0.0,0.12731527797906309,-0.10412417065308316,-0.06708235176982487,0.15541905348934715,-0.29073116011729544,-0.09638928637383408,-0.009532939240937103,-0.3744918046227401,-0.1255861053166854,-0.16135333686259148,-0.36725872114353103,-0.1550558220990154,0.11539609605896842,-0.4763179173208081,-0.0660918985639062,0.1615575492661203,-0.7013922543351546,-0.12577547429043176,0.17903527295648794,-0.8507802655720234,-0.16301660241842889,0.19101475054787284,-0.972919796317812,-0.18693443853484482,-0.019548243852195946,-0.46323882738771305,-0.0881638481623755,-0.04523982373000713,-0.7158583751959648,-0.14687917820564603,-0.05716301614199956,-0.871383499281366,-0.18759242426732092,-0.07947412013087686,-0.9999984532209463,-0.20855179657182446,-0.13363728833336402,-0.39878930063880913,-0.11802836790859315,-0.13603517065854667,-0.5144144557120292,-0.22175422065517714,-0.07449958895660984,-0.3889441422987523,-0.23990967137865546,-0.04876417025357158,-0.2998181971958546,-0.21815019441615002,-0.23399247245712038,-0.2994356792445043,-0.15175323964323337,-0.217814793508134,-0.3952444867772838,-0.22322595593762906,-0.15910697737497073,-0.31782014288462623,-0.20517136678049858,-0.1408183737107265,-0.25237914878242723,-0.17320488830378294
31,v,0.0,0.0,0.0,-0.2430838077445465,-0.0868616865865318,-0.11751893794876002,-0.37482084977764935,-0.24601543932610087,-0.18234517757895613,-0.2594145781042412,-0.3797607091744213,-0.2537115323792753,-0.08186925114164856,-0.46267136481960025,-0.31783415200043413,-0.33865347614227653,-0.44785282042798324,-0.08902470439672343,-0.46719896006383654,-0.6682904554045219,-0.22660545972111273,-0.5319212567730739,-0.8042987106045543,-0.3053881017798395,-0.5652626678224643,-0.9120048803553472,-0.34614328943365474,-0.12714018227604576,-0.46254479832175927,-0.1178611345484142,-0.16190668483175638,-0.7160521029754278,-0.25844474280043,-0.20036835315086243,-0.8788478916095495,-0.3283599949807391,-0.20561303547825718,-0.9999987611239949,-0.34620967407867165,0.07502823593775088,-0.4205041927501106,-0.16503887046139853,-0.04009255960925517,-0.5224655431315736,-0.3623744089830598,-0.11280744943010886,-0.38587186249695365,-0.3761323866738362,-0.1016907166506654,-0.2756169358969899,-0.31882973706877765,0.2543107139281782,-0.3401816521474217,-0.2198878911582685,0.10402953852121202,-0.42206057669118063,-0.36813355384864477,0.028026135039419257,-0.322940622033418,-0.34428728847683804,0.03475874906546948,-0.23262759849088332,-0.2809687980971399
31,v,0.0,0.0,0.0,0.11564757659886399,-0.11516961966239268,-0.0511780388103038,0.1414913865001515,-0.30564857104940374,-0.0730473016605892,-0.004522433142407087,-0.4097838201139421,-0.10216185098405632,-0.15383074834250912,-0.43053909852293964,-0.12919667562723952,0.11626494023725406,-0.5020309415401888,-0.028208032196602128,0.17107538228616245,-0.7244132537009653,-0.07338205215929855,0.19000105674129125,-0.857565060950474,-0.09960963538074764,0.20237897655884446,-0.964618569433329,-0.11771163144208298,-0.010207024836064678,-0.4897731805823324,-0.05303922806836904,-0.04419653402386541,-0.7394591175518216,-0.11544554840591635,-0.055711228606749076,-0.8834449060515203,-0.1586895634027974,-0.07148318460278681,-0.9999979098692137,-0.17952982196956652,-0.11171977097053941,-0.4312908233123748,-0.08537995946081366,-0.13695848851148779,-0.5294832855181736,-0.19336068913918894,-0.08446482638414556,-0.4119861096342005,-0.22210849387669335,-0.05305216100553873,-0.3340978162148363,-0.2080891193202605,-0.1963751447636079,-0.3486316812335114,-0.12049477443399238,-0.1925010337631001,-0.39399355063695524,-0.2030375573890022,-0.13989038960438904,-0.31367467209298394,-0.20800172539586728,-0.10719715095587773,-0.25487693674804207,-0.1917055460076611
31,v,0.0,0.0,0.0,-0.22853548247433242,-0.11724606784969108,-0.17226886496613866,-0.37079789851017986,-0.30900494578752774,-0.24104796207440374,-0.24485954668251905,-0.46894162909137865,-0.3154296768871338,-0.020068200440674987,-0.5666960622439623,-0.3762782366902729,-0.29033130535228935,-0.49911307440291597,-0.034073862030369766,-0.42443189429513667,-0.706497376018057,-0.19065260107821982,-0.5007246852439353,-0.8267463718114569,-0.2924953095392866,-0.5448703576133979,-0.9276263668162275,-0.3488847662410875,-0.02636315924424936,-0.4938718726183909,-0.051636628890058975,0.013426362867405783,-0.7429089862591679,-0.22496689192377575,-0.008929835922872484,-0.886493388373459,-0.3214613641722949,-0.01048732383528693,-0.9999987492671297,-0.351628001041828,0.2058848877542186,-0.43128377505207555,-0.09968310324195914,0.16122273652886823,-0.5603265166772072,-0.3691198457116275,-0.012176913441210776,-0.42200825315132323,-0.3820100113834541,-0.07766834083468391,-0.31771441342258205,-0.3007180808390835,0.39531230499069353,-0.33618047080726915,-0.1590926156324372,0.271022279627107,-0.4419886342946201,-0.3564828501025311,0.11474291967646019,-0.34794520012691477,-0.32214002544027615,0.06107183552100626,-0.2631854137542014,-0.23994030577521488
31,v,0.0,0.0,0.0,0.13710249412799602,-0.12866949641856834,-0.05681122630441867,0.16761081354835627,-0.32994096710637955,-0.0789605273690506,0.005500505423319018,-0.43362165728211266,-0.1062209582369422,-0.15805264418190684,-0.4362957424269898,-0.1334058564953579,0.0996747513568357,-0.5018278152913018,-0.03421064469609748,0.1386221859247589,-0.7285294763074042,-0.07665056634318002,0.14969644216907005,-0.865579589871367,-0.10179658255309401,0.15843285388601017,-0.9776910929571938,-0.11979237184506217,-0.03213217152537264,-0.481527369939346,-0.05460798248476823,-0.08068507636532685,-0.7334188387370136,-0.1152792045507797,-0.1044957295672903,-0.881865630307006,-0.1599890473621879,-0.13484412167640006,-0.9999981672574828,-0.18290692328129046,-0.13527474562513594,-0.4195918044987355,-0.0814412168078792,-0.16644003420523681,-0.5174416475918454,-0.19128957502106478,-0.10061716454956642,-0.3995187967574515,-0.22226854118296102,-0.06667991181442418,-0.3150210816943049,-0.20884058696111132,-0.2207010004052422,-0.337524951794606,-0.11038074106644441,-0.22075460991890078,-0.4077714392818556,-0.19400447494850062,-0.1591143474182752,-0.3198556056606304,-0.19472331489438163,-0.12649578494116576,-0.2478890256577047,-0.17532775880659468
31,v,0.0,0.0,0.0,0.13410404385196917,-0.09751573805454575,-0.07084935731753893,0.1855543525471988,-0.28113673162068825,-0.10586462236590934,0.038804590540178825,-0.3933837424495333,-0.14256811258951005,-0.10403356567429556,-0.4300284989927589,-0.1791764311250724,0.1354925819796319,-0.4842859277576065,-0.05675215232589908,0.19506610555819703,-0.6989461346213497,-0.1169361039490356,0.23098510632958608,-0.8367211767978497,-0.1553473774756577,0.2550405559322285,-0.9526351932864314,-0.18325519516595454,0.004759533153949193,-0.46942598048919926,-0.08214337066593624,-0.01864202864315106,-0.7272137665191337,-0.15978763580574729,-0.026128591382827967,-0.8706890294876145,-0.21103588008419263,-0.05238198318897355,-0.9999986735485215,-0.23566168778237723,-0.10746233574609317,-0.39999765097801715,-0.11571182839945032,-0.11248311172471592,-0.522638003110672,-0.2501831677639788,-0.057751484835729464,-0.3636296137769592,-0.2717266184754251,-0.03473928691872641,-0.2661470820434736,-0.24561391868910448,-0.20720487387839667,-0.2960217812865636,-0.15192719558630094,-0.20052720130721044,-0.38477729653210385,-0.26111352248259956,-0.13999188035793972,-0.28258405284289434,-0.25790513960117123,-0.11420306079595903,-0.2112231154460133,-0.22991371313820513
31,v,0.0,0.0,0.0,-0.2582553140350722,-0.09784363367683183,-0.11740688241843467,-0.3859650816733895,-0.2807166943898913,-0.19880270488173113,-0.2610794671914439,-0.4388465483790355,-0.2955304694875559,-0.012800467292708295,-0.5071465830607842,-0.3846512214325929,-0.20026556533082188,-0.46130434291503564,-0.09297366973142071,-0.2873680108444969,-0.7020177935421693,-0.24369094736705396,-0.33900780285678134,-0.8395681803836205,-0.3197288770964835,-0.3701188198758349,-0.9533054086664176,-0.3527877486434712,0.04106192845996714,-0.44896293592208,-0.14207443780163462,0.13128588587376097,-0.7115589780011873,-0.30402383994220505,0.14385044403364128,-0.8716925120554581,-0.38060883351429736,0.15981005545133706,-0.999998733472487,-0.39314153450488054,0.25165163235256716,-0.3920670884303878,-0.21126385935051026,0.08811074002011252,-0.5021247759139094,-0.4581128724496957,-0.0684454301984933,-0.37009017107074427,-0.47286123201579944,-0.09739068814180207,-0.2660293314891715,-0.39150323050467795,0.4155037737585097,-0.3086462974618183,-0.28577447560855007,0.22309394480539885,-0.42195024559489813,-0.45130880011340124,0.06175376384580877,-0.3190944676092721,-0.4085845237944137,0.018900888740333997,-0.2206147474194135,-0.32324754673990086
31,v,0.0,0.0,0.0,0.12991050213892277,-0.15480519125249817,-0.05990422465174286,0.16793532019314802,-0.34961082303726765,-0.08852634047297119,0.031121188723782483,-0.45352703147373546,-0.12083208373229747,-0.11090576265557939,-0.45043581535793503,-0.1530856107227627,0.030418710511428176,-0.5211315899463957,-0.05260981013006287,0.046880931239139084,-0.7453857999519198,-0.10323961273869692,0.05518990697109229,-0.8848769921735475,-0.13879517080441586,0.05847039182804517,-0.9999978190916536,-0.16292747151945658,-0.09152014582912013,-0.48194269113872257,-0.0748497565387639,-0.14750976522848847,-0.7273628920633047,-0.13319542891087538,-0.17095582051555083,-0.8809335467534919,-0.17490065303232516,-0.2048085367515837,-0.9970469296283766,-0.1981945523705421,-0.1902794310305199,-0.4005467330617843,-0.10332903116954872,-0.1761006544697623,-0.5343624628941838,-0.19879435294078254,-0.08894109924638335,-0.4397236725808682,-0.21419606425399687,-0.05473337412842235,-0.3524663631724984,-0.19569337115590307,-0.2722906425084709,-0.2973215635181506,-0.1355958011222426,-0.23644722469138812,-0.4144036487687689,-0.20201117408483746,-0.16347736537921784,-0.3505800453820703,-0.18685583061617614,-0.1388828284107805,-0.2785755086466845,-0.15912284159181733
31,v,0.0,0.0,0.0,0.14314221574966543,-0.07872539488120024,-0.06031935000084781,0.21210581237726486,-0.25588135020778907,-0.08220851464916688,0.0804551275462491,-0.400757616456788,-0.10913045893280035,-0.050895522806245486,-0.4637304517826054,-0.13626692669973595,0.17468248258155022,-0.45953516698572794,-0.03331557656954214,0.22759710170523567,-0.6957176221147866,-0.09037617948574567,0.25376050976336906,-0.8461741253829802,-0.12286256769088003,0.2703513892210648,-0.9642367507331402,-0.13933117268214693,0.04257226467371056,-0.4619790061865522,-0.05065009984977541,0.02856127744999776,-0.7140999352643942,-0.12633035241506113,0.02472734312869565,-0.8751988274610838,-0.1764638324743334,0.013060183612966719,-0.9999981543633517,-0.19482125619701385,-0.06765492156062193,-0.41609379377606365,-0.07608449865587248,-0.07901710996563804,-0.49197502846378605,-0.20257333635923233,-0.03458215358325513,-0.3532901515490924,-0.23713245690928142,-0.002861761556166655,-0.25414948612772714,-0.21581425021424516,-0.16310576381769964,-0.3430787209851801,-0.101827729184069,-0.1392927702274938,-0.4113336152453922,-0.1945824002049009,-0.09385276228451532,-0.30396354270739134,-0.190962349942397,-0.06640994142487454,-0.21800981821248147,-0.1606698822145027
31,v,0.0,0.0,0.0,0.17151750494143786,-0.0620523173317101,-0.04733467795011345,0.2526277499348702,-0.238912200983183,-0.07189761080914833,0.15193289396412582,-0.3914821868890152,-0.10566846225168722,0.03974326138789542,-0.4695073436522034,-0.1422664992796277,0.24259989180674307,-0.4456738157982669,-0.044337094428866,0.33341579180518194,-0.6517777838742291,-0.10438452818677325,0.3836471252269707,-0.7838636595122215,-0.14365821923189712,0.4210392381250593,-0.8920241246823766,-0.1711768218442681,0.11774375239418527,-0.4621181876213608,-0.07734592680949852,0.15042470572468367,-0.7283670946070603,-0.1454120373004523,0.1632808505880739,-0.8732421118077773,-0.18755852822978739,0.1576662409377254,-0.9999982085596048,-0.2084642520955201,0.0031838046469217893,-0.42317586927456813,-0.11741344012662053,-0.005458499968160508,-0.5549201615518768,-0.23228040180255094,0.02432951244611385,-0.40656225405457413,-0.2540426734405762,0.04064809958684284,-0.2998460170009948,-0.23626189275643955,-0.1035499440262737,-0.3510354709277582,-0.15956445578084122,-0.09651379662013253,-0.4316386797885847,-0.25131676027425814,-0.05575000288783777,-0.3230370606157212,-0.2507346057001891,-0.03506563016518009,-0.23650584818031786,-0.23074124789427533
31,v,0.0,0.0,0.0,-0.23533146741897082,-0.10221591551088684,-0.10011954084987337,-0.3789704898297318,-0.2527859323138003,-0.17494730857269256,-0.4072383238981535,-0.38507436242803994,-0.2662207653756217,-0.28055288612415324,-0.46009745294834103,-0.3448843938371336,-0.17360471954516052,-0.48393145750380934,-0.04465285647353081,-0.2122488435540319,-0.6970034830278401,-0.182977855537147,-0.24550590169076625,-0.8326251649244858,-0.2633621819620268,-0.25782882643143645,-0.9346962316056253,-0.3059547532063179,-0.012695720521476956,-0.47985904652525174,-0.08226163095786783,-0.03473871331862086,-0.7162063452598082,-0.23477664934320872,-0.07185297960692492,-0.8768850253976682,-0.31722116191985533,-0.08161578269143678,-0.9999986510351906,-0.34316236919838916,0.12397741191450017,-0.4340685644881034,-0.14050063469661733,-0.11466161802731285,-0.5327601869623629,-0.32205992893978347,-0.2119614374247331,-0.4152719865396286,-0.33163247471461477,-0.20330528261567343,-0.3144597739816857,-0.27920260555330506,0.2146234316688958,-0.3599911120952839,-0.2102274662540769,-0.06156284316138185,-0.40700125102859486,-0.3317529207578906,-0.13783397339044662,-0.3152563420395856,-0.3209226666249606,-0.1089036458817235,-0.2380546093373066,-0.27605965128286375
31,v,0.0,0.0,0.0,0.12428386047558568,-0.11841369635170128,-0.027387476806996748,0.16549410105342335,-0.3128044837075758,-0.03896597792118903,0.04761072040017717,-0.42408262764171745,-0.06336126283564032,-0.07205281702448825,-0.43353316122315766,-0.08855573805522553,0.09677927231560507,-0.46266258941965377,-0.023232654548939025,0.16360138240405583,-0.6995196773146145,-0.07479332370625359,0.19515617703148122,-0.8454471346865159,-0.10102287943721165,0.219923210568654,-0.961605240257453,-0.11681482311930215,-0.01190714992599873,-0.4589227054776022,-0.056369541643684136,-0.03268041340690794,-0.72208724553779,-0.1261371212809147,-0.052333810579997704,-0.8764375652021289,-0.17035073508766801,-0.07650942784132078,-0.9999973916091994,-0.18992344218526724,-0.09697438993552918,-0.4164500305780245,-0.09365059143328694,-0.13963891753868174,-0.5431454204581065,-0.20190251744108062,-0.09172673652891664,-0.4152440326674656,-0.21970787479032136,-0.05172995652757916,-0.32170029245404447,-0.19686175867408084,-0.16685930250406372,-0.3508716981464605,-0.1313569645964803,-0.2016092064598242,-0.4484505640232367,-0.2021908600831936,-0.15028161200424792,-0.36568555645660367,-0.1915286344216091,-0.10899068135091973,-0.2930287299074898,-0.16509313145980037
31,v,0.0,0.0,0.0,0.14343365025616928,-0.10882710923264251,-0.02855623237970904,0.17416395370011137,-0.30689185233639493,-0.03526510790574834,0.05214769730706197,-0.40404606915517005,-0.05571635657319901,-0.08467078292881586,-0.4110984727676622,-0.07897374575285208,0.11223632823718023,-0.5031313318673931,0.00022513480466649215,0.1304504674966425,-0.7320689978733406,-0.029650563450805165,0.12427651346180135,-0.863872110127183,-0.05071517068170759,0.11462302629160843,-0.9768800685397451,-0.07044046224635829,-0.0018288726166367094,-0.4906547427158317,-0.03533341269101,-0.04475318122446748,-0.7366942157666998,-0.08211737853673831,-0.0675970185696948,-0.8770698443230345,-0.12301903065015568,-0.09322056640317472,-0.9999986080526719,-0.14948129746613192,-0.0909664488573493,-0.4333539944767804,-0.07687919876362997,-0.14598611542961398,-0.5524209982856262,-0.16657222552532633,-0.08964309128383946,-0.4223067526357376,-0.19644178237410997,-0.04549419675174268,-0.3276773731372377,-0.19249089566272592,-0.16656737264336038,-0.3501918333741089,-0.12023476737378694,-0.209389632424169,-0.42408787801664155,-0.19115380712915744,-0.15578081162711727,-0.3339588517898193,-0.19731631178340583,-0.10882922487905637,-0.25970480658744877,-0.1898827184670492
31,v,0.0,0.0,0.0,0.17310521515059407,-0.06530368710121277,-0.06248943939618272,0.2730533677278809,-0.2256782104206404,-0.09397667205919306,0.1455165845274191,-0.3266906571815414,-0.12812714600289082,-0.010136523664048151,-0.34882050903849876,-0.164942919913466,0.19278230543031574,-0.47632744594686677,-0.07959265028037793,0.2724259621520067,-0.688954890068069,-0.1272773650572092,0.31994580504251835,-0.8177902291729859,-0.15926817471906418,0.35857406117927604,-0.9355432785889801,-0.18728704280998063,0.05522037255715205,-0.4699720115340263,-0.10715917564414634,0.05606333468703696,-0.7154728548272952,-0.1739600958401315,0.056436730059161645,-0.863969634470761,-0.21903462941110874,0.0432542078435641,-0.9999987497186286,-0.24677871412993324,-0.06681500496304064,-0.4162663476159562,-0.13986420036877378,-0.012877911182056048,-0.5078566068747692,-0.2507972136808608,0.030327111760679336,-0.3763306673880788,-0.2791240090599958,0.03606110240380666,-0.2963607880855125,-0.2702483515070784,-0.16634273842210745,-0.3292657103076558,-0.175751469546375,-0.11710828007967589,-0.3747062987769219,-0.2595515671090449,-0.05902221634605791,-0.28545314205582023,-0.26124136654281943,-0.04504368122409378,-0.22708743235196016,-0.2475815644827408
31,v,0.0,0.0,0.0,-0.10003567939730793,-0.10839550026046073,-0.03400188035247232,-0.07542661044704238,-0.32679055151566605,-0.03726759206518379,0.0183519829325058,-0.43791856894254677,-0.0455070085711557,0.14026815466930564,-0.47005839302421537,-0.05476278270112461,0.050428866828815866,-0.42320958894073846,-0.01988831151476855,0.15061540156676506,-0.6289993190318869,-0.055272670219580114,0.19938909914287764,-0.7645264960861881,-0.06171700057115688,0.23691145047502504,-0.8600382273677459,-0.062298837200465876,0.1216275871822566,-0.4045591836526964,-0.044226803570388606,0.18037306464334443,-0.6780542907524126,-0.10034900557925976,0.1959878832713921,-0.8590835802039833,-0.13379509668145315,0.20311637561191567,-0.999998176233014,-0.14167149289553424,0.17765114621280087,-0.3451089717845631,-0.07386533957334142,0.1143714751912824,-0.48779013249798303,-0.18777941816500252,0.01985591637712611,-0.4068266609003534,-0.2252439520341317,-0.0384889560440783,-0.3280104388387979,-0.21447741642777593,0.2134928641498957,-0.2646394556312671,-0.10185339422599785,0.07235607513490161,-0.3591351757859624,-0.20483294724766168,-0.03705951268929725,-0.2947904133375997,-0.22353755555802565,-0.1037770875141812,-0.21909282854331646,-0.21230093883930415
31,v,0.0,0.0,0.0,-0.23191428071115508,-0.12769192592816941,-0.21140323272084544,-0.3153630904036099,-0.3178461498794821,-0.2804884642622916,-0.09524559543286236,-0.4522303143201072,-0.3473564992983554,0.19200521606572526,-0.5453855301207364,-0.39931543829419763,-0.21943225864943183,-0.5349292345268007,-0.05363690973974859,-0.31122550593361314,-0.7444828239992151,-0.20550242307973912,-0.36071443238221496,-0.8691514603843493,-0.3078090417278177,-0.37624921768925856,-0.9750260142466058,-0.36627232892685,0.10430943122031645,-0.524317320692193,-0.05502964211437704,0.20500228289783753,-0.7505059258822322,-0.20834823441672046,0.25335739854015954,-0.8890424661576259,-0.29801746715934074,0.3220374484456286,-0.9999987805507532,-0.32748715360715275,0.36550530818671023,-0.45493571671901356,-0.09272324560495966,0.3888612002434254,-0.5694508988926319,-0.37128383956065886,0.19594546119736375,-0.4349709358339751,-0.4043727767191059,0.11592679443522226,-0.3344952664559068,-0.3352581078177941,0.5734575052824364,-0.35346600948039764,-0.14292919890641098,0.5148420523725927,-0.4526819052258971,-0.36523257230246176,0.3316394791247488,-0.3645287873724036,-0.3442599434374325,0.25352675421543563,-0.2854330000132581,-0.26578955460575243
31,v,0.0,0.0,0.0,-0.19621606782230255,-0.14438057792312722,-0.1258879134135733,-0.22558339751042994,-0.3149440878220061,-0.21360623866160605,-0.12201007831765459,-0.4118782803343359,-0.3160310388257275,0.04578029308701833,-0.4766355165246421,-0.4082917985043336,0.06234750361631563,-0.5313247378473283,-0.0937785199665991,0.11791503234520655,-0.7597151300602668,-0.2382185456429976,0.15726627472979912,-0.8910157666647757,-0.32687064824511397,0.20618279320925245,-0.9999986619248065,-0.37832682100250403,0.2734158792802229,-0.4813720359561689,-0.13527469670706413,0.5317227975308123,-0.695425659857465,-0.2945304324215693,0.6533033526215778,-0.8398111826213808,-0.3921907189748605,0.757037339262235,-0.9575948975414508,-0.43371087221148813,0.4239830113183919,-0.39673574224063773,-0.1950060007075901,0.4167529362859577,-0.5718666899182713,-0.42582931440515304,0.1763851028615218,-0.4981043403634089,-0.45809934539169794,0.030591616438542503,-0.41775578190008883,-0.4112654024392202,0.5274822775325828,-0.2895577537462021,-0.26233642836214943,0.39743121017090843,-0.4030006960088282,-0.44291517492877946,0.2020800907091317,-0.34250040944904914,-0.4353098104071379,0.09878180834634927,-0.2643594033758623,-0.38096616965117913
31,v,0.0,0.0,0.0,0.14674287222543506,-0.10259780831405893,-0.04752268439809096,0.20678926897310962,-0.2762772505957786,-0.06976826495464744,0.06264596143116218,-0.3736583342360527,-0.10107549059838009,-0.08510991801454677,-0.37886399089426376,-0.134393011085221,0.13004194621274726,-0.48933853695834434,-0.039179892732669606,0.19570450947831244,-0.6971681284465735,-0.09245989185998944,0.2341272674403979,-0.8285192931938294,-0.12537760689003347,0.2580373028277903,-0.9374286373888483,-0.14643104776432292,-0.00133170930974515,-0.47684118650153196,-0.06969119236703196,-0.0046732567295840995,-0.725354320030431,-0.13682719407446162,0.0025899156442694173,-0.8757449547732468,-0.18361950027487403,-0.006022703243774443,-0.9999976193527184,-0.2053354789468048,-0.10707978703090607,-0.41227662713994206,-0.1061607648500216,-0.09813143833712357,-0.5080461793331436,-0.2153618239779484,-0.037397263749882156,-0.386109142268401,-0.24060543108155263,-0.009438605024647644,-0.2998681582007931,-0.22205029319057318,-0.2011684198332455,-0.32002599441103136,-0.1441707691960652,-0.18623653164310355,-0.39371414604632227,-0.21672501682558376,-0.12190340732511454,-0.3184675326796588,-0.20762831415382166,-0.08603125936224792,-0.2591188466060404,-0.1820077737185526
31,v,0.0,0.0,0.0,0.10453584159226373,-0.12705242517046797,-0.06621016884255693,0.1317774449989097,-0.3112032908486404,-0.0996563618358711,-0.028025554793850608,-0.3963998140147137,-0.13670234172492346,-0.16917884579749712,-0.4194782704040785,-0.1732953199228131,0.06536439601261658,-0.50588806866723,-0.05093565977629208,0.10666529988495194,-0.7271554854595366,-0.10970578096662716,0.12446278643517092,-0.876415636029048,-0.14499529356584476,0.13220240593166133,-0.991687901943408,-0.16826280363049415,-0.07200234818313035,-0.4718887614683411,-0.07524098527963097,-0.148621519322078,-0.7347248244429035,-0.14763022585998972,-0.18585084161454626,-0.8810693707234244,-0.1971775981660925,-0.2343348729306619,-0.9999982255695967,-0.21858581160619636,-0.17459114844855042,-0.37905420541003515,-0.10685235286189278,-0.189148122799024,-0.49660233384086666,-0.2321521711392521,-0.10273753130366843,-0.3766062908285179,-0.25566521301211026,-0.06372044871091799,-0.28955365718725173,-0.2312453480836492,-0.25661747944976215,-0.2578999904977121,-0.14006019940871267,-0.24689328552264256,-0.35742408526086467,-0.23646552989489578,-0.17935672888368956,-0.27883952269008766,-0.22579941238714665,-0.15042316118593008,-0.21095587407974156,-0.1922959281978992
31,v,0.0,0.0,0.0,-0.1074195766061674,-0.161742149230173,-0.014018386451155065,-0.1145313811870159,-0.36020906490897,-0.01790163506535451,-0.08354028898926652,-0.48218151940091364,-0.04089394880896593,-0.029906243258162744,-0.5538163064111298,-0.06080342693197635,0.02003233392044208,-0.4580701596193067,0.023462741188099847,0.14739012372816482,-0.6656784732239657,-0.023610539188311304,0.20926557645878224,-0.8094251101038533,-0.04574630825244614,0.25837613737842274,-0.9211344076445104,-0.05777189777249031,0.062277157498153615,-0.46269899196743247,-0.01382477070303156,0.047552955297279605,-0.7065574698336493,-0.0907581483198067,0.015309842229502584,-0.8668896537848131,-0.13379535646684684,-0.004297718119754591,-0.999997419797989,-0.14677228903136152,0.11713092777417683,-0.44014170059162694,-0.05908209047571877,0.004130546189313609,-0.575996961119364,-0.17043426851789156,-0.02832864467263966,-0.4481056667792588,-0.1832996057447556,-0.019229231969418337,-0.35323075180523533,-0.15546497950225305,0.17120574144699527,-0.3984980500370008,-0.10583309245615631,0.031047380078652244,-0.5286334775960525,-0.18486926481702293,-0.03118733082078775,-0.44307482207954824,-0.17613103268292823,-0.04209641427423817,-0.36137619258157033,-0.1461504886530136
31,v,0.0,0.0,0.0,0.16614208708411535,-0.07199187082598449,-0.0682586969927775,0.24347644398244933,-0.221358175165627,-0.10213387356019704,0.11170847973627021,-0.3142418792963004,-0.13778269652725383,-0.0385656206626071,-0.3344109672769062,-0.17449313233565572,0.1881346610619667,-0.4695954629794629,-0.07828375700112628,0.25611636556708567,-0.6838345739320675,-0.1339972780434614,0.294154538502634,-0.8139011416426465,-0.17088464300019743,0.3161571316343164,-0.9231901854854268,-0.19727368999151257,0.04869164546782404,-0.46976062721231365,-0.09999280125974534,0.029997498375433147,-0.7142090429703927,-0.17287632933751523,0.013831821377124966,-0.8664824579259819,-0.2196641268450741,-0.010167315863429623,-0.9999987265643336,-0.24278581012293898,-0.07071351788036306,-0.4138192890182612,-0.1276680286606124,-0.04624378402047271,-0.4824073041355179,-0.22859162934892546,0.003984283506802046,-0.36674846939064615,-0.250501279648289,0.02674332275272637,-0.3002782908657614,-0.2359766945058935,-0.16821229474444974,-0.3253777133633952,-0.16014784830036113,-0.13832542452590077,-0.36683940080193067,-0.22250844696854566,-0.09365032120410743,-0.3091746922462623,-0.21101139204477037,-0.07547785323505439,-0.28125229725405826,-0.18806737796637488
31,v,0.0,0.0,0.0,-0.15215632580214433,-0.03427198221179495,-0.08042600872973223,-0.279200951876329,-0.15175943327800212,-0.14166234340641748,-0.2928210290922355,-0.25340810830578014,-0.2021967009140683,-0.24618777170999753,-0.32235340431580567,-0.2665261792411874,-0.14744804446942186,-0.41823513209777374,-0.16649452093058925,-0.22862063667885305,-0.631019767152131,-0.25732579386504234,-0.3350211008942179,-0.7675954887433194,-0.3034963042251376,-0.4189221274315679,-0.8693452533260518,-0.33265998505890665,-0.02174530152703288,-0.4350032863599949,-0.20119211085073685,-0.04052581388096795,-0.7077344814972996,-0.3173407558624199,-0.12872024598022097,-0.8717779603506174,-0.38397960590379343,-0.2037204734023411,-0.9999983073839332,-0.4093958858377483,0.09081060355064942,-0.3870559656511296,-0.23364115177663314,-0.09464025321261581,-0.43975368834061507,-0.38196555794177467,-0.14456744614822967,-0.2748841907934959,-0.3864525167084481,-0.12871207407008994,-0.1715019610523637,-0.3428378973515603,0.1769235189854129,-0.28675959041836985,-0.2693106819525053,-0.02037090730832694,-0.26862975379764653,-0.38908581386039687,-0.09406483976283314,-0.15890753422373752,-0.3747484497549327,-0.09428068916684998,-0.09231948117928966,-0.3305851774317469
31,v,0.0,0.0,0.0,0.18323249955270832,-0.06392910919115309,-0.06526736720968832,0.2834723048625074,-0.21282165949080054,-0.10315788606318829,0.15257158356126072,-0.31953481020702873,-0.14421896197110498,0.0006424275127238773,-0.3423562030635495,-0.18711979112467605,0.19972258871600534,-0.46296443330461445,-0.08645078468224036,0.27789074261602326,-0.6693183169384785,-0.14314698750404398,0.3231566190777761,-0.7943818227508419,-0.17697644022313153,0.35783176056435706,-0.9056178480802503,-0.20233989559564788,0.05773686222382491,-0.4674508328289602,-0.11086801727869212,0.04670576881588889,-0.7041914868514657,-0.19285808340606683,0.04661527273720397,-0.858704586244046,-0.24099580887812183,0.03938068276220718,-0.9999987785420279,-0.264742857220097,-0.06274821908956864,-0.4179867537273944,-0.13960443550671445,-0.026601042031844904,-0.47278580600182746,-0.25182263086789997,0.02098846503916625,-0.33986730608372423,-0.27079945107510844,0.04067795096658959,-0.2633912759655205,-0.251791688926274,-0.1610688231683031,-0.33931814122328946,-0.1719911655940643,-0.12554372474639863,-0.3587883397902953,-0.23928916058488556,-0.08223323338627064,-0.28352283123306843,-0.22437392524464028,-0.06397661417212004,-0.24940821211961317,-0.1983530992217089
31,v,0.0,0.0,0.0,-0.23624270353696472,-0.12886409898416068,-0.16557695633996242,-0.33384521132722034,-0.32044283529451173,-0.2414985371648084,-0.12831575900927852,-0.4626717315027397,-0.32678584052436876,0.1350645266462513,-0.5587234694448605,-0.3979242678481097,-0.2333095866060372,-0.5395226302041873,-0.04059832907160207,-0.31981619350767226,-0.7533921536012349,-0.201712939503332,-0.3735156670644374,-0.8828456943822292,-0.30656916123074635,-0.40799638325907034,-0.9900368594741892,-0.3631065545953385,0.05280201432740877,-0.5198567532065779,-0.06870977340307034,0.19726290993598608,-0.7460451176932215,-0.22888828983985615,0.24847600737866551,-0.8876228625488933,-0.3185830912006307,0.305098180353882,-0.9999987288955855,-0.34536905386172734,0.28120639206798376,-0.4430356675317438,-0.12830164771893743,0.28076802314298643,-0.5764427868839679,-0.39262861061504056,0.1029711633743851,-0.4420733166701268,-0.41017465641027145,0.0339126776507049,-0.33327978663187724,-0.3323095465760072,0.46036268039193023,-0.3309453546724895,-0.1978290635610337,0.39935318150783977,-0.44905903536360303,-0.39841362576144496,0.2329281541219551,-0.36349951293257443,-0.36151426622475324,0.169791588599548,-0.2783185060821346,-0.27363249085346814
31,v,0.0,0.0,0.0,-0.20576636301554427,-0.13498280138597737,-0.1894691298337552,-0.281562864578692,-0.3290916088462883,-0.2962839375346522,-0.1502389155768955,-0.46890364145686725,-0.4092276735463161,0.10689668951523613,-0.548511716641673,-0.5067419603923772,-0.03877892924107098,-0.5274013392927536,-0.1042187461781123,-0.07623323004560041,-0.7528461222349181,-0.2869419981605705,-0.10269079936348961,-0.8841678551166811,-0.39743844989392335,-0.11863964210968922,-0.9909646663945479,-0.45480202919821205,0.23778509451252883,-0.49190696740400813,-0.12083489896489946,0.4466946799148175,-0.7307626007285544,-0.29802531116437936,0.5266554238566694,-0.8800292127452597,-0.39585954078802726,0.5881605494138026,-0.9999987179198454,-0.43361057242324147,0.4315743221804308,-0.4094937427644564,-0.16897351564480276,0.37184644847218695,-0.5606126108304932,-0.43150873540738494,0.14390994422414424,-0.4595095086351013,-0.47892078949253064,0.02690774735640693,-0.3674647970764087,-0.4325004109133847,0.5603091170128098,-0.3034068540766133,-0.23040986506296698,0.3769776069468621,-0.41506621479751554,-0.4335908565967371,0.14491514570414124,-0.35716144369747355,-0.44409962137739273,0.014449752170473546,-0.29035963842454665,-0.40155657405055234
31,v,0.0,0.0,0.0,-0.281689957836305,-0.09398095582472617,-0.15269032431775573,-0.4686336737103079,-0.25333220530587824,-0.2553990904820383,-0.4067693367962973,-0.39835359636517376,-0.36402699630856405,-0.23802328694521724,-0.49646203415988227,-0.45600223012987884,-0.32118565327193427,-0.4944142712206051,-0.1426767274384573,-0.4075706046627928,-0.7107481703866658,-0.31839355249433143,-0.4614445076715952,-0.8392285075029526,-0.4181823204290206,-0.49558925935113923,-0.9475041285475471,-0.47287624994500094,-0.07188609919719018,-0.48871836768276655,-0.1803697776815588,-0.03269884229596784,-0.7256910462455145,-0.3655935088112181,-0.009591890601345961,-0.8726486029325935,-0.46197860024677045,0.032268597101377305,-0.9999986074435105,-0.4948204149258158,0.1483977803764661,-0.4267256253831995,-0.23856926967648878,0.003944543721911061,-0.5072007749307387,-0.4783076234480831,-0.13491621092706346,-0.3725534931886802,-0.4815864429328545,-0.1825514548607595,-0.26973165641258495,-0.407440633057526,0.3233791276878399,-0.33127576838963596,-0.3102486295627064,0.11446024527419518,-0.3538426621391236,-0.4832855939656437,0.00022161756912447727,-0.2688698379780458,-0.46026650077174025,-0.023198877334249354,-0.20084104652330984,-0.39178679641652914
31,v,0.0,0.0,0.0,0.13855496620725163,-0.12613551709981108,-0.06276382935313002,0.19475415066793259,-0.31124639451405306,-0.09615695272960514,0.058605531687105104,-0.4160287384536515,-0.13430822534850417,-0.08771649200033652,-0.43159386388899357,-0.1743569719137201,0.06096068701835373,-0.46909307564117964,-0.06489902463718962,0.10457388463568655,-0.674927646389221,-0.13935363167579523,0.12571416842413555,-0.8232665815236024,-0.18950833721554006,0.1355899382017484,-0.9492874911273234,-0.21928362312037028,-0.07944096117672034,-0.4475908389015857,-0.09158192321317273,-0.12198766097789628,-0.6974944940642201,-0.17819540010193569,-0.14124680669523162,-0.8626696559542156,-0.23414617260974563,-0.16460770301350638,-0.9999972472516577,-0.2591689596596202,-0.19616849084874374,-0.3775161896995293,-0.12385997184892236,-0.1735231325268167,-0.48554150738318025,-0.2601142048779095,-0.08246292375794767,-0.37043497235342177,-0.28321682413851373,-0.03375317919208171,-0.27613351264466485,-0.25532804981302476,-0.29318090596787794,-0.27142631943732254,-0.15724323012059804,-0.24634147041837695,-0.36778685827590424,-0.2582186895958511,-0.14390140179793967,-0.28599156215087074,-0.2466247918364095,-0.08134556219978945,-0.19979310673439327,-0.21008163384768797
31,v,0.0,0.0,0.0,-0.21564195657307508,-0.10103978948164916,-0.10669316304429213,-0.34417194530331463,-0.2534708568882323,-0.18471705087569681,-0.26937930104054625,-0.38339581747744933,-0.2763170689216722,-0.1034698974291939,-0.462623192249209,-0.3582131294371843,-0.23663255520818738,-0.4875119017645768,-0.07247614623345441,-0.3386980786977651,-0.6927014663223089,-0.21527391604454998,-0.4046696331732054,-0.8164386207353698,-0.29906084631693874,-0.46250863531932135,-0.9192155683266112,-0.34045507334237546,-0.044007386885066134,-0.4883835736090567,-0.10809314522255736,-0.005472959387242316,-0.7344032403539018,-0.25571131641621303,-0.027638694390608187,-0.8824472062126241,-0.3280710279835255,-0.044496707450237795,-0.9999986163093182,-0.344996999941807,0.1298618264424719,-0.4355594680794156,-0.162590037599172,-0.028422242347697912,-0.5403511825822663,-0.36398782138597735,-0.13944650538413025,-0.4008299141621799,-0.37870496418929045,-0.15352191494665443,-0.2929005439065244,-0.3203818992204653,0.26977633276155355,-0.3509508866810328,-0.22503630668143904,0.07469858221918534,-0.4139806208464461,-0.3628627882106012,-0.024925781754377523,-0.31249101603318624,-0.3420732621421312,-0.03089041222695118,-0.2239782618867677,-0.28413481649838235
31,v,0.0,0.0,0.0,-0.22715813363477227,-0.08282255385858475,-0.17198732471729508,-0.32348713590915884,-0.2785643513917438,-0.25539608776090694,-0.15133697513442781,-0.4169524258113163,-0.3438539156960095,0.10817407425306978,-0.48315847475840445,-0.4226697996206487,-0.14881400327413707,-0.49718577808544,-0.1315377680901576,-0.18945058274593596,-0.7367520886065827,-0.28985977146708247,-0.23591115294507822,-0.8856589657467977,-0.3780762986341518,-0.2539379703508041,-0.9933179706737337,-0.4262609351300153,0.11685572532612322,-0.46862082192465865,-0.1547345862443398,0.2610535168255886,-0.7185218622089222,-0.31960744205561237,0.33085956997499244,-0.8825283171357143,-0.4131047810541787,0.39535476050713353,-0.999998722815646,-0.4457478895753377,0.3285727413381228,-0.38622350857091925,-0.19999246842506777,0.30404361141514585,-0.5158738269671929,-0.44818027135314253,0.11400975033979259,-0.39559014246935725,-0.4740797856205472,0.021924170231730516,-0.2849513328375948,-0.41378454924036134,0.4995513211301167,-0.27510190708779103,-0.2550342603138017,0.3417781109503687,-0.37893237720096373,-0.46104398694001325,0.15887627765472273,-0.2991870694804676,-0.44412708836003834,0.06821730103051342,-0.20882133066948136,-0.37419470391493254
31,v,0.0,0.0,0.0,-0.2364942842908105,-0.10091845323960498,-0.22256967371763794,-0.3826148403703336,-0.28475080438683337,-0.3190697416377016,-0.2627858733835877,-0.43554329473827536,-0.4104545700026851,-0.03700355324113681,-0.5472896149540346,-0.490523117980779,-0.3314812398726887,-0.49945959515246885,-0.09310860130569053,-0.4697051465013776,-0.7008443147645753,-0.24930867720813887,-0.548405082932314,-0.8251319474494889,-0.3454566327058928,-0.5768411875901784,-0.9284674445249415,-0.397173948589687,-0.02848416102907081,-0.49786887030066324,-0.0826901624507101,-0.0035817474827863874,-0.745594599267844,-0.24159583232125573,-0.0012361985550219834,-0.8884918774372226,-0.32297236858681805,0.033705647914049786,-0.999998763416994,-0.34551006962172814,0.23334979819173912,-0.4380800372655942,-0.10701991652446631,0.1797935521953452,-0.5550687400430764,-0.3790607873329007,0.031349927545753956,-0.397160626832041,-0.41748572568221315,-0.016620576064890723,-0.28063999458423133,-0.3549434542128515,0.4579700681065203,-0.34846094886503853,-0.14320960711090763,0.33032084803206213,-0.4477283119644666,-0.3532984816782116,0.1972446484914539,-0.3400961920314865,-0.340825605314372,0.1535127610448713,-0.24729425351159418,-0.27383483958737415
31,v,0.0,0.0,0.0,0.13863225712634147,-0.1450187076516447,-0.06478067609692807,0.17682736558267784,-0.34654379213612846,-0.09361989124629555,0.028335222584066306,-0.4318854118013843,-0.12845597225950303,-0.12675013844757643,-0.43703829617419976,-0.16201090989081626,0.06180174705015392,-0.5180457169327831,-0.042227668696002404,0.0980628158997871,-0.7363724858393511,-0.09841542236326421,0.11363352199801591,-0.8655447801302721,-0.13182011066418087,0.11762969872872557,-0.9765611792757791,-0.15456941457123072,-0.077056168732932,-0.4900610416152604,-0.0692729525156101,-0.12798323879091036,-0.736036275143431,-0.15003308037008226,-0.1594404695936649,-0.8752409082066845,-0.2002576455283688,-0.2049084375167571,-0.9999982633376024,-0.22190151961766366,-0.18576228386687263,-0.4179375330385274,-0.10520800024456317,-0.18165604678442743,-0.5185816044859785,-0.23122629428532807,-0.09820928700038038,-0.3836153689134263,-0.25331462794223597,-0.05524157558875834,-0.3069819996224542,-0.22903049581245863,-0.27419092430770675,-0.32050174801636844,-0.14434798316072942,-0.252842192073936,-0.38634697730463213,-0.2273051128283851,-0.17056720109463527,-0.3020282745411875,-0.21822910612715235,-0.12603429329128463,-0.2514211118587452,-0.19166152576872653
31,v,0.0,0.0,0.0,-0.2792320531820308,-0.12272310832962625,-0.15653826061395332,-0.4157152576450819,-0.28705718774588834,-0.2551906607363463,-0.2765026264896393,-0.4154633222088934,-0.3634078842938957,-0.050335784021590314,-0.4915797689527924,-0.4544220600554847,-0.25467016049553143,-0.5196724222613653,-0.1104930565657206,-0.32200033400755285,-0.7288590553204509,-0.28182778444662704,-0.3418511336165523,-0.8576267420291924,-0.3822700215374195,-0.3394472911542642,-0.9677116535923003,-0.43670759328198416,0.01768654475914986,-0.5007976185405754,-0.15466860093976378,0.11952374736432547,-0.7316898536626606,-0.3324844923906474,0.1981513431420685,-0.8762016131279271,-0.42405947842477637,0.28650982066856007,-0.9999986634702827,-0.4525666202944524,0.2471175543513421,-0.4219723779194542,-0.2244995871621998,0.19384681211945795,-0.5046893339330426,-0.4825145938689891,0.02104969363174026,-0.3832741389603623,-0.4987201964119356,-0.06541347261251347,-0.2873871534618386,-0.4239672282318574,0.42525785499748847,-0.3098588384092985,-0.3065031576165574,0.3121485232494338,-0.35507131119858826,-0.48368492857034695,0.14188844439374557,-0.2806344871381982,-0.4542201532213283,0.05095532612032152,-0.21553206018911483,-0.3790607026497398
31,v,0.0,0.0,0.0,0.1480409611060788,-0.10217117724192086,-0.04475066731499964,0.19590721762796592,-0.30121540032139,-0.060957343224950965,0.04404120611331697,-0.42303681634688517,-0.08478494544630998,-0.10558052953441685,-0.4617052310773144,-0.11038370901359917,0.13507816735877692,-0.4871929437151548,-0.028596587198837713,0.19925359003507082,-0.7007251131423163,-0.07110581982037763,0.23494584500168691,-0.8341315350138733,-0.096132078735049,0.2596938527111101,-0.9423545955728255,-0.11587979741476175,0.005676370895802366,-0.4742630291727262,-0.05654945874220068,-0.0398745515714857,-0.7345757724569444,-0.12226393307243183,-0.06597642100019886,-0.8787989639173476,-0.16731495269942795,-0.10308268759298586,-0.9999982734850639,-0.18997600562002692,-0.0955758865967722,-0.4159866195197571,-0.08990112209601399,-0.12338747467889702,-0.5238487291832693,-0.20553807031127386,-0.06280370636531213,-0.3850379230778196,-0.23079435502467152,-0.033015198204256,-0.29314903539247344,-0.21408996950777365,-0.18329801683197758,-0.3344420236474369,-0.12416040458044075,-0.19591529593025875,-0.40661131234863096,-0.2148953942553214,-0.13763667374863614,-0.306966328287398,-0.2153295000952507,-0.10412787583804277,-0.23561032395588694,-0.19579381112364697
31,v,0.0,0.0,0.0,0.14947953145280912,-0.1026123175670348,-0.03985068085776165,0.1837700488920103,-0.30226880803283074,-0.04674486467168972,0.03239060731088126,-0.4127485443029895,-0.06301311212790629,-0.11639439278434603,-0.43613277519241617,-0.08163467924831226,0.13234336060733995,-0.4852150851084135,-0.01373011645687838,0.15639247209450957,-0.7052995251966497,-0.05028351324606231,0.15616485644518147,-0.8370831230130202,-0.07226529041685288,0.15578396144414391,-0.9484746620278287,-0.09078737253726274,0.0012608692464252402,-0.4749187331155506,-0.045592693938204885,-0.03321362529443156,-0.7243839771133964,-0.10412303211262128,-0.0620653641630177,-0.8706343397976511,-0.1460245603776674,-0.09773443253670519,-0.9999985947536656,-0.16807805637080836,-0.10516035645138078,-0.4216304545404877,-0.08489393327759998,-0.14041552869584847,-0.5425964249293702,-0.19807656350392566,-0.08732211591955717,-0.39131447906703337,-0.224281825478277,-0.052583151677595134,-0.2932408217355614,-0.20793345186914838,-0.19587093021441765,-0.34349601184936607,-0.12567289445444532,-0.2193982846515129,-0.43348238255518007,-0.21728338762441404,-0.1633840835728729,-0.33605894795994873,-0.2230250185534681,-0.12256757209582907,-0.2635125008695352,-0.20850862635449743
31,v,0.0,0.0,0.0,0.14223194633577907,-0.13483706747219934,-0.0540978014165166,0.18315122009581913,-0.31608836565721043,-0.07620243923583675,0.04507552063271077,-0.41280252960683705,-0.10460027026421416,-0.09642841545574471,-0.42000526981177627,-0.13383568945413787,0.09148155303192652,-0.5034881009187169,-0.04624394741927794,0.13873812320166407,-0.7315650360988111,-0.10155405641990911,0.16140362814986964,-0.8732984504378305,-0.13604280590189372,0.17295892757304165,-0.9873516749923503,-0.15733984461815104,-0.04327233882233536,-0.4782335685368988,-0.07059826770319491,-0.10764937274444768,-0.7297472463842101,-0.14117764261369622,-0.14958836765558126,-0.8837407915252856,-0.19017725810032954,-0.1938935449307637,-0.9999974991840358,-0.2136379808348149,-0.15166835434500658,-0.4071817658054288,-0.10125125916025371,-0.14523401971438207,-0.513146608696272,-0.21189695714752177,-0.07285200333690145,-0.4059705022366836,-0.23731340622286057,-0.03375648170135036,-0.3236850720954986,-0.21881946408772548,-0.23710998616039913,-0.30806087510451496,-0.13380643638062492,-0.21444731335689038,-0.4071167755376497,-0.2075278708743807,-0.1472108567127452,-0.3378960288827814,-0.19472426641103438,-0.11403630621646267,-0.2695525017826837,-0.1647836338753432
31,v,0.0,0.0,0.0,0.1383340297849297,-0.1271425816908499,-0.05975437405305364,0.178138382045971,-0.30141297989041477,-0.08738624545340595,0.043144027730373596,-0.3927966175559282,-0.12127002926935589,-0.09267244248219313,-0.4028934529838131,-0.15621634605075868,0.1562135843974067,-0.49314142587815896,-0.03819874334369317,0.22752530332531906,-0.7005400467926436,-0.09232720081610182,0.2570999996659278,-0.8369817149580046,-0.12682991532435342,0.27910855352061353,-0.9459303671640912,-0.14846859756021655,0.015761695514888957,-0.48674671388061325,-0.05989644572418669,-0.021409209642045377,-0.7335715451314606,-0.12543978119223048,-0.04560591503160652,-0.8834102414854332,-0.17272188381880452,-0.06991214776763419,-0.9999972284103326,-0.19441191216081186,-0.103030541105307,-0.4234624573707623,-0.08909293302777224,-0.1214896159763128,-0.5154697235927028,-0.19796878382737926,-0.07899432714424094,-0.39085271365566937,-0.22469894925249703,-0.05542034171321008,-0.30411548043467707,-0.20493176185950499,-0.20121577742650654,-0.32825692655215216,-0.12068449987473703,-0.2092276284807051,-0.41066592979211425,-0.19378188211920294,-0.16930218489996554,-0.3313215446581862,-0.1822176404380643,-0.14718443409804846,-0.2654386155637324,-0.15197207877537194
31,v,0.0,0.0,0.0,-0.20004068466559727,-0.14467028299804174,-0.19467738897414327,-0.2706081992681755,-0.3404507182973356,-0.2913050103910984,-0.10198820423777444,-0.47838104784686053,-0.39735681090321806,0.18915322414297162,-0.5653465373828508,-0.49540572898778057,-0.021212579716301513,-0.52651762219148,-0.06748092325411484,-0.12938364172196037,-0.7427556944622932,-0.2525747055587687,-0.18163570119797515,-0.889424804349035,-0.39044617815123994,-0.2004386492983925,-0.9962401402910539,-0.47192303624218573,0.2794986336470458,-0.4990996362488552,-0.08123042809335605,0.4545942249387449,-0.735794562558603,-0.2534726509401436,0.5166419454480424,-0.8884725625929123,-0.35888788811428535,0.5570360994627149,-0.9999986864570913,-0.40530850911305144,0.5145624765031199,-0.42678532075658693,-0.12967395115780125,0.48452847791528797,-0.5992252047210355,-0.3917854234839724,0.2512232582309327,-0.4898954024900432,-0.4301416431273397,0.12613435405563111,-0.3819852136216013,-0.3790660181530722,0.6942477751927577,-0.3205476324755485,-0.1926655066845936,0.5439990192355789,-0.46405455594600725,-0.39304132564306515,0.3131745997390556,-0.39767158112879347,-0.3784670355791592,0.18032886927424865,-0.3095696649461333,-0.31811878768480745
31,v,0.0,0.0,0.0,0.1291383079466349,-0.1239027247152255,-0.05729182858894984,0.1562810488876192,-0.3065943610201364,-0.08389559605026499,0.006419642750250127,-0.3905723701876795,-0.116601829711629,-0.13739601252059724,-0.39614139861939235,-0.14870999231869667,0.10535867445558622,-0.5089994366115731,-0.04614365148545529,0.15740628933124193,-0.7292491090542002,-0.10544621453160628,0.18196277335885286,-0.8720919873118267,-0.14044436979230113,0.1937009493183839,-0.9860294033218483,-0.16163281050352457,-0.033757487523484356,-0.48709118204278673,-0.07109053170024304,-0.08606738885809585,-0.729870411243828,-0.14468866651129525,-0.12320717886771751,-0.8804173543884,-0.19387556973274395,-0.16911882620670363,-0.9999976997195109,-0.21505064247232694,-0.14479309393571715,-0.4144545600150057,-0.10316114830234747,-0.1434827585001497,-0.4943776177849441,-0.2174714450290119,-0.07530445784501152,-0.38097046464999385,-0.24253666606966803,-0.04692199178020163,-0.30334614957260797,-0.22117939473199572,-0.2347757217493498,-0.3133087846834837,-0.13759254441154997,-0.2102241735881907,-0.3777965654140462,-0.21151795030523451,-0.150680485753575,-0.30703365313435194,-0.19889054715523546,-0.12590380723925054,-0.25268962639196824,-0.16843643966993418
31,v,0.0,0.0,0.0,-0.2939053646197887,-0.11115520173572992,-0.11919584489816365,-0.4312763248766838,-0.283298098288893,-0.20474444079226117,-0.37380850021265355,-0.425822514943715,-0.30288818572168763,-0.23701703869640733,-0.5089350240408632,-0.38624165664872084,-0.15820500039969257,-0.5094872788800638,-0.13758729114293516,-0.20079078102714396,-0.7377902090003583,-0.3143262653056675,-0.23363322039546688,-0.8854508555246531,-0.41659693738330283,-0.23999597070813414,-0.9999985936097868,-0.4737816350407453,0.09275039550082519,-0.48761922789307377,-0.19600904005932418,0.07604376451372374,-0.7174319312042341,-0.39555965773570234,0.08049105898611529,-0.8749318594344492,-0.5099813613413676,0.11012169385587176,-0.9995809655574344,-0.5484505884600077,0.2885634642512299,-0.4103937486756141,-0.26666500870897264,-0.0773814819885211,-0.4757815431453918,-0.5078008432968489,-0.31768970972094523,-0.3626351894370549,-0.5063108114561093,-0.4281168705825923,-0.26694773370534397,-0.4253300328630404,0.3763409675501874,-0.30339554716392236,-0.3498641114990313,-0.043586637739266354,-0.3161819903011116,-0.522433961901581,-0.2139712128929676,-0.24438877737762946,-0.4918637477414206,-0.2552209945070976,-0.177510783412334,-0.41232509363623715
31,v,0.0,0.0,0.0,-0.25020778963276935,-0.09722659223576516,-0.11426756469681311,-0.3835987903739052,-0.24792546781507246,-0.1965896576952377,-0.3286403931642847,-0.36565281864780047,-0.29573645755976324,-0.20076445109696522,-0.44828667063335903,-0.3852398448647564,-0.29042936544541453,-0.5016659905274196,-0.08166468618382164,-0.38239453550535835,-0.7119848150445297,-0.21878386793044946,-0.4206910847177805,-0.8438792506481451,-0.3037783652698823,-0.43370482898527885,-0.9536109721633657,-0.35054625964934627,-0.06749305031423937,-0.4923243431808697,-0.12731517393043387,0.02453730802633392,-0.7327628779993294,-0.271492232464494,0.08382428026931815,-0.8829821337522212,-0.3459788506969951,0.14343174461438654,-0.9999986354611793,-0.3702181551547371,0.13011869545266924,-0.43422015393358626,-0.1920291010356414,0.046371884724585734,-0.5649192812823406,-0.4043934061063273,-0.08534313060820169,-0.43585868556373153,-0.4110476533673386,-0.14527515369793872,-0.3214294631998817,-0.3447525546256402,0.3021850124965473,-0.3435044191413031,-0.26489379987295486,0.18904475316627942,-0.4459379405422573,-0.41175459851422747,0.053753817009666846,-0.35595647873503083,-0.37133200855863063,-0.012264546704156618,-0.26315382430123585,-0.2966158893518735
31,v,0.0,0.0,0.0,0.1329403012178638,-0.1392874633845545,-0.046887111982230605,0.16105166396389095,-0.3365821032805013,-0.07152060459152094,-0.010314600264504243,-0.41764239496550926,-0.10338664423077315,-0.16741551730779236,-0.399484172728325,-0.13599923781465253,0.05462310873838574,-0.47945105549310374,-0.04327318138864093,0.0774147744066763,-0.7125731704589022,-0.09904412494015857,0.07814179830583769,-0.8558607702310519,-0.13284776056998018,0.07956574726001002,-0.9755760497679906,-0.1550714986727069,-0.07876580207024776,-0.4459931803354605,-0.07512049475837908,-0.1343926388545871,-0.7119536131146508,-0.14243931306104177,-0.15600429301925198,-0.8672567398781251,-0.1910658513114336,-0.1795179889148335,-0.9999977046599562,-0.21587812421433122,-0.1755633428257839,-0.37420223814536835,-0.11172193766329722,-0.20469102040713671,-0.5092793520785224,-0.2232191296929307,-0.12408494764294468,-0.38771798729820117,-0.24011222568368426,-0.07735416627959152,-0.3029337845271424,-0.21564136944250234,-0.25591624326679224,-0.27700280941395966,-0.14981644570342978,-0.26999839794136543,-0.38220989881866835,-0.22668412231282362,-0.18696758965499852,-0.30741399747893733,-0.2109588101702596,-0.1350661004924535,-0.24355546885176904,-0.17951861787088835
31,v,0.0,0.0,0.0,-0.2610909368738504,-0.11179437784401373,-0.15363597393985742,-0.3690301818993995,-0.28858864088260083,-0.23283370505011441,-0.20197989884476264,-0.42222175578406085,-0.3258896164558117,0.020772161333635523,-0.5295143095250716,-0.4050037344250416,-0.21951284605191532,-0.5114948752510144,-0.037904301719613356,-0.34384221188898456,-0.7146125819522948,-0.20631070637665047,-0.4179069792474454,-0.8370513201622211,-0.3200542614708134,-0.46891642229886094,-0.9379195602852173,-0.38334484780424466,0.05884630036493058,-0.4935429772862852,-0.08181032117563786,0.19627981099544015,-0.7281477375585489,-0.24537734905055786,0.2544138678401079,-0.8808316548772651,-0.34332421585767575,0.30900172379740165,-0.9999986946183762,-0.3823405953336271,0.2713996386701305,-0.4193856976331343,-0.15781791480354637,0.2626687033260997,-0.5715251229095959,-0.4203321035348458,0.08613159178789152,-0.4423495989408014,-0.4375657279516936,0.012613339448692886,-0.33542343745857567,-0.365074525477851,0.437331371053225,-0.3116073959898949,-0.2447037755138618,0.33783770490343434,-0.43799568557977125,-0.44767143178594987,0.14990843176780333,-0.35694448931903333,-0.41789892903564757,0.06070588307568902,-0.2741571897518037,-0.34017907016204263
31,v,0.0,0.0,0.0,0.13122528091103614,-0.1415702750372295,-0.052338843296064745,0.15951491937162837,-0.3434115650380528,-0.07407303202779161,0.012754779147504346,-0.4266722427429172,-0.10263242443057419,-0.14259992655121592,-0.39920227855204665,-0.13283077543312752,0.1090871621035435,-0.49837089298653037,-0.02704118823113637,0.15201011935406644,-0.7083536174845153,-0.07823791443786138,0.16899066419512365,-0.8429050627254003,-0.11235909016396203,0.18349389067913163,-0.9493158475384639,-0.13418940956390618,-0.034063274954167784,-0.48376522829662727,-0.05392694638528542,-0.08636527198936983,-0.7324704377357539,-0.11745072217008003,-0.12339815886784718,-0.8840133461285302,-0.1667379480513161,-0.1578691631748615,-0.9999971709828693,-0.18969091430771767,-0.15050781880119296,-0.41733552722108525,-0.08725843104081783,-0.18143939339415138,-0.5338883689080053,-0.19644776787750462,-0.1206534894401039,-0.41585223886198075,-0.22683475483142787,-0.0818402012497861,-0.32104369799100124,-0.2101703140590555,-0.24921546130914882,-0.318225340504038,-0.12217532609404763,-0.25749095074242007,-0.3967079293163219,-0.20627612355417244,-0.1905056383279081,-0.30903237571558145,-0.201978503571752,-0.14611465306006421,-0.22977774850709912,-0.17547933108211855
31,v,0.0,0.0,0.0,0.15025644844935382,-0.06231291415329626,-0.09197936383538936,0.24021246607928554,-0.2180825492788527,-0.14691963557347826,0.083364916239077,-0.3094575100186115,-0.20018045346341307,-0.0723335744010632,-0.3504075569794693,-0.2544315944857199,0.1474669432987816,-0.477081317531441,-0.11818235528213146,0.23475358036991126,-0.6798185052020703,-0.20717238126417845,0.2932087297293076,-0.8098089589414207,-0.26411226584416614,0.329717796255788,-0.933288864184251,-0.30276452916100977,-0.0016437582742429265,-0.475298723560051,-0.14089517058566253,-0.008083232760320006,-0.7116601904428611,-0.24753713357285015,-0.004751916016008309,-0.8462035388739846,-0.31193744595650147,-0.025337197591963387,-0.9999988176261525,-0.34391624025759665,-0.1301071250574352,-0.41292266383079346,-0.17073356066720638,-0.06905254155010909,-0.4705284840510182,-0.31086203310339694,-0.017084912989749186,-0.31233380509864395,-0.32083547511913924,-0.011484249253097928,-0.25679966718975705,-0.28923224195007285,-0.244252725816212,-0.31704963792838864,-0.20593818829651941,-0.1742160012657684,-0.3581941958151987,-0.2907469076922096,-0.11623347469520073,-0.2643701592827707,-0.26257429050465303,-0.11114565733831563,-0.23248770427000037,-0.2229879342746562
31,v,0.0,0.0,0.0,-0.22658652006234126,-0.14060471177094294,-0.14615792597054747,-0.2923852816787118,-0.33786376712358274,-0.2301272327641053,-0.07231527564730038,-0.46497851201594775,-0.3266036152447192,0.23181909982786872,-0.49349913576496407,-0.4149436931733885,-0.06821998484742983,-0.509913215367626,-0.08847217257467484,-0.10182638742911611,-0.7403211508610641,-0.2647011091321597,-0.11393822310127708,-0.8849048176806865,-0.36650339288306083,-0.10416177899892876,-0.9999986944548319,-0.4167119576832143,0.2206277561964026,-0.4763353714619847,-0.1290507051225575,0.40726609672258224,-0.7121877812028854,-0.3016963838185244,0.49986320716272786,-0.8705743152726838,-0.3870090669991843,0.5916778721324882,-0.9900550614819592,-0.4054799938095263,0.4462870530859567,-0.39272397219059024,-0.19521841448497124,0.32469627205298857,-0.5124995264221982,-0.46682204563177426,0.10175565217972972,-0.397947330694234,-0.4987344985145962,0.01218474978511482,-0.2908145544962428,-0.4258348983484373,0.6018046852781394,-0.28228002371906735,-0.26943640219669296,0.4380558512439937,-0.3968014040908633,-0.47015387820091886,0.22457523444818794,-0.31731490481889,-0.4415744251355812,0.129163499178223,-0.22544856965595855,-0.3590291515893994
31,v,0.0,0.0,0.0,-0.2308554598798975,-0.0725285142048962,-0.10571682675593096,-0.3865117721244673,-0.2315923360938045,-0.16888662178612746,-0.3549450701586019,-0.38479720137210394,-0.2385449097275497,-0.2270138790976548,-0.490625424539878,-0.297869979571555,-0.31628922243084406,-0.44562279716809694,-0.06914664065824784,-0.4446682913284658,-0.6471093193220282,-0.19136008650023975,-0.5128427381193078,-0.7721988295716329,-0.2586703035960822,-0.5547825726522554,-0.8709563022527311,-0.2931749030856418,-0.13558862382178885,-0.46239986173761444,-0.09670763829506131,-0.16990351435390955,-0.713898753475967,-0.2261966203323477,-0.21052646841629044,-0.8749459055947896,-0.28966218393850596,-0.2232639059666017,-0.9999986252939612,-0.305332828012484,0.03839589667820596,-0.42107719073665256,-0.14161791032350868,-0.07949446488310026,-0.5345063907872097,-0.32495136854618106,-0.16645958288403098,-0.3932983586269522,-0.3334175174209124,-0.17481591319480272,-0.28061340928816164,-0.27797094181788046,0.19584691588521375,-0.34355802607468605,-0.19347867731172932,0.027541946850676097,-0.4008512373959175,-0.329137830011659,-0.04319816968439534,-0.30264365643855223,-0.3123956509139608,-0.036461238134165255,-0.21849260585142277,-0.2593250975518683
31,v,0.0,0.0,0.0,0.10689510143684859,-0.13550481115132335,-0.06166437326971114,0.14301549291276708,-0.3265904254625226,-0.0974242401065129,0.003576477069839177,-0.40986395254444385,-0.1393294265009499,-0.13693495881547088,-0.36881129340620333,-0.18351402765589603,-0.031085469644312438,-0.4963383572233109,-0.06638994770662722,-0.026278377589687752,-0.7128200899368058,-0.13826920254396657,-0.017740500287191867,-0.8681939315796859,-0.1901410698837223,-0.015055290980110148,-0.9999975622771814,-0.22297316788924065,-0.16277682007384722,-0.44442571518255675,-0.09702936119259069,-0.25005000931837434,-0.6779860358432954,-0.1792868989653154,-0.28962330055206403,-0.8395641705200432,-0.23803092896259614,-0.3284195295106922,-0.9663469371224906,-0.26757658606764834,-0.2616973707677387,-0.34999426836285397,-0.13185579613818615,-0.26841776799027833,-0.4684759233653509,-0.2632237913832114,-0.15911577863525606,-0.36490818282956944,-0.283578830883238,-0.09933229344294818,-0.268422272277961,-0.25569636384256034,-0.33680702172442806,-0.22212545988027438,-0.16846990658274089,-0.3156694167268891,-0.336228366056808,-0.26943280665416564,-0.20510295757965993,-0.2584532665389996,-0.25313605770642095,-0.14259870100251767,-0.16643575466819976,-0.21283374387880155
31,v,0.0,0.0,0.0,-0.18633293661855144,-0.0739679018895907,-0.06975441032661324,-0.3290494390037146,-0.22129332197752646,-0.12304635222647,-0.3373469525637545,-0.37482758580616754,-0.18881894370195543,-0.2448683629849722,-0.47985961569392077,-0.24896395673450777,-0.27461801550711407,-0.43429984109149433,-0.031216626091145123,-0.40685189624183865,-0.6328040351669217,-0.13565195992771498,-0.4934477512857257,-0.7519662038911697,-0.19319132302341444,-0.5602699805157051,-0.8463596139844378,-0.21886612257125795,-0.14281441075182247,-0.46019150074103765,-0.0637741454496403,-0.1853947216095125,-0.7212148702329954,-0.17317861766294948,-0.23765346982417912,-0.8780035896881911,-0.2238597642913692,-0.2712181884275314,-0.9999985906222087,-0.2302618205960526,-0.007434231423639524,-0.4400800889620186,-0.11110076494418394,-0.16142548496882012,-0.5468315006555206,-0.2654994659843362,-0.21647544068653837,-0.4038734825653848,-0.27658457481253607,-0.20173517017518566,-0.2906958629967022,-0.22797109663780124,0.11879330073797509,-0.3884388229001873,-0.1627817970918732,-0.062294670817734016,-0.4632531638309273,-0.26929825600716806,-0.1109878911778411,-0.3486357746387574,-0.24939643785733398,-0.08834153055942928,-0.25002327419190823,-0.19905108206428887
31,v,0.0,0.0,0.0,-0.25321349836716833,-0.1140466907766774,-0.11839168642885423,-0.3840210541989731,-0.2826441177778511,-0.20675591883730346,-0.26838718113108445,-0.41848067189883764,-0.3079357247814792,-0.05570994123584664,-0.4888186651456054,-0.4006152244773846,-0.20571929837434796,-0.49077822028632195,-0.08984264284191583,-0.3112770985119553,-0.7035351533156666,-0.25585421822894505,-0.36324888946763223,-0.8326858543085424,-0.3483056808157666,-0.3952218691827095,-0.9381775185759812,-0.39437994406903193,0.02617180682767062,-0.4797323903720715,-0.13721111394786495,0.10924663341417538,-0.7286340893606026,-0.3098725862412555,0.10532885921092752,-0.8792633867770477,-0.3874398824179738,0.11746052772559266,-0.9999986814310408,-0.3989905534041527,0.22891821335064433,-0.41572497134539665,-0.20465601654251261,0.06014788211373583,-0.5387620536376095,-0.44266899269280874,-0.10409204377558255,-0.40974067715377993,-0.4473021188749922,-0.13269177974072502,-0.3037677496647402,-0.3676148792307048,0.3921198493043751,-0.31753627114197314,-0.2796865128578719,0.1622881514392099,-0.39923430845502217,-0.4460217237129586,0.03248902026591129,-0.30289591935246457,-0.40968833495115237,0.03158370940617064,-0.21748869321873143,-0.329081028642461
31,v,0.0,0.0,0.0,-0.317712207201516,-0.07405934978611813,-0.13329468899129063,-0.5227748780446594,-0.22566126578219434,-0.22309748344201208,-0.5653671715456899,-0.3707792047051261,-0.31938009869039846,-0.5011909999527787,-0.46366126072653285,-0.4001765719959095,-0.26276512141169917,-0.4867133928897818,-0.1544533274164342,-0.3594750251950168,-0.7066191420504818,-0.3369805555314334,-0.4401065353413547,-0.8607461066246404,-0.45272809767751304,-0.4979641847486613,-0.9778622224774892,-0.5258457173946995,-0.02167393462987638,-0.4855149806134896,-0.21034916796613395,-0.12320436866906996,-0.7134502793504397,-0.42036698555941676,-0.20535250959179413,-0.8779598308131695,-0.5554061320617845,-0.2518454734842641,-0.9999984286032343,-0.6108756675332861,0.17749342824184172,-0.4175589633135013,-0.27482426357465967,-0.2448982414585178,-0.48441482034796957,-0.5045509755823745,-0.4482215988221186,-0.3588621443251521,-0.4860320638150932,-0.4989135014838203,-0.2572882976958795,-0.4001043113416571,0.2849348587289185,-0.30389871442105526,-0.35502281860203233,-0.18760439374696278,-0.3097947716928487,-0.5373345526142821,-0.3322249377192693,-0.22108032431903082,-0.4981540578457532,-0.3355822716812619,-0.14294000374038987,-0.40841587884396546
31,v,0.0,0.0,0.0,-0.2409499265521839,-0.11681485934207622,-0.16366249157982712,-0.3743204450721393,-0.2848621330324336,-0.2418191982553509,-0.22116618660188,-0.4184612969709452,-0.32657451589414527,0.0038024374456684887,-0.5212854366496928,-0.4015178619568371,-0.27988729862392486,-0.4955340435479537,-0.05258238522633818,-0.4328519722565945,-0.6874334620322796,-0.20848344576028988,-0.5211153241492024,-0.8124951652205306,-0.315041811751475,-0.567291537537525,-0.9175760483165285,-0.3772255032563074,-0.019052136427867135,-0.5014839243282271,-0.07693648842830932,0.01677866380037098,-0.7409427489399313,-0.22583534580180967,0.01248879975779386,-0.8895415623255122,-0.30731351546953684,0.03588172193517578,-0.9999987036047399,-0.3371247363140755,0.20606925274049437,-0.4464586541604691,-0.13247967833197488,0.1613019633938225,-0.5840937304118907,-0.37169230730860053,0.016008424688451952,-0.4524344980568746,-0.39085049842959657,-0.02614887604633297,-0.3425300775207806,-0.329742441053746,0.3930451062435545,-0.3498952572149694,-0.20016528061593078,0.2929612343844281,-0.4670069924266276,-0.38738874961198294,0.13263002881193775,-0.374825103141957,-0.36318482777577815,0.07370789581781649,-0.28350857379051086,-0.2957245385907856
31,v,0.0,0.0,0.0,0.1445466510559912,-0.12641498452883498,-0.05485444675396847,0.19226901006286848,-0.3164539139325384,-0.0769373986030647,0.05628732128102913,-0.41609118358552327,-0.10606801412150932,-0.09542942359084305,-0.421972444579073,-0.13667481380271976,0.15086777623472797,-0.4926941124530289,-0.028767926046788652,0.2092871742471037,-0.7093119292347327,-0.07819512991735242,0.23514380600012624,-0.8484648610688675,-0.10977934682309907,0.2565935933057505,-0.9568945441344984,-0.12896837918003184,0.007920204088172558,-0.4803603138648881,-0.05340681146860659,-0.02585705897153965,-0.7380038393982179,-0.11727770466704251,-0.048267746165783436,-0.8894223857451673,-0.16508844450464102,-0.06851217914731414,-0.999997132985064,-0.1858668579106718,-0.1109247246490898,-0.41785884292179937,-0.08506983417006038,-0.11423242129574103,-0.5192142145630789,-0.19872654113241395,-0.06476085879252555,-0.3936827179275683,-0.22961691778480015,-0.03792179533762254,-0.3000819604772406,-0.21109938749301596,-0.2130786531424979,-0.3271925640216006,-0.1179270447716175,-0.20051723252845616,-0.40962130091913873,-0.2009173176880075,-0.1502650563508295,-0.31733287330958176,-0.19240488193053082,-0.12331465975037507,-0.23830915343688594,-0.16245529385507257
31,v,0.0,0.0,0.0,-0.22368539294498205,-0.12225192589967374,-0.24330286973445708,-0.2894591302241609,-0.31279458272968785,-0.32534516112414735,-0.07346264880724503,-0.4547082064236479,-0.3933278495593063,0.19920614028761216,-0.5553953902640388,-0.4467911541844077,-0.2396436584938278,-0.5357257391851531,-0.1035207631339183,-0.36209231772505246,-0.7484298553439828,-0.26816264655707356,-0.4165775826004243,-0.8871097324330157,-0.3647296055361733,-0.4411796693199416,-0.999998764500244,-0.40799227035101804,0.09287190345702206,-0.5224110570673438,-0.07945311136495224,0.22075298745654615,-0.7446428767894857,-0.2538259857786128,0.2881999338041015,-0.8862490102996948,-0.3353587146425062,0.37298909086233534,-0.9918205418655001,-0.34359051148601055,0.35485803214582756,-0.45145892145714217,-0.09285633821026425,0.375971204379518,-0.517500787525457,-0.3918961110483527,0.17141773210466832,-0.3715588988233872,-0.4271803426832532,0.08362797750671051,-0.26685994567627797,-0.3433968342777085,0.560732780645527,-0.3476131053663747,-0.11855282082416459,0.5320561820407844,-0.4184389457627976,-0.3457714420420822,0.349929867713592,-0.3131510077061828,-0.32232526950511725,0.2686232919701152,-0.2315569354527398,-0.23354225644089496
31,v,0.0,0.0,0.0,-0.22073283003473715,-0.12176862133732735,-0.16276306228428064,-0.3025741670366101,-0.31665313817514723,-0.2571237121184519,-0.16106939971781956,-0.44560647100838036,-0.368695952010245,0.09376365063377545,-0.5328903630619929,-0.46769173759035293,-0.044851178193466755,-0.5047618978247271,-0.07094161774958137,-0.11209512058113819,-0.734727578566258,-0.26558746565217756,-0.16582558348240528,-0.8720997758389923,-0.3950612227547717,-0.19136189172167206,-0.9783435455394336,-0.4660827428811282,0.23302229921489964,-0.48124001245108355,-0.10862727027580804,0.43534430108891864,-0.721119249572728,-0.2896263878127849,0.5095502923868456,-0.8777777113927512,-0.39622647707978237,0.5742800493011728,-0.9999986705842367,-0.4390035255541429,0.45369241130068944,-0.4119848167719619,-0.17735868391792914,0.40344150692649505,-0.575751207153551,-0.43819492756294426,0.16667423696721465,-0.46208619648454696,-0.46515643482908137,0.057269094366988335,-0.3579010255897644,-0.40472077738459983,0.6260736646646998,-0.30834156382140077,-0.25931658201001256,0.44022037399659647,-0.4292309452831497,-0.4580347582395403,0.20795366164485274,-0.3543703576791527,-0.4390261087701252,0.09917680788506093,-0.26890128455762125,-0.37340411672611046
31,v,0.0,0.0,0.0,-0.2844173672968509,-0.08547162375230101,-0.13803239852693158,-0.47414753065272186,-0.24834701175326995,-0.22261066448997335,-0.42947050709477164,-0.4033794492983293,-0.3118465250765787,-0.28781533310770824,-0.5110006966937239,-0.3879276806183094,-0.4128237736175037,-0.47232236115286086,-0.10905020378854387,-0.550138293705892,-0.6750219909319757,-0.26198372733685,-0.6239607916821824,-0.7998479969666835,-0.3472171635827977,-0.6688231775741108,-0.9047750780960497,-0.39024506031135475,-0.17950051305487655,-0.480740079175175,-0.13768300392955365,-0.1718084916628958,-0.7153589791529881,-0.29175545427687205,-0.1768459347400426,-0.8689168067535032,-0.366084409985032,-0.1577577380852042,-0.9999986163008162,-0.3840586594256873,0.0387468721813685,-0.43018725519863704,-0.1868611775383133,-0.08542741720680054,-0.5193434450334635,-0.4036038907295758,-0.20308581849050658,-0.37832827625737714,-0.40791922483446624,-0.2290591021321454,-0.2658428243087606,-0.3365250146707393,0.2291822371553398,-0.3429139672924968,-0.24646333292723802,0.05099356983316949,-0.3754249124117556,-0.40243159252483,-0.051769906051072394,-0.28092344194179625,-0.3761900592763996,-0.06008007680597486,-0.20382013374771454,-0.30738630319406146
31,v,0.0,0.0,0.0,-0.3501857119522359,-0.1525167655288457,-0.053091049215479295,-0.6153906432382578,-0.4737139308372905,-0.09499792088574685,-0.6160445208794205,-0.7552895475537184,-0.16915888512976682,-0.33833561516315025,-0.8937829559966255,-0.2357624489377415,-0.15044331806088276,-0.7101192345708807,-0.006330558160342161,-0.14851095550849622,-0.970761614382675,-0.2338760641806698,-0.36196975613396787,-0.9327976840337643,-0.3671537558402268,-0.5334298050489101,-0.8365166405701356,-0.40820501959416033,0.10198600284360344,-0.708975013456304,-0.06626117282521751,-0.02581897126686715,-0.9999971028003637,-0.3053196004137574,-0.28137236464098914,-0.8659728224053354,-0.3775363622834518,-0.4076809234076076,-0.6885758960668208,-0.3461064378800822,0.3397127904406554,-0.668778764008671,-0.1522588506502972,0.09125456955892887,-0.8532314903050016,-0.4068636336052148,-0.1467458398847948,-0.6405332876117896,-0.40857215121045826,-0.22396893608969193,-0.42294011182564223,-0.30728712626594107,0.5795992824399793,-0.6050030288849327,-0.23938672960025548,0.34697305127979633,-0.7985806854431629,-0.38339704176455386,0.07476775242016899,-0.7899670800711307,-0.36536619096435285,-0.11506951335301267,-0.7252565926242407,-0.2947190851237234
31,v,0.0,0.0,0.0,0.1259234433697917,-0.09746192951973695,-0.07861211803126214,0.1565229984196021,-0.27846738318328934,-0.11998525805484772,-0.008177069851696974,-0.38618164019620066,-0.16285148881709957,-0.15261786109469436,-0.42331887795890444,-0.20557223307372924,0.08365310755704912,-0.4873520030738217,-0.07604527449914635,0.10766502078106749,-0.7183975858608632,-0.14781450532898768,0.11786310542175922,-0.8773142844132696,-0.19191381053049902,0.11807306220812089,-0.9999982032693927,-0.22102384239351544,-0.058175057687028284,-0.4568929546823671,-0.09713031595904152,-0.14055969640650495,-0.7172901856316498,-0.18884195426148612,-0.18601117739439768,-0.8697512618575691,-0.2454168611869632,-0.2379738086831353,-0.9896126514751554,-0.2689778037262741,-0.16287291947185353,-0.3663615803421228,-0.1255292336644248,-0.1737085852028815,-0.47658064698329883,-0.26893630499905397,-0.08990774217692855,-0.3543783543232813,-0.29450945388783994,-0.048525211392973625,-0.2615627829433491,-0.26867333693534007,-0.24757498098616657,-0.24737717931087455,-0.15611534848129036,-0.2372450642597767,-0.3287399587259562,-0.27154737814237473,-0.16493096183487763,-0.24409133686295378,-0.26850228185907576,-0.126813898962447,-0.17573399082494984,-0.23740830294115253
31,v,0.0,0.0,0.0,-0.18784435425296492,-0.06431234337635552,-0.0903550017836129,-0.3225108699118876,-0.21348387278548506,-0.15707183451463042,-0.3052389933265611,-0.3514308872502324,-0.23256542189507076,-0.17081864307417732,-0.4259953055081047,-0.29932187148411815,-0.20956211350851725,-0.45947421368804353,-0.076505297108973,-0.31903874855461256,-0.668314140157686,-0.20005300815261298,-0.39482082263339024,-0.7936961488882673,-0.26806390211963155,-0.46157731351150283,-0.8944295353613246,-0.3016083773350591,-0.04825056671300849,-0.4655346226735813,-0.10842652369407162,-0.05445664352046326,-0.7153122856569166,-0.23626060742692248,-0.08063721396296082,-0.8701277825402872,-0.3000218243613993,-0.09305568480484126,-0.9999986145688704,-0.3144253702339528,0.09854370347993817,-0.4185733483095468,-0.15450111538359718,-0.0788817267791612,-0.5032109359295577,-0.32559792288981954,-0.16877805489538425,-0.37351467406850986,-0.3383703029537979,-0.17413807746845658,-0.27516511177299735,-0.28832188647612617,0.2114632685142339,-0.33985508493939054,-0.20769968108835435,0.007940589146148442,-0.3663620867311159,-0.33315826039029206,-0.053355835753986745,-0.26330086405288333,-0.3217949935424087,-0.03186112002847853,-0.18070605293211955,-0.2739180722246491
31,v,0.0,0.0,0.0,-0.2925476019712638,-0.09018946396564749,-0.1270174874683265,-0.4737800067848277,-0.26084408610358867,-0.20181271163830714,-0.41199112515980524,-0.4170238348682621,-0.2811073854825899,-0.27144534326513375,-0.5203225765920944,-0.3477252256140396,-0.3741373754890932,-0.4703328437340287,-0.11753903208526237,-0.4954038799793618,-0.6849531402888316,-0.27403135626383046,-0.560098014517492,-0.8182248473669312,-0.3613914110981438,-0.6041690795951095,-0.929143342014269,-0.4049046718548934,-0.14182481534291555,-0.4766535935945297,-0.14650179983570782,-0.1291731270429542,-0.7142317743641755,-0.3030318013792677,-0.11932068968060724,-0.8703404476020284,-0.3782514715601169,-0.09021350901199161,-0.9999986325120804,-0.39529032120566915,0.07399280225687717,-0.42973437240029283,-0.19244942795179978,-0.08531019425631883,-0.5119469941270667,-0.40275781600520566,-0.2157832617115417,-0.3847373692668474,-0.40348572884037925,-0.2569335464817173,-0.2765387361498727,-0.3299207042596904,0.2626368684572802,-0.3475533760226088,-0.24892796109172238,0.05221565208047818,-0.3766634502476489,-0.40114117380456377,-0.07070490707237115,-0.2855807331874751,-0.3724238081669338,-0.0965797814432831,-0.20273144753868777,-0.30000035272716913
31,v,0.0,0.0,0.0,0.06624367616815453,-0.11452440092207175,-0.022236229100075125,0.08158214093609194,-0.28526559313284455,-0.040320969907868175,-0.01801557724845871,-0.4031999363993367,-0.07249279259561572,-0.08842380183219684,-0.45877281733713343,-0.10307717325061841,0.07699431749181382,-0.4334473907363932,-0.03357241552988738,0.15141027155410222,-0.6769338179965866,-0.09369867872304286,0.1846041677129108,-0.8280341566563303,-0.12376477808397862,0.21163585088698444,-0.9462175652934048,-0.14038700886929925,-0.0052057233253948775,-0.43716522445574113,-0.06679186376175945,-0.029361888574986065,-0.701950067821276,-0.14259768141723073,-0.05449979783539713,-0.8644497217009224,-0.18758717440104877,-0.07894601006785223,-0.9999974628879659,-0.2069099667859107,-0.06610076980798435,-0.4031374810271142,-0.10292650722631466,-0.1289476600902738,-0.5416392252189874,-0.20288841924528578,-0.09874723631196115,-0.4218692535367009,-0.21014087921800684,-0.06478179703189517,-0.33557528575385515,-0.1828926626635431,-0.11710866207439784,-0.3453695886418359,-0.13988654361285938,-0.1796148454472022,-0.45150531061008753,-0.20227518839471953,-0.15030724616671465,-0.3754065396420068,-0.1847770418072315,-0.11579921638898666,-0.3078561398143491,-0.15329781403793039
31,v,0.0,0.0,0.0,0.0728062818347968,-0.06184555865921121,-0.031685148400749034,0.10686343387952128,-0.23221760337722105,-0.039133007967938165,0.0793288010682593,-0.3422352032074799,-0.054908317473846925,0.0785304155111787,-0.4045000982036045,-0.070736188530006,0.12147378447727016,-0.4580683008884457,-0.03723579130160878,0.22256519555989487,-0.6646946869339593,-0.08058240803212172,0.28333939717186435,-0.8008217015141063,-0.09869414697854606,0.3282916219080161,-0.913416135395994,-0.11263263108193466,0.09772172657343343,-0.44810869504786194,-0.06531406810011783,0.10231137504224629,-0.6942800741166973,-0.13157129813184731,0.08927537490238258,-0.8593222033537544,-0.16700498213316495,0.07803996365513971,-0.9999988245118961,-0.1803978910951233,0.06776793998225915,-0.3863688637959026,-0.09788923666016636,0.02651722546818453,-0.45922927049624085,-0.20201986403976954,0.0037631319945608606,-0.4160178695908241,-0.23612359149468,-0.0061931107475814585,-0.40238884309245837,-0.23348066905544992,0.037738623805254855,-0.29200116230454265,-0.1306908407114999,-0.025916772267291086,-0.2921115840367023,-0.21565148292651717,-0.04636928027735008,-0.24481941349538852,-0.2300297271833956,-0.05554784153719172,-0.22056411695498038,-0.22332831563544286
31,v,0.0,0.0,0.0,-0.1744714539814267,-0.1027822206836105,-0.14153783259181085,-0.22113798264100096,-0.2997743985718693,-0.22058341605830092,-0.05114642778450465,-0.4391632498209256,-0.2996625219184717,0.15483597025712917,-0.516174973571318,-0.36656742505688794,-0.05791909963770013,-0.5204079641460078,-0.11978805307319257,-0.026502283278958545,-0.7432960719029962,-0.2690905582135373,-0.006912238077215316,-0.8863462222065799,-0.3541068465767332,0.022239930797392757,-0.9999988144138295,-0.39867147256934743,0.15935848124691218,-0.47926320530697725,-0.14415613912094957,0.31795044359157465,-0.7064684673717225,-0.29450118628811184,0.41730166715690103,-0.8594913133793383,-0.3635184860602055,0.519091448321456,-0.9794425116099925,-0.37953220860457765,0.32507135967361556,-0.38418800817984844,-0.18683662108929605,0.2686858278387339,-0.48309247849542625,-0.39942127885793605,0.03062429220563654,-0.36300454069845395,-0.3809217935307174,-0.10138680577596103,-0.2588395897336302,-0.2957531659840123,0.4287561321613685,-0.2596231392485325,-0.24104317083501536,0.2938702172975112,-0.3387553509402733,-0.4042246889568223,0.09735744055545519,-0.2608319594146506,-0.3627559598119594,-0.0013164098248878548,-0.18269466056745415,-0.2813580053062256
31,v,0.0,0.0,0.0,-0.30769011069755753,-0.12615477049877563,-0.1748891700999014,-0.42782305505294194,-0.30338581214375276,-0.26088121237260037,-0.2058383575285062,-0.42836477765879283,-0.3600519945834317,0.08844044791568458,-0.4989927292380037,-0.44691628269818384,-0.307279063222189,-0.5059838680895683,-0.06073122792420252,-0.3962042062334754,-0.7128421734865031,-0.24593919111553095,-0.43128050282785124,-0.8398752916159625,-0.36226463873618586,-0.4475068053109778,-0.9471845232777271,-0.4230950548504277,-0.006901490985588913,-0.4924326284836068,-0.1075147406454141,0.09661405529158457,-0.7300804430859446,-0.2974645345341862,0.11870958109006498,-0.8785035265406128,-0.4037595908132743,0.15811551318913067,-0.9999987000504654,-0.43223762626086515,0.25152920940010803,-0.42291268423668055,-0.1869460913556107,0.18246060380426973,-0.5416300911127987,-0.4943092042948413,0.002731974162868717,-0.41132664672643465,-0.5276976880417238,-0.04463301480139097,-0.31017867192095966,-0.4431287959560111,0.45203809040184045,-0.3213839578206568,-0.27699208451144225,0.31043824007222914,-0.4177798208991146,-0.5100286515357204,0.14819233899064424,-0.3234288124714486,-0.47898860095206963,0.11520355145520163,-0.23777558411918653,-0.3846040811138293
31,v,0.0,0.0,0.0,0.13627366252175757,-0.06395535938687766,-0.048443263355151554,0.20463221367481377,-0.20775339138577373,-0.06919388432371212,0.11469644118958874,-0.3166138686267651,-0.09871484687396931,0.02245113399201715,-0.3843304865444362,-0.12788009665617528,0.22703375992744934,-0.4498338953584445,-0.0368778716167844,0.34098766746785014,-0.6542667606212041,-0.093815840054883,0.4038089210566302,-0.796438799246298,-0.12590478045739045,0.4451222051561708,-0.9029656603727718,-0.14521277492714824,0.10812848811109721,-0.461987736286066,-0.06499134122281143,0.11262772049895155,-0.7228520189390767,-0.13661036193988033,0.09916151439976592,-0.885889666337513,-0.18829387796616132,0.07724715343720395,-0.9999976093557054,-0.2118433875101556,-0.0004333227455729229,-0.41401872310958826,-0.09942654849123572,0.0035953960921723082,-0.5116330430432474,-0.21015318300112684,0.020010505256018128,-0.4368061417709747,-0.2438125888401082,0.016756808586366002,-0.37291775433096297,-0.23322742327431703,-0.09935929538327636,-0.32996066516962386,-0.13517902359834516,-0.11414271143316113,-0.3900389188069804,-0.2158846457762502,-0.09869199830418461,-0.3341823202117445,-0.2146171660584366,-0.09753951084407483,-0.2833996303058742,-0.19230446450552635
31,v,0.0,0.0,0.0,-0.26846916017421135,-0.12389359546854702,-0.1423007659072623,-0.3894049216729396,-0.3059968797351193,-0.23733735005987805,-0.21430437551305195,-0.43915533942777246,-0.35089637573239535,0.07769144667799302,-0.4986841948115955,-0.45430994290265114,-0.17336168351159312,-0.49698789092545653,-0.05988144482945383,-0.29816494345102473,-0.7060076154823813,-0.24750019253739167,-0.36910803558884286,-0.8313597206605418,-0.3612442402965666,-0.4204867717390851,-0.9355726406103387,-0.41662179463813453,0.1052813076729835,-0.4801150859422992,-0.11286743802047305,0.23454994301691728,-0.7183521371639704,-0.3019402719236973,0.27239018652979347,-0.8755419174192375,-0.40279341403887214,0.31713053098889143,-0.999998699421593,-0.42928267753713206,0.33490458946717044,-0.41256029918823495,-0.19464841158117138,0.16858223374484382,-0.5346975898928498,-0.4803410214032407,-0.027965680446594598,-0.41842898969642184,-0.5152173843462104,-0.08014159880198761,-0.31734743338690885,-0.4413345205183228,0.5103886296095428,-0.31718394262299937,-0.2850943859390072,0.2846150165378519,-0.4170112945374003,-0.4902283753543232,0.08911913324115758,-0.32319565847941434,-0.46190641062563853,0.03393979885374636,-0.2296251422865216,-0.3793483036027083
31,v,0.0,0.0,0.0,0.11888580004614537,-0.10018792214422265,-0.030635583584990113,0.13989469112659988,-0.302487573394456,-0.0372183396801586,0.015436326814057955,-0.4254498932460852,-0.05621228458874421,-0.10934227678638958,-0.4824689216003588,-0.07755916855224962,0.11101285227246113,-0.49125017478185595,-0.00987391732167582,0.16795452932675808,-0.7110539918532935,-0.04676507739338196,0.19564367818395187,-0.8455752206325701,-0.07091957437843811,0.2134033240651743,-0.9607802925936726,-0.09185791612642843,-0.0071961647822391585,-0.47873120212410686,-0.044103341278400626,-0.049278951471141315,-0.7293078765640182,-0.10498245297828675,-0.0810488720023166,-0.8738591404792252,-0.14940902085149835,-0.12149509815312849,-0.9999986281823809,-0.17377618280730173,-0.10306030461449857,-0.4254068021941954,-0.08376106046048876,-0.15240818541532314,-0.5420026848708935,-0.19039031807856283,-0.10071744330558524,-0.3981314746152067,-0.21063773630610205,-0.0689275716991517,-0.30312519013570144,-0.19380080721389858,-0.18653445876122163,-0.3495753816720188,-0.12463504911217596,-0.2261322736133463,-0.43398200328695974,-0.20994821815083947,-0.1764688959933251,-0.3403239699547225,-0.21076512882762813,-0.1389046599002598,-0.27016233430747555,-0.1934774607913216
31,v,0.0,0.0,0.0,-0.3127135025860298,-0.11092582519999353,-0.1382006710667082,-0.43164007130665666,-0.34247453661198507,-0.18831717152916386,-0.25437801582158465,-0.5187490094256216,-0.25268622972122035,0.029092265455263968,-0.6150285364858141,-0.3102238486036126,-0.19002665102112076,-0.5146764486276071,-0.0011030876487413068,-0.17197318850171653,-0.7445029477492378,-0.11115233580034596,-0.16409579914411598,-0.8825852981012438,-0.1636746691649142,-0.15585813070218016,-0.9957423224283307,-0.1859199251259124,0.05617572730787627,-0.49405544601481116,-0.02307787190414119,0.21951645576183862,-0.7337306281065177,-0.16012263753967707,0.2404206359031357,-0.8826474539451209,-0.22665631566705174,0.23667363351042534,-0.999998603078341,-0.23275774645535943,0.27322118644715443,-0.43876238997410355,-0.07401299095423085,0.18189472661364434,-0.6067222593160085,-0.31714256837321547,0.010254673451984563,-0.47683723647310733,-0.3694362823026523,-0.04354764149190323,-0.35519362890800865,-0.31962470142460186,0.46762068634524867,-0.3637918678548472,-0.1314535876034311,0.32100525035897465,-0.514489273360312,-0.3235717224053281,0.14019777225081922,-0.4356274540359688,-0.33120477643291196,0.06762405940396322,-0.3381352843632828,-0.2839213730558984
31,v,0.0,0.0,0.0,-0.18993064587312167,-0.06906736992664171,-0.10330958610732657,-0.32763507969641975,-0.21566821831418787,-0.17522278042743336,-0.3162159232867274,-0.3597163283838335,-0.2516053528638264,-0.20100358051584788,-0.45297497613145876,-0.31814927489396033,-0.2731751360364861,-0.46123765637748054,-0.09226609165440049,-0.3982082425866822,-0.6681783988909826,-0.20901607457096286,-0.4758941210998731,-0.7900951886061818,-0.27259907518653453,-0.5324125673332432,-0.8924117440522202,-0.3046515897352117,-0.11684550306726194,-0.48157483679306207,-0.10924842765069245,-0.1525442150763646,-0.7201923677120147,-0.23426912481856002,-0.1834259044023444,-0.8720507290643732,-0.29593453353658455,-0.19645040697561383,-0.9999985641731879,-0.31357331516031267,0.02435816261781554,-0.4486143191812112,-0.14011143871671916,-0.14415085119713122,-0.5181280845438918,-0.309608560297319,-0.21453442867909514,-0.3675407434787903,-0.32627630775383915,-0.21806921983989183,-0.25727670609787484,-0.2829384441697501,0.13860004889962999,-0.3848341163640496,-0.17836819512444207,-0.04183990136862738,-0.40877378326057867,-0.3059705359128409,-0.10175886068780464,-0.28792830835909416,-0.30370931110222715,-0.09750248534009034,-0.1916063403972095,-0.265116153455967
31,v,0.0,0.0,0.0,-0.28382213663083133,-0.11486277785347704,-0.12456216652607414,-0.41566295707293627,-0.2909598462052455,-0.20886855373498922,-0.42492459100091945,-0.4272295931526591,-0.3135788277958513,-0.25905771046229953,-0.5232871375105083,-0.40230295087919293,-0.14179700039755264,-0.5059771253349955,-0.03389618204543738,-0.22608483220141537,-0.7142036618355265,-0.19608820287200737,-0.28438587661731857,-0.8370524182135634,-0.2896088407735297,-0.32460917419134727,-0.9290151098741803,-0.3356212143017711,0.10280903369720477,-0.4904945718764524,-0.08158750409773734,0.2192987188588178,-0.7196933836313226,-0.2591752792587009,0.23862962506665022,-0.8786830954376036,-0.3647070221434422,0.2595474966385472,-0.9999987162555112,-0.4002301399712939,0.27734959050433483,-0.4354782167404856,-0.1558895725091282,0.014202039217095603,-0.574383405083839,-0.38895951042536486,-0.17563926633763163,-0.4742223615925889,-0.4186336202536131,-0.216987518819205,-0.3828509560867843,-0.3625377996464052,0.36542884630961503,-0.3633398520278249,-0.24168290762301894,-0.008156496958205769,-0.4413100466434529,-0.4145992160924277,-0.17907974450287348,-0.35250862212524886,-0.41578106148927724,-0.199415358941798,-0.26816187212802406,-0.36599426989270245
